sample,scope,model,block,h,metric,n,bias,rmse,mae
full,own_coverage,INDEPENDENT_BRIDGE,administered,1,monthly_error,89,-0.29721256699976506,3.918699583394084,1.1791919273822575
full,own_coverage,INDEPENDENT_BRIDGE,administered,2,monthly_error,88,-0.3122160799070893,3.9102291303322305,1.1627839200929107
full,own_coverage,INDEPENDENT_BRIDGE,administered,3,monthly_error,87,-0.5563218390804598,4.269142151843117,1.3080459770114943
full,own_coverage,INDEPENDENT_BRIDGE,administered,4,monthly_error,86,-0.5604651162790698,4.2938368487543785,1.3209302325581396
full,own_coverage,INDEPENDENT_BRIDGE,administered,5,monthly_error,85,-0.5647058823529412,4.318966379613911,1.3341176470588234
full,own_coverage,INDEPENDENT_BRIDGE,administered,6,monthly_error,84,-0.5720238095238096,4.34459502743132,1.3494047619047618
full,own_coverage,INDEPENDENT_BRIDGE,administered,7,monthly_error,83,-0.5789156626506023,4.370688925872784,1.3656626506024097
full,own_coverage,INDEPENDENT_BRIDGE,administered,8,monthly_error,82,-0.5847560975609757,4.397244841388975,1.3810975609756098
full,own_coverage,INDEPENDENT_BRIDGE,administered,9,monthly_error,81,-0.5919753086419755,4.424305065051683,1.3981481481481484
full,own_coverage,INDEPENDENT_BRIDGE,administered,10,monthly_error,80,-0.5943750000000001,4.4516464650733445,1.410625
full,own_coverage,INDEPENDENT_BRIDGE,administered,11,monthly_error,79,-0.599367088607595,4.479676327593323,1.4259493670886074
full,own_coverage,INDEPENDENT_BRIDGE,administered,12,monthly_error,78,-0.6,4.486796870134211,1.441025641025641
full,own_coverage,INDEPENDENT_BRIDGE,alcohol_tobacco,1,monthly_error,89,-0.09375976767636351,0.9151087081548865,0.7064418990063867
full,own_coverage,INDEPENDENT_BRIDGE,alcohol_tobacco,2,monthly_error,88,-0.09243359631060977,0.9200199895222763,0.7120780245875649
full,own_coverage,INDEPENDENT_BRIDGE,alcohol_tobacco,3,monthly_error,87,-0.11944520560952458,0.8930754397827444,0.6943136752989739
full,own_coverage,INDEPENDENT_BRIDGE,alcohol_tobacco,4,monthly_error,86,-0.10434465598226232,0.8851408980988508,0.685897642761124
full,own_coverage,INDEPENDENT_BRIDGE,alcohol_tobacco,5,monthly_error,85,-0.11239077560440047,0.8881102968193634,0.6871484913594961
full,own_coverage,INDEPENDENT_BRIDGE,alcohol_tobacco,6,monthly_error,84,-0.12502719857897188,0.8873593781390918,0.6840303929916378
full,own_coverage,INDEPENDENT_BRIDGE,alcohol_tobacco,7,monthly_error,83,-0.11492496473882036,0.886401982547673,0.680663137397422
full,own_coverage,INDEPENDENT_BRIDGE,alcohol_tobacco,8,monthly_error,82,-0.11431251284274753,0.8916039957478902,0.6869499315093809
full,own_coverage,INDEPENDENT_BRIDGE,alcohol_tobacco,9,monthly_error,81,-0.11715847006295475,0.8969979108660565,0.6939961032317925
full,own_coverage,INDEPENDENT_BRIDGE,alcohol_tobacco,10,monthly_error,80,-0.11758777124922368,0.9025392456786179,0.7016358748326719
full,own_coverage,INDEPENDENT_BRIDGE,alcohol_tobacco,11,monthly_error,79,-0.11818696508155217,0.908199163540445,0.7096280826344111
full,own_coverage,INDEPENDENT_BRIDGE,alcohol_tobacco,12,monthly_error,78,-0.10938875499241263,0.9029625159335822,0.7087103520562026
full,own_coverage,INDEPENDENT_BRIDGE,core,1,monthly_error,89,-0.057418293570689005,0.3615445618313899,0.28504494895202065
full,own_coverage,INDEPENDENT_BRIDGE,core,2,monthly_error,88,-0.04725702467113784,0.38852496980141293,0.2994451755320015
full,own_coverage,INDEPENDENT_BRIDGE,core,3,monthly_error,87,0.006807291665212433,0.43027066564713073,0.321630831614283
full,own_coverage,INDEPENDENT_BRIDGE,core,4,monthly_error,86,0.009622054192300196,0.4823040799767893,0.3404982386740755
full,own_coverage,INDEPENDENT_BRIDGE,core,5,monthly_error,85,-0.04844454986724789,0.4740511816151393,0.35509594661065025
full,own_coverage,INDEPENDENT_BRIDGE,core,6,monthly_error,84,-0.04575543531360288,0.6110169479304078,0.43945576685721366
full,own_coverage,INDEPENDENT_BRIDGE,core,7,monthly_error,83,-0.04763599539042982,0.6471518356352757,0.44603475635117557
full,own_coverage,INDEPENDENT_BRIDGE,core,8,monthly_error,82,-0.036480358039479605,0.5853894124416356,0.4319238973677317
full,own_coverage,INDEPENDENT_BRIDGE,core,9,monthly_error,81,-0.03276411617084293,0.6350834459691449,0.4593463415308803
full,own_coverage,INDEPENDENT_BRIDGE,core,10,monthly_error,80,-0.08951980279803094,0.5430614144766608,0.38596064442963646
full,own_coverage,INDEPENDENT_BRIDGE,core,11,monthly_error,79,-0.011420177617425638,0.5659205638396094,0.41665382874613416
full,own_coverage,INDEPENDENT_BRIDGE,core,12,monthly_error,78,-0.012275044059911058,0.6067474217625907,0.4669533995484287
full,own_coverage,INDEPENDENT_BRIDGE,food,1,monthly_error,88,-0.04581971123278508,1.0185886702563334,0.7906835850918607
full,own_coverage,INDEPENDENT_BRIDGE,food,2,monthly_error,86,0.055415478457449235,1.0664908610910522,0.8282837474376263
full,own_coverage,INDEPENDENT_BRIDGE,food,3,monthly_error,84,0.003839660469049106,1.111524169009489,0.8388656890689904
full,own_coverage,INDEPENDENT_BRIDGE,food,4,monthly_error,86,0.005049840987770899,1.1716164049310231,0.9159407221643373
full,own_coverage,INDEPENDENT_BRIDGE,food,5,monthly_error,85,0.009253414664492124,1.177868599486901,0.9225723315835233
full,own_coverage,INDEPENDENT_BRIDGE,food,6,monthly_error,84,0.009899446257296197,1.1848487999236734,0.933019463636529
full,own_coverage,INDEPENDENT_BRIDGE,food,7,monthly_error,83,0.013535154097631718,1.1915344780966923,0.9407442245900948
full,own_coverage,INDEPENDENT_BRIDGE,food,8,monthly_error,82,0.0018743277137334173,1.1939851987687071,0.940390825895129
full,own_coverage,INDEPENDENT_BRIDGE,food,9,monthly_error,81,0.007552084535866088,1.2002544367011965,0.9463459722039701
full,own_coverage,INDEPENDENT_BRIDGE,food,10,monthly_error,80,0.021338795914759446,1.2015073856512182,0.9444829865343248
full,own_coverage,INDEPENDENT_BRIDGE,food,11,monthly_error,79,0.025753611933435373,1.2085266075100627,0.9522937626985485
full,own_coverage,INDEPENDENT_BRIDGE,food,12,monthly_error,78,-0.016226486420288653,1.1909817233705209,0.9162675239265763
full,own_coverage,INDEPENDENT_BRIDGE,fuel,1,monthly_error,89,-0.07544155311716123,4.753540302695752,3.0302982127488405
full,own_coverage,INDEPENDENT_BRIDGE,fuel,2,monthly_error,88,-0.05742009664373617,4.777191221390897,3.0458546728621387
full,own_coverage,INDEPENDENT_BRIDGE,fuel,3,monthly_error,87,-0.03039351739822949,4.7976226545345835,3.0531779163317863
full,own_coverage,INDEPENDENT_BRIDGE,fuel,4,monthly_error,86,-0.03139337334078305,4.825431468921466,3.088033542176792
full,own_coverage,INDEPENDENT_BRIDGE,fuel,5,monthly_error,85,-0.057408565085011534,4.8479709365090375,3.098717490615123
full,own_coverage,INDEPENDENT_BRIDGE,fuel,6,monthly_error,84,-0.07018961607846615,4.875481936175132,3.123509368856193
full,own_coverage,INDEPENDENT_BRIDGE,fuel,7,monthly_error,83,-0.06648276316610047,4.904589009544405,3.1565895009170526
full,own_coverage,INDEPENDENT_BRIDGE,fuel,8,monthly_error,82,-0.07982575581131492,4.933099256958599,3.1825522675899265
full,own_coverage,INDEPENDENT_BRIDGE,fuel,9,monthly_error,81,-0.09108530912717608,4.9625957032943075,3.211568986167907
full,own_coverage,INDEPENDENT_BRIDGE,fuel,10,monthly_error,80,-0.09972234273125488,4.993065181319851,3.244215131255017
full,own_coverage,INDEPENDENT_BRIDGE,fuel,11,monthly_error,79,-0.09241055207632742,5.023989518926346,3.2767070467839345
full,own_coverage,INDEPENDENT_BRIDGE,fuel,12,monthly_error,78,-0.08507521811111797,5.03957078676122,3.342959151323684
full,model_all_blocks_common,INDEPENDENT_BRIDGE,administered,1,monthly_error,88,-0.2914990734429442,3.9399791932645605,1.1835009265570557
full,model_all_blocks_common,INDEPENDENT_BRIDGE,administered,2,monthly_error,86,-0.31715133757934716,3.955376798194042,1.1874998252113502
full,model_all_blocks_common,INDEPENDENT_BRIDGE,administered,3,monthly_error,84,-0.5720238095238096,4.34459502743132,1.3494047619047618
full,model_all_blocks_common,INDEPENDENT_BRIDGE,administered,4,monthly_error,86,-0.5604651162790698,4.2938368487543785,1.3209302325581396
full,model_all_blocks_common,INDEPENDENT_BRIDGE,administered,5,monthly_error,85,-0.5647058823529412,4.318966379613911,1.3341176470588234
full,model_all_blocks_common,INDEPENDENT_BRIDGE,administered,6,monthly_error,84,-0.5720238095238096,4.34459502743132,1.3494047619047618
full,model_all_blocks_common,INDEPENDENT_BRIDGE,administered,7,monthly_error,83,-0.5789156626506023,4.370688925872784,1.3656626506024097
full,model_all_blocks_common,INDEPENDENT_BRIDGE,administered,8,monthly_error,82,-0.5847560975609757,4.397244841388975,1.3810975609756098
full,model_all_blocks_common,INDEPENDENT_BRIDGE,administered,9,monthly_error,81,-0.5919753086419755,4.424305065051683,1.3981481481481484
full,model_all_blocks_common,INDEPENDENT_BRIDGE,administered,10,monthly_error,80,-0.5943750000000001,4.4516464650733445,1.410625
full,model_all_blocks_common,INDEPENDENT_BRIDGE,administered,11,monthly_error,79,-0.599367088607595,4.479676327593323,1.4259493670886074
full,model_all_blocks_common,INDEPENDENT_BRIDGE,administered,12,monthly_error,78,-0.6,4.486796870134211,1.441025641025641
full,model_all_blocks_common,INDEPENDENT_BRIDGE,alcohol_tobacco,1,monthly_error,88,-0.09243359631060977,0.9200199895222763,0.7120780245875649
full,model_all_blocks_common,INDEPENDENT_BRIDGE,alcohol_tobacco,2,monthly_error,86,-0.10434465598226232,0.8851408980988508,0.685897642761124
full,model_all_blocks_common,INDEPENDENT_BRIDGE,alcohol_tobacco,3,monthly_error,84,-0.12502719857897188,0.8873593781390918,0.6840303929916378
full,model_all_blocks_common,INDEPENDENT_BRIDGE,alcohol_tobacco,4,monthly_error,86,-0.10434465598226232,0.8851408980988508,0.685897642761124
full,model_all_blocks_common,INDEPENDENT_BRIDGE,alcohol_tobacco,5,monthly_error,85,-0.11239077560440047,0.8881102968193634,0.6871484913594961
full,model_all_blocks_common,INDEPENDENT_BRIDGE,alcohol_tobacco,6,monthly_error,84,-0.12502719857897188,0.8873593781390918,0.6840303929916378
full,model_all_blocks_common,INDEPENDENT_BRIDGE,alcohol_tobacco,7,monthly_error,83,-0.11492496473882036,0.886401982547673,0.680663137397422
full,model_all_blocks_common,INDEPENDENT_BRIDGE,alcohol_tobacco,8,monthly_error,82,-0.11431251284274753,0.8916039957478902,0.6869499315093809
full,model_all_blocks_common,INDEPENDENT_BRIDGE,alcohol_tobacco,9,monthly_error,81,-0.11715847006295475,0.8969979108660565,0.6939961032317925
full,model_all_blocks_common,INDEPENDENT_BRIDGE,alcohol_tobacco,10,monthly_error,80,-0.11758777124922368,0.9025392456786179,0.7016358748326719
full,model_all_blocks_common,INDEPENDENT_BRIDGE,alcohol_tobacco,11,monthly_error,79,-0.11818696508155217,0.908199163540445,0.7096280826344111
full,model_all_blocks_common,INDEPENDENT_BRIDGE,alcohol_tobacco,12,monthly_error,78,-0.10938875499241263,0.9029625159335822,0.7087103520562026
full,model_all_blocks_common,INDEPENDENT_BRIDGE,core,1,monthly_error,88,-0.059492067040992594,0.36334844906440134,0.28686280323765695
full,model_all_blocks_common,INDEPENDENT_BRIDGE,core,2,monthly_error,86,-0.05027236349317153,0.3927495832327835,0.3044926785751571
full,model_all_blocks_common,INDEPENDENT_BRIDGE,core,3,monthly_error,84,0.01410357943726034,0.433548550947569,0.32448485237293806
full,model_all_blocks_common,INDEPENDENT_BRIDGE,core,4,monthly_error,86,0.009622054192300196,0.4823040799767893,0.3404982386740755
full,model_all_blocks_common,INDEPENDENT_BRIDGE,core,5,monthly_error,85,-0.04844454986724789,0.4740511816151393,0.35509594661065025
full,model_all_blocks_common,INDEPENDENT_BRIDGE,core,6,monthly_error,84,-0.04575543531360288,0.6110169479304078,0.43945576685721366
full,model_all_blocks_common,INDEPENDENT_BRIDGE,core,7,monthly_error,83,-0.04763599539042982,0.6471518356352757,0.44603475635117557
full,model_all_blocks_common,INDEPENDENT_BRIDGE,core,8,monthly_error,82,-0.036480358039479605,0.5853894124416356,0.4319238973677317
full,model_all_blocks_common,INDEPENDENT_BRIDGE,core,9,monthly_error,81,-0.03276411617084293,0.6350834459691449,0.4593463415308803
full,model_all_blocks_common,INDEPENDENT_BRIDGE,core,10,monthly_error,80,-0.08951980279803094,0.5430614144766608,0.38596064442963646
full,model_all_blocks_common,INDEPENDENT_BRIDGE,core,11,monthly_error,79,-0.011420177617425638,0.5659205638396094,0.41665382874613416
full,model_all_blocks_common,INDEPENDENT_BRIDGE,core,12,monthly_error,78,-0.012275044059911058,0.6067474217625907,0.4669533995484287
full,model_all_blocks_common,INDEPENDENT_BRIDGE,food,1,monthly_error,88,-0.04581971123278508,1.0185886702563334,0.7906835850918607
full,model_all_blocks_common,INDEPENDENT_BRIDGE,food,2,monthly_error,86,0.055415478457449235,1.0664908610910522,0.8282837474376263
full,model_all_blocks_common,INDEPENDENT_BRIDGE,food,3,monthly_error,84,0.003839660469049106,1.111524169009489,0.8388656890689904
full,model_all_blocks_common,INDEPENDENT_BRIDGE,food,4,monthly_error,86,0.005049840987770899,1.1716164049310231,0.9159407221643373
full,model_all_blocks_common,INDEPENDENT_BRIDGE,food,5,monthly_error,85,0.009253414664492124,1.177868599486901,0.9225723315835233
full,model_all_blocks_common,INDEPENDENT_BRIDGE,food,6,monthly_error,84,0.009899446257296197,1.1848487999236734,0.933019463636529
full,model_all_blocks_common,INDEPENDENT_BRIDGE,food,7,monthly_error,83,0.013535154097631718,1.1915344780966923,0.9407442245900948
full,model_all_blocks_common,INDEPENDENT_BRIDGE,food,8,monthly_error,82,0.0018743277137334173,1.1939851987687071,0.940390825895129
full,model_all_blocks_common,INDEPENDENT_BRIDGE,food,9,monthly_error,81,0.007552084535866088,1.2002544367011965,0.9463459722039701
full,model_all_blocks_common,INDEPENDENT_BRIDGE,food,10,monthly_error,80,0.021338795914759446,1.2015073856512182,0.9444829865343248
full,model_all_blocks_common,INDEPENDENT_BRIDGE,food,11,monthly_error,79,0.025753611933435373,1.2085266075100627,0.9522937626985485
full,model_all_blocks_common,INDEPENDENT_BRIDGE,food,12,monthly_error,78,-0.016226486420288653,1.1909817233705209,0.9162675239265763
full,model_all_blocks_common,INDEPENDENT_BRIDGE,fuel,1,monthly_error,88,-0.05742009664373617,4.777191221390897,3.0458546728621387
full,model_all_blocks_common,INDEPENDENT_BRIDGE,fuel,2,monthly_error,86,-0.03139337334078305,4.825431468921466,3.088033542176792
full,model_all_blocks_common,INDEPENDENT_BRIDGE,fuel,3,monthly_error,84,-0.07018961607846615,4.875481936175132,3.123509368856193
full,model_all_blocks_common,INDEPENDENT_BRIDGE,fuel,4,monthly_error,86,-0.03139337334078305,4.825431468921466,3.088033542176792
full,model_all_blocks_common,INDEPENDENT_BRIDGE,fuel,5,monthly_error,85,-0.057408565085011534,4.8479709365090375,3.098717490615123
full,model_all_blocks_common,INDEPENDENT_BRIDGE,fuel,6,monthly_error,84,-0.07018961607846615,4.875481936175132,3.123509368856193
full,model_all_blocks_common,INDEPENDENT_BRIDGE,fuel,7,monthly_error,83,-0.06648276316610047,4.904589009544405,3.1565895009170526
full,model_all_blocks_common,INDEPENDENT_BRIDGE,fuel,8,monthly_error,82,-0.07982575581131492,4.933099256958599,3.1825522675899265
full,model_all_blocks_common,INDEPENDENT_BRIDGE,fuel,9,monthly_error,81,-0.09108530912717608,4.9625957032943075,3.211568986167907
full,model_all_blocks_common,INDEPENDENT_BRIDGE,fuel,10,monthly_error,80,-0.09972234273125488,4.993065181319851,3.244215131255017
full,model_all_blocks_common,INDEPENDENT_BRIDGE,fuel,11,monthly_error,79,-0.09241055207632742,5.023989518926346,3.2767070467839345
full,model_all_blocks_common,INDEPENDENT_BRIDGE,fuel,12,monthly_error,78,-0.08507521811111797,5.03957078676122,3.342959151323684
full,all_models_all_blocks_common,INDEPENDENT_BRIDGE,administered,1,monthly_error,88,-0.2914990734429442,3.9399791932645605,1.1835009265570557
full,all_models_all_blocks_common,INDEPENDENT_BRIDGE,administered,2,monthly_error,86,-0.31715133757934716,3.955376798194042,1.1874998252113502
full,all_models_all_blocks_common,INDEPENDENT_BRIDGE,administered,3,monthly_error,84,-0.5720238095238096,4.34459502743132,1.3494047619047618
full,all_models_all_blocks_common,INDEPENDENT_BRIDGE,administered,4,monthly_error,86,-0.5604651162790698,4.2938368487543785,1.3209302325581396
full,all_models_all_blocks_common,INDEPENDENT_BRIDGE,administered,5,monthly_error,85,-0.5647058823529412,4.318966379613911,1.3341176470588234
full,all_models_all_blocks_common,INDEPENDENT_BRIDGE,administered,6,monthly_error,84,-0.5720238095238096,4.34459502743132,1.3494047619047618
full,all_models_all_blocks_common,INDEPENDENT_BRIDGE,administered,7,monthly_error,83,-0.5789156626506023,4.370688925872784,1.3656626506024097
full,all_models_all_blocks_common,INDEPENDENT_BRIDGE,administered,8,monthly_error,82,-0.5847560975609757,4.397244841388975,1.3810975609756098
full,all_models_all_blocks_common,INDEPENDENT_BRIDGE,administered,9,monthly_error,81,-0.5919753086419755,4.424305065051683,1.3981481481481484
full,all_models_all_blocks_common,INDEPENDENT_BRIDGE,administered,10,monthly_error,80,-0.5943750000000001,4.4516464650733445,1.410625
full,all_models_all_blocks_common,INDEPENDENT_BRIDGE,administered,11,monthly_error,79,-0.599367088607595,4.479676327593323,1.4259493670886074
full,all_models_all_blocks_common,INDEPENDENT_BRIDGE,administered,12,monthly_error,78,-0.6,4.486796870134211,1.441025641025641
full,all_models_all_blocks_common,INDEPENDENT_BRIDGE,alcohol_tobacco,1,monthly_error,88,-0.09243359631060977,0.9200199895222763,0.7120780245875649
full,all_models_all_blocks_common,INDEPENDENT_BRIDGE,alcohol_tobacco,2,monthly_error,86,-0.10434465598226232,0.8851408980988508,0.685897642761124
full,all_models_all_blocks_common,INDEPENDENT_BRIDGE,alcohol_tobacco,3,monthly_error,84,-0.12502719857897188,0.8873593781390918,0.6840303929916378
full,all_models_all_blocks_common,INDEPENDENT_BRIDGE,alcohol_tobacco,4,monthly_error,86,-0.10434465598226232,0.8851408980988508,0.685897642761124
full,all_models_all_blocks_common,INDEPENDENT_BRIDGE,alcohol_tobacco,5,monthly_error,85,-0.11239077560440047,0.8881102968193634,0.6871484913594961
full,all_models_all_blocks_common,INDEPENDENT_BRIDGE,alcohol_tobacco,6,monthly_error,84,-0.12502719857897188,0.8873593781390918,0.6840303929916378
full,all_models_all_blocks_common,INDEPENDENT_BRIDGE,alcohol_tobacco,7,monthly_error,83,-0.11492496473882036,0.886401982547673,0.680663137397422
full,all_models_all_blocks_common,INDEPENDENT_BRIDGE,alcohol_tobacco,8,monthly_error,82,-0.11431251284274753,0.8916039957478902,0.6869499315093809
full,all_models_all_blocks_common,INDEPENDENT_BRIDGE,alcohol_tobacco,9,monthly_error,81,-0.11715847006295475,0.8969979108660565,0.6939961032317925
full,all_models_all_blocks_common,INDEPENDENT_BRIDGE,alcohol_tobacco,10,monthly_error,80,-0.11758777124922368,0.9025392456786179,0.7016358748326719
full,all_models_all_blocks_common,INDEPENDENT_BRIDGE,alcohol_tobacco,11,monthly_error,79,-0.11818696508155217,0.908199163540445,0.7096280826344111
full,all_models_all_blocks_common,INDEPENDENT_BRIDGE,alcohol_tobacco,12,monthly_error,78,-0.10938875499241263,0.9029625159335822,0.7087103520562026
full,all_models_all_blocks_common,INDEPENDENT_BRIDGE,core,1,monthly_error,88,-0.059492067040992594,0.36334844906440134,0.28686280323765695
full,all_models_all_blocks_common,INDEPENDENT_BRIDGE,core,2,monthly_error,86,-0.05027236349317153,0.3927495832327835,0.3044926785751571
full,all_models_all_blocks_common,INDEPENDENT_BRIDGE,core,3,monthly_error,84,0.01410357943726034,0.433548550947569,0.32448485237293806
full,all_models_all_blocks_common,INDEPENDENT_BRIDGE,core,4,monthly_error,86,0.009622054192300196,0.4823040799767893,0.3404982386740755
full,all_models_all_blocks_common,INDEPENDENT_BRIDGE,core,5,monthly_error,85,-0.04844454986724789,0.4740511816151393,0.35509594661065025
full,all_models_all_blocks_common,INDEPENDENT_BRIDGE,core,6,monthly_error,84,-0.04575543531360288,0.6110169479304078,0.43945576685721366
full,all_models_all_blocks_common,INDEPENDENT_BRIDGE,core,7,monthly_error,83,-0.04763599539042982,0.6471518356352757,0.44603475635117557
full,all_models_all_blocks_common,INDEPENDENT_BRIDGE,core,8,monthly_error,82,-0.036480358039479605,0.5853894124416356,0.4319238973677317
full,all_models_all_blocks_common,INDEPENDENT_BRIDGE,core,9,monthly_error,81,-0.03276411617084293,0.6350834459691449,0.4593463415308803
full,all_models_all_blocks_common,INDEPENDENT_BRIDGE,core,10,monthly_error,80,-0.08951980279803094,0.5430614144766608,0.38596064442963646
full,all_models_all_blocks_common,INDEPENDENT_BRIDGE,core,11,monthly_error,79,-0.011420177617425638,0.5659205638396094,0.41665382874613416
full,all_models_all_blocks_common,INDEPENDENT_BRIDGE,core,12,monthly_error,78,-0.012275044059911058,0.6067474217625907,0.4669533995484287
full,all_models_all_blocks_common,INDEPENDENT_BRIDGE,food,1,monthly_error,88,-0.04581971123278508,1.0185886702563334,0.7906835850918607
full,all_models_all_blocks_common,INDEPENDENT_BRIDGE,food,2,monthly_error,86,0.055415478457449235,1.0664908610910522,0.8282837474376263
full,all_models_all_blocks_common,INDEPENDENT_BRIDGE,food,3,monthly_error,84,0.003839660469049106,1.111524169009489,0.8388656890689904
full,all_models_all_blocks_common,INDEPENDENT_BRIDGE,food,4,monthly_error,86,0.005049840987770899,1.1716164049310231,0.9159407221643373
full,all_models_all_blocks_common,INDEPENDENT_BRIDGE,food,5,monthly_error,85,0.009253414664492124,1.177868599486901,0.9225723315835233
full,all_models_all_blocks_common,INDEPENDENT_BRIDGE,food,6,monthly_error,84,0.009899446257296197,1.1848487999236734,0.933019463636529
full,all_models_all_blocks_common,INDEPENDENT_BRIDGE,food,7,monthly_error,83,0.013535154097631718,1.1915344780966923,0.9407442245900948
full,all_models_all_blocks_common,INDEPENDENT_BRIDGE,food,8,monthly_error,82,0.0018743277137334173,1.1939851987687071,0.940390825895129
full,all_models_all_blocks_common,INDEPENDENT_BRIDGE,food,9,monthly_error,81,0.007552084535866088,1.2002544367011965,0.9463459722039701
full,all_models_all_blocks_common,INDEPENDENT_BRIDGE,food,10,monthly_error,80,0.021338795914759446,1.2015073856512182,0.9444829865343248
full,all_models_all_blocks_common,INDEPENDENT_BRIDGE,food,11,monthly_error,79,0.025753611933435373,1.2085266075100627,0.9522937626985485
full,all_models_all_blocks_common,INDEPENDENT_BRIDGE,food,12,monthly_error,78,-0.016226486420288653,1.1909817233705209,0.9162675239265763
full,all_models_all_blocks_common,INDEPENDENT_BRIDGE,fuel,1,monthly_error,88,-0.05742009664373617,4.777191221390897,3.0458546728621387
full,all_models_all_blocks_common,INDEPENDENT_BRIDGE,fuel,2,monthly_error,86,-0.03139337334078305,4.825431468921466,3.088033542176792
full,all_models_all_blocks_common,INDEPENDENT_BRIDGE,fuel,3,monthly_error,84,-0.07018961607846615,4.875481936175132,3.123509368856193
full,all_models_all_blocks_common,INDEPENDENT_BRIDGE,fuel,4,monthly_error,86,-0.03139337334078305,4.825431468921466,3.088033542176792
full,all_models_all_blocks_common,INDEPENDENT_BRIDGE,fuel,5,monthly_error,85,-0.057408565085011534,4.8479709365090375,3.098717490615123
full,all_models_all_blocks_common,INDEPENDENT_BRIDGE,fuel,6,monthly_error,84,-0.07018961607846615,4.875481936175132,3.123509368856193
full,all_models_all_blocks_common,INDEPENDENT_BRIDGE,fuel,7,monthly_error,83,-0.06648276316610047,4.904589009544405,3.1565895009170526
full,all_models_all_blocks_common,INDEPENDENT_BRIDGE,fuel,8,monthly_error,82,-0.07982575581131492,4.933099256958599,3.1825522675899265
full,all_models_all_blocks_common,INDEPENDENT_BRIDGE,fuel,9,monthly_error,81,-0.09108530912717608,4.9625957032943075,3.211568986167907
full,all_models_all_blocks_common,INDEPENDENT_BRIDGE,fuel,10,monthly_error,80,-0.09972234273125488,4.993065181319851,3.244215131255017
full,all_models_all_blocks_common,INDEPENDENT_BRIDGE,fuel,11,monthly_error,79,-0.09241055207632742,5.023989518926346,3.2767070467839345
full,all_models_all_blocks_common,INDEPENDENT_BRIDGE,fuel,12,monthly_error,78,-0.08507521811111797,5.03957078676122,3.342959151323684
full,own_coverage,INDEPENDENT_BRIDGE,administered,1,monthly_weighted_error,89,-0.04504754356997058,0.5956298221409528,0.17739638071916414
full,own_coverage,INDEPENDENT_BRIDGE,administered,2,monthly_weighted_error,88,-0.046339578019167965,0.597612139542975,0.1756814553268632
full,own_coverage,INDEPENDENT_BRIDGE,administered,3,monthly_weighted_error,87,-0.07970018033690798,0.6197184751651028,0.19274201509966032
full,own_coverage,INDEPENDENT_BRIDGE,administered,4,monthly_weighted_error,86,-0.07904476766936036,0.6229729101867815,0.19530547894830197
full,own_coverage,INDEPENDENT_BRIDGE,administered,5,monthly_weighted_error,85,-0.08080569233460361,0.6250650624410408,0.1958587702710455
full,own_coverage,INDEPENDENT_BRIDGE,administered,6,monthly_weighted_error,84,-0.08407428105366782,0.6299909279723355,0.1987481513974576
full,own_coverage,INDEPENDENT_BRIDGE,administered,7,monthly_weighted_error,83,-0.084863772020867,0.6334919049278659,0.2012258705273896
full,own_coverage,INDEPENDENT_BRIDGE,administered,8,monthly_weighted_error,82,-0.08664506135971423,0.6370334804549188,0.20278633962790515
full,own_coverage,INDEPENDENT_BRIDGE,administered,9,monthly_weighted_error,81,-0.0850133198764665,0.625557025536285,0.2039386370284752
full,own_coverage,INDEPENDENT_BRIDGE,administered,10,monthly_weighted_error,80,-0.08606856402642896,0.6301017467159856,0.20648967415516434
full,own_coverage,INDEPENDENT_BRIDGE,administered,11,monthly_weighted_error,79,-0.08467032807023071,0.6430198815853713,0.21093557426528506
full,own_coverage,INDEPENDENT_BRIDGE,administered,12,monthly_weighted_error,78,-0.08645927763725775,0.6453277030567418,0.21461901988518184
full,own_coverage,INDEPENDENT_BRIDGE,alcohol_tobacco,1,monthly_weighted_error,89,-0.008225949397368018,0.07997555934009735,0.06144273012340459
full,own_coverage,INDEPENDENT_BRIDGE,alcohol_tobacco,2,monthly_weighted_error,88,-0.00812174794763005,0.0804733040469075,0.061997198489083714
full,own_coverage,INDEPENDENT_BRIDGE,alcohol_tobacco,3,monthly_weighted_error,87,-0.010604882530322863,0.07808243934029517,0.060474934109085075
full,own_coverage,INDEPENDENT_BRIDGE,alcohol_tobacco,4,monthly_weighted_error,86,-0.009322515137328551,0.07774734132827789,0.05985131122567206
full,own_coverage,INDEPENDENT_BRIDGE,alcohol_tobacco,5,monthly_weighted_error,85,-0.010225912214381593,0.0786885261502914,0.06014496426227003
full,own_coverage,INDEPENDENT_BRIDGE,alcohol_tobacco,6,monthly_weighted_error,84,-0.011375905762581046,0.07858884947545537,0.059844827982816456
full,own_coverage,INDEPENDENT_BRIDGE,alcohol_tobacco,7,monthly_weighted_error,83,-0.010484531498684028,0.07849048328737136,0.05953741663723552
full,own_coverage,INDEPENDENT_BRIDGE,alcohol_tobacco,8,monthly_weighted_error,82,-0.01044675675598987,0.07897265216606261,0.060120929426875955
full,own_coverage,INDEPENDENT_BRIDGE,alcohol_tobacco,9,monthly_weighted_error,81,-0.010646094467141511,0.079519104458949,0.060794458526285934
full,own_coverage,INDEPENDENT_BRIDGE,alcohol_tobacco,10,monthly_weighted_error,80,-0.010701264387640626,0.0800235520599812,0.06149248293378755
full,own_coverage,INDEPENDENT_BRIDGE,alcohol_tobacco,11,monthly_weighted_error,79,-0.010794411997526067,0.08059920408522853,0.062268178881109595
full,own_coverage,INDEPENDENT_BRIDGE,alcohol_tobacco,12,monthly_weighted_error,78,-0.009953200729754402,0.08016550166475932,0.062224142438689324
full,own_coverage,INDEPENDENT_BRIDGE,core,1,monthly_weighted_error,89,-0.03158636946744155,0.1990701377459988,0.15627879475681922
full,own_coverage,INDEPENDENT_BRIDGE,core,2,monthly_weighted_error,88,-0.026299989062605986,0.21631686943532386,0.16527666842456878
full,own_coverage,INDEPENDENT_BRIDGE,core,3,monthly_weighted_error,87,0.00390158923209883,0.23747389195096882,0.1768137110615794
full,own_coverage,INDEPENDENT_BRIDGE,core,4,monthly_weighted_error,86,0.0058335320470688954,0.26716549741587764,0.1873981569066033
full,own_coverage,INDEPENDENT_BRIDGE,core,5,monthly_weighted_error,85,-0.026785509195127524,0.26248491143794694,0.19592438377161686
full,own_coverage,INDEPENDENT_BRIDGE,core,6,monthly_weighted_error,84,-0.024762295715471838,0.33921674626684595,0.24238252764744228
full,own_coverage,INDEPENDENT_BRIDGE,core,7,monthly_weighted_error,83,-0.025414074335046603,0.35874744103072104,0.2454580263599947
full,own_coverage,INDEPENDENT_BRIDGE,core,8,monthly_weighted_error,82,-0.019505808975729306,0.3242971821877559,0.2377197340949965
full,own_coverage,INDEPENDENT_BRIDGE,core,9,monthly_weighted_error,81,-0.016821193548554002,0.3513646783069089,0.25281658440007504
full,own_coverage,INDEPENDENT_BRIDGE,core,10,monthly_weighted_error,80,-0.047940145744606866,0.29926864047251267,0.2119659649372399
full,own_coverage,INDEPENDENT_BRIDGE,core,11,monthly_weighted_error,79,-0.004418536982734856,0.3114994512671532,0.22890434772446394
full,own_coverage,INDEPENDENT_BRIDGE,core,12,monthly_weighted_error,78,-0.005036168681492182,0.33369574125485263,0.25627357828845637
full,own_coverage,INDEPENDENT_BRIDGE,food,1,monthly_weighted_error,88,-0.008235209755557936,0.18072389242361203,0.14017698883640933
full,own_coverage,INDEPENDENT_BRIDGE,food,2,monthly_weighted_error,86,0.009773084642633649,0.18921888464933037,0.1468794706833634
full,own_coverage,INDEPENDENT_BRIDGE,food,3,monthly_weighted_error,84,0.0006995696805603499,0.19735883576642502,0.14884562492577982
full,own_coverage,INDEPENDENT_BRIDGE,food,4,monthly_weighted_error,86,0.0007045113108629096,0.20783590307093106,0.162445753791193
full,own_coverage,INDEPENDENT_BRIDGE,food,5,monthly_weighted_error,85,0.0016464869298972388,0.20912554974346104,0.16377271027735713
full,own_coverage,INDEPENDENT_BRIDGE,food,6,monthly_weighted_error,84,0.0018417118812233402,0.2103596736906842,0.1656725654191494
full,own_coverage,INDEPENDENT_BRIDGE,food,7,monthly_weighted_error,83,0.0024919855419646207,0.21154383341460856,0.16704074300554728
full,own_coverage,INDEPENDENT_BRIDGE,food,8,monthly_weighted_error,82,0.0004237417040187649,0.2120014554655311,0.16699141251669986
full,own_coverage,INDEPENDENT_BRIDGE,food,9,monthly_weighted_error,81,0.0014641215126520246,0.21306733089029817,0.16802916950018182
full,own_coverage,INDEPENDENT_BRIDGE,food,10,monthly_weighted_error,80,0.003937497266193505,0.2132655087159583,0.16768407639088018
full,own_coverage,INDEPENDENT_BRIDGE,food,11,monthly_weighted_error,79,0.004735926890918944,0.2145266064914282,0.16908281897933197
full,own_coverage,INDEPENDENT_BRIDGE,food,12,monthly_weighted_error,78,-0.002724899156096683,0.21132696319372266,0.16265323966521286
full,own_coverage,INDEPENDENT_BRIDGE,fuel,1,monthly_weighted_error,89,-0.00159227577482975,0.15323791433534995,0.0992581342144595
full,own_coverage,INDEPENDENT_BRIDGE,fuel,2,monthly_weighted_error,88,-0.002955341146929513,0.1608844070070459,0.10113088367297257
full,own_coverage,INDEPENDENT_BRIDGE,fuel,3,monthly_weighted_error,87,-0.0030554377695210383,0.16053476878786196,0.10119372384745993
full,own_coverage,INDEPENDENT_BRIDGE,fuel,4,monthly_weighted_error,86,-0.00364876820621489,0.1609089792750361,0.10187975362996489
full,own_coverage,INDEPENDENT_BRIDGE,fuel,5,monthly_weighted_error,85,-0.004092019832830626,0.16237750777129753,0.1025328565250242
full,own_coverage,INDEPENDENT_BRIDGE,fuel,6,monthly_weighted_error,84,-0.0042590629378407375,0.16305662645197383,0.10316839379411004
full,own_coverage,INDEPENDENT_BRIDGE,fuel,7,monthly_weighted_error,83,-0.003929963654197091,0.1645488186500161,0.1044115422998061
full,own_coverage,INDEPENDENT_BRIDGE,fuel,8,monthly_weighted_error,82,-0.004521542660221865,0.16536333687690546,0.10514120117126918
full,own_coverage,INDEPENDENT_BRIDGE,fuel,9,monthly_weighted_error,81,-0.005078579398725713,0.16644667121383025,0.1061906665078732
full,own_coverage,INDEPENDENT_BRIDGE,fuel,10,monthly_weighted_error,80,-0.005268016051774159,0.16747421141276092,0.10729109525797442
full,own_coverage,INDEPENDENT_BRIDGE,fuel,11,monthly_weighted_error,79,-0.004604532929823249,0.1690891208535001,0.10855007344488139
full,own_coverage,INDEPENDENT_BRIDGE,fuel,12,monthly_weighted_error,78,-0.00423088692506997,0.16970301431209722,0.11085953349397219
full,model_all_blocks_common,INDEPENDENT_BRIDGE,administered,1,monthly_weighted_error,88,-0.04416120548023745,0.5988608942891038,0.1780140066879446
full,model_all_blocks_common,INDEPENDENT_BRIDGE,administered,2,monthly_weighted_error,86,-0.04706993292396588,0.6045125998037989,0.17941976086672382
full,model_all_blocks_common,INDEPENDENT_BRIDGE,administered,3,monthly_weighted_error,84,-0.0819144371462996,0.6306699097575542,0.19881426626794768
full,model_all_blocks_common,INDEPENDENT_BRIDGE,administered,4,monthly_weighted_error,86,-0.07904476766936036,0.6229729101867815,0.19530547894830197
full,model_all_blocks_common,INDEPENDENT_BRIDGE,administered,5,monthly_weighted_error,85,-0.08080569233460361,0.6250650624410408,0.1958587702710455
full,model_all_blocks_common,INDEPENDENT_BRIDGE,administered,6,monthly_weighted_error,84,-0.08407428105366782,0.6299909279723355,0.1987481513974576
full,model_all_blocks_common,INDEPENDENT_BRIDGE,administered,7,monthly_weighted_error,83,-0.084863772020867,0.6334919049278659,0.2012258705273896
full,model_all_blocks_common,INDEPENDENT_BRIDGE,administered,8,monthly_weighted_error,82,-0.08664506135971423,0.6370334804549188,0.20278633962790515
full,model_all_blocks_common,INDEPENDENT_BRIDGE,administered,9,monthly_weighted_error,81,-0.0850133198764665,0.625557025536285,0.2039386370284752
full,model_all_blocks_common,INDEPENDENT_BRIDGE,administered,10,monthly_weighted_error,80,-0.08606856402642896,0.6301017467159856,0.20648967415516434
full,model_all_blocks_common,INDEPENDENT_BRIDGE,administered,11,monthly_weighted_error,79,-0.08467032807023071,0.6430198815853713,0.21093557426528506
full,model_all_blocks_common,INDEPENDENT_BRIDGE,administered,12,monthly_weighted_error,78,-0.08645927763725775,0.6453277030567418,0.21461901988518184
full,model_all_blocks_common,INDEPENDENT_BRIDGE,alcohol_tobacco,1,monthly_weighted_error,88,-0.008099050884735419,0.08040210938265492,0.06192056775538604
full,model_all_blocks_common,INDEPENDENT_BRIDGE,alcohol_tobacco,2,monthly_weighted_error,86,-0.009210090063270162,0.0769729272046078,0.05950070192205966
full,model_all_blocks_common,INDEPENDENT_BRIDGE,alcohol_tobacco,3,monthly_weighted_error,84,-0.0111048991991231,0.07737148097571987,0.059402301657258384
full,model_all_blocks_common,INDEPENDENT_BRIDGE,alcohol_tobacco,4,monthly_weighted_error,86,-0.009322515137328551,0.07774734132827789,0.05985131122567206
full,model_all_blocks_common,INDEPENDENT_BRIDGE,alcohol_tobacco,5,monthly_weighted_error,85,-0.010225912214381593,0.0786885261502914,0.06014496426227003
full,model_all_blocks_common,INDEPENDENT_BRIDGE,alcohol_tobacco,6,monthly_weighted_error,84,-0.011375905762581046,0.07858884947545537,0.059844827982816456
full,model_all_blocks_common,INDEPENDENT_BRIDGE,alcohol_tobacco,7,monthly_weighted_error,83,-0.010484531498684028,0.07849048328737136,0.05953741663723552
full,model_all_blocks_common,INDEPENDENT_BRIDGE,alcohol_tobacco,8,monthly_weighted_error,82,-0.01044675675598987,0.07897265216606261,0.060120929426875955
full,model_all_blocks_common,INDEPENDENT_BRIDGE,alcohol_tobacco,9,monthly_weighted_error,81,-0.010646094467141511,0.079519104458949,0.060794458526285934
full,model_all_blocks_common,INDEPENDENT_BRIDGE,alcohol_tobacco,10,monthly_weighted_error,80,-0.010701264387640626,0.0800235520599812,0.06149248293378755
full,model_all_blocks_common,INDEPENDENT_BRIDGE,alcohol_tobacco,11,monthly_weighted_error,79,-0.010794411997526067,0.08059920408522853,0.062268178881109595
full,model_all_blocks_common,INDEPENDENT_BRIDGE,alcohol_tobacco,12,monthly_weighted_error,78,-0.009953200729754402,0.08016550166475932,0.062224142438689324
full,model_all_blocks_common,INDEPENDENT_BRIDGE,core,1,monthly_weighted_error,88,-0.03272324784455043,0.20006496763757356,0.15727674779134967
full,model_all_blocks_common,INDEPENDENT_BRIDGE,core,2,monthly_weighted_error,86,-0.02796234369869306,0.21867381310446846,0.1680695848928346
full,model_all_blocks_common,INDEPENDENT_BRIDGE,core,3,monthly_weighted_error,84,0.007928664118097187,0.23929434987427575,0.17837614914616914
full,model_all_blocks_common,INDEPENDENT_BRIDGE,core,4,monthly_weighted_error,86,0.0058335320470688954,0.26716549741587764,0.1873981569066033
full,model_all_blocks_common,INDEPENDENT_BRIDGE,core,5,monthly_weighted_error,85,-0.026785509195127524,0.26248491143794694,0.19592438377161686
full,model_all_blocks_common,INDEPENDENT_BRIDGE,core,6,monthly_weighted_error,84,-0.024762295715471838,0.33921674626684595,0.24238252764744228
full,model_all_blocks_common,INDEPENDENT_BRIDGE,core,7,monthly_weighted_error,83,-0.025414074335046603,0.35874744103072104,0.2454580263599947
full,model_all_blocks_common,INDEPENDENT_BRIDGE,core,8,monthly_weighted_error,82,-0.019505808975729306,0.3242971821877559,0.2377197340949965
full,model_all_blocks_common,INDEPENDENT_BRIDGE,core,9,monthly_weighted_error,81,-0.016821193548554002,0.3513646783069089,0.25281658440007504
full,model_all_blocks_common,INDEPENDENT_BRIDGE,core,10,monthly_weighted_error,80,-0.047940145744606866,0.29926864047251267,0.2119659649372399
full,model_all_blocks_common,INDEPENDENT_BRIDGE,core,11,monthly_weighted_error,79,-0.004418536982734856,0.3114994512671532,0.22890434772446394
full,model_all_blocks_common,INDEPENDENT_BRIDGE,core,12,monthly_weighted_error,78,-0.005036168681492182,0.33369574125485263,0.25627357828845637
full,model_all_blocks_common,INDEPENDENT_BRIDGE,food,1,monthly_weighted_error,88,-0.008235209755557936,0.18072389242361203,0.14017698883640933
full,model_all_blocks_common,INDEPENDENT_BRIDGE,food,2,monthly_weighted_error,86,0.009773084642633649,0.18921888464933037,0.1468794706833634
full,model_all_blocks_common,INDEPENDENT_BRIDGE,food,3,monthly_weighted_error,84,0.0006995696805603499,0.19735883576642502,0.14884562492577982
full,model_all_blocks_common,INDEPENDENT_BRIDGE,food,4,monthly_weighted_error,86,0.0007045113108629096,0.20783590307093106,0.162445753791193
full,model_all_blocks_common,INDEPENDENT_BRIDGE,food,5,monthly_weighted_error,85,0.0016464869298972388,0.20912554974346104,0.16377271027735713
full,model_all_blocks_common,INDEPENDENT_BRIDGE,food,6,monthly_weighted_error,84,0.0018417118812233402,0.2103596736906842,0.1656725654191494
full,model_all_blocks_common,INDEPENDENT_BRIDGE,food,7,monthly_weighted_error,83,0.0024919855419646207,0.21154383341460856,0.16704074300554728
full,model_all_blocks_common,INDEPENDENT_BRIDGE,food,8,monthly_weighted_error,82,0.0004237417040187649,0.2120014554655311,0.16699141251669986
full,model_all_blocks_common,INDEPENDENT_BRIDGE,food,9,monthly_weighted_error,81,0.0014641215126520246,0.21306733089029817,0.16802916950018182
full,model_all_blocks_common,INDEPENDENT_BRIDGE,food,10,monthly_weighted_error,80,0.003937497266193505,0.2132655087159583,0.16768407639088018
full,model_all_blocks_common,INDEPENDENT_BRIDGE,food,11,monthly_weighted_error,79,0.004735926890918944,0.2145266064914282,0.16908281897933197
full,model_all_blocks_common,INDEPENDENT_BRIDGE,food,12,monthly_weighted_error,78,-0.002724899156096683,0.21132696319372266,0.16265323966521286
full,model_all_blocks_common,INDEPENDENT_BRIDGE,fuel,1,monthly_weighted_error,88,-0.0010615137874591131,0.1540200906078172,0.09983721152753922
full,model_all_blocks_common,INDEPENDENT_BRIDGE,fuel,2,monthly_weighted_error,86,-0.002228580794933013,0.16256902475646612,0.10264968779662302
full,model_all_blocks_common,INDEPENDENT_BRIDGE,fuel,3,monthly_weighted_error,84,-0.0042899824380817405,0.16319798624662252,0.10368236352236285
full,model_all_blocks_common,INDEPENDENT_BRIDGE,fuel,4,monthly_weighted_error,86,-0.00364876820621489,0.1609089792750361,0.10187975362996489
full,model_all_blocks_common,INDEPENDENT_BRIDGE,fuel,5,monthly_weighted_error,85,-0.004092019832830626,0.16237750777129753,0.1025328565250242
full,model_all_blocks_common,INDEPENDENT_BRIDGE,fuel,6,monthly_weighted_error,84,-0.0042590629378407375,0.16305662645197383,0.10316839379411004
full,model_all_blocks_common,INDEPENDENT_BRIDGE,fuel,7,monthly_weighted_error,83,-0.003929963654197091,0.1645488186500161,0.1044115422998061
full,model_all_blocks_common,INDEPENDENT_BRIDGE,fuel,8,monthly_weighted_error,82,-0.004521542660221865,0.16536333687690546,0.10514120117126918
full,model_all_blocks_common,INDEPENDENT_BRIDGE,fuel,9,monthly_weighted_error,81,-0.005078579398725713,0.16644667121383025,0.1061906665078732
full,model_all_blocks_common,INDEPENDENT_BRIDGE,fuel,10,monthly_weighted_error,80,-0.005268016051774159,0.16747421141276092,0.10729109525797442
full,model_all_blocks_common,INDEPENDENT_BRIDGE,fuel,11,monthly_weighted_error,79,-0.004604532929823249,0.1690891208535001,0.10855007344488139
full,model_all_blocks_common,INDEPENDENT_BRIDGE,fuel,12,monthly_weighted_error,78,-0.00423088692506997,0.16970301431209722,0.11085953349397219
full,all_models_all_blocks_common,INDEPENDENT_BRIDGE,administered,1,monthly_weighted_error,88,-0.04416120548023745,0.5988608942891038,0.1780140066879446
full,all_models_all_blocks_common,INDEPENDENT_BRIDGE,administered,2,monthly_weighted_error,86,-0.04706993292396588,0.6045125998037989,0.17941976086672382
full,all_models_all_blocks_common,INDEPENDENT_BRIDGE,administered,3,monthly_weighted_error,84,-0.0819144371462996,0.6306699097575542,0.19881426626794768
full,all_models_all_blocks_common,INDEPENDENT_BRIDGE,administered,4,monthly_weighted_error,86,-0.07904476766936036,0.6229729101867815,0.19530547894830197
full,all_models_all_blocks_common,INDEPENDENT_BRIDGE,administered,5,monthly_weighted_error,85,-0.08080569233460361,0.6250650624410408,0.1958587702710455
full,all_models_all_blocks_common,INDEPENDENT_BRIDGE,administered,6,monthly_weighted_error,84,-0.08407428105366782,0.6299909279723355,0.1987481513974576
full,all_models_all_blocks_common,INDEPENDENT_BRIDGE,administered,7,monthly_weighted_error,83,-0.084863772020867,0.6334919049278659,0.2012258705273896
full,all_models_all_blocks_common,INDEPENDENT_BRIDGE,administered,8,monthly_weighted_error,82,-0.08664506135971423,0.6370334804549188,0.20278633962790515
full,all_models_all_blocks_common,INDEPENDENT_BRIDGE,administered,9,monthly_weighted_error,81,-0.0850133198764665,0.625557025536285,0.2039386370284752
full,all_models_all_blocks_common,INDEPENDENT_BRIDGE,administered,10,monthly_weighted_error,80,-0.08606856402642896,0.6301017467159856,0.20648967415516434
full,all_models_all_blocks_common,INDEPENDENT_BRIDGE,administered,11,monthly_weighted_error,79,-0.08467032807023071,0.6430198815853713,0.21093557426528506
full,all_models_all_blocks_common,INDEPENDENT_BRIDGE,administered,12,monthly_weighted_error,78,-0.08645927763725775,0.6453277030567418,0.21461901988518184
full,all_models_all_blocks_common,INDEPENDENT_BRIDGE,alcohol_tobacco,1,monthly_weighted_error,88,-0.008099050884735419,0.08040210938265492,0.06192056775538604
full,all_models_all_blocks_common,INDEPENDENT_BRIDGE,alcohol_tobacco,2,monthly_weighted_error,86,-0.009210090063270162,0.0769729272046078,0.05950070192205966
full,all_models_all_blocks_common,INDEPENDENT_BRIDGE,alcohol_tobacco,3,monthly_weighted_error,84,-0.0111048991991231,0.07737148097571987,0.059402301657258384
full,all_models_all_blocks_common,INDEPENDENT_BRIDGE,alcohol_tobacco,4,monthly_weighted_error,86,-0.009322515137328551,0.07774734132827789,0.05985131122567206
full,all_models_all_blocks_common,INDEPENDENT_BRIDGE,alcohol_tobacco,5,monthly_weighted_error,85,-0.010225912214381593,0.0786885261502914,0.06014496426227003
full,all_models_all_blocks_common,INDEPENDENT_BRIDGE,alcohol_tobacco,6,monthly_weighted_error,84,-0.011375905762581046,0.07858884947545537,0.059844827982816456
full,all_models_all_blocks_common,INDEPENDENT_BRIDGE,alcohol_tobacco,7,monthly_weighted_error,83,-0.010484531498684028,0.07849048328737136,0.05953741663723552
full,all_models_all_blocks_common,INDEPENDENT_BRIDGE,alcohol_tobacco,8,monthly_weighted_error,82,-0.01044675675598987,0.07897265216606261,0.060120929426875955
full,all_models_all_blocks_common,INDEPENDENT_BRIDGE,alcohol_tobacco,9,monthly_weighted_error,81,-0.010646094467141511,0.079519104458949,0.060794458526285934
full,all_models_all_blocks_common,INDEPENDENT_BRIDGE,alcohol_tobacco,10,monthly_weighted_error,80,-0.010701264387640626,0.0800235520599812,0.06149248293378755
full,all_models_all_blocks_common,INDEPENDENT_BRIDGE,alcohol_tobacco,11,monthly_weighted_error,79,-0.010794411997526067,0.08059920408522853,0.062268178881109595
full,all_models_all_blocks_common,INDEPENDENT_BRIDGE,alcohol_tobacco,12,monthly_weighted_error,78,-0.009953200729754402,0.08016550166475932,0.062224142438689324
full,all_models_all_blocks_common,INDEPENDENT_BRIDGE,core,1,monthly_weighted_error,88,-0.03272324784455043,0.20006496763757356,0.15727674779134967
full,all_models_all_blocks_common,INDEPENDENT_BRIDGE,core,2,monthly_weighted_error,86,-0.02796234369869306,0.21867381310446846,0.1680695848928346
full,all_models_all_blocks_common,INDEPENDENT_BRIDGE,core,3,monthly_weighted_error,84,0.007928664118097187,0.23929434987427575,0.17837614914616914
full,all_models_all_blocks_common,INDEPENDENT_BRIDGE,core,4,monthly_weighted_error,86,0.0058335320470688954,0.26716549741587764,0.1873981569066033
full,all_models_all_blocks_common,INDEPENDENT_BRIDGE,core,5,monthly_weighted_error,85,-0.026785509195127524,0.26248491143794694,0.19592438377161686
full,all_models_all_blocks_common,INDEPENDENT_BRIDGE,core,6,monthly_weighted_error,84,-0.024762295715471838,0.33921674626684595,0.24238252764744228
full,all_models_all_blocks_common,INDEPENDENT_BRIDGE,core,7,monthly_weighted_error,83,-0.025414074335046603,0.35874744103072104,0.2454580263599947
full,all_models_all_blocks_common,INDEPENDENT_BRIDGE,core,8,monthly_weighted_error,82,-0.019505808975729306,0.3242971821877559,0.2377197340949965
full,all_models_all_blocks_common,INDEPENDENT_BRIDGE,core,9,monthly_weighted_error,81,-0.016821193548554002,0.3513646783069089,0.25281658440007504
full,all_models_all_blocks_common,INDEPENDENT_BRIDGE,core,10,monthly_weighted_error,80,-0.047940145744606866,0.29926864047251267,0.2119659649372399
full,all_models_all_blocks_common,INDEPENDENT_BRIDGE,core,11,monthly_weighted_error,79,-0.004418536982734856,0.3114994512671532,0.22890434772446394
full,all_models_all_blocks_common,INDEPENDENT_BRIDGE,core,12,monthly_weighted_error,78,-0.005036168681492182,0.33369574125485263,0.25627357828845637
full,all_models_all_blocks_common,INDEPENDENT_BRIDGE,food,1,monthly_weighted_error,88,-0.008235209755557936,0.18072389242361203,0.14017698883640933
full,all_models_all_blocks_common,INDEPENDENT_BRIDGE,food,2,monthly_weighted_error,86,0.009773084642633649,0.18921888464933037,0.1468794706833634
full,all_models_all_blocks_common,INDEPENDENT_BRIDGE,food,3,monthly_weighted_error,84,0.0006995696805603499,0.19735883576642502,0.14884562492577982
full,all_models_all_blocks_common,INDEPENDENT_BRIDGE,food,4,monthly_weighted_error,86,0.0007045113108629096,0.20783590307093106,0.162445753791193
full,all_models_all_blocks_common,INDEPENDENT_BRIDGE,food,5,monthly_weighted_error,85,0.0016464869298972388,0.20912554974346104,0.16377271027735713
full,all_models_all_blocks_common,INDEPENDENT_BRIDGE,food,6,monthly_weighted_error,84,0.0018417118812233402,0.2103596736906842,0.1656725654191494
full,all_models_all_blocks_common,INDEPENDENT_BRIDGE,food,7,monthly_weighted_error,83,0.0024919855419646207,0.21154383341460856,0.16704074300554728
full,all_models_all_blocks_common,INDEPENDENT_BRIDGE,food,8,monthly_weighted_error,82,0.0004237417040187649,0.2120014554655311,0.16699141251669986
full,all_models_all_blocks_common,INDEPENDENT_BRIDGE,food,9,monthly_weighted_error,81,0.0014641215126520246,0.21306733089029817,0.16802916950018182
full,all_models_all_blocks_common,INDEPENDENT_BRIDGE,food,10,monthly_weighted_error,80,0.003937497266193505,0.2132655087159583,0.16768407639088018
full,all_models_all_blocks_common,INDEPENDENT_BRIDGE,food,11,monthly_weighted_error,79,0.004735926890918944,0.2145266064914282,0.16908281897933197
full,all_models_all_blocks_common,INDEPENDENT_BRIDGE,food,12,monthly_weighted_error,78,-0.002724899156096683,0.21132696319372266,0.16265323966521286
full,all_models_all_blocks_common,INDEPENDENT_BRIDGE,fuel,1,monthly_weighted_error,88,-0.0010615137874591131,0.1540200906078172,0.09983721152753922
full,all_models_all_blocks_common,INDEPENDENT_BRIDGE,fuel,2,monthly_weighted_error,86,-0.002228580794933013,0.16256902475646612,0.10264968779662302
full,all_models_all_blocks_common,INDEPENDENT_BRIDGE,fuel,3,monthly_weighted_error,84,-0.0042899824380817405,0.16319798624662252,0.10368236352236285
full,all_models_all_blocks_common,INDEPENDENT_BRIDGE,fuel,4,monthly_weighted_error,86,-0.00364876820621489,0.1609089792750361,0.10187975362996489
full,all_models_all_blocks_common,INDEPENDENT_BRIDGE,fuel,5,monthly_weighted_error,85,-0.004092019832830626,0.16237750777129753,0.1025328565250242
full,all_models_all_blocks_common,INDEPENDENT_BRIDGE,fuel,6,monthly_weighted_error,84,-0.0042590629378407375,0.16305662645197383,0.10316839379411004
full,all_models_all_blocks_common,INDEPENDENT_BRIDGE,fuel,7,monthly_weighted_error,83,-0.003929963654197091,0.1645488186500161,0.1044115422998061
full,all_models_all_blocks_common,INDEPENDENT_BRIDGE,fuel,8,monthly_weighted_error,82,-0.004521542660221865,0.16536333687690546,0.10514120117126918
full,all_models_all_blocks_common,INDEPENDENT_BRIDGE,fuel,9,monthly_weighted_error,81,-0.005078579398725713,0.16644667121383025,0.1061906665078732
full,all_models_all_blocks_common,INDEPENDENT_BRIDGE,fuel,10,monthly_weighted_error,80,-0.005268016051774159,0.16747421141276092,0.10729109525797442
full,all_models_all_blocks_common,INDEPENDENT_BRIDGE,fuel,11,monthly_weighted_error,79,-0.004604532929823249,0.1690891208535001,0.10855007344488139
full,all_models_all_blocks_common,INDEPENDENT_BRIDGE,fuel,12,monthly_weighted_error,78,-0.00423088692506997,0.16970301431209722,0.11085953349397219
full,own_coverage,INDEPENDENT_BRIDGE,administered,1,cumulative_log_error,89,-0.23886729444500768,3.6504167091608615,1.1363890150232994
full,own_coverage,INDEPENDENT_BRIDGE,administered,2,cumulative_log_error,88,-0.4887267655096363,4.878348603132271,1.9249944654703215
full,own_coverage,INDEPENDENT_BRIDGE,administered,3,cumulative_log_error,87,-0.9620945443164628,6.147773498897194,2.6057592851544067
full,own_coverage,INDEPENDENT_BRIDGE,administered,4,cumulative_log_error,86,-1.4453109850523722,6.471152143688379,3.0258848873526976
full,own_coverage,INDEPENDENT_BRIDGE,administered,5,cumulative_log_error,85,-1.936371924402935,7.025141412796934,3.559612266267763
full,own_coverage,INDEPENDENT_BRIDGE,administered,6,cumulative_log_error,84,-2.4397198802161917,7.655306277421458,4.102095898412232
full,own_coverage,INDEPENDENT_BRIDGE,administered,7,cumulative_log_error,83,-2.9570043836095676,8.230755518889328,4.60625180706596
full,own_coverage,INDEPENDENT_BRIDGE,administered,8,cumulative_log_error,82,-3.5046143729640846,8.847925111750923,5.079826852506613
full,own_coverage,INDEPENDENT_BRIDGE,administered,9,cumulative_log_error,81,-4.0669807822206705,9.383539022402127,5.520916405381795
full,own_coverage,INDEPENDENT_BRIDGE,administered,10,cumulative_log_error,80,-4.644051195670735,10.131590572983454,6.212400004327975
full,own_coverage,INDEPENDENT_BRIDGE,administered,11,cumulative_log_error,79,-5.234468325500436,10.929086754783608,6.899719852486388
full,own_coverage,INDEPENDENT_BRIDGE,administered,12,cumulative_log_error,78,-5.836289719628659,11.531425779757502,7.40982792435596
full,own_coverage,INDEPENDENT_BRIDGE,alcohol_tobacco,1,cumulative_log_error,89,-0.08759159467385043,0.9070070710157092,0.7019851399680308
full,own_coverage,INDEPENDENT_BRIDGE,alcohol_tobacco,2,cumulative_log_error,88,-0.181778384145981,1.1414524581064815,0.8506510587211903
full,own_coverage,INDEPENDENT_BRIDGE,alcohol_tobacco,3,cumulative_log_error,87,-0.3028697172468705,1.253982296703819,0.8850555749473575
full,own_coverage,INDEPENDENT_BRIDGE,alcohol_tobacco,4,cumulative_log_error,86,-0.4187302075760587,1.4238514822270318,0.9712186311118682
full,own_coverage,INDEPENDENT_BRIDGE,alcohol_tobacco,5,cumulative_log_error,85,-0.5335759954049121,1.5676607298261322,1.1209701314102372
full,own_coverage,INDEPENDENT_BRIDGE,alcohol_tobacco,6,cumulative_log_error,84,-0.6750503204155089,1.7524219078539962,1.2580163218641174
full,own_coverage,INDEPENDENT_BRIDGE,alcohol_tobacco,7,cumulative_log_error,83,-0.8196215894087538,1.9325306737889352,1.3548179610943913
full,own_coverage,INDEPENDENT_BRIDGE,alcohol_tobacco,8,cumulative_log_error,82,-0.9475414606467245,2.128180546038291,1.4972531266479057
full,own_coverage,INDEPENDENT_BRIDGE,alcohol_tobacco,9,cumulative_log_error,81,-1.085355463762986,2.333717617536101,1.690287133190272
full,own_coverage,INDEPENDENT_BRIDGE,alcohol_tobacco,10,cumulative_log_error,80,-1.2331442329513702,2.5241626357626172,1.8213181426920972
full,own_coverage,INDEPENDENT_BRIDGE,alcohol_tobacco,11,cumulative_log_error,79,-1.370318551246234,2.749312723059427,1.9697038352016398
full,own_coverage,INDEPENDENT_BRIDGE,alcohol_tobacco,12,cumulative_log_error,78,-1.4996079318139692,2.9677713337761014,2.1416397369529365
full,own_coverage,INDEPENDENT_BRIDGE,core,1,cumulative_log_error,89,-0.05675320999321964,0.35931356313436036,0.2836228062126813
full,own_coverage,INDEPENDENT_BRIDGE,core,2,cumulative_log_error,88,-0.10222096430466378,0.6646319582323954,0.5224126743798468
full,own_coverage,INDEPENDENT_BRIDGE,core,3,cumulative_log_error,87,-0.09611895406825598,0.9705146366206865,0.7405200844445581
full,own_coverage,INDEPENDENT_BRIDGE,core,4,cumulative_log_error,86,-0.08690909691651155,1.3386338450367359,0.9685443016508576
full,own_coverage,INDEPENDENT_BRIDGE,core,5,cumulative_log_error,85,-0.13539138784972937,1.7192038714545885,1.2423933054954932
full,own_coverage,INDEPENDENT_BRIDGE,core,6,cumulative_log_error,84,-0.17844595147262307,2.2549442395365054,1.621155047408828
full,own_coverage,INDEPENDENT_BRIDGE,core,7,cumulative_log_error,83,-0.21834038069262696,2.8180124979588568,1.971856796152413
full,own_coverage,INDEPENDENT_BRIDGE,core,8,cumulative_log_error,82,-0.2455444000145523,3.3278205226114124,2.3356130179767955
full,own_coverage,INDEPENDENT_BRIDGE,core,9,cumulative_log_error,81,-0.26574463716979024,3.888447461787456,2.7394222395916294
full,own_coverage,INDEPENDENT_BRIDGE,core,10,cumulative_log_error,80,-0.34418302018912156,4.35277818479779,3.0380451467677876
full,own_coverage,INDEPENDENT_BRIDGE,core,11,cumulative_log_error,79,-0.3637294913229886,4.829744124033517,3.351627859872842
full,own_coverage,INDEPENDENT_BRIDGE,core,12,cumulative_log_error,78,-0.391666196465823,5.352358595039319,3.7383140071896936
full,own_coverage,INDEPENDENT_BRIDGE,food,1,cumulative_log_error,88,-0.041625334805450886,1.009160894228171,0.7856099957235614
full,own_coverage,INDEPENDENT_BRIDGE,food,2,cumulative_log_error,86,0.01013305991901679,1.5839297299887536,1.2564677478983497
full,own_coverage,INDEPENDENT_BRIDGE,food,3,cumulative_log_error,84,0.026178636727036526,2.133875527109243,1.6387814467974988
full,own_coverage,INDEPENDENT_BRIDGE,food,4,cumulative_log_error,83,0.024106173007516357,2.687336671172514,2.023224936882665
full,own_coverage,INDEPENDENT_BRIDGE,food,5,cumulative_log_error,82,0.0221523036952879,3.3162205713968382,2.477171412155442
full,own_coverage,INDEPENDENT_BRIDGE,food,6,cumulative_log_error,81,0.020873331396253164,4.052166911633145,3.0022922574890374
full,own_coverage,INDEPENDENT_BRIDGE,food,7,cumulative_log_error,80,-0.008588909511750087,4.738451726041973,3.4597337323043376
full,own_coverage,INDEPENDENT_BRIDGE,food,8,cumulative_log_error,79,-0.03839563192703904,5.4078881200416955,3.9932715788837467
full,own_coverage,INDEPENDENT_BRIDGE,food,9,cumulative_log_error,78,-0.06488498838657696,6.034813841327858,4.3548811947116635
full,own_coverage,INDEPENDENT_BRIDGE,food,10,cumulative_log_error,77,-0.12034278058020834,6.705635690706919,4.8679426529371215
full,own_coverage,INDEPENDENT_BRIDGE,food,11,cumulative_log_error,76,-0.16518159546510602,7.3293583569201255,5.273891070363851
full,own_coverage,INDEPENDENT_BRIDGE,food,12,cumulative_log_error,75,-0.27431439484986647,7.882424006275651,5.73692177596597
full,own_coverage,INDEPENDENT_BRIDGE,fuel,1,cumulative_log_error,89,0.019028781479338307,4.614725627562457,3.0006761567878355
full,own_coverage,INDEPENDENT_BRIDGE,fuel,2,cumulative_log_error,88,0.07913118256675994,7.344210538169931,5.131266305099539
full,own_coverage,INDEPENDENT_BRIDGE,fuel,3,cumulative_log_error,87,0.05473026614222685,8.81205108614797,6.4498104961665845
full,own_coverage,INDEPENDENT_BRIDGE,fuel,4,cumulative_log_error,86,0.0244352971623621,9.71359150385287,7.530111752477354
full,own_coverage,INDEPENDENT_BRIDGE,fuel,5,cumulative_log_error,85,0.04630004030132414,10.933741484954941,8.627161249564866
full,own_coverage,INDEPENDENT_BRIDGE,fuel,6,cumulative_log_error,84,0.2669235266160359,11.948309135803806,9.348077553423161
full,own_coverage,INDEPENDENT_BRIDGE,fuel,7,cumulative_log_error,83,0.4986936219917723,12.825004383235939,10.211369079992753
full,own_coverage,INDEPENDENT_BRIDGE,fuel,8,cumulative_log_error,82,0.6930114231991509,13.865804189101125,11.55158327180675
full,own_coverage,INDEPENDENT_BRIDGE,fuel,9,cumulative_log_error,81,0.8729524737133733,15.046648237193653,12.795655956863584
full,own_coverage,INDEPENDENT_BRIDGE,fuel,10,cumulative_log_error,80,1.0740735865939874,15.978825605239727,13.768407745890533
full,own_coverage,INDEPENDENT_BRIDGE,fuel,11,cumulative_log_error,79,1.2803188543653545,16.706696465519684,14.449461188733089
full,own_coverage,INDEPENDENT_BRIDGE,fuel,12,cumulative_log_error,78,1.490792566651324,17.34941144441017,14.834513907679657
full,model_all_blocks_common,INDEPENDENT_BRIDGE,administered,1,cumulative_log_error,88,-0.23253596706553237,3.670118274386059,1.140256798104941
full,model_all_blocks_common,INDEPENDENT_BRIDGE,administered,2,cumulative_log_error,86,-0.4885154697248565,4.933954017664758,1.9581847441032318
full,model_all_blocks_common,INDEPENDENT_BRIDGE,administered,3,cumulative_log_error,84,-0.9756879241584457,6.255380990482664,2.678054977169173
full,model_all_blocks_common,INDEPENDENT_BRIDGE,administered,4,cumulative_log_error,83,-1.4747288220021564,6.585532193444778,3.11243190149406
full,model_all_blocks_common,INDEPENDENT_BRIDGE,administered,5,cumulative_log_error,82,-1.9835060775259827,7.151100933013131,3.6661332611663524
full,model_all_blocks_common,INDEPENDENT_BRIDGE,administered,6,cumulative_log_error,81,-2.504845734420768,7.794423686729902,4.228791234772219
full,model_all_blocks_common,INDEPENDENT_BRIDGE,administered,7,cumulative_log_error,80,-3.0361043253700446,8.381818453887936,4.747198527206051
full,model_all_blocks_common,INDEPENDENT_BRIDGE,administered,8,cumulative_log_error,79,-3.597928587086626,9.01199226448696,5.232959262054819
full,model_all_blocks_common,INDEPENDENT_BRIDGE,administered,9,cumulative_log_error,78,-4.175441291838997,9.559002401715642,5.685297515890932
full,model_all_blocks_common,INDEPENDENT_BRIDGE,administered,10,cumulative_log_error,77,-4.772511981272726,10.32341416554061,6.40196528896856
full,model_all_blocks_common,INDEPENDENT_BRIDGE,administered,11,cumulative_log_error,76,-5.381364082475276,11.138504520506295,7.112349222368568
full,model_all_blocks_common,INDEPENDENT_BRIDGE,administered,12,cumulative_log_error,75,-6.004568718285211,11.755152784806212,7.641048451201607
full,model_all_blocks_common,INDEPENDENT_BRIDGE,alcohol_tobacco,1,cumulative_log_error,88,-0.08620988334930549,0.9118733552077057,0.7075851734763743
full,model_all_blocks_common,INDEPENDENT_BRIDGE,alcohol_tobacco,2,cumulative_log_error,86,-0.21997347660803587,1.1292769579091264,0.8364659533025578
full,model_all_blocks_common,INDEPENDENT_BRIDGE,alcohol_tobacco,3,cumulative_log_error,84,-0.34011730590007333,1.264345569518726,0.8902338895868056
full,model_all_blocks_common,INDEPENDENT_BRIDGE,alcohol_tobacco,4,cumulative_log_error,83,-0.467460802352086,1.4159293873823795,0.9525297995391155
full,model_all_blocks_common,INDEPENDENT_BRIDGE,alcohol_tobacco,5,cumulative_log_error,82,-0.5849341881927661,1.5659309052885106,1.1056871515018234
full,model_all_blocks_common,INDEPENDENT_BRIDGE,alcohol_tobacco,6,cumulative_log_error,81,-0.7198071626294473,1.7711108920684853,1.262963357469171
full,model_all_blocks_common,INDEPENDENT_BRIDGE,alcohol_tobacco,7,cumulative_log_error,80,-0.8687186708393242,1.955800713879497,1.3630263228837112
full,model_all_blocks_common,INDEPENDENT_BRIDGE,alcohol_tobacco,8,cumulative_log_error,79,-1.0016456272353922,2.1560816458395005,1.5096593259104147
full,model_all_blocks_common,INDEPENDENT_BRIDGE,alcohol_tobacco,9,cumulative_log_error,78,-1.116819469765025,2.344425468051128,1.6855767754442625
full,model_all_blocks_common,INDEPENDENT_BRIDGE,alcohol_tobacco,10,cumulative_log_error,77,-1.259828983490357,2.560091641468415,1.8444457122311169
full,model_all_blocks_common,INDEPENDENT_BRIDGE,alcohol_tobacco,11,cumulative_log_error,76,-1.3816331353454954,2.7834146909473176,1.9926743549048567
full,model_all_blocks_common,INDEPENDENT_BRIDGE,alcohol_tobacco,12,cumulative_log_error,75,-1.548964076645009,3.023937854464591,2.2034691646282276
full,model_all_blocks_common,INDEPENDENT_BRIDGE,core,1,cumulative_log_error,88,-0.0588199585412059,0.36110310605677465,0.285423966939762
full,model_all_blocks_common,INDEPENDENT_BRIDGE,core,2,cumulative_log_error,86,-0.10804191309179774,0.6717415079930923,0.5311180892830503
full,model_all_blocks_common,INDEPENDENT_BRIDGE,core,3,cumulative_log_error,84,-0.0937050612177085,0.9837056715553328,0.7534902848438483
full,model_all_blocks_common,INDEPENDENT_BRIDGE,core,4,cumulative_log_error,83,-0.07711855192494692,1.3584437102237514,0.9849978917327746
full,model_all_blocks_common,INDEPENDENT_BRIDGE,core,5,cumulative_log_error,82,-0.1265827823028823,1.7486304579904899,1.2740847701064177
full,model_all_blocks_common,INDEPENDENT_BRIDGE,core,6,cumulative_log_error,81,-0.1719893742174072,2.2948800613204727,1.6681321403734715
full,model_all_blocks_common,INDEPENDENT_BRIDGE,core,7,cumulative_log_error,80,-0.21705333787237358,2.8687068201095682,2.028342161574843
full,model_all_blocks_common,INDEPENDENT_BRIDGE,core,8,cumulative_log_error,79,-0.244328441825565,3.389114709632383,2.4083239160229755
full,model_all_blocks_common,INDEPENDENT_BRIDGE,core,9,cumulative_log_error,78,-0.2617389749213463,3.9593471514220497,2.819721254323421
full,model_all_blocks_common,INDEPENDENT_BRIDGE,core,10,cumulative_log_error,77,-0.3341575259680261,4.430891675869721,3.118406574549408
full,model_all_blocks_common,INDEPENDENT_BRIDGE,core,11,cumulative_log_error,76,-0.34877884471588777,4.919274020889648,3.4467793628827716
full,model_all_blocks_common,INDEPENDENT_BRIDGE,core,12,cumulative_log_error,75,-0.38169260495639834,5.454980110120902,3.8594660310045295
full,model_all_blocks_common,INDEPENDENT_BRIDGE,food,1,cumulative_log_error,88,-0.041625334805450886,1.009160894228171,0.7856099957235614
full,model_all_blocks_common,INDEPENDENT_BRIDGE,food,2,cumulative_log_error,86,0.01013305991901679,1.5839297299887536,1.2564677478983497
full,model_all_blocks_common,INDEPENDENT_BRIDGE,food,3,cumulative_log_error,84,0.026178636727036526,2.133875527109243,1.6387814467974988
full,model_all_blocks_common,INDEPENDENT_BRIDGE,food,4,cumulative_log_error,83,0.024106173007516357,2.687336671172514,2.023224936882665
full,model_all_blocks_common,INDEPENDENT_BRIDGE,food,5,cumulative_log_error,82,0.0221523036952879,3.3162205713968382,2.477171412155442
full,model_all_blocks_common,INDEPENDENT_BRIDGE,food,6,cumulative_log_error,81,0.020873331396253164,4.052166911633145,3.0022922574890374
full,model_all_blocks_common,INDEPENDENT_BRIDGE,food,7,cumulative_log_error,80,-0.008588909511750087,4.738451726041973,3.4597337323043376
full,model_all_blocks_common,INDEPENDENT_BRIDGE,food,8,cumulative_log_error,79,-0.03839563192703904,5.4078881200416955,3.9932715788837467
full,model_all_blocks_common,INDEPENDENT_BRIDGE,food,9,cumulative_log_error,78,-0.06488498838657696,6.034813841327858,4.3548811947116635
full,model_all_blocks_common,INDEPENDENT_BRIDGE,food,10,cumulative_log_error,77,-0.12034278058020834,6.705635690706919,4.8679426529371215
full,model_all_blocks_common,INDEPENDENT_BRIDGE,food,11,cumulative_log_error,76,-0.16518159546510602,7.3293583569201255,5.273891070363851
full,model_all_blocks_common,INDEPENDENT_BRIDGE,food,12,cumulative_log_error,75,-0.27431439484986647,7.882424006275651,5.73692177596597
full,model_all_blocks_common,INDEPENDENT_BRIDGE,fuel,1,cumulative_log_error,88,0.038069913027575834,4.637510536513846,3.015949854083543
full,model_all_blocks_common,INDEPENDENT_BRIDGE,fuel,2,cumulative_log_error,86,0.15414097465721582,7.412459719407767,5.177428547605974
full,model_all_blocks_common,INDEPENDENT_BRIDGE,fuel,3,cumulative_log_error,84,0.06671730927413297,8.950701923635359,6.593052214191319
full,model_all_blocks_common,INDEPENDENT_BRIDGE,fuel,4,cumulative_log_error,83,0.0017049901499798035,9.880170089097229,7.735562252453504
full,model_all_blocks_common,INDEPENDENT_BRIDGE,fuel,5,cumulative_log_error,82,0.003708782180928711,11.123221754944318,8.8798584802426
full,model_all_blocks_common,INDEPENDENT_BRIDGE,fuel,6,cumulative_log_error,81,0.21376939162915018,12.154424409175252,9.602994273671436
full,model_all_blocks_common,INDEPENDENT_BRIDGE,fuel,7,cumulative_log_error,80,0.422856080532355,13.04705426277207,10.496818136216202
full,model_all_blocks_common,INDEPENDENT_BRIDGE,fuel,8,cumulative_log_error,79,0.6141433036121572,14.112837852261116,11.885065981913716
full,model_all_blocks_common,INDEPENDENT_BRIDGE,fuel,9,cumulative_log_error,78,0.8307701300640721,15.328138678901771,13.212039131796987
full,model_all_blocks_common,INDEPENDENT_BRIDGE,fuel,10,cumulative_log_error,77,1.078838823640899,16.284932780276964,14.266886359466366
full,model_all_blocks_common,INDEPENDENT_BRIDGE,fuel,11,cumulative_log_error,76,1.255268001056416,17.0102778684258,14.89752511979548
full,model_all_blocks_common,INDEPENDENT_BRIDGE,fuel,12,cumulative_log_error,75,1.2429011490986956,17.527828897234127,15.061793659208066
full,all_models_all_blocks_common,INDEPENDENT_BRIDGE,administered,1,cumulative_log_error,88,-0.23253596706553237,3.670118274386059,1.140256798104941
full,all_models_all_blocks_common,INDEPENDENT_BRIDGE,administered,2,cumulative_log_error,86,-0.4885154697248565,4.933954017664758,1.9581847441032318
full,all_models_all_blocks_common,INDEPENDENT_BRIDGE,administered,3,cumulative_log_error,84,-0.9756879241584457,6.255380990482664,2.678054977169173
full,all_models_all_blocks_common,INDEPENDENT_BRIDGE,administered,4,cumulative_log_error,83,-1.4747288220021564,6.585532193444778,3.11243190149406
full,all_models_all_blocks_common,INDEPENDENT_BRIDGE,administered,5,cumulative_log_error,82,-1.9835060775259827,7.151100933013131,3.6661332611663524
full,all_models_all_blocks_common,INDEPENDENT_BRIDGE,administered,6,cumulative_log_error,81,-2.504845734420768,7.794423686729902,4.228791234772219
full,all_models_all_blocks_common,INDEPENDENT_BRIDGE,administered,7,cumulative_log_error,80,-3.0361043253700446,8.381818453887936,4.747198527206051
full,all_models_all_blocks_common,INDEPENDENT_BRIDGE,administered,8,cumulative_log_error,79,-3.597928587086626,9.01199226448696,5.232959262054819
full,all_models_all_blocks_common,INDEPENDENT_BRIDGE,administered,9,cumulative_log_error,78,-4.175441291838997,9.559002401715642,5.685297515890932
full,all_models_all_blocks_common,INDEPENDENT_BRIDGE,administered,10,cumulative_log_error,77,-4.772511981272726,10.32341416554061,6.40196528896856
full,all_models_all_blocks_common,INDEPENDENT_BRIDGE,administered,11,cumulative_log_error,76,-5.381364082475276,11.138504520506295,7.112349222368568
full,all_models_all_blocks_common,INDEPENDENT_BRIDGE,administered,12,cumulative_log_error,75,-6.004568718285211,11.755152784806212,7.641048451201607
full,all_models_all_blocks_common,INDEPENDENT_BRIDGE,alcohol_tobacco,1,cumulative_log_error,88,-0.08620988334930549,0.9118733552077057,0.7075851734763743
full,all_models_all_blocks_common,INDEPENDENT_BRIDGE,alcohol_tobacco,2,cumulative_log_error,86,-0.21997347660803587,1.1292769579091264,0.8364659533025578
full,all_models_all_blocks_common,INDEPENDENT_BRIDGE,alcohol_tobacco,3,cumulative_log_error,84,-0.34011730590007333,1.264345569518726,0.8902338895868056
full,all_models_all_blocks_common,INDEPENDENT_BRIDGE,alcohol_tobacco,4,cumulative_log_error,83,-0.467460802352086,1.4159293873823795,0.9525297995391155
full,all_models_all_blocks_common,INDEPENDENT_BRIDGE,alcohol_tobacco,5,cumulative_log_error,82,-0.5849341881927661,1.5659309052885106,1.1056871515018234
full,all_models_all_blocks_common,INDEPENDENT_BRIDGE,alcohol_tobacco,6,cumulative_log_error,81,-0.7198071626294473,1.7711108920684853,1.262963357469171
full,all_models_all_blocks_common,INDEPENDENT_BRIDGE,alcohol_tobacco,7,cumulative_log_error,80,-0.8687186708393242,1.955800713879497,1.3630263228837112
full,all_models_all_blocks_common,INDEPENDENT_BRIDGE,alcohol_tobacco,8,cumulative_log_error,79,-1.0016456272353922,2.1560816458395005,1.5096593259104147
full,all_models_all_blocks_common,INDEPENDENT_BRIDGE,alcohol_tobacco,9,cumulative_log_error,78,-1.116819469765025,2.344425468051128,1.6855767754442625
full,all_models_all_blocks_common,INDEPENDENT_BRIDGE,alcohol_tobacco,10,cumulative_log_error,77,-1.259828983490357,2.560091641468415,1.8444457122311169
full,all_models_all_blocks_common,INDEPENDENT_BRIDGE,alcohol_tobacco,11,cumulative_log_error,76,-1.3816331353454954,2.7834146909473176,1.9926743549048567
full,all_models_all_blocks_common,INDEPENDENT_BRIDGE,alcohol_tobacco,12,cumulative_log_error,75,-1.548964076645009,3.023937854464591,2.2034691646282276
full,all_models_all_blocks_common,INDEPENDENT_BRIDGE,core,1,cumulative_log_error,88,-0.0588199585412059,0.36110310605677465,0.285423966939762
full,all_models_all_blocks_common,INDEPENDENT_BRIDGE,core,2,cumulative_log_error,86,-0.10804191309179774,0.6717415079930923,0.5311180892830503
full,all_models_all_blocks_common,INDEPENDENT_BRIDGE,core,3,cumulative_log_error,84,-0.0937050612177085,0.9837056715553328,0.7534902848438483
full,all_models_all_blocks_common,INDEPENDENT_BRIDGE,core,4,cumulative_log_error,83,-0.07711855192494692,1.3584437102237514,0.9849978917327746
full,all_models_all_blocks_common,INDEPENDENT_BRIDGE,core,5,cumulative_log_error,82,-0.1265827823028823,1.7486304579904899,1.2740847701064177
full,all_models_all_blocks_common,INDEPENDENT_BRIDGE,core,6,cumulative_log_error,81,-0.1719893742174072,2.2948800613204727,1.6681321403734715
full,all_models_all_blocks_common,INDEPENDENT_BRIDGE,core,7,cumulative_log_error,80,-0.21705333787237358,2.8687068201095682,2.028342161574843
full,all_models_all_blocks_common,INDEPENDENT_BRIDGE,core,8,cumulative_log_error,79,-0.244328441825565,3.389114709632383,2.4083239160229755
full,all_models_all_blocks_common,INDEPENDENT_BRIDGE,core,9,cumulative_log_error,78,-0.2617389749213463,3.9593471514220497,2.819721254323421
full,all_models_all_blocks_common,INDEPENDENT_BRIDGE,core,10,cumulative_log_error,77,-0.3341575259680261,4.430891675869721,3.118406574549408
full,all_models_all_blocks_common,INDEPENDENT_BRIDGE,core,11,cumulative_log_error,76,-0.34877884471588777,4.919274020889648,3.4467793628827716
full,all_models_all_blocks_common,INDEPENDENT_BRIDGE,core,12,cumulative_log_error,75,-0.38169260495639834,5.454980110120902,3.8594660310045295
full,all_models_all_blocks_common,INDEPENDENT_BRIDGE,food,1,cumulative_log_error,88,-0.041625334805450886,1.009160894228171,0.7856099957235614
full,all_models_all_blocks_common,INDEPENDENT_BRIDGE,food,2,cumulative_log_error,86,0.01013305991901679,1.5839297299887536,1.2564677478983497
full,all_models_all_blocks_common,INDEPENDENT_BRIDGE,food,3,cumulative_log_error,84,0.026178636727036526,2.133875527109243,1.6387814467974988
full,all_models_all_blocks_common,INDEPENDENT_BRIDGE,food,4,cumulative_log_error,83,0.024106173007516357,2.687336671172514,2.023224936882665
full,all_models_all_blocks_common,INDEPENDENT_BRIDGE,food,5,cumulative_log_error,82,0.0221523036952879,3.3162205713968382,2.477171412155442
full,all_models_all_blocks_common,INDEPENDENT_BRIDGE,food,6,cumulative_log_error,81,0.020873331396253164,4.052166911633145,3.0022922574890374
full,all_models_all_blocks_common,INDEPENDENT_BRIDGE,food,7,cumulative_log_error,80,-0.008588909511750087,4.738451726041973,3.4597337323043376
full,all_models_all_blocks_common,INDEPENDENT_BRIDGE,food,8,cumulative_log_error,79,-0.03839563192703904,5.4078881200416955,3.9932715788837467
full,all_models_all_blocks_common,INDEPENDENT_BRIDGE,food,9,cumulative_log_error,78,-0.06488498838657696,6.034813841327858,4.3548811947116635
full,all_models_all_blocks_common,INDEPENDENT_BRIDGE,food,10,cumulative_log_error,77,-0.12034278058020834,6.705635690706919,4.8679426529371215
full,all_models_all_blocks_common,INDEPENDENT_BRIDGE,food,11,cumulative_log_error,76,-0.16518159546510602,7.3293583569201255,5.273891070363851
full,all_models_all_blocks_common,INDEPENDENT_BRIDGE,food,12,cumulative_log_error,75,-0.27431439484986647,7.882424006275651,5.73692177596597
full,all_models_all_blocks_common,INDEPENDENT_BRIDGE,fuel,1,cumulative_log_error,88,0.038069913027575834,4.637510536513846,3.015949854083543
full,all_models_all_blocks_common,INDEPENDENT_BRIDGE,fuel,2,cumulative_log_error,86,0.15414097465721582,7.412459719407767,5.177428547605974
full,all_models_all_blocks_common,INDEPENDENT_BRIDGE,fuel,3,cumulative_log_error,84,0.06671730927413297,8.950701923635359,6.593052214191319
full,all_models_all_blocks_common,INDEPENDENT_BRIDGE,fuel,4,cumulative_log_error,83,0.0017049901499798035,9.880170089097229,7.735562252453504
full,all_models_all_blocks_common,INDEPENDENT_BRIDGE,fuel,5,cumulative_log_error,82,0.003708782180928711,11.123221754944318,8.8798584802426
full,all_models_all_blocks_common,INDEPENDENT_BRIDGE,fuel,6,cumulative_log_error,81,0.21376939162915018,12.154424409175252,9.602994273671436
full,all_models_all_blocks_common,INDEPENDENT_BRIDGE,fuel,7,cumulative_log_error,80,0.422856080532355,13.04705426277207,10.496818136216202
full,all_models_all_blocks_common,INDEPENDENT_BRIDGE,fuel,8,cumulative_log_error,79,0.6141433036121572,14.112837852261116,11.885065981913716
full,all_models_all_blocks_common,INDEPENDENT_BRIDGE,fuel,9,cumulative_log_error,78,0.8307701300640721,15.328138678901771,13.212039131796987
full,all_models_all_blocks_common,INDEPENDENT_BRIDGE,fuel,10,cumulative_log_error,77,1.078838823640899,16.284932780276964,14.266886359466366
full,all_models_all_blocks_common,INDEPENDENT_BRIDGE,fuel,11,cumulative_log_error,76,1.255268001056416,17.0102778684258,14.89752511979548
full,all_models_all_blocks_common,INDEPENDENT_BRIDGE,fuel,12,cumulative_log_error,75,1.2429011490986956,17.527828897234127,15.061793659208066
full,own_coverage,INDEPENDENT_BRIDGE,administered,1,cumulative_weighted_error,89,-0.04504754356997058,0.5956298221409528,0.17739638071916414
full,own_coverage,INDEPENDENT_BRIDGE,administered,2,cumulative_weighted_error,88,-0.09150652709815571,0.8141675163661448,0.303382927507516
full,own_coverage,INDEPENDENT_BRIDGE,administered,3,cumulative_weighted_error,87,-0.17206127978752764,1.011560385293607,0.41033265502580807
full,own_coverage,INDEPENDENT_BRIDGE,administered,4,cumulative_weighted_error,86,-0.25310676001255694,1.0832651866962866,0.48174530613136585
full,own_coverage,INDEPENDENT_BRIDGE,administered,5,cumulative_weighted_error,85,-0.3366855123775908,1.1870780343103766,0.5723336257544621
full,own_coverage,INDEPENDENT_BRIDGE,administered,6,cumulative_weighted_error,84,-0.4245608512283015,1.3013647021589396,0.6668869452110909
full,own_coverage,INDEPENDENT_BRIDGE,administered,7,cumulative_weighted_error,83,-0.5146446133689431,1.4097848376127662,0.7575160575034691
full,own_coverage,INDEPENDENT_BRIDGE,administered,8,cumulative_weighted_error,82,-0.6109626285052723,1.5238589697244451,0.8430702377807556
full,own_coverage,INDEPENDENT_BRIDGE,administered,9,cumulative_weighted_error,81,-0.7071673342495743,1.6219330250927266,0.9314137603412758
full,own_coverage,INDEPENDENT_BRIDGE,administered,10,cumulative_weighted_error,80,-0.806758539784871,1.7447692787714624,1.056347275735133
full,own_coverage,INDEPENDENT_BRIDGE,administered,11,cumulative_weighted_error,79,-0.9066098060916907,1.8756138755506242,1.1674567948240209
full,own_coverage,INDEPENDENT_BRIDGE,administered,12,cumulative_weighted_error,78,-1.0102809767663155,1.9785601563886066,1.2569216846769855
full,own_coverage,INDEPENDENT_BRIDGE,alcohol_tobacco,1,cumulative_weighted_error,89,-0.008225949397368018,0.07997555934009735,0.06144273012340459
full,own_coverage,INDEPENDENT_BRIDGE,alcohol_tobacco,2,cumulative_weighted_error,88,-0.017019107668888474,0.10051855703995043,0.07467871062129303
full,own_coverage,INDEPENDENT_BRIDGE,alcohol_tobacco,3,cumulative_weighted_error,87,-0.028293262725589675,0.11080057720054058,0.07800837954162437
full,own_coverage,INDEPENDENT_BRIDGE,alcohol_tobacco,4,cumulative_weighted_error,86,-0.03911522539776377,0.12602194816578147,0.08560657882060616
full,own_coverage,INDEPENDENT_BRIDGE,alcohol_tobacco,5,cumulative_weighted_error,85,-0.050104101349244964,0.1397520032976228,0.0991516750030512
full,own_coverage,INDEPENDENT_BRIDGE,alcohol_tobacco,6,cumulative_weighted_error,84,-0.06342868893802078,0.15759148925097077,0.11177859511582061
full,own_coverage,INDEPENDENT_BRIDGE,alcohol_tobacco,7,cumulative_weighted_error,83,-0.07702186333484372,0.1747780612582538,0.12108929363536916
full,own_coverage,INDEPENDENT_BRIDGE,alcohol_tobacco,8,cumulative_weighted_error,82,-0.0891816903353326,0.19326531562875704,0.13401968121548397
full,own_coverage,INDEPENDENT_BRIDGE,alcohol_tobacco,9,cumulative_weighted_error,81,-0.10215676477943071,0.2124427528413732,0.15092988894400347
full,own_coverage,INDEPENDENT_BRIDGE,alcohol_tobacco,10,cumulative_weighted_error,80,-0.1160164989562611,0.22994909201073396,0.16362093045826712
full,own_coverage,INDEPENDENT_BRIDGE,alcohol_tobacco,11,cumulative_weighted_error,79,-0.12903903171348688,0.2507864718710614,0.17601685658499694
full,own_coverage,INDEPENDENT_BRIDGE,alcohol_tobacco,12,cumulative_weighted_error,78,-0.14127618998500893,0.2707858797374342,0.19178625659875675
full,own_coverage,INDEPENDENT_BRIDGE,core,1,cumulative_weighted_error,89,-0.03158636946744155,0.1990701377459988,0.15627879475681922
full,own_coverage,INDEPENDENT_BRIDGE,core,2,cumulative_weighted_error,88,-0.0572190912763487,0.37136969525748,0.2892501208902907
full,own_coverage,INDEPENDENT_BRIDGE,core,3,cumulative_weighted_error,87,-0.05384070623038494,0.5413296429821955,0.41004014565376873
full,own_coverage,INDEPENDENT_BRIDGE,core,4,cumulative_weighted_error,86,-0.04821797058593785,0.747097826264727,0.5367798387468018
full,own_coverage,INDEPENDENT_BRIDGE,core,5,cumulative_weighted_error,85,-0.07525166767572948,0.9602669906801716,0.6894785946384778
full,own_coverage,INDEPENDENT_BRIDGE,core,6,cumulative_weighted_error,84,-0.09858337532294699,1.26087261780613,0.9001617728851624
full,own_coverage,INDEPENDENT_BRIDGE,core,7,cumulative_weighted_error,83,-0.11996062104273979,1.5771862739294324,1.0953740187215568
full,own_coverage,INDEPENDENT_BRIDGE,core,8,cumulative_weighted_error,82,-0.13473249528889966,1.8621883140133701,1.2973268451909086
full,own_coverage,INDEPENDENT_BRIDGE,core,9,cumulative_weighted_error,81,-0.14498925132214485,2.175683852039164,1.521501095442813
full,own_coverage,INDEPENDENT_BRIDGE,core,10,cumulative_weighted_error,80,-0.18736017714281844,2.4342190926342058,1.6876708691883366
full,own_coverage,INDEPENDENT_BRIDGE,core,11,cumulative_weighted_error,79,-0.19616436226646258,2.6990282478832457,1.8611848900181007
full,own_coverage,INDEPENDENT_BRIDGE,core,12,cumulative_weighted_error,78,-0.20970615189050162,2.989048126860822,2.075778386404918
full,own_coverage,INDEPENDENT_BRIDGE,food,1,cumulative_weighted_error,88,-0.008235209755557936,0.18072389242361203,0.14017698883640933
full,own_coverage,INDEPENDENT_BRIDGE,food,2,cumulative_weighted_error,86,0.0001447955599724475,0.2839788630703102,0.22442920364361377
full,own_coverage,INDEPENDENT_BRIDGE,food,3,cumulative_weighted_error,84,0.0022627269710495815,0.3833189277606037,0.29310918171952277
full,own_coverage,INDEPENDENT_BRIDGE,food,4,cumulative_weighted_error,83,0.0008025707675052522,0.4826717230321735,0.3616643836582688
full,own_coverage,INDEPENDENT_BRIDGE,food,5,cumulative_weighted_error,82,-0.0005569987042727062,0.5951854879344439,0.4427224188643004
full,own_coverage,INDEPENDENT_BRIDGE,food,6,cumulative_weighted_error,81,-0.0016928902011310917,0.7269093085796188,0.536557609926346
full,own_coverage,INDEPENDENT_BRIDGE,food,7,cumulative_weighted_error,80,-0.007935872411406673,0.8499169087460157,0.6181630043137172
full,own_coverage,INDEPENDENT_BRIDGE,food,8,cumulative_weighted_error,79,-0.014238841322646344,0.969834967520821,0.7137761783969098
full,own_coverage,INDEPENDENT_BRIDGE,food,9,cumulative_weighted_error,78,-0.019925235522386207,1.0822069028377297,0.7785338670806579
full,own_coverage,INDEPENDENT_BRIDGE,food,10,cumulative_weighted_error,77,-0.030735333539683263,1.2025958346637928,0.8701788927594655
full,own_coverage,INDEPENDENT_BRIDGE,food,11,cumulative_weighted_error,76,-0.039663993329251676,1.314609365138762,0.9424580351323142
full,own_coverage,INDEPENDENT_BRIDGE,food,12,cumulative_weighted_error,75,-0.060144759309905566,1.4139940071968642,1.0249062557822397
full,own_coverage,INDEPENDENT_BRIDGE,fuel,1,cumulative_weighted_error,89,-0.00159227577482975,0.15323791433534995,0.0992581342144595
full,own_coverage,INDEPENDENT_BRIDGE,fuel,2,cumulative_weighted_error,88,-0.003880687575340176,0.24897482849107558,0.1710931095413559
full,own_coverage,INDEPENDENT_BRIDGE,fuel,3,cumulative_weighted_error,87,-0.009622648175752231,0.3013501724753456,0.21594501512007588
full,own_coverage,INDEPENDENT_BRIDGE,fuel,4,cumulative_weighted_error,86,-0.016199160757898134,0.3340167825857792,0.2536664538836793
full,own_coverage,INDEPENDENT_BRIDGE,fuel,5,cumulative_weighted_error,85,-0.020843654406229824,0.37529495750112063,0.29142221813465097
full,own_coverage,INDEPENDENT_BRIDGE,fuel,6,cumulative_weighted_error,84,-0.01865575101309863,0.4109350310528386,0.31744974490441463
full,own_coverage,INDEPENDENT_BRIDGE,fuel,7,cumulative_weighted_error,83,-0.014925308566743534,0.43932480484288133,0.3469412696198998
full,own_coverage,INDEPENDENT_BRIDGE,fuel,8,cumulative_weighted_error,82,-0.012716894206449643,0.47282931276717977,0.3904257337552352
full,own_coverage,INDEPENDENT_BRIDGE,fuel,9,cumulative_weighted_error,81,-0.011267647814321139,0.5117435207331004,0.4314415735399992
full,own_coverage,INDEPENDENT_BRIDGE,fuel,10,cumulative_weighted_error,80,-0.00904463923898988,0.5424363193609304,0.461551279558138
full,own_coverage,INDEPENDENT_BRIDGE,fuel,11,cumulative_weighted_error,79,-0.006341223316624787,0.5661044798660163,0.4848315040470578
full,own_coverage,INDEPENDENT_BRIDGE,fuel,12,cumulative_weighted_error,78,-0.0034405790047001682,0.5874068329625675,0.49725399599263664
full,model_all_blocks_common,INDEPENDENT_BRIDGE,administered,1,cumulative_weighted_error,88,-0.04416120548023745,0.5988608942891038,0.1780140066879446
full,model_all_blocks_common,INDEPENDENT_BRIDGE,administered,2,cumulative_weighted_error,86,-0.09185651691797093,0.823466984794938,0.3086602754763862
full,model_all_blocks_common,INDEPENDENT_BRIDGE,administered,3,cumulative_weighted_error,84,-0.17503688726472394,1.0292920174245288,0.42181795447580017
full,model_all_blocks_common,INDEPENDENT_BRIDGE,administered,4,cumulative_weighted_error,83,-0.2587669202950797,1.1024522739291327,0.49566951024950817
full,model_all_blocks_common,INDEPENDENT_BRIDGE,administered,5,cumulative_weighted_error,82,-0.34538265766259235,1.208403023477511,0.5896520434800809
full,model_all_blocks_common,INDEPENDENT_BRIDGE,administered,6,cumulative_weighted_error,81,-0.4364356365716274,1.3250567943508265,0.6877367710722979
full,model_all_blocks_common,INDEPENDENT_BRIDGE,administered,7,cumulative_weighted_error,80,-0.5291010174281175,1.4357232053785247,0.781080140717688
full,model_all_blocks_common,INDEPENDENT_BRIDGE,administered,8,cumulative_weighted_error,79,-0.6281223898395694,1.5522051384149878,0.8690442121255142
full,model_all_blocks_common,INDEPENDENT_BRIDGE,administered,9,cumulative_weighted_error,78,-0.7270755904121824,1.6523876525254784,0.9599468790458722
full,model_all_blocks_common,INDEPENDENT_BRIDGE,administered,10,cumulative_weighted_error,77,-0.8302105176456719,1.7779386222618938,1.0895234900615285
full,model_all_blocks_common,INDEPENDENT_BRIDGE,administered,11,cumulative_weighted_error,76,-0.9333230411512329,1.911706866470868,1.2044666215440498
full,model_all_blocks_common,INDEPENDENT_BRIDGE,administered,12,cumulative_weighted_error,75,-1.0407945643860452,2.0171171214476584,1.2973009006131417
full,model_all_blocks_common,INDEPENDENT_BRIDGE,alcohol_tobacco,1,cumulative_weighted_error,88,-0.008099050884735419,0.08040210938265492,0.06192056775538604
full,model_all_blocks_common,INDEPENDENT_BRIDGE,alcohol_tobacco,2,cumulative_weighted_error,86,-0.020507742980220366,0.09927558387156193,0.07332258271205838
full,model_all_blocks_common,INDEPENDENT_BRIDGE,alcohol_tobacco,3,cumulative_weighted_error,84,-0.031671669129424415,0.1116711656708586,0.07842646036161868
full,model_all_blocks_common,INDEPENDENT_BRIDGE,alcohol_tobacco,4,cumulative_weighted_error,83,-0.04355288643629053,0.1251320448319655,0.08378306136618571
full,model_all_blocks_common,INDEPENDENT_BRIDGE,alcohol_tobacco,5,cumulative_weighted_error,82,-0.05479610444635154,0.1394685981945936,0.09763212556836785
full,model_all_blocks_common,INDEPENDENT_BRIDGE,alcohol_tobacco,6,cumulative_weighted_error,81,-0.06752037199653836,0.15924545871098184,0.11212409698767026
full,model_all_blocks_common,INDEPENDENT_BRIDGE,alcohol_tobacco,7,cumulative_weighted_error,80,-0.08152268537528493,0.1768687288582444,0.12174924409925499
full,model_all_blocks_common,INDEPENDENT_BRIDGE,alcohol_tobacco,8,cumulative_weighted_error,79,-0.09415826222883744,0.19579373946037343,0.13505812016520063
full,model_all_blocks_common,INDEPENDENT_BRIDGE,alcohol_tobacco,9,cumulative_weighted_error,78,-0.10497464400020544,0.21323426485214364,0.15027214358183164
full,model_all_blocks_common,INDEPENDENT_BRIDGE,alcohol_tobacco,10,cumulative_weighted_error,77,-0.11830553494520461,0.23308246031627208,0.16539010361305498
full,model_all_blocks_common,INDEPENDENT_BRIDGE,alcohol_tobacco,11,cumulative_weighted_error,76,-0.1298163443604973,0.2537078413297973,0.17780198684505374
full,model_all_blocks_common,INDEPENDENT_BRIDGE,alcohol_tobacco,12,cumulative_weighted_error,75,-0.14553984943117623,0.27586170189751164,0.19711963184045278
full,model_all_blocks_common,INDEPENDENT_BRIDGE,core,1,cumulative_weighted_error,88,-0.03272324784455043,0.20006496763757356,0.15727674779134967
full,model_all_blocks_common,INDEPENDENT_BRIDGE,core,2,cumulative_weighted_error,86,-0.060440821034817765,0.37535373813351747,0.2940858146705807
full,model_all_blocks_common,INDEPENDENT_BRIDGE,core,3,cumulative_weighted_error,84,-0.052505422909729246,0.5487254527356229,0.41724151631684087
full,model_all_blocks_common,INDEPENDENT_BRIDGE,core,4,cumulative_weighted_error,83,-0.04277251824336253,0.7581880616491872,0.5459104347045912
full,model_all_blocks_common,INDEPENDENT_BRIDGE,core,5,cumulative_weighted_error,82,-0.07033081515213897,0.9767086030686005,0.7070294589549879
full,model_all_blocks_common,INDEPENDENT_BRIDGE,core,6,cumulative_weighted_error,81,-0.094920458233635,1.283206692759147,0.9261869445944512
full,model_all_blocks_common,INDEPENDENT_BRIDGE,core,7,cumulative_weighted_error,80,-0.11905932868140576,1.6055722630379936,1.126774016018852
full,model_all_blocks_common,INDEPENDENT_BRIDGE,core,8,cumulative_weighted_error,79,-0.13386103722605133,1.8964952626557534,1.3377280820884194
full,model_all_blocks_common,INDEPENDENT_BRIDGE,core,9,cumulative_weighted_error,78,-0.14252014514739464,2.21538638410903,1.5661442240890542
full,model_all_blocks_common,INDEPENDENT_BRIDGE,core,10,cumulative_weighted_error,77,-0.18150192806106688,2.477961275393938,1.7323910485962946
full,model_all_blocks_common,INDEPENDENT_BRIDGE,core,11,cumulative_weighted_error,76,-0.1874909730577141,2.7490922797958857,1.9140696531243757
full,model_all_blocks_common,INDEPENDENT_BRIDGE,core,12,cumulative_weighted_error,75,-0.20369891477936597,3.0463734818862718,2.143058490913519
full,model_all_blocks_common,INDEPENDENT_BRIDGE,food,1,cumulative_weighted_error,88,-0.008235209755557936,0.18072389242361203,0.14017698883640933
full,model_all_blocks_common,INDEPENDENT_BRIDGE,food,2,cumulative_weighted_error,86,0.0001447955599724475,0.2839788630703102,0.22442920364361377
full,model_all_blocks_common,INDEPENDENT_BRIDGE,food,3,cumulative_weighted_error,84,0.0022627269710495815,0.3833189277606037,0.29310918171952277
full,model_all_blocks_common,INDEPENDENT_BRIDGE,food,4,cumulative_weighted_error,83,0.0008025707675052522,0.4826717230321735,0.3616643836582688
full,model_all_blocks_common,INDEPENDENT_BRIDGE,food,5,cumulative_weighted_error,82,-0.0005569987042727062,0.5951854879344439,0.4427224188643004
full,model_all_blocks_common,INDEPENDENT_BRIDGE,food,6,cumulative_weighted_error,81,-0.0016928902011310917,0.7269093085796188,0.536557609926346
full,model_all_blocks_common,INDEPENDENT_BRIDGE,food,7,cumulative_weighted_error,80,-0.007935872411406673,0.8499169087460157,0.6181630043137172
full,model_all_blocks_common,INDEPENDENT_BRIDGE,food,8,cumulative_weighted_error,79,-0.014238841322646344,0.969834967520821,0.7137761783969098
full,model_all_blocks_common,INDEPENDENT_BRIDGE,food,9,cumulative_weighted_error,78,-0.019925235522386207,1.0822069028377297,0.7785338670806579
full,model_all_blocks_common,INDEPENDENT_BRIDGE,food,10,cumulative_weighted_error,77,-0.030735333539683263,1.2025958346637928,0.8701788927594655
full,model_all_blocks_common,INDEPENDENT_BRIDGE,food,11,cumulative_weighted_error,76,-0.039663993329251676,1.314609365138762,0.9424580351323142
full,model_all_blocks_common,INDEPENDENT_BRIDGE,food,12,cumulative_weighted_error,75,-0.060144759309905566,1.4139940071968642,1.0249062557822397
full,model_all_blocks_common,INDEPENDENT_BRIDGE,fuel,1,cumulative_weighted_error,88,-0.0010615137874591131,0.1540200906078172,0.09983721152753922
full,model_all_blocks_common,INDEPENDENT_BRIDGE,fuel,2,cumulative_weighted_error,86,-0.0017995437297924327,0.2514216159142519,0.17290062667176204
full,model_all_blocks_common,INDEPENDENT_BRIDGE,fuel,3,cumulative_weighted_error,84,-0.009642355472247769,0.30624557787629764,0.2210825345967131
full,model_all_blocks_common,INDEPENDENT_BRIDGE,fuel,4,cumulative_weighted_error,83,-0.017443965065897384,0.339814871978523,0.2608906260589513
full,model_all_blocks_common,INDEPENDENT_BRIDGE,fuel,5,cumulative_weighted_error,82,-0.02286422611269974,0.38188111858398477,0.3002457092174403
full,model_all_blocks_common,INDEPENDENT_BRIDGE,fuel,6,cumulative_weighted_error,81,-0.02115215085685453,0.41815063237152805,0.32654299067940296
full,model_all_blocks_common,INDEPENDENT_BRIDGE,fuel,7,cumulative_weighted_error,80,-0.018206904703576866,0.4470861916080366,0.3571071387529404
full,model_all_blocks_common,INDEPENDENT_BRIDGE,fuel,8,cumulative_weighted_error,79,-0.016233909891108633,0.48138266791938605,0.4022179317906402
full,model_all_blocks_common,INDEPENDENT_BRIDGE,fuel,9,cumulative_weighted_error,78,-0.013884018586802643,0.521365636638703,0.44585248051191456
full,model_all_blocks_common,INDEPENDENT_BRIDGE,fuel,10,cumulative_weighted_error,77,-0.010461103463639432,0.5528465592679446,0.47842225980991493
full,model_all_blocks_common,INDEPENDENT_BRIDGE,fuel,11,cumulative_weighted_error,76,-0.008716791603200791,0.5766137479815753,0.5004381649864574
full,model_all_blocks_common,INDEPENDENT_BRIDGE,fuel,12,cumulative_weighted_error,75,-0.012160227145726597,0.5952043148392231,0.506839399277172
full,all_models_all_blocks_common,INDEPENDENT_BRIDGE,administered,1,cumulative_weighted_error,88,-0.04416120548023745,0.5988608942891038,0.1780140066879446
full,all_models_all_blocks_common,INDEPENDENT_BRIDGE,administered,2,cumulative_weighted_error,86,-0.09185651691797093,0.823466984794938,0.3086602754763862
full,all_models_all_blocks_common,INDEPENDENT_BRIDGE,administered,3,cumulative_weighted_error,84,-0.17503688726472394,1.0292920174245288,0.42181795447580017
full,all_models_all_blocks_common,INDEPENDENT_BRIDGE,administered,4,cumulative_weighted_error,83,-0.2587669202950797,1.1024522739291327,0.49566951024950817
full,all_models_all_blocks_common,INDEPENDENT_BRIDGE,administered,5,cumulative_weighted_error,82,-0.34538265766259235,1.208403023477511,0.5896520434800809
full,all_models_all_blocks_common,INDEPENDENT_BRIDGE,administered,6,cumulative_weighted_error,81,-0.4364356365716274,1.3250567943508265,0.6877367710722979
full,all_models_all_blocks_common,INDEPENDENT_BRIDGE,administered,7,cumulative_weighted_error,80,-0.5291010174281175,1.4357232053785247,0.781080140717688
full,all_models_all_blocks_common,INDEPENDENT_BRIDGE,administered,8,cumulative_weighted_error,79,-0.6281223898395694,1.5522051384149878,0.8690442121255142
full,all_models_all_blocks_common,INDEPENDENT_BRIDGE,administered,9,cumulative_weighted_error,78,-0.7270755904121824,1.6523876525254784,0.9599468790458722
full,all_models_all_blocks_common,INDEPENDENT_BRIDGE,administered,10,cumulative_weighted_error,77,-0.8302105176456719,1.7779386222618938,1.0895234900615285
full,all_models_all_blocks_common,INDEPENDENT_BRIDGE,administered,11,cumulative_weighted_error,76,-0.9333230411512329,1.911706866470868,1.2044666215440498
full,all_models_all_blocks_common,INDEPENDENT_BRIDGE,administered,12,cumulative_weighted_error,75,-1.0407945643860452,2.0171171214476584,1.2973009006131417
full,all_models_all_blocks_common,INDEPENDENT_BRIDGE,alcohol_tobacco,1,cumulative_weighted_error,88,-0.008099050884735419,0.08040210938265492,0.06192056775538604
full,all_models_all_blocks_common,INDEPENDENT_BRIDGE,alcohol_tobacco,2,cumulative_weighted_error,86,-0.020507742980220366,0.09927558387156193,0.07332258271205838
full,all_models_all_blocks_common,INDEPENDENT_BRIDGE,alcohol_tobacco,3,cumulative_weighted_error,84,-0.031671669129424415,0.1116711656708586,0.07842646036161868
full,all_models_all_blocks_common,INDEPENDENT_BRIDGE,alcohol_tobacco,4,cumulative_weighted_error,83,-0.04355288643629053,0.1251320448319655,0.08378306136618571
full,all_models_all_blocks_common,INDEPENDENT_BRIDGE,alcohol_tobacco,5,cumulative_weighted_error,82,-0.05479610444635154,0.1394685981945936,0.09763212556836785
full,all_models_all_blocks_common,INDEPENDENT_BRIDGE,alcohol_tobacco,6,cumulative_weighted_error,81,-0.06752037199653836,0.15924545871098184,0.11212409698767026
full,all_models_all_blocks_common,INDEPENDENT_BRIDGE,alcohol_tobacco,7,cumulative_weighted_error,80,-0.08152268537528493,0.1768687288582444,0.12174924409925499
full,all_models_all_blocks_common,INDEPENDENT_BRIDGE,alcohol_tobacco,8,cumulative_weighted_error,79,-0.09415826222883744,0.19579373946037343,0.13505812016520063
full,all_models_all_blocks_common,INDEPENDENT_BRIDGE,alcohol_tobacco,9,cumulative_weighted_error,78,-0.10497464400020544,0.21323426485214364,0.15027214358183164
full,all_models_all_blocks_common,INDEPENDENT_BRIDGE,alcohol_tobacco,10,cumulative_weighted_error,77,-0.11830553494520461,0.23308246031627208,0.16539010361305498
full,all_models_all_blocks_common,INDEPENDENT_BRIDGE,alcohol_tobacco,11,cumulative_weighted_error,76,-0.1298163443604973,0.2537078413297973,0.17780198684505374
full,all_models_all_blocks_common,INDEPENDENT_BRIDGE,alcohol_tobacco,12,cumulative_weighted_error,75,-0.14553984943117623,0.27586170189751164,0.19711963184045278
full,all_models_all_blocks_common,INDEPENDENT_BRIDGE,core,1,cumulative_weighted_error,88,-0.03272324784455043,0.20006496763757356,0.15727674779134967
full,all_models_all_blocks_common,INDEPENDENT_BRIDGE,core,2,cumulative_weighted_error,86,-0.060440821034817765,0.37535373813351747,0.2940858146705807
full,all_models_all_blocks_common,INDEPENDENT_BRIDGE,core,3,cumulative_weighted_error,84,-0.052505422909729246,0.5487254527356229,0.41724151631684087
full,all_models_all_blocks_common,INDEPENDENT_BRIDGE,core,4,cumulative_weighted_error,83,-0.04277251824336253,0.7581880616491872,0.5459104347045912
full,all_models_all_blocks_common,INDEPENDENT_BRIDGE,core,5,cumulative_weighted_error,82,-0.07033081515213897,0.9767086030686005,0.7070294589549879
full,all_models_all_blocks_common,INDEPENDENT_BRIDGE,core,6,cumulative_weighted_error,81,-0.094920458233635,1.283206692759147,0.9261869445944512
full,all_models_all_blocks_common,INDEPENDENT_BRIDGE,core,7,cumulative_weighted_error,80,-0.11905932868140576,1.6055722630379936,1.126774016018852
full,all_models_all_blocks_common,INDEPENDENT_BRIDGE,core,8,cumulative_weighted_error,79,-0.13386103722605133,1.8964952626557534,1.3377280820884194
full,all_models_all_blocks_common,INDEPENDENT_BRIDGE,core,9,cumulative_weighted_error,78,-0.14252014514739464,2.21538638410903,1.5661442240890542
full,all_models_all_blocks_common,INDEPENDENT_BRIDGE,core,10,cumulative_weighted_error,77,-0.18150192806106688,2.477961275393938,1.7323910485962946
full,all_models_all_blocks_common,INDEPENDENT_BRIDGE,core,11,cumulative_weighted_error,76,-0.1874909730577141,2.7490922797958857,1.9140696531243757
full,all_models_all_blocks_common,INDEPENDENT_BRIDGE,core,12,cumulative_weighted_error,75,-0.20369891477936597,3.0463734818862718,2.143058490913519
full,all_models_all_blocks_common,INDEPENDENT_BRIDGE,food,1,cumulative_weighted_error,88,-0.008235209755557936,0.18072389242361203,0.14017698883640933
full,all_models_all_blocks_common,INDEPENDENT_BRIDGE,food,2,cumulative_weighted_error,86,0.0001447955599724475,0.2839788630703102,0.22442920364361377
full,all_models_all_blocks_common,INDEPENDENT_BRIDGE,food,3,cumulative_weighted_error,84,0.0022627269710495815,0.3833189277606037,0.29310918171952277
full,all_models_all_blocks_common,INDEPENDENT_BRIDGE,food,4,cumulative_weighted_error,83,0.0008025707675052522,0.4826717230321735,0.3616643836582688
full,all_models_all_blocks_common,INDEPENDENT_BRIDGE,food,5,cumulative_weighted_error,82,-0.0005569987042727062,0.5951854879344439,0.4427224188643004
full,all_models_all_blocks_common,INDEPENDENT_BRIDGE,food,6,cumulative_weighted_error,81,-0.0016928902011310917,0.7269093085796188,0.536557609926346
full,all_models_all_blocks_common,INDEPENDENT_BRIDGE,food,7,cumulative_weighted_error,80,-0.007935872411406673,0.8499169087460157,0.6181630043137172
full,all_models_all_blocks_common,INDEPENDENT_BRIDGE,food,8,cumulative_weighted_error,79,-0.014238841322646344,0.969834967520821,0.7137761783969098
full,all_models_all_blocks_common,INDEPENDENT_BRIDGE,food,9,cumulative_weighted_error,78,-0.019925235522386207,1.0822069028377297,0.7785338670806579
full,all_models_all_blocks_common,INDEPENDENT_BRIDGE,food,10,cumulative_weighted_error,77,-0.030735333539683263,1.2025958346637928,0.8701788927594655
full,all_models_all_blocks_common,INDEPENDENT_BRIDGE,food,11,cumulative_weighted_error,76,-0.039663993329251676,1.314609365138762,0.9424580351323142
full,all_models_all_blocks_common,INDEPENDENT_BRIDGE,food,12,cumulative_weighted_error,75,-0.060144759309905566,1.4139940071968642,1.0249062557822397
full,all_models_all_blocks_common,INDEPENDENT_BRIDGE,fuel,1,cumulative_weighted_error,88,-0.0010615137874591131,0.1540200906078172,0.09983721152753922
full,all_models_all_blocks_common,INDEPENDENT_BRIDGE,fuel,2,cumulative_weighted_error,86,-0.0017995437297924327,0.2514216159142519,0.17290062667176204
full,all_models_all_blocks_common,INDEPENDENT_BRIDGE,fuel,3,cumulative_weighted_error,84,-0.009642355472247769,0.30624557787629764,0.2210825345967131
full,all_models_all_blocks_common,INDEPENDENT_BRIDGE,fuel,4,cumulative_weighted_error,83,-0.017443965065897384,0.339814871978523,0.2608906260589513
full,all_models_all_blocks_common,INDEPENDENT_BRIDGE,fuel,5,cumulative_weighted_error,82,-0.02286422611269974,0.38188111858398477,0.3002457092174403
full,all_models_all_blocks_common,INDEPENDENT_BRIDGE,fuel,6,cumulative_weighted_error,81,-0.02115215085685453,0.41815063237152805,0.32654299067940296
full,all_models_all_blocks_common,INDEPENDENT_BRIDGE,fuel,7,cumulative_weighted_error,80,-0.018206904703576866,0.4470861916080366,0.3571071387529404
full,all_models_all_blocks_common,INDEPENDENT_BRIDGE,fuel,8,cumulative_weighted_error,79,-0.016233909891108633,0.48138266791938605,0.4022179317906402
full,all_models_all_blocks_common,INDEPENDENT_BRIDGE,fuel,9,cumulative_weighted_error,78,-0.013884018586802643,0.521365636638703,0.44585248051191456
full,all_models_all_blocks_common,INDEPENDENT_BRIDGE,fuel,10,cumulative_weighted_error,77,-0.010461103463639432,0.5528465592679446,0.47842225980991493
full,all_models_all_blocks_common,INDEPENDENT_BRIDGE,fuel,11,cumulative_weighted_error,76,-0.008716791603200791,0.5766137479815753,0.5004381649864574
full,all_models_all_blocks_common,INDEPENDENT_BRIDGE,fuel,12,cumulative_weighted_error,75,-0.012160227145726597,0.5952043148392231,0.506839399277172
full,own_coverage,INDEPENDENT_BRIDGE,administered,1,annual_error,88,-0.11911212254514575,0.9107373045382808,0.5483448281111426
full,own_coverage,INDEPENDENT_BRIDGE,administered,2,annual_error,86,-0.19975388785801595,1.2945851997901525,0.8416168863837291
full,own_coverage,INDEPENDENT_BRIDGE,administered,3,annual_error,84,-0.3006623316620666,1.537322045729783,1.0545270625741106
full,own_coverage,INDEPENDENT_BRIDGE,administered,4,annual_error,83,-0.4035375617940799,1.8237299080241303,1.2336350251540238
full,own_coverage,INDEPENDENT_BRIDGE,administered,5,annual_error,82,-0.5459131715251515,2.1684759425885596,1.4221142305582855
full,own_coverage,INDEPENDENT_BRIDGE,administered,6,annual_error,81,-0.6833580329573764,2.516379371214503,1.5996315808539057
full,own_coverage,INDEPENDENT_BRIDGE,administered,7,annual_error,80,-0.8248089756541122,2.9913320570711575,1.9160059597099122
full,own_coverage,INDEPENDENT_BRIDGE,administered,8,annual_error,79,-0.9649227576127072,3.333292762520484,2.196616877733628
full,own_coverage,INDEPENDENT_BRIDGE,administered,9,annual_error,78,-1.1028651078373797,3.9216066990467007,2.5892665608340737
full,own_coverage,INDEPENDENT_BRIDGE,administered,10,annual_error,77,-1.2791015441879716,4.498759705784156,2.955190171281076
full,own_coverage,INDEPENDENT_BRIDGE,administered,11,annual_error,76,-1.4233545170754647,5.002024433226822,3.330081118868552
full,own_coverage,INDEPENDENT_BRIDGE,administered,12,annual_error,75,-1.5635949494163677,5.394838562659049,3.6192915166159234
full,own_coverage,INDEPENDENT_BRIDGE,alcohol_tobacco,1,annual_error,88,-0.11911212254514575,0.9107373045382808,0.5483448281111426
full,own_coverage,INDEPENDENT_BRIDGE,alcohol_tobacco,2,annual_error,86,-0.19975388785801595,1.2945851997901525,0.8416168863837291
full,own_coverage,INDEPENDENT_BRIDGE,alcohol_tobacco,3,annual_error,84,-0.3006623316620666,1.537322045729783,1.0545270625741106
full,own_coverage,INDEPENDENT_BRIDGE,alcohol_tobacco,4,annual_error,83,-0.4035375617940799,1.8237299080241303,1.2336350251540238
full,own_coverage,INDEPENDENT_BRIDGE,alcohol_tobacco,5,annual_error,82,-0.5459131715251515,2.1684759425885596,1.4221142305582855
full,own_coverage,INDEPENDENT_BRIDGE,alcohol_tobacco,6,annual_error,81,-0.6833580329573764,2.516379371214503,1.5996315808539057
full,own_coverage,INDEPENDENT_BRIDGE,alcohol_tobacco,7,annual_error,80,-0.8248089756541122,2.9913320570711575,1.9160059597099122
full,own_coverage,INDEPENDENT_BRIDGE,alcohol_tobacco,8,annual_error,79,-0.9649227576127072,3.333292762520484,2.196616877733628
full,own_coverage,INDEPENDENT_BRIDGE,alcohol_tobacco,9,annual_error,78,-1.1028651078373797,3.9216066990467007,2.5892665608340737
full,own_coverage,INDEPENDENT_BRIDGE,alcohol_tobacco,10,annual_error,77,-1.2791015441879716,4.498759705784156,2.955190171281076
full,own_coverage,INDEPENDENT_BRIDGE,alcohol_tobacco,11,annual_error,76,-1.4233545170754647,5.002024433226822,3.330081118868552
full,own_coverage,INDEPENDENT_BRIDGE,alcohol_tobacco,12,annual_error,75,-1.5635949494163677,5.394838562659049,3.6192915166159234
full,own_coverage,INDEPENDENT_BRIDGE,core,1,annual_error,88,-0.11911212254514575,0.9107373045382808,0.5483448281111426
full,own_coverage,INDEPENDENT_BRIDGE,core,2,annual_error,86,-0.19975388785801595,1.2945851997901525,0.8416168863837291
full,own_coverage,INDEPENDENT_BRIDGE,core,3,annual_error,84,-0.3006623316620666,1.537322045729783,1.0545270625741106
full,own_coverage,INDEPENDENT_BRIDGE,core,4,annual_error,83,-0.4035375617940799,1.8237299080241303,1.2336350251540238
full,own_coverage,INDEPENDENT_BRIDGE,core,5,annual_error,82,-0.5459131715251515,2.1684759425885596,1.4221142305582855
full,own_coverage,INDEPENDENT_BRIDGE,core,6,annual_error,81,-0.6833580329573764,2.516379371214503,1.5996315808539057
full,own_coverage,INDEPENDENT_BRIDGE,core,7,annual_error,80,-0.8248089756541122,2.9913320570711575,1.9160059597099122
full,own_coverage,INDEPENDENT_BRIDGE,core,8,annual_error,79,-0.9649227576127072,3.333292762520484,2.196616877733628
full,own_coverage,INDEPENDENT_BRIDGE,core,9,annual_error,78,-1.1028651078373797,3.9216066990467007,2.5892665608340737
full,own_coverage,INDEPENDENT_BRIDGE,core,10,annual_error,77,-1.2791015441879716,4.498759705784156,2.955190171281076
full,own_coverage,INDEPENDENT_BRIDGE,core,11,annual_error,76,-1.4233545170754647,5.002024433226822,3.330081118868552
full,own_coverage,INDEPENDENT_BRIDGE,core,12,annual_error,75,-1.5635949494163677,5.394838562659049,3.6192915166159234
full,own_coverage,INDEPENDENT_BRIDGE,food,1,annual_error,88,-0.11911212254514575,0.9107373045382808,0.5483448281111426
full,own_coverage,INDEPENDENT_BRIDGE,food,2,annual_error,86,-0.19975388785801595,1.2945851997901525,0.8416168863837291
full,own_coverage,INDEPENDENT_BRIDGE,food,3,annual_error,84,-0.3006623316620666,1.537322045729783,1.0545270625741106
full,own_coverage,INDEPENDENT_BRIDGE,food,4,annual_error,83,-0.4035375617940799,1.8237299080241303,1.2336350251540238
full,own_coverage,INDEPENDENT_BRIDGE,food,5,annual_error,82,-0.5459131715251515,2.1684759425885596,1.4221142305582855
full,own_coverage,INDEPENDENT_BRIDGE,food,6,annual_error,81,-0.6833580329573764,2.516379371214503,1.5996315808539057
full,own_coverage,INDEPENDENT_BRIDGE,food,7,annual_error,80,-0.8248089756541122,2.9913320570711575,1.9160059597099122
full,own_coverage,INDEPENDENT_BRIDGE,food,8,annual_error,79,-0.9649227576127072,3.333292762520484,2.196616877733628
full,own_coverage,INDEPENDENT_BRIDGE,food,9,annual_error,78,-1.1028651078373797,3.9216066990467007,2.5892665608340737
full,own_coverage,INDEPENDENT_BRIDGE,food,10,annual_error,77,-1.2791015441879716,4.498759705784156,2.955190171281076
full,own_coverage,INDEPENDENT_BRIDGE,food,11,annual_error,76,-1.4233545170754647,5.002024433226822,3.330081118868552
full,own_coverage,INDEPENDENT_BRIDGE,food,12,annual_error,75,-1.5635949494163677,5.394838562659049,3.6192915166159234
full,own_coverage,INDEPENDENT_BRIDGE,fuel,1,annual_error,88,-0.11911212254514575,0.9107373045382808,0.5483448281111426
full,own_coverage,INDEPENDENT_BRIDGE,fuel,2,annual_error,86,-0.19975388785801595,1.2945851997901525,0.8416168863837291
full,own_coverage,INDEPENDENT_BRIDGE,fuel,3,annual_error,84,-0.3006623316620666,1.537322045729783,1.0545270625741106
full,own_coverage,INDEPENDENT_BRIDGE,fuel,4,annual_error,83,-0.4035375617940799,1.8237299080241303,1.2336350251540238
full,own_coverage,INDEPENDENT_BRIDGE,fuel,5,annual_error,82,-0.5459131715251515,2.1684759425885596,1.4221142305582855
full,own_coverage,INDEPENDENT_BRIDGE,fuel,6,annual_error,81,-0.6833580329573764,2.516379371214503,1.5996315808539057
full,own_coverage,INDEPENDENT_BRIDGE,fuel,7,annual_error,80,-0.8248089756541122,2.9913320570711575,1.9160059597099122
full,own_coverage,INDEPENDENT_BRIDGE,fuel,8,annual_error,79,-0.9649227576127072,3.333292762520484,2.196616877733628
full,own_coverage,INDEPENDENT_BRIDGE,fuel,9,annual_error,78,-1.1028651078373797,3.9216066990467007,2.5892665608340737
full,own_coverage,INDEPENDENT_BRIDGE,fuel,10,annual_error,77,-1.2791015441879716,4.498759705784156,2.955190171281076
full,own_coverage,INDEPENDENT_BRIDGE,fuel,11,annual_error,76,-1.4233545170754647,5.002024433226822,3.330081118868552
full,own_coverage,INDEPENDENT_BRIDGE,fuel,12,annual_error,75,-1.5635949494163677,5.394838562659049,3.6192915166159234
full,model_all_blocks_common,INDEPENDENT_BRIDGE,administered,1,annual_error,88,-0.11911212254514575,0.9107373045382808,0.5483448281111426
full,model_all_blocks_common,INDEPENDENT_BRIDGE,administered,2,annual_error,86,-0.19975388785801595,1.2945851997901525,0.8416168863837291
full,model_all_blocks_common,INDEPENDENT_BRIDGE,administered,3,annual_error,84,-0.3006623316620666,1.537322045729783,1.0545270625741106
full,model_all_blocks_common,INDEPENDENT_BRIDGE,administered,4,annual_error,83,-0.4035375617940799,1.8237299080241303,1.2336350251540238
full,model_all_blocks_common,INDEPENDENT_BRIDGE,administered,5,annual_error,82,-0.5459131715251515,2.1684759425885596,1.4221142305582855
full,model_all_blocks_common,INDEPENDENT_BRIDGE,administered,6,annual_error,81,-0.6833580329573764,2.516379371214503,1.5996315808539057
full,model_all_blocks_common,INDEPENDENT_BRIDGE,administered,7,annual_error,80,-0.8248089756541122,2.9913320570711575,1.9160059597099122
full,model_all_blocks_common,INDEPENDENT_BRIDGE,administered,8,annual_error,79,-0.9649227576127072,3.333292762520484,2.196616877733628
full,model_all_blocks_common,INDEPENDENT_BRIDGE,administered,9,annual_error,78,-1.1028651078373797,3.9216066990467007,2.5892665608340737
full,model_all_blocks_common,INDEPENDENT_BRIDGE,administered,10,annual_error,77,-1.2791015441879716,4.498759705784156,2.955190171281076
full,model_all_blocks_common,INDEPENDENT_BRIDGE,administered,11,annual_error,76,-1.4233545170754647,5.002024433226822,3.330081118868552
full,model_all_blocks_common,INDEPENDENT_BRIDGE,administered,12,annual_error,75,-1.5635949494163677,5.394838562659049,3.6192915166159234
full,model_all_blocks_common,INDEPENDENT_BRIDGE,alcohol_tobacco,1,annual_error,88,-0.11911212254514575,0.9107373045382808,0.5483448281111426
full,model_all_blocks_common,INDEPENDENT_BRIDGE,alcohol_tobacco,2,annual_error,86,-0.19975388785801595,1.2945851997901525,0.8416168863837291
full,model_all_blocks_common,INDEPENDENT_BRIDGE,alcohol_tobacco,3,annual_error,84,-0.3006623316620666,1.537322045729783,1.0545270625741106
full,model_all_blocks_common,INDEPENDENT_BRIDGE,alcohol_tobacco,4,annual_error,83,-0.4035375617940799,1.8237299080241303,1.2336350251540238
full,model_all_blocks_common,INDEPENDENT_BRIDGE,alcohol_tobacco,5,annual_error,82,-0.5459131715251515,2.1684759425885596,1.4221142305582855
full,model_all_blocks_common,INDEPENDENT_BRIDGE,alcohol_tobacco,6,annual_error,81,-0.6833580329573764,2.516379371214503,1.5996315808539057
full,model_all_blocks_common,INDEPENDENT_BRIDGE,alcohol_tobacco,7,annual_error,80,-0.8248089756541122,2.9913320570711575,1.9160059597099122
full,model_all_blocks_common,INDEPENDENT_BRIDGE,alcohol_tobacco,8,annual_error,79,-0.9649227576127072,3.333292762520484,2.196616877733628
full,model_all_blocks_common,INDEPENDENT_BRIDGE,alcohol_tobacco,9,annual_error,78,-1.1028651078373797,3.9216066990467007,2.5892665608340737
full,model_all_blocks_common,INDEPENDENT_BRIDGE,alcohol_tobacco,10,annual_error,77,-1.2791015441879716,4.498759705784156,2.955190171281076
full,model_all_blocks_common,INDEPENDENT_BRIDGE,alcohol_tobacco,11,annual_error,76,-1.4233545170754647,5.002024433226822,3.330081118868552
full,model_all_blocks_common,INDEPENDENT_BRIDGE,alcohol_tobacco,12,annual_error,75,-1.5635949494163677,5.394838562659049,3.6192915166159234
full,model_all_blocks_common,INDEPENDENT_BRIDGE,core,1,annual_error,88,-0.11911212254514575,0.9107373045382808,0.5483448281111426
full,model_all_blocks_common,INDEPENDENT_BRIDGE,core,2,annual_error,86,-0.19975388785801595,1.2945851997901525,0.8416168863837291
full,model_all_blocks_common,INDEPENDENT_BRIDGE,core,3,annual_error,84,-0.3006623316620666,1.537322045729783,1.0545270625741106
full,model_all_blocks_common,INDEPENDENT_BRIDGE,core,4,annual_error,83,-0.4035375617940799,1.8237299080241303,1.2336350251540238
full,model_all_blocks_common,INDEPENDENT_BRIDGE,core,5,annual_error,82,-0.5459131715251515,2.1684759425885596,1.4221142305582855
full,model_all_blocks_common,INDEPENDENT_BRIDGE,core,6,annual_error,81,-0.6833580329573764,2.516379371214503,1.5996315808539057
full,model_all_blocks_common,INDEPENDENT_BRIDGE,core,7,annual_error,80,-0.8248089756541122,2.9913320570711575,1.9160059597099122
full,model_all_blocks_common,INDEPENDENT_BRIDGE,core,8,annual_error,79,-0.9649227576127072,3.333292762520484,2.196616877733628
full,model_all_blocks_common,INDEPENDENT_BRIDGE,core,9,annual_error,78,-1.1028651078373797,3.9216066990467007,2.5892665608340737
full,model_all_blocks_common,INDEPENDENT_BRIDGE,core,10,annual_error,77,-1.2791015441879716,4.498759705784156,2.955190171281076
full,model_all_blocks_common,INDEPENDENT_BRIDGE,core,11,annual_error,76,-1.4233545170754647,5.002024433226822,3.330081118868552
full,model_all_blocks_common,INDEPENDENT_BRIDGE,core,12,annual_error,75,-1.5635949494163677,5.394838562659049,3.6192915166159234
full,model_all_blocks_common,INDEPENDENT_BRIDGE,food,1,annual_error,88,-0.11911212254514575,0.9107373045382808,0.5483448281111426
full,model_all_blocks_common,INDEPENDENT_BRIDGE,food,2,annual_error,86,-0.19975388785801595,1.2945851997901525,0.8416168863837291
full,model_all_blocks_common,INDEPENDENT_BRIDGE,food,3,annual_error,84,-0.3006623316620666,1.537322045729783,1.0545270625741106
full,model_all_blocks_common,INDEPENDENT_BRIDGE,food,4,annual_error,83,-0.4035375617940799,1.8237299080241303,1.2336350251540238
full,model_all_blocks_common,INDEPENDENT_BRIDGE,food,5,annual_error,82,-0.5459131715251515,2.1684759425885596,1.4221142305582855
full,model_all_blocks_common,INDEPENDENT_BRIDGE,food,6,annual_error,81,-0.6833580329573764,2.516379371214503,1.5996315808539057
full,model_all_blocks_common,INDEPENDENT_BRIDGE,food,7,annual_error,80,-0.8248089756541122,2.9913320570711575,1.9160059597099122
full,model_all_blocks_common,INDEPENDENT_BRIDGE,food,8,annual_error,79,-0.9649227576127072,3.333292762520484,2.196616877733628
full,model_all_blocks_common,INDEPENDENT_BRIDGE,food,9,annual_error,78,-1.1028651078373797,3.9216066990467007,2.5892665608340737
full,model_all_blocks_common,INDEPENDENT_BRIDGE,food,10,annual_error,77,-1.2791015441879716,4.498759705784156,2.955190171281076
full,model_all_blocks_common,INDEPENDENT_BRIDGE,food,11,annual_error,76,-1.4233545170754647,5.002024433226822,3.330081118868552
full,model_all_blocks_common,INDEPENDENT_BRIDGE,food,12,annual_error,75,-1.5635949494163677,5.394838562659049,3.6192915166159234
full,model_all_blocks_common,INDEPENDENT_BRIDGE,fuel,1,annual_error,88,-0.11911212254514575,0.9107373045382808,0.5483448281111426
full,model_all_blocks_common,INDEPENDENT_BRIDGE,fuel,2,annual_error,86,-0.19975388785801595,1.2945851997901525,0.8416168863837291
full,model_all_blocks_common,INDEPENDENT_BRIDGE,fuel,3,annual_error,84,-0.3006623316620666,1.537322045729783,1.0545270625741106
full,model_all_blocks_common,INDEPENDENT_BRIDGE,fuel,4,annual_error,83,-0.4035375617940799,1.8237299080241303,1.2336350251540238
full,model_all_blocks_common,INDEPENDENT_BRIDGE,fuel,5,annual_error,82,-0.5459131715251515,2.1684759425885596,1.4221142305582855
full,model_all_blocks_common,INDEPENDENT_BRIDGE,fuel,6,annual_error,81,-0.6833580329573764,2.516379371214503,1.5996315808539057
full,model_all_blocks_common,INDEPENDENT_BRIDGE,fuel,7,annual_error,80,-0.8248089756541122,2.9913320570711575,1.9160059597099122
full,model_all_blocks_common,INDEPENDENT_BRIDGE,fuel,8,annual_error,79,-0.9649227576127072,3.333292762520484,2.196616877733628
full,model_all_blocks_common,INDEPENDENT_BRIDGE,fuel,9,annual_error,78,-1.1028651078373797,3.9216066990467007,2.5892665608340737
full,model_all_blocks_common,INDEPENDENT_BRIDGE,fuel,10,annual_error,77,-1.2791015441879716,4.498759705784156,2.955190171281076
full,model_all_blocks_common,INDEPENDENT_BRIDGE,fuel,11,annual_error,76,-1.4233545170754647,5.002024433226822,3.330081118868552
full,model_all_blocks_common,INDEPENDENT_BRIDGE,fuel,12,annual_error,75,-1.5635949494163677,5.394838562659049,3.6192915166159234
full,all_models_all_blocks_common,INDEPENDENT_BRIDGE,administered,1,annual_error,88,-0.11911212254514575,0.9107373045382808,0.5483448281111426
full,all_models_all_blocks_common,INDEPENDENT_BRIDGE,administered,2,annual_error,86,-0.19975388785801595,1.2945851997901525,0.8416168863837291
full,all_models_all_blocks_common,INDEPENDENT_BRIDGE,administered,3,annual_error,84,-0.3006623316620666,1.537322045729783,1.0545270625741106
full,all_models_all_blocks_common,INDEPENDENT_BRIDGE,administered,4,annual_error,83,-0.4035375617940799,1.8237299080241303,1.2336350251540238
full,all_models_all_blocks_common,INDEPENDENT_BRIDGE,administered,5,annual_error,82,-0.5459131715251515,2.1684759425885596,1.4221142305582855
full,all_models_all_blocks_common,INDEPENDENT_BRIDGE,administered,6,annual_error,81,-0.6833580329573764,2.516379371214503,1.5996315808539057
full,all_models_all_blocks_common,INDEPENDENT_BRIDGE,administered,7,annual_error,80,-0.8248089756541122,2.9913320570711575,1.9160059597099122
full,all_models_all_blocks_common,INDEPENDENT_BRIDGE,administered,8,annual_error,79,-0.9649227576127072,3.333292762520484,2.196616877733628
full,all_models_all_blocks_common,INDEPENDENT_BRIDGE,administered,9,annual_error,78,-1.1028651078373797,3.9216066990467007,2.5892665608340737
full,all_models_all_blocks_common,INDEPENDENT_BRIDGE,administered,10,annual_error,77,-1.2791015441879716,4.498759705784156,2.955190171281076
full,all_models_all_blocks_common,INDEPENDENT_BRIDGE,administered,11,annual_error,76,-1.4233545170754647,5.002024433226822,3.330081118868552
full,all_models_all_blocks_common,INDEPENDENT_BRIDGE,administered,12,annual_error,75,-1.5635949494163677,5.394838562659049,3.6192915166159234
full,all_models_all_blocks_common,INDEPENDENT_BRIDGE,alcohol_tobacco,1,annual_error,88,-0.11911212254514575,0.9107373045382808,0.5483448281111426
full,all_models_all_blocks_common,INDEPENDENT_BRIDGE,alcohol_tobacco,2,annual_error,86,-0.19975388785801595,1.2945851997901525,0.8416168863837291
full,all_models_all_blocks_common,INDEPENDENT_BRIDGE,alcohol_tobacco,3,annual_error,84,-0.3006623316620666,1.537322045729783,1.0545270625741106
full,all_models_all_blocks_common,INDEPENDENT_BRIDGE,alcohol_tobacco,4,annual_error,83,-0.4035375617940799,1.8237299080241303,1.2336350251540238
full,all_models_all_blocks_common,INDEPENDENT_BRIDGE,alcohol_tobacco,5,annual_error,82,-0.5459131715251515,2.1684759425885596,1.4221142305582855
full,all_models_all_blocks_common,INDEPENDENT_BRIDGE,alcohol_tobacco,6,annual_error,81,-0.6833580329573764,2.516379371214503,1.5996315808539057
full,all_models_all_blocks_common,INDEPENDENT_BRIDGE,alcohol_tobacco,7,annual_error,80,-0.8248089756541122,2.9913320570711575,1.9160059597099122
full,all_models_all_blocks_common,INDEPENDENT_BRIDGE,alcohol_tobacco,8,annual_error,79,-0.9649227576127072,3.333292762520484,2.196616877733628
full,all_models_all_blocks_common,INDEPENDENT_BRIDGE,alcohol_tobacco,9,annual_error,78,-1.1028651078373797,3.9216066990467007,2.5892665608340737
full,all_models_all_blocks_common,INDEPENDENT_BRIDGE,alcohol_tobacco,10,annual_error,77,-1.2791015441879716,4.498759705784156,2.955190171281076
full,all_models_all_blocks_common,INDEPENDENT_BRIDGE,alcohol_tobacco,11,annual_error,76,-1.4233545170754647,5.002024433226822,3.330081118868552
full,all_models_all_blocks_common,INDEPENDENT_BRIDGE,alcohol_tobacco,12,annual_error,75,-1.5635949494163677,5.394838562659049,3.6192915166159234
full,all_models_all_blocks_common,INDEPENDENT_BRIDGE,core,1,annual_error,88,-0.11911212254514575,0.9107373045382808,0.5483448281111426
full,all_models_all_blocks_common,INDEPENDENT_BRIDGE,core,2,annual_error,86,-0.19975388785801595,1.2945851997901525,0.8416168863837291
full,all_models_all_blocks_common,INDEPENDENT_BRIDGE,core,3,annual_error,84,-0.3006623316620666,1.537322045729783,1.0545270625741106
full,all_models_all_blocks_common,INDEPENDENT_BRIDGE,core,4,annual_error,83,-0.4035375617940799,1.8237299080241303,1.2336350251540238
full,all_models_all_blocks_common,INDEPENDENT_BRIDGE,core,5,annual_error,82,-0.5459131715251515,2.1684759425885596,1.4221142305582855
full,all_models_all_blocks_common,INDEPENDENT_BRIDGE,core,6,annual_error,81,-0.6833580329573764,2.516379371214503,1.5996315808539057
full,all_models_all_blocks_common,INDEPENDENT_BRIDGE,core,7,annual_error,80,-0.8248089756541122,2.9913320570711575,1.9160059597099122
full,all_models_all_blocks_common,INDEPENDENT_BRIDGE,core,8,annual_error,79,-0.9649227576127072,3.333292762520484,2.196616877733628
full,all_models_all_blocks_common,INDEPENDENT_BRIDGE,core,9,annual_error,78,-1.1028651078373797,3.9216066990467007,2.5892665608340737
full,all_models_all_blocks_common,INDEPENDENT_BRIDGE,core,10,annual_error,77,-1.2791015441879716,4.498759705784156,2.955190171281076
full,all_models_all_blocks_common,INDEPENDENT_BRIDGE,core,11,annual_error,76,-1.4233545170754647,5.002024433226822,3.330081118868552
full,all_models_all_blocks_common,INDEPENDENT_BRIDGE,core,12,annual_error,75,-1.5635949494163677,5.394838562659049,3.6192915166159234
full,all_models_all_blocks_common,INDEPENDENT_BRIDGE,food,1,annual_error,88,-0.11911212254514575,0.9107373045382808,0.5483448281111426
full,all_models_all_blocks_common,INDEPENDENT_BRIDGE,food,2,annual_error,86,-0.19975388785801595,1.2945851997901525,0.8416168863837291
full,all_models_all_blocks_common,INDEPENDENT_BRIDGE,food,3,annual_error,84,-0.3006623316620666,1.537322045729783,1.0545270625741106
full,all_models_all_blocks_common,INDEPENDENT_BRIDGE,food,4,annual_error,83,-0.4035375617940799,1.8237299080241303,1.2336350251540238
full,all_models_all_blocks_common,INDEPENDENT_BRIDGE,food,5,annual_error,82,-0.5459131715251515,2.1684759425885596,1.4221142305582855
full,all_models_all_blocks_common,INDEPENDENT_BRIDGE,food,6,annual_error,81,-0.6833580329573764,2.516379371214503,1.5996315808539057
full,all_models_all_blocks_common,INDEPENDENT_BRIDGE,food,7,annual_error,80,-0.8248089756541122,2.9913320570711575,1.9160059597099122
full,all_models_all_blocks_common,INDEPENDENT_BRIDGE,food,8,annual_error,79,-0.9649227576127072,3.333292762520484,2.196616877733628
full,all_models_all_blocks_common,INDEPENDENT_BRIDGE,food,9,annual_error,78,-1.1028651078373797,3.9216066990467007,2.5892665608340737
full,all_models_all_blocks_common,INDEPENDENT_BRIDGE,food,10,annual_error,77,-1.2791015441879716,4.498759705784156,2.955190171281076
full,all_models_all_blocks_common,INDEPENDENT_BRIDGE,food,11,annual_error,76,-1.4233545170754647,5.002024433226822,3.330081118868552
full,all_models_all_blocks_common,INDEPENDENT_BRIDGE,food,12,annual_error,75,-1.5635949494163677,5.394838562659049,3.6192915166159234
full,all_models_all_blocks_common,INDEPENDENT_BRIDGE,fuel,1,annual_error,88,-0.11911212254514575,0.9107373045382808,0.5483448281111426
full,all_models_all_blocks_common,INDEPENDENT_BRIDGE,fuel,2,annual_error,86,-0.19975388785801595,1.2945851997901525,0.8416168863837291
full,all_models_all_blocks_common,INDEPENDENT_BRIDGE,fuel,3,annual_error,84,-0.3006623316620666,1.537322045729783,1.0545270625741106
full,all_models_all_blocks_common,INDEPENDENT_BRIDGE,fuel,4,annual_error,83,-0.4035375617940799,1.8237299080241303,1.2336350251540238
full,all_models_all_blocks_common,INDEPENDENT_BRIDGE,fuel,5,annual_error,82,-0.5459131715251515,2.1684759425885596,1.4221142305582855
full,all_models_all_blocks_common,INDEPENDENT_BRIDGE,fuel,6,annual_error,81,-0.6833580329573764,2.516379371214503,1.5996315808539057
full,all_models_all_blocks_common,INDEPENDENT_BRIDGE,fuel,7,annual_error,80,-0.8248089756541122,2.9913320570711575,1.9160059597099122
full,all_models_all_blocks_common,INDEPENDENT_BRIDGE,fuel,8,annual_error,79,-0.9649227576127072,3.333292762520484,2.196616877733628
full,all_models_all_blocks_common,INDEPENDENT_BRIDGE,fuel,9,annual_error,78,-1.1028651078373797,3.9216066990467007,2.5892665608340737
full,all_models_all_blocks_common,INDEPENDENT_BRIDGE,fuel,10,annual_error,77,-1.2791015441879716,4.498759705784156,2.955190171281076
full,all_models_all_blocks_common,INDEPENDENT_BRIDGE,fuel,11,annual_error,76,-1.4233545170754647,5.002024433226822,3.330081118868552
full,all_models_all_blocks_common,INDEPENDENT_BRIDGE,fuel,12,annual_error,75,-1.5635949494163677,5.394838562659049,3.6192915166159234
full,own_coverage,INDEPENDENT_BRIDGE,administered,1,annual_block_error,88,-0.0496539400688235,0.6682954425063998,0.19595776465764783
full,own_coverage,INDEPENDENT_BRIDGE,administered,2,annual_block_error,86,-0.10186671726548968,0.915198430964408,0.3390806990724435
full,own_coverage,INDEPENDENT_BRIDGE,administered,3,annual_block_error,84,-0.1922626052097169,1.150927277305442,0.46370299548051025
full,own_coverage,INDEPENDENT_BRIDGE,administered,4,annual_block_error,83,-0.2813956760190916,1.2186091652050322,0.5403920358835987
full,own_coverage,INDEPENDENT_BRIDGE,administered,5,annual_block_error,82,-0.3733409368716523,1.3249119174373611,0.6393454282260972
full,own_coverage,INDEPENDENT_BRIDGE,administered,6,annual_block_error,81,-0.4719142377880179,1.444774272758641,0.7415619759079056
full,own_coverage,INDEPENDENT_BRIDGE,administered,7,annual_block_error,80,-0.5708823976183015,1.5569700670885651,0.8376717145890724
full,own_coverage,INDEPENDENT_BRIDGE,administered,8,annual_block_error,79,-0.678897658979475,1.683286622234546,0.9304904262615427
full,own_coverage,INDEPENDENT_BRIDGE,administered,9,annual_block_error,78,-0.780812873084418,1.7805983895245772,1.0210934057733336
full,own_coverage,INDEPENDENT_BRIDGE,administered,10,annual_block_error,77,-0.8862107085165771,1.9054136203435827,1.1537853631162016
full,own_coverage,INDEPENDENT_BRIDGE,administered,11,annual_block_error,76,-0.9918676971262377,2.038581993954296,1.2714778138554181
full,own_coverage,INDEPENDENT_BRIDGE,administered,12,annual_block_error,75,-1.1013698637612428,2.1406240806178185,1.364436557738979
full,own_coverage,INDEPENDENT_BRIDGE,alcohol_tobacco,1,annual_block_error,88,-0.008455728182023154,0.0833938666109997,0.0646788639559654
full,own_coverage,INDEPENDENT_BRIDGE,alcohol_tobacco,2,annual_block_error,86,-0.02130875927169651,0.1029216916154619,0.07656790844253696
full,own_coverage,INDEPENDENT_BRIDGE,alcohol_tobacco,3,annual_block_error,84,-0.03297902142126066,0.11556186266785609,0.08174378884095437
full,own_coverage,INDEPENDENT_BRIDGE,alcohol_tobacco,4,annual_block_error,83,-0.045486307594518764,0.1297730929244542,0.08753738316710295
full,own_coverage,INDEPENDENT_BRIDGE,alcohol_tobacco,5,annual_block_error,82,-0.05725695766361431,0.1443101945428934,0.10183781352811039
full,own_coverage,INDEPENDENT_BRIDGE,alcohol_tobacco,6,annual_block_error,81,-0.0704351010878136,0.16467573031236427,0.11665566439422433
full,own_coverage,INDEPENDENT_BRIDGE,alcohol_tobacco,7,annual_block_error,80,-0.08471279846528047,0.1827572281909238,0.12650970441755263
full,own_coverage,INDEPENDENT_BRIDGE,alcohol_tobacco,8,annual_block_error,79,-0.09759672638910656,0.2017942542542949,0.14025097462582514
full,own_coverage,INDEPENDENT_BRIDGE,alcohol_tobacco,9,annual_block_error,78,-0.10867508173512842,0.21952528485725778,0.15618439771126288
full,own_coverage,INDEPENDENT_BRIDGE,alcohol_tobacco,10,annual_block_error,77,-0.12226099504335512,0.2397844156717358,0.17147855468217424
full,own_coverage,INDEPENDENT_BRIDGE,alcohol_tobacco,11,annual_block_error,76,-0.13389151720981596,0.26056196358023404,0.18421442211072758
full,own_coverage,INDEPENDENT_BRIDGE,alcohol_tobacco,12,annual_block_error,75,-0.1500556730466559,0.28349304892890503,0.20422730691859675
full,own_coverage,INDEPENDENT_BRIDGE,core,1,annual_block_error,88,-0.031709115817414785,0.21358176429984935,0.1667474701730974
full,own_coverage,INDEPENDENT_BRIDGE,core,2,annual_block_error,86,-0.05747947946736378,0.40306227478070933,0.31280929985655925
full,own_coverage,INDEPENDENT_BRIDGE,core,3,annual_block_error,84,-0.04422768618142926,0.5948350278116185,0.44684825797974154
full,own_coverage,INDEPENDENT_BRIDGE,core,4,annual_block_error,83,-0.028814444197453458,0.8314753955419614,0.5871429662159887
full,own_coverage,INDEPENDENT_BRIDGE,core,5,annual_block_error,82,-0.05586283499132985,1.0689503950918133,0.7592178317466219
full,own_coverage,INDEPENDENT_BRIDGE,core,6,annual_block_error,81,-0.07943765802240031,1.4059567549943557,0.9945138502740459
full,own_coverage,INDEPENDENT_BRIDGE,core,7,annual_block_error,80,-0.10046347629361367,1.7634266071363047,1.210152446046694
full,own_coverage,INDEPENDENT_BRIDGE,core,8,annual_block_error,79,-0.11512849443845076,2.066580943471116,1.4312664562050226
full,own_coverage,INDEPENDENT_BRIDGE,core,9,annual_block_error,78,-0.12265434477947323,2.4020261405080974,1.6710634220219294
full,own_coverage,INDEPENDENT_BRIDGE,core,10,annual_block_error,77,-0.16451601370833563,2.670843097511468,1.8428186277466123
full,own_coverage,INDEPENDENT_BRIDGE,core,11,annual_block_error,76,-0.1696235240520822,2.952723258898459,2.0314931133900673
full,own_coverage,INDEPENDENT_BRIDGE,core,12,annual_block_error,75,-0.18784392837246955,3.2582443747043057,2.267229988170578
full,own_coverage,INDEPENDENT_BRIDGE,food,1,annual_block_error,88,-0.009300874272705522,0.19209023958692648,0.14799288337672198
full,own_coverage,INDEPENDENT_BRIDGE,food,2,annual_block_error,86,-0.00041804228048948524,0.3065132541780715,0.2385795981976696
full,own_coverage,INDEPENDENT_BRIDGE,food,3,annual_block_error,84,0.0013131658648359063,0.41651454150698963,0.31254003087166216
full,own_coverage,INDEPENDENT_BRIDGE,food,4,annual_block_error,83,-0.003993643352889898,0.5227287930906532,0.38530684040697205
full,own_coverage,INDEPENDENT_BRIDGE,food,5,annual_block_error,82,-0.009202708574158839,0.643533130581003,0.47071687287441794
full,own_coverage,INDEPENDENT_BRIDGE,food,6,annual_block_error,81,-0.01322327654457872,0.7836866952833882,0.5691658051921831
full,own_coverage,INDEPENDENT_BRIDGE,food,7,annual_block_error,80,-0.021581615286627727,0.9146060014969738,0.6547872236020227
full,own_coverage,INDEPENDENT_BRIDGE,food,8,annual_block_error,79,-0.029744796497975314,1.0418414654219614,0.7551424072663219
full,own_coverage,INDEPENDENT_BRIDGE,food,9,annual_block_error,78,-0.03539500952438824,1.1593863516642384,0.8222861967905276
full,own_coverage,INDEPENDENT_BRIDGE,food,10,annual_block_error,77,-0.04541188048164625,1.2825913474765558,0.9171737999761979
full,own_coverage,INDEPENDENT_BRIDGE,food,11,annual_block_error,76,-0.05295825118655773,1.3965996707575332,0.9908352338714428
full,own_coverage,INDEPENDENT_BRIDGE,food,12,annual_block_error,75,-0.07240364177589455,1.4944090272097394,1.0743523607214671
full,own_coverage,INDEPENDENT_BRIDGE,fuel,1,annual_block_error,88,-0.0004172947199116857,0.1644455048506353,0.10591205108458134
full,own_coverage,INDEPENDENT_BRIDGE,fuel,2,annual_block_error,86,-0.0006298998563746143,0.2673496924416087,0.1829796822579931
full,own_coverage,INDEPENDENT_BRIDGE,fuel,3,annual_block_error,84,-0.008362630302379655,0.32529550279619157,0.23430779308197222
full,own_coverage,INDEPENDENT_BRIDGE,fuel,4,annual_block_error,83,-0.016146720252068654,0.36182072663707504,0.2768615847650154
full,own_coverage,INDEPENDENT_BRIDGE,fuel,5,annual_block_error,82,-0.02135094414756372,0.40707878930159375,0.3183605741756118
full,own_coverage,INDEPENDENT_BRIDGE,fuel,6,annual_block_error,81,-0.019073808812974876,0.4452050122668492,0.34569645316267594
full,own_coverage,INDEPENDENT_BRIDGE,fuel,7,annual_block_error,80,-0.015286568415627708,0.47514208828529186,0.3770753077537126
full,own_coverage,INDEPENDENT_BRIDGE,fuel,8,annual_block_error,79,-0.012516818146996803,0.5102862772840197,0.4237958526299633
full,own_coverage,INDEPENDENT_BRIDGE,fuel,9,annual_block_error,78,-0.009271879142600371,0.550238069060686,0.46843673582305184
full,own_coverage,INDEPENDENT_BRIDGE,fuel,10,annual_block_error,77,-0.0055137334764677505,0.5812185576203951,0.500852545399855
full,own_coverage,INDEPENDENT_BRIDGE,fuel,11,annual_block_error,76,-0.003552725305619593,0.6040203592685747,0.5225356919915953
full,own_coverage,INDEPENDENT_BRIDGE,fuel,12,annual_block_error,75,-0.006860710927737952,0.6216800952559637,0.5281500357056034
full,model_all_blocks_common,INDEPENDENT_BRIDGE,administered,1,annual_block_error,88,-0.0496539400688235,0.6682954425063998,0.19595776465764783
full,model_all_blocks_common,INDEPENDENT_BRIDGE,administered,2,annual_block_error,86,-0.10186671726548968,0.915198430964408,0.3390806990724435
full,model_all_blocks_common,INDEPENDENT_BRIDGE,administered,3,annual_block_error,84,-0.1922626052097169,1.150927277305442,0.46370299548051025
full,model_all_blocks_common,INDEPENDENT_BRIDGE,administered,4,annual_block_error,83,-0.2813956760190916,1.2186091652050322,0.5403920358835987
full,model_all_blocks_common,INDEPENDENT_BRIDGE,administered,5,annual_block_error,82,-0.3733409368716523,1.3249119174373611,0.6393454282260972
full,model_all_blocks_common,INDEPENDENT_BRIDGE,administered,6,annual_block_error,81,-0.4719142377880179,1.444774272758641,0.7415619759079056
full,model_all_blocks_common,INDEPENDENT_BRIDGE,administered,7,annual_block_error,80,-0.5708823976183015,1.5569700670885651,0.8376717145890724
full,model_all_blocks_common,INDEPENDENT_BRIDGE,administered,8,annual_block_error,79,-0.678897658979475,1.683286622234546,0.9304904262615427
full,model_all_blocks_common,INDEPENDENT_BRIDGE,administered,9,annual_block_error,78,-0.780812873084418,1.7805983895245772,1.0210934057733336
full,model_all_blocks_common,INDEPENDENT_BRIDGE,administered,10,annual_block_error,77,-0.8862107085165771,1.9054136203435827,1.1537853631162016
full,model_all_blocks_common,INDEPENDENT_BRIDGE,administered,11,annual_block_error,76,-0.9918676971262377,2.038581993954296,1.2714778138554181
full,model_all_blocks_common,INDEPENDENT_BRIDGE,administered,12,annual_block_error,75,-1.1013698637612428,2.1406240806178185,1.364436557738979
full,model_all_blocks_common,INDEPENDENT_BRIDGE,alcohol_tobacco,1,annual_block_error,88,-0.008455728182023154,0.0833938666109997,0.0646788639559654
full,model_all_blocks_common,INDEPENDENT_BRIDGE,alcohol_tobacco,2,annual_block_error,86,-0.02130875927169651,0.1029216916154619,0.07656790844253696
full,model_all_blocks_common,INDEPENDENT_BRIDGE,alcohol_tobacco,3,annual_block_error,84,-0.03297902142126066,0.11556186266785609,0.08174378884095437
full,model_all_blocks_common,INDEPENDENT_BRIDGE,alcohol_tobacco,4,annual_block_error,83,-0.045486307594518764,0.1297730929244542,0.08753738316710295
full,model_all_blocks_common,INDEPENDENT_BRIDGE,alcohol_tobacco,5,annual_block_error,82,-0.05725695766361431,0.1443101945428934,0.10183781352811039
full,model_all_blocks_common,INDEPENDENT_BRIDGE,alcohol_tobacco,6,annual_block_error,81,-0.0704351010878136,0.16467573031236427,0.11665566439422433
full,model_all_blocks_common,INDEPENDENT_BRIDGE,alcohol_tobacco,7,annual_block_error,80,-0.08471279846528047,0.1827572281909238,0.12650970441755263
full,model_all_blocks_common,INDEPENDENT_BRIDGE,alcohol_tobacco,8,annual_block_error,79,-0.09759672638910656,0.2017942542542949,0.14025097462582514
full,model_all_blocks_common,INDEPENDENT_BRIDGE,alcohol_tobacco,9,annual_block_error,78,-0.10867508173512842,0.21952528485725778,0.15618439771126288
full,model_all_blocks_common,INDEPENDENT_BRIDGE,alcohol_tobacco,10,annual_block_error,77,-0.12226099504335512,0.2397844156717358,0.17147855468217424
full,model_all_blocks_common,INDEPENDENT_BRIDGE,alcohol_tobacco,11,annual_block_error,76,-0.13389151720981596,0.26056196358023404,0.18421442211072758
full,model_all_blocks_common,INDEPENDENT_BRIDGE,alcohol_tobacco,12,annual_block_error,75,-0.1500556730466559,0.28349304892890503,0.20422730691859675
full,model_all_blocks_common,INDEPENDENT_BRIDGE,core,1,annual_block_error,88,-0.031709115817414785,0.21358176429984935,0.1667474701730974
full,model_all_blocks_common,INDEPENDENT_BRIDGE,core,2,annual_block_error,86,-0.05747947946736378,0.40306227478070933,0.31280929985655925
full,model_all_blocks_common,INDEPENDENT_BRIDGE,core,3,annual_block_error,84,-0.04422768618142926,0.5948350278116185,0.44684825797974154
full,model_all_blocks_common,INDEPENDENT_BRIDGE,core,4,annual_block_error,83,-0.028814444197453458,0.8314753955419614,0.5871429662159887
full,model_all_blocks_common,INDEPENDENT_BRIDGE,core,5,annual_block_error,82,-0.05586283499132985,1.0689503950918133,0.7592178317466219
full,model_all_blocks_common,INDEPENDENT_BRIDGE,core,6,annual_block_error,81,-0.07943765802240031,1.4059567549943557,0.9945138502740459
full,model_all_blocks_common,INDEPENDENT_BRIDGE,core,7,annual_block_error,80,-0.10046347629361367,1.7634266071363047,1.210152446046694
full,model_all_blocks_common,INDEPENDENT_BRIDGE,core,8,annual_block_error,79,-0.11512849443845076,2.066580943471116,1.4312664562050226
full,model_all_blocks_common,INDEPENDENT_BRIDGE,core,9,annual_block_error,78,-0.12265434477947323,2.4020261405080974,1.6710634220219294
full,model_all_blocks_common,INDEPENDENT_BRIDGE,core,10,annual_block_error,77,-0.16451601370833563,2.670843097511468,1.8428186277466123
full,model_all_blocks_common,INDEPENDENT_BRIDGE,core,11,annual_block_error,76,-0.1696235240520822,2.952723258898459,2.0314931133900673
full,model_all_blocks_common,INDEPENDENT_BRIDGE,core,12,annual_block_error,75,-0.18784392837246955,3.2582443747043057,2.267229988170578
full,model_all_blocks_common,INDEPENDENT_BRIDGE,food,1,annual_block_error,88,-0.009300874272705522,0.19209023958692648,0.14799288337672198
full,model_all_blocks_common,INDEPENDENT_BRIDGE,food,2,annual_block_error,86,-0.00041804228048948524,0.3065132541780715,0.2385795981976696
full,model_all_blocks_common,INDEPENDENT_BRIDGE,food,3,annual_block_error,84,0.0013131658648359063,0.41651454150698963,0.31254003087166216
full,model_all_blocks_common,INDEPENDENT_BRIDGE,food,4,annual_block_error,83,-0.003993643352889898,0.5227287930906532,0.38530684040697205
full,model_all_blocks_common,INDEPENDENT_BRIDGE,food,5,annual_block_error,82,-0.009202708574158839,0.643533130581003,0.47071687287441794
full,model_all_blocks_common,INDEPENDENT_BRIDGE,food,6,annual_block_error,81,-0.01322327654457872,0.7836866952833882,0.5691658051921831
full,model_all_blocks_common,INDEPENDENT_BRIDGE,food,7,annual_block_error,80,-0.021581615286627727,0.9146060014969738,0.6547872236020227
full,model_all_blocks_common,INDEPENDENT_BRIDGE,food,8,annual_block_error,79,-0.029744796497975314,1.0418414654219614,0.7551424072663219
full,model_all_blocks_common,INDEPENDENT_BRIDGE,food,9,annual_block_error,78,-0.03539500952438824,1.1593863516642384,0.8222861967905276
full,model_all_blocks_common,INDEPENDENT_BRIDGE,food,10,annual_block_error,77,-0.04541188048164625,1.2825913474765558,0.9171737999761979
full,model_all_blocks_common,INDEPENDENT_BRIDGE,food,11,annual_block_error,76,-0.05295825118655773,1.3965996707575332,0.9908352338714428
full,model_all_blocks_common,INDEPENDENT_BRIDGE,food,12,annual_block_error,75,-0.07240364177589455,1.4944090272097394,1.0743523607214671
full,model_all_blocks_common,INDEPENDENT_BRIDGE,fuel,1,annual_block_error,88,-0.0004172947199116857,0.1644455048506353,0.10591205108458134
full,model_all_blocks_common,INDEPENDENT_BRIDGE,fuel,2,annual_block_error,86,-0.0006298998563746143,0.2673496924416087,0.1829796822579931
full,model_all_blocks_common,INDEPENDENT_BRIDGE,fuel,3,annual_block_error,84,-0.008362630302379655,0.32529550279619157,0.23430779308197222
full,model_all_blocks_common,INDEPENDENT_BRIDGE,fuel,4,annual_block_error,83,-0.016146720252068654,0.36182072663707504,0.2768615847650154
full,model_all_blocks_common,INDEPENDENT_BRIDGE,fuel,5,annual_block_error,82,-0.02135094414756372,0.40707878930159375,0.3183605741756118
full,model_all_blocks_common,INDEPENDENT_BRIDGE,fuel,6,annual_block_error,81,-0.019073808812974876,0.4452050122668492,0.34569645316267594
full,model_all_blocks_common,INDEPENDENT_BRIDGE,fuel,7,annual_block_error,80,-0.015286568415627708,0.47514208828529186,0.3770753077537126
full,model_all_blocks_common,INDEPENDENT_BRIDGE,fuel,8,annual_block_error,79,-0.012516818146996803,0.5102862772840197,0.4237958526299633
full,model_all_blocks_common,INDEPENDENT_BRIDGE,fuel,9,annual_block_error,78,-0.009271879142600371,0.550238069060686,0.46843673582305184
full,model_all_blocks_common,INDEPENDENT_BRIDGE,fuel,10,annual_block_error,77,-0.0055137334764677505,0.5812185576203951,0.500852545399855
full,model_all_blocks_common,INDEPENDENT_BRIDGE,fuel,11,annual_block_error,76,-0.003552725305619593,0.6040203592685747,0.5225356919915953
full,model_all_blocks_common,INDEPENDENT_BRIDGE,fuel,12,annual_block_error,75,-0.006860710927737952,0.6216800952559637,0.5281500357056034
full,all_models_all_blocks_common,INDEPENDENT_BRIDGE,administered,1,annual_block_error,88,-0.0496539400688235,0.6682954425063998,0.19595776465764783
full,all_models_all_blocks_common,INDEPENDENT_BRIDGE,administered,2,annual_block_error,86,-0.10186671726548968,0.915198430964408,0.3390806990724435
full,all_models_all_blocks_common,INDEPENDENT_BRIDGE,administered,3,annual_block_error,84,-0.1922626052097169,1.150927277305442,0.46370299548051025
full,all_models_all_blocks_common,INDEPENDENT_BRIDGE,administered,4,annual_block_error,83,-0.2813956760190916,1.2186091652050322,0.5403920358835987
full,all_models_all_blocks_common,INDEPENDENT_BRIDGE,administered,5,annual_block_error,82,-0.3733409368716523,1.3249119174373611,0.6393454282260972
full,all_models_all_blocks_common,INDEPENDENT_BRIDGE,administered,6,annual_block_error,81,-0.4719142377880179,1.444774272758641,0.7415619759079056
full,all_models_all_blocks_common,INDEPENDENT_BRIDGE,administered,7,annual_block_error,80,-0.5708823976183015,1.5569700670885651,0.8376717145890724
full,all_models_all_blocks_common,INDEPENDENT_BRIDGE,administered,8,annual_block_error,79,-0.678897658979475,1.683286622234546,0.9304904262615427
full,all_models_all_blocks_common,INDEPENDENT_BRIDGE,administered,9,annual_block_error,78,-0.780812873084418,1.7805983895245772,1.0210934057733336
full,all_models_all_blocks_common,INDEPENDENT_BRIDGE,administered,10,annual_block_error,77,-0.8862107085165771,1.9054136203435827,1.1537853631162016
full,all_models_all_blocks_common,INDEPENDENT_BRIDGE,administered,11,annual_block_error,76,-0.9918676971262377,2.038581993954296,1.2714778138554181
full,all_models_all_blocks_common,INDEPENDENT_BRIDGE,administered,12,annual_block_error,75,-1.1013698637612428,2.1406240806178185,1.364436557738979
full,all_models_all_blocks_common,INDEPENDENT_BRIDGE,alcohol_tobacco,1,annual_block_error,88,-0.008455728182023154,0.0833938666109997,0.0646788639559654
full,all_models_all_blocks_common,INDEPENDENT_BRIDGE,alcohol_tobacco,2,annual_block_error,86,-0.02130875927169651,0.1029216916154619,0.07656790844253696
full,all_models_all_blocks_common,INDEPENDENT_BRIDGE,alcohol_tobacco,3,annual_block_error,84,-0.03297902142126066,0.11556186266785609,0.08174378884095437
full,all_models_all_blocks_common,INDEPENDENT_BRIDGE,alcohol_tobacco,4,annual_block_error,83,-0.045486307594518764,0.1297730929244542,0.08753738316710295
full,all_models_all_blocks_common,INDEPENDENT_BRIDGE,alcohol_tobacco,5,annual_block_error,82,-0.05725695766361431,0.1443101945428934,0.10183781352811039
full,all_models_all_blocks_common,INDEPENDENT_BRIDGE,alcohol_tobacco,6,annual_block_error,81,-0.0704351010878136,0.16467573031236427,0.11665566439422433
full,all_models_all_blocks_common,INDEPENDENT_BRIDGE,alcohol_tobacco,7,annual_block_error,80,-0.08471279846528047,0.1827572281909238,0.12650970441755263
full,all_models_all_blocks_common,INDEPENDENT_BRIDGE,alcohol_tobacco,8,annual_block_error,79,-0.09759672638910656,0.2017942542542949,0.14025097462582514
full,all_models_all_blocks_common,INDEPENDENT_BRIDGE,alcohol_tobacco,9,annual_block_error,78,-0.10867508173512842,0.21952528485725778,0.15618439771126288
full,all_models_all_blocks_common,INDEPENDENT_BRIDGE,alcohol_tobacco,10,annual_block_error,77,-0.12226099504335512,0.2397844156717358,0.17147855468217424
full,all_models_all_blocks_common,INDEPENDENT_BRIDGE,alcohol_tobacco,11,annual_block_error,76,-0.13389151720981596,0.26056196358023404,0.18421442211072758
full,all_models_all_blocks_common,INDEPENDENT_BRIDGE,alcohol_tobacco,12,annual_block_error,75,-0.1500556730466559,0.28349304892890503,0.20422730691859675
full,all_models_all_blocks_common,INDEPENDENT_BRIDGE,core,1,annual_block_error,88,-0.031709115817414785,0.21358176429984935,0.1667474701730974
full,all_models_all_blocks_common,INDEPENDENT_BRIDGE,core,2,annual_block_error,86,-0.05747947946736378,0.40306227478070933,0.31280929985655925
full,all_models_all_blocks_common,INDEPENDENT_BRIDGE,core,3,annual_block_error,84,-0.04422768618142926,0.5948350278116185,0.44684825797974154
full,all_models_all_blocks_common,INDEPENDENT_BRIDGE,core,4,annual_block_error,83,-0.028814444197453458,0.8314753955419614,0.5871429662159887
full,all_models_all_blocks_common,INDEPENDENT_BRIDGE,core,5,annual_block_error,82,-0.05586283499132985,1.0689503950918133,0.7592178317466219
full,all_models_all_blocks_common,INDEPENDENT_BRIDGE,core,6,annual_block_error,81,-0.07943765802240031,1.4059567549943557,0.9945138502740459
full,all_models_all_blocks_common,INDEPENDENT_BRIDGE,core,7,annual_block_error,80,-0.10046347629361367,1.7634266071363047,1.210152446046694
full,all_models_all_blocks_common,INDEPENDENT_BRIDGE,core,8,annual_block_error,79,-0.11512849443845076,2.066580943471116,1.4312664562050226
full,all_models_all_blocks_common,INDEPENDENT_BRIDGE,core,9,annual_block_error,78,-0.12265434477947323,2.4020261405080974,1.6710634220219294
full,all_models_all_blocks_common,INDEPENDENT_BRIDGE,core,10,annual_block_error,77,-0.16451601370833563,2.670843097511468,1.8428186277466123
full,all_models_all_blocks_common,INDEPENDENT_BRIDGE,core,11,annual_block_error,76,-0.1696235240520822,2.952723258898459,2.0314931133900673
full,all_models_all_blocks_common,INDEPENDENT_BRIDGE,core,12,annual_block_error,75,-0.18784392837246955,3.2582443747043057,2.267229988170578
full,all_models_all_blocks_common,INDEPENDENT_BRIDGE,food,1,annual_block_error,88,-0.009300874272705522,0.19209023958692648,0.14799288337672198
full,all_models_all_blocks_common,INDEPENDENT_BRIDGE,food,2,annual_block_error,86,-0.00041804228048948524,0.3065132541780715,0.2385795981976696
full,all_models_all_blocks_common,INDEPENDENT_BRIDGE,food,3,annual_block_error,84,0.0013131658648359063,0.41651454150698963,0.31254003087166216
full,all_models_all_blocks_common,INDEPENDENT_BRIDGE,food,4,annual_block_error,83,-0.003993643352889898,0.5227287930906532,0.38530684040697205
full,all_models_all_blocks_common,INDEPENDENT_BRIDGE,food,5,annual_block_error,82,-0.009202708574158839,0.643533130581003,0.47071687287441794
full,all_models_all_blocks_common,INDEPENDENT_BRIDGE,food,6,annual_block_error,81,-0.01322327654457872,0.7836866952833882,0.5691658051921831
full,all_models_all_blocks_common,INDEPENDENT_BRIDGE,food,7,annual_block_error,80,-0.021581615286627727,0.9146060014969738,0.6547872236020227
full,all_models_all_blocks_common,INDEPENDENT_BRIDGE,food,8,annual_block_error,79,-0.029744796497975314,1.0418414654219614,0.7551424072663219
full,all_models_all_blocks_common,INDEPENDENT_BRIDGE,food,9,annual_block_error,78,-0.03539500952438824,1.1593863516642384,0.8222861967905276
full,all_models_all_blocks_common,INDEPENDENT_BRIDGE,food,10,annual_block_error,77,-0.04541188048164625,1.2825913474765558,0.9171737999761979
full,all_models_all_blocks_common,INDEPENDENT_BRIDGE,food,11,annual_block_error,76,-0.05295825118655773,1.3965996707575332,0.9908352338714428
full,all_models_all_blocks_common,INDEPENDENT_BRIDGE,food,12,annual_block_error,75,-0.07240364177589455,1.4944090272097394,1.0743523607214671
full,all_models_all_blocks_common,INDEPENDENT_BRIDGE,fuel,1,annual_block_error,88,-0.0004172947199116857,0.1644455048506353,0.10591205108458134
full,all_models_all_blocks_common,INDEPENDENT_BRIDGE,fuel,2,annual_block_error,86,-0.0006298998563746143,0.2673496924416087,0.1829796822579931
full,all_models_all_blocks_common,INDEPENDENT_BRIDGE,fuel,3,annual_block_error,84,-0.008362630302379655,0.32529550279619157,0.23430779308197222
full,all_models_all_blocks_common,INDEPENDENT_BRIDGE,fuel,4,annual_block_error,83,-0.016146720252068654,0.36182072663707504,0.2768615847650154
full,all_models_all_blocks_common,INDEPENDENT_BRIDGE,fuel,5,annual_block_error,82,-0.02135094414756372,0.40707878930159375,0.3183605741756118
full,all_models_all_blocks_common,INDEPENDENT_BRIDGE,fuel,6,annual_block_error,81,-0.019073808812974876,0.4452050122668492,0.34569645316267594
full,all_models_all_blocks_common,INDEPENDENT_BRIDGE,fuel,7,annual_block_error,80,-0.015286568415627708,0.47514208828529186,0.3770753077537126
full,all_models_all_blocks_common,INDEPENDENT_BRIDGE,fuel,8,annual_block_error,79,-0.012516818146996803,0.5102862772840197,0.4237958526299633
full,all_models_all_blocks_common,INDEPENDENT_BRIDGE,fuel,9,annual_block_error,78,-0.009271879142600371,0.550238069060686,0.46843673582305184
full,all_models_all_blocks_common,INDEPENDENT_BRIDGE,fuel,10,annual_block_error,77,-0.0055137334764677505,0.5812185576203951,0.500852545399855
full,all_models_all_blocks_common,INDEPENDENT_BRIDGE,fuel,11,annual_block_error,76,-0.003552725305619593,0.6040203592685747,0.5225356919915953
full,all_models_all_blocks_common,INDEPENDENT_BRIDGE,fuel,12,annual_block_error,75,-0.006860710927737952,0.6216800952559637,0.5281500357056034
full,own_coverage,INDEPENDENT_BRIDGE,administered,1,annual_other_error,88,-0.06945818247632227,0.710810185684793,0.48697048893479167
full,own_coverage,INDEPENDENT_BRIDGE,administered,2,annual_other_error,86,-0.09788717059252633,0.9842629203384342,0.7030185629650036
full,own_coverage,INDEPENDENT_BRIDGE,administered,3,annual_other_error,84,-0.10839972645234966,1.2435890668475342,0.9165311274105693
full,own_coverage,INDEPENDENT_BRIDGE,administered,4,annual_other_error,83,-0.12214188577498832,1.5328879458352331,1.1022316904082483
full,own_coverage,INDEPENDENT_BRIDGE,administered,5,annual_other_error,82,-0.17257223465349916,1.8661721611355298,1.327920726830213
full,own_coverage,INDEPENDENT_BRIDGE,administered,6,annual_other_error,81,-0.21144379516935863,2.3299703237704845,1.622061288391293
full,own_coverage,INDEPENDENT_BRIDGE,administered,7,annual_other_error,80,-0.2539265780358107,2.806587687982159,1.9618506847123605
full,own_coverage,INDEPENDENT_BRIDGE,administered,8,annual_other_error,79,-0.2860250986332321,3.2252170226366537,2.2762008056468095
full,own_coverage,INDEPENDENT_BRIDGE,administered,9,annual_other_error,78,-0.32205223475296185,3.709600677917556,2.635696230548734
full,own_coverage,INDEPENDENT_BRIDGE,administered,10,annual_other_error,77,-0.39289083567139466,4.148494695571503,2.97460423563451
full,own_coverage,INDEPENDENT_BRIDGE,administered,11,annual_other_error,76,-0.4314868199492274,4.573575216938662,3.2690104146202597
full,own_coverage,INDEPENDENT_BRIDGE,administered,12,annual_other_error,75,-0.4622250856551248,4.874505072483744,3.502633823990906
full,own_coverage,INDEPENDENT_BRIDGE,alcohol_tobacco,1,annual_other_error,88,-0.11065639436312265,0.8976950627776251,0.529774540691164
full,own_coverage,INDEPENDENT_BRIDGE,alcohol_tobacco,2,annual_other_error,86,-0.17844512858631953,1.272267338859672,0.8224768957479276
full,own_coverage,INDEPENDENT_BRIDGE,alcohol_tobacco,3,annual_other_error,84,-0.2676833102408059,1.5197349864288148,1.0231202650924938
full,own_coverage,INDEPENDENT_BRIDGE,alcohol_tobacco,4,annual_other_error,83,-0.3580512541995612,1.8106865687859632,1.1998114745345856
full,own_coverage,INDEPENDENT_BRIDGE,alcohol_tobacco,5,annual_other_error,82,-0.48865621386153724,2.154074151813718,1.3836118005467881
full,own_coverage,INDEPENDENT_BRIDGE,alcohol_tobacco,6,annual_other_error,81,-0.6129229318695629,2.4966264288031326,1.5631031607063044
full,own_coverage,INDEPENDENT_BRIDGE,alcohol_tobacco,7,annual_other_error,80,-0.7400961771888317,2.9600667919505033,1.8648279297979289
full,own_coverage,INDEPENDENT_BRIDGE,alcohol_tobacco,8,annual_other_error,79,-0.8673260312236002,3.294594666519285,2.149499586686362
full,own_coverage,INDEPENDENT_BRIDGE,alcohol_tobacco,9,annual_other_error,78,-0.9941900261022513,3.881174156157262,2.53561605532204
full,own_coverage,INDEPENDENT_BRIDGE,alcohol_tobacco,10,annual_other_error,77,-1.1568405491446165,4.452454186134011,2.9121361157526864
full,own_coverage,INDEPENDENT_BRIDGE,alcohol_tobacco,11,annual_other_error,76,-1.2894629998656486,4.946982402767119,3.278131572010186
full,own_coverage,INDEPENDENT_BRIDGE,alcohol_tobacco,12,annual_other_error,75,-1.4135392763697114,5.3344344570723985,3.5615770690638935
full,own_coverage,INDEPENDENT_BRIDGE,core,1,annual_other_error,88,-0.08740300672773099,0.8170184300268841,0.4600806803628625
full,own_coverage,INDEPENDENT_BRIDGE,core,2,annual_other_error,86,-0.14227440839065225,1.129114661178774,0.6320621105834895
full,own_coverage,INDEPENDENT_BRIDGE,core,3,annual_other_error,84,-0.25643464548063727,1.2848572695812261,0.7556307221956823
full,own_coverage,INDEPENDENT_BRIDGE,core,4,annual_other_error,83,-0.37472311759662635,1.482980121120652,0.8801711866424211
full,own_coverage,INDEPENDENT_BRIDGE,core,5,annual_other_error,82,-0.49005033653382163,1.7012501699501887,1.0455296236528637
full,own_coverage,INDEPENDENT_BRIDGE,core,6,annual_other_error,81,-0.6039203749349761,1.8782215325319789,1.1645664042080774
full,own_coverage,INDEPENDENT_BRIDGE,core,7,annual_other_error,80,-0.7243454993604985,2.0835490351367083,1.2981144219078111
full,own_coverage,INDEPENDENT_BRIDGE,core,8,annual_other_error,79,-0.8497942631742562,2.2877670917774138,1.4333640956669604
full,own_coverage,INDEPENDENT_BRIDGE,core,9,annual_other_error,78,-0.9802107630579067,2.5624677800380766,1.6175788049458677
full,own_coverage,INDEPENDENT_BRIDGE,core,10,annual_other_error,77,-1.114585530479636,2.8469199360885344,1.8117653258640225
full,own_coverage,INDEPENDENT_BRIDGE,core,11,annual_other_error,76,-1.2537309930233824,3.1353214464006838,1.9663962040511813
full,own_coverage,INDEPENDENT_BRIDGE,core,12,annual_other_error,75,-1.3757510210438983,3.3094456585834884,2.1164852943962194
full,own_coverage,INDEPENDENT_BRIDGE,food,1,annual_other_error,88,-0.10981124827244025,0.8765963362185912,0.5283331682105712
full,own_coverage,INDEPENDENT_BRIDGE,food,2,annual_other_error,86,-0.19933584557752657,1.2204861642170142,0.788633635162325
full,own_coverage,INDEPENDENT_BRIDGE,food,3,annual_other_error,84,-0.3019754975269025,1.3705010175062249,0.9323884514113063
full,own_coverage,INDEPENDENT_BRIDGE,food,4,annual_other_error,83,-0.39954391844118997,1.5469490616036883,1.0583230158197556
full,own_coverage,INDEPENDENT_BRIDGE,food,5,annual_other_error,82,-0.5367104629509926,1.8116507258690917,1.203058647937584
full,own_coverage,INDEPENDENT_BRIDGE,food,6,annual_other_error,81,-0.6701347564127977,2.0589312230826913,1.3316399496741054
full,own_coverage,INDEPENDENT_BRIDGE,food,7,annual_other_error,80,-0.8032273603674845,2.4540089668741656,1.5858311207796678
full,own_coverage,INDEPENDENT_BRIDGE,food,8,annual_other_error,79,-0.9351779611147318,2.691951609365636,1.796668211915853
full,own_coverage,INDEPENDENT_BRIDGE,food,9,annual_other_error,78,-1.0674700983129914,3.169916095538383,2.1301681520282325
full,own_coverage,INDEPENDENT_BRIDGE,food,10,annual_other_error,77,-1.2336896637063255,3.6288937889951325,2.4009752540364997
full,own_coverage,INDEPENDENT_BRIDGE,food,11,annual_other_error,76,-1.370396265888907,4.019097918317748,2.6433334273244573
full,own_coverage,INDEPENDENT_BRIDGE,food,12,annual_other_error,75,-1.4911913076404733,4.295366722435891,2.8303499425222713
full,own_coverage,INDEPENDENT_BRIDGE,fuel,1,annual_other_error,88,-0.11869482782523408,0.8819958068386712,0.5126806255838066
full,own_coverage,INDEPENDENT_BRIDGE,fuel,2,annual_other_error,86,-0.19912398800164138,1.23589245165455,0.7520626212822642
full,own_coverage,INDEPENDENT_BRIDGE,fuel,3,annual_other_error,84,-0.2922997013596868,1.4468280218919936,0.9395802200555627
full,own_coverage,INDEPENDENT_BRIDGE,fuel,4,annual_other_error,83,-0.3873908415420112,1.7027899191799731,1.147549030333757
full,own_coverage,INDEPENDENT_BRIDGE,fuel,5,annual_other_error,82,-0.5245622273775877,2.014933204010968,1.3782540874329638
full,own_coverage,INDEPENDENT_BRIDGE,fuel,6,annual_other_error,81,-0.6642842241444015,2.332287075811105,1.5578810322749905
full,own_coverage,INDEPENDENT_BRIDGE,fuel,7,annual_other_error,80,-0.8095224072384845,2.7668615645088255,1.8463466949067615
full,own_coverage,INDEPENDENT_BRIDGE,fuel,8,annual_other_error,79,-0.9524059394657105,3.0712393091068457,2.1054692083789894
full,own_coverage,INDEPENDENT_BRIDGE,fuel,9,annual_other_error,78,-1.0935932286947794,3.6312057121063672,2.4736241318787964
full,own_coverage,INDEPENDENT_BRIDGE,fuel,10,annual_other_error,77,-1.273587810711504,4.1964131193019245,2.8120434846682176
full,own_coverage,INDEPENDENT_BRIDGE,fuel,11,annual_other_error,76,-1.4198017917698451,4.679173931926304,3.170526814390694
full,own_coverage,INDEPENDENT_BRIDGE,fuel,12,annual_other_error,75,-1.5567342384886296,5.045335112102502,3.4714106167675944
full,model_all_blocks_common,INDEPENDENT_BRIDGE,administered,1,annual_other_error,88,-0.06945818247632227,0.710810185684793,0.48697048893479167
full,model_all_blocks_common,INDEPENDENT_BRIDGE,administered,2,annual_other_error,86,-0.09788717059252633,0.9842629203384342,0.7030185629650036
full,model_all_blocks_common,INDEPENDENT_BRIDGE,administered,3,annual_other_error,84,-0.10839972645234966,1.2435890668475342,0.9165311274105693
full,model_all_blocks_common,INDEPENDENT_BRIDGE,administered,4,annual_other_error,83,-0.12214188577498832,1.5328879458352331,1.1022316904082483
full,model_all_blocks_common,INDEPENDENT_BRIDGE,administered,5,annual_other_error,82,-0.17257223465349916,1.8661721611355298,1.327920726830213
full,model_all_blocks_common,INDEPENDENT_BRIDGE,administered,6,annual_other_error,81,-0.21144379516935863,2.3299703237704845,1.622061288391293
full,model_all_blocks_common,INDEPENDENT_BRIDGE,administered,7,annual_other_error,80,-0.2539265780358107,2.806587687982159,1.9618506847123605
full,model_all_blocks_common,INDEPENDENT_BRIDGE,administered,8,annual_other_error,79,-0.2860250986332321,3.2252170226366537,2.2762008056468095
full,model_all_blocks_common,INDEPENDENT_BRIDGE,administered,9,annual_other_error,78,-0.32205223475296185,3.709600677917556,2.635696230548734
full,model_all_blocks_common,INDEPENDENT_BRIDGE,administered,10,annual_other_error,77,-0.39289083567139466,4.148494695571503,2.97460423563451
full,model_all_blocks_common,INDEPENDENT_BRIDGE,administered,11,annual_other_error,76,-0.4314868199492274,4.573575216938662,3.2690104146202597
full,model_all_blocks_common,INDEPENDENT_BRIDGE,administered,12,annual_other_error,75,-0.4622250856551248,4.874505072483744,3.502633823990906
full,model_all_blocks_common,INDEPENDENT_BRIDGE,alcohol_tobacco,1,annual_other_error,88,-0.11065639436312265,0.8976950627776251,0.529774540691164
full,model_all_blocks_common,INDEPENDENT_BRIDGE,alcohol_tobacco,2,annual_other_error,86,-0.17844512858631953,1.272267338859672,0.8224768957479276
full,model_all_blocks_common,INDEPENDENT_BRIDGE,alcohol_tobacco,3,annual_other_error,84,-0.2676833102408059,1.5197349864288148,1.0231202650924938
full,model_all_blocks_common,INDEPENDENT_BRIDGE,alcohol_tobacco,4,annual_other_error,83,-0.3580512541995612,1.8106865687859632,1.1998114745345856
full,model_all_blocks_common,INDEPENDENT_BRIDGE,alcohol_tobacco,5,annual_other_error,82,-0.48865621386153724,2.154074151813718,1.3836118005467881
full,model_all_blocks_common,INDEPENDENT_BRIDGE,alcohol_tobacco,6,annual_other_error,81,-0.6129229318695629,2.4966264288031326,1.5631031607063044
full,model_all_blocks_common,INDEPENDENT_BRIDGE,alcohol_tobacco,7,annual_other_error,80,-0.7400961771888317,2.9600667919505033,1.8648279297979289
full,model_all_blocks_common,INDEPENDENT_BRIDGE,alcohol_tobacco,8,annual_other_error,79,-0.8673260312236002,3.294594666519285,2.149499586686362
full,model_all_blocks_common,INDEPENDENT_BRIDGE,alcohol_tobacco,9,annual_other_error,78,-0.9941900261022513,3.881174156157262,2.53561605532204
full,model_all_blocks_common,INDEPENDENT_BRIDGE,alcohol_tobacco,10,annual_other_error,77,-1.1568405491446165,4.452454186134011,2.9121361157526864
full,model_all_blocks_common,INDEPENDENT_BRIDGE,alcohol_tobacco,11,annual_other_error,76,-1.2894629998656486,4.946982402767119,3.278131572010186
full,model_all_blocks_common,INDEPENDENT_BRIDGE,alcohol_tobacco,12,annual_other_error,75,-1.4135392763697114,5.3344344570723985,3.5615770690638935
full,model_all_blocks_common,INDEPENDENT_BRIDGE,core,1,annual_other_error,88,-0.08740300672773099,0.8170184300268841,0.4600806803628625
full,model_all_blocks_common,INDEPENDENT_BRIDGE,core,2,annual_other_error,86,-0.14227440839065225,1.129114661178774,0.6320621105834895
full,model_all_blocks_common,INDEPENDENT_BRIDGE,core,3,annual_other_error,84,-0.25643464548063727,1.2848572695812261,0.7556307221956823
full,model_all_blocks_common,INDEPENDENT_BRIDGE,core,4,annual_other_error,83,-0.37472311759662635,1.482980121120652,0.8801711866424211
full,model_all_blocks_common,INDEPENDENT_BRIDGE,core,5,annual_other_error,82,-0.49005033653382163,1.7012501699501887,1.0455296236528637
full,model_all_blocks_common,INDEPENDENT_BRIDGE,core,6,annual_other_error,81,-0.6039203749349761,1.8782215325319789,1.1645664042080774
full,model_all_blocks_common,INDEPENDENT_BRIDGE,core,7,annual_other_error,80,-0.7243454993604985,2.0835490351367083,1.2981144219078111
full,model_all_blocks_common,INDEPENDENT_BRIDGE,core,8,annual_other_error,79,-0.8497942631742562,2.2877670917774138,1.4333640956669604
full,model_all_blocks_common,INDEPENDENT_BRIDGE,core,9,annual_other_error,78,-0.9802107630579067,2.5624677800380766,1.6175788049458677
full,model_all_blocks_common,INDEPENDENT_BRIDGE,core,10,annual_other_error,77,-1.114585530479636,2.8469199360885344,1.8117653258640225
full,model_all_blocks_common,INDEPENDENT_BRIDGE,core,11,annual_other_error,76,-1.2537309930233824,3.1353214464006838,1.9663962040511813
full,model_all_blocks_common,INDEPENDENT_BRIDGE,core,12,annual_other_error,75,-1.3757510210438983,3.3094456585834884,2.1164852943962194
full,model_all_blocks_common,INDEPENDENT_BRIDGE,food,1,annual_other_error,88,-0.10981124827244025,0.8765963362185912,0.5283331682105712
full,model_all_blocks_common,INDEPENDENT_BRIDGE,food,2,annual_other_error,86,-0.19933584557752657,1.2204861642170142,0.788633635162325
full,model_all_blocks_common,INDEPENDENT_BRIDGE,food,3,annual_other_error,84,-0.3019754975269025,1.3705010175062249,0.9323884514113063
full,model_all_blocks_common,INDEPENDENT_BRIDGE,food,4,annual_other_error,83,-0.39954391844118997,1.5469490616036883,1.0583230158197556
full,model_all_blocks_common,INDEPENDENT_BRIDGE,food,5,annual_other_error,82,-0.5367104629509926,1.8116507258690917,1.203058647937584
full,model_all_blocks_common,INDEPENDENT_BRIDGE,food,6,annual_other_error,81,-0.6701347564127977,2.0589312230826913,1.3316399496741054
full,model_all_blocks_common,INDEPENDENT_BRIDGE,food,7,annual_other_error,80,-0.8032273603674845,2.4540089668741656,1.5858311207796678
full,model_all_blocks_common,INDEPENDENT_BRIDGE,food,8,annual_other_error,79,-0.9351779611147318,2.691951609365636,1.796668211915853
full,model_all_blocks_common,INDEPENDENT_BRIDGE,food,9,annual_other_error,78,-1.0674700983129914,3.169916095538383,2.1301681520282325
full,model_all_blocks_common,INDEPENDENT_BRIDGE,food,10,annual_other_error,77,-1.2336896637063255,3.6288937889951325,2.4009752540364997
full,model_all_blocks_common,INDEPENDENT_BRIDGE,food,11,annual_other_error,76,-1.370396265888907,4.019097918317748,2.6433334273244573
full,model_all_blocks_common,INDEPENDENT_BRIDGE,food,12,annual_other_error,75,-1.4911913076404733,4.295366722435891,2.8303499425222713
full,model_all_blocks_common,INDEPENDENT_BRIDGE,fuel,1,annual_other_error,88,-0.11869482782523408,0.8819958068386712,0.5126806255838066
full,model_all_blocks_common,INDEPENDENT_BRIDGE,fuel,2,annual_other_error,86,-0.19912398800164138,1.23589245165455,0.7520626212822642
full,model_all_blocks_common,INDEPENDENT_BRIDGE,fuel,3,annual_other_error,84,-0.2922997013596868,1.4468280218919936,0.9395802200555627
full,model_all_blocks_common,INDEPENDENT_BRIDGE,fuel,4,annual_other_error,83,-0.3873908415420112,1.7027899191799731,1.147549030333757
full,model_all_blocks_common,INDEPENDENT_BRIDGE,fuel,5,annual_other_error,82,-0.5245622273775877,2.014933204010968,1.3782540874329638
full,model_all_blocks_common,INDEPENDENT_BRIDGE,fuel,6,annual_other_error,81,-0.6642842241444015,2.332287075811105,1.5578810322749905
full,model_all_blocks_common,INDEPENDENT_BRIDGE,fuel,7,annual_other_error,80,-0.8095224072384845,2.7668615645088255,1.8463466949067615
full,model_all_blocks_common,INDEPENDENT_BRIDGE,fuel,8,annual_other_error,79,-0.9524059394657105,3.0712393091068457,2.1054692083789894
full,model_all_blocks_common,INDEPENDENT_BRIDGE,fuel,9,annual_other_error,78,-1.0935932286947794,3.6312057121063672,2.4736241318787964
full,model_all_blocks_common,INDEPENDENT_BRIDGE,fuel,10,annual_other_error,77,-1.273587810711504,4.1964131193019245,2.8120434846682176
full,model_all_blocks_common,INDEPENDENT_BRIDGE,fuel,11,annual_other_error,76,-1.4198017917698451,4.679173931926304,3.170526814390694
full,model_all_blocks_common,INDEPENDENT_BRIDGE,fuel,12,annual_other_error,75,-1.5567342384886296,5.045335112102502,3.4714106167675944
full,all_models_all_blocks_common,INDEPENDENT_BRIDGE,administered,1,annual_other_error,88,-0.06945818247632227,0.710810185684793,0.48697048893479167
full,all_models_all_blocks_common,INDEPENDENT_BRIDGE,administered,2,annual_other_error,86,-0.09788717059252633,0.9842629203384342,0.7030185629650036
full,all_models_all_blocks_common,INDEPENDENT_BRIDGE,administered,3,annual_other_error,84,-0.10839972645234966,1.2435890668475342,0.9165311274105693
full,all_models_all_blocks_common,INDEPENDENT_BRIDGE,administered,4,annual_other_error,83,-0.12214188577498832,1.5328879458352331,1.1022316904082483
full,all_models_all_blocks_common,INDEPENDENT_BRIDGE,administered,5,annual_other_error,82,-0.17257223465349916,1.8661721611355298,1.327920726830213
full,all_models_all_blocks_common,INDEPENDENT_BRIDGE,administered,6,annual_other_error,81,-0.21144379516935863,2.3299703237704845,1.622061288391293
full,all_models_all_blocks_common,INDEPENDENT_BRIDGE,administered,7,annual_other_error,80,-0.2539265780358107,2.806587687982159,1.9618506847123605
full,all_models_all_blocks_common,INDEPENDENT_BRIDGE,administered,8,annual_other_error,79,-0.2860250986332321,3.2252170226366537,2.2762008056468095
full,all_models_all_blocks_common,INDEPENDENT_BRIDGE,administered,9,annual_other_error,78,-0.32205223475296185,3.709600677917556,2.635696230548734
full,all_models_all_blocks_common,INDEPENDENT_BRIDGE,administered,10,annual_other_error,77,-0.39289083567139466,4.148494695571503,2.97460423563451
full,all_models_all_blocks_common,INDEPENDENT_BRIDGE,administered,11,annual_other_error,76,-0.4314868199492274,4.573575216938662,3.2690104146202597
full,all_models_all_blocks_common,INDEPENDENT_BRIDGE,administered,12,annual_other_error,75,-0.4622250856551248,4.874505072483744,3.502633823990906
full,all_models_all_blocks_common,INDEPENDENT_BRIDGE,alcohol_tobacco,1,annual_other_error,88,-0.11065639436312265,0.8976950627776251,0.529774540691164
full,all_models_all_blocks_common,INDEPENDENT_BRIDGE,alcohol_tobacco,2,annual_other_error,86,-0.17844512858631953,1.272267338859672,0.8224768957479276
full,all_models_all_blocks_common,INDEPENDENT_BRIDGE,alcohol_tobacco,3,annual_other_error,84,-0.2676833102408059,1.5197349864288148,1.0231202650924938
full,all_models_all_blocks_common,INDEPENDENT_BRIDGE,alcohol_tobacco,4,annual_other_error,83,-0.3580512541995612,1.8106865687859632,1.1998114745345856
full,all_models_all_blocks_common,INDEPENDENT_BRIDGE,alcohol_tobacco,5,annual_other_error,82,-0.48865621386153724,2.154074151813718,1.3836118005467881
full,all_models_all_blocks_common,INDEPENDENT_BRIDGE,alcohol_tobacco,6,annual_other_error,81,-0.6129229318695629,2.4966264288031326,1.5631031607063044
full,all_models_all_blocks_common,INDEPENDENT_BRIDGE,alcohol_tobacco,7,annual_other_error,80,-0.7400961771888317,2.9600667919505033,1.8648279297979289
full,all_models_all_blocks_common,INDEPENDENT_BRIDGE,alcohol_tobacco,8,annual_other_error,79,-0.8673260312236002,3.294594666519285,2.149499586686362
full,all_models_all_blocks_common,INDEPENDENT_BRIDGE,alcohol_tobacco,9,annual_other_error,78,-0.9941900261022513,3.881174156157262,2.53561605532204
full,all_models_all_blocks_common,INDEPENDENT_BRIDGE,alcohol_tobacco,10,annual_other_error,77,-1.1568405491446165,4.452454186134011,2.9121361157526864
full,all_models_all_blocks_common,INDEPENDENT_BRIDGE,alcohol_tobacco,11,annual_other_error,76,-1.2894629998656486,4.946982402767119,3.278131572010186
full,all_models_all_blocks_common,INDEPENDENT_BRIDGE,alcohol_tobacco,12,annual_other_error,75,-1.4135392763697114,5.3344344570723985,3.5615770690638935
full,all_models_all_blocks_common,INDEPENDENT_BRIDGE,core,1,annual_other_error,88,-0.08740300672773099,0.8170184300268841,0.4600806803628625
full,all_models_all_blocks_common,INDEPENDENT_BRIDGE,core,2,annual_other_error,86,-0.14227440839065225,1.129114661178774,0.6320621105834895
full,all_models_all_blocks_common,INDEPENDENT_BRIDGE,core,3,annual_other_error,84,-0.25643464548063727,1.2848572695812261,0.7556307221956823
full,all_models_all_blocks_common,INDEPENDENT_BRIDGE,core,4,annual_other_error,83,-0.37472311759662635,1.482980121120652,0.8801711866424211
full,all_models_all_blocks_common,INDEPENDENT_BRIDGE,core,5,annual_other_error,82,-0.49005033653382163,1.7012501699501887,1.0455296236528637
full,all_models_all_blocks_common,INDEPENDENT_BRIDGE,core,6,annual_other_error,81,-0.6039203749349761,1.8782215325319789,1.1645664042080774
full,all_models_all_blocks_common,INDEPENDENT_BRIDGE,core,7,annual_other_error,80,-0.7243454993604985,2.0835490351367083,1.2981144219078111
full,all_models_all_blocks_common,INDEPENDENT_BRIDGE,core,8,annual_other_error,79,-0.8497942631742562,2.2877670917774138,1.4333640956669604
full,all_models_all_blocks_common,INDEPENDENT_BRIDGE,core,9,annual_other_error,78,-0.9802107630579067,2.5624677800380766,1.6175788049458677
full,all_models_all_blocks_common,INDEPENDENT_BRIDGE,core,10,annual_other_error,77,-1.114585530479636,2.8469199360885344,1.8117653258640225
full,all_models_all_blocks_common,INDEPENDENT_BRIDGE,core,11,annual_other_error,76,-1.2537309930233824,3.1353214464006838,1.9663962040511813
full,all_models_all_blocks_common,INDEPENDENT_BRIDGE,core,12,annual_other_error,75,-1.3757510210438983,3.3094456585834884,2.1164852943962194
full,all_models_all_blocks_common,INDEPENDENT_BRIDGE,food,1,annual_other_error,88,-0.10981124827244025,0.8765963362185912,0.5283331682105712
full,all_models_all_blocks_common,INDEPENDENT_BRIDGE,food,2,annual_other_error,86,-0.19933584557752657,1.2204861642170142,0.788633635162325
full,all_models_all_blocks_common,INDEPENDENT_BRIDGE,food,3,annual_other_error,84,-0.3019754975269025,1.3705010175062249,0.9323884514113063
full,all_models_all_blocks_common,INDEPENDENT_BRIDGE,food,4,annual_other_error,83,-0.39954391844118997,1.5469490616036883,1.0583230158197556
full,all_models_all_blocks_common,INDEPENDENT_BRIDGE,food,5,annual_other_error,82,-0.5367104629509926,1.8116507258690917,1.203058647937584
full,all_models_all_blocks_common,INDEPENDENT_BRIDGE,food,6,annual_other_error,81,-0.6701347564127977,2.0589312230826913,1.3316399496741054
full,all_models_all_blocks_common,INDEPENDENT_BRIDGE,food,7,annual_other_error,80,-0.8032273603674845,2.4540089668741656,1.5858311207796678
full,all_models_all_blocks_common,INDEPENDENT_BRIDGE,food,8,annual_other_error,79,-0.9351779611147318,2.691951609365636,1.796668211915853
full,all_models_all_blocks_common,INDEPENDENT_BRIDGE,food,9,annual_other_error,78,-1.0674700983129914,3.169916095538383,2.1301681520282325
full,all_models_all_blocks_common,INDEPENDENT_BRIDGE,food,10,annual_other_error,77,-1.2336896637063255,3.6288937889951325,2.4009752540364997
full,all_models_all_blocks_common,INDEPENDENT_BRIDGE,food,11,annual_other_error,76,-1.370396265888907,4.019097918317748,2.6433334273244573
full,all_models_all_blocks_common,INDEPENDENT_BRIDGE,food,12,annual_other_error,75,-1.4911913076404733,4.295366722435891,2.8303499425222713
full,all_models_all_blocks_common,INDEPENDENT_BRIDGE,fuel,1,annual_other_error,88,-0.11869482782523408,0.8819958068386712,0.5126806255838066
full,all_models_all_blocks_common,INDEPENDENT_BRIDGE,fuel,2,annual_other_error,86,-0.19912398800164138,1.23589245165455,0.7520626212822642
full,all_models_all_blocks_common,INDEPENDENT_BRIDGE,fuel,3,annual_other_error,84,-0.2922997013596868,1.4468280218919936,0.9395802200555627
full,all_models_all_blocks_common,INDEPENDENT_BRIDGE,fuel,4,annual_other_error,83,-0.3873908415420112,1.7027899191799731,1.147549030333757
full,all_models_all_blocks_common,INDEPENDENT_BRIDGE,fuel,5,annual_other_error,82,-0.5245622273775877,2.014933204010968,1.3782540874329638
full,all_models_all_blocks_common,INDEPENDENT_BRIDGE,fuel,6,annual_other_error,81,-0.6642842241444015,2.332287075811105,1.5578810322749905
full,all_models_all_blocks_common,INDEPENDENT_BRIDGE,fuel,7,annual_other_error,80,-0.8095224072384845,2.7668615645088255,1.8463466949067615
full,all_models_all_blocks_common,INDEPENDENT_BRIDGE,fuel,8,annual_other_error,79,-0.9524059394657105,3.0712393091068457,2.1054692083789894
full,all_models_all_blocks_common,INDEPENDENT_BRIDGE,fuel,9,annual_other_error,78,-1.0935932286947794,3.6312057121063672,2.4736241318787964
full,all_models_all_blocks_common,INDEPENDENT_BRIDGE,fuel,10,annual_other_error,77,-1.273587810711504,4.1964131193019245,2.8120434846682176
full,all_models_all_blocks_common,INDEPENDENT_BRIDGE,fuel,11,annual_other_error,76,-1.4198017917698451,4.679173931926304,3.170526814390694
full,all_models_all_blocks_common,INDEPENDENT_BRIDGE,fuel,12,annual_other_error,75,-1.5567342384886296,5.045335112102502,3.4714106167675944
recent_targets,own_coverage,INDEPENDENT_BRIDGE,administered,1,monthly_error,31,-0.06290322580645157,0.9456607179894844,0.36290322580645157
recent_targets,own_coverage,INDEPENDENT_BRIDGE,administered,2,monthly_error,31,-0.06290322580645157,0.9456607179894844,0.36290322580645157
recent_targets,own_coverage,INDEPENDENT_BRIDGE,administered,3,monthly_error,31,-0.06290322580645157,0.9456607179894844,0.36290322580645157
recent_targets,own_coverage,INDEPENDENT_BRIDGE,administered,4,monthly_error,31,-0.06290322580645157,0.9456607179894844,0.36290322580645157
recent_targets,own_coverage,INDEPENDENT_BRIDGE,administered,5,monthly_error,31,-0.06290322580645157,0.9456607179894844,0.36290322580645157
recent_targets,own_coverage,INDEPENDENT_BRIDGE,administered,6,monthly_error,31,-0.06290322580645157,0.9456607179894844,0.36290322580645157
recent_targets,own_coverage,INDEPENDENT_BRIDGE,administered,7,monthly_error,31,-0.06290322580645157,0.9456607179894844,0.36290322580645157
recent_targets,own_coverage,INDEPENDENT_BRIDGE,administered,8,monthly_error,31,-0.06290322580645157,0.9456607179894844,0.36290322580645157
recent_targets,own_coverage,INDEPENDENT_BRIDGE,administered,9,monthly_error,31,-0.06290322580645157,0.9456607179894844,0.36290322580645157
recent_targets,own_coverage,INDEPENDENT_BRIDGE,administered,10,monthly_error,31,-0.06290322580645157,0.9456607179894844,0.36290322580645157
recent_targets,own_coverage,INDEPENDENT_BRIDGE,administered,11,monthly_error,31,-0.06290322580645157,0.9456607179894844,0.36290322580645157
recent_targets,own_coverage,INDEPENDENT_BRIDGE,administered,12,monthly_error,31,-0.05967741935483868,0.9589560856439403,0.3661290322580644
recent_targets,own_coverage,INDEPENDENT_BRIDGE,alcohol_tobacco,1,monthly_error,31,0.05496561341205973,0.8460984928546587,0.7028756834392167
recent_targets,own_coverage,INDEPENDENT_BRIDGE,alcohol_tobacco,2,monthly_error,31,0.05496561341205973,0.8460984928546587,0.7028756834392167
recent_targets,own_coverage,INDEPENDENT_BRIDGE,alcohol_tobacco,3,monthly_error,31,0.05496561341205973,0.8460984928546587,0.7028756834392167
recent_targets,own_coverage,INDEPENDENT_BRIDGE,alcohol_tobacco,4,monthly_error,31,0.05496561341205973,0.8460984928546587,0.7028756834392167
recent_targets,own_coverage,INDEPENDENT_BRIDGE,alcohol_tobacco,5,monthly_error,31,0.05496561341205973,0.8460984928546587,0.7028756834392167
recent_targets,own_coverage,INDEPENDENT_BRIDGE,alcohol_tobacco,6,monthly_error,31,0.05496561341205973,0.8460984928546587,0.7028756834392167
recent_targets,own_coverage,INDEPENDENT_BRIDGE,alcohol_tobacco,7,monthly_error,31,0.05496561341205973,0.8460984928546587,0.7028756834392167
recent_targets,own_coverage,INDEPENDENT_BRIDGE,alcohol_tobacco,8,monthly_error,31,0.05496561341205973,0.8460984928546587,0.7028756834392167
recent_targets,own_coverage,INDEPENDENT_BRIDGE,alcohol_tobacco,9,monthly_error,31,0.05496561341205973,0.8460984928546587,0.7028756834392167
recent_targets,own_coverage,INDEPENDENT_BRIDGE,alcohol_tobacco,10,monthly_error,31,0.05496561341205973,0.8460984928546587,0.7028756834392167
recent_targets,own_coverage,INDEPENDENT_BRIDGE,alcohol_tobacco,11,monthly_error,31,0.05496561341205973,0.8460984928546587,0.7028756834392167
recent_targets,own_coverage,INDEPENDENT_BRIDGE,alcohol_tobacco,12,monthly_error,31,0.0523653124493045,0.8444441110788335,0.7025768503842235
recent_targets,own_coverage,INDEPENDENT_BRIDGE,core,1,monthly_error,31,-0.028297050607042958,0.22454759440903632,0.18672030537156056
recent_targets,own_coverage,INDEPENDENT_BRIDGE,core,2,monthly_error,31,-0.025610522181855316,0.19979777465896156,0.15884909107247594
recent_targets,own_coverage,INDEPENDENT_BRIDGE,core,3,monthly_error,31,-0.005700253485176867,0.18058646619238883,0.14681329773856192
recent_targets,own_coverage,INDEPENDENT_BRIDGE,core,4,monthly_error,31,-0.011110855588603889,0.17421860024305452,0.1425308166441056
recent_targets,own_coverage,INDEPENDENT_BRIDGE,core,5,monthly_error,31,-0.016872638283044205,0.2231181564120637,0.15702750550694486
recent_targets,own_coverage,INDEPENDENT_BRIDGE,core,6,monthly_error,31,0.006830432317399949,0.2353110866783148,0.18504997579658683
recent_targets,own_coverage,INDEPENDENT_BRIDGE,core,7,monthly_error,31,-0.01887175273570763,0.22090795218487586,0.17712279678994025
recent_targets,own_coverage,INDEPENDENT_BRIDGE,core,8,monthly_error,31,-0.026029498642574405,0.2414701924458868,0.19871557702396195
recent_targets,own_coverage,INDEPENDENT_BRIDGE,core,9,monthly_error,31,0.025459785027510583,0.2369505520409813,0.1797471774329466
recent_targets,own_coverage,INDEPENDENT_BRIDGE,core,10,monthly_error,31,-0.014780140591199904,0.19486275446649584,0.14752728773015603
recent_targets,own_coverage,INDEPENDENT_BRIDGE,core,11,monthly_error,31,0.04409697795495505,0.2408348448396873,0.18249903874668089
recent_targets,own_coverage,INDEPENDENT_BRIDGE,core,12,monthly_error,31,0.18248366045564973,0.4373446233284642,0.3026878166912192
recent_targets,own_coverage,INDEPENDENT_BRIDGE,food,1,monthly_error,31,0.16711076285103152,0.9358778436078696,0.7376429824611761
recent_targets,own_coverage,INDEPENDENT_BRIDGE,food,2,monthly_error,31,0.16870869109177428,0.9053331233523384,0.7204274947809629
recent_targets,own_coverage,INDEPENDENT_BRIDGE,food,3,monthly_error,31,0.16499147053645982,0.8376969655459375,0.6310752124166151
recent_targets,own_coverage,INDEPENDENT_BRIDGE,food,4,monthly_error,31,0.4903563110257438,1.0394648964125164,0.8519799740793649
recent_targets,own_coverage,INDEPENDENT_BRIDGE,food,5,monthly_error,31,0.4903563110257438,1.0394648964125164,0.8519799740793649
recent_targets,own_coverage,INDEPENDENT_BRIDGE,food,6,monthly_error,31,0.4903563110257438,1.0394648964125164,0.8519799740793649
recent_targets,own_coverage,INDEPENDENT_BRIDGE,food,7,monthly_error,31,0.4903563110257438,1.0394648964125164,0.8519799740793649
recent_targets,own_coverage,INDEPENDENT_BRIDGE,food,8,monthly_error,31,0.4903563110257438,1.0394648964125164,0.8519799740793649
recent_targets,own_coverage,INDEPENDENT_BRIDGE,food,9,monthly_error,31,0.4903563110257438,1.0394648964125164,0.8519799740793649
recent_targets,own_coverage,INDEPENDENT_BRIDGE,food,10,monthly_error,31,0.4903563110257438,1.0394648964125164,0.8519799740793649
recent_targets,own_coverage,INDEPENDENT_BRIDGE,food,11,monthly_error,31,0.4903563110257438,1.0394648964125164,0.8519799740793649
recent_targets,own_coverage,INDEPENDENT_BRIDGE,food,12,monthly_error,31,0.49865955451579985,0.9559398451791831,0.7712326170918299
recent_targets,own_coverage,INDEPENDENT_BRIDGE,fuel,1,monthly_error,31,-0.0573804883707183,4.673952540247925,2.876569652739155
recent_targets,own_coverage,INDEPENDENT_BRIDGE,fuel,2,monthly_error,31,-0.0573804883707183,4.673952540247925,2.876569652739155
recent_targets,own_coverage,INDEPENDENT_BRIDGE,fuel,3,monthly_error,31,-0.0573804883707183,4.673952540247925,2.876569652739155
recent_targets,own_coverage,INDEPENDENT_BRIDGE,fuel,4,monthly_error,31,-0.0573804883707183,4.673952540247925,2.876569652739155
recent_targets,own_coverage,INDEPENDENT_BRIDGE,fuel,5,monthly_error,31,-0.0573804883707183,4.673952540247925,2.876569652739155
recent_targets,own_coverage,INDEPENDENT_BRIDGE,fuel,6,monthly_error,31,-0.0573804883707183,4.673952540247925,2.876569652739155
recent_targets,own_coverage,INDEPENDENT_BRIDGE,fuel,7,monthly_error,31,-0.0573804883707183,4.673952540247925,2.876569652739155
recent_targets,own_coverage,INDEPENDENT_BRIDGE,fuel,8,monthly_error,31,-0.0573804883707183,4.673952540247925,2.876569652739155
recent_targets,own_coverage,INDEPENDENT_BRIDGE,fuel,9,monthly_error,31,-0.0573804883707183,4.673952540247925,2.876569652739155
recent_targets,own_coverage,INDEPENDENT_BRIDGE,fuel,10,monthly_error,31,-0.0573804883707183,4.673952540247925,2.876569652739155
recent_targets,own_coverage,INDEPENDENT_BRIDGE,fuel,11,monthly_error,31,-0.0573804883707183,4.673952540247925,2.876569652739155
recent_targets,own_coverage,INDEPENDENT_BRIDGE,fuel,12,monthly_error,31,0.01269594345263679,4.682994491299886,2.9954702430424693
recent_targets,model_all_blocks_common,INDEPENDENT_BRIDGE,administered,1,monthly_error,31,-0.06290322580645157,0.9456607179894844,0.36290322580645157
recent_targets,model_all_blocks_common,INDEPENDENT_BRIDGE,administered,2,monthly_error,31,-0.06290322580645157,0.9456607179894844,0.36290322580645157
recent_targets,model_all_blocks_common,INDEPENDENT_BRIDGE,administered,3,monthly_error,31,-0.06290322580645157,0.9456607179894844,0.36290322580645157
recent_targets,model_all_blocks_common,INDEPENDENT_BRIDGE,administered,4,monthly_error,31,-0.06290322580645157,0.9456607179894844,0.36290322580645157
recent_targets,model_all_blocks_common,INDEPENDENT_BRIDGE,administered,5,monthly_error,31,-0.06290322580645157,0.9456607179894844,0.36290322580645157
recent_targets,model_all_blocks_common,INDEPENDENT_BRIDGE,administered,6,monthly_error,31,-0.06290322580645157,0.9456607179894844,0.36290322580645157
recent_targets,model_all_blocks_common,INDEPENDENT_BRIDGE,administered,7,monthly_error,31,-0.06290322580645157,0.9456607179894844,0.36290322580645157
recent_targets,model_all_blocks_common,INDEPENDENT_BRIDGE,administered,8,monthly_error,31,-0.06290322580645157,0.9456607179894844,0.36290322580645157
recent_targets,model_all_blocks_common,INDEPENDENT_BRIDGE,administered,9,monthly_error,31,-0.06290322580645157,0.9456607179894844,0.36290322580645157
recent_targets,model_all_blocks_common,INDEPENDENT_BRIDGE,administered,10,monthly_error,31,-0.06290322580645157,0.9456607179894844,0.36290322580645157
recent_targets,model_all_blocks_common,INDEPENDENT_BRIDGE,administered,11,monthly_error,31,-0.06290322580645157,0.9456607179894844,0.36290322580645157
recent_targets,model_all_blocks_common,INDEPENDENT_BRIDGE,administered,12,monthly_error,31,-0.05967741935483868,0.9589560856439403,0.3661290322580644
recent_targets,model_all_blocks_common,INDEPENDENT_BRIDGE,alcohol_tobacco,1,monthly_error,31,0.05496561341205973,0.8460984928546587,0.7028756834392167
recent_targets,model_all_blocks_common,INDEPENDENT_BRIDGE,alcohol_tobacco,2,monthly_error,31,0.05496561341205973,0.8460984928546587,0.7028756834392167
recent_targets,model_all_blocks_common,INDEPENDENT_BRIDGE,alcohol_tobacco,3,monthly_error,31,0.05496561341205973,0.8460984928546587,0.7028756834392167
recent_targets,model_all_blocks_common,INDEPENDENT_BRIDGE,alcohol_tobacco,4,monthly_error,31,0.05496561341205973,0.8460984928546587,0.7028756834392167
recent_targets,model_all_blocks_common,INDEPENDENT_BRIDGE,alcohol_tobacco,5,monthly_error,31,0.05496561341205973,0.8460984928546587,0.7028756834392167
recent_targets,model_all_blocks_common,INDEPENDENT_BRIDGE,alcohol_tobacco,6,monthly_error,31,0.05496561341205973,0.8460984928546587,0.7028756834392167
recent_targets,model_all_blocks_common,INDEPENDENT_BRIDGE,alcohol_tobacco,7,monthly_error,31,0.05496561341205973,0.8460984928546587,0.7028756834392167
recent_targets,model_all_blocks_common,INDEPENDENT_BRIDGE,alcohol_tobacco,8,monthly_error,31,0.05496561341205973,0.8460984928546587,0.7028756834392167
recent_targets,model_all_blocks_common,INDEPENDENT_BRIDGE,alcohol_tobacco,9,monthly_error,31,0.05496561341205973,0.8460984928546587,0.7028756834392167
recent_targets,model_all_blocks_common,INDEPENDENT_BRIDGE,alcohol_tobacco,10,monthly_error,31,0.05496561341205973,0.8460984928546587,0.7028756834392167
recent_targets,model_all_blocks_common,INDEPENDENT_BRIDGE,alcohol_tobacco,11,monthly_error,31,0.05496561341205973,0.8460984928546587,0.7028756834392167
recent_targets,model_all_blocks_common,INDEPENDENT_BRIDGE,alcohol_tobacco,12,monthly_error,31,0.0523653124493045,0.8444441110788335,0.7025768503842235
recent_targets,model_all_blocks_common,INDEPENDENT_BRIDGE,core,1,monthly_error,31,-0.028297050607042958,0.22454759440903632,0.18672030537156056
recent_targets,model_all_blocks_common,INDEPENDENT_BRIDGE,core,2,monthly_error,31,-0.025610522181855316,0.19979777465896156,0.15884909107247594
recent_targets,model_all_blocks_common,INDEPENDENT_BRIDGE,core,3,monthly_error,31,-0.005700253485176867,0.18058646619238883,0.14681329773856192
recent_targets,model_all_blocks_common,INDEPENDENT_BRIDGE,core,4,monthly_error,31,-0.011110855588603889,0.17421860024305452,0.1425308166441056
recent_targets,model_all_blocks_common,INDEPENDENT_BRIDGE,core,5,monthly_error,31,-0.016872638283044205,0.2231181564120637,0.15702750550694486
recent_targets,model_all_blocks_common,INDEPENDENT_BRIDGE,core,6,monthly_error,31,0.006830432317399949,0.2353110866783148,0.18504997579658683
recent_targets,model_all_blocks_common,INDEPENDENT_BRIDGE,core,7,monthly_error,31,-0.01887175273570763,0.22090795218487586,0.17712279678994025
recent_targets,model_all_blocks_common,INDEPENDENT_BRIDGE,core,8,monthly_error,31,-0.026029498642574405,0.2414701924458868,0.19871557702396195
recent_targets,model_all_blocks_common,INDEPENDENT_BRIDGE,core,9,monthly_error,31,0.025459785027510583,0.2369505520409813,0.1797471774329466
recent_targets,model_all_blocks_common,INDEPENDENT_BRIDGE,core,10,monthly_error,31,-0.014780140591199904,0.19486275446649584,0.14752728773015603
recent_targets,model_all_blocks_common,INDEPENDENT_BRIDGE,core,11,monthly_error,31,0.04409697795495505,0.2408348448396873,0.18249903874668089
recent_targets,model_all_blocks_common,INDEPENDENT_BRIDGE,core,12,monthly_error,31,0.18248366045564973,0.4373446233284642,0.3026878166912192
recent_targets,model_all_blocks_common,INDEPENDENT_BRIDGE,food,1,monthly_error,31,0.16711076285103152,0.9358778436078696,0.7376429824611761
recent_targets,model_all_blocks_common,INDEPENDENT_BRIDGE,food,2,monthly_error,31,0.16870869109177428,0.9053331233523384,0.7204274947809629
recent_targets,model_all_blocks_common,INDEPENDENT_BRIDGE,food,3,monthly_error,31,0.16499147053645982,0.8376969655459375,0.6310752124166151
recent_targets,model_all_blocks_common,INDEPENDENT_BRIDGE,food,4,monthly_error,31,0.4903563110257438,1.0394648964125164,0.8519799740793649
recent_targets,model_all_blocks_common,INDEPENDENT_BRIDGE,food,5,monthly_error,31,0.4903563110257438,1.0394648964125164,0.8519799740793649
recent_targets,model_all_blocks_common,INDEPENDENT_BRIDGE,food,6,monthly_error,31,0.4903563110257438,1.0394648964125164,0.8519799740793649
recent_targets,model_all_blocks_common,INDEPENDENT_BRIDGE,food,7,monthly_error,31,0.4903563110257438,1.0394648964125164,0.8519799740793649
recent_targets,model_all_blocks_common,INDEPENDENT_BRIDGE,food,8,monthly_error,31,0.4903563110257438,1.0394648964125164,0.8519799740793649
recent_targets,model_all_blocks_common,INDEPENDENT_BRIDGE,food,9,monthly_error,31,0.4903563110257438,1.0394648964125164,0.8519799740793649
recent_targets,model_all_blocks_common,INDEPENDENT_BRIDGE,food,10,monthly_error,31,0.4903563110257438,1.0394648964125164,0.8519799740793649
recent_targets,model_all_blocks_common,INDEPENDENT_BRIDGE,food,11,monthly_error,31,0.4903563110257438,1.0394648964125164,0.8519799740793649
recent_targets,model_all_blocks_common,INDEPENDENT_BRIDGE,food,12,monthly_error,31,0.49865955451579985,0.9559398451791831,0.7712326170918299
recent_targets,model_all_blocks_common,INDEPENDENT_BRIDGE,fuel,1,monthly_error,31,-0.0573804883707183,4.673952540247925,2.876569652739155
recent_targets,model_all_blocks_common,INDEPENDENT_BRIDGE,fuel,2,monthly_error,31,-0.0573804883707183,4.673952540247925,2.876569652739155
recent_targets,model_all_blocks_common,INDEPENDENT_BRIDGE,fuel,3,monthly_error,31,-0.0573804883707183,4.673952540247925,2.876569652739155
recent_targets,model_all_blocks_common,INDEPENDENT_BRIDGE,fuel,4,monthly_error,31,-0.0573804883707183,4.673952540247925,2.876569652739155
recent_targets,model_all_blocks_common,INDEPENDENT_BRIDGE,fuel,5,monthly_error,31,-0.0573804883707183,4.673952540247925,2.876569652739155
recent_targets,model_all_blocks_common,INDEPENDENT_BRIDGE,fuel,6,monthly_error,31,-0.0573804883707183,4.673952540247925,2.876569652739155
recent_targets,model_all_blocks_common,INDEPENDENT_BRIDGE,fuel,7,monthly_error,31,-0.0573804883707183,4.673952540247925,2.876569652739155
recent_targets,model_all_blocks_common,INDEPENDENT_BRIDGE,fuel,8,monthly_error,31,-0.0573804883707183,4.673952540247925,2.876569652739155
recent_targets,model_all_blocks_common,INDEPENDENT_BRIDGE,fuel,9,monthly_error,31,-0.0573804883707183,4.673952540247925,2.876569652739155
recent_targets,model_all_blocks_common,INDEPENDENT_BRIDGE,fuel,10,monthly_error,31,-0.0573804883707183,4.673952540247925,2.876569652739155
recent_targets,model_all_blocks_common,INDEPENDENT_BRIDGE,fuel,11,monthly_error,31,-0.0573804883707183,4.673952540247925,2.876569652739155
recent_targets,model_all_blocks_common,INDEPENDENT_BRIDGE,fuel,12,monthly_error,31,0.01269594345263679,4.682994491299886,2.9954702430424693
recent_targets,all_models_all_blocks_common,INDEPENDENT_BRIDGE,administered,1,monthly_error,31,-0.06290322580645157,0.9456607179894844,0.36290322580645157
recent_targets,all_models_all_blocks_common,INDEPENDENT_BRIDGE,administered,2,monthly_error,31,-0.06290322580645157,0.9456607179894844,0.36290322580645157
recent_targets,all_models_all_blocks_common,INDEPENDENT_BRIDGE,administered,3,monthly_error,31,-0.06290322580645157,0.9456607179894844,0.36290322580645157
recent_targets,all_models_all_blocks_common,INDEPENDENT_BRIDGE,administered,4,monthly_error,31,-0.06290322580645157,0.9456607179894844,0.36290322580645157
recent_targets,all_models_all_blocks_common,INDEPENDENT_BRIDGE,administered,5,monthly_error,31,-0.06290322580645157,0.9456607179894844,0.36290322580645157
recent_targets,all_models_all_blocks_common,INDEPENDENT_BRIDGE,administered,6,monthly_error,31,-0.06290322580645157,0.9456607179894844,0.36290322580645157
recent_targets,all_models_all_blocks_common,INDEPENDENT_BRIDGE,administered,7,monthly_error,31,-0.06290322580645157,0.9456607179894844,0.36290322580645157
recent_targets,all_models_all_blocks_common,INDEPENDENT_BRIDGE,administered,8,monthly_error,31,-0.06290322580645157,0.9456607179894844,0.36290322580645157
recent_targets,all_models_all_blocks_common,INDEPENDENT_BRIDGE,administered,9,monthly_error,31,-0.06290322580645157,0.9456607179894844,0.36290322580645157
recent_targets,all_models_all_blocks_common,INDEPENDENT_BRIDGE,administered,10,monthly_error,31,-0.06290322580645157,0.9456607179894844,0.36290322580645157
recent_targets,all_models_all_blocks_common,INDEPENDENT_BRIDGE,administered,11,monthly_error,31,-0.06290322580645157,0.9456607179894844,0.36290322580645157
recent_targets,all_models_all_blocks_common,INDEPENDENT_BRIDGE,administered,12,monthly_error,31,-0.05967741935483868,0.9589560856439403,0.3661290322580644
recent_targets,all_models_all_blocks_common,INDEPENDENT_BRIDGE,alcohol_tobacco,1,monthly_error,31,0.05496561341205973,0.8460984928546587,0.7028756834392167
recent_targets,all_models_all_blocks_common,INDEPENDENT_BRIDGE,alcohol_tobacco,2,monthly_error,31,0.05496561341205973,0.8460984928546587,0.7028756834392167
recent_targets,all_models_all_blocks_common,INDEPENDENT_BRIDGE,alcohol_tobacco,3,monthly_error,31,0.05496561341205973,0.8460984928546587,0.7028756834392167
recent_targets,all_models_all_blocks_common,INDEPENDENT_BRIDGE,alcohol_tobacco,4,monthly_error,31,0.05496561341205973,0.8460984928546587,0.7028756834392167
recent_targets,all_models_all_blocks_common,INDEPENDENT_BRIDGE,alcohol_tobacco,5,monthly_error,31,0.05496561341205973,0.8460984928546587,0.7028756834392167
recent_targets,all_models_all_blocks_common,INDEPENDENT_BRIDGE,alcohol_tobacco,6,monthly_error,31,0.05496561341205973,0.8460984928546587,0.7028756834392167
recent_targets,all_models_all_blocks_common,INDEPENDENT_BRIDGE,alcohol_tobacco,7,monthly_error,31,0.05496561341205973,0.8460984928546587,0.7028756834392167
recent_targets,all_models_all_blocks_common,INDEPENDENT_BRIDGE,alcohol_tobacco,8,monthly_error,31,0.05496561341205973,0.8460984928546587,0.7028756834392167
recent_targets,all_models_all_blocks_common,INDEPENDENT_BRIDGE,alcohol_tobacco,9,monthly_error,31,0.05496561341205973,0.8460984928546587,0.7028756834392167
recent_targets,all_models_all_blocks_common,INDEPENDENT_BRIDGE,alcohol_tobacco,10,monthly_error,31,0.05496561341205973,0.8460984928546587,0.7028756834392167
recent_targets,all_models_all_blocks_common,INDEPENDENT_BRIDGE,alcohol_tobacco,11,monthly_error,31,0.05496561341205973,0.8460984928546587,0.7028756834392167
recent_targets,all_models_all_blocks_common,INDEPENDENT_BRIDGE,alcohol_tobacco,12,monthly_error,31,0.0523653124493045,0.8444441110788335,0.7025768503842235
recent_targets,all_models_all_blocks_common,INDEPENDENT_BRIDGE,core,1,monthly_error,31,-0.028297050607042958,0.22454759440903632,0.18672030537156056
recent_targets,all_models_all_blocks_common,INDEPENDENT_BRIDGE,core,2,monthly_error,31,-0.025610522181855316,0.19979777465896156,0.15884909107247594
recent_targets,all_models_all_blocks_common,INDEPENDENT_BRIDGE,core,3,monthly_error,31,-0.005700253485176867,0.18058646619238883,0.14681329773856192
recent_targets,all_models_all_blocks_common,INDEPENDENT_BRIDGE,core,4,monthly_error,31,-0.011110855588603889,0.17421860024305452,0.1425308166441056
recent_targets,all_models_all_blocks_common,INDEPENDENT_BRIDGE,core,5,monthly_error,31,-0.016872638283044205,0.2231181564120637,0.15702750550694486
recent_targets,all_models_all_blocks_common,INDEPENDENT_BRIDGE,core,6,monthly_error,31,0.006830432317399949,0.2353110866783148,0.18504997579658683
recent_targets,all_models_all_blocks_common,INDEPENDENT_BRIDGE,core,7,monthly_error,31,-0.01887175273570763,0.22090795218487586,0.17712279678994025
recent_targets,all_models_all_blocks_common,INDEPENDENT_BRIDGE,core,8,monthly_error,31,-0.026029498642574405,0.2414701924458868,0.19871557702396195
recent_targets,all_models_all_blocks_common,INDEPENDENT_BRIDGE,core,9,monthly_error,31,0.025459785027510583,0.2369505520409813,0.1797471774329466
recent_targets,all_models_all_blocks_common,INDEPENDENT_BRIDGE,core,10,monthly_error,31,-0.014780140591199904,0.19486275446649584,0.14752728773015603
recent_targets,all_models_all_blocks_common,INDEPENDENT_BRIDGE,core,11,monthly_error,31,0.04409697795495505,0.2408348448396873,0.18249903874668089
recent_targets,all_models_all_blocks_common,INDEPENDENT_BRIDGE,core,12,monthly_error,31,0.18248366045564973,0.4373446233284642,0.3026878166912192
recent_targets,all_models_all_blocks_common,INDEPENDENT_BRIDGE,food,1,monthly_error,31,0.16711076285103152,0.9358778436078696,0.7376429824611761
recent_targets,all_models_all_blocks_common,INDEPENDENT_BRIDGE,food,2,monthly_error,31,0.16870869109177428,0.9053331233523384,0.7204274947809629
recent_targets,all_models_all_blocks_common,INDEPENDENT_BRIDGE,food,3,monthly_error,31,0.16499147053645982,0.8376969655459375,0.6310752124166151
recent_targets,all_models_all_blocks_common,INDEPENDENT_BRIDGE,food,4,monthly_error,31,0.4903563110257438,1.0394648964125164,0.8519799740793649
recent_targets,all_models_all_blocks_common,INDEPENDENT_BRIDGE,food,5,monthly_error,31,0.4903563110257438,1.0394648964125164,0.8519799740793649
recent_targets,all_models_all_blocks_common,INDEPENDENT_BRIDGE,food,6,monthly_error,31,0.4903563110257438,1.0394648964125164,0.8519799740793649
recent_targets,all_models_all_blocks_common,INDEPENDENT_BRIDGE,food,7,monthly_error,31,0.4903563110257438,1.0394648964125164,0.8519799740793649
recent_targets,all_models_all_blocks_common,INDEPENDENT_BRIDGE,food,8,monthly_error,31,0.4903563110257438,1.0394648964125164,0.8519799740793649
recent_targets,all_models_all_blocks_common,INDEPENDENT_BRIDGE,food,9,monthly_error,31,0.4903563110257438,1.0394648964125164,0.8519799740793649
recent_targets,all_models_all_blocks_common,INDEPENDENT_BRIDGE,food,10,monthly_error,31,0.4903563110257438,1.0394648964125164,0.8519799740793649
recent_targets,all_models_all_blocks_common,INDEPENDENT_BRIDGE,food,11,monthly_error,31,0.4903563110257438,1.0394648964125164,0.8519799740793649
recent_targets,all_models_all_blocks_common,INDEPENDENT_BRIDGE,food,12,monthly_error,31,0.49865955451579985,0.9559398451791831,0.7712326170918299
recent_targets,all_models_all_blocks_common,INDEPENDENT_BRIDGE,fuel,1,monthly_error,31,-0.0573804883707183,4.673952540247925,2.876569652739155
recent_targets,all_models_all_blocks_common,INDEPENDENT_BRIDGE,fuel,2,monthly_error,31,-0.0573804883707183,4.673952540247925,2.876569652739155
recent_targets,all_models_all_blocks_common,INDEPENDENT_BRIDGE,fuel,3,monthly_error,31,-0.0573804883707183,4.673952540247925,2.876569652739155
recent_targets,all_models_all_blocks_common,INDEPENDENT_BRIDGE,fuel,4,monthly_error,31,-0.0573804883707183,4.673952540247925,2.876569652739155
recent_targets,all_models_all_blocks_common,INDEPENDENT_BRIDGE,fuel,5,monthly_error,31,-0.0573804883707183,4.673952540247925,2.876569652739155
recent_targets,all_models_all_blocks_common,INDEPENDENT_BRIDGE,fuel,6,monthly_error,31,-0.0573804883707183,4.673952540247925,2.876569652739155
recent_targets,all_models_all_blocks_common,INDEPENDENT_BRIDGE,fuel,7,monthly_error,31,-0.0573804883707183,4.673952540247925,2.876569652739155
recent_targets,all_models_all_blocks_common,INDEPENDENT_BRIDGE,fuel,8,monthly_error,31,-0.0573804883707183,4.673952540247925,2.876569652739155
recent_targets,all_models_all_blocks_common,INDEPENDENT_BRIDGE,fuel,9,monthly_error,31,-0.0573804883707183,4.673952540247925,2.876569652739155
recent_targets,all_models_all_blocks_common,INDEPENDENT_BRIDGE,fuel,10,monthly_error,31,-0.0573804883707183,4.673952540247925,2.876569652739155
recent_targets,all_models_all_blocks_common,INDEPENDENT_BRIDGE,fuel,11,monthly_error,31,-0.0573804883707183,4.673952540247925,2.876569652739155
recent_targets,all_models_all_blocks_common,INDEPENDENT_BRIDGE,fuel,12,monthly_error,31,0.01269594345263679,4.682994491299886,2.9954702430424693
recent_targets,own_coverage,INDEPENDENT_BRIDGE,administered,1,monthly_weighted_error,31,-0.0069351652924238135,0.14595697864608698,0.0590946781821196
recent_targets,own_coverage,INDEPENDENT_BRIDGE,administered,2,monthly_weighted_error,31,-0.007002849529307949,0.14590959847487536,0.05901718443080029
recent_targets,own_coverage,INDEPENDENT_BRIDGE,administered,3,monthly_weighted_error,31,-0.007313156561737889,0.1458097335076354,0.058757806367670376
recent_targets,own_coverage,INDEPENDENT_BRIDGE,administered,4,monthly_weighted_error,31,-0.0071988276039707455,0.1458143509488725,0.05870422711885487
recent_targets,own_coverage,INDEPENDENT_BRIDGE,administered,5,monthly_weighted_error,31,-0.007124487970565165,0.14581967341569582,0.058688043590249366
recent_targets,own_coverage,INDEPENDENT_BRIDGE,administered,6,monthly_weighted_error,31,-0.006984191143232384,0.14587120700635875,0.058648451059603625
recent_targets,own_coverage,INDEPENDENT_BRIDGE,administered,7,monthly_weighted_error,31,-0.006862621888471039,0.1458970117682276,0.05860117137517081
recent_targets,own_coverage,INDEPENDENT_BRIDGE,administered,8,monthly_weighted_error,31,-0.007128156149855532,0.14578213206099846,0.05834706711904271
recent_targets,own_coverage,INDEPENDENT_BRIDGE,administered,9,monthly_weighted_error,31,-0.007210310899725034,0.14577350656995167,0.058276428849242876
recent_targets,own_coverage,INDEPENDENT_BRIDGE,administered,10,monthly_weighted_error,31,-0.00728908286373004,0.1457926992939018,0.058231497540682506
recent_targets,own_coverage,INDEPENDENT_BRIDGE,administered,11,monthly_weighted_error,31,-0.007493692555951066,0.14578684222652274,0.05802062336136375
recent_targets,own_coverage,INDEPENDENT_BRIDGE,administered,12,monthly_weighted_error,31,-0.007500333419344315,0.15203971030162192,0.059422519285286454
recent_targets,own_coverage,INDEPENDENT_BRIDGE,alcohol_tobacco,1,monthly_weighted_error,31,0.004551699959940162,0.07158757992369585,0.059433316115049976
recent_targets,own_coverage,INDEPENDENT_BRIDGE,alcohol_tobacco,2,monthly_weighted_error,31,0.004628250976563824,0.07166623696291351,0.05950986713167364
recent_targets,own_coverage,INDEPENDENT_BRIDGE,alcohol_tobacco,3,monthly_weighted_error,31,0.004410883860472204,0.07215961072493655,0.05972723424776526
recent_targets,own_coverage,INDEPENDENT_BRIDGE,alcohol_tobacco,4,monthly_weighted_error,31,0.004520270574104934,0.07226838986759802,0.05983662096139799
recent_targets,own_coverage,INDEPENDENT_BRIDGE,alcohol_tobacco,5,monthly_weighted_error,31,0.004585506162258891,0.07235081200018051,0.05991501400569851
recent_targets,own_coverage,INDEPENDENT_BRIDGE,alcohol_tobacco,6,monthly_weighted_error,31,0.004636249113950861,0.07237951655314512,0.05996575695739049
recent_targets,own_coverage,INDEPENDENT_BRIDGE,alcohol_tobacco,7,monthly_weighted_error,31,0.004563529404171765,0.07246299135610608,0.060038476667169584
recent_targets,own_coverage,INDEPENDENT_BRIDGE,alcohol_tobacco,8,monthly_weighted_error,31,0.004594056702766683,0.07247769190698641,0.0600690039657645
recent_targets,own_coverage,INDEPENDENT_BRIDGE,alcohol_tobacco,9,monthly_weighted_error,31,0.004592199787858248,0.072477746294181,0.06007086088067294
recent_targets,own_coverage,INDEPENDENT_BRIDGE,alcohol_tobacco,10,monthly_weighted_error,31,0.004612844866907532,0.07248446871117523,0.06009150595972222
recent_targets,own_coverage,INDEPENDENT_BRIDGE,alcohol_tobacco,11,monthly_weighted_error,31,0.0046626296470886,0.07252354815184499,0.06014129073990329
recent_targets,own_coverage,INDEPENDENT_BRIDGE,alcohol_tobacco,12,monthly_weighted_error,31,0.004350301953893073,0.07250080205110862,0.060210123265527965
recent_targets,own_coverage,INDEPENDENT_BRIDGE,core,1,monthly_weighted_error,31,-0.014685850481801,0.11982952189088249,0.09974501097542122
recent_targets,own_coverage,INDEPENDENT_BRIDGE,core,2,monthly_weighted_error,31,-0.013150605598811939,0.10624900534053623,0.08464683250537394
recent_targets,own_coverage,INDEPENDENT_BRIDGE,core,3,monthly_weighted_error,31,-0.0030559740906043443,0.09684936272178468,0.07861518922493942
recent_targets,own_coverage,INDEPENDENT_BRIDGE,core,4,monthly_weighted_error,31,-0.006032679021809783,0.09407531575805711,0.0764951132218024
recent_targets,own_coverage,INDEPENDENT_BRIDGE,core,5,monthly_weighted_error,31,-0.008978435413528487,0.12157796500837582,0.08480289700150485
recent_targets,own_coverage,INDEPENDENT_BRIDGE,core,6,monthly_weighted_error,31,0.004590973549589095,0.1274695162235581,0.09976419250267564
recent_targets,own_coverage,INDEPENDENT_BRIDGE,core,7,monthly_weighted_error,31,-0.009690084764047221,0.11831362309526385,0.09478671930666618
recent_targets,own_coverage,INDEPENDENT_BRIDGE,core,8,monthly_weighted_error,31,-0.013766392491780069,0.13020540093636823,0.10666969974230071
recent_targets,own_coverage,INDEPENDENT_BRIDGE,core,9,monthly_weighted_error,31,0.01429568445187767,0.12887848406462707,0.09702516519396077
recent_targets,own_coverage,INDEPENDENT_BRIDGE,core,10,monthly_weighted_error,31,-0.007918186088732883,0.10485360736645871,0.07952395850796368
recent_targets,own_coverage,INDEPENDENT_BRIDGE,core,11,monthly_weighted_error,31,0.024393003043509297,0.13184682340392037,0.09921839663805952
recent_targets,own_coverage,INDEPENDENT_BRIDGE,core,12,monthly_weighted_error,31,0.10078603916736614,0.23962466356607193,0.16490996322819676
recent_targets,own_coverage,INDEPENDENT_BRIDGE,food,1,monthly_weighted_error,31,0.029404387263606297,0.16557545065586127,0.13026945455691033
recent_targets,own_coverage,INDEPENDENT_BRIDGE,food,2,monthly_weighted_error,31,0.02971561229458132,0.15994615991882297,0.1272839115408078
recent_targets,own_coverage,INDEPENDENT_BRIDGE,food,3,monthly_weighted_error,31,0.029222329979077487,0.1485604175880681,0.11170945497537428
recent_targets,own_coverage,INDEPENDENT_BRIDGE,food,4,monthly_weighted_error,31,0.08650070151364365,0.1839484375473253,0.15071167332823912
recent_targets,own_coverage,INDEPENDENT_BRIDGE,food,5,monthly_weighted_error,31,0.08697106141054506,0.18463546718525797,0.15118203322514054
recent_targets,own_coverage,INDEPENDENT_BRIDGE,food,6,monthly_weighted_error,31,0.08711721895885342,0.18472270363806417,0.15135073203297894
recent_targets,own_coverage,INDEPENDENT_BRIDGE,food,7,monthly_weighted_error,31,0.08710317674608829,0.18473183981157404,0.15136477424574407
recent_targets,own_coverage,INDEPENDENT_BRIDGE,food,8,monthly_weighted_error,31,0.08707024486463465,0.18478208061031934,0.15139770612719772
recent_targets,own_coverage,INDEPENDENT_BRIDGE,food,9,monthly_weighted_error,31,0.08708498560561226,0.18479214508719968,0.15141244686817532
recent_targets,own_coverage,INDEPENDENT_BRIDGE,food,10,monthly_weighted_error,31,0.08709143285898333,0.18479407034088527,0.15141889412154638
recent_targets,own_coverage,INDEPENDENT_BRIDGE,food,11,monthly_weighted_error,31,0.08710142451389154,0.18479869421118805,0.1514288857764546
recent_targets,own_coverage,INDEPENDENT_BRIDGE,food,12,monthly_weighted_error,31,0.08856889392693969,0.16990230137480522,0.13707693478123567
recent_targets,own_coverage,INDEPENDENT_BRIDGE,fuel,1,monthly_weighted_error,31,0.0012366545724603372,0.14839352693663502,0.09552179430192226
recent_targets,own_coverage,INDEPENDENT_BRIDGE,fuel,2,monthly_weighted_error,31,-0.0015121617371045928,0.16071729054657538,0.09827061061148719
recent_targets,own_coverage,INDEPENDENT_BRIDGE,fuel,3,monthly_weighted_error,31,-0.0023209675726453692,0.1621096439780451,0.09907941644702797
recent_targets,own_coverage,INDEPENDENT_BRIDGE,fuel,4,monthly_weighted_error,31,-0.0027036521446189565,0.1617676103677901,0.09869673187505437
recent_targets,own_coverage,INDEPENDENT_BRIDGE,fuel,5,monthly_weighted_error,31,-0.00195595241818763,0.163684321138222,0.09944443160148572
recent_targets,own_coverage,INDEPENDENT_BRIDGE,fuel,6,monthly_weighted_error,31,-0.00210506763413564,0.16376324730131225,0.09959354681743374
recent_targets,own_coverage,INDEPENDENT_BRIDGE,fuel,7,monthly_weighted_error,31,-0.0023791478780623046,0.16363304036248214,0.09931946657350706
recent_targets,own_coverage,INDEPENDENT_BRIDGE,fuel,8,monthly_weighted_error,31,-0.003001380365199675,0.1629602953900895,0.0986972340863697
recent_targets,own_coverage,INDEPENDENT_BRIDGE,fuel,9,monthly_weighted_error,31,-0.0031530287800420366,0.1629202484135941,0.09854558567152734
recent_targets,own_coverage,INDEPENDENT_BRIDGE,fuel,10,monthly_weighted_error,31,-0.003022705979160962,0.16289066640926833,0.09841526287064625
recent_targets,own_coverage,INDEPENDENT_BRIDGE,fuel,11,monthly_weighted_error,31,-0.002832192442508797,0.16282743072758057,0.09822474933399408
recent_targets,own_coverage,INDEPENDENT_BRIDGE,fuel,12,monthly_weighted_error,31,-0.00022284145026591287,0.16304898453532982,0.10230156245260122
recent_targets,model_all_blocks_common,INDEPENDENT_BRIDGE,administered,1,monthly_weighted_error,31,-0.0069351652924238135,0.14595697864608698,0.0590946781821196
recent_targets,model_all_blocks_common,INDEPENDENT_BRIDGE,administered,2,monthly_weighted_error,31,-0.007002849529307949,0.14590959847487536,0.05901718443080029
recent_targets,model_all_blocks_common,INDEPENDENT_BRIDGE,administered,3,monthly_weighted_error,31,-0.007313156561737889,0.1458097335076354,0.058757806367670376
recent_targets,model_all_blocks_common,INDEPENDENT_BRIDGE,administered,4,monthly_weighted_error,31,-0.0071988276039707455,0.1458143509488725,0.05870422711885487
recent_targets,model_all_blocks_common,INDEPENDENT_BRIDGE,administered,5,monthly_weighted_error,31,-0.007124487970565165,0.14581967341569582,0.058688043590249366
recent_targets,model_all_blocks_common,INDEPENDENT_BRIDGE,administered,6,monthly_weighted_error,31,-0.006984191143232384,0.14587120700635875,0.058648451059603625
recent_targets,model_all_blocks_common,INDEPENDENT_BRIDGE,administered,7,monthly_weighted_error,31,-0.006862621888471039,0.1458970117682276,0.05860117137517081
recent_targets,model_all_blocks_common,INDEPENDENT_BRIDGE,administered,8,monthly_weighted_error,31,-0.007128156149855532,0.14578213206099846,0.05834706711904271
recent_targets,model_all_blocks_common,INDEPENDENT_BRIDGE,administered,9,monthly_weighted_error,31,-0.007210310899725034,0.14577350656995167,0.058276428849242876
recent_targets,model_all_blocks_common,INDEPENDENT_BRIDGE,administered,10,monthly_weighted_error,31,-0.00728908286373004,0.1457926992939018,0.058231497540682506
recent_targets,model_all_blocks_common,INDEPENDENT_BRIDGE,administered,11,monthly_weighted_error,31,-0.007493692555951066,0.14578684222652274,0.05802062336136375
recent_targets,model_all_blocks_common,INDEPENDENT_BRIDGE,administered,12,monthly_weighted_error,31,-0.007500333419344315,0.15203971030162192,0.059422519285286454
recent_targets,model_all_blocks_common,INDEPENDENT_BRIDGE,alcohol_tobacco,1,monthly_weighted_error,31,0.004551699959940162,0.07158757992369585,0.059433316115049976
recent_targets,model_all_blocks_common,INDEPENDENT_BRIDGE,alcohol_tobacco,2,monthly_weighted_error,31,0.004628250976563824,0.07166623696291351,0.05950986713167364
recent_targets,model_all_blocks_common,INDEPENDENT_BRIDGE,alcohol_tobacco,3,monthly_weighted_error,31,0.004410883860472204,0.07215961072493655,0.05972723424776526
recent_targets,model_all_blocks_common,INDEPENDENT_BRIDGE,alcohol_tobacco,4,monthly_weighted_error,31,0.004520270574104934,0.07226838986759802,0.05983662096139799
recent_targets,model_all_blocks_common,INDEPENDENT_BRIDGE,alcohol_tobacco,5,monthly_weighted_error,31,0.004585506162258891,0.07235081200018051,0.05991501400569851
recent_targets,model_all_blocks_common,INDEPENDENT_BRIDGE,alcohol_tobacco,6,monthly_weighted_error,31,0.004636249113950861,0.07237951655314512,0.05996575695739049
recent_targets,model_all_blocks_common,INDEPENDENT_BRIDGE,alcohol_tobacco,7,monthly_weighted_error,31,0.004563529404171765,0.07246299135610608,0.060038476667169584
recent_targets,model_all_blocks_common,INDEPENDENT_BRIDGE,alcohol_tobacco,8,monthly_weighted_error,31,0.004594056702766683,0.07247769190698641,0.0600690039657645
recent_targets,model_all_blocks_common,INDEPENDENT_BRIDGE,alcohol_tobacco,9,monthly_weighted_error,31,0.004592199787858248,0.072477746294181,0.06007086088067294
recent_targets,model_all_blocks_common,INDEPENDENT_BRIDGE,alcohol_tobacco,10,monthly_weighted_error,31,0.004612844866907532,0.07248446871117523,0.06009150595972222
recent_targets,model_all_blocks_common,INDEPENDENT_BRIDGE,alcohol_tobacco,11,monthly_weighted_error,31,0.0046626296470886,0.07252354815184499,0.06014129073990329
recent_targets,model_all_blocks_common,INDEPENDENT_BRIDGE,alcohol_tobacco,12,monthly_weighted_error,31,0.004350301953893073,0.07250080205110862,0.060210123265527965
recent_targets,model_all_blocks_common,INDEPENDENT_BRIDGE,core,1,monthly_weighted_error,31,-0.014685850481801,0.11982952189088249,0.09974501097542122
recent_targets,model_all_blocks_common,INDEPENDENT_BRIDGE,core,2,monthly_weighted_error,31,-0.013150605598811939,0.10624900534053623,0.08464683250537394
recent_targets,model_all_blocks_common,INDEPENDENT_BRIDGE,core,3,monthly_weighted_error,31,-0.0030559740906043443,0.09684936272178468,0.07861518922493942
recent_targets,model_all_blocks_common,INDEPENDENT_BRIDGE,core,4,monthly_weighted_error,31,-0.006032679021809783,0.09407531575805711,0.0764951132218024
recent_targets,model_all_blocks_common,INDEPENDENT_BRIDGE,core,5,monthly_weighted_error,31,-0.008978435413528487,0.12157796500837582,0.08480289700150485
recent_targets,model_all_blocks_common,INDEPENDENT_BRIDGE,core,6,monthly_weighted_error,31,0.004590973549589095,0.1274695162235581,0.09976419250267564
recent_targets,model_all_blocks_common,INDEPENDENT_BRIDGE,core,7,monthly_weighted_error,31,-0.009690084764047221,0.11831362309526385,0.09478671930666618
recent_targets,model_all_blocks_common,INDEPENDENT_BRIDGE,core,8,monthly_weighted_error,31,-0.013766392491780069,0.13020540093636823,0.10666969974230071
recent_targets,model_all_blocks_common,INDEPENDENT_BRIDGE,core,9,monthly_weighted_error,31,0.01429568445187767,0.12887848406462707,0.09702516519396077
recent_targets,model_all_blocks_common,INDEPENDENT_BRIDGE,core,10,monthly_weighted_error,31,-0.007918186088732883,0.10485360736645871,0.07952395850796368
recent_targets,model_all_blocks_common,INDEPENDENT_BRIDGE,core,11,monthly_weighted_error,31,0.024393003043509297,0.13184682340392037,0.09921839663805952
recent_targets,model_all_blocks_common,INDEPENDENT_BRIDGE,core,12,monthly_weighted_error,31,0.10078603916736614,0.23962466356607193,0.16490996322819676
recent_targets,model_all_blocks_common,INDEPENDENT_BRIDGE,food,1,monthly_weighted_error,31,0.029404387263606297,0.16557545065586127,0.13026945455691033
recent_targets,model_all_blocks_common,INDEPENDENT_BRIDGE,food,2,monthly_weighted_error,31,0.02971561229458132,0.15994615991882297,0.1272839115408078
recent_targets,model_all_blocks_common,INDEPENDENT_BRIDGE,food,3,monthly_weighted_error,31,0.029222329979077487,0.1485604175880681,0.11170945497537428
recent_targets,model_all_blocks_common,INDEPENDENT_BRIDGE,food,4,monthly_weighted_error,31,0.08650070151364365,0.1839484375473253,0.15071167332823912
recent_targets,model_all_blocks_common,INDEPENDENT_BRIDGE,food,5,monthly_weighted_error,31,0.08697106141054506,0.18463546718525797,0.15118203322514054
recent_targets,model_all_blocks_common,INDEPENDENT_BRIDGE,food,6,monthly_weighted_error,31,0.08711721895885342,0.18472270363806417,0.15135073203297894
recent_targets,model_all_blocks_common,INDEPENDENT_BRIDGE,food,7,monthly_weighted_error,31,0.08710317674608829,0.18473183981157404,0.15136477424574407
recent_targets,model_all_blocks_common,INDEPENDENT_BRIDGE,food,8,monthly_weighted_error,31,0.08707024486463465,0.18478208061031934,0.15139770612719772
recent_targets,model_all_blocks_common,INDEPENDENT_BRIDGE,food,9,monthly_weighted_error,31,0.08708498560561226,0.18479214508719968,0.15141244686817532
recent_targets,model_all_blocks_common,INDEPENDENT_BRIDGE,food,10,monthly_weighted_error,31,0.08709143285898333,0.18479407034088527,0.15141889412154638
recent_targets,model_all_blocks_common,INDEPENDENT_BRIDGE,food,11,monthly_weighted_error,31,0.08710142451389154,0.18479869421118805,0.1514288857764546
recent_targets,model_all_blocks_common,INDEPENDENT_BRIDGE,food,12,monthly_weighted_error,31,0.08856889392693969,0.16990230137480522,0.13707693478123567
recent_targets,model_all_blocks_common,INDEPENDENT_BRIDGE,fuel,1,monthly_weighted_error,31,0.0012366545724603372,0.14839352693663502,0.09552179430192226
recent_targets,model_all_blocks_common,INDEPENDENT_BRIDGE,fuel,2,monthly_weighted_error,31,-0.0015121617371045928,0.16071729054657538,0.09827061061148719
recent_targets,model_all_blocks_common,INDEPENDENT_BRIDGE,fuel,3,monthly_weighted_error,31,-0.0023209675726453692,0.1621096439780451,0.09907941644702797
recent_targets,model_all_blocks_common,INDEPENDENT_BRIDGE,fuel,4,monthly_weighted_error,31,-0.0027036521446189565,0.1617676103677901,0.09869673187505437
recent_targets,model_all_blocks_common,INDEPENDENT_BRIDGE,fuel,5,monthly_weighted_error,31,-0.00195595241818763,0.163684321138222,0.09944443160148572
recent_targets,model_all_blocks_common,INDEPENDENT_BRIDGE,fuel,6,monthly_weighted_error,31,-0.00210506763413564,0.16376324730131225,0.09959354681743374
recent_targets,model_all_blocks_common,INDEPENDENT_BRIDGE,fuel,7,monthly_weighted_error,31,-0.0023791478780623046,0.16363304036248214,0.09931946657350706
recent_targets,model_all_blocks_common,INDEPENDENT_BRIDGE,fuel,8,monthly_weighted_error,31,-0.003001380365199675,0.1629602953900895,0.0986972340863697
recent_targets,model_all_blocks_common,INDEPENDENT_BRIDGE,fuel,9,monthly_weighted_error,31,-0.0031530287800420366,0.1629202484135941,0.09854558567152734
recent_targets,model_all_blocks_common,INDEPENDENT_BRIDGE,fuel,10,monthly_weighted_error,31,-0.003022705979160962,0.16289066640926833,0.09841526287064625
recent_targets,model_all_blocks_common,INDEPENDENT_BRIDGE,fuel,11,monthly_weighted_error,31,-0.002832192442508797,0.16282743072758057,0.09822474933399408
recent_targets,model_all_blocks_common,INDEPENDENT_BRIDGE,fuel,12,monthly_weighted_error,31,-0.00022284145026591287,0.16304898453532982,0.10230156245260122
recent_targets,all_models_all_blocks_common,INDEPENDENT_BRIDGE,administered,1,monthly_weighted_error,31,-0.0069351652924238135,0.14595697864608698,0.0590946781821196
recent_targets,all_models_all_blocks_common,INDEPENDENT_BRIDGE,administered,2,monthly_weighted_error,31,-0.007002849529307949,0.14590959847487536,0.05901718443080029
recent_targets,all_models_all_blocks_common,INDEPENDENT_BRIDGE,administered,3,monthly_weighted_error,31,-0.007313156561737889,0.1458097335076354,0.058757806367670376
recent_targets,all_models_all_blocks_common,INDEPENDENT_BRIDGE,administered,4,monthly_weighted_error,31,-0.0071988276039707455,0.1458143509488725,0.05870422711885487
recent_targets,all_models_all_blocks_common,INDEPENDENT_BRIDGE,administered,5,monthly_weighted_error,31,-0.007124487970565165,0.14581967341569582,0.058688043590249366
recent_targets,all_models_all_blocks_common,INDEPENDENT_BRIDGE,administered,6,monthly_weighted_error,31,-0.006984191143232384,0.14587120700635875,0.058648451059603625
recent_targets,all_models_all_blocks_common,INDEPENDENT_BRIDGE,administered,7,monthly_weighted_error,31,-0.006862621888471039,0.1458970117682276,0.05860117137517081
recent_targets,all_models_all_blocks_common,INDEPENDENT_BRIDGE,administered,8,monthly_weighted_error,31,-0.007128156149855532,0.14578213206099846,0.05834706711904271
recent_targets,all_models_all_blocks_common,INDEPENDENT_BRIDGE,administered,9,monthly_weighted_error,31,-0.007210310899725034,0.14577350656995167,0.058276428849242876
recent_targets,all_models_all_blocks_common,INDEPENDENT_BRIDGE,administered,10,monthly_weighted_error,31,-0.00728908286373004,0.1457926992939018,0.058231497540682506
recent_targets,all_models_all_blocks_common,INDEPENDENT_BRIDGE,administered,11,monthly_weighted_error,31,-0.007493692555951066,0.14578684222652274,0.05802062336136375
recent_targets,all_models_all_blocks_common,INDEPENDENT_BRIDGE,administered,12,monthly_weighted_error,31,-0.007500333419344315,0.15203971030162192,0.059422519285286454
recent_targets,all_models_all_blocks_common,INDEPENDENT_BRIDGE,alcohol_tobacco,1,monthly_weighted_error,31,0.004551699959940162,0.07158757992369585,0.059433316115049976
recent_targets,all_models_all_blocks_common,INDEPENDENT_BRIDGE,alcohol_tobacco,2,monthly_weighted_error,31,0.004628250976563824,0.07166623696291351,0.05950986713167364
recent_targets,all_models_all_blocks_common,INDEPENDENT_BRIDGE,alcohol_tobacco,3,monthly_weighted_error,31,0.004410883860472204,0.07215961072493655,0.05972723424776526
recent_targets,all_models_all_blocks_common,INDEPENDENT_BRIDGE,alcohol_tobacco,4,monthly_weighted_error,31,0.004520270574104934,0.07226838986759802,0.05983662096139799
recent_targets,all_models_all_blocks_common,INDEPENDENT_BRIDGE,alcohol_tobacco,5,monthly_weighted_error,31,0.004585506162258891,0.07235081200018051,0.05991501400569851
recent_targets,all_models_all_blocks_common,INDEPENDENT_BRIDGE,alcohol_tobacco,6,monthly_weighted_error,31,0.004636249113950861,0.07237951655314512,0.05996575695739049
recent_targets,all_models_all_blocks_common,INDEPENDENT_BRIDGE,alcohol_tobacco,7,monthly_weighted_error,31,0.004563529404171765,0.07246299135610608,0.060038476667169584
recent_targets,all_models_all_blocks_common,INDEPENDENT_BRIDGE,alcohol_tobacco,8,monthly_weighted_error,31,0.004594056702766683,0.07247769190698641,0.0600690039657645
recent_targets,all_models_all_blocks_common,INDEPENDENT_BRIDGE,alcohol_tobacco,9,monthly_weighted_error,31,0.004592199787858248,0.072477746294181,0.06007086088067294
recent_targets,all_models_all_blocks_common,INDEPENDENT_BRIDGE,alcohol_tobacco,10,monthly_weighted_error,31,0.004612844866907532,0.07248446871117523,0.06009150595972222
recent_targets,all_models_all_blocks_common,INDEPENDENT_BRIDGE,alcohol_tobacco,11,monthly_weighted_error,31,0.0046626296470886,0.07252354815184499,0.06014129073990329
recent_targets,all_models_all_blocks_common,INDEPENDENT_BRIDGE,alcohol_tobacco,12,monthly_weighted_error,31,0.004350301953893073,0.07250080205110862,0.060210123265527965
recent_targets,all_models_all_blocks_common,INDEPENDENT_BRIDGE,core,1,monthly_weighted_error,31,-0.014685850481801,0.11982952189088249,0.09974501097542122
recent_targets,all_models_all_blocks_common,INDEPENDENT_BRIDGE,core,2,monthly_weighted_error,31,-0.013150605598811939,0.10624900534053623,0.08464683250537394
recent_targets,all_models_all_blocks_common,INDEPENDENT_BRIDGE,core,3,monthly_weighted_error,31,-0.0030559740906043443,0.09684936272178468,0.07861518922493942
recent_targets,all_models_all_blocks_common,INDEPENDENT_BRIDGE,core,4,monthly_weighted_error,31,-0.006032679021809783,0.09407531575805711,0.0764951132218024
recent_targets,all_models_all_blocks_common,INDEPENDENT_BRIDGE,core,5,monthly_weighted_error,31,-0.008978435413528487,0.12157796500837582,0.08480289700150485
recent_targets,all_models_all_blocks_common,INDEPENDENT_BRIDGE,core,6,monthly_weighted_error,31,0.004590973549589095,0.1274695162235581,0.09976419250267564
recent_targets,all_models_all_blocks_common,INDEPENDENT_BRIDGE,core,7,monthly_weighted_error,31,-0.009690084764047221,0.11831362309526385,0.09478671930666618
recent_targets,all_models_all_blocks_common,INDEPENDENT_BRIDGE,core,8,monthly_weighted_error,31,-0.013766392491780069,0.13020540093636823,0.10666969974230071
recent_targets,all_models_all_blocks_common,INDEPENDENT_BRIDGE,core,9,monthly_weighted_error,31,0.01429568445187767,0.12887848406462707,0.09702516519396077
recent_targets,all_models_all_blocks_common,INDEPENDENT_BRIDGE,core,10,monthly_weighted_error,31,-0.007918186088732883,0.10485360736645871,0.07952395850796368
recent_targets,all_models_all_blocks_common,INDEPENDENT_BRIDGE,core,11,monthly_weighted_error,31,0.024393003043509297,0.13184682340392037,0.09921839663805952
recent_targets,all_models_all_blocks_common,INDEPENDENT_BRIDGE,core,12,monthly_weighted_error,31,0.10078603916736614,0.23962466356607193,0.16490996322819676
recent_targets,all_models_all_blocks_common,INDEPENDENT_BRIDGE,food,1,monthly_weighted_error,31,0.029404387263606297,0.16557545065586127,0.13026945455691033
recent_targets,all_models_all_blocks_common,INDEPENDENT_BRIDGE,food,2,monthly_weighted_error,31,0.02971561229458132,0.15994615991882297,0.1272839115408078
recent_targets,all_models_all_blocks_common,INDEPENDENT_BRIDGE,food,3,monthly_weighted_error,31,0.029222329979077487,0.1485604175880681,0.11170945497537428
recent_targets,all_models_all_blocks_common,INDEPENDENT_BRIDGE,food,4,monthly_weighted_error,31,0.08650070151364365,0.1839484375473253,0.15071167332823912
recent_targets,all_models_all_blocks_common,INDEPENDENT_BRIDGE,food,5,monthly_weighted_error,31,0.08697106141054506,0.18463546718525797,0.15118203322514054
recent_targets,all_models_all_blocks_common,INDEPENDENT_BRIDGE,food,6,monthly_weighted_error,31,0.08711721895885342,0.18472270363806417,0.15135073203297894
recent_targets,all_models_all_blocks_common,INDEPENDENT_BRIDGE,food,7,monthly_weighted_error,31,0.08710317674608829,0.18473183981157404,0.15136477424574407
recent_targets,all_models_all_blocks_common,INDEPENDENT_BRIDGE,food,8,monthly_weighted_error,31,0.08707024486463465,0.18478208061031934,0.15139770612719772
recent_targets,all_models_all_blocks_common,INDEPENDENT_BRIDGE,food,9,monthly_weighted_error,31,0.08708498560561226,0.18479214508719968,0.15141244686817532
recent_targets,all_models_all_blocks_common,INDEPENDENT_BRIDGE,food,10,monthly_weighted_error,31,0.08709143285898333,0.18479407034088527,0.15141889412154638
recent_targets,all_models_all_blocks_common,INDEPENDENT_BRIDGE,food,11,monthly_weighted_error,31,0.08710142451389154,0.18479869421118805,0.1514288857764546
recent_targets,all_models_all_blocks_common,INDEPENDENT_BRIDGE,food,12,monthly_weighted_error,31,0.08856889392693969,0.16990230137480522,0.13707693478123567
recent_targets,all_models_all_blocks_common,INDEPENDENT_BRIDGE,fuel,1,monthly_weighted_error,31,0.0012366545724603372,0.14839352693663502,0.09552179430192226
recent_targets,all_models_all_blocks_common,INDEPENDENT_BRIDGE,fuel,2,monthly_weighted_error,31,-0.0015121617371045928,0.16071729054657538,0.09827061061148719
recent_targets,all_models_all_blocks_common,INDEPENDENT_BRIDGE,fuel,3,monthly_weighted_error,31,-0.0023209675726453692,0.1621096439780451,0.09907941644702797
recent_targets,all_models_all_blocks_common,INDEPENDENT_BRIDGE,fuel,4,monthly_weighted_error,31,-0.0027036521446189565,0.1617676103677901,0.09869673187505437
recent_targets,all_models_all_blocks_common,INDEPENDENT_BRIDGE,fuel,5,monthly_weighted_error,31,-0.00195595241818763,0.163684321138222,0.09944443160148572
recent_targets,all_models_all_blocks_common,INDEPENDENT_BRIDGE,fuel,6,monthly_weighted_error,31,-0.00210506763413564,0.16376324730131225,0.09959354681743374
recent_targets,all_models_all_blocks_common,INDEPENDENT_BRIDGE,fuel,7,monthly_weighted_error,31,-0.0023791478780623046,0.16363304036248214,0.09931946657350706
recent_targets,all_models_all_blocks_common,INDEPENDENT_BRIDGE,fuel,8,monthly_weighted_error,31,-0.003001380365199675,0.1629602953900895,0.0986972340863697
recent_targets,all_models_all_blocks_common,INDEPENDENT_BRIDGE,fuel,9,monthly_weighted_error,31,-0.0031530287800420366,0.1629202484135941,0.09854558567152734
recent_targets,all_models_all_blocks_common,INDEPENDENT_BRIDGE,fuel,10,monthly_weighted_error,31,-0.003022705979160962,0.16289066640926833,0.09841526287064625
recent_targets,all_models_all_blocks_common,INDEPENDENT_BRIDGE,fuel,11,monthly_weighted_error,31,-0.002832192442508797,0.16282743072758057,0.09822474933399408
recent_targets,all_models_all_blocks_common,INDEPENDENT_BRIDGE,fuel,12,monthly_weighted_error,31,-0.00022284145026591287,0.16304898453532982,0.10230156245260122
recent_targets,own_coverage,INDEPENDENT_BRIDGE,administered,1,cumulative_log_error,31,-0.05758684642158072,0.9193796603986728,0.3577551259353255
recent_targets,own_coverage,INDEPENDENT_BRIDGE,administered,2,cumulative_log_error,31,-0.12802552837501446,1.3747814805910066,0.6767878509013415
recent_targets,own_coverage,INDEPENDENT_BRIDGE,administered,3,cumulative_log_error,31,-0.22419038474621836,1.8474902823181436,0.9763950836425291
recent_targets,own_coverage,INDEPENDENT_BRIDGE,administered,4,cumulative_log_error,31,-0.284632405941036,2.1375908094867495,1.227604567010099
recent_targets,own_coverage,INDEPENDENT_BRIDGE,administered,5,cumulative_log_error,31,-0.29807455717587106,2.3171750792907284,1.4090877062686686
recent_targets,own_coverage,INDEPENDENT_BRIDGE,administered,6,cumulative_log_error,31,-0.3211796406036043,2.490053735292886,1.6262253799489188
recent_targets,own_coverage,INDEPENDENT_BRIDGE,administered,7,cumulative_log_error,31,-0.3442847240313377,2.610566542666201,1.846170032811997
recent_targets,own_coverage,INDEPENDENT_BRIDGE,administered,8,cumulative_log_error,31,-0.4222860602683619,2.72694786235182,2.027510517207893
recent_targets,own_coverage,INDEPENDENT_BRIDGE,administered,9,cumulative_log_error,31,-0.509953554506349,2.846220785927108,2.2185107079886235
recent_targets,own_coverage,INDEPENDENT_BRIDGE,administered,10,cumulative_log_error,31,-0.6250272991222243,2.9813750762295834,2.3884500171505416
recent_targets,own_coverage,INDEPENDENT_BRIDGE,administered,11,cumulative_log_error,31,-0.7433284641690144,3.1224027325117443,2.5487646689635124
recent_targets,own_coverage,INDEPENDENT_BRIDGE,administered,12,cumulative_log_error,31,-0.866523108424828,3.250989976212686,2.7109709860555657
recent_targets,own_coverage,INDEPENDENT_BRIDGE,alcohol_tobacco,1,cumulative_log_error,31,0.06160046977842779,0.8373858564790095,0.6975728562410437
recent_targets,own_coverage,INDEPENDENT_BRIDGE,alcohol_tobacco,2,cumulative_log_error,31,0.13475370975929102,0.9258444903227144,0.7653473533254542
recent_targets,own_coverage,INDEPENDENT_BRIDGE,alcohol_tobacco,3,cumulative_log_error,31,0.20753849682598677,0.7961273598884632,0.6335761562908635
recent_targets,own_coverage,INDEPENDENT_BRIDGE,alcohol_tobacco,4,cumulative_log_error,31,0.2708061177168551,0.8403577500551302,0.655966223739882
recent_targets,own_coverage,INDEPENDENT_BRIDGE,alcohol_tobacco,5,cumulative_log_error,31,0.37286028587633374,0.9447269264085041,0.7677288600204047
recent_targets,own_coverage,INDEPENDENT_BRIDGE,alcohol_tobacco,6,cumulative_log_error,31,0.41363412031800545,0.9984139829091638,0.8719831617329473
recent_targets,own_coverage,INDEPENDENT_BRIDGE,alcohol_tobacco,7,cumulative_log_error,31,0.41726015296925223,0.9536186029758366,0.7870487146214193
recent_targets,own_coverage,INDEPENDENT_BRIDGE,alcohol_tobacco,8,cumulative_log_error,31,0.4605228413332004,0.9630818227669344,0.7706282019704246
recent_targets,own_coverage,INDEPENDENT_BRIDGE,alcohol_tobacco,9,cumulative_log_error,31,0.4836952295038966,0.9560605306427677,0.8011575615235332
recent_targets,own_coverage,INDEPENDENT_BRIDGE,alcohol_tobacco,10,cumulative_log_error,31,0.5175858852282849,1.0322006086607634,0.8460778997079121
recent_targets,own_coverage,INDEPENDENT_BRIDGE,alcohol_tobacco,11,cumulative_log_error,31,0.5979667658695462,1.0855099656285045,0.8661987295928609
recent_targets,own_coverage,INDEPENDENT_BRIDGE,alcohol_tobacco,12,cumulative_log_error,31,0.6502304163462843,1.1611012952981938,0.9332496352260191
recent_targets,own_coverage,INDEPENDENT_BRIDGE,core,1,cumulative_log_error,31,-0.02798364233536905,0.2238029821286639,0.18622444521621026
recent_targets,own_coverage,INDEPENDENT_BRIDGE,core,2,cumulative_log_error,31,-0.03675866299945888,0.3574335791573405,0.30662960926141775
recent_targets,own_coverage,INDEPENDENT_BRIDGE,core,3,cumulative_log_error,31,-0.03256402367973566,0.4230297097218258,0.36457197341100184
recent_targets,own_coverage,INDEPENDENT_BRIDGE,core,4,cumulative_log_error,31,-0.014603126049407436,0.505467267577163,0.4222001223660921
recent_targets,own_coverage,INDEPENDENT_BRIDGE,core,5,cumulative_log_error,31,0.015093381023317694,0.660318102063997,0.5501340583424631
recent_targets,own_coverage,INDEPENDENT_BRIDGE,core,6,cumulative_log_error,31,0.04947649412857647,0.8236366777463149,0.7201529059379109
recent_targets,own_coverage,INDEPENDENT_BRIDGE,core,7,cumulative_log_error,31,0.02193883502089219,0.945858377433111,0.8030388338391562
recent_targets,own_coverage,INDEPENDENT_BRIDGE,core,8,cumulative_log_error,31,0.02647368642859633,1.077745620185069,0.8674589683436428
recent_targets,own_coverage,INDEPENDENT_BRIDGE,core,9,cumulative_log_error,31,0.16716923438311415,1.2926440769447043,1.0386077132182583
recent_targets,own_coverage,INDEPENDENT_BRIDGE,core,10,cumulative_log_error,31,0.2943178527415803,1.497833758687297,1.149745229400179
recent_targets,own_coverage,INDEPENDENT_BRIDGE,core,11,cumulative_log_error,31,0.41727765075770107,1.7052809497901509,1.3193429436848898
recent_targets,own_coverage,INDEPENDENT_BRIDGE,core,12,cumulative_log_error,31,0.7124920626622898,2.217140784402716,1.6593218687953482
recent_targets,own_coverage,INDEPENDENT_BRIDGE,food,1,cumulative_log_error,31,0.16749430638691173,0.9324108011433679,0.7357313645797261
recent_targets,own_coverage,INDEPENDENT_BRIDGE,food,2,cumulative_log_error,31,0.35908652370962296,1.3206776597508256,1.0207816926353626
recent_targets,own_coverage,INDEPENDENT_BRIDGE,food,3,cumulative_log_error,31,0.5131664463727938,1.6523781588218762,1.3219497541819636
recent_targets,own_coverage,INDEPENDENT_BRIDGE,food,4,cumulative_log_error,31,0.9681344024877744,2.012744273591364,1.6857019050387556
recent_targets,own_coverage,INDEPENDENT_BRIDGE,food,5,cumulative_log_error,31,1.5029439804810423,2.572190854293396,2.167667237600538
recent_targets,own_coverage,INDEPENDENT_BRIDGE,food,6,cumulative_log_error,31,2.0566964299033774,3.2453724821002057,2.7550183842051834
recent_targets,own_coverage,INDEPENDENT_BRIDGE,food,7,cumulative_log_error,31,2.4692972840874394,3.685337013303539,3.1231895960734315
recent_targets,own_coverage,INDEPENDENT_BRIDGE,food,8,cumulative_log_error,31,2.923069434223584,4.18559831448789,3.5599044698135716
recent_targets,own_coverage,INDEPENDENT_BRIDGE,food,9,cumulative_log_error,31,3.4010285308549077,4.661134428254805,3.833363773294101
recent_targets,own_coverage,INDEPENDENT_BRIDGE,food,10,cumulative_log_error,31,3.9247493454310183,5.308214436430475,4.324052741793184
recent_targets,own_coverage,INDEPENDENT_BRIDGE,food,11,cumulative_log_error,31,4.482754501873068,5.9450138299441475,4.775857361721671
recent_targets,own_coverage,INDEPENDENT_BRIDGE,food,12,cumulative_log_error,31,4.984488784640663,6.418880736995299,5.253620250563472
recent_targets,own_coverage,INDEPENDENT_BRIDGE,fuel,1,cumulative_log_error,31,0.03464771881806295,4.470545110729736,2.8288259504674937
recent_targets,own_coverage,INDEPENDENT_BRIDGE,fuel,2,cumulative_log_error,31,0.24813991496728213,7.110484380533049,4.971555008108704
recent_targets,own_coverage,INDEPENDENT_BRIDGE,fuel,3,cumulative_log_error,31,0.2452754166273693,8.400964154228166,5.938287383425564
recent_targets,own_coverage,INDEPENDENT_BRIDGE,fuel,4,cumulative_log_error,31,0.26424105254576064,8.751450073837164,6.478631162848979
recent_targets,own_coverage,INDEPENDENT_BRIDGE,fuel,5,cumulative_log_error,31,0.40679638568345783,9.238959309617574,6.970005509300956
recent_targets,own_coverage,INDEPENDENT_BRIDGE,fuel,6,cumulative_log_error,31,0.8729776069810382,9.352914415070199,6.7949161505799385
recent_targets,own_coverage,INDEPENDENT_BRIDGE,fuel,7,cumulative_log_error,31,1.2832592568581171,9.611565606804588,7.45873334810741
recent_targets,own_coverage,INDEPENDENT_BRIDGE,fuel,8,cumulative_log_error,31,1.670725469809073,9.947630175093444,8.448777136344741
recent_targets,own_coverage,INDEPENDENT_BRIDGE,fuel,9,cumulative_log_error,31,2.2393309241652197,10.464146563515087,9.401108084520994
recent_targets,own_coverage,INDEPENDENT_BRIDGE,fuel,10,cumulative_log_error,31,2.9407219697417295,10.933255244489965,10.047821069521358
recent_targets,own_coverage,INDEPENDENT_BRIDGE,fuel,11,cumulative_log_error,31,3.6894144705504806,11.361424182172366,10.246339233817924
recent_targets,own_coverage,INDEPENDENT_BRIDGE,fuel,12,cumulative_log_error,31,4.421103634044585,11.58503803051618,10.153118450731583
recent_targets,model_all_blocks_common,INDEPENDENT_BRIDGE,administered,1,cumulative_log_error,31,-0.05758684642158072,0.9193796603986728,0.3577551259353255
recent_targets,model_all_blocks_common,INDEPENDENT_BRIDGE,administered,2,cumulative_log_error,31,-0.12802552837501446,1.3747814805910066,0.6767878509013415
recent_targets,model_all_blocks_common,INDEPENDENT_BRIDGE,administered,3,cumulative_log_error,31,-0.22419038474621836,1.8474902823181436,0.9763950836425291
recent_targets,model_all_blocks_common,INDEPENDENT_BRIDGE,administered,4,cumulative_log_error,31,-0.284632405941036,2.1375908094867495,1.227604567010099
recent_targets,model_all_blocks_common,INDEPENDENT_BRIDGE,administered,5,cumulative_log_error,31,-0.29807455717587106,2.3171750792907284,1.4090877062686686
recent_targets,model_all_blocks_common,INDEPENDENT_BRIDGE,administered,6,cumulative_log_error,31,-0.3211796406036043,2.490053735292886,1.6262253799489188
recent_targets,model_all_blocks_common,INDEPENDENT_BRIDGE,administered,7,cumulative_log_error,31,-0.3442847240313377,2.610566542666201,1.846170032811997
recent_targets,model_all_blocks_common,INDEPENDENT_BRIDGE,administered,8,cumulative_log_error,31,-0.4222860602683619,2.72694786235182,2.027510517207893
recent_targets,model_all_blocks_common,INDEPENDENT_BRIDGE,administered,9,cumulative_log_error,31,-0.509953554506349,2.846220785927108,2.2185107079886235
recent_targets,model_all_blocks_common,INDEPENDENT_BRIDGE,administered,10,cumulative_log_error,31,-0.6250272991222243,2.9813750762295834,2.3884500171505416
recent_targets,model_all_blocks_common,INDEPENDENT_BRIDGE,administered,11,cumulative_log_error,31,-0.7433284641690144,3.1224027325117443,2.5487646689635124
recent_targets,model_all_blocks_common,INDEPENDENT_BRIDGE,administered,12,cumulative_log_error,31,-0.866523108424828,3.250989976212686,2.7109709860555657
recent_targets,model_all_blocks_common,INDEPENDENT_BRIDGE,alcohol_tobacco,1,cumulative_log_error,31,0.06160046977842779,0.8373858564790095,0.6975728562410437
recent_targets,model_all_blocks_common,INDEPENDENT_BRIDGE,alcohol_tobacco,2,cumulative_log_error,31,0.13475370975929102,0.9258444903227144,0.7653473533254542
recent_targets,model_all_blocks_common,INDEPENDENT_BRIDGE,alcohol_tobacco,3,cumulative_log_error,31,0.20753849682598677,0.7961273598884632,0.6335761562908635
recent_targets,model_all_blocks_common,INDEPENDENT_BRIDGE,alcohol_tobacco,4,cumulative_log_error,31,0.2708061177168551,0.8403577500551302,0.655966223739882
recent_targets,model_all_blocks_common,INDEPENDENT_BRIDGE,alcohol_tobacco,5,cumulative_log_error,31,0.37286028587633374,0.9447269264085041,0.7677288600204047
recent_targets,model_all_blocks_common,INDEPENDENT_BRIDGE,alcohol_tobacco,6,cumulative_log_error,31,0.41363412031800545,0.9984139829091638,0.8719831617329473
recent_targets,model_all_blocks_common,INDEPENDENT_BRIDGE,alcohol_tobacco,7,cumulative_log_error,31,0.41726015296925223,0.9536186029758366,0.7870487146214193
recent_targets,model_all_blocks_common,INDEPENDENT_BRIDGE,alcohol_tobacco,8,cumulative_log_error,31,0.4605228413332004,0.9630818227669344,0.7706282019704246
recent_targets,model_all_blocks_common,INDEPENDENT_BRIDGE,alcohol_tobacco,9,cumulative_log_error,31,0.4836952295038966,0.9560605306427677,0.8011575615235332
recent_targets,model_all_blocks_common,INDEPENDENT_BRIDGE,alcohol_tobacco,10,cumulative_log_error,31,0.5175858852282849,1.0322006086607634,0.8460778997079121
recent_targets,model_all_blocks_common,INDEPENDENT_BRIDGE,alcohol_tobacco,11,cumulative_log_error,31,0.5979667658695462,1.0855099656285045,0.8661987295928609
recent_targets,model_all_blocks_common,INDEPENDENT_BRIDGE,alcohol_tobacco,12,cumulative_log_error,31,0.6502304163462843,1.1611012952981938,0.9332496352260191
recent_targets,model_all_blocks_common,INDEPENDENT_BRIDGE,core,1,cumulative_log_error,31,-0.02798364233536905,0.2238029821286639,0.18622444521621026
recent_targets,model_all_blocks_common,INDEPENDENT_BRIDGE,core,2,cumulative_log_error,31,-0.03675866299945888,0.3574335791573405,0.30662960926141775
recent_targets,model_all_blocks_common,INDEPENDENT_BRIDGE,core,3,cumulative_log_error,31,-0.03256402367973566,0.4230297097218258,0.36457197341100184
recent_targets,model_all_blocks_common,INDEPENDENT_BRIDGE,core,4,cumulative_log_error,31,-0.014603126049407436,0.505467267577163,0.4222001223660921
recent_targets,model_all_blocks_common,INDEPENDENT_BRIDGE,core,5,cumulative_log_error,31,0.015093381023317694,0.660318102063997,0.5501340583424631
recent_targets,model_all_blocks_common,INDEPENDENT_BRIDGE,core,6,cumulative_log_error,31,0.04947649412857647,0.8236366777463149,0.7201529059379109
recent_targets,model_all_blocks_common,INDEPENDENT_BRIDGE,core,7,cumulative_log_error,31,0.02193883502089219,0.945858377433111,0.8030388338391562
recent_targets,model_all_blocks_common,INDEPENDENT_BRIDGE,core,8,cumulative_log_error,31,0.02647368642859633,1.077745620185069,0.8674589683436428
recent_targets,model_all_blocks_common,INDEPENDENT_BRIDGE,core,9,cumulative_log_error,31,0.16716923438311415,1.2926440769447043,1.0386077132182583
recent_targets,model_all_blocks_common,INDEPENDENT_BRIDGE,core,10,cumulative_log_error,31,0.2943178527415803,1.497833758687297,1.149745229400179
recent_targets,model_all_blocks_common,INDEPENDENT_BRIDGE,core,11,cumulative_log_error,31,0.41727765075770107,1.7052809497901509,1.3193429436848898
recent_targets,model_all_blocks_common,INDEPENDENT_BRIDGE,core,12,cumulative_log_error,31,0.7124920626622898,2.217140784402716,1.6593218687953482
recent_targets,model_all_blocks_common,INDEPENDENT_BRIDGE,food,1,cumulative_log_error,31,0.16749430638691173,0.9324108011433679,0.7357313645797261
recent_targets,model_all_blocks_common,INDEPENDENT_BRIDGE,food,2,cumulative_log_error,31,0.35908652370962296,1.3206776597508256,1.0207816926353626
recent_targets,model_all_blocks_common,INDEPENDENT_BRIDGE,food,3,cumulative_log_error,31,0.5131664463727938,1.6523781588218762,1.3219497541819636
recent_targets,model_all_blocks_common,INDEPENDENT_BRIDGE,food,4,cumulative_log_error,31,0.9681344024877744,2.012744273591364,1.6857019050387556
recent_targets,model_all_blocks_common,INDEPENDENT_BRIDGE,food,5,cumulative_log_error,31,1.5029439804810423,2.572190854293396,2.167667237600538
recent_targets,model_all_blocks_common,INDEPENDENT_BRIDGE,food,6,cumulative_log_error,31,2.0566964299033774,3.2453724821002057,2.7550183842051834
recent_targets,model_all_blocks_common,INDEPENDENT_BRIDGE,food,7,cumulative_log_error,31,2.4692972840874394,3.685337013303539,3.1231895960734315
recent_targets,model_all_blocks_common,INDEPENDENT_BRIDGE,food,8,cumulative_log_error,31,2.923069434223584,4.18559831448789,3.5599044698135716
recent_targets,model_all_blocks_common,INDEPENDENT_BRIDGE,food,9,cumulative_log_error,31,3.4010285308549077,4.661134428254805,3.833363773294101
recent_targets,model_all_blocks_common,INDEPENDENT_BRIDGE,food,10,cumulative_log_error,31,3.9247493454310183,5.308214436430475,4.324052741793184
recent_targets,model_all_blocks_common,INDEPENDENT_BRIDGE,food,11,cumulative_log_error,31,4.482754501873068,5.9450138299441475,4.775857361721671
recent_targets,model_all_blocks_common,INDEPENDENT_BRIDGE,food,12,cumulative_log_error,31,4.984488784640663,6.418880736995299,5.253620250563472
recent_targets,model_all_blocks_common,INDEPENDENT_BRIDGE,fuel,1,cumulative_log_error,31,0.03464771881806295,4.470545110729736,2.8288259504674937
recent_targets,model_all_blocks_common,INDEPENDENT_BRIDGE,fuel,2,cumulative_log_error,31,0.24813991496728213,7.110484380533049,4.971555008108704
recent_targets,model_all_blocks_common,INDEPENDENT_BRIDGE,fuel,3,cumulative_log_error,31,0.2452754166273693,8.400964154228166,5.938287383425564
recent_targets,model_all_blocks_common,INDEPENDENT_BRIDGE,fuel,4,cumulative_log_error,31,0.26424105254576064,8.751450073837164,6.478631162848979
recent_targets,model_all_blocks_common,INDEPENDENT_BRIDGE,fuel,5,cumulative_log_error,31,0.40679638568345783,9.238959309617574,6.970005509300956
recent_targets,model_all_blocks_common,INDEPENDENT_BRIDGE,fuel,6,cumulative_log_error,31,0.8729776069810382,9.352914415070199,6.7949161505799385
recent_targets,model_all_blocks_common,INDEPENDENT_BRIDGE,fuel,7,cumulative_log_error,31,1.2832592568581171,9.611565606804588,7.45873334810741
recent_targets,model_all_blocks_common,INDEPENDENT_BRIDGE,fuel,8,cumulative_log_error,31,1.670725469809073,9.947630175093444,8.448777136344741
recent_targets,model_all_blocks_common,INDEPENDENT_BRIDGE,fuel,9,cumulative_log_error,31,2.2393309241652197,10.464146563515087,9.401108084520994
recent_targets,model_all_blocks_common,INDEPENDENT_BRIDGE,fuel,10,cumulative_log_error,31,2.9407219697417295,10.933255244489965,10.047821069521358
recent_targets,model_all_blocks_common,INDEPENDENT_BRIDGE,fuel,11,cumulative_log_error,31,3.6894144705504806,11.361424182172366,10.246339233817924
recent_targets,model_all_blocks_common,INDEPENDENT_BRIDGE,fuel,12,cumulative_log_error,31,4.421103634044585,11.58503803051618,10.153118450731583
recent_targets,all_models_all_blocks_common,INDEPENDENT_BRIDGE,administered,1,cumulative_log_error,31,-0.05758684642158072,0.9193796603986728,0.3577551259353255
recent_targets,all_models_all_blocks_common,INDEPENDENT_BRIDGE,administered,2,cumulative_log_error,31,-0.12802552837501446,1.3747814805910066,0.6767878509013415
recent_targets,all_models_all_blocks_common,INDEPENDENT_BRIDGE,administered,3,cumulative_log_error,31,-0.22419038474621836,1.8474902823181436,0.9763950836425291
recent_targets,all_models_all_blocks_common,INDEPENDENT_BRIDGE,administered,4,cumulative_log_error,31,-0.284632405941036,2.1375908094867495,1.227604567010099
recent_targets,all_models_all_blocks_common,INDEPENDENT_BRIDGE,administered,5,cumulative_log_error,31,-0.29807455717587106,2.3171750792907284,1.4090877062686686
recent_targets,all_models_all_blocks_common,INDEPENDENT_BRIDGE,administered,6,cumulative_log_error,31,-0.3211796406036043,2.490053735292886,1.6262253799489188
recent_targets,all_models_all_blocks_common,INDEPENDENT_BRIDGE,administered,7,cumulative_log_error,31,-0.3442847240313377,2.610566542666201,1.846170032811997
recent_targets,all_models_all_blocks_common,INDEPENDENT_BRIDGE,administered,8,cumulative_log_error,31,-0.4222860602683619,2.72694786235182,2.027510517207893
recent_targets,all_models_all_blocks_common,INDEPENDENT_BRIDGE,administered,9,cumulative_log_error,31,-0.509953554506349,2.846220785927108,2.2185107079886235
recent_targets,all_models_all_blocks_common,INDEPENDENT_BRIDGE,administered,10,cumulative_log_error,31,-0.6250272991222243,2.9813750762295834,2.3884500171505416
recent_targets,all_models_all_blocks_common,INDEPENDENT_BRIDGE,administered,11,cumulative_log_error,31,-0.7433284641690144,3.1224027325117443,2.5487646689635124
recent_targets,all_models_all_blocks_common,INDEPENDENT_BRIDGE,administered,12,cumulative_log_error,31,-0.866523108424828,3.250989976212686,2.7109709860555657
recent_targets,all_models_all_blocks_common,INDEPENDENT_BRIDGE,alcohol_tobacco,1,cumulative_log_error,31,0.06160046977842779,0.8373858564790095,0.6975728562410437
recent_targets,all_models_all_blocks_common,INDEPENDENT_BRIDGE,alcohol_tobacco,2,cumulative_log_error,31,0.13475370975929102,0.9258444903227144,0.7653473533254542
recent_targets,all_models_all_blocks_common,INDEPENDENT_BRIDGE,alcohol_tobacco,3,cumulative_log_error,31,0.20753849682598677,0.7961273598884632,0.6335761562908635
recent_targets,all_models_all_blocks_common,INDEPENDENT_BRIDGE,alcohol_tobacco,4,cumulative_log_error,31,0.2708061177168551,0.8403577500551302,0.655966223739882
recent_targets,all_models_all_blocks_common,INDEPENDENT_BRIDGE,alcohol_tobacco,5,cumulative_log_error,31,0.37286028587633374,0.9447269264085041,0.7677288600204047
recent_targets,all_models_all_blocks_common,INDEPENDENT_BRIDGE,alcohol_tobacco,6,cumulative_log_error,31,0.41363412031800545,0.9984139829091638,0.8719831617329473
recent_targets,all_models_all_blocks_common,INDEPENDENT_BRIDGE,alcohol_tobacco,7,cumulative_log_error,31,0.41726015296925223,0.9536186029758366,0.7870487146214193
recent_targets,all_models_all_blocks_common,INDEPENDENT_BRIDGE,alcohol_tobacco,8,cumulative_log_error,31,0.4605228413332004,0.9630818227669344,0.7706282019704246
recent_targets,all_models_all_blocks_common,INDEPENDENT_BRIDGE,alcohol_tobacco,9,cumulative_log_error,31,0.4836952295038966,0.9560605306427677,0.8011575615235332
recent_targets,all_models_all_blocks_common,INDEPENDENT_BRIDGE,alcohol_tobacco,10,cumulative_log_error,31,0.5175858852282849,1.0322006086607634,0.8460778997079121
recent_targets,all_models_all_blocks_common,INDEPENDENT_BRIDGE,alcohol_tobacco,11,cumulative_log_error,31,0.5979667658695462,1.0855099656285045,0.8661987295928609
recent_targets,all_models_all_blocks_common,INDEPENDENT_BRIDGE,alcohol_tobacco,12,cumulative_log_error,31,0.6502304163462843,1.1611012952981938,0.9332496352260191
recent_targets,all_models_all_blocks_common,INDEPENDENT_BRIDGE,core,1,cumulative_log_error,31,-0.02798364233536905,0.2238029821286639,0.18622444521621026
recent_targets,all_models_all_blocks_common,INDEPENDENT_BRIDGE,core,2,cumulative_log_error,31,-0.03675866299945888,0.3574335791573405,0.30662960926141775
recent_targets,all_models_all_blocks_common,INDEPENDENT_BRIDGE,core,3,cumulative_log_error,31,-0.03256402367973566,0.4230297097218258,0.36457197341100184
recent_targets,all_models_all_blocks_common,INDEPENDENT_BRIDGE,core,4,cumulative_log_error,31,-0.014603126049407436,0.505467267577163,0.4222001223660921
recent_targets,all_models_all_blocks_common,INDEPENDENT_BRIDGE,core,5,cumulative_log_error,31,0.015093381023317694,0.660318102063997,0.5501340583424631
recent_targets,all_models_all_blocks_common,INDEPENDENT_BRIDGE,core,6,cumulative_log_error,31,0.04947649412857647,0.8236366777463149,0.7201529059379109
recent_targets,all_models_all_blocks_common,INDEPENDENT_BRIDGE,core,7,cumulative_log_error,31,0.02193883502089219,0.945858377433111,0.8030388338391562
recent_targets,all_models_all_blocks_common,INDEPENDENT_BRIDGE,core,8,cumulative_log_error,31,0.02647368642859633,1.077745620185069,0.8674589683436428
recent_targets,all_models_all_blocks_common,INDEPENDENT_BRIDGE,core,9,cumulative_log_error,31,0.16716923438311415,1.2926440769447043,1.0386077132182583
recent_targets,all_models_all_blocks_common,INDEPENDENT_BRIDGE,core,10,cumulative_log_error,31,0.2943178527415803,1.497833758687297,1.149745229400179
recent_targets,all_models_all_blocks_common,INDEPENDENT_BRIDGE,core,11,cumulative_log_error,31,0.41727765075770107,1.7052809497901509,1.3193429436848898
recent_targets,all_models_all_blocks_common,INDEPENDENT_BRIDGE,core,12,cumulative_log_error,31,0.7124920626622898,2.217140784402716,1.6593218687953482
recent_targets,all_models_all_blocks_common,INDEPENDENT_BRIDGE,food,1,cumulative_log_error,31,0.16749430638691173,0.9324108011433679,0.7357313645797261
recent_targets,all_models_all_blocks_common,INDEPENDENT_BRIDGE,food,2,cumulative_log_error,31,0.35908652370962296,1.3206776597508256,1.0207816926353626
recent_targets,all_models_all_blocks_common,INDEPENDENT_BRIDGE,food,3,cumulative_log_error,31,0.5131664463727938,1.6523781588218762,1.3219497541819636
recent_targets,all_models_all_blocks_common,INDEPENDENT_BRIDGE,food,4,cumulative_log_error,31,0.9681344024877744,2.012744273591364,1.6857019050387556
recent_targets,all_models_all_blocks_common,INDEPENDENT_BRIDGE,food,5,cumulative_log_error,31,1.5029439804810423,2.572190854293396,2.167667237600538
recent_targets,all_models_all_blocks_common,INDEPENDENT_BRIDGE,food,6,cumulative_log_error,31,2.0566964299033774,3.2453724821002057,2.7550183842051834
recent_targets,all_models_all_blocks_common,INDEPENDENT_BRIDGE,food,7,cumulative_log_error,31,2.4692972840874394,3.685337013303539,3.1231895960734315
recent_targets,all_models_all_blocks_common,INDEPENDENT_BRIDGE,food,8,cumulative_log_error,31,2.923069434223584,4.18559831448789,3.5599044698135716
recent_targets,all_models_all_blocks_common,INDEPENDENT_BRIDGE,food,9,cumulative_log_error,31,3.4010285308549077,4.661134428254805,3.833363773294101
recent_targets,all_models_all_blocks_common,INDEPENDENT_BRIDGE,food,10,cumulative_log_error,31,3.9247493454310183,5.308214436430475,4.324052741793184
recent_targets,all_models_all_blocks_common,INDEPENDENT_BRIDGE,food,11,cumulative_log_error,31,4.482754501873068,5.9450138299441475,4.775857361721671
recent_targets,all_models_all_blocks_common,INDEPENDENT_BRIDGE,food,12,cumulative_log_error,31,4.984488784640663,6.418880736995299,5.253620250563472
recent_targets,all_models_all_blocks_common,INDEPENDENT_BRIDGE,fuel,1,cumulative_log_error,31,0.03464771881806295,4.470545110729736,2.8288259504674937
recent_targets,all_models_all_blocks_common,INDEPENDENT_BRIDGE,fuel,2,cumulative_log_error,31,0.24813991496728213,7.110484380533049,4.971555008108704
recent_targets,all_models_all_blocks_common,INDEPENDENT_BRIDGE,fuel,3,cumulative_log_error,31,0.2452754166273693,8.400964154228166,5.938287383425564
recent_targets,all_models_all_blocks_common,INDEPENDENT_BRIDGE,fuel,4,cumulative_log_error,31,0.26424105254576064,8.751450073837164,6.478631162848979
recent_targets,all_models_all_blocks_common,INDEPENDENT_BRIDGE,fuel,5,cumulative_log_error,31,0.40679638568345783,9.238959309617574,6.970005509300956
recent_targets,all_models_all_blocks_common,INDEPENDENT_BRIDGE,fuel,6,cumulative_log_error,31,0.8729776069810382,9.352914415070199,6.7949161505799385
recent_targets,all_models_all_blocks_common,INDEPENDENT_BRIDGE,fuel,7,cumulative_log_error,31,1.2832592568581171,9.611565606804588,7.45873334810741
recent_targets,all_models_all_blocks_common,INDEPENDENT_BRIDGE,fuel,8,cumulative_log_error,31,1.670725469809073,9.947630175093444,8.448777136344741
recent_targets,all_models_all_blocks_common,INDEPENDENT_BRIDGE,fuel,9,cumulative_log_error,31,2.2393309241652197,10.464146563515087,9.401108084520994
recent_targets,all_models_all_blocks_common,INDEPENDENT_BRIDGE,fuel,10,cumulative_log_error,31,2.9407219697417295,10.933255244489965,10.047821069521358
recent_targets,all_models_all_blocks_common,INDEPENDENT_BRIDGE,fuel,11,cumulative_log_error,31,3.6894144705504806,11.361424182172366,10.246339233817924
recent_targets,all_models_all_blocks_common,INDEPENDENT_BRIDGE,fuel,12,cumulative_log_error,31,4.421103634044585,11.58503803051618,10.153118450731583
recent_targets,own_coverage,INDEPENDENT_BRIDGE,administered,1,cumulative_weighted_error,31,-0.0069351652924238135,0.14595697864608698,0.0590946781821196
recent_targets,own_coverage,INDEPENDENT_BRIDGE,administered,2,cumulative_weighted_error,31,-0.01575356771874313,0.21808804117044275,0.11133659045254546
recent_targets,own_coverage,INDEPENDENT_BRIDGE,administered,3,cumulative_weighted_error,31,-0.028859791565435028,0.2922572040982225,0.15925092343678568
recent_targets,own_coverage,INDEPENDENT_BRIDGE,administered,4,cumulative_weighted_error,31,-0.03654676210924511,0.3387922822754195,0.19980894413911054
recent_targets,own_coverage,INDEPENDENT_BRIDGE,administered,5,cumulative_weighted_error,31,-0.03700797873427557,0.3685920462718119,0.22981067582338038
recent_targets,own_coverage,INDEPENDENT_BRIDGE,administered,6,cumulative_weighted_error,31,-0.038793700636738704,0.39743813463287214,0.2658601835629248
recent_targets,own_coverage,INDEPENDENT_BRIDGE,administered,7,cumulative_weighted_error,31,-0.04056768762311106,0.41835622778016895,0.30264611424865895
recent_targets,own_coverage,INDEPENDENT_BRIDGE,administered,8,cumulative_weighted_error,31,-0.05204404885941016,0.4379389356949795,0.33217000174822203
recent_targets,own_coverage,INDEPENDENT_BRIDGE,administered,9,cumulative_weighted_error,31,-0.06512721265434594,0.4576004188271475,0.36301634087861456
recent_targets,own_coverage,INDEPENDENT_BRIDGE,administered,10,cumulative_weighted_error,31,-0.08279329488045742,0.4791587677616582,0.39025295323608544
recent_targets,own_coverage,INDEPENDENT_BRIDGE,administered,11,cumulative_weighted_error,31,-0.10124113066245703,0.501468731349404,0.4157305069245923
recent_targets,own_coverage,INDEPENDENT_BRIDGE,administered,12,cumulative_weighted_error,31,-0.121045119060187,0.5230294333299611,0.4421260583163921
recent_targets,own_coverage,INDEPENDENT_BRIDGE,alcohol_tobacco,1,cumulative_weighted_error,31,0.004551699959940162,0.07158757992369585,0.059433316115049976
recent_targets,own_coverage,INDEPENDENT_BRIDGE,alcohol_tobacco,2,cumulative_weighted_error,31,0.010240077186477275,0.07907248464857641,0.0657277300139716
recent_targets,own_coverage,INDEPENDENT_BRIDGE,alcohol_tobacco,3,cumulative_weighted_error,31,0.015664458754179877,0.06755187477573638,0.05444206907892607
recent_targets,own_coverage,INDEPENDENT_BRIDGE,alcohol_tobacco,4,cumulative_weighted_error,31,0.020455253427522746,0.07168947721643724,0.05530568050899132
recent_targets,own_coverage,INDEPENDENT_BRIDGE,alcohol_tobacco,5,cumulative_weighted_error,31,0.028580680322772996,0.0801027437733158,0.06468007688822916
recent_targets,own_coverage,INDEPENDENT_BRIDGE,alcohol_tobacco,6,cumulative_weighted_error,31,0.03155076092942829,0.08448936538646092,0.07364751306668789
recent_targets,own_coverage,INDEPENDENT_BRIDGE,alcohol_tobacco,7,cumulative_weighted_error,31,0.031229163686751597,0.08007898143026415,0.06662443306662605
recent_targets,own_coverage,INDEPENDENT_BRIDGE,alcohol_tobacco,8,cumulative_weighted_error,31,0.03443202492204947,0.08028991997944851,0.06467860738835322
recent_targets,own_coverage,INDEPENDENT_BRIDGE,alcohol_tobacco,9,cumulative_weighted_error,31,0.035924212123890166,0.07945553365475282,0.06580413957341998
recent_targets,own_coverage,INDEPENDENT_BRIDGE,alcohol_tobacco,10,cumulative_weighted_error,31,0.03840845488228215,0.08601629863943225,0.07095844067741143
recent_targets,own_coverage,INDEPENDENT_BRIDGE,alcohol_tobacco,11,cumulative_weighted_error,31,0.04492798683507961,0.09009766329796026,0.07035528058840854
recent_targets,own_coverage,INDEPENDENT_BRIDGE,alcohol_tobacco,12,cumulative_weighted_error,31,0.048873582750414216,0.095915159865728,0.07591621340106128
recent_targets,own_coverage,INDEPENDENT_BRIDGE,core,1,cumulative_weighted_error,31,-0.014685850481801,0.11982952189088249,0.09974501097542122
recent_targets,own_coverage,INDEPENDENT_BRIDGE,core,2,cumulative_weighted_error,31,-0.01872138530011857,0.19149922809019343,0.164134013234631
recent_targets,own_coverage,INDEPENDENT_BRIDGE,core,3,cumulative_weighted_error,31,-0.016459038604253937,0.22556029529290883,0.194712427660362
recent_targets,own_coverage,INDEPENDENT_BRIDGE,core,4,cumulative_weighted_error,31,-0.006518912154603602,0.27026913720916496,0.22560036082952703
recent_targets,own_coverage,INDEPENDENT_BRIDGE,core,5,cumulative_weighted_error,31,0.010057519721466048,0.3567226462419116,0.29564391949975444
recent_targets,own_coverage,INDEPENDENT_BRIDGE,core,6,cumulative_weighted_error,31,0.02970518570825046,0.44584746958004695,0.3879306104783797
recent_targets,own_coverage,INDEPENDENT_BRIDGE,core,7,cumulative_weighted_error,31,0.014478956397902438,0.5107378190341438,0.43232047450491234
recent_targets,own_coverage,INDEPENDENT_BRIDGE,core,8,cumulative_weighted_error,31,0.016632755849899216,0.5812750932077068,0.4666318564651872
recent_targets,own_coverage,INDEPENDENT_BRIDGE,core,9,cumulative_weighted_error,31,0.09366933704868771,0.7009961485547065,0.5603724543086211
recent_targets,own_coverage,INDEPENDENT_BRIDGE,core,10,cumulative_weighted_error,31,0.16341914091740412,0.8148465859518231,0.6221803332272096
recent_targets,own_coverage,INDEPENDENT_BRIDGE,core,11,cumulative_weighted_error,31,0.23191479318538744,0.9297230333925269,0.7156213081025302
recent_targets,own_coverage,INDEPENDENT_BRIDGE,core,12,cumulative_weighted_error,31,0.3957351977664929,1.212479532009727,0.9029791760195716
recent_targets,own_coverage,INDEPENDENT_BRIDGE,food,1,cumulative_weighted_error,31,0.029404387263606297,0.16557545065586127,0.13026945455691033
recent_targets,own_coverage,INDEPENDENT_BRIDGE,food,2,cumulative_weighted_error,31,0.06290913735111552,0.2335116110445959,0.18002839370224943
recent_targets,own_coverage,INDEPENDENT_BRIDGE,food,3,cumulative_weighted_error,31,0.09038105144611289,0.2929454030658862,0.23379326974580406
recent_targets,own_coverage,INDEPENDENT_BRIDGE,food,4,cumulative_weighted_error,31,0.17105301565785894,0.357181516976247,0.29845007513482574
recent_targets,own_coverage,INDEPENDENT_BRIDGE,food,5,cumulative_weighted_error,31,0.26610566906494637,0.45672058083276573,0.3841400099689387
recent_targets,own_coverage,INDEPENDENT_BRIDGE,food,6,cumulative_weighted_error,31,0.36479046299135254,0.5766220002862581,0.48876920091845527
recent_targets,own_coverage,INDEPENDENT_BRIDGE,food,7,cumulative_weighted_error,31,0.4382157660075589,0.6550862842415672,0.5544968951910458
recent_targets,own_coverage,INDEPENDENT_BRIDGE,food,8,cumulative_weighted_error,31,0.5188872748495273,0.7441234452052089,0.6323186711556045
recent_targets,own_coverage,INDEPENDENT_BRIDGE,food,9,cumulative_weighted_error,31,0.6037644210811461,0.828538993705455,0.6808277223552465
recent_targets,own_coverage,INDEPENDENT_BRIDGE,food,10,cumulative_weighted_error,31,0.6968745565754795,0.9438262217463037,0.7681177513533971
recent_targets,own_coverage,INDEPENDENT_BRIDGE,food,11,cumulative_weighted_error,31,0.7961803291921555,1.0573818329625948,0.8487694782394749
recent_targets,own_coverage,INDEPENDENT_BRIDGE,food,12,cumulative_weighted_error,31,0.8853852800853678,1.1416648129959939,0.9335373852213271
recent_targets,own_coverage,INDEPENDENT_BRIDGE,fuel,1,cumulative_weighted_error,31,0.0012366545724603372,0.14839352693663502,0.09552179430192226
recent_targets,own_coverage,INDEPENDENT_BRIDGE,fuel,2,cumulative_weighted_error,31,0.005274483788424515,0.24446921043993702,0.1697762188361462
recent_targets,own_coverage,INDEPENDENT_BRIDGE,fuel,3,cumulative_weighted_error,31,0.002273320869909093,0.2985009194437511,0.20629516925625135
recent_targets,own_coverage,INDEPENDENT_BRIDGE,fuel,4,cumulative_weighted_error,31,-0.00039598786458064296,0.32224752469017853,0.23054409951699836
recent_targets,own_coverage,INDEPENDENT_BRIDGE,fuel,5,cumulative_weighted_error,31,0.0015705524136486128,0.34302242099310615,0.2511392251012241
recent_targets,own_coverage,INDEPENDENT_BRIDGE,fuel,6,cumulative_weighted_error,31,0.014399524318568963,0.3519887774371869,0.24930152530196784
recent_targets,own_coverage,INDEPENDENT_BRIDGE,fuel,7,cumulative_weighted_error,31,0.02802700041810715,0.35899472345006084,0.2715888380457809
recent_targets,own_coverage,INDEPENDENT_BRIDGE,fuel,8,cumulative_weighted_error,31,0.04007506046842591,0.367534497878657,0.30323308779937563
recent_targets,own_coverage,INDEPENDENT_BRIDGE,fuel,9,cumulative_weighted_error,31,0.057601916695626545,0.3817712159113275,0.3327375060541872
recent_targets,own_coverage,INDEPENDENT_BRIDGE,fuel,10,cumulative_weighted_error,31,0.07973133057086053,0.3946712437132828,0.3537534823737139
recent_targets,own_coverage,INDEPENDENT_BRIDGE,fuel,11,cumulative_weighted_error,31,0.10345488087118429,0.40682276505293485,0.3600161269185402
recent_targets,own_coverage,INDEPENDENT_BRIDGE,fuel,12,cumulative_weighted_error,31,0.12698816105542446,0.41300015606123547,0.35646211034793995
recent_targets,model_all_blocks_common,INDEPENDENT_BRIDGE,administered,1,cumulative_weighted_error,31,-0.0069351652924238135,0.14595697864608698,0.0590946781821196
recent_targets,model_all_blocks_common,INDEPENDENT_BRIDGE,administered,2,cumulative_weighted_error,31,-0.01575356771874313,0.21808804117044275,0.11133659045254546
recent_targets,model_all_blocks_common,INDEPENDENT_BRIDGE,administered,3,cumulative_weighted_error,31,-0.028859791565435028,0.2922572040982225,0.15925092343678568
recent_targets,model_all_blocks_common,INDEPENDENT_BRIDGE,administered,4,cumulative_weighted_error,31,-0.03654676210924511,0.3387922822754195,0.19980894413911054
recent_targets,model_all_blocks_common,INDEPENDENT_BRIDGE,administered,5,cumulative_weighted_error,31,-0.03700797873427557,0.3685920462718119,0.22981067582338038
recent_targets,model_all_blocks_common,INDEPENDENT_BRIDGE,administered,6,cumulative_weighted_error,31,-0.038793700636738704,0.39743813463287214,0.2658601835629248
recent_targets,model_all_blocks_common,INDEPENDENT_BRIDGE,administered,7,cumulative_weighted_error,31,-0.04056768762311106,0.41835622778016895,0.30264611424865895
recent_targets,model_all_blocks_common,INDEPENDENT_BRIDGE,administered,8,cumulative_weighted_error,31,-0.05204404885941016,0.4379389356949795,0.33217000174822203
recent_targets,model_all_blocks_common,INDEPENDENT_BRIDGE,administered,9,cumulative_weighted_error,31,-0.06512721265434594,0.4576004188271475,0.36301634087861456
recent_targets,model_all_blocks_common,INDEPENDENT_BRIDGE,administered,10,cumulative_weighted_error,31,-0.08279329488045742,0.4791587677616582,0.39025295323608544
recent_targets,model_all_blocks_common,INDEPENDENT_BRIDGE,administered,11,cumulative_weighted_error,31,-0.10124113066245703,0.501468731349404,0.4157305069245923
recent_targets,model_all_blocks_common,INDEPENDENT_BRIDGE,administered,12,cumulative_weighted_error,31,-0.121045119060187,0.5230294333299611,0.4421260583163921
recent_targets,model_all_blocks_common,INDEPENDENT_BRIDGE,alcohol_tobacco,1,cumulative_weighted_error,31,0.004551699959940162,0.07158757992369585,0.059433316115049976
recent_targets,model_all_blocks_common,INDEPENDENT_BRIDGE,alcohol_tobacco,2,cumulative_weighted_error,31,0.010240077186477275,0.07907248464857641,0.0657277300139716
recent_targets,model_all_blocks_common,INDEPENDENT_BRIDGE,alcohol_tobacco,3,cumulative_weighted_error,31,0.015664458754179877,0.06755187477573638,0.05444206907892607
recent_targets,model_all_blocks_common,INDEPENDENT_BRIDGE,alcohol_tobacco,4,cumulative_weighted_error,31,0.020455253427522746,0.07168947721643724,0.05530568050899132
recent_targets,model_all_blocks_common,INDEPENDENT_BRIDGE,alcohol_tobacco,5,cumulative_weighted_error,31,0.028580680322772996,0.0801027437733158,0.06468007688822916
recent_targets,model_all_blocks_common,INDEPENDENT_BRIDGE,alcohol_tobacco,6,cumulative_weighted_error,31,0.03155076092942829,0.08448936538646092,0.07364751306668789
recent_targets,model_all_blocks_common,INDEPENDENT_BRIDGE,alcohol_tobacco,7,cumulative_weighted_error,31,0.031229163686751597,0.08007898143026415,0.06662443306662605
recent_targets,model_all_blocks_common,INDEPENDENT_BRIDGE,alcohol_tobacco,8,cumulative_weighted_error,31,0.03443202492204947,0.08028991997944851,0.06467860738835322
recent_targets,model_all_blocks_common,INDEPENDENT_BRIDGE,alcohol_tobacco,9,cumulative_weighted_error,31,0.035924212123890166,0.07945553365475282,0.06580413957341998
recent_targets,model_all_blocks_common,INDEPENDENT_BRIDGE,alcohol_tobacco,10,cumulative_weighted_error,31,0.03840845488228215,0.08601629863943225,0.07095844067741143
recent_targets,model_all_blocks_common,INDEPENDENT_BRIDGE,alcohol_tobacco,11,cumulative_weighted_error,31,0.04492798683507961,0.09009766329796026,0.07035528058840854
recent_targets,model_all_blocks_common,INDEPENDENT_BRIDGE,alcohol_tobacco,12,cumulative_weighted_error,31,0.048873582750414216,0.095915159865728,0.07591621340106128
recent_targets,model_all_blocks_common,INDEPENDENT_BRIDGE,core,1,cumulative_weighted_error,31,-0.014685850481801,0.11982952189088249,0.09974501097542122
recent_targets,model_all_blocks_common,INDEPENDENT_BRIDGE,core,2,cumulative_weighted_error,31,-0.01872138530011857,0.19149922809019343,0.164134013234631
recent_targets,model_all_blocks_common,INDEPENDENT_BRIDGE,core,3,cumulative_weighted_error,31,-0.016459038604253937,0.22556029529290883,0.194712427660362
recent_targets,model_all_blocks_common,INDEPENDENT_BRIDGE,core,4,cumulative_weighted_error,31,-0.006518912154603602,0.27026913720916496,0.22560036082952703
recent_targets,model_all_blocks_common,INDEPENDENT_BRIDGE,core,5,cumulative_weighted_error,31,0.010057519721466048,0.3567226462419116,0.29564391949975444
recent_targets,model_all_blocks_common,INDEPENDENT_BRIDGE,core,6,cumulative_weighted_error,31,0.02970518570825046,0.44584746958004695,0.3879306104783797
recent_targets,model_all_blocks_common,INDEPENDENT_BRIDGE,core,7,cumulative_weighted_error,31,0.014478956397902438,0.5107378190341438,0.43232047450491234
recent_targets,model_all_blocks_common,INDEPENDENT_BRIDGE,core,8,cumulative_weighted_error,31,0.016632755849899216,0.5812750932077068,0.4666318564651872
recent_targets,model_all_blocks_common,INDEPENDENT_BRIDGE,core,9,cumulative_weighted_error,31,0.09366933704868771,0.7009961485547065,0.5603724543086211
recent_targets,model_all_blocks_common,INDEPENDENT_BRIDGE,core,10,cumulative_weighted_error,31,0.16341914091740412,0.8148465859518231,0.6221803332272096
recent_targets,model_all_blocks_common,INDEPENDENT_BRIDGE,core,11,cumulative_weighted_error,31,0.23191479318538744,0.9297230333925269,0.7156213081025302
recent_targets,model_all_blocks_common,INDEPENDENT_BRIDGE,core,12,cumulative_weighted_error,31,0.3957351977664929,1.212479532009727,0.9029791760195716
recent_targets,model_all_blocks_common,INDEPENDENT_BRIDGE,food,1,cumulative_weighted_error,31,0.029404387263606297,0.16557545065586127,0.13026945455691033
recent_targets,model_all_blocks_common,INDEPENDENT_BRIDGE,food,2,cumulative_weighted_error,31,0.06290913735111552,0.2335116110445959,0.18002839370224943
recent_targets,model_all_blocks_common,INDEPENDENT_BRIDGE,food,3,cumulative_weighted_error,31,0.09038105144611289,0.2929454030658862,0.23379326974580406
recent_targets,model_all_blocks_common,INDEPENDENT_BRIDGE,food,4,cumulative_weighted_error,31,0.17105301565785894,0.357181516976247,0.29845007513482574
recent_targets,model_all_blocks_common,INDEPENDENT_BRIDGE,food,5,cumulative_weighted_error,31,0.26610566906494637,0.45672058083276573,0.3841400099689387
recent_targets,model_all_blocks_common,INDEPENDENT_BRIDGE,food,6,cumulative_weighted_error,31,0.36479046299135254,0.5766220002862581,0.48876920091845527
recent_targets,model_all_blocks_common,INDEPENDENT_BRIDGE,food,7,cumulative_weighted_error,31,0.4382157660075589,0.6550862842415672,0.5544968951910458
recent_targets,model_all_blocks_common,INDEPENDENT_BRIDGE,food,8,cumulative_weighted_error,31,0.5188872748495273,0.7441234452052089,0.6323186711556045
recent_targets,model_all_blocks_common,INDEPENDENT_BRIDGE,food,9,cumulative_weighted_error,31,0.6037644210811461,0.828538993705455,0.6808277223552465
recent_targets,model_all_blocks_common,INDEPENDENT_BRIDGE,food,10,cumulative_weighted_error,31,0.6968745565754795,0.9438262217463037,0.7681177513533971
recent_targets,model_all_blocks_common,INDEPENDENT_BRIDGE,food,11,cumulative_weighted_error,31,0.7961803291921555,1.0573818329625948,0.8487694782394749
recent_targets,model_all_blocks_common,INDEPENDENT_BRIDGE,food,12,cumulative_weighted_error,31,0.8853852800853678,1.1416648129959939,0.9335373852213271
recent_targets,model_all_blocks_common,INDEPENDENT_BRIDGE,fuel,1,cumulative_weighted_error,31,0.0012366545724603372,0.14839352693663502,0.09552179430192226
recent_targets,model_all_blocks_common,INDEPENDENT_BRIDGE,fuel,2,cumulative_weighted_error,31,0.005274483788424515,0.24446921043993702,0.1697762188361462
recent_targets,model_all_blocks_common,INDEPENDENT_BRIDGE,fuel,3,cumulative_weighted_error,31,0.002273320869909093,0.2985009194437511,0.20629516925625135
recent_targets,model_all_blocks_common,INDEPENDENT_BRIDGE,fuel,4,cumulative_weighted_error,31,-0.00039598786458064296,0.32224752469017853,0.23054409951699836
recent_targets,model_all_blocks_common,INDEPENDENT_BRIDGE,fuel,5,cumulative_weighted_error,31,0.0015705524136486128,0.34302242099310615,0.2511392251012241
recent_targets,model_all_blocks_common,INDEPENDENT_BRIDGE,fuel,6,cumulative_weighted_error,31,0.014399524318568963,0.3519887774371869,0.24930152530196784
recent_targets,model_all_blocks_common,INDEPENDENT_BRIDGE,fuel,7,cumulative_weighted_error,31,0.02802700041810715,0.35899472345006084,0.2715888380457809
recent_targets,model_all_blocks_common,INDEPENDENT_BRIDGE,fuel,8,cumulative_weighted_error,31,0.04007506046842591,0.367534497878657,0.30323308779937563
recent_targets,model_all_blocks_common,INDEPENDENT_BRIDGE,fuel,9,cumulative_weighted_error,31,0.057601916695626545,0.3817712159113275,0.3327375060541872
recent_targets,model_all_blocks_common,INDEPENDENT_BRIDGE,fuel,10,cumulative_weighted_error,31,0.07973133057086053,0.3946712437132828,0.3537534823737139
recent_targets,model_all_blocks_common,INDEPENDENT_BRIDGE,fuel,11,cumulative_weighted_error,31,0.10345488087118429,0.40682276505293485,0.3600161269185402
recent_targets,model_all_blocks_common,INDEPENDENT_BRIDGE,fuel,12,cumulative_weighted_error,31,0.12698816105542446,0.41300015606123547,0.35646211034793995
recent_targets,all_models_all_blocks_common,INDEPENDENT_BRIDGE,administered,1,cumulative_weighted_error,31,-0.0069351652924238135,0.14595697864608698,0.0590946781821196
recent_targets,all_models_all_blocks_common,INDEPENDENT_BRIDGE,administered,2,cumulative_weighted_error,31,-0.01575356771874313,0.21808804117044275,0.11133659045254546
recent_targets,all_models_all_blocks_common,INDEPENDENT_BRIDGE,administered,3,cumulative_weighted_error,31,-0.028859791565435028,0.2922572040982225,0.15925092343678568
recent_targets,all_models_all_blocks_common,INDEPENDENT_BRIDGE,administered,4,cumulative_weighted_error,31,-0.03654676210924511,0.3387922822754195,0.19980894413911054
recent_targets,all_models_all_blocks_common,INDEPENDENT_BRIDGE,administered,5,cumulative_weighted_error,31,-0.03700797873427557,0.3685920462718119,0.22981067582338038
recent_targets,all_models_all_blocks_common,INDEPENDENT_BRIDGE,administered,6,cumulative_weighted_error,31,-0.038793700636738704,0.39743813463287214,0.2658601835629248
recent_targets,all_models_all_blocks_common,INDEPENDENT_BRIDGE,administered,7,cumulative_weighted_error,31,-0.04056768762311106,0.41835622778016895,0.30264611424865895
recent_targets,all_models_all_blocks_common,INDEPENDENT_BRIDGE,administered,8,cumulative_weighted_error,31,-0.05204404885941016,0.4379389356949795,0.33217000174822203
recent_targets,all_models_all_blocks_common,INDEPENDENT_BRIDGE,administered,9,cumulative_weighted_error,31,-0.06512721265434594,0.4576004188271475,0.36301634087861456
recent_targets,all_models_all_blocks_common,INDEPENDENT_BRIDGE,administered,10,cumulative_weighted_error,31,-0.08279329488045742,0.4791587677616582,0.39025295323608544
recent_targets,all_models_all_blocks_common,INDEPENDENT_BRIDGE,administered,11,cumulative_weighted_error,31,-0.10124113066245703,0.501468731349404,0.4157305069245923
recent_targets,all_models_all_blocks_common,INDEPENDENT_BRIDGE,administered,12,cumulative_weighted_error,31,-0.121045119060187,0.5230294333299611,0.4421260583163921
recent_targets,all_models_all_blocks_common,INDEPENDENT_BRIDGE,alcohol_tobacco,1,cumulative_weighted_error,31,0.004551699959940162,0.07158757992369585,0.059433316115049976
recent_targets,all_models_all_blocks_common,INDEPENDENT_BRIDGE,alcohol_tobacco,2,cumulative_weighted_error,31,0.010240077186477275,0.07907248464857641,0.0657277300139716
recent_targets,all_models_all_blocks_common,INDEPENDENT_BRIDGE,alcohol_tobacco,3,cumulative_weighted_error,31,0.015664458754179877,0.06755187477573638,0.05444206907892607
recent_targets,all_models_all_blocks_common,INDEPENDENT_BRIDGE,alcohol_tobacco,4,cumulative_weighted_error,31,0.020455253427522746,0.07168947721643724,0.05530568050899132
recent_targets,all_models_all_blocks_common,INDEPENDENT_BRIDGE,alcohol_tobacco,5,cumulative_weighted_error,31,0.028580680322772996,0.0801027437733158,0.06468007688822916
recent_targets,all_models_all_blocks_common,INDEPENDENT_BRIDGE,alcohol_tobacco,6,cumulative_weighted_error,31,0.03155076092942829,0.08448936538646092,0.07364751306668789
recent_targets,all_models_all_blocks_common,INDEPENDENT_BRIDGE,alcohol_tobacco,7,cumulative_weighted_error,31,0.031229163686751597,0.08007898143026415,0.06662443306662605
recent_targets,all_models_all_blocks_common,INDEPENDENT_BRIDGE,alcohol_tobacco,8,cumulative_weighted_error,31,0.03443202492204947,0.08028991997944851,0.06467860738835322
recent_targets,all_models_all_blocks_common,INDEPENDENT_BRIDGE,alcohol_tobacco,9,cumulative_weighted_error,31,0.035924212123890166,0.07945553365475282,0.06580413957341998
recent_targets,all_models_all_blocks_common,INDEPENDENT_BRIDGE,alcohol_tobacco,10,cumulative_weighted_error,31,0.03840845488228215,0.08601629863943225,0.07095844067741143
recent_targets,all_models_all_blocks_common,INDEPENDENT_BRIDGE,alcohol_tobacco,11,cumulative_weighted_error,31,0.04492798683507961,0.09009766329796026,0.07035528058840854
recent_targets,all_models_all_blocks_common,INDEPENDENT_BRIDGE,alcohol_tobacco,12,cumulative_weighted_error,31,0.048873582750414216,0.095915159865728,0.07591621340106128
recent_targets,all_models_all_blocks_common,INDEPENDENT_BRIDGE,core,1,cumulative_weighted_error,31,-0.014685850481801,0.11982952189088249,0.09974501097542122
recent_targets,all_models_all_blocks_common,INDEPENDENT_BRIDGE,core,2,cumulative_weighted_error,31,-0.01872138530011857,0.19149922809019343,0.164134013234631
recent_targets,all_models_all_blocks_common,INDEPENDENT_BRIDGE,core,3,cumulative_weighted_error,31,-0.016459038604253937,0.22556029529290883,0.194712427660362
recent_targets,all_models_all_blocks_common,INDEPENDENT_BRIDGE,core,4,cumulative_weighted_error,31,-0.006518912154603602,0.27026913720916496,0.22560036082952703
recent_targets,all_models_all_blocks_common,INDEPENDENT_BRIDGE,core,5,cumulative_weighted_error,31,0.010057519721466048,0.3567226462419116,0.29564391949975444
recent_targets,all_models_all_blocks_common,INDEPENDENT_BRIDGE,core,6,cumulative_weighted_error,31,0.02970518570825046,0.44584746958004695,0.3879306104783797
recent_targets,all_models_all_blocks_common,INDEPENDENT_BRIDGE,core,7,cumulative_weighted_error,31,0.014478956397902438,0.5107378190341438,0.43232047450491234
recent_targets,all_models_all_blocks_common,INDEPENDENT_BRIDGE,core,8,cumulative_weighted_error,31,0.016632755849899216,0.5812750932077068,0.4666318564651872
recent_targets,all_models_all_blocks_common,INDEPENDENT_BRIDGE,core,9,cumulative_weighted_error,31,0.09366933704868771,0.7009961485547065,0.5603724543086211
recent_targets,all_models_all_blocks_common,INDEPENDENT_BRIDGE,core,10,cumulative_weighted_error,31,0.16341914091740412,0.8148465859518231,0.6221803332272096
recent_targets,all_models_all_blocks_common,INDEPENDENT_BRIDGE,core,11,cumulative_weighted_error,31,0.23191479318538744,0.9297230333925269,0.7156213081025302
recent_targets,all_models_all_blocks_common,INDEPENDENT_BRIDGE,core,12,cumulative_weighted_error,31,0.3957351977664929,1.212479532009727,0.9029791760195716
recent_targets,all_models_all_blocks_common,INDEPENDENT_BRIDGE,food,1,cumulative_weighted_error,31,0.029404387263606297,0.16557545065586127,0.13026945455691033
recent_targets,all_models_all_blocks_common,INDEPENDENT_BRIDGE,food,2,cumulative_weighted_error,31,0.06290913735111552,0.2335116110445959,0.18002839370224943
recent_targets,all_models_all_blocks_common,INDEPENDENT_BRIDGE,food,3,cumulative_weighted_error,31,0.09038105144611289,0.2929454030658862,0.23379326974580406
recent_targets,all_models_all_blocks_common,INDEPENDENT_BRIDGE,food,4,cumulative_weighted_error,31,0.17105301565785894,0.357181516976247,0.29845007513482574
recent_targets,all_models_all_blocks_common,INDEPENDENT_BRIDGE,food,5,cumulative_weighted_error,31,0.26610566906494637,0.45672058083276573,0.3841400099689387
recent_targets,all_models_all_blocks_common,INDEPENDENT_BRIDGE,food,6,cumulative_weighted_error,31,0.36479046299135254,0.5766220002862581,0.48876920091845527
recent_targets,all_models_all_blocks_common,INDEPENDENT_BRIDGE,food,7,cumulative_weighted_error,31,0.4382157660075589,0.6550862842415672,0.5544968951910458
recent_targets,all_models_all_blocks_common,INDEPENDENT_BRIDGE,food,8,cumulative_weighted_error,31,0.5188872748495273,0.7441234452052089,0.6323186711556045
recent_targets,all_models_all_blocks_common,INDEPENDENT_BRIDGE,food,9,cumulative_weighted_error,31,0.6037644210811461,0.828538993705455,0.6808277223552465
recent_targets,all_models_all_blocks_common,INDEPENDENT_BRIDGE,food,10,cumulative_weighted_error,31,0.6968745565754795,0.9438262217463037,0.7681177513533971
recent_targets,all_models_all_blocks_common,INDEPENDENT_BRIDGE,food,11,cumulative_weighted_error,31,0.7961803291921555,1.0573818329625948,0.8487694782394749
recent_targets,all_models_all_blocks_common,INDEPENDENT_BRIDGE,food,12,cumulative_weighted_error,31,0.8853852800853678,1.1416648129959939,0.9335373852213271
recent_targets,all_models_all_blocks_common,INDEPENDENT_BRIDGE,fuel,1,cumulative_weighted_error,31,0.0012366545724603372,0.14839352693663502,0.09552179430192226
recent_targets,all_models_all_blocks_common,INDEPENDENT_BRIDGE,fuel,2,cumulative_weighted_error,31,0.005274483788424515,0.24446921043993702,0.1697762188361462
recent_targets,all_models_all_blocks_common,INDEPENDENT_BRIDGE,fuel,3,cumulative_weighted_error,31,0.002273320869909093,0.2985009194437511,0.20629516925625135
recent_targets,all_models_all_blocks_common,INDEPENDENT_BRIDGE,fuel,4,cumulative_weighted_error,31,-0.00039598786458064296,0.32224752469017853,0.23054409951699836
recent_targets,all_models_all_blocks_common,INDEPENDENT_BRIDGE,fuel,5,cumulative_weighted_error,31,0.0015705524136486128,0.34302242099310615,0.2511392251012241
recent_targets,all_models_all_blocks_common,INDEPENDENT_BRIDGE,fuel,6,cumulative_weighted_error,31,0.014399524318568963,0.3519887774371869,0.24930152530196784
recent_targets,all_models_all_blocks_common,INDEPENDENT_BRIDGE,fuel,7,cumulative_weighted_error,31,0.02802700041810715,0.35899472345006084,0.2715888380457809
recent_targets,all_models_all_blocks_common,INDEPENDENT_BRIDGE,fuel,8,cumulative_weighted_error,31,0.04007506046842591,0.367534497878657,0.30323308779937563
recent_targets,all_models_all_blocks_common,INDEPENDENT_BRIDGE,fuel,9,cumulative_weighted_error,31,0.057601916695626545,0.3817712159113275,0.3327375060541872
recent_targets,all_models_all_blocks_common,INDEPENDENT_BRIDGE,fuel,10,cumulative_weighted_error,31,0.07973133057086053,0.3946712437132828,0.3537534823737139
recent_targets,all_models_all_blocks_common,INDEPENDENT_BRIDGE,fuel,11,cumulative_weighted_error,31,0.10345488087118429,0.40682276505293485,0.3600161269185402
recent_targets,all_models_all_blocks_common,INDEPENDENT_BRIDGE,fuel,12,cumulative_weighted_error,31,0.12698816105542446,0.41300015606123547,0.35646211034793995
recent_targets,own_coverage,INDEPENDENT_BRIDGE,administered,1,annual_error,31,0.00906323497652375,0.36504574444403814,0.28395327908747314
recent_targets,own_coverage,INDEPENDENT_BRIDGE,administered,2,annual_error,31,0.01514292848105976,0.5094420770193965,0.39903740147089406
recent_targets,own_coverage,INDEPENDENT_BRIDGE,administered,3,annual_error,31,0.01825694742504502,0.5465251115875539,0.4583236595378727
recent_targets,own_coverage,INDEPENDENT_BRIDGE,administered,4,annual_error,31,0.10080651923491728,0.5498837901575502,0.4627893342027334
recent_targets,own_coverage,INDEPENDENT_BRIDGE,administered,5,annual_error,31,0.21369649279524908,0.6477482330271562,0.5070183860319699
recent_targets,own_coverage,INDEPENDENT_BRIDGE,administered,6,annual_error,31,0.32673053498692567,0.7478339170561034,0.5680148758186987
recent_targets,own_coverage,INDEPENDENT_BRIDGE,administered,7,annual_error,31,0.37189203309220015,0.844958735250734,0.6831153062029389
recent_targets,own_coverage,INDEPENDENT_BRIDGE,administered,8,annual_error,31,0.4481388433272403,0.9171180803165188,0.7830310611568385
recent_targets,own_coverage,INDEPENDENT_BRIDGE,administered,9,annual_error,31,0.6209179589160916,1.1824489101326947,0.9405226637356262
recent_targets,own_coverage,INDEPENDENT_BRIDGE,administered,10,annual_error,31,0.7939984131637675,1.481374755149811,1.1425929435395294
recent_targets,own_coverage,INDEPENDENT_BRIDGE,administered,11,annual_error,31,0.9593077106597847,1.6925933209508008,1.3216587214496047
recent_targets,own_coverage,INDEPENDENT_BRIDGE,administered,12,annual_error,31,1.1800370789368704,1.8921319727646286,1.5059610790983295
recent_targets,own_coverage,INDEPENDENT_BRIDGE,alcohol_tobacco,1,annual_error,31,0.00906323497652375,0.36504574444403814,0.28395327908747314
recent_targets,own_coverage,INDEPENDENT_BRIDGE,alcohol_tobacco,2,annual_error,31,0.01514292848105976,0.5094420770193965,0.39903740147089406
recent_targets,own_coverage,INDEPENDENT_BRIDGE,alcohol_tobacco,3,annual_error,31,0.01825694742504502,0.5465251115875539,0.4583236595378727
recent_targets,own_coverage,INDEPENDENT_BRIDGE,alcohol_tobacco,4,annual_error,31,0.10080651923491728,0.5498837901575502,0.4627893342027334
recent_targets,own_coverage,INDEPENDENT_BRIDGE,alcohol_tobacco,5,annual_error,31,0.21369649279524908,0.6477482330271562,0.5070183860319699
recent_targets,own_coverage,INDEPENDENT_BRIDGE,alcohol_tobacco,6,annual_error,31,0.32673053498692567,0.7478339170561034,0.5680148758186987
recent_targets,own_coverage,INDEPENDENT_BRIDGE,alcohol_tobacco,7,annual_error,31,0.37189203309220015,0.844958735250734,0.6831153062029389
recent_targets,own_coverage,INDEPENDENT_BRIDGE,alcohol_tobacco,8,annual_error,31,0.4481388433272403,0.9171180803165188,0.7830310611568385
recent_targets,own_coverage,INDEPENDENT_BRIDGE,alcohol_tobacco,9,annual_error,31,0.6209179589160916,1.1824489101326947,0.9405226637356262
recent_targets,own_coverage,INDEPENDENT_BRIDGE,alcohol_tobacco,10,annual_error,31,0.7939984131637675,1.481374755149811,1.1425929435395294
recent_targets,own_coverage,INDEPENDENT_BRIDGE,alcohol_tobacco,11,annual_error,31,0.9593077106597847,1.6925933209508008,1.3216587214496047
recent_targets,own_coverage,INDEPENDENT_BRIDGE,alcohol_tobacco,12,annual_error,31,1.1800370789368704,1.8921319727646286,1.5059610790983295
recent_targets,own_coverage,INDEPENDENT_BRIDGE,core,1,annual_error,31,0.00906323497652375,0.36504574444403814,0.28395327908747314
recent_targets,own_coverage,INDEPENDENT_BRIDGE,core,2,annual_error,31,0.01514292848105976,0.5094420770193965,0.39903740147089406
recent_targets,own_coverage,INDEPENDENT_BRIDGE,core,3,annual_error,31,0.01825694742504502,0.5465251115875539,0.4583236595378727
recent_targets,own_coverage,INDEPENDENT_BRIDGE,core,4,annual_error,31,0.10080651923491728,0.5498837901575502,0.4627893342027334
recent_targets,own_coverage,INDEPENDENT_BRIDGE,core,5,annual_error,31,0.21369649279524908,0.6477482330271562,0.5070183860319699
recent_targets,own_coverage,INDEPENDENT_BRIDGE,core,6,annual_error,31,0.32673053498692567,0.7478339170561034,0.5680148758186987
recent_targets,own_coverage,INDEPENDENT_BRIDGE,core,7,annual_error,31,0.37189203309220015,0.844958735250734,0.6831153062029389
recent_targets,own_coverage,INDEPENDENT_BRIDGE,core,8,annual_error,31,0.4481388433272403,0.9171180803165188,0.7830310611568385
recent_targets,own_coverage,INDEPENDENT_BRIDGE,core,9,annual_error,31,0.6209179589160916,1.1824489101326947,0.9405226637356262
recent_targets,own_coverage,INDEPENDENT_BRIDGE,core,10,annual_error,31,0.7939984131637675,1.481374755149811,1.1425929435395294
recent_targets,own_coverage,INDEPENDENT_BRIDGE,core,11,annual_error,31,0.9593077106597847,1.6925933209508008,1.3216587214496047
recent_targets,own_coverage,INDEPENDENT_BRIDGE,core,12,annual_error,31,1.1800370789368704,1.8921319727646286,1.5059610790983295
recent_targets,own_coverage,INDEPENDENT_BRIDGE,food,1,annual_error,31,0.00906323497652375,0.36504574444403814,0.28395327908747314
recent_targets,own_coverage,INDEPENDENT_BRIDGE,food,2,annual_error,31,0.01514292848105976,0.5094420770193965,0.39903740147089406
recent_targets,own_coverage,INDEPENDENT_BRIDGE,food,3,annual_error,31,0.01825694742504502,0.5465251115875539,0.4583236595378727
recent_targets,own_coverage,INDEPENDENT_BRIDGE,food,4,annual_error,31,0.10080651923491728,0.5498837901575502,0.4627893342027334
recent_targets,own_coverage,INDEPENDENT_BRIDGE,food,5,annual_error,31,0.21369649279524908,0.6477482330271562,0.5070183860319699
recent_targets,own_coverage,INDEPENDENT_BRIDGE,food,6,annual_error,31,0.32673053498692567,0.7478339170561034,0.5680148758186987
recent_targets,own_coverage,INDEPENDENT_BRIDGE,food,7,annual_error,31,0.37189203309220015,0.844958735250734,0.6831153062029389
recent_targets,own_coverage,INDEPENDENT_BRIDGE,food,8,annual_error,31,0.4481388433272403,0.9171180803165188,0.7830310611568385
recent_targets,own_coverage,INDEPENDENT_BRIDGE,food,9,annual_error,31,0.6209179589160916,1.1824489101326947,0.9405226637356262
recent_targets,own_coverage,INDEPENDENT_BRIDGE,food,10,annual_error,31,0.7939984131637675,1.481374755149811,1.1425929435395294
recent_targets,own_coverage,INDEPENDENT_BRIDGE,food,11,annual_error,31,0.9593077106597847,1.6925933209508008,1.3216587214496047
recent_targets,own_coverage,INDEPENDENT_BRIDGE,food,12,annual_error,31,1.1800370789368704,1.8921319727646286,1.5059610790983295
recent_targets,own_coverage,INDEPENDENT_BRIDGE,fuel,1,annual_error,31,0.00906323497652375,0.36504574444403814,0.28395327908747314
recent_targets,own_coverage,INDEPENDENT_BRIDGE,fuel,2,annual_error,31,0.01514292848105976,0.5094420770193965,0.39903740147089406
recent_targets,own_coverage,INDEPENDENT_BRIDGE,fuel,3,annual_error,31,0.01825694742504502,0.5465251115875539,0.4583236595378727
recent_targets,own_coverage,INDEPENDENT_BRIDGE,fuel,4,annual_error,31,0.10080651923491728,0.5498837901575502,0.4627893342027334
recent_targets,own_coverage,INDEPENDENT_BRIDGE,fuel,5,annual_error,31,0.21369649279524908,0.6477482330271562,0.5070183860319699
recent_targets,own_coverage,INDEPENDENT_BRIDGE,fuel,6,annual_error,31,0.32673053498692567,0.7478339170561034,0.5680148758186987
recent_targets,own_coverage,INDEPENDENT_BRIDGE,fuel,7,annual_error,31,0.37189203309220015,0.844958735250734,0.6831153062029389
recent_targets,own_coverage,INDEPENDENT_BRIDGE,fuel,8,annual_error,31,0.4481388433272403,0.9171180803165188,0.7830310611568385
recent_targets,own_coverage,INDEPENDENT_BRIDGE,fuel,9,annual_error,31,0.6209179589160916,1.1824489101326947,0.9405226637356262
recent_targets,own_coverage,INDEPENDENT_BRIDGE,fuel,10,annual_error,31,0.7939984131637675,1.481374755149811,1.1425929435395294
recent_targets,own_coverage,INDEPENDENT_BRIDGE,fuel,11,annual_error,31,0.9593077106597847,1.6925933209508008,1.3216587214496047
recent_targets,own_coverage,INDEPENDENT_BRIDGE,fuel,12,annual_error,31,1.1800370789368704,1.8921319727646286,1.5059610790983295
recent_targets,model_all_blocks_common,INDEPENDENT_BRIDGE,administered,1,annual_error,31,0.00906323497652375,0.36504574444403814,0.28395327908747314
recent_targets,model_all_blocks_common,INDEPENDENT_BRIDGE,administered,2,annual_error,31,0.01514292848105976,0.5094420770193965,0.39903740147089406
recent_targets,model_all_blocks_common,INDEPENDENT_BRIDGE,administered,3,annual_error,31,0.01825694742504502,0.5465251115875539,0.4583236595378727
recent_targets,model_all_blocks_common,INDEPENDENT_BRIDGE,administered,4,annual_error,31,0.10080651923491728,0.5498837901575502,0.4627893342027334
recent_targets,model_all_blocks_common,INDEPENDENT_BRIDGE,administered,5,annual_error,31,0.21369649279524908,0.6477482330271562,0.5070183860319699
recent_targets,model_all_blocks_common,INDEPENDENT_BRIDGE,administered,6,annual_error,31,0.32673053498692567,0.7478339170561034,0.5680148758186987
recent_targets,model_all_blocks_common,INDEPENDENT_BRIDGE,administered,7,annual_error,31,0.37189203309220015,0.844958735250734,0.6831153062029389
recent_targets,model_all_blocks_common,INDEPENDENT_BRIDGE,administered,8,annual_error,31,0.4481388433272403,0.9171180803165188,0.7830310611568385
recent_targets,model_all_blocks_common,INDEPENDENT_BRIDGE,administered,9,annual_error,31,0.6209179589160916,1.1824489101326947,0.9405226637356262
recent_targets,model_all_blocks_common,INDEPENDENT_BRIDGE,administered,10,annual_error,31,0.7939984131637675,1.481374755149811,1.1425929435395294
recent_targets,model_all_blocks_common,INDEPENDENT_BRIDGE,administered,11,annual_error,31,0.9593077106597847,1.6925933209508008,1.3216587214496047
recent_targets,model_all_blocks_common,INDEPENDENT_BRIDGE,administered,12,annual_error,31,1.1800370789368704,1.8921319727646286,1.5059610790983295
recent_targets,model_all_blocks_common,INDEPENDENT_BRIDGE,alcohol_tobacco,1,annual_error,31,0.00906323497652375,0.36504574444403814,0.28395327908747314
recent_targets,model_all_blocks_common,INDEPENDENT_BRIDGE,alcohol_tobacco,2,annual_error,31,0.01514292848105976,0.5094420770193965,0.39903740147089406
recent_targets,model_all_blocks_common,INDEPENDENT_BRIDGE,alcohol_tobacco,3,annual_error,31,0.01825694742504502,0.5465251115875539,0.4583236595378727
recent_targets,model_all_blocks_common,INDEPENDENT_BRIDGE,alcohol_tobacco,4,annual_error,31,0.10080651923491728,0.5498837901575502,0.4627893342027334
recent_targets,model_all_blocks_common,INDEPENDENT_BRIDGE,alcohol_tobacco,5,annual_error,31,0.21369649279524908,0.6477482330271562,0.5070183860319699
recent_targets,model_all_blocks_common,INDEPENDENT_BRIDGE,alcohol_tobacco,6,annual_error,31,0.32673053498692567,0.7478339170561034,0.5680148758186987
recent_targets,model_all_blocks_common,INDEPENDENT_BRIDGE,alcohol_tobacco,7,annual_error,31,0.37189203309220015,0.844958735250734,0.6831153062029389
recent_targets,model_all_blocks_common,INDEPENDENT_BRIDGE,alcohol_tobacco,8,annual_error,31,0.4481388433272403,0.9171180803165188,0.7830310611568385
recent_targets,model_all_blocks_common,INDEPENDENT_BRIDGE,alcohol_tobacco,9,annual_error,31,0.6209179589160916,1.1824489101326947,0.9405226637356262
recent_targets,model_all_blocks_common,INDEPENDENT_BRIDGE,alcohol_tobacco,10,annual_error,31,0.7939984131637675,1.481374755149811,1.1425929435395294
recent_targets,model_all_blocks_common,INDEPENDENT_BRIDGE,alcohol_tobacco,11,annual_error,31,0.9593077106597847,1.6925933209508008,1.3216587214496047
recent_targets,model_all_blocks_common,INDEPENDENT_BRIDGE,alcohol_tobacco,12,annual_error,31,1.1800370789368704,1.8921319727646286,1.5059610790983295
recent_targets,model_all_blocks_common,INDEPENDENT_BRIDGE,core,1,annual_error,31,0.00906323497652375,0.36504574444403814,0.28395327908747314
recent_targets,model_all_blocks_common,INDEPENDENT_BRIDGE,core,2,annual_error,31,0.01514292848105976,0.5094420770193965,0.39903740147089406
recent_targets,model_all_blocks_common,INDEPENDENT_BRIDGE,core,3,annual_error,31,0.01825694742504502,0.5465251115875539,0.4583236595378727
recent_targets,model_all_blocks_common,INDEPENDENT_BRIDGE,core,4,annual_error,31,0.10080651923491728,0.5498837901575502,0.4627893342027334
recent_targets,model_all_blocks_common,INDEPENDENT_BRIDGE,core,5,annual_error,31,0.21369649279524908,0.6477482330271562,0.5070183860319699
recent_targets,model_all_blocks_common,INDEPENDENT_BRIDGE,core,6,annual_error,31,0.32673053498692567,0.7478339170561034,0.5680148758186987
recent_targets,model_all_blocks_common,INDEPENDENT_BRIDGE,core,7,annual_error,31,0.37189203309220015,0.844958735250734,0.6831153062029389
recent_targets,model_all_blocks_common,INDEPENDENT_BRIDGE,core,8,annual_error,31,0.4481388433272403,0.9171180803165188,0.7830310611568385
recent_targets,model_all_blocks_common,INDEPENDENT_BRIDGE,core,9,annual_error,31,0.6209179589160916,1.1824489101326947,0.9405226637356262
recent_targets,model_all_blocks_common,INDEPENDENT_BRIDGE,core,10,annual_error,31,0.7939984131637675,1.481374755149811,1.1425929435395294
recent_targets,model_all_blocks_common,INDEPENDENT_BRIDGE,core,11,annual_error,31,0.9593077106597847,1.6925933209508008,1.3216587214496047
recent_targets,model_all_blocks_common,INDEPENDENT_BRIDGE,core,12,annual_error,31,1.1800370789368704,1.8921319727646286,1.5059610790983295
recent_targets,model_all_blocks_common,INDEPENDENT_BRIDGE,food,1,annual_error,31,0.00906323497652375,0.36504574444403814,0.28395327908747314
recent_targets,model_all_blocks_common,INDEPENDENT_BRIDGE,food,2,annual_error,31,0.01514292848105976,0.5094420770193965,0.39903740147089406
recent_targets,model_all_blocks_common,INDEPENDENT_BRIDGE,food,3,annual_error,31,0.01825694742504502,0.5465251115875539,0.4583236595378727
recent_targets,model_all_blocks_common,INDEPENDENT_BRIDGE,food,4,annual_error,31,0.10080651923491728,0.5498837901575502,0.4627893342027334
recent_targets,model_all_blocks_common,INDEPENDENT_BRIDGE,food,5,annual_error,31,0.21369649279524908,0.6477482330271562,0.5070183860319699
recent_targets,model_all_blocks_common,INDEPENDENT_BRIDGE,food,6,annual_error,31,0.32673053498692567,0.7478339170561034,0.5680148758186987
recent_targets,model_all_blocks_common,INDEPENDENT_BRIDGE,food,7,annual_error,31,0.37189203309220015,0.844958735250734,0.6831153062029389
recent_targets,model_all_blocks_common,INDEPENDENT_BRIDGE,food,8,annual_error,31,0.4481388433272403,0.9171180803165188,0.7830310611568385
recent_targets,model_all_blocks_common,INDEPENDENT_BRIDGE,food,9,annual_error,31,0.6209179589160916,1.1824489101326947,0.9405226637356262
recent_targets,model_all_blocks_common,INDEPENDENT_BRIDGE,food,10,annual_error,31,0.7939984131637675,1.481374755149811,1.1425929435395294
recent_targets,model_all_blocks_common,INDEPENDENT_BRIDGE,food,11,annual_error,31,0.9593077106597847,1.6925933209508008,1.3216587214496047
recent_targets,model_all_blocks_common,INDEPENDENT_BRIDGE,food,12,annual_error,31,1.1800370789368704,1.8921319727646286,1.5059610790983295
recent_targets,model_all_blocks_common,INDEPENDENT_BRIDGE,fuel,1,annual_error,31,0.00906323497652375,0.36504574444403814,0.28395327908747314
recent_targets,model_all_blocks_common,INDEPENDENT_BRIDGE,fuel,2,annual_error,31,0.01514292848105976,0.5094420770193965,0.39903740147089406
recent_targets,model_all_blocks_common,INDEPENDENT_BRIDGE,fuel,3,annual_error,31,0.01825694742504502,0.5465251115875539,0.4583236595378727
recent_targets,model_all_blocks_common,INDEPENDENT_BRIDGE,fuel,4,annual_error,31,0.10080651923491728,0.5498837901575502,0.4627893342027334
recent_targets,model_all_blocks_common,INDEPENDENT_BRIDGE,fuel,5,annual_error,31,0.21369649279524908,0.6477482330271562,0.5070183860319699
recent_targets,model_all_blocks_common,INDEPENDENT_BRIDGE,fuel,6,annual_error,31,0.32673053498692567,0.7478339170561034,0.5680148758186987
recent_targets,model_all_blocks_common,INDEPENDENT_BRIDGE,fuel,7,annual_error,31,0.37189203309220015,0.844958735250734,0.6831153062029389
recent_targets,model_all_blocks_common,INDEPENDENT_BRIDGE,fuel,8,annual_error,31,0.4481388433272403,0.9171180803165188,0.7830310611568385
recent_targets,model_all_blocks_common,INDEPENDENT_BRIDGE,fuel,9,annual_error,31,0.6209179589160916,1.1824489101326947,0.9405226637356262
recent_targets,model_all_blocks_common,INDEPENDENT_BRIDGE,fuel,10,annual_error,31,0.7939984131637675,1.481374755149811,1.1425929435395294
recent_targets,model_all_blocks_common,INDEPENDENT_BRIDGE,fuel,11,annual_error,31,0.9593077106597847,1.6925933209508008,1.3216587214496047
recent_targets,model_all_blocks_common,INDEPENDENT_BRIDGE,fuel,12,annual_error,31,1.1800370789368704,1.8921319727646286,1.5059610790983295
recent_targets,all_models_all_blocks_common,INDEPENDENT_BRIDGE,administered,1,annual_error,31,0.00906323497652375,0.36504574444403814,0.28395327908747314
recent_targets,all_models_all_blocks_common,INDEPENDENT_BRIDGE,administered,2,annual_error,31,0.01514292848105976,0.5094420770193965,0.39903740147089406
recent_targets,all_models_all_blocks_common,INDEPENDENT_BRIDGE,administered,3,annual_error,31,0.01825694742504502,0.5465251115875539,0.4583236595378727
recent_targets,all_models_all_blocks_common,INDEPENDENT_BRIDGE,administered,4,annual_error,31,0.10080651923491728,0.5498837901575502,0.4627893342027334
recent_targets,all_models_all_blocks_common,INDEPENDENT_BRIDGE,administered,5,annual_error,31,0.21369649279524908,0.6477482330271562,0.5070183860319699
recent_targets,all_models_all_blocks_common,INDEPENDENT_BRIDGE,administered,6,annual_error,31,0.32673053498692567,0.7478339170561034,0.5680148758186987
recent_targets,all_models_all_blocks_common,INDEPENDENT_BRIDGE,administered,7,annual_error,31,0.37189203309220015,0.844958735250734,0.6831153062029389
recent_targets,all_models_all_blocks_common,INDEPENDENT_BRIDGE,administered,8,annual_error,31,0.4481388433272403,0.9171180803165188,0.7830310611568385
recent_targets,all_models_all_blocks_common,INDEPENDENT_BRIDGE,administered,9,annual_error,31,0.6209179589160916,1.1824489101326947,0.9405226637356262
recent_targets,all_models_all_blocks_common,INDEPENDENT_BRIDGE,administered,10,annual_error,31,0.7939984131637675,1.481374755149811,1.1425929435395294
recent_targets,all_models_all_blocks_common,INDEPENDENT_BRIDGE,administered,11,annual_error,31,0.9593077106597847,1.6925933209508008,1.3216587214496047
recent_targets,all_models_all_blocks_common,INDEPENDENT_BRIDGE,administered,12,annual_error,31,1.1800370789368704,1.8921319727646286,1.5059610790983295
recent_targets,all_models_all_blocks_common,INDEPENDENT_BRIDGE,alcohol_tobacco,1,annual_error,31,0.00906323497652375,0.36504574444403814,0.28395327908747314
recent_targets,all_models_all_blocks_common,INDEPENDENT_BRIDGE,alcohol_tobacco,2,annual_error,31,0.01514292848105976,0.5094420770193965,0.39903740147089406
recent_targets,all_models_all_blocks_common,INDEPENDENT_BRIDGE,alcohol_tobacco,3,annual_error,31,0.01825694742504502,0.5465251115875539,0.4583236595378727
recent_targets,all_models_all_blocks_common,INDEPENDENT_BRIDGE,alcohol_tobacco,4,annual_error,31,0.10080651923491728,0.5498837901575502,0.4627893342027334
recent_targets,all_models_all_blocks_common,INDEPENDENT_BRIDGE,alcohol_tobacco,5,annual_error,31,0.21369649279524908,0.6477482330271562,0.5070183860319699
recent_targets,all_models_all_blocks_common,INDEPENDENT_BRIDGE,alcohol_tobacco,6,annual_error,31,0.32673053498692567,0.7478339170561034,0.5680148758186987
recent_targets,all_models_all_blocks_common,INDEPENDENT_BRIDGE,alcohol_tobacco,7,annual_error,31,0.37189203309220015,0.844958735250734,0.6831153062029389
recent_targets,all_models_all_blocks_common,INDEPENDENT_BRIDGE,alcohol_tobacco,8,annual_error,31,0.4481388433272403,0.9171180803165188,0.7830310611568385
recent_targets,all_models_all_blocks_common,INDEPENDENT_BRIDGE,alcohol_tobacco,9,annual_error,31,0.6209179589160916,1.1824489101326947,0.9405226637356262
recent_targets,all_models_all_blocks_common,INDEPENDENT_BRIDGE,alcohol_tobacco,10,annual_error,31,0.7939984131637675,1.481374755149811,1.1425929435395294
recent_targets,all_models_all_blocks_common,INDEPENDENT_BRIDGE,alcohol_tobacco,11,annual_error,31,0.9593077106597847,1.6925933209508008,1.3216587214496047
recent_targets,all_models_all_blocks_common,INDEPENDENT_BRIDGE,alcohol_tobacco,12,annual_error,31,1.1800370789368704,1.8921319727646286,1.5059610790983295
recent_targets,all_models_all_blocks_common,INDEPENDENT_BRIDGE,core,1,annual_error,31,0.00906323497652375,0.36504574444403814,0.28395327908747314
recent_targets,all_models_all_blocks_common,INDEPENDENT_BRIDGE,core,2,annual_error,31,0.01514292848105976,0.5094420770193965,0.39903740147089406
recent_targets,all_models_all_blocks_common,INDEPENDENT_BRIDGE,core,3,annual_error,31,0.01825694742504502,0.5465251115875539,0.4583236595378727
recent_targets,all_models_all_blocks_common,INDEPENDENT_BRIDGE,core,4,annual_error,31,0.10080651923491728,0.5498837901575502,0.4627893342027334
recent_targets,all_models_all_blocks_common,INDEPENDENT_BRIDGE,core,5,annual_error,31,0.21369649279524908,0.6477482330271562,0.5070183860319699
recent_targets,all_models_all_blocks_common,INDEPENDENT_BRIDGE,core,6,annual_error,31,0.32673053498692567,0.7478339170561034,0.5680148758186987
recent_targets,all_models_all_blocks_common,INDEPENDENT_BRIDGE,core,7,annual_error,31,0.37189203309220015,0.844958735250734,0.6831153062029389
recent_targets,all_models_all_blocks_common,INDEPENDENT_BRIDGE,core,8,annual_error,31,0.4481388433272403,0.9171180803165188,0.7830310611568385
recent_targets,all_models_all_blocks_common,INDEPENDENT_BRIDGE,core,9,annual_error,31,0.6209179589160916,1.1824489101326947,0.9405226637356262
recent_targets,all_models_all_blocks_common,INDEPENDENT_BRIDGE,core,10,annual_error,31,0.7939984131637675,1.481374755149811,1.1425929435395294
recent_targets,all_models_all_blocks_common,INDEPENDENT_BRIDGE,core,11,annual_error,31,0.9593077106597847,1.6925933209508008,1.3216587214496047
recent_targets,all_models_all_blocks_common,INDEPENDENT_BRIDGE,core,12,annual_error,31,1.1800370789368704,1.8921319727646286,1.5059610790983295
recent_targets,all_models_all_blocks_common,INDEPENDENT_BRIDGE,food,1,annual_error,31,0.00906323497652375,0.36504574444403814,0.28395327908747314
recent_targets,all_models_all_blocks_common,INDEPENDENT_BRIDGE,food,2,annual_error,31,0.01514292848105976,0.5094420770193965,0.39903740147089406
recent_targets,all_models_all_blocks_common,INDEPENDENT_BRIDGE,food,3,annual_error,31,0.01825694742504502,0.5465251115875539,0.4583236595378727
recent_targets,all_models_all_blocks_common,INDEPENDENT_BRIDGE,food,4,annual_error,31,0.10080651923491728,0.5498837901575502,0.4627893342027334
recent_targets,all_models_all_blocks_common,INDEPENDENT_BRIDGE,food,5,annual_error,31,0.21369649279524908,0.6477482330271562,0.5070183860319699
recent_targets,all_models_all_blocks_common,INDEPENDENT_BRIDGE,food,6,annual_error,31,0.32673053498692567,0.7478339170561034,0.5680148758186987
recent_targets,all_models_all_blocks_common,INDEPENDENT_BRIDGE,food,7,annual_error,31,0.37189203309220015,0.844958735250734,0.6831153062029389
recent_targets,all_models_all_blocks_common,INDEPENDENT_BRIDGE,food,8,annual_error,31,0.4481388433272403,0.9171180803165188,0.7830310611568385
recent_targets,all_models_all_blocks_common,INDEPENDENT_BRIDGE,food,9,annual_error,31,0.6209179589160916,1.1824489101326947,0.9405226637356262
recent_targets,all_models_all_blocks_common,INDEPENDENT_BRIDGE,food,10,annual_error,31,0.7939984131637675,1.481374755149811,1.1425929435395294
recent_targets,all_models_all_blocks_common,INDEPENDENT_BRIDGE,food,11,annual_error,31,0.9593077106597847,1.6925933209508008,1.3216587214496047
recent_targets,all_models_all_blocks_common,INDEPENDENT_BRIDGE,food,12,annual_error,31,1.1800370789368704,1.8921319727646286,1.5059610790983295
recent_targets,all_models_all_blocks_common,INDEPENDENT_BRIDGE,fuel,1,annual_error,31,0.00906323497652375,0.36504574444403814,0.28395327908747314
recent_targets,all_models_all_blocks_common,INDEPENDENT_BRIDGE,fuel,2,annual_error,31,0.01514292848105976,0.5094420770193965,0.39903740147089406
recent_targets,all_models_all_blocks_common,INDEPENDENT_BRIDGE,fuel,3,annual_error,31,0.01825694742504502,0.5465251115875539,0.4583236595378727
recent_targets,all_models_all_blocks_common,INDEPENDENT_BRIDGE,fuel,4,annual_error,31,0.10080651923491728,0.5498837901575502,0.4627893342027334
recent_targets,all_models_all_blocks_common,INDEPENDENT_BRIDGE,fuel,5,annual_error,31,0.21369649279524908,0.6477482330271562,0.5070183860319699
recent_targets,all_models_all_blocks_common,INDEPENDENT_BRIDGE,fuel,6,annual_error,31,0.32673053498692567,0.7478339170561034,0.5680148758186987
recent_targets,all_models_all_blocks_common,INDEPENDENT_BRIDGE,fuel,7,annual_error,31,0.37189203309220015,0.844958735250734,0.6831153062029389
recent_targets,all_models_all_blocks_common,INDEPENDENT_BRIDGE,fuel,8,annual_error,31,0.4481388433272403,0.9171180803165188,0.7830310611568385
recent_targets,all_models_all_blocks_common,INDEPENDENT_BRIDGE,fuel,9,annual_error,31,0.6209179589160916,1.1824489101326947,0.9405226637356262
recent_targets,all_models_all_blocks_common,INDEPENDENT_BRIDGE,fuel,10,annual_error,31,0.7939984131637675,1.481374755149811,1.1425929435395294
recent_targets,all_models_all_blocks_common,INDEPENDENT_BRIDGE,fuel,11,annual_error,31,0.9593077106597847,1.6925933209508008,1.3216587214496047
recent_targets,all_models_all_blocks_common,INDEPENDENT_BRIDGE,fuel,12,annual_error,31,1.1800370789368704,1.8921319727646286,1.5059610790983295
recent_targets,own_coverage,INDEPENDENT_BRIDGE,administered,1,annual_block_error,31,-0.006909639392553545,0.147585057714733,0.0600035047353285
recent_targets,own_coverage,INDEPENDENT_BRIDGE,administered,2,annual_block_error,31,-0.015707656241808407,0.22049691290915738,0.11297583449662647
recent_targets,own_coverage,INDEPENDENT_BRIDGE,administered,3,annual_block_error,31,-0.028941761272433232,0.29573506214224765,0.16152991817258763
recent_targets,own_coverage,INDEPENDENT_BRIDGE,administered,4,annual_block_error,31,-0.036827241736444284,0.3435582447984044,0.202977926061279
recent_targets,own_coverage,INDEPENDENT_BRIDGE,administered,5,annual_block_error,31,-0.03735659016650636,0.37437033826911875,0.23370224459088665
recent_targets,own_coverage,INDEPENDENT_BRIDGE,administered,6,annual_block_error,31,-0.03926155020618091,0.4045389313757008,0.2707507414069044
recent_targets,own_coverage,INDEPENDENT_BRIDGE,administered,7,annual_block_error,31,-0.040742015181201234,0.4256880205828507,0.3080589033000173
recent_targets,own_coverage,INDEPENDENT_BRIDGE,administered,8,annual_block_error,31,-0.052139691330914915,0.4453305834676569,0.3380545512173963
recent_targets,own_coverage,INDEPENDENT_BRIDGE,administered,9,annual_block_error,31,-0.06574703585668192,0.4660645049592249,0.37014257988191335
recent_targets,own_coverage,INDEPENDENT_BRIDGE,administered,10,annual_block_error,31,-0.08416291485771889,0.48922266498289263,0.3988897155882142
recent_targets,own_coverage,INDEPENDENT_BRIDGE,administered,11,annual_block_error,31,-0.10376112660960028,0.5134963377727441,0.42597354225091827
recent_targets,own_coverage,INDEPENDENT_BRIDGE,administered,12,annual_block_error,31,-0.12524408606991286,0.5372326691061311,0.4541286620145576
recent_targets,own_coverage,INDEPENDENT_BRIDGE,alcohol_tobacco,1,annual_block_error,31,0.0047501377869634195,0.0729028277377676,0.060570133085930525
recent_targets,own_coverage,INDEPENDENT_BRIDGE,alcohol_tobacco,2,annual_block_error,31,0.010699684289507273,0.080568526293003,0.06690086239049636
recent_targets,own_coverage,INDEPENDENT_BRIDGE,alcohol_tobacco,3,annual_block_error,31,0.01644906201901043,0.06895989937207858,0.05538380663202528
recent_targets,own_coverage,INDEPENDENT_BRIDGE,alcohol_tobacco,4,annual_block_error,31,0.021456428250784962,0.07317132016375343,0.05661039125699249
recent_targets,own_coverage,INDEPENDENT_BRIDGE,alcohol_tobacco,5,annual_block_error,31,0.029916634396782594,0.08192737498674052,0.06626416218746965
recent_targets,own_coverage,INDEPENDENT_BRIDGE,alcohol_tobacco,6,annual_block_error,31,0.03317025536929705,0.08655215321462835,0.07557916921633348
recent_targets,own_coverage,INDEPENDENT_BRIDGE,alcohol_tobacco,7,annual_block_error,31,0.03308425001066292,0.08248461900832607,0.06845170771292663
recent_targets,own_coverage,INDEPENDENT_BRIDGE,alcohol_tobacco,8,annual_block_error,31,0.03642014677579479,0.08294343641473473,0.06663686623130048
recent_targets,own_coverage,INDEPENDENT_BRIDGE,alcohol_tobacco,9,annual_block_error,31,0.03791762888503465,0.08207007491408679,0.0682174403419445
recent_targets,own_coverage,INDEPENDENT_BRIDGE,alcohol_tobacco,10,annual_block_error,31,0.040701118824821254,0.08875720617340091,0.07315995277336128
recent_targets,own_coverage,INDEPENDENT_BRIDGE,alcohol_tobacco,11,annual_block_error,31,0.04760116502797083,0.09328820990566299,0.07319215602220339
recent_targets,own_coverage,INDEPENDENT_BRIDGE,alcohol_tobacco,12,annual_block_error,31,0.051636539210642464,0.10016324884848307,0.07942386531824677
recent_targets,own_coverage,INDEPENDENT_BRIDGE,core,1,annual_block_error,31,-0.01484197271505702,0.1222251162080954,0.10177308610708025
recent_targets,own_coverage,INDEPENDENT_BRIDGE,core,2,annual_block_error,31,-0.01877189932754667,0.19547341428998194,0.16752896123953412
recent_targets,own_coverage,INDEPENDENT_BRIDGE,core,3,annual_block_error,31,-0.01629736091239675,0.2306203125499985,0.19887747740277606
recent_targets,own_coverage,INDEPENDENT_BRIDGE,core,4,annual_block_error,31,-0.006000871442169936,0.2766312953340656,0.23062467743020137
recent_targets,own_coverage,INDEPENDENT_BRIDGE,core,5,annual_block_error,31,0.011331279071723266,0.3657291743112836,0.3024804952300049
recent_targets,own_coverage,INDEPENDENT_BRIDGE,core,6,annual_block_error,31,0.0318160942753465,0.4565088394553838,0.3968457853634708
recent_targets,own_coverage,INDEPENDENT_BRIDGE,core,7,annual_block_error,31,0.01663329896159888,0.5233470634101157,0.44254600354915025
recent_targets,own_coverage,INDEPENDENT_BRIDGE,core,8,annual_block_error,31,0.019611770455072917,0.5972812731366696,0.47851910030629163
recent_targets,own_coverage,INDEPENDENT_BRIDGE,core,9,annual_block_error,31,0.10034309925362533,0.7227643232239891,0.5761669857035251
recent_targets,own_coverage,INDEPENDENT_BRIDGE,core,10,annual_block_error,31,0.17311860181801636,0.8424795624336214,0.641167135457647
recent_targets,own_coverage,INDEPENDENT_BRIDGE,core,11,annual_block_error,31,0.2447037274892844,0.9620294340404896,0.7384076940553919
recent_targets,own_coverage,INDEPENDENT_BRIDGE,core,12,annual_block_error,31,0.41544537507854,1.2576331956796574,0.9333633510670104
recent_targets,own_coverage,INDEPENDENT_BRIDGE,food,1,annual_block_error,31,0.029921290574767955,0.16878630970712766,0.13289056825377046
recent_targets,own_coverage,INDEPENDENT_BRIDGE,food,2,annual_block_error,31,0.06398862783756971,0.23788778792934598,0.18355489572808162
recent_targets,own_coverage,INDEPENDENT_BRIDGE,food,3,annual_block_error,31,0.09187070636270536,0.2985584725048618,0.2384890602833256
recent_targets,own_coverage,INDEPENDENT_BRIDGE,food,4,annual_block_error,31,0.1738856700833806,0.36433764043754113,0.3046458886922636
recent_targets,own_coverage,INDEPENDENT_BRIDGE,food,5,annual_block_error,31,0.2709500946340919,0.4660455132113699,0.392284102623108
recent_targets,own_coverage,INDEPENDENT_BRIDGE,food,6,annual_block_error,31,0.3718814752358106,0.5886925406630421,0.49928465740276967
recent_targets,own_coverage,INDEPENDENT_BRIDGE,food,7,annual_block_error,31,0.4468901543758788,0.6685750101903905,0.5664572105737115
recent_targets,own_coverage,INDEPENDENT_BRIDGE,food,8,annual_block_error,31,0.5295830097103552,0.7592952287269972,0.6459540883915795
recent_targets,own_coverage,INDEPENDENT_BRIDGE,food,9,annual_block_error,31,0.6178172921941033,0.8482385734265667,0.6971116752094961
recent_targets,own_coverage,INDEPENDENT_BRIDGE,food,10,annual_block_error,31,0.71542991979669,0.9706092828538677,0.7886102331133903
recent_targets,own_coverage,INDEPENDENT_BRIDGE,food,11,annual_block_error,31,0.8192705960169021,1.0906225488931263,0.8732556752510464
recent_targets,own_coverage,INDEPENDENT_BRIDGE,food,12,annual_block_error,31,0.9129700376026311,1.18035150834665,0.9625537427611578
recent_targets,own_coverage,INDEPENDENT_BRIDGE,fuel,1,annual_block_error,31,0.0014904051664652942,0.15104096916797058,0.09741344382911014
recent_targets,own_coverage,INDEPENDENT_BRIDGE,fuel,2,annual_block_error,31,0.005803954605377107,0.24903365298367466,0.173171962881191
recent_targets,own_coverage,INDEPENDENT_BRIDGE,fuel,3,annual_block_error,31,0.002899794238952849,0.30416065924369323,0.2105355444475412
recent_targets,own_coverage,INDEPENDENT_BRIDGE,fuel,4,annual_block_error,31,0.0003382285752098345,0.3289056520339232,0.23562932191444128
recent_targets,own_coverage,INDEPENDENT_BRIDGE,fuel,5,annual_block_error,31,0.0025571047404662423,0.3506590677394222,0.2569551638639023
recent_targets,own_coverage,INDEPENDENT_BRIDGE,fuel,6,annual_block_error,31,0.015557879039835961,0.36059051689490196,0.25554071142328383
recent_targets,own_coverage,INDEPENDENT_BRIDGE,fuel,7,annual_block_error,31,0.029217451221432832,0.3686012163246984,0.27877303660021896
recent_targets,own_coverage,INDEPENDENT_BRIDGE,fuel,8,annual_block_error,31,0.04124687923302037,0.3780652393137458,0.3115759156015607
recent_targets,own_coverage,INDEPENDENT_BRIDGE,fuel,9,annual_block_error,31,0.05935556643773063,0.39267723634813695,0.3420037300568299
recent_targets,own_coverage,INDEPENDENT_BRIDGE,fuel,10,annual_block_error,31,0.08227934461968339,0.4056634949774415,0.3637166632462155
recent_targets,own_coverage,INDEPENDENT_BRIDGE,fuel,11,annual_block_error,31,0.10666164165625601,0.4181283371728405,0.3704077983385433
recent_targets,own_coverage,INDEPENDENT_BRIDGE,fuel,12,annual_block_error,31,0.13084838900270676,0.4250793634566608,0.3672964574848729
recent_targets,model_all_blocks_common,INDEPENDENT_BRIDGE,administered,1,annual_block_error,31,-0.006909639392553545,0.147585057714733,0.0600035047353285
recent_targets,model_all_blocks_common,INDEPENDENT_BRIDGE,administered,2,annual_block_error,31,-0.015707656241808407,0.22049691290915738,0.11297583449662647
recent_targets,model_all_blocks_common,INDEPENDENT_BRIDGE,administered,3,annual_block_error,31,-0.028941761272433232,0.29573506214224765,0.16152991817258763
recent_targets,model_all_blocks_common,INDEPENDENT_BRIDGE,administered,4,annual_block_error,31,-0.036827241736444284,0.3435582447984044,0.202977926061279
recent_targets,model_all_blocks_common,INDEPENDENT_BRIDGE,administered,5,annual_block_error,31,-0.03735659016650636,0.37437033826911875,0.23370224459088665
recent_targets,model_all_blocks_common,INDEPENDENT_BRIDGE,administered,6,annual_block_error,31,-0.03926155020618091,0.4045389313757008,0.2707507414069044
recent_targets,model_all_blocks_common,INDEPENDENT_BRIDGE,administered,7,annual_block_error,31,-0.040742015181201234,0.4256880205828507,0.3080589033000173
recent_targets,model_all_blocks_common,INDEPENDENT_BRIDGE,administered,8,annual_block_error,31,-0.052139691330914915,0.4453305834676569,0.3380545512173963
recent_targets,model_all_blocks_common,INDEPENDENT_BRIDGE,administered,9,annual_block_error,31,-0.06574703585668192,0.4660645049592249,0.37014257988191335
recent_targets,model_all_blocks_common,INDEPENDENT_BRIDGE,administered,10,annual_block_error,31,-0.08416291485771889,0.48922266498289263,0.3988897155882142
recent_targets,model_all_blocks_common,INDEPENDENT_BRIDGE,administered,11,annual_block_error,31,-0.10376112660960028,0.5134963377727441,0.42597354225091827
recent_targets,model_all_blocks_common,INDEPENDENT_BRIDGE,administered,12,annual_block_error,31,-0.12524408606991286,0.5372326691061311,0.4541286620145576
recent_targets,model_all_blocks_common,INDEPENDENT_BRIDGE,alcohol_tobacco,1,annual_block_error,31,0.0047501377869634195,0.0729028277377676,0.060570133085930525
recent_targets,model_all_blocks_common,INDEPENDENT_BRIDGE,alcohol_tobacco,2,annual_block_error,31,0.010699684289507273,0.080568526293003,0.06690086239049636
recent_targets,model_all_blocks_common,INDEPENDENT_BRIDGE,alcohol_tobacco,3,annual_block_error,31,0.01644906201901043,0.06895989937207858,0.05538380663202528
recent_targets,model_all_blocks_common,INDEPENDENT_BRIDGE,alcohol_tobacco,4,annual_block_error,31,0.021456428250784962,0.07317132016375343,0.05661039125699249
recent_targets,model_all_blocks_common,INDEPENDENT_BRIDGE,alcohol_tobacco,5,annual_block_error,31,0.029916634396782594,0.08192737498674052,0.06626416218746965
recent_targets,model_all_blocks_common,INDEPENDENT_BRIDGE,alcohol_tobacco,6,annual_block_error,31,0.03317025536929705,0.08655215321462835,0.07557916921633348
recent_targets,model_all_blocks_common,INDEPENDENT_BRIDGE,alcohol_tobacco,7,annual_block_error,31,0.03308425001066292,0.08248461900832607,0.06845170771292663
recent_targets,model_all_blocks_common,INDEPENDENT_BRIDGE,alcohol_tobacco,8,annual_block_error,31,0.03642014677579479,0.08294343641473473,0.06663686623130048
recent_targets,model_all_blocks_common,INDEPENDENT_BRIDGE,alcohol_tobacco,9,annual_block_error,31,0.03791762888503465,0.08207007491408679,0.0682174403419445
recent_targets,model_all_blocks_common,INDEPENDENT_BRIDGE,alcohol_tobacco,10,annual_block_error,31,0.040701118824821254,0.08875720617340091,0.07315995277336128
recent_targets,model_all_blocks_common,INDEPENDENT_BRIDGE,alcohol_tobacco,11,annual_block_error,31,0.04760116502797083,0.09328820990566299,0.07319215602220339
recent_targets,model_all_blocks_common,INDEPENDENT_BRIDGE,alcohol_tobacco,12,annual_block_error,31,0.051636539210642464,0.10016324884848307,0.07942386531824677
recent_targets,model_all_blocks_common,INDEPENDENT_BRIDGE,core,1,annual_block_error,31,-0.01484197271505702,0.1222251162080954,0.10177308610708025
recent_targets,model_all_blocks_common,INDEPENDENT_BRIDGE,core,2,annual_block_error,31,-0.01877189932754667,0.19547341428998194,0.16752896123953412
recent_targets,model_all_blocks_common,INDEPENDENT_BRIDGE,core,3,annual_block_error,31,-0.01629736091239675,0.2306203125499985,0.19887747740277606
recent_targets,model_all_blocks_common,INDEPENDENT_BRIDGE,core,4,annual_block_error,31,-0.006000871442169936,0.2766312953340656,0.23062467743020137
recent_targets,model_all_blocks_common,INDEPENDENT_BRIDGE,core,5,annual_block_error,31,0.011331279071723266,0.3657291743112836,0.3024804952300049
recent_targets,model_all_blocks_common,INDEPENDENT_BRIDGE,core,6,annual_block_error,31,0.0318160942753465,0.4565088394553838,0.3968457853634708
recent_targets,model_all_blocks_common,INDEPENDENT_BRIDGE,core,7,annual_block_error,31,0.01663329896159888,0.5233470634101157,0.44254600354915025
recent_targets,model_all_blocks_common,INDEPENDENT_BRIDGE,core,8,annual_block_error,31,0.019611770455072917,0.5972812731366696,0.47851910030629163
recent_targets,model_all_blocks_common,INDEPENDENT_BRIDGE,core,9,annual_block_error,31,0.10034309925362533,0.7227643232239891,0.5761669857035251
recent_targets,model_all_blocks_common,INDEPENDENT_BRIDGE,core,10,annual_block_error,31,0.17311860181801636,0.8424795624336214,0.641167135457647
recent_targets,model_all_blocks_common,INDEPENDENT_BRIDGE,core,11,annual_block_error,31,0.2447037274892844,0.9620294340404896,0.7384076940553919
recent_targets,model_all_blocks_common,INDEPENDENT_BRIDGE,core,12,annual_block_error,31,0.41544537507854,1.2576331956796574,0.9333633510670104
recent_targets,model_all_blocks_common,INDEPENDENT_BRIDGE,food,1,annual_block_error,31,0.029921290574767955,0.16878630970712766,0.13289056825377046
recent_targets,model_all_blocks_common,INDEPENDENT_BRIDGE,food,2,annual_block_error,31,0.06398862783756971,0.23788778792934598,0.18355489572808162
recent_targets,model_all_blocks_common,INDEPENDENT_BRIDGE,food,3,annual_block_error,31,0.09187070636270536,0.2985584725048618,0.2384890602833256
recent_targets,model_all_blocks_common,INDEPENDENT_BRIDGE,food,4,annual_block_error,31,0.1738856700833806,0.36433764043754113,0.3046458886922636
recent_targets,model_all_blocks_common,INDEPENDENT_BRIDGE,food,5,annual_block_error,31,0.2709500946340919,0.4660455132113699,0.392284102623108
recent_targets,model_all_blocks_common,INDEPENDENT_BRIDGE,food,6,annual_block_error,31,0.3718814752358106,0.5886925406630421,0.49928465740276967
recent_targets,model_all_blocks_common,INDEPENDENT_BRIDGE,food,7,annual_block_error,31,0.4468901543758788,0.6685750101903905,0.5664572105737115
recent_targets,model_all_blocks_common,INDEPENDENT_BRIDGE,food,8,annual_block_error,31,0.5295830097103552,0.7592952287269972,0.6459540883915795
recent_targets,model_all_blocks_common,INDEPENDENT_BRIDGE,food,9,annual_block_error,31,0.6178172921941033,0.8482385734265667,0.6971116752094961
recent_targets,model_all_blocks_common,INDEPENDENT_BRIDGE,food,10,annual_block_error,31,0.71542991979669,0.9706092828538677,0.7886102331133903
recent_targets,model_all_blocks_common,INDEPENDENT_BRIDGE,food,11,annual_block_error,31,0.8192705960169021,1.0906225488931263,0.8732556752510464
recent_targets,model_all_blocks_common,INDEPENDENT_BRIDGE,food,12,annual_block_error,31,0.9129700376026311,1.18035150834665,0.9625537427611578
recent_targets,model_all_blocks_common,INDEPENDENT_BRIDGE,fuel,1,annual_block_error,31,0.0014904051664652942,0.15104096916797058,0.09741344382911014
recent_targets,model_all_blocks_common,INDEPENDENT_BRIDGE,fuel,2,annual_block_error,31,0.005803954605377107,0.24903365298367466,0.173171962881191
recent_targets,model_all_blocks_common,INDEPENDENT_BRIDGE,fuel,3,annual_block_error,31,0.002899794238952849,0.30416065924369323,0.2105355444475412
recent_targets,model_all_blocks_common,INDEPENDENT_BRIDGE,fuel,4,annual_block_error,31,0.0003382285752098345,0.3289056520339232,0.23562932191444128
recent_targets,model_all_blocks_common,INDEPENDENT_BRIDGE,fuel,5,annual_block_error,31,0.0025571047404662423,0.3506590677394222,0.2569551638639023
recent_targets,model_all_blocks_common,INDEPENDENT_BRIDGE,fuel,6,annual_block_error,31,0.015557879039835961,0.36059051689490196,0.25554071142328383
recent_targets,model_all_blocks_common,INDEPENDENT_BRIDGE,fuel,7,annual_block_error,31,0.029217451221432832,0.3686012163246984,0.27877303660021896
recent_targets,model_all_blocks_common,INDEPENDENT_BRIDGE,fuel,8,annual_block_error,31,0.04124687923302037,0.3780652393137458,0.3115759156015607
recent_targets,model_all_blocks_common,INDEPENDENT_BRIDGE,fuel,9,annual_block_error,31,0.05935556643773063,0.39267723634813695,0.3420037300568299
recent_targets,model_all_blocks_common,INDEPENDENT_BRIDGE,fuel,10,annual_block_error,31,0.08227934461968339,0.4056634949774415,0.3637166632462155
recent_targets,model_all_blocks_common,INDEPENDENT_BRIDGE,fuel,11,annual_block_error,31,0.10666164165625601,0.4181283371728405,0.3704077983385433
recent_targets,model_all_blocks_common,INDEPENDENT_BRIDGE,fuel,12,annual_block_error,31,0.13084838900270676,0.4250793634566608,0.3672964574848729
recent_targets,all_models_all_blocks_common,INDEPENDENT_BRIDGE,administered,1,annual_block_error,31,-0.006909639392553545,0.147585057714733,0.0600035047353285
recent_targets,all_models_all_blocks_common,INDEPENDENT_BRIDGE,administered,2,annual_block_error,31,-0.015707656241808407,0.22049691290915738,0.11297583449662647
recent_targets,all_models_all_blocks_common,INDEPENDENT_BRIDGE,administered,3,annual_block_error,31,-0.028941761272433232,0.29573506214224765,0.16152991817258763
recent_targets,all_models_all_blocks_common,INDEPENDENT_BRIDGE,administered,4,annual_block_error,31,-0.036827241736444284,0.3435582447984044,0.202977926061279
recent_targets,all_models_all_blocks_common,INDEPENDENT_BRIDGE,administered,5,annual_block_error,31,-0.03735659016650636,0.37437033826911875,0.23370224459088665
recent_targets,all_models_all_blocks_common,INDEPENDENT_BRIDGE,administered,6,annual_block_error,31,-0.03926155020618091,0.4045389313757008,0.2707507414069044
recent_targets,all_models_all_blocks_common,INDEPENDENT_BRIDGE,administered,7,annual_block_error,31,-0.040742015181201234,0.4256880205828507,0.3080589033000173
recent_targets,all_models_all_blocks_common,INDEPENDENT_BRIDGE,administered,8,annual_block_error,31,-0.052139691330914915,0.4453305834676569,0.3380545512173963
recent_targets,all_models_all_blocks_common,INDEPENDENT_BRIDGE,administered,9,annual_block_error,31,-0.06574703585668192,0.4660645049592249,0.37014257988191335
recent_targets,all_models_all_blocks_common,INDEPENDENT_BRIDGE,administered,10,annual_block_error,31,-0.08416291485771889,0.48922266498289263,0.3988897155882142
recent_targets,all_models_all_blocks_common,INDEPENDENT_BRIDGE,administered,11,annual_block_error,31,-0.10376112660960028,0.5134963377727441,0.42597354225091827
recent_targets,all_models_all_blocks_common,INDEPENDENT_BRIDGE,administered,12,annual_block_error,31,-0.12524408606991286,0.5372326691061311,0.4541286620145576
recent_targets,all_models_all_blocks_common,INDEPENDENT_BRIDGE,alcohol_tobacco,1,annual_block_error,31,0.0047501377869634195,0.0729028277377676,0.060570133085930525
recent_targets,all_models_all_blocks_common,INDEPENDENT_BRIDGE,alcohol_tobacco,2,annual_block_error,31,0.010699684289507273,0.080568526293003,0.06690086239049636
recent_targets,all_models_all_blocks_common,INDEPENDENT_BRIDGE,alcohol_tobacco,3,annual_block_error,31,0.01644906201901043,0.06895989937207858,0.05538380663202528
recent_targets,all_models_all_blocks_common,INDEPENDENT_BRIDGE,alcohol_tobacco,4,annual_block_error,31,0.021456428250784962,0.07317132016375343,0.05661039125699249
recent_targets,all_models_all_blocks_common,INDEPENDENT_BRIDGE,alcohol_tobacco,5,annual_block_error,31,0.029916634396782594,0.08192737498674052,0.06626416218746965
recent_targets,all_models_all_blocks_common,INDEPENDENT_BRIDGE,alcohol_tobacco,6,annual_block_error,31,0.03317025536929705,0.08655215321462835,0.07557916921633348
recent_targets,all_models_all_blocks_common,INDEPENDENT_BRIDGE,alcohol_tobacco,7,annual_block_error,31,0.03308425001066292,0.08248461900832607,0.06845170771292663
recent_targets,all_models_all_blocks_common,INDEPENDENT_BRIDGE,alcohol_tobacco,8,annual_block_error,31,0.03642014677579479,0.08294343641473473,0.06663686623130048
recent_targets,all_models_all_blocks_common,INDEPENDENT_BRIDGE,alcohol_tobacco,9,annual_block_error,31,0.03791762888503465,0.08207007491408679,0.0682174403419445
recent_targets,all_models_all_blocks_common,INDEPENDENT_BRIDGE,alcohol_tobacco,10,annual_block_error,31,0.040701118824821254,0.08875720617340091,0.07315995277336128
recent_targets,all_models_all_blocks_common,INDEPENDENT_BRIDGE,alcohol_tobacco,11,annual_block_error,31,0.04760116502797083,0.09328820990566299,0.07319215602220339
recent_targets,all_models_all_blocks_common,INDEPENDENT_BRIDGE,alcohol_tobacco,12,annual_block_error,31,0.051636539210642464,0.10016324884848307,0.07942386531824677
recent_targets,all_models_all_blocks_common,INDEPENDENT_BRIDGE,core,1,annual_block_error,31,-0.01484197271505702,0.1222251162080954,0.10177308610708025
recent_targets,all_models_all_blocks_common,INDEPENDENT_BRIDGE,core,2,annual_block_error,31,-0.01877189932754667,0.19547341428998194,0.16752896123953412
recent_targets,all_models_all_blocks_common,INDEPENDENT_BRIDGE,core,3,annual_block_error,31,-0.01629736091239675,0.2306203125499985,0.19887747740277606
recent_targets,all_models_all_blocks_common,INDEPENDENT_BRIDGE,core,4,annual_block_error,31,-0.006000871442169936,0.2766312953340656,0.23062467743020137
recent_targets,all_models_all_blocks_common,INDEPENDENT_BRIDGE,core,5,annual_block_error,31,0.011331279071723266,0.3657291743112836,0.3024804952300049
recent_targets,all_models_all_blocks_common,INDEPENDENT_BRIDGE,core,6,annual_block_error,31,0.0318160942753465,0.4565088394553838,0.3968457853634708
recent_targets,all_models_all_blocks_common,INDEPENDENT_BRIDGE,core,7,annual_block_error,31,0.01663329896159888,0.5233470634101157,0.44254600354915025
recent_targets,all_models_all_blocks_common,INDEPENDENT_BRIDGE,core,8,annual_block_error,31,0.019611770455072917,0.5972812731366696,0.47851910030629163
recent_targets,all_models_all_blocks_common,INDEPENDENT_BRIDGE,core,9,annual_block_error,31,0.10034309925362533,0.7227643232239891,0.5761669857035251
recent_targets,all_models_all_blocks_common,INDEPENDENT_BRIDGE,core,10,annual_block_error,31,0.17311860181801636,0.8424795624336214,0.641167135457647
recent_targets,all_models_all_blocks_common,INDEPENDENT_BRIDGE,core,11,annual_block_error,31,0.2447037274892844,0.9620294340404896,0.7384076940553919
recent_targets,all_models_all_blocks_common,INDEPENDENT_BRIDGE,core,12,annual_block_error,31,0.41544537507854,1.2576331956796574,0.9333633510670104
recent_targets,all_models_all_blocks_common,INDEPENDENT_BRIDGE,food,1,annual_block_error,31,0.029921290574767955,0.16878630970712766,0.13289056825377046
recent_targets,all_models_all_blocks_common,INDEPENDENT_BRIDGE,food,2,annual_block_error,31,0.06398862783756971,0.23788778792934598,0.18355489572808162
recent_targets,all_models_all_blocks_common,INDEPENDENT_BRIDGE,food,3,annual_block_error,31,0.09187070636270536,0.2985584725048618,0.2384890602833256
recent_targets,all_models_all_blocks_common,INDEPENDENT_BRIDGE,food,4,annual_block_error,31,0.1738856700833806,0.36433764043754113,0.3046458886922636
recent_targets,all_models_all_blocks_common,INDEPENDENT_BRIDGE,food,5,annual_block_error,31,0.2709500946340919,0.4660455132113699,0.392284102623108
recent_targets,all_models_all_blocks_common,INDEPENDENT_BRIDGE,food,6,annual_block_error,31,0.3718814752358106,0.5886925406630421,0.49928465740276967
recent_targets,all_models_all_blocks_common,INDEPENDENT_BRIDGE,food,7,annual_block_error,31,0.4468901543758788,0.6685750101903905,0.5664572105737115
recent_targets,all_models_all_blocks_common,INDEPENDENT_BRIDGE,food,8,annual_block_error,31,0.5295830097103552,0.7592952287269972,0.6459540883915795
recent_targets,all_models_all_blocks_common,INDEPENDENT_BRIDGE,food,9,annual_block_error,31,0.6178172921941033,0.8482385734265667,0.6971116752094961
recent_targets,all_models_all_blocks_common,INDEPENDENT_BRIDGE,food,10,annual_block_error,31,0.71542991979669,0.9706092828538677,0.7886102331133903
recent_targets,all_models_all_blocks_common,INDEPENDENT_BRIDGE,food,11,annual_block_error,31,0.8192705960169021,1.0906225488931263,0.8732556752510464
recent_targets,all_models_all_blocks_common,INDEPENDENT_BRIDGE,food,12,annual_block_error,31,0.9129700376026311,1.18035150834665,0.9625537427611578
recent_targets,all_models_all_blocks_common,INDEPENDENT_BRIDGE,fuel,1,annual_block_error,31,0.0014904051664652942,0.15104096916797058,0.09741344382911014
recent_targets,all_models_all_blocks_common,INDEPENDENT_BRIDGE,fuel,2,annual_block_error,31,0.005803954605377107,0.24903365298367466,0.173171962881191
recent_targets,all_models_all_blocks_common,INDEPENDENT_BRIDGE,fuel,3,annual_block_error,31,0.002899794238952849,0.30416065924369323,0.2105355444475412
recent_targets,all_models_all_blocks_common,INDEPENDENT_BRIDGE,fuel,4,annual_block_error,31,0.0003382285752098345,0.3289056520339232,0.23562932191444128
recent_targets,all_models_all_blocks_common,INDEPENDENT_BRIDGE,fuel,5,annual_block_error,31,0.0025571047404662423,0.3506590677394222,0.2569551638639023
recent_targets,all_models_all_blocks_common,INDEPENDENT_BRIDGE,fuel,6,annual_block_error,31,0.015557879039835961,0.36059051689490196,0.25554071142328383
recent_targets,all_models_all_blocks_common,INDEPENDENT_BRIDGE,fuel,7,annual_block_error,31,0.029217451221432832,0.3686012163246984,0.27877303660021896
recent_targets,all_models_all_blocks_common,INDEPENDENT_BRIDGE,fuel,8,annual_block_error,31,0.04124687923302037,0.3780652393137458,0.3115759156015607
recent_targets,all_models_all_blocks_common,INDEPENDENT_BRIDGE,fuel,9,annual_block_error,31,0.05935556643773063,0.39267723634813695,0.3420037300568299
recent_targets,all_models_all_blocks_common,INDEPENDENT_BRIDGE,fuel,10,annual_block_error,31,0.08227934461968339,0.4056634949774415,0.3637166632462155
recent_targets,all_models_all_blocks_common,INDEPENDENT_BRIDGE,fuel,11,annual_block_error,31,0.10666164165625601,0.4181283371728405,0.3704077983385433
recent_targets,all_models_all_blocks_common,INDEPENDENT_BRIDGE,fuel,12,annual_block_error,31,0.13084838900270676,0.4250793634566608,0.3672964574848729
recent_targets,own_coverage,INDEPENDENT_BRIDGE,administered,1,annual_other_error,31,0.015972874369077298,0.37857627409827505,0.30123882899647597
recent_targets,own_coverage,INDEPENDENT_BRIDGE,administered,2,annual_other_error,31,0.030850584722868175,0.5114243858965952,0.40814985876844995
recent_targets,own_coverage,INDEPENDENT_BRIDGE,administered,3,annual_other_error,31,0.047198708697478255,0.5674789125181794,0.48511232003205007
recent_targets,own_coverage,INDEPENDENT_BRIDGE,administered,4,annual_other_error,31,0.13763376097136154,0.6049212161432614,0.4910039910836546
recent_targets,own_coverage,INDEPENDENT_BRIDGE,administered,5,annual_other_error,31,0.25105308296175544,0.7302032524560018,0.5590558966194716
recent_targets,own_coverage,INDEPENDENT_BRIDGE,administered,6,annual_other_error,31,0.3659920851931066,0.8625420732661575,0.6371786047030209
recent_targets,own_coverage,INDEPENDENT_BRIDGE,administered,7,annual_other_error,31,0.4126340482734014,0.9460534835868016,0.7442479459643986
recent_targets,own_coverage,INDEPENDENT_BRIDGE,administered,8,annual_other_error,31,0.5002785346581552,1.0222398893001379,0.8331118396817645
recent_targets,own_coverage,INDEPENDENT_BRIDGE,administered,9,annual_other_error,31,0.6866649947727735,1.312230803837063,0.9855881566986668
recent_targets,own_coverage,INDEPENDENT_BRIDGE,administered,10,annual_other_error,31,0.8781613280214866,1.6227194979346993,1.228619313422784
recent_targets,own_coverage,INDEPENDENT_BRIDGE,administered,11,annual_other_error,31,1.0630688372693848,1.8731035580311255,1.41298851523601
recent_targets,own_coverage,INDEPENDENT_BRIDGE,administered,12,annual_other_error,31,1.3052811650067835,2.1314644008824915,1.605089664952871
recent_targets,own_coverage,INDEPENDENT_BRIDGE,alcohol_tobacco,1,annual_other_error,31,0.004313097189560332,0.3512927917044175,0.26807632356286293
recent_targets,own_coverage,INDEPENDENT_BRIDGE,alcohol_tobacco,2,annual_other_error,31,0.004443244191552502,0.4944396537062462,0.40098198816788583
recent_targets,own_coverage,INDEPENDENT_BRIDGE,alcohol_tobacco,3,annual_other_error,31,0.0018078854060345896,0.5289820932395132,0.4481275447873414
recent_targets,own_coverage,INDEPENDENT_BRIDGE,alcohol_tobacco,4,annual_other_error,31,0.07935009098413233,0.538414374987233,0.4489811051123651
recent_targets,own_coverage,INDEPENDENT_BRIDGE,alcohol_tobacco,5,annual_other_error,31,0.1837798583984665,0.6377712487091091,0.4923512672579254
recent_targets,own_coverage,INDEPENDENT_BRIDGE,alcohol_tobacco,6,annual_other_error,31,0.2935602796176286,0.7268179489411342,0.5631288207688221
recent_targets,own_coverage,INDEPENDENT_BRIDGE,alcohol_tobacco,7,annual_other_error,31,0.33880778308153725,0.8104308337236803,0.6528033434350128
recent_targets,own_coverage,INDEPENDENT_BRIDGE,alcohol_tobacco,8,annual_other_error,31,0.41171869655144555,0.8871283043175789,0.7627929548996915
recent_targets,own_coverage,INDEPENDENT_BRIDGE,alcohol_tobacco,9,annual_other_error,31,0.583000330031057,1.1707072272339527,0.9212593750139588
recent_targets,own_coverage,INDEPENDENT_BRIDGE,alcohol_tobacco,10,annual_other_error,31,0.7532972943389464,1.4580066509312113,1.1166614464813924
recent_targets,own_coverage,INDEPENDENT_BRIDGE,alcohol_tobacco,11,annual_other_error,31,0.9117065456318139,1.6576908951854434,1.2939067079155682
recent_targets,own_coverage,INDEPENDENT_BRIDGE,alcohol_tobacco,12,annual_other_error,31,1.1284005397262278,1.861810405009603,1.4704188332660386
recent_targets,own_coverage,INDEPENDENT_BRIDGE,core,1,annual_other_error,31,0.023905207691580773,0.3288258131586402,0.2548902681654602
recent_targets,own_coverage,INDEPENDENT_BRIDGE,core,2,annual_other_error,31,0.03391482780860643,0.43934472660097296,0.34003254259981286
recent_targets,own_coverage,INDEPENDENT_BRIDGE,core,3,annual_other_error,31,0.034554308337441775,0.46514389226485214,0.3710994387762051
recent_targets,own_coverage,INDEPENDENT_BRIDGE,core,4,annual_other_error,31,0.10680739067708724,0.43468052014031566,0.3544397401104964
recent_targets,own_coverage,INDEPENDENT_BRIDGE,core,5,annual_other_error,31,0.20236521372352578,0.47696317327363846,0.3911625814205414
recent_targets,own_coverage,INDEPENDENT_BRIDGE,core,6,annual_other_error,31,0.2949144407115792,0.5307798567364789,0.4484390678467147
recent_targets,own_coverage,INDEPENDENT_BRIDGE,core,7,annual_other_error,31,0.3552587341306012,0.5829293278189082,0.47349708840724003
recent_targets,own_coverage,INDEPENDENT_BRIDGE,core,8,annual_other_error,31,0.4285270728721674,0.6315083794285519,0.532091431609162
recent_targets,own_coverage,INDEPENDENT_BRIDGE,core,9,annual_other_error,31,0.5205748596624664,0.7328400059596863,0.61794097834617
recent_targets,own_coverage,INDEPENDENT_BRIDGE,core,10,annual_other_error,31,0.6208798113457513,0.8745746821027884,0.7482589782835587
recent_targets,own_coverage,INDEPENDENT_BRIDGE,core,11,annual_other_error,31,0.7146039831705004,0.9666944422912157,0.8014706568127934
recent_targets,own_coverage,INDEPENDENT_BRIDGE,core,12,annual_other_error,31,0.7645917038583303,0.9707662292013295,0.8035151388071411
recent_targets,own_coverage,INDEPENDENT_BRIDGE,food,1,annual_other_error,31,-0.0208580555982442,0.32869505373119856,0.26600631364093397
recent_targets,own_coverage,INDEPENDENT_BRIDGE,food,2,annual_other_error,31,-0.04884569935650994,0.4451844065564663,0.36990434122943683
recent_targets,own_coverage,INDEPENDENT_BRIDGE,food,3,annual_other_error,31,-0.07361375893766034,0.5069224403039304,0.43172306242827635
recent_targets,own_coverage,INDEPENDENT_BRIDGE,food,4,annual_other_error,31,-0.07307915084846334,0.5389902401061271,0.450024808989019
recent_targets,own_coverage,INDEPENDENT_BRIDGE,food,5,annual_other_error,31,-0.05725360183884292,0.5880695977295766,0.5269991151363196
recent_targets,own_coverage,INDEPENDENT_BRIDGE,food,6,annual_other_error,31,-0.045150940248884976,0.6240980035477365,0.5501656860214955
recent_targets,own_coverage,INDEPENDENT_BRIDGE,food,7,annual_other_error,31,-0.07499812128367876,0.6932947885932662,0.5820844960593544
recent_targets,own_coverage,INDEPENDENT_BRIDGE,food,8,annual_other_error,31,-0.08144416638311494,0.7251297215082595,0.6061147402362534
recent_targets,own_coverage,INDEPENDENT_BRIDGE,food,9,annual_other_error,31,0.0031006667219884093,0.8703223195892514,0.7431560681709698
recent_targets,own_coverage,INDEPENDENT_BRIDGE,food,10,annual_other_error,31,0.07856849336707777,0.9890616569494106,0.8504132899714173
recent_targets,own_coverage,INDEPENDENT_BRIDGE,food,11,annual_other_error,31,0.1400371146428825,1.0376727242543087,0.9070802017356606
recent_targets,own_coverage,INDEPENDENT_BRIDGE,food,12,annual_other_error,31,0.26706704133423914,1.0874977063286788,0.9169634945387016
recent_targets,own_coverage,INDEPENDENT_BRIDGE,fuel,1,annual_other_error,31,0.0075728298100584575,0.2999098998273722,0.23135395921860866
recent_targets,own_coverage,INDEPENDENT_BRIDGE,fuel,2,annual_other_error,31,0.009338973875682667,0.4147547873887246,0.3099397907970459
recent_targets,own_coverage,INDEPENDENT_BRIDGE,fuel,3,annual_other_error,31,0.015357153186092156,0.4695638156794314,0.35988012545225806
recent_targets,own_coverage,INDEPENDENT_BRIDGE,fuel,4,annual_other_error,31,0.10046829065970746,0.5247407950423152,0.4352466280798467
recent_targets,own_coverage,INDEPENDENT_BRIDGE,fuel,5,annual_other_error,31,0.21113938805478283,0.6493091817359286,0.5450274987959652
recent_targets,own_coverage,INDEPENDENT_BRIDGE,fuel,6,annual_other_error,31,0.3111726559470897,0.7926149732968298,0.6506928340050071
recent_targets,own_coverage,INDEPENDENT_BRIDGE,fuel,7,annual_other_error,31,0.3426745818707673,0.9314481909677017,0.7610741730212142
recent_targets,own_coverage,INDEPENDENT_BRIDGE,fuel,8,annual_other_error,31,0.40689196409421996,1.0355766794818544,0.8639677020405059
recent_targets,own_coverage,INDEPENDENT_BRIDGE,fuel,9,annual_other_error,31,0.561562392478361,1.2541882366735264,1.0185395516285984
recent_targets,own_coverage,INDEPENDENT_BRIDGE,fuel,10,annual_other_error,31,0.7117190685440843,1.5135315057154015,1.2317960057733466
recent_targets,own_coverage,INDEPENDENT_BRIDGE,fuel,11,annual_other_error,31,0.8526460690035287,1.707342715712854,1.3738597343407488
recent_targets,own_coverage,INDEPENDENT_BRIDGE,fuel,12,annual_other_error,31,1.0491886899341636,1.8961228813351865,1.5779513592911343
recent_targets,model_all_blocks_common,INDEPENDENT_BRIDGE,administered,1,annual_other_error,31,0.015972874369077298,0.37857627409827505,0.30123882899647597
recent_targets,model_all_blocks_common,INDEPENDENT_BRIDGE,administered,2,annual_other_error,31,0.030850584722868175,0.5114243858965952,0.40814985876844995
recent_targets,model_all_blocks_common,INDEPENDENT_BRIDGE,administered,3,annual_other_error,31,0.047198708697478255,0.5674789125181794,0.48511232003205007
recent_targets,model_all_blocks_common,INDEPENDENT_BRIDGE,administered,4,annual_other_error,31,0.13763376097136154,0.6049212161432614,0.4910039910836546
recent_targets,model_all_blocks_common,INDEPENDENT_BRIDGE,administered,5,annual_other_error,31,0.25105308296175544,0.7302032524560018,0.5590558966194716
recent_targets,model_all_blocks_common,INDEPENDENT_BRIDGE,administered,6,annual_other_error,31,0.3659920851931066,0.8625420732661575,0.6371786047030209
recent_targets,model_all_blocks_common,INDEPENDENT_BRIDGE,administered,7,annual_other_error,31,0.4126340482734014,0.9460534835868016,0.7442479459643986
recent_targets,model_all_blocks_common,INDEPENDENT_BRIDGE,administered,8,annual_other_error,31,0.5002785346581552,1.0222398893001379,0.8331118396817645
recent_targets,model_all_blocks_common,INDEPENDENT_BRIDGE,administered,9,annual_other_error,31,0.6866649947727735,1.312230803837063,0.9855881566986668
recent_targets,model_all_blocks_common,INDEPENDENT_BRIDGE,administered,10,annual_other_error,31,0.8781613280214866,1.6227194979346993,1.228619313422784
recent_targets,model_all_blocks_common,INDEPENDENT_BRIDGE,administered,11,annual_other_error,31,1.0630688372693848,1.8731035580311255,1.41298851523601
recent_targets,model_all_blocks_common,INDEPENDENT_BRIDGE,administered,12,annual_other_error,31,1.3052811650067835,2.1314644008824915,1.605089664952871
recent_targets,model_all_blocks_common,INDEPENDENT_BRIDGE,alcohol_tobacco,1,annual_other_error,31,0.004313097189560332,0.3512927917044175,0.26807632356286293
recent_targets,model_all_blocks_common,INDEPENDENT_BRIDGE,alcohol_tobacco,2,annual_other_error,31,0.004443244191552502,0.4944396537062462,0.40098198816788583
recent_targets,model_all_blocks_common,INDEPENDENT_BRIDGE,alcohol_tobacco,3,annual_other_error,31,0.0018078854060345896,0.5289820932395132,0.4481275447873414
recent_targets,model_all_blocks_common,INDEPENDENT_BRIDGE,alcohol_tobacco,4,annual_other_error,31,0.07935009098413233,0.538414374987233,0.4489811051123651
recent_targets,model_all_blocks_common,INDEPENDENT_BRIDGE,alcohol_tobacco,5,annual_other_error,31,0.1837798583984665,0.6377712487091091,0.4923512672579254
recent_targets,model_all_blocks_common,INDEPENDENT_BRIDGE,alcohol_tobacco,6,annual_other_error,31,0.2935602796176286,0.7268179489411342,0.5631288207688221
recent_targets,model_all_blocks_common,INDEPENDENT_BRIDGE,alcohol_tobacco,7,annual_other_error,31,0.33880778308153725,0.8104308337236803,0.6528033434350128
recent_targets,model_all_blocks_common,INDEPENDENT_BRIDGE,alcohol_tobacco,8,annual_other_error,31,0.41171869655144555,0.8871283043175789,0.7627929548996915
recent_targets,model_all_blocks_common,INDEPENDENT_BRIDGE,alcohol_tobacco,9,annual_other_error,31,0.583000330031057,1.1707072272339527,0.9212593750139588
recent_targets,model_all_blocks_common,INDEPENDENT_BRIDGE,alcohol_tobacco,10,annual_other_error,31,0.7532972943389464,1.4580066509312113,1.1166614464813924
recent_targets,model_all_blocks_common,INDEPENDENT_BRIDGE,alcohol_tobacco,11,annual_other_error,31,0.9117065456318139,1.6576908951854434,1.2939067079155682
recent_targets,model_all_blocks_common,INDEPENDENT_BRIDGE,alcohol_tobacco,12,annual_other_error,31,1.1284005397262278,1.861810405009603,1.4704188332660386
recent_targets,model_all_blocks_common,INDEPENDENT_BRIDGE,core,1,annual_other_error,31,0.023905207691580773,0.3288258131586402,0.2548902681654602
recent_targets,model_all_blocks_common,INDEPENDENT_BRIDGE,core,2,annual_other_error,31,0.03391482780860643,0.43934472660097296,0.34003254259981286
recent_targets,model_all_blocks_common,INDEPENDENT_BRIDGE,core,3,annual_other_error,31,0.034554308337441775,0.46514389226485214,0.3710994387762051
recent_targets,model_all_blocks_common,INDEPENDENT_BRIDGE,core,4,annual_other_error,31,0.10680739067708724,0.43468052014031566,0.3544397401104964
recent_targets,model_all_blocks_common,INDEPENDENT_BRIDGE,core,5,annual_other_error,31,0.20236521372352578,0.47696317327363846,0.3911625814205414
recent_targets,model_all_blocks_common,INDEPENDENT_BRIDGE,core,6,annual_other_error,31,0.2949144407115792,0.5307798567364789,0.4484390678467147
recent_targets,model_all_blocks_common,INDEPENDENT_BRIDGE,core,7,annual_other_error,31,0.3552587341306012,0.5829293278189082,0.47349708840724003
recent_targets,model_all_blocks_common,INDEPENDENT_BRIDGE,core,8,annual_other_error,31,0.4285270728721674,0.6315083794285519,0.532091431609162
recent_targets,model_all_blocks_common,INDEPENDENT_BRIDGE,core,9,annual_other_error,31,0.5205748596624664,0.7328400059596863,0.61794097834617
recent_targets,model_all_blocks_common,INDEPENDENT_BRIDGE,core,10,annual_other_error,31,0.6208798113457513,0.8745746821027884,0.7482589782835587
recent_targets,model_all_blocks_common,INDEPENDENT_BRIDGE,core,11,annual_other_error,31,0.7146039831705004,0.9666944422912157,0.8014706568127934
recent_targets,model_all_blocks_common,INDEPENDENT_BRIDGE,core,12,annual_other_error,31,0.7645917038583303,0.9707662292013295,0.8035151388071411
recent_targets,model_all_blocks_common,INDEPENDENT_BRIDGE,food,1,annual_other_error,31,-0.0208580555982442,0.32869505373119856,0.26600631364093397
recent_targets,model_all_blocks_common,INDEPENDENT_BRIDGE,food,2,annual_other_error,31,-0.04884569935650994,0.4451844065564663,0.36990434122943683
recent_targets,model_all_blocks_common,INDEPENDENT_BRIDGE,food,3,annual_other_error,31,-0.07361375893766034,0.5069224403039304,0.43172306242827635
recent_targets,model_all_blocks_common,INDEPENDENT_BRIDGE,food,4,annual_other_error,31,-0.07307915084846334,0.5389902401061271,0.450024808989019
recent_targets,model_all_blocks_common,INDEPENDENT_BRIDGE,food,5,annual_other_error,31,-0.05725360183884292,0.5880695977295766,0.5269991151363196
recent_targets,model_all_blocks_common,INDEPENDENT_BRIDGE,food,6,annual_other_error,31,-0.045150940248884976,0.6240980035477365,0.5501656860214955
recent_targets,model_all_blocks_common,INDEPENDENT_BRIDGE,food,7,annual_other_error,31,-0.07499812128367876,0.6932947885932662,0.5820844960593544
recent_targets,model_all_blocks_common,INDEPENDENT_BRIDGE,food,8,annual_other_error,31,-0.08144416638311494,0.7251297215082595,0.6061147402362534
recent_targets,model_all_blocks_common,INDEPENDENT_BRIDGE,food,9,annual_other_error,31,0.0031006667219884093,0.8703223195892514,0.7431560681709698
recent_targets,model_all_blocks_common,INDEPENDENT_BRIDGE,food,10,annual_other_error,31,0.07856849336707777,0.9890616569494106,0.8504132899714173
recent_targets,model_all_blocks_common,INDEPENDENT_BRIDGE,food,11,annual_other_error,31,0.1400371146428825,1.0376727242543087,0.9070802017356606
recent_targets,model_all_blocks_common,INDEPENDENT_BRIDGE,food,12,annual_other_error,31,0.26706704133423914,1.0874977063286788,0.9169634945387016
recent_targets,model_all_blocks_common,INDEPENDENT_BRIDGE,fuel,1,annual_other_error,31,0.0075728298100584575,0.2999098998273722,0.23135395921860866
recent_targets,model_all_blocks_common,INDEPENDENT_BRIDGE,fuel,2,annual_other_error,31,0.009338973875682667,0.4147547873887246,0.3099397907970459
recent_targets,model_all_blocks_common,INDEPENDENT_BRIDGE,fuel,3,annual_other_error,31,0.015357153186092156,0.4695638156794314,0.35988012545225806
recent_targets,model_all_blocks_common,INDEPENDENT_BRIDGE,fuel,4,annual_other_error,31,0.10046829065970746,0.5247407950423152,0.4352466280798467
recent_targets,model_all_blocks_common,INDEPENDENT_BRIDGE,fuel,5,annual_other_error,31,0.21113938805478283,0.6493091817359286,0.5450274987959652
recent_targets,model_all_blocks_common,INDEPENDENT_BRIDGE,fuel,6,annual_other_error,31,0.3111726559470897,0.7926149732968298,0.6506928340050071
recent_targets,model_all_blocks_common,INDEPENDENT_BRIDGE,fuel,7,annual_other_error,31,0.3426745818707673,0.9314481909677017,0.7610741730212142
recent_targets,model_all_blocks_common,INDEPENDENT_BRIDGE,fuel,8,annual_other_error,31,0.40689196409421996,1.0355766794818544,0.8639677020405059
recent_targets,model_all_blocks_common,INDEPENDENT_BRIDGE,fuel,9,annual_other_error,31,0.561562392478361,1.2541882366735264,1.0185395516285984
recent_targets,model_all_blocks_common,INDEPENDENT_BRIDGE,fuel,10,annual_other_error,31,0.7117190685440843,1.5135315057154015,1.2317960057733466
recent_targets,model_all_blocks_common,INDEPENDENT_BRIDGE,fuel,11,annual_other_error,31,0.8526460690035287,1.707342715712854,1.3738597343407488
recent_targets,model_all_blocks_common,INDEPENDENT_BRIDGE,fuel,12,annual_other_error,31,1.0491886899341636,1.8961228813351865,1.5779513592911343
recent_targets,all_models_all_blocks_common,INDEPENDENT_BRIDGE,administered,1,annual_other_error,31,0.015972874369077298,0.37857627409827505,0.30123882899647597
recent_targets,all_models_all_blocks_common,INDEPENDENT_BRIDGE,administered,2,annual_other_error,31,0.030850584722868175,0.5114243858965952,0.40814985876844995
recent_targets,all_models_all_blocks_common,INDEPENDENT_BRIDGE,administered,3,annual_other_error,31,0.047198708697478255,0.5674789125181794,0.48511232003205007
recent_targets,all_models_all_blocks_common,INDEPENDENT_BRIDGE,administered,4,annual_other_error,31,0.13763376097136154,0.6049212161432614,0.4910039910836546
recent_targets,all_models_all_blocks_common,INDEPENDENT_BRIDGE,administered,5,annual_other_error,31,0.25105308296175544,0.7302032524560018,0.5590558966194716
recent_targets,all_models_all_blocks_common,INDEPENDENT_BRIDGE,administered,6,annual_other_error,31,0.3659920851931066,0.8625420732661575,0.6371786047030209
recent_targets,all_models_all_blocks_common,INDEPENDENT_BRIDGE,administered,7,annual_other_error,31,0.4126340482734014,0.9460534835868016,0.7442479459643986
recent_targets,all_models_all_blocks_common,INDEPENDENT_BRIDGE,administered,8,annual_other_error,31,0.5002785346581552,1.0222398893001379,0.8331118396817645
recent_targets,all_models_all_blocks_common,INDEPENDENT_BRIDGE,administered,9,annual_other_error,31,0.6866649947727735,1.312230803837063,0.9855881566986668
recent_targets,all_models_all_blocks_common,INDEPENDENT_BRIDGE,administered,10,annual_other_error,31,0.8781613280214866,1.6227194979346993,1.228619313422784
recent_targets,all_models_all_blocks_common,INDEPENDENT_BRIDGE,administered,11,annual_other_error,31,1.0630688372693848,1.8731035580311255,1.41298851523601
recent_targets,all_models_all_blocks_common,INDEPENDENT_BRIDGE,administered,12,annual_other_error,31,1.3052811650067835,2.1314644008824915,1.605089664952871
recent_targets,all_models_all_blocks_common,INDEPENDENT_BRIDGE,alcohol_tobacco,1,annual_other_error,31,0.004313097189560332,0.3512927917044175,0.26807632356286293
recent_targets,all_models_all_blocks_common,INDEPENDENT_BRIDGE,alcohol_tobacco,2,annual_other_error,31,0.004443244191552502,0.4944396537062462,0.40098198816788583
recent_targets,all_models_all_blocks_common,INDEPENDENT_BRIDGE,alcohol_tobacco,3,annual_other_error,31,0.0018078854060345896,0.5289820932395132,0.4481275447873414
recent_targets,all_models_all_blocks_common,INDEPENDENT_BRIDGE,alcohol_tobacco,4,annual_other_error,31,0.07935009098413233,0.538414374987233,0.4489811051123651
recent_targets,all_models_all_blocks_common,INDEPENDENT_BRIDGE,alcohol_tobacco,5,annual_other_error,31,0.1837798583984665,0.6377712487091091,0.4923512672579254
recent_targets,all_models_all_blocks_common,INDEPENDENT_BRIDGE,alcohol_tobacco,6,annual_other_error,31,0.2935602796176286,0.7268179489411342,0.5631288207688221
recent_targets,all_models_all_blocks_common,INDEPENDENT_BRIDGE,alcohol_tobacco,7,annual_other_error,31,0.33880778308153725,0.8104308337236803,0.6528033434350128
recent_targets,all_models_all_blocks_common,INDEPENDENT_BRIDGE,alcohol_tobacco,8,annual_other_error,31,0.41171869655144555,0.8871283043175789,0.7627929548996915
recent_targets,all_models_all_blocks_common,INDEPENDENT_BRIDGE,alcohol_tobacco,9,annual_other_error,31,0.583000330031057,1.1707072272339527,0.9212593750139588
recent_targets,all_models_all_blocks_common,INDEPENDENT_BRIDGE,alcohol_tobacco,10,annual_other_error,31,0.7532972943389464,1.4580066509312113,1.1166614464813924
recent_targets,all_models_all_blocks_common,INDEPENDENT_BRIDGE,alcohol_tobacco,11,annual_other_error,31,0.9117065456318139,1.6576908951854434,1.2939067079155682
recent_targets,all_models_all_blocks_common,INDEPENDENT_BRIDGE,alcohol_tobacco,12,annual_other_error,31,1.1284005397262278,1.861810405009603,1.4704188332660386
recent_targets,all_models_all_blocks_common,INDEPENDENT_BRIDGE,core,1,annual_other_error,31,0.023905207691580773,0.3288258131586402,0.2548902681654602
recent_targets,all_models_all_blocks_common,INDEPENDENT_BRIDGE,core,2,annual_other_error,31,0.03391482780860643,0.43934472660097296,0.34003254259981286
recent_targets,all_models_all_blocks_common,INDEPENDENT_BRIDGE,core,3,annual_other_error,31,0.034554308337441775,0.46514389226485214,0.3710994387762051
recent_targets,all_models_all_blocks_common,INDEPENDENT_BRIDGE,core,4,annual_other_error,31,0.10680739067708724,0.43468052014031566,0.3544397401104964
recent_targets,all_models_all_blocks_common,INDEPENDENT_BRIDGE,core,5,annual_other_error,31,0.20236521372352578,0.47696317327363846,0.3911625814205414
recent_targets,all_models_all_blocks_common,INDEPENDENT_BRIDGE,core,6,annual_other_error,31,0.2949144407115792,0.5307798567364789,0.4484390678467147
recent_targets,all_models_all_blocks_common,INDEPENDENT_BRIDGE,core,7,annual_other_error,31,0.3552587341306012,0.5829293278189082,0.47349708840724003
recent_targets,all_models_all_blocks_common,INDEPENDENT_BRIDGE,core,8,annual_other_error,31,0.4285270728721674,0.6315083794285519,0.532091431609162
recent_targets,all_models_all_blocks_common,INDEPENDENT_BRIDGE,core,9,annual_other_error,31,0.5205748596624664,0.7328400059596863,0.61794097834617
recent_targets,all_models_all_blocks_common,INDEPENDENT_BRIDGE,core,10,annual_other_error,31,0.6208798113457513,0.8745746821027884,0.7482589782835587
recent_targets,all_models_all_blocks_common,INDEPENDENT_BRIDGE,core,11,annual_other_error,31,0.7146039831705004,0.9666944422912157,0.8014706568127934
recent_targets,all_models_all_blocks_common,INDEPENDENT_BRIDGE,core,12,annual_other_error,31,0.7645917038583303,0.9707662292013295,0.8035151388071411
recent_targets,all_models_all_blocks_common,INDEPENDENT_BRIDGE,food,1,annual_other_error,31,-0.0208580555982442,0.32869505373119856,0.26600631364093397
recent_targets,all_models_all_blocks_common,INDEPENDENT_BRIDGE,food,2,annual_other_error,31,-0.04884569935650994,0.4451844065564663,0.36990434122943683
recent_targets,all_models_all_blocks_common,INDEPENDENT_BRIDGE,food,3,annual_other_error,31,-0.07361375893766034,0.5069224403039304,0.43172306242827635
recent_targets,all_models_all_blocks_common,INDEPENDENT_BRIDGE,food,4,annual_other_error,31,-0.07307915084846334,0.5389902401061271,0.450024808989019
recent_targets,all_models_all_blocks_common,INDEPENDENT_BRIDGE,food,5,annual_other_error,31,-0.05725360183884292,0.5880695977295766,0.5269991151363196
recent_targets,all_models_all_blocks_common,INDEPENDENT_BRIDGE,food,6,annual_other_error,31,-0.045150940248884976,0.6240980035477365,0.5501656860214955
recent_targets,all_models_all_blocks_common,INDEPENDENT_BRIDGE,food,7,annual_other_error,31,-0.07499812128367876,0.6932947885932662,0.5820844960593544
recent_targets,all_models_all_blocks_common,INDEPENDENT_BRIDGE,food,8,annual_other_error,31,-0.08144416638311494,0.7251297215082595,0.6061147402362534
recent_targets,all_models_all_blocks_common,INDEPENDENT_BRIDGE,food,9,annual_other_error,31,0.0031006667219884093,0.8703223195892514,0.7431560681709698
recent_targets,all_models_all_blocks_common,INDEPENDENT_BRIDGE,food,10,annual_other_error,31,0.07856849336707777,0.9890616569494106,0.8504132899714173
recent_targets,all_models_all_blocks_common,INDEPENDENT_BRIDGE,food,11,annual_other_error,31,0.1400371146428825,1.0376727242543087,0.9070802017356606
recent_targets,all_models_all_blocks_common,INDEPENDENT_BRIDGE,food,12,annual_other_error,31,0.26706704133423914,1.0874977063286788,0.9169634945387016
recent_targets,all_models_all_blocks_common,INDEPENDENT_BRIDGE,fuel,1,annual_other_error,31,0.0075728298100584575,0.2999098998273722,0.23135395921860866
recent_targets,all_models_all_blocks_common,INDEPENDENT_BRIDGE,fuel,2,annual_other_error,31,0.009338973875682667,0.4147547873887246,0.3099397907970459
recent_targets,all_models_all_blocks_common,INDEPENDENT_BRIDGE,fuel,3,annual_other_error,31,0.015357153186092156,0.4695638156794314,0.35988012545225806
recent_targets,all_models_all_blocks_common,INDEPENDENT_BRIDGE,fuel,4,annual_other_error,31,0.10046829065970746,0.5247407950423152,0.4352466280798467
recent_targets,all_models_all_blocks_common,INDEPENDENT_BRIDGE,fuel,5,annual_other_error,31,0.21113938805478283,0.6493091817359286,0.5450274987959652
recent_targets,all_models_all_blocks_common,INDEPENDENT_BRIDGE,fuel,6,annual_other_error,31,0.3111726559470897,0.7926149732968298,0.6506928340050071
recent_targets,all_models_all_blocks_common,INDEPENDENT_BRIDGE,fuel,7,annual_other_error,31,0.3426745818707673,0.9314481909677017,0.7610741730212142
recent_targets,all_models_all_blocks_common,INDEPENDENT_BRIDGE,fuel,8,annual_other_error,31,0.40689196409421996,1.0355766794818544,0.8639677020405059
recent_targets,all_models_all_blocks_common,INDEPENDENT_BRIDGE,fuel,9,annual_other_error,31,0.561562392478361,1.2541882366735264,1.0185395516285984
recent_targets,all_models_all_blocks_common,INDEPENDENT_BRIDGE,fuel,10,annual_other_error,31,0.7117190685440843,1.5135315057154015,1.2317960057733466
recent_targets,all_models_all_blocks_common,INDEPENDENT_BRIDGE,fuel,11,annual_other_error,31,0.8526460690035287,1.707342715712854,1.3738597343407488
recent_targets,all_models_all_blocks_common,INDEPENDENT_BRIDGE,fuel,12,annual_other_error,31,1.0491886899341636,1.8961228813351865,1.5779513592911343
recent_origins,own_coverage,INDEPENDENT_BRIDGE,administered,1,monthly_error,30,0.09833333333333334,0.35178118198675723,0.21166666666666664
recent_origins,own_coverage,INDEPENDENT_BRIDGE,administered,2,monthly_error,29,0.09827586206896552,0.357312767464449,0.2155172413793103
recent_origins,own_coverage,INDEPENDENT_BRIDGE,administered,3,monthly_error,28,0.12321428571428572,0.3455068740271313,0.20178571428571426
recent_origins,own_coverage,INDEPENDENT_BRIDGE,administered,4,monthly_error,27,0.1314814814814815,0.3513202611947195,0.20555555555555555
recent_origins,own_coverage,INDEPENDENT_BRIDGE,administered,5,monthly_error,26,0.13076923076923078,0.3568020351787421,0.20769230769230768
recent_origins,own_coverage,INDEPENDENT_BRIDGE,administered,6,monthly_error,25,0.132,0.363318042491699,0.212
recent_origins,own_coverage,INDEPENDENT_BRIDGE,administered,7,monthly_error,24,0.12291666666666667,0.3638623824103467,0.20625000000000002
recent_origins,own_coverage,INDEPENDENT_BRIDGE,administered,8,monthly_error,23,0.1326086956521739,0.37110293895945884,0.21086956521739128
recent_origins,own_coverage,INDEPENDENT_BRIDGE,administered,9,monthly_error,22,0.1409090909090909,0.3792936017963345,0.21818181818181817
recent_origins,own_coverage,INDEPENDENT_BRIDGE,administered,10,monthly_error,21,0.1523809523809524,0.38760559237205966,0.22380952380952376
recent_origins,own_coverage,INDEPENDENT_BRIDGE,administered,11,monthly_error,20,0.165,0.396547601177967,0.22999999999999993
recent_origins,own_coverage,INDEPENDENT_BRIDGE,administered,12,monthly_error,19,0.16842105263157894,0.4507304013896135,0.23684210526315788
recent_origins,own_coverage,INDEPENDENT_BRIDGE,alcohol_tobacco,1,monthly_error,30,0.09442679762933422,0.8350252524569208,0.6886758757836514
recent_origins,own_coverage,INDEPENDENT_BRIDGE,alcohol_tobacco,2,monthly_error,29,0.06894600330927923,0.835082277359054,0.6836864289861592
recent_origins,own_coverage,INDEPENDENT_BRIDGE,alcohol_tobacco,3,monthly_error,28,0.06347681443421312,0.8488266881052985,0.7001722553138388
recent_origins,own_coverage,INDEPENDENT_BRIDGE,alcohol_tobacco,4,monthly_error,27,0.14790350822107717,0.7518702176879904,0.6440288604065321
recent_origins,own_coverage,INDEPENDENT_BRIDGE,alcohol_tobacco,5,monthly_error,26,0.11829887332530029,0.7447587224372112,0.6335059698255804
recent_origins,own_coverage,INDEPENDENT_BRIDGE,alcohol_tobacco,6,monthly_error,25,0.08475048982488347,0.7349949449266392,0.6205658701851748
recent_origins,own_coverage,INDEPENDENT_BRIDGE,alcohol_tobacco,7,monthly_error,24,0.07935699056220856,0.7488758228950627,0.6374980117708453
recent_origins,own_coverage,INDEPENDENT_BRIDGE,alcohol_tobacco,8,monthly_error,23,0.1249409411306405,0.7378127423681108,0.6230816699995027
recent_origins,own_coverage,INDEPENDENT_BRIDGE,alcohol_tobacco,9,monthly_error,22,0.11212864721821666,0.7493924892078805,0.6329121364902088
recent_origins,own_coverage,INDEPENDENT_BRIDGE,alcohol_tobacco,10,monthly_error,21,0.11864646515565494,0.7670086583654022,0.6618724511103148
recent_origins,own_coverage,INDEPENDENT_BRIDGE,alcohol_tobacco,11,monthly_error,20,0.11082281581441644,0.7835386783464927,0.6812101010668091
recent_origins,own_coverage,INDEPENDENT_BRIDGE,alcohol_tobacco,12,monthly_error,19,0.08259035226229665,0.7859327794442839,0.6752751592267326
recent_origins,own_coverage,INDEPENDENT_BRIDGE,core,1,monthly_error,30,-0.041063650525510184,0.21888029643592544,0.1811209506523802
recent_origins,own_coverage,INDEPENDENT_BRIDGE,core,2,monthly_error,29,-0.03160547732953312,0.20030055989268833,0.1572300284742763
recent_origins,own_coverage,INDEPENDENT_BRIDGE,core,3,monthly_error,28,-0.004859723962744732,0.17266550821974744,0.13781210199880947
recent_origins,own_coverage,INDEPENDENT_BRIDGE,core,4,monthly_error,27,-0.020368265443839524,0.16134231972233254,0.12908457260771902
recent_origins,own_coverage,INDEPENDENT_BRIDGE,core,5,monthly_error,26,-0.03549259318832842,0.21251130574728633,0.1387457156696801
recent_origins,own_coverage,INDEPENDENT_BRIDGE,core,6,monthly_error,25,-0.06276988940996227,0.21129173311324304,0.1582223445042295
recent_origins,own_coverage,INDEPENDENT_BRIDGE,core,7,monthly_error,24,-0.03669335899505266,0.20435143044695472,0.1644411891794487
recent_origins,own_coverage,INDEPENDENT_BRIDGE,core,8,monthly_error,23,-0.020068346045995045,0.22152025648412974,0.1935959364619602
recent_origins,own_coverage,INDEPENDENT_BRIDGE,core,9,monthly_error,22,-0.020940455811605956,0.1686760545571581,0.13895764869318247
recent_origins,own_coverage,INDEPENDENT_BRIDGE,core,10,monthly_error,21,-0.03611079596635757,0.1828745081692194,0.13026541337192962
recent_origins,own_coverage,INDEPENDENT_BRIDGE,core,11,monthly_error,20,-0.02495132947415507,0.15764284805466514,0.12038052984610255
recent_origins,own_coverage,INDEPENDENT_BRIDGE,core,12,monthly_error,19,-0.02350999338366829,0.21759617404786805,0.15910159809344238
recent_origins,own_coverage,INDEPENDENT_BRIDGE,food,1,monthly_error,30,0.09254046056477078,0.8440303012916801,0.6820904208285868
recent_origins,own_coverage,INDEPENDENT_BRIDGE,food,2,monthly_error,29,0.1079692985658882,0.8679619668730466,0.6977376749232969
recent_origins,own_coverage,INDEPENDENT_BRIDGE,food,3,monthly_error,28,0.07862135877867346,0.7636401117549504,0.5869103860888236
recent_origins,own_coverage,INDEPENDENT_BRIDGE,food,4,monthly_error,27,0.4249762462363645,0.9012615038114953,0.755474860226646
recent_origins,own_coverage,INDEPENDENT_BRIDGE,food,5,monthly_error,26,0.39039596069029636,0.8809568104635644,0.7336060598340505
recent_origins,own_coverage,INDEPENDENT_BRIDGE,food,6,monthly_error,25,0.3696610617303959,0.8798260596634001,0.7265995648399002
recent_origins,own_coverage,INDEPENDENT_BRIDGE,food,7,monthly_error,24,0.4076758123909938,0.891109601824107,0.734262340286398
recent_origins,own_coverage,INDEPENDENT_BRIDGE,food,8,monthly_error,23,0.454798572004626,0.8992909304054588,0.7367890655717828
recent_origins,own_coverage,INDEPENDENT_BRIDGE,food,9,monthly_error,22,0.5475487588060332,0.8550968586992209,0.6982019532056672
recent_origins,own_coverage,INDEPENDENT_BRIDGE,food,10,monthly_error,21,0.5398233404634051,0.8614053514845658,0.6976504965011171
recent_origins,own_coverage,INDEPENDENT_BRIDGE,food,11,monthly_error,20,0.5512923980265301,0.8799439873666779,0.7170109118661276
recent_origins,own_coverage,INDEPENDENT_BRIDGE,food,12,monthly_error,19,0.5723962172363153,0.8918243212501106,0.6713772890641625
recent_origins,own_coverage,INDEPENDENT_BRIDGE,fuel,1,monthly_error,30,-0.07321380300728511,4.75060135567132,2.9585346761395845
recent_origins,own_coverage,INDEPENDENT_BRIDGE,fuel,2,monthly_error,29,0.06082916211074051,4.775516420731651,2.923985534233018
recent_origins,own_coverage,INDEPENDENT_BRIDGE,fuel,3,monthly_error,28,0.1407741072327103,4.842590385917114,2.9506411139804674
recent_origins,own_coverage,INDEPENDENT_BRIDGE,fuel,4,monthly_error,27,0.22816841056717022,4.912929625966692,2.9777436706909404
recent_origins,own_coverage,INDEPENDENT_BRIDGE,fuel,5,monthly_error,26,0.09240683003524672,4.9519745788381995,2.9477349847791623
recent_origins,own_coverage,INDEPENDENT_BRIDGE,fuel,6,monthly_error,25,-0.1480570929546178,4.900263185129357,2.8214841879790544
recent_origins,own_coverage,INDEPENDENT_BRIDGE,fuel,7,monthly_error,24,-0.09918662215605852,4.994036349461009,2.8840065128065127
recent_origins,own_coverage,INDEPENDENT_BRIDGE,fuel,8,monthly_error,23,-0.20410586414543538,5.078578992133392,2.9087913201633344
recent_origins,own_coverage,INDEPENDENT_BRIDGE,fuel,9,monthly_error,22,-0.45216857571998176,5.070495312934924,2.8022239351482776
recent_origins,own_coverage,INDEPENDENT_BRIDGE,fuel,10,monthly_error,21,-0.5346675683313613,5.182291759175937,2.874696014483006
recent_origins,own_coverage,INDEPENDENT_BRIDGE,fuel,11,monthly_error,20,-0.5063876383523771,5.304566522259051,2.963417506811604
recent_origins,own_coverage,INDEPENDENT_BRIDGE,fuel,12,monthly_error,19,-0.3747572951417199,5.438092046373991,3.2641219935065258
recent_origins,model_all_blocks_common,INDEPENDENT_BRIDGE,administered,1,monthly_error,30,0.09833333333333334,0.35178118198675723,0.21166666666666664
recent_origins,model_all_blocks_common,INDEPENDENT_BRIDGE,administered,2,monthly_error,29,0.09827586206896552,0.357312767464449,0.2155172413793103
recent_origins,model_all_blocks_common,INDEPENDENT_BRIDGE,administered,3,monthly_error,28,0.12321428571428572,0.3455068740271313,0.20178571428571426
recent_origins,model_all_blocks_common,INDEPENDENT_BRIDGE,administered,4,monthly_error,27,0.1314814814814815,0.3513202611947195,0.20555555555555555
recent_origins,model_all_blocks_common,INDEPENDENT_BRIDGE,administered,5,monthly_error,26,0.13076923076923078,0.3568020351787421,0.20769230769230768
recent_origins,model_all_blocks_common,INDEPENDENT_BRIDGE,administered,6,monthly_error,25,0.132,0.363318042491699,0.212
recent_origins,model_all_blocks_common,INDEPENDENT_BRIDGE,administered,7,monthly_error,24,0.12291666666666667,0.3638623824103467,0.20625000000000002
recent_origins,model_all_blocks_common,INDEPENDENT_BRIDGE,administered,8,monthly_error,23,0.1326086956521739,0.37110293895945884,0.21086956521739128
recent_origins,model_all_blocks_common,INDEPENDENT_BRIDGE,administered,9,monthly_error,22,0.1409090909090909,0.3792936017963345,0.21818181818181817
recent_origins,model_all_blocks_common,INDEPENDENT_BRIDGE,administered,10,monthly_error,21,0.1523809523809524,0.38760559237205966,0.22380952380952376
recent_origins,model_all_blocks_common,INDEPENDENT_BRIDGE,administered,11,monthly_error,20,0.165,0.396547601177967,0.22999999999999993
recent_origins,model_all_blocks_common,INDEPENDENT_BRIDGE,administered,12,monthly_error,19,0.16842105263157894,0.4507304013896135,0.23684210526315788
recent_origins,model_all_blocks_common,INDEPENDENT_BRIDGE,alcohol_tobacco,1,monthly_error,30,0.09442679762933422,0.8350252524569208,0.6886758757836514
recent_origins,model_all_blocks_common,INDEPENDENT_BRIDGE,alcohol_tobacco,2,monthly_error,29,0.06894600330927923,0.835082277359054,0.6836864289861592
recent_origins,model_all_blocks_common,INDEPENDENT_BRIDGE,alcohol_tobacco,3,monthly_error,28,0.06347681443421312,0.8488266881052985,0.7001722553138388
recent_origins,model_all_blocks_common,INDEPENDENT_BRIDGE,alcohol_tobacco,4,monthly_error,27,0.14790350822107717,0.7518702176879904,0.6440288604065321
recent_origins,model_all_blocks_common,INDEPENDENT_BRIDGE,alcohol_tobacco,5,monthly_error,26,0.11829887332530029,0.7447587224372112,0.6335059698255804
recent_origins,model_all_blocks_common,INDEPENDENT_BRIDGE,alcohol_tobacco,6,monthly_error,25,0.08475048982488347,0.7349949449266392,0.6205658701851748
recent_origins,model_all_blocks_common,INDEPENDENT_BRIDGE,alcohol_tobacco,7,monthly_error,24,0.07935699056220856,0.7488758228950627,0.6374980117708453
recent_origins,model_all_blocks_common,INDEPENDENT_BRIDGE,alcohol_tobacco,8,monthly_error,23,0.1249409411306405,0.7378127423681108,0.6230816699995027
recent_origins,model_all_blocks_common,INDEPENDENT_BRIDGE,alcohol_tobacco,9,monthly_error,22,0.11212864721821666,0.7493924892078805,0.6329121364902088
recent_origins,model_all_blocks_common,INDEPENDENT_BRIDGE,alcohol_tobacco,10,monthly_error,21,0.11864646515565494,0.7670086583654022,0.6618724511103148
recent_origins,model_all_blocks_common,INDEPENDENT_BRIDGE,alcohol_tobacco,11,monthly_error,20,0.11082281581441644,0.7835386783464927,0.6812101010668091
recent_origins,model_all_blocks_common,INDEPENDENT_BRIDGE,alcohol_tobacco,12,monthly_error,19,0.08259035226229665,0.7859327794442839,0.6752751592267326
recent_origins,model_all_blocks_common,INDEPENDENT_BRIDGE,core,1,monthly_error,30,-0.041063650525510184,0.21888029643592544,0.1811209506523802
recent_origins,model_all_blocks_common,INDEPENDENT_BRIDGE,core,2,monthly_error,29,-0.03160547732953312,0.20030055989268833,0.1572300284742763
recent_origins,model_all_blocks_common,INDEPENDENT_BRIDGE,core,3,monthly_error,28,-0.004859723962744732,0.17266550821974744,0.13781210199880947
recent_origins,model_all_blocks_common,INDEPENDENT_BRIDGE,core,4,monthly_error,27,-0.020368265443839524,0.16134231972233254,0.12908457260771902
recent_origins,model_all_blocks_common,INDEPENDENT_BRIDGE,core,5,monthly_error,26,-0.03549259318832842,0.21251130574728633,0.1387457156696801
recent_origins,model_all_blocks_common,INDEPENDENT_BRIDGE,core,6,monthly_error,25,-0.06276988940996227,0.21129173311324304,0.1582223445042295
recent_origins,model_all_blocks_common,INDEPENDENT_BRIDGE,core,7,monthly_error,24,-0.03669335899505266,0.20435143044695472,0.1644411891794487
recent_origins,model_all_blocks_common,INDEPENDENT_BRIDGE,core,8,monthly_error,23,-0.020068346045995045,0.22152025648412974,0.1935959364619602
recent_origins,model_all_blocks_common,INDEPENDENT_BRIDGE,core,9,monthly_error,22,-0.020940455811605956,0.1686760545571581,0.13895764869318247
recent_origins,model_all_blocks_common,INDEPENDENT_BRIDGE,core,10,monthly_error,21,-0.03611079596635757,0.1828745081692194,0.13026541337192962
recent_origins,model_all_blocks_common,INDEPENDENT_BRIDGE,core,11,monthly_error,20,-0.02495132947415507,0.15764284805466514,0.12038052984610255
recent_origins,model_all_blocks_common,INDEPENDENT_BRIDGE,core,12,monthly_error,19,-0.02350999338366829,0.21759617404786805,0.15910159809344238
recent_origins,model_all_blocks_common,INDEPENDENT_BRIDGE,food,1,monthly_error,30,0.09254046056477078,0.8440303012916801,0.6820904208285868
recent_origins,model_all_blocks_common,INDEPENDENT_BRIDGE,food,2,monthly_error,29,0.1079692985658882,0.8679619668730466,0.6977376749232969
recent_origins,model_all_blocks_common,INDEPENDENT_BRIDGE,food,3,monthly_error,28,0.07862135877867346,0.7636401117549504,0.5869103860888236
recent_origins,model_all_blocks_common,INDEPENDENT_BRIDGE,food,4,monthly_error,27,0.4249762462363645,0.9012615038114953,0.755474860226646
recent_origins,model_all_blocks_common,INDEPENDENT_BRIDGE,food,5,monthly_error,26,0.39039596069029636,0.8809568104635644,0.7336060598340505
recent_origins,model_all_blocks_common,INDEPENDENT_BRIDGE,food,6,monthly_error,25,0.3696610617303959,0.8798260596634001,0.7265995648399002
recent_origins,model_all_blocks_common,INDEPENDENT_BRIDGE,food,7,monthly_error,24,0.4076758123909938,0.891109601824107,0.734262340286398
recent_origins,model_all_blocks_common,INDEPENDENT_BRIDGE,food,8,monthly_error,23,0.454798572004626,0.8992909304054588,0.7367890655717828
recent_origins,model_all_blocks_common,INDEPENDENT_BRIDGE,food,9,monthly_error,22,0.5475487588060332,0.8550968586992209,0.6982019532056672
recent_origins,model_all_blocks_common,INDEPENDENT_BRIDGE,food,10,monthly_error,21,0.5398233404634051,0.8614053514845658,0.6976504965011171
recent_origins,model_all_blocks_common,INDEPENDENT_BRIDGE,food,11,monthly_error,20,0.5512923980265301,0.8799439873666779,0.7170109118661276
recent_origins,model_all_blocks_common,INDEPENDENT_BRIDGE,food,12,monthly_error,19,0.5723962172363153,0.8918243212501106,0.6713772890641625
recent_origins,model_all_blocks_common,INDEPENDENT_BRIDGE,fuel,1,monthly_error,30,-0.07321380300728511,4.75060135567132,2.9585346761395845
recent_origins,model_all_blocks_common,INDEPENDENT_BRIDGE,fuel,2,monthly_error,29,0.06082916211074051,4.775516420731651,2.923985534233018
recent_origins,model_all_blocks_common,INDEPENDENT_BRIDGE,fuel,3,monthly_error,28,0.1407741072327103,4.842590385917114,2.9506411139804674
recent_origins,model_all_blocks_common,INDEPENDENT_BRIDGE,fuel,4,monthly_error,27,0.22816841056717022,4.912929625966692,2.9777436706909404
recent_origins,model_all_blocks_common,INDEPENDENT_BRIDGE,fuel,5,monthly_error,26,0.09240683003524672,4.9519745788381995,2.9477349847791623
recent_origins,model_all_blocks_common,INDEPENDENT_BRIDGE,fuel,6,monthly_error,25,-0.1480570929546178,4.900263185129357,2.8214841879790544
recent_origins,model_all_blocks_common,INDEPENDENT_BRIDGE,fuel,7,monthly_error,24,-0.09918662215605852,4.994036349461009,2.8840065128065127
recent_origins,model_all_blocks_common,INDEPENDENT_BRIDGE,fuel,8,monthly_error,23,-0.20410586414543538,5.078578992133392,2.9087913201633344
recent_origins,model_all_blocks_common,INDEPENDENT_BRIDGE,fuel,9,monthly_error,22,-0.45216857571998176,5.070495312934924,2.8022239351482776
recent_origins,model_all_blocks_common,INDEPENDENT_BRIDGE,fuel,10,monthly_error,21,-0.5346675683313613,5.182291759175937,2.874696014483006
recent_origins,model_all_blocks_common,INDEPENDENT_BRIDGE,fuel,11,monthly_error,20,-0.5063876383523771,5.304566522259051,2.963417506811604
recent_origins,model_all_blocks_common,INDEPENDENT_BRIDGE,fuel,12,monthly_error,19,-0.3747572951417199,5.438092046373991,3.2641219935065258
recent_origins,all_models_all_blocks_common,INDEPENDENT_BRIDGE,administered,1,monthly_error,30,0.09833333333333334,0.35178118198675723,0.21166666666666664
recent_origins,all_models_all_blocks_common,INDEPENDENT_BRIDGE,administered,2,monthly_error,29,0.09827586206896552,0.357312767464449,0.2155172413793103
recent_origins,all_models_all_blocks_common,INDEPENDENT_BRIDGE,administered,3,monthly_error,28,0.12321428571428572,0.3455068740271313,0.20178571428571426
recent_origins,all_models_all_blocks_common,INDEPENDENT_BRIDGE,administered,4,monthly_error,27,0.1314814814814815,0.3513202611947195,0.20555555555555555
recent_origins,all_models_all_blocks_common,INDEPENDENT_BRIDGE,administered,5,monthly_error,26,0.13076923076923078,0.3568020351787421,0.20769230769230768
recent_origins,all_models_all_blocks_common,INDEPENDENT_BRIDGE,administered,6,monthly_error,25,0.132,0.363318042491699,0.212
recent_origins,all_models_all_blocks_common,INDEPENDENT_BRIDGE,administered,7,monthly_error,24,0.12291666666666667,0.3638623824103467,0.20625000000000002
recent_origins,all_models_all_blocks_common,INDEPENDENT_BRIDGE,administered,8,monthly_error,23,0.1326086956521739,0.37110293895945884,0.21086956521739128
recent_origins,all_models_all_blocks_common,INDEPENDENT_BRIDGE,administered,9,monthly_error,22,0.1409090909090909,0.3792936017963345,0.21818181818181817
recent_origins,all_models_all_blocks_common,INDEPENDENT_BRIDGE,administered,10,monthly_error,21,0.1523809523809524,0.38760559237205966,0.22380952380952376
recent_origins,all_models_all_blocks_common,INDEPENDENT_BRIDGE,administered,11,monthly_error,20,0.165,0.396547601177967,0.22999999999999993
recent_origins,all_models_all_blocks_common,INDEPENDENT_BRIDGE,administered,12,monthly_error,19,0.16842105263157894,0.4507304013896135,0.23684210526315788
recent_origins,all_models_all_blocks_common,INDEPENDENT_BRIDGE,alcohol_tobacco,1,monthly_error,30,0.09442679762933422,0.8350252524569208,0.6886758757836514
recent_origins,all_models_all_blocks_common,INDEPENDENT_BRIDGE,alcohol_tobacco,2,monthly_error,29,0.06894600330927923,0.835082277359054,0.6836864289861592
recent_origins,all_models_all_blocks_common,INDEPENDENT_BRIDGE,alcohol_tobacco,3,monthly_error,28,0.06347681443421312,0.8488266881052985,0.7001722553138388
recent_origins,all_models_all_blocks_common,INDEPENDENT_BRIDGE,alcohol_tobacco,4,monthly_error,27,0.14790350822107717,0.7518702176879904,0.6440288604065321
recent_origins,all_models_all_blocks_common,INDEPENDENT_BRIDGE,alcohol_tobacco,5,monthly_error,26,0.11829887332530029,0.7447587224372112,0.6335059698255804
recent_origins,all_models_all_blocks_common,INDEPENDENT_BRIDGE,alcohol_tobacco,6,monthly_error,25,0.08475048982488347,0.7349949449266392,0.6205658701851748
recent_origins,all_models_all_blocks_common,INDEPENDENT_BRIDGE,alcohol_tobacco,7,monthly_error,24,0.07935699056220856,0.7488758228950627,0.6374980117708453
recent_origins,all_models_all_blocks_common,INDEPENDENT_BRIDGE,alcohol_tobacco,8,monthly_error,23,0.1249409411306405,0.7378127423681108,0.6230816699995027
recent_origins,all_models_all_blocks_common,INDEPENDENT_BRIDGE,alcohol_tobacco,9,monthly_error,22,0.11212864721821666,0.7493924892078805,0.6329121364902088
recent_origins,all_models_all_blocks_common,INDEPENDENT_BRIDGE,alcohol_tobacco,10,monthly_error,21,0.11864646515565494,0.7670086583654022,0.6618724511103148
recent_origins,all_models_all_blocks_common,INDEPENDENT_BRIDGE,alcohol_tobacco,11,monthly_error,20,0.11082281581441644,0.7835386783464927,0.6812101010668091
recent_origins,all_models_all_blocks_common,INDEPENDENT_BRIDGE,alcohol_tobacco,12,monthly_error,19,0.08259035226229665,0.7859327794442839,0.6752751592267326
recent_origins,all_models_all_blocks_common,INDEPENDENT_BRIDGE,core,1,monthly_error,30,-0.041063650525510184,0.21888029643592544,0.1811209506523802
recent_origins,all_models_all_blocks_common,INDEPENDENT_BRIDGE,core,2,monthly_error,29,-0.03160547732953312,0.20030055989268833,0.1572300284742763
recent_origins,all_models_all_blocks_common,INDEPENDENT_BRIDGE,core,3,monthly_error,28,-0.004859723962744732,0.17266550821974744,0.13781210199880947
recent_origins,all_models_all_blocks_common,INDEPENDENT_BRIDGE,core,4,monthly_error,27,-0.020368265443839524,0.16134231972233254,0.12908457260771902
recent_origins,all_models_all_blocks_common,INDEPENDENT_BRIDGE,core,5,monthly_error,26,-0.03549259318832842,0.21251130574728633,0.1387457156696801
recent_origins,all_models_all_blocks_common,INDEPENDENT_BRIDGE,core,6,monthly_error,25,-0.06276988940996227,0.21129173311324304,0.1582223445042295
recent_origins,all_models_all_blocks_common,INDEPENDENT_BRIDGE,core,7,monthly_error,24,-0.03669335899505266,0.20435143044695472,0.1644411891794487
recent_origins,all_models_all_blocks_common,INDEPENDENT_BRIDGE,core,8,monthly_error,23,-0.020068346045995045,0.22152025648412974,0.1935959364619602
recent_origins,all_models_all_blocks_common,INDEPENDENT_BRIDGE,core,9,monthly_error,22,-0.020940455811605956,0.1686760545571581,0.13895764869318247
recent_origins,all_models_all_blocks_common,INDEPENDENT_BRIDGE,core,10,monthly_error,21,-0.03611079596635757,0.1828745081692194,0.13026541337192962
recent_origins,all_models_all_blocks_common,INDEPENDENT_BRIDGE,core,11,monthly_error,20,-0.02495132947415507,0.15764284805466514,0.12038052984610255
recent_origins,all_models_all_blocks_common,INDEPENDENT_BRIDGE,core,12,monthly_error,19,-0.02350999338366829,0.21759617404786805,0.15910159809344238
recent_origins,all_models_all_blocks_common,INDEPENDENT_BRIDGE,food,1,monthly_error,30,0.09254046056477078,0.8440303012916801,0.6820904208285868
recent_origins,all_models_all_blocks_common,INDEPENDENT_BRIDGE,food,2,monthly_error,29,0.1079692985658882,0.8679619668730466,0.6977376749232969
recent_origins,all_models_all_blocks_common,INDEPENDENT_BRIDGE,food,3,monthly_error,28,0.07862135877867346,0.7636401117549504,0.5869103860888236
recent_origins,all_models_all_blocks_common,INDEPENDENT_BRIDGE,food,4,monthly_error,27,0.4249762462363645,0.9012615038114953,0.755474860226646
recent_origins,all_models_all_blocks_common,INDEPENDENT_BRIDGE,food,5,monthly_error,26,0.39039596069029636,0.8809568104635644,0.7336060598340505
recent_origins,all_models_all_blocks_common,INDEPENDENT_BRIDGE,food,6,monthly_error,25,0.3696610617303959,0.8798260596634001,0.7265995648399002
recent_origins,all_models_all_blocks_common,INDEPENDENT_BRIDGE,food,7,monthly_error,24,0.4076758123909938,0.891109601824107,0.734262340286398
recent_origins,all_models_all_blocks_common,INDEPENDENT_BRIDGE,food,8,monthly_error,23,0.454798572004626,0.8992909304054588,0.7367890655717828
recent_origins,all_models_all_blocks_common,INDEPENDENT_BRIDGE,food,9,monthly_error,22,0.5475487588060332,0.8550968586992209,0.6982019532056672
recent_origins,all_models_all_blocks_common,INDEPENDENT_BRIDGE,food,10,monthly_error,21,0.5398233404634051,0.8614053514845658,0.6976504965011171
recent_origins,all_models_all_blocks_common,INDEPENDENT_BRIDGE,food,11,monthly_error,20,0.5512923980265301,0.8799439873666779,0.7170109118661276
recent_origins,all_models_all_blocks_common,INDEPENDENT_BRIDGE,food,12,monthly_error,19,0.5723962172363153,0.8918243212501106,0.6713772890641625
recent_origins,all_models_all_blocks_common,INDEPENDENT_BRIDGE,fuel,1,monthly_error,30,-0.07321380300728511,4.75060135567132,2.9585346761395845
recent_origins,all_models_all_blocks_common,INDEPENDENT_BRIDGE,fuel,2,monthly_error,29,0.06082916211074051,4.775516420731651,2.923985534233018
recent_origins,all_models_all_blocks_common,INDEPENDENT_BRIDGE,fuel,3,monthly_error,28,0.1407741072327103,4.842590385917114,2.9506411139804674
recent_origins,all_models_all_blocks_common,INDEPENDENT_BRIDGE,fuel,4,monthly_error,27,0.22816841056717022,4.912929625966692,2.9777436706909404
recent_origins,all_models_all_blocks_common,INDEPENDENT_BRIDGE,fuel,5,monthly_error,26,0.09240683003524672,4.9519745788381995,2.9477349847791623
recent_origins,all_models_all_blocks_common,INDEPENDENT_BRIDGE,fuel,6,monthly_error,25,-0.1480570929546178,4.900263185129357,2.8214841879790544
recent_origins,all_models_all_blocks_common,INDEPENDENT_BRIDGE,fuel,7,monthly_error,24,-0.09918662215605852,4.994036349461009,2.8840065128065127
recent_origins,all_models_all_blocks_common,INDEPENDENT_BRIDGE,fuel,8,monthly_error,23,-0.20410586414543538,5.078578992133392,2.9087913201633344
recent_origins,all_models_all_blocks_common,INDEPENDENT_BRIDGE,fuel,9,monthly_error,22,-0.45216857571998176,5.070495312934924,2.8022239351482776
recent_origins,all_models_all_blocks_common,INDEPENDENT_BRIDGE,fuel,10,monthly_error,21,-0.5346675683313613,5.182291759175937,2.874696014483006
recent_origins,all_models_all_blocks_common,INDEPENDENT_BRIDGE,fuel,11,monthly_error,20,-0.5063876383523771,5.304566522259051,2.963417506811604
recent_origins,all_models_all_blocks_common,INDEPENDENT_BRIDGE,fuel,12,monthly_error,19,-0.3747572951417199,5.438092046373991,3.2641219935065258
recent_origins,own_coverage,INDEPENDENT_BRIDGE,administered,1,monthly_weighted_error,30,0.0175622051927742,0.060568387830030136,0.03633595812657811
recent_origins,own_coverage,INDEPENDENT_BRIDGE,administered,2,monthly_weighted_error,29,0.017568438929220512,0.06147905845491143,0.036988958787647984
recent_origins,own_coverage,INDEPENDENT_BRIDGE,administered,3,monthly_weighted_error,28,0.021091698027238696,0.05995938546466405,0.03478366427476022
recent_origins,own_coverage,INDEPENDENT_BRIDGE,administered,4,monthly_weighted_error,27,0.02256123158105561,0.06104144156887639,0.035453550094054286
recent_origins,own_coverage,INDEPENDENT_BRIDGE,administered,5,monthly_weighted_error,26,0.022644855054748635,0.06204364102482372,0.03592382147234971
recent_origins,own_coverage,INDEPENDENT_BRIDGE,administered,6,monthly_weighted_error,25,0.023116717625109875,0.06337032953927976,0.03670867634580335
recent_origins,own_coverage,INDEPENDENT_BRIDGE,administered,7,monthly_weighted_error,24,0.022027975510733922,0.06385987754734067,0.03597097235250131
recent_origins,own_coverage,INDEPENDENT_BRIDGE,administered,8,monthly_weighted_error,23,0.023285313460807668,0.06482456298432475,0.03653637164902481
recent_origins,own_coverage,INDEPENDENT_BRIDGE,administered,9,monthly_weighted_error,22,0.024572096337651783,0.06623682281394007,0.03775447364508573
recent_origins,own_coverage,INDEPENDENT_BRIDGE,administered,10,monthly_weighted_error,21,0.026346187074121296,0.06778290475844177,0.038766347684909885
recent_origins,own_coverage,INDEPENDENT_BRIDGE,administered,11,monthly_weighted_error,20,0.028103082928891254,0.06935418042538732,0.03962105116672175
recent_origins,own_coverage,INDEPENDENT_BRIDGE,administered,12,monthly_weighted_error,19,0.029117286303228938,0.0793838162464254,0.04125999854490648
recent_origins,own_coverage,INDEPENDENT_BRIDGE,alcohol_tobacco,1,monthly_weighted_error,30,0.007975202013068715,0.07052993387662655,0.05814264793108777
recent_origins,own_coverage,INDEPENDENT_BRIDGE,alcohol_tobacco,2,monthly_weighted_error,29,0.005833414511373167,0.07054785208650045,0.05773077235759977
recent_origins,own_coverage,INDEPENDENT_BRIDGE,alcohol_tobacco,3,monthly_weighted_error,28,0.005111459547589932,0.07224953611892619,0.05934360735967035
recent_origins,own_coverage,INDEPENDENT_BRIDGE,alcohol_tobacco,4,monthly_weighted_error,27,0.012562710697324961,0.0636892950739486,0.05453076521558308
recent_origins,own_coverage,INDEPENDENT_BRIDGE,alcohol_tobacco,5,monthly_weighted_error,26,0.010054984996945342,0.06310081610301592,0.05365288319438814
recent_origins,own_coverage,INDEPENDENT_BRIDGE,alcohol_tobacco,6,monthly_weighted_error,25,0.007191693890337381,0.06220269182612656,0.0525335080156779
recent_origins,own_coverage,INDEPENDENT_BRIDGE,alcohol_tobacco,7,monthly_weighted_error,24,0.006621424296211084,0.06349453242486086,0.0540403399270368
recent_origins,own_coverage,INDEPENDENT_BRIDGE,alcohol_tobacco,8,monthly_weighted_error,23,0.010613908304806656,0.062458246041783676,0.052767614906968734
recent_origins,own_coverage,INDEPENDENT_BRIDGE,alcohol_tobacco,9,monthly_weighted_error,22,0.009485943241789864,0.06341524175916724,0.05356096054061035
recent_origins,own_coverage,INDEPENDENT_BRIDGE,alcohol_tobacco,10,monthly_weighted_error,21,0.010070587209777658,0.06491695192965162,0.0560395022242157
recent_origins,own_coverage,INDEPENDENT_BRIDGE,alcohol_tobacco,11,monthly_weighted_error,20,0.00945522403824473,0.06637087938474358,0.057722584803404677
recent_origins,own_coverage,INDEPENDENT_BRIDGE,alcohol_tobacco,12,monthly_weighted_error,19,0.006850250556090887,0.06670968343447363,0.0572819084178367
recent_origins,own_coverage,INDEPENDENT_BRIDGE,core,1,monthly_weighted_error,30,-0.02169956734356542,0.11645084966686775,0.09654565616223086
recent_origins,own_coverage,INDEPENDENT_BRIDGE,core,2,monthly_weighted_error,29,-0.016391212957337396,0.10625586171367811,0.08354581181463147
recent_origins,own_coverage,INDEPENDENT_BRIDGE,core,3,monthly_weighted_error,28,-0.0025830246715794897,0.0920249047308184,0.07339055326079554
recent_origins,own_coverage,INDEPENDENT_BRIDGE,core,4,monthly_weighted_error,27,-0.01112678384732322,0.08646388353048491,0.06875471591098038
recent_origins,own_coverage,INDEPENDENT_BRIDGE,core,5,monthly_weighted_error,26,-0.019189513107959962,0.11532971868519558,0.0743575236773972
recent_origins,own_coverage,INDEPENDENT_BRIDGE,core,6,monthly_weighted_error,25,-0.03362109269523251,0.1132877014806802,0.08439369880659481
recent_origins,own_coverage,INDEPENDENT_BRIDGE,core,7,monthly_weighted_error,24,-0.01931543665128231,0.10771318084269733,0.08692517762223455
recent_origins,own_coverage,INDEPENDENT_BRIDGE,core,8,monthly_weighted_error,23,-0.010269909049598187,0.11773303580616572,0.10280328355740931
recent_origins,own_coverage,INDEPENDENT_BRIDGE,core,9,monthly_weighted_error,22,-0.01121193669775654,0.0892978091127393,0.07362566841781738
recent_origins,own_coverage,INDEPENDENT_BRIDGE,core,10,monthly_weighted_error,21,-0.019577165740734457,0.09666112115363398,0.06909640771537796
recent_origins,own_coverage,INDEPENDENT_BRIDGE,core,11,monthly_weighted_error,20,-0.013685009700244343,0.08444743987832248,0.06411142908347475
recent_origins,own_coverage,INDEPENDENT_BRIDGE,core,12,monthly_weighted_error,19,-0.012588776108401077,0.11568494765322207,0.08457865125242253
recent_origins,own_coverage,INDEPENDENT_BRIDGE,food,1,monthly_weighted_error,30,0.016113449787297864,0.14906091352285913,0.12034068599037866
recent_origins,own_coverage,INDEPENDENT_BRIDGE,food,2,monthly_weighted_error,29,0.01887684822784282,0.15314415107870002,0.12317399569794697
recent_origins,own_coverage,INDEPENDENT_BRIDGE,food,3,monthly_weighted_error,28,0.013824941291429749,0.13524073792422042,0.10377304720753115
recent_origins,own_coverage,INDEPENDENT_BRIDGE,food,4,monthly_weighted_error,27,0.07473667813511196,0.15896089144838704,0.13337758791114013
recent_origins,own_coverage,INDEPENDENT_BRIDGE,food,5,monthly_weighted_error,26,0.0691033939145847,0.15621823939355767,0.12999972329738316
recent_origins,own_coverage,INDEPENDENT_BRIDGE,food,6,monthly_weighted_error,25,0.06557559136741252,0.15611761295838977,0.1289357250873402
recent_origins,own_coverage,INDEPENDENT_BRIDGE,food,7,monthly_weighted_error,24,0.07231644849200813,0.1581248213455996,0.13029950614835928
recent_origins,own_coverage,INDEPENDENT_BRIDGE,food,8,monthly_weighted_error,23,0.08065126823232881,0.1596410496863463,0.13077407574022848
recent_origins,own_coverage,INDEPENDENT_BRIDGE,food,9,monthly_weighted_error,22,0.09717324310882866,0.15173850610752693,0.12390388585978179
recent_origins,own_coverage,INDEPENDENT_BRIDGE,food,10,monthly_weighted_error,21,0.0957912558234309,0.1528439969271232,0.12379478632442939
recent_origins,own_coverage,INDEPENDENT_BRIDGE,food,11,monthly_weighted_error,20,0.09783219916131813,0.15613838394371074,0.12723590618736658
recent_origins,own_coverage,INDEPENDENT_BRIDGE,food,12,monthly_weighted_error,19,0.101554239343304,0.1582394532980274,0.1191305286930461
recent_origins,own_coverage,INDEPENDENT_BRIDGE,fuel,1,monthly_weighted_error,30,0.0008355864203336946,0.15082702516025215,0.09826356414077768
recent_origins,own_coverage,INDEPENDENT_BRIDGE,fuel,2,monthly_weighted_error,29,0.0022650709347495856,0.1644973039809723,0.10025129171467598
recent_origins,own_coverage,INDEPENDENT_BRIDGE,fuel,3,monthly_weighted_error,28,0.003921510252983006,0.16838186658610133,0.10225615106249349
recent_origins,own_coverage,INDEPENDENT_BRIDGE,fuel,4,monthly_weighted_error,27,0.0062384315826055255,0.1705616592032174,0.10299297854224554
recent_origins,own_coverage,INDEPENDENT_BRIDGE,fuel,5,monthly_weighted_error,26,0.0027775826465397595,0.17437207069016405,0.1032534583353967
recent_origins,own_coverage,INDEPENDENT_BRIDGE,fuel,6,monthly_weighted_error,25,-0.005053738882894967,0.17363586007725537,0.09981097756906733
recent_origins,own_coverage,INDEPENDENT_BRIDGE,fuel,7,monthly_weighted_error,24,-0.003869601662926469,0.17685355873727382,0.10186701799754548
recent_origins,own_coverage,INDEPENDENT_BRIDGE,fuel,8,monthly_weighted_error,23,-0.008073011470519734,0.17918123942133157,0.10226085252301621
recent_origins,own_coverage,INDEPENDENT_BRIDGE,fuel,9,monthly_weighted_error,22,-0.016240398234757633,0.17966801476255304,0.09910864139484814
recent_origins,own_coverage,INDEPENDENT_BRIDGE,fuel,10,monthly_weighted_error,21,-0.018758433758543042,0.18364297540956176,0.1016986547270141
recent_origins,own_coverage,INDEPENDENT_BRIDGE,fuel,11,monthly_weighted_error,20,-0.017653162161815738,0.18793070871827663,0.10474039417871035
recent_origins,own_coverage,INDEPENDENT_BRIDGE,fuel,12,monthly_weighted_error,19,-0.012928615207935706,0.19263501664999627,0.11533956962816533
recent_origins,model_all_blocks_common,INDEPENDENT_BRIDGE,administered,1,monthly_weighted_error,30,0.0175622051927742,0.060568387830030136,0.03633595812657811
recent_origins,model_all_blocks_common,INDEPENDENT_BRIDGE,administered,2,monthly_weighted_error,29,0.017568438929220512,0.06147905845491143,0.036988958787647984
recent_origins,model_all_blocks_common,INDEPENDENT_BRIDGE,administered,3,monthly_weighted_error,28,0.021091698027238696,0.05995938546466405,0.03478366427476022
recent_origins,model_all_blocks_common,INDEPENDENT_BRIDGE,administered,4,monthly_weighted_error,27,0.02256123158105561,0.06104144156887639,0.035453550094054286
recent_origins,model_all_blocks_common,INDEPENDENT_BRIDGE,administered,5,monthly_weighted_error,26,0.022644855054748635,0.06204364102482372,0.03592382147234971
recent_origins,model_all_blocks_common,INDEPENDENT_BRIDGE,administered,6,monthly_weighted_error,25,0.023116717625109875,0.06337032953927976,0.03670867634580335
recent_origins,model_all_blocks_common,INDEPENDENT_BRIDGE,administered,7,monthly_weighted_error,24,0.022027975510733922,0.06385987754734067,0.03597097235250131
recent_origins,model_all_blocks_common,INDEPENDENT_BRIDGE,administered,8,monthly_weighted_error,23,0.023285313460807668,0.06482456298432475,0.03653637164902481
recent_origins,model_all_blocks_common,INDEPENDENT_BRIDGE,administered,9,monthly_weighted_error,22,0.024572096337651783,0.06623682281394007,0.03775447364508573
recent_origins,model_all_blocks_common,INDEPENDENT_BRIDGE,administered,10,monthly_weighted_error,21,0.026346187074121296,0.06778290475844177,0.038766347684909885
recent_origins,model_all_blocks_common,INDEPENDENT_BRIDGE,administered,11,monthly_weighted_error,20,0.028103082928891254,0.06935418042538732,0.03962105116672175
recent_origins,model_all_blocks_common,INDEPENDENT_BRIDGE,administered,12,monthly_weighted_error,19,0.029117286303228938,0.0793838162464254,0.04125999854490648
recent_origins,model_all_blocks_common,INDEPENDENT_BRIDGE,alcohol_tobacco,1,monthly_weighted_error,30,0.007975202013068715,0.07052993387662655,0.05814264793108777
recent_origins,model_all_blocks_common,INDEPENDENT_BRIDGE,alcohol_tobacco,2,monthly_weighted_error,29,0.005833414511373167,0.07054785208650045,0.05773077235759977
recent_origins,model_all_blocks_common,INDEPENDENT_BRIDGE,alcohol_tobacco,3,monthly_weighted_error,28,0.005111459547589932,0.07224953611892619,0.05934360735967035
recent_origins,model_all_blocks_common,INDEPENDENT_BRIDGE,alcohol_tobacco,4,monthly_weighted_error,27,0.012562710697324961,0.0636892950739486,0.05453076521558308
recent_origins,model_all_blocks_common,INDEPENDENT_BRIDGE,alcohol_tobacco,5,monthly_weighted_error,26,0.010054984996945342,0.06310081610301592,0.05365288319438814
recent_origins,model_all_blocks_common,INDEPENDENT_BRIDGE,alcohol_tobacco,6,monthly_weighted_error,25,0.007191693890337381,0.06220269182612656,0.0525335080156779
recent_origins,model_all_blocks_common,INDEPENDENT_BRIDGE,alcohol_tobacco,7,monthly_weighted_error,24,0.006621424296211084,0.06349453242486086,0.0540403399270368
recent_origins,model_all_blocks_common,INDEPENDENT_BRIDGE,alcohol_tobacco,8,monthly_weighted_error,23,0.010613908304806656,0.062458246041783676,0.052767614906968734
recent_origins,model_all_blocks_common,INDEPENDENT_BRIDGE,alcohol_tobacco,9,monthly_weighted_error,22,0.009485943241789864,0.06341524175916724,0.05356096054061035
recent_origins,model_all_blocks_common,INDEPENDENT_BRIDGE,alcohol_tobacco,10,monthly_weighted_error,21,0.010070587209777658,0.06491695192965162,0.0560395022242157
recent_origins,model_all_blocks_common,INDEPENDENT_BRIDGE,alcohol_tobacco,11,monthly_weighted_error,20,0.00945522403824473,0.06637087938474358,0.057722584803404677
recent_origins,model_all_blocks_common,INDEPENDENT_BRIDGE,alcohol_tobacco,12,monthly_weighted_error,19,0.006850250556090887,0.06670968343447363,0.0572819084178367
recent_origins,model_all_blocks_common,INDEPENDENT_BRIDGE,core,1,monthly_weighted_error,30,-0.02169956734356542,0.11645084966686775,0.09654565616223086
recent_origins,model_all_blocks_common,INDEPENDENT_BRIDGE,core,2,monthly_weighted_error,29,-0.016391212957337396,0.10625586171367811,0.08354581181463147
recent_origins,model_all_blocks_common,INDEPENDENT_BRIDGE,core,3,monthly_weighted_error,28,-0.0025830246715794897,0.0920249047308184,0.07339055326079554
recent_origins,model_all_blocks_common,INDEPENDENT_BRIDGE,core,4,monthly_weighted_error,27,-0.01112678384732322,0.08646388353048491,0.06875471591098038
recent_origins,model_all_blocks_common,INDEPENDENT_BRIDGE,core,5,monthly_weighted_error,26,-0.019189513107959962,0.11532971868519558,0.0743575236773972
recent_origins,model_all_blocks_common,INDEPENDENT_BRIDGE,core,6,monthly_weighted_error,25,-0.03362109269523251,0.1132877014806802,0.08439369880659481
recent_origins,model_all_blocks_common,INDEPENDENT_BRIDGE,core,7,monthly_weighted_error,24,-0.01931543665128231,0.10771318084269733,0.08692517762223455
recent_origins,model_all_blocks_common,INDEPENDENT_BRIDGE,core,8,monthly_weighted_error,23,-0.010269909049598187,0.11773303580616572,0.10280328355740931
recent_origins,model_all_blocks_common,INDEPENDENT_BRIDGE,core,9,monthly_weighted_error,22,-0.01121193669775654,0.0892978091127393,0.07362566841781738
recent_origins,model_all_blocks_common,INDEPENDENT_BRIDGE,core,10,monthly_weighted_error,21,-0.019577165740734457,0.09666112115363398,0.06909640771537796
recent_origins,model_all_blocks_common,INDEPENDENT_BRIDGE,core,11,monthly_weighted_error,20,-0.013685009700244343,0.08444743987832248,0.06411142908347475
recent_origins,model_all_blocks_common,INDEPENDENT_BRIDGE,core,12,monthly_weighted_error,19,-0.012588776108401077,0.11568494765322207,0.08457865125242253
recent_origins,model_all_blocks_common,INDEPENDENT_BRIDGE,food,1,monthly_weighted_error,30,0.016113449787297864,0.14906091352285913,0.12034068599037866
recent_origins,model_all_blocks_common,INDEPENDENT_BRIDGE,food,2,monthly_weighted_error,29,0.01887684822784282,0.15314415107870002,0.12317399569794697
recent_origins,model_all_blocks_common,INDEPENDENT_BRIDGE,food,3,monthly_weighted_error,28,0.013824941291429749,0.13524073792422042,0.10377304720753115
recent_origins,model_all_blocks_common,INDEPENDENT_BRIDGE,food,4,monthly_weighted_error,27,0.07473667813511196,0.15896089144838704,0.13337758791114013
recent_origins,model_all_blocks_common,INDEPENDENT_BRIDGE,food,5,monthly_weighted_error,26,0.0691033939145847,0.15621823939355767,0.12999972329738316
recent_origins,model_all_blocks_common,INDEPENDENT_BRIDGE,food,6,monthly_weighted_error,25,0.06557559136741252,0.15611761295838977,0.1289357250873402
recent_origins,model_all_blocks_common,INDEPENDENT_BRIDGE,food,7,monthly_weighted_error,24,0.07231644849200813,0.1581248213455996,0.13029950614835928
recent_origins,model_all_blocks_common,INDEPENDENT_BRIDGE,food,8,monthly_weighted_error,23,0.08065126823232881,0.1596410496863463,0.13077407574022848
recent_origins,model_all_blocks_common,INDEPENDENT_BRIDGE,food,9,monthly_weighted_error,22,0.09717324310882866,0.15173850610752693,0.12390388585978179
recent_origins,model_all_blocks_common,INDEPENDENT_BRIDGE,food,10,monthly_weighted_error,21,0.0957912558234309,0.1528439969271232,0.12379478632442939
recent_origins,model_all_blocks_common,INDEPENDENT_BRIDGE,food,11,monthly_weighted_error,20,0.09783219916131813,0.15613838394371074,0.12723590618736658
recent_origins,model_all_blocks_common,INDEPENDENT_BRIDGE,food,12,monthly_weighted_error,19,0.101554239343304,0.1582394532980274,0.1191305286930461
recent_origins,model_all_blocks_common,INDEPENDENT_BRIDGE,fuel,1,monthly_weighted_error,30,0.0008355864203336946,0.15082702516025215,0.09826356414077768
recent_origins,model_all_blocks_common,INDEPENDENT_BRIDGE,fuel,2,monthly_weighted_error,29,0.0022650709347495856,0.1644973039809723,0.10025129171467598
recent_origins,model_all_blocks_common,INDEPENDENT_BRIDGE,fuel,3,monthly_weighted_error,28,0.003921510252983006,0.16838186658610133,0.10225615106249349
recent_origins,model_all_blocks_common,INDEPENDENT_BRIDGE,fuel,4,monthly_weighted_error,27,0.0062384315826055255,0.1705616592032174,0.10299297854224554
recent_origins,model_all_blocks_common,INDEPENDENT_BRIDGE,fuel,5,monthly_weighted_error,26,0.0027775826465397595,0.17437207069016405,0.1032534583353967
recent_origins,model_all_blocks_common,INDEPENDENT_BRIDGE,fuel,6,monthly_weighted_error,25,-0.005053738882894967,0.17363586007725537,0.09981097756906733
recent_origins,model_all_blocks_common,INDEPENDENT_BRIDGE,fuel,7,monthly_weighted_error,24,-0.003869601662926469,0.17685355873727382,0.10186701799754548
recent_origins,model_all_blocks_common,INDEPENDENT_BRIDGE,fuel,8,monthly_weighted_error,23,-0.008073011470519734,0.17918123942133157,0.10226085252301621
recent_origins,model_all_blocks_common,INDEPENDENT_BRIDGE,fuel,9,monthly_weighted_error,22,-0.016240398234757633,0.17966801476255304,0.09910864139484814
recent_origins,model_all_blocks_common,INDEPENDENT_BRIDGE,fuel,10,monthly_weighted_error,21,-0.018758433758543042,0.18364297540956176,0.1016986547270141
recent_origins,model_all_blocks_common,INDEPENDENT_BRIDGE,fuel,11,monthly_weighted_error,20,-0.017653162161815738,0.18793070871827663,0.10474039417871035
recent_origins,model_all_blocks_common,INDEPENDENT_BRIDGE,fuel,12,monthly_weighted_error,19,-0.012928615207935706,0.19263501664999627,0.11533956962816533
recent_origins,all_models_all_blocks_common,INDEPENDENT_BRIDGE,administered,1,monthly_weighted_error,30,0.0175622051927742,0.060568387830030136,0.03633595812657811
recent_origins,all_models_all_blocks_common,INDEPENDENT_BRIDGE,administered,2,monthly_weighted_error,29,0.017568438929220512,0.06147905845491143,0.036988958787647984
recent_origins,all_models_all_blocks_common,INDEPENDENT_BRIDGE,administered,3,monthly_weighted_error,28,0.021091698027238696,0.05995938546466405,0.03478366427476022
recent_origins,all_models_all_blocks_common,INDEPENDENT_BRIDGE,administered,4,monthly_weighted_error,27,0.02256123158105561,0.06104144156887639,0.035453550094054286
recent_origins,all_models_all_blocks_common,INDEPENDENT_BRIDGE,administered,5,monthly_weighted_error,26,0.022644855054748635,0.06204364102482372,0.03592382147234971
recent_origins,all_models_all_blocks_common,INDEPENDENT_BRIDGE,administered,6,monthly_weighted_error,25,0.023116717625109875,0.06337032953927976,0.03670867634580335
recent_origins,all_models_all_blocks_common,INDEPENDENT_BRIDGE,administered,7,monthly_weighted_error,24,0.022027975510733922,0.06385987754734067,0.03597097235250131
recent_origins,all_models_all_blocks_common,INDEPENDENT_BRIDGE,administered,8,monthly_weighted_error,23,0.023285313460807668,0.06482456298432475,0.03653637164902481
recent_origins,all_models_all_blocks_common,INDEPENDENT_BRIDGE,administered,9,monthly_weighted_error,22,0.024572096337651783,0.06623682281394007,0.03775447364508573
recent_origins,all_models_all_blocks_common,INDEPENDENT_BRIDGE,administered,10,monthly_weighted_error,21,0.026346187074121296,0.06778290475844177,0.038766347684909885
recent_origins,all_models_all_blocks_common,INDEPENDENT_BRIDGE,administered,11,monthly_weighted_error,20,0.028103082928891254,0.06935418042538732,0.03962105116672175
recent_origins,all_models_all_blocks_common,INDEPENDENT_BRIDGE,administered,12,monthly_weighted_error,19,0.029117286303228938,0.0793838162464254,0.04125999854490648
recent_origins,all_models_all_blocks_common,INDEPENDENT_BRIDGE,alcohol_tobacco,1,monthly_weighted_error,30,0.007975202013068715,0.07052993387662655,0.05814264793108777
recent_origins,all_models_all_blocks_common,INDEPENDENT_BRIDGE,alcohol_tobacco,2,monthly_weighted_error,29,0.005833414511373167,0.07054785208650045,0.05773077235759977
recent_origins,all_models_all_blocks_common,INDEPENDENT_BRIDGE,alcohol_tobacco,3,monthly_weighted_error,28,0.005111459547589932,0.07224953611892619,0.05934360735967035
recent_origins,all_models_all_blocks_common,INDEPENDENT_BRIDGE,alcohol_tobacco,4,monthly_weighted_error,27,0.012562710697324961,0.0636892950739486,0.05453076521558308
recent_origins,all_models_all_blocks_common,INDEPENDENT_BRIDGE,alcohol_tobacco,5,monthly_weighted_error,26,0.010054984996945342,0.06310081610301592,0.05365288319438814
recent_origins,all_models_all_blocks_common,INDEPENDENT_BRIDGE,alcohol_tobacco,6,monthly_weighted_error,25,0.007191693890337381,0.06220269182612656,0.0525335080156779
recent_origins,all_models_all_blocks_common,INDEPENDENT_BRIDGE,alcohol_tobacco,7,monthly_weighted_error,24,0.006621424296211084,0.06349453242486086,0.0540403399270368
recent_origins,all_models_all_blocks_common,INDEPENDENT_BRIDGE,alcohol_tobacco,8,monthly_weighted_error,23,0.010613908304806656,0.062458246041783676,0.052767614906968734
recent_origins,all_models_all_blocks_common,INDEPENDENT_BRIDGE,alcohol_tobacco,9,monthly_weighted_error,22,0.009485943241789864,0.06341524175916724,0.05356096054061035
recent_origins,all_models_all_blocks_common,INDEPENDENT_BRIDGE,alcohol_tobacco,10,monthly_weighted_error,21,0.010070587209777658,0.06491695192965162,0.0560395022242157
recent_origins,all_models_all_blocks_common,INDEPENDENT_BRIDGE,alcohol_tobacco,11,monthly_weighted_error,20,0.00945522403824473,0.06637087938474358,0.057722584803404677
recent_origins,all_models_all_blocks_common,INDEPENDENT_BRIDGE,alcohol_tobacco,12,monthly_weighted_error,19,0.006850250556090887,0.06670968343447363,0.0572819084178367
recent_origins,all_models_all_blocks_common,INDEPENDENT_BRIDGE,core,1,monthly_weighted_error,30,-0.02169956734356542,0.11645084966686775,0.09654565616223086
recent_origins,all_models_all_blocks_common,INDEPENDENT_BRIDGE,core,2,monthly_weighted_error,29,-0.016391212957337396,0.10625586171367811,0.08354581181463147
recent_origins,all_models_all_blocks_common,INDEPENDENT_BRIDGE,core,3,monthly_weighted_error,28,-0.0025830246715794897,0.0920249047308184,0.07339055326079554
recent_origins,all_models_all_blocks_common,INDEPENDENT_BRIDGE,core,4,monthly_weighted_error,27,-0.01112678384732322,0.08646388353048491,0.06875471591098038
recent_origins,all_models_all_blocks_common,INDEPENDENT_BRIDGE,core,5,monthly_weighted_error,26,-0.019189513107959962,0.11532971868519558,0.0743575236773972
recent_origins,all_models_all_blocks_common,INDEPENDENT_BRIDGE,core,6,monthly_weighted_error,25,-0.03362109269523251,0.1132877014806802,0.08439369880659481
recent_origins,all_models_all_blocks_common,INDEPENDENT_BRIDGE,core,7,monthly_weighted_error,24,-0.01931543665128231,0.10771318084269733,0.08692517762223455
recent_origins,all_models_all_blocks_common,INDEPENDENT_BRIDGE,core,8,monthly_weighted_error,23,-0.010269909049598187,0.11773303580616572,0.10280328355740931
recent_origins,all_models_all_blocks_common,INDEPENDENT_BRIDGE,core,9,monthly_weighted_error,22,-0.01121193669775654,0.0892978091127393,0.07362566841781738
recent_origins,all_models_all_blocks_common,INDEPENDENT_BRIDGE,core,10,monthly_weighted_error,21,-0.019577165740734457,0.09666112115363398,0.06909640771537796
recent_origins,all_models_all_blocks_common,INDEPENDENT_BRIDGE,core,11,monthly_weighted_error,20,-0.013685009700244343,0.08444743987832248,0.06411142908347475
recent_origins,all_models_all_blocks_common,INDEPENDENT_BRIDGE,core,12,monthly_weighted_error,19,-0.012588776108401077,0.11568494765322207,0.08457865125242253
recent_origins,all_models_all_blocks_common,INDEPENDENT_BRIDGE,food,1,monthly_weighted_error,30,0.016113449787297864,0.14906091352285913,0.12034068599037866
recent_origins,all_models_all_blocks_common,INDEPENDENT_BRIDGE,food,2,monthly_weighted_error,29,0.01887684822784282,0.15314415107870002,0.12317399569794697
recent_origins,all_models_all_blocks_common,INDEPENDENT_BRIDGE,food,3,monthly_weighted_error,28,0.013824941291429749,0.13524073792422042,0.10377304720753115
recent_origins,all_models_all_blocks_common,INDEPENDENT_BRIDGE,food,4,monthly_weighted_error,27,0.07473667813511196,0.15896089144838704,0.13337758791114013
recent_origins,all_models_all_blocks_common,INDEPENDENT_BRIDGE,food,5,monthly_weighted_error,26,0.0691033939145847,0.15621823939355767,0.12999972329738316
recent_origins,all_models_all_blocks_common,INDEPENDENT_BRIDGE,food,6,monthly_weighted_error,25,0.06557559136741252,0.15611761295838977,0.1289357250873402
recent_origins,all_models_all_blocks_common,INDEPENDENT_BRIDGE,food,7,monthly_weighted_error,24,0.07231644849200813,0.1581248213455996,0.13029950614835928
recent_origins,all_models_all_blocks_common,INDEPENDENT_BRIDGE,food,8,monthly_weighted_error,23,0.08065126823232881,0.1596410496863463,0.13077407574022848
recent_origins,all_models_all_blocks_common,INDEPENDENT_BRIDGE,food,9,monthly_weighted_error,22,0.09717324310882866,0.15173850610752693,0.12390388585978179
recent_origins,all_models_all_blocks_common,INDEPENDENT_BRIDGE,food,10,monthly_weighted_error,21,0.0957912558234309,0.1528439969271232,0.12379478632442939
recent_origins,all_models_all_blocks_common,INDEPENDENT_BRIDGE,food,11,monthly_weighted_error,20,0.09783219916131813,0.15613838394371074,0.12723590618736658
recent_origins,all_models_all_blocks_common,INDEPENDENT_BRIDGE,food,12,monthly_weighted_error,19,0.101554239343304,0.1582394532980274,0.1191305286930461
recent_origins,all_models_all_blocks_common,INDEPENDENT_BRIDGE,fuel,1,monthly_weighted_error,30,0.0008355864203336946,0.15082702516025215,0.09826356414077768
recent_origins,all_models_all_blocks_common,INDEPENDENT_BRIDGE,fuel,2,monthly_weighted_error,29,0.0022650709347495856,0.1644973039809723,0.10025129171467598
recent_origins,all_models_all_blocks_common,INDEPENDENT_BRIDGE,fuel,3,monthly_weighted_error,28,0.003921510252983006,0.16838186658610133,0.10225615106249349
recent_origins,all_models_all_blocks_common,INDEPENDENT_BRIDGE,fuel,4,monthly_weighted_error,27,0.0062384315826055255,0.1705616592032174,0.10299297854224554
recent_origins,all_models_all_blocks_common,INDEPENDENT_BRIDGE,fuel,5,monthly_weighted_error,26,0.0027775826465397595,0.17437207069016405,0.1032534583353967
recent_origins,all_models_all_blocks_common,INDEPENDENT_BRIDGE,fuel,6,monthly_weighted_error,25,-0.005053738882894967,0.17363586007725537,0.09981097756906733
recent_origins,all_models_all_blocks_common,INDEPENDENT_BRIDGE,fuel,7,monthly_weighted_error,24,-0.003869601662926469,0.17685355873727382,0.10186701799754548
recent_origins,all_models_all_blocks_common,INDEPENDENT_BRIDGE,fuel,8,monthly_weighted_error,23,-0.008073011470519734,0.17918123942133157,0.10226085252301621
recent_origins,all_models_all_blocks_common,INDEPENDENT_BRIDGE,fuel,9,monthly_weighted_error,22,-0.016240398234757633,0.17966801476255304,0.09910864139484814
recent_origins,all_models_all_blocks_common,INDEPENDENT_BRIDGE,fuel,10,monthly_weighted_error,21,-0.018758433758543042,0.18364297540956176,0.1016986547270141
recent_origins,all_models_all_blocks_common,INDEPENDENT_BRIDGE,fuel,11,monthly_weighted_error,20,-0.017653162161815738,0.18793070871827663,0.10474039417871035
recent_origins,all_models_all_blocks_common,INDEPENDENT_BRIDGE,fuel,12,monthly_weighted_error,19,-0.012928615207935706,0.19263501664999627,0.11533956962816533
recent_origins,own_coverage,INDEPENDENT_BRIDGE,administered,1,cumulative_log_error,30,0.09856223224648565,0.35194233623290344,0.21161165658438408
recent_origins,own_coverage,INDEPENDENT_BRIDGE,administered,2,cumulative_log_error,29,0.20736497130165837,0.5421262474660594,0.37924302864027726
recent_origins,own_coverage,INDEPENDENT_BRIDGE,administered,3,cumulative_log_error,28,0.3417129526831226,0.7181046560199613,0.4910851068092214
recent_origins,own_coverage,INDEPENDENT_BRIDGE,administered,4,cumulative_log_error,27,0.4860126363891397,0.8705664081211627,0.5966591040975621
recent_origins,own_coverage,INDEPENDENT_BRIDGE,administered,5,cumulative_log_error,26,0.6394877811719799,1.0209769225816976,0.6851817427463558
recent_origins,own_coverage,INDEPENDENT_BRIDGE,administered,6,cumulative_log_error,25,0.801242936205113,1.1793710466889655,0.8170137805830775
recent_origins,own_coverage,INDEPENDENT_BRIDGE,administered,7,cumulative_log_error,24,0.9556245231694058,1.331380202416198,0.9843106673389456
recent_origins,own_coverage,INDEPENDENT_BRIDGE,administered,8,cumulative_log_error,23,1.0602992463185301,1.4525312302889222,1.103264152165186
recent_origins,own_coverage,INDEPENDENT_BRIDGE,administered,9,cumulative_log_error,22,1.1722108815964547,1.5623421822778703,1.2353014710376593
recent_origins,own_coverage,INDEPENDENT_BRIDGE,administered,10,cumulative_log_error,21,1.2780741197289134,1.6479820031563073,1.325073702122412
recent_origins,own_coverage,INDEPENDENT_BRIDGE,administered,11,cumulative_log_error,20,1.394518681672118,1.7400232907032367,1.4039074357593537
recent_origins,own_coverage,INDEPENDENT_BRIDGE,administered,12,cumulative_log_error,19,1.5046811633303383,1.8464891858174268,1.5046811633303383
recent_origins,own_coverage,INDEPENDENT_BRIDGE,alcohol_tobacco,1,cumulative_log_error,30,0.09998571875423784,0.8276404410695417,0.684493384799216
recent_origins,own_coverage,INDEPENDENT_BRIDGE,alcohol_tobacco,2,cumulative_log_error,29,0.1567638299214368,0.9558506405366495,0.8054131685484633
recent_origins,own_coverage,INDEPENDENT_BRIDGE,alcohol_tobacco,3,cumulative_log_error,28,0.21386281888563272,0.8252130190677663,0.6658590517571493
recent_origins,own_coverage,INDEPENDENT_BRIDGE,alcohol_tobacco,4,cumulative_log_error,27,0.32995631187948926,0.7619987568494851,0.6074561947483562
recent_origins,own_coverage,INDEPENDENT_BRIDGE,alcohol_tobacco,5,cumulative_log_error,26,0.4543987187596439,0.9296659713488785,0.7282536711670679
recent_origins,own_coverage,INDEPENDENT_BRIDGE,alcohol_tobacco,6,cumulative_log_error,25,0.5081469384311007,1.007530178888407,0.8820486553774128
recent_origins,own_coverage,INDEPENDENT_BRIDGE,alcohol_tobacco,7,cumulative_log_error,24,0.5184512246999713,0.9943219010506297,0.8177436389410615
recent_origins,own_coverage,INDEPENDENT_BRIDGE,alcohol_tobacco,8,cumulative_log_error,23,0.6362854022060134,1.0407343082551428,0.8245334259740333
recent_origins,own_coverage,INDEPENDENT_BRIDGE,alcohol_tobacco,9,cumulative_log_error,22,0.726869490135797,1.02009098735661,0.869158772632662
recent_origins,own_coverage,INDEPENDENT_BRIDGE,alcohol_tobacco,10,cumulative_log_error,21,0.79843924651363,1.1180173349601026,0.944088480921138
recent_origins,own_coverage,INDEPENDENT_BRIDGE,alcohol_tobacco,11,cumulative_log_error,20,0.9165702702196578,1.2013572904603693,1.0106734536617958
recent_origins,own_coverage,INDEPENDENT_BRIDGE,alcohol_tobacco,12,cumulative_log_error,19,1.0198333999965024,1.3069179281889458,1.0674643168437372
recent_origins,own_coverage,INDEPENDENT_BRIDGE,core,1,cumulative_log_error,30,-0.04069535976883508,0.21816294827582036,0.18065299736779689
recent_origins,own_coverage,INDEPENDENT_BRIDGE,core,2,cumulative_log_error,29,-0.06769192644107219,0.35024161928596875,0.2993782956308994
recent_origins,own_coverage,INDEPENDENT_BRIDGE,core,3,cumulative_log_error,28,-0.07390490793846435,0.42426574498139336,0.3657813745548522
recent_origins,own_coverage,INDEPENDENT_BRIDGE,core,4,cumulative_log_error,27,-0.0943266856853447,0.47995748209376116,0.4071881550880066
recent_origins,own_coverage,INDEPENDENT_BRIDGE,core,5,cumulative_log_error,26,-0.13113824828247128,0.5807891773893533,0.5067948669826637
recent_origins,own_coverage,INDEPENDENT_BRIDGE,core,6,cumulative_log_error,25,-0.18439371214189923,0.7256389597039801,0.6472450385016755
recent_origins,own_coverage,INDEPENDENT_BRIDGE,core,7,cumulative_log_error,24,-0.1945547938843816,0.8703657851338832,0.746949660256809
recent_origins,own_coverage,INDEPENDENT_BRIDGE,core,8,cumulative_log_error,23,-0.18109212143891015,1.0388005991626248,0.8660194670094994
recent_origins,own_coverage,INDEPENDENT_BRIDGE,core,9,cumulative_log_error,22,-0.15283758340559545,1.133837543097704,0.9699130267493508
recent_origins,own_coverage,INDEPENDENT_BRIDGE,core,10,cumulative_log_error,21,-0.1431133955288621,1.2194123499959137,0.9901268337801777
recent_origins,own_coverage,INDEPENDENT_BRIDGE,core,11,cumulative_log_error,20,-0.19038887163020124,1.3470276498867746,1.0813953563408136
recent_origins,own_coverage,INDEPENDENT_BRIDGE,core,12,cumulative_log_error,19,-0.27013049237730175,1.5434638238948875,1.192660944543377
recent_origins,own_coverage,INDEPENDENT_BRIDGE,food,1,cumulative_log_error,30,0.09393919625480553,0.8429019335806954,0.6811174897207137
recent_origins,own_coverage,INDEPENDENT_BRIDGE,food,2,cumulative_log_error,29,0.2136152618997101,1.2012804395896306,0.9209445804065353
recent_origins,own_coverage,INDEPENDENT_BRIDGE,food,3,cumulative_log_error,28,0.254494888951833,1.440857998481053,1.1499335511691284
recent_origins,own_coverage,INDEPENDENT_BRIDGE,food,4,cumulative_log_error,27,0.6226811447133961,1.7279924504492903,1.4465549439385965
recent_origins,own_coverage,INDEPENDENT_BRIDGE,food,5,cumulative_log_error,26,1.0064196828324081,2.113685153051646,1.7989743355518064
recent_origins,own_coverage,INDEPENDENT_BRIDGE,food,6,cumulative_log_error,25,1.3686033518556682,2.651282801603493,2.234522575189908
recent_origins,own_coverage,INDEPENDENT_BRIDGE,food,7,cumulative_log_error,24,1.64437866991186,2.9996826835227934,2.488989572893766
recent_origins,own_coverage,INDEPENDENT_BRIDGE,food,8,cumulative_log_error,23,1.9607119450876862,3.420183840220372,2.819054819143756
recent_origins,own_coverage,INDEPENDENT_BRIDGE,food,9,cumulative_log_error,22,2.3370896684783107,3.7737268594549174,2.946289328278992
recent_origins,own_coverage,INDEPENDENT_BRIDGE,food,10,cumulative_log_error,21,2.626985258143235,4.071237314578727,3.216433128963575
recent_origins,own_coverage,INDEPENDENT_BRIDGE,food,11,cumulative_log_error,20,2.924890918390732,4.346906726986766,3.3792003511560638
recent_origins,own_coverage,INDEPENDENT_BRIDGE,food,12,cumulative_log_error,19,3.1873784122249957,4.571828333942154,3.6264876460990507
recent_origins,own_coverage,INDEPENDENT_BRIDGE,fuel,1,cumulative_log_error,30,0.021840089617608815,4.543799891417821,2.909157595655354
recent_origins,own_coverage,INDEPENDENT_BRIDGE,fuel,2,cumulative_log_error,29,0.2449243066989904,7.284970281439613,5.0559064576711705
recent_origins,own_coverage,INDEPENDENT_BRIDGE,fuel,3,cumulative_log_error,28,0.21068625882807748,8.670732093458906,6.1122659020136405
recent_origins,own_coverage,INDEPENDENT_BRIDGE,fuel,4,cumulative_log_error,27,0.23982081564177718,9.089669011225007,6.649064861211858
recent_origins,own_coverage,INDEPENDENT_BRIDGE,fuel,5,cumulative_log_error,26,0.38262617664011817,9.928022087067285,7.575204302826752
recent_origins,own_coverage,INDEPENDENT_BRIDGE,fuel,6,cumulative_log_error,25,0.9979691310809656,10.380519319082719,8.043293132349348
recent_origins,own_coverage,INDEPENDENT_BRIDGE,fuel,7,cumulative_log_error,24,1.7235808003051993,10.741319627397383,8.80038698466902
recent_origins,own_coverage,INDEPENDENT_BRIDGE,fuel,8,cumulative_log_error,23,2.301595666600457,11.036721752301249,9.586092576039642
recent_origins,own_coverage,INDEPENDENT_BRIDGE,fuel,9,cumulative_log_error,22,2.654921469160325,11.39187999243583,10.319188932711395
recent_origins,own_coverage,INDEPENDENT_BRIDGE,fuel,10,cumulative_log_error,21,3.0732992155270233,11.826732205858775,10.96525928722337
recent_origins,own_coverage,INDEPENDENT_BRIDGE,fuel,11,cumulative_log_error,20,3.554374004150018,12.44585766510807,11.563642689370456
recent_origins,own_coverage,INDEPENDENT_BRIDGE,fuel,12,cumulative_log_error,19,4.207790767904211,13.08868012972524,12.105042966557432
recent_origins,model_all_blocks_common,INDEPENDENT_BRIDGE,administered,1,cumulative_log_error,30,0.09856223224648565,0.35194233623290344,0.21161165658438408
recent_origins,model_all_blocks_common,INDEPENDENT_BRIDGE,administered,2,cumulative_log_error,29,0.20736497130165837,0.5421262474660594,0.37924302864027726
recent_origins,model_all_blocks_common,INDEPENDENT_BRIDGE,administered,3,cumulative_log_error,28,0.3417129526831226,0.7181046560199613,0.4910851068092214
recent_origins,model_all_blocks_common,INDEPENDENT_BRIDGE,administered,4,cumulative_log_error,27,0.4860126363891397,0.8705664081211627,0.5966591040975621
recent_origins,model_all_blocks_common,INDEPENDENT_BRIDGE,administered,5,cumulative_log_error,26,0.6394877811719799,1.0209769225816976,0.6851817427463558
recent_origins,model_all_blocks_common,INDEPENDENT_BRIDGE,administered,6,cumulative_log_error,25,0.801242936205113,1.1793710466889655,0.8170137805830775
recent_origins,model_all_blocks_common,INDEPENDENT_BRIDGE,administered,7,cumulative_log_error,24,0.9556245231694058,1.331380202416198,0.9843106673389456
recent_origins,model_all_blocks_common,INDEPENDENT_BRIDGE,administered,8,cumulative_log_error,23,1.0602992463185301,1.4525312302889222,1.103264152165186
recent_origins,model_all_blocks_common,INDEPENDENT_BRIDGE,administered,9,cumulative_log_error,22,1.1722108815964547,1.5623421822778703,1.2353014710376593
recent_origins,model_all_blocks_common,INDEPENDENT_BRIDGE,administered,10,cumulative_log_error,21,1.2780741197289134,1.6479820031563073,1.325073702122412
recent_origins,model_all_blocks_common,INDEPENDENT_BRIDGE,administered,11,cumulative_log_error,20,1.394518681672118,1.7400232907032367,1.4039074357593537
recent_origins,model_all_blocks_common,INDEPENDENT_BRIDGE,administered,12,cumulative_log_error,19,1.5046811633303383,1.8464891858174268,1.5046811633303383
recent_origins,model_all_blocks_common,INDEPENDENT_BRIDGE,alcohol_tobacco,1,cumulative_log_error,30,0.09998571875423784,0.8276404410695417,0.684493384799216
recent_origins,model_all_blocks_common,INDEPENDENT_BRIDGE,alcohol_tobacco,2,cumulative_log_error,29,0.1567638299214368,0.9558506405366495,0.8054131685484633
recent_origins,model_all_blocks_common,INDEPENDENT_BRIDGE,alcohol_tobacco,3,cumulative_log_error,28,0.21386281888563272,0.8252130190677663,0.6658590517571493
recent_origins,model_all_blocks_common,INDEPENDENT_BRIDGE,alcohol_tobacco,4,cumulative_log_error,27,0.32995631187948926,0.7619987568494851,0.6074561947483562
recent_origins,model_all_blocks_common,INDEPENDENT_BRIDGE,alcohol_tobacco,5,cumulative_log_error,26,0.4543987187596439,0.9296659713488785,0.7282536711670679
recent_origins,model_all_blocks_common,INDEPENDENT_BRIDGE,alcohol_tobacco,6,cumulative_log_error,25,0.5081469384311007,1.007530178888407,0.8820486553774128
recent_origins,model_all_blocks_common,INDEPENDENT_BRIDGE,alcohol_tobacco,7,cumulative_log_error,24,0.5184512246999713,0.9943219010506297,0.8177436389410615
recent_origins,model_all_blocks_common,INDEPENDENT_BRIDGE,alcohol_tobacco,8,cumulative_log_error,23,0.6362854022060134,1.0407343082551428,0.8245334259740333
recent_origins,model_all_blocks_common,INDEPENDENT_BRIDGE,alcohol_tobacco,9,cumulative_log_error,22,0.726869490135797,1.02009098735661,0.869158772632662
recent_origins,model_all_blocks_common,INDEPENDENT_BRIDGE,alcohol_tobacco,10,cumulative_log_error,21,0.79843924651363,1.1180173349601026,0.944088480921138
recent_origins,model_all_blocks_common,INDEPENDENT_BRIDGE,alcohol_tobacco,11,cumulative_log_error,20,0.9165702702196578,1.2013572904603693,1.0106734536617958
recent_origins,model_all_blocks_common,INDEPENDENT_BRIDGE,alcohol_tobacco,12,cumulative_log_error,19,1.0198333999965024,1.3069179281889458,1.0674643168437372
recent_origins,model_all_blocks_common,INDEPENDENT_BRIDGE,core,1,cumulative_log_error,30,-0.04069535976883508,0.21816294827582036,0.18065299736779689
recent_origins,model_all_blocks_common,INDEPENDENT_BRIDGE,core,2,cumulative_log_error,29,-0.06769192644107219,0.35024161928596875,0.2993782956308994
recent_origins,model_all_blocks_common,INDEPENDENT_BRIDGE,core,3,cumulative_log_error,28,-0.07390490793846435,0.42426574498139336,0.3657813745548522
recent_origins,model_all_blocks_common,INDEPENDENT_BRIDGE,core,4,cumulative_log_error,27,-0.0943266856853447,0.47995748209376116,0.4071881550880066
recent_origins,model_all_blocks_common,INDEPENDENT_BRIDGE,core,5,cumulative_log_error,26,-0.13113824828247128,0.5807891773893533,0.5067948669826637
recent_origins,model_all_blocks_common,INDEPENDENT_BRIDGE,core,6,cumulative_log_error,25,-0.18439371214189923,0.7256389597039801,0.6472450385016755
recent_origins,model_all_blocks_common,INDEPENDENT_BRIDGE,core,7,cumulative_log_error,24,-0.1945547938843816,0.8703657851338832,0.746949660256809
recent_origins,model_all_blocks_common,INDEPENDENT_BRIDGE,core,8,cumulative_log_error,23,-0.18109212143891015,1.0388005991626248,0.8660194670094994
recent_origins,model_all_blocks_common,INDEPENDENT_BRIDGE,core,9,cumulative_log_error,22,-0.15283758340559545,1.133837543097704,0.9699130267493508
recent_origins,model_all_blocks_common,INDEPENDENT_BRIDGE,core,10,cumulative_log_error,21,-0.1431133955288621,1.2194123499959137,0.9901268337801777
recent_origins,model_all_blocks_common,INDEPENDENT_BRIDGE,core,11,cumulative_log_error,20,-0.19038887163020124,1.3470276498867746,1.0813953563408136
recent_origins,model_all_blocks_common,INDEPENDENT_BRIDGE,core,12,cumulative_log_error,19,-0.27013049237730175,1.5434638238948875,1.192660944543377
recent_origins,model_all_blocks_common,INDEPENDENT_BRIDGE,food,1,cumulative_log_error,30,0.09393919625480553,0.8429019335806954,0.6811174897207137
recent_origins,model_all_blocks_common,INDEPENDENT_BRIDGE,food,2,cumulative_log_error,29,0.2136152618997101,1.2012804395896306,0.9209445804065353
recent_origins,model_all_blocks_common,INDEPENDENT_BRIDGE,food,3,cumulative_log_error,28,0.254494888951833,1.440857998481053,1.1499335511691284
recent_origins,model_all_blocks_common,INDEPENDENT_BRIDGE,food,4,cumulative_log_error,27,0.6226811447133961,1.7279924504492903,1.4465549439385965
recent_origins,model_all_blocks_common,INDEPENDENT_BRIDGE,food,5,cumulative_log_error,26,1.0064196828324081,2.113685153051646,1.7989743355518064
recent_origins,model_all_blocks_common,INDEPENDENT_BRIDGE,food,6,cumulative_log_error,25,1.3686033518556682,2.651282801603493,2.234522575189908
recent_origins,model_all_blocks_common,INDEPENDENT_BRIDGE,food,7,cumulative_log_error,24,1.64437866991186,2.9996826835227934,2.488989572893766
recent_origins,model_all_blocks_common,INDEPENDENT_BRIDGE,food,8,cumulative_log_error,23,1.9607119450876862,3.420183840220372,2.819054819143756
recent_origins,model_all_blocks_common,INDEPENDENT_BRIDGE,food,9,cumulative_log_error,22,2.3370896684783107,3.7737268594549174,2.946289328278992
recent_origins,model_all_blocks_common,INDEPENDENT_BRIDGE,food,10,cumulative_log_error,21,2.626985258143235,4.071237314578727,3.216433128963575
recent_origins,model_all_blocks_common,INDEPENDENT_BRIDGE,food,11,cumulative_log_error,20,2.924890918390732,4.346906726986766,3.3792003511560638
recent_origins,model_all_blocks_common,INDEPENDENT_BRIDGE,food,12,cumulative_log_error,19,3.1873784122249957,4.571828333942154,3.6264876460990507
recent_origins,model_all_blocks_common,INDEPENDENT_BRIDGE,fuel,1,cumulative_log_error,30,0.021840089617608815,4.543799891417821,2.909157595655354
recent_origins,model_all_blocks_common,INDEPENDENT_BRIDGE,fuel,2,cumulative_log_error,29,0.2449243066989904,7.284970281439613,5.0559064576711705
recent_origins,model_all_blocks_common,INDEPENDENT_BRIDGE,fuel,3,cumulative_log_error,28,0.21068625882807748,8.670732093458906,6.1122659020136405
recent_origins,model_all_blocks_common,INDEPENDENT_BRIDGE,fuel,4,cumulative_log_error,27,0.23982081564177718,9.089669011225007,6.649064861211858
recent_origins,model_all_blocks_common,INDEPENDENT_BRIDGE,fuel,5,cumulative_log_error,26,0.38262617664011817,9.928022087067285,7.575204302826752
recent_origins,model_all_blocks_common,INDEPENDENT_BRIDGE,fuel,6,cumulative_log_error,25,0.9979691310809656,10.380519319082719,8.043293132349348
recent_origins,model_all_blocks_common,INDEPENDENT_BRIDGE,fuel,7,cumulative_log_error,24,1.7235808003051993,10.741319627397383,8.80038698466902
recent_origins,model_all_blocks_common,INDEPENDENT_BRIDGE,fuel,8,cumulative_log_error,23,2.301595666600457,11.036721752301249,9.586092576039642
recent_origins,model_all_blocks_common,INDEPENDENT_BRIDGE,fuel,9,cumulative_log_error,22,2.654921469160325,11.39187999243583,10.319188932711395
recent_origins,model_all_blocks_common,INDEPENDENT_BRIDGE,fuel,10,cumulative_log_error,21,3.0732992155270233,11.826732205858775,10.96525928722337
recent_origins,model_all_blocks_common,INDEPENDENT_BRIDGE,fuel,11,cumulative_log_error,20,3.554374004150018,12.44585766510807,11.563642689370456
recent_origins,model_all_blocks_common,INDEPENDENT_BRIDGE,fuel,12,cumulative_log_error,19,4.207790767904211,13.08868012972524,12.105042966557432
recent_origins,all_models_all_blocks_common,INDEPENDENT_BRIDGE,administered,1,cumulative_log_error,30,0.09856223224648565,0.35194233623290344,0.21161165658438408
recent_origins,all_models_all_blocks_common,INDEPENDENT_BRIDGE,administered,2,cumulative_log_error,29,0.20736497130165837,0.5421262474660594,0.37924302864027726
recent_origins,all_models_all_blocks_common,INDEPENDENT_BRIDGE,administered,3,cumulative_log_error,28,0.3417129526831226,0.7181046560199613,0.4910851068092214
recent_origins,all_models_all_blocks_common,INDEPENDENT_BRIDGE,administered,4,cumulative_log_error,27,0.4860126363891397,0.8705664081211627,0.5966591040975621
recent_origins,all_models_all_blocks_common,INDEPENDENT_BRIDGE,administered,5,cumulative_log_error,26,0.6394877811719799,1.0209769225816976,0.6851817427463558
recent_origins,all_models_all_blocks_common,INDEPENDENT_BRIDGE,administered,6,cumulative_log_error,25,0.801242936205113,1.1793710466889655,0.8170137805830775
recent_origins,all_models_all_blocks_common,INDEPENDENT_BRIDGE,administered,7,cumulative_log_error,24,0.9556245231694058,1.331380202416198,0.9843106673389456
recent_origins,all_models_all_blocks_common,INDEPENDENT_BRIDGE,administered,8,cumulative_log_error,23,1.0602992463185301,1.4525312302889222,1.103264152165186
recent_origins,all_models_all_blocks_common,INDEPENDENT_BRIDGE,administered,9,cumulative_log_error,22,1.1722108815964547,1.5623421822778703,1.2353014710376593
recent_origins,all_models_all_blocks_common,INDEPENDENT_BRIDGE,administered,10,cumulative_log_error,21,1.2780741197289134,1.6479820031563073,1.325073702122412
recent_origins,all_models_all_blocks_common,INDEPENDENT_BRIDGE,administered,11,cumulative_log_error,20,1.394518681672118,1.7400232907032367,1.4039074357593537
recent_origins,all_models_all_blocks_common,INDEPENDENT_BRIDGE,administered,12,cumulative_log_error,19,1.5046811633303383,1.8464891858174268,1.5046811633303383
recent_origins,all_models_all_blocks_common,INDEPENDENT_BRIDGE,alcohol_tobacco,1,cumulative_log_error,30,0.09998571875423784,0.8276404410695417,0.684493384799216
recent_origins,all_models_all_blocks_common,INDEPENDENT_BRIDGE,alcohol_tobacco,2,cumulative_log_error,29,0.1567638299214368,0.9558506405366495,0.8054131685484633
recent_origins,all_models_all_blocks_common,INDEPENDENT_BRIDGE,alcohol_tobacco,3,cumulative_log_error,28,0.21386281888563272,0.8252130190677663,0.6658590517571493
recent_origins,all_models_all_blocks_common,INDEPENDENT_BRIDGE,alcohol_tobacco,4,cumulative_log_error,27,0.32995631187948926,0.7619987568494851,0.6074561947483562
recent_origins,all_models_all_blocks_common,INDEPENDENT_BRIDGE,alcohol_tobacco,5,cumulative_log_error,26,0.4543987187596439,0.9296659713488785,0.7282536711670679
recent_origins,all_models_all_blocks_common,INDEPENDENT_BRIDGE,alcohol_tobacco,6,cumulative_log_error,25,0.5081469384311007,1.007530178888407,0.8820486553774128
recent_origins,all_models_all_blocks_common,INDEPENDENT_BRIDGE,alcohol_tobacco,7,cumulative_log_error,24,0.5184512246999713,0.9943219010506297,0.8177436389410615
recent_origins,all_models_all_blocks_common,INDEPENDENT_BRIDGE,alcohol_tobacco,8,cumulative_log_error,23,0.6362854022060134,1.0407343082551428,0.8245334259740333
recent_origins,all_models_all_blocks_common,INDEPENDENT_BRIDGE,alcohol_tobacco,9,cumulative_log_error,22,0.726869490135797,1.02009098735661,0.869158772632662
recent_origins,all_models_all_blocks_common,INDEPENDENT_BRIDGE,alcohol_tobacco,10,cumulative_log_error,21,0.79843924651363,1.1180173349601026,0.944088480921138
recent_origins,all_models_all_blocks_common,INDEPENDENT_BRIDGE,alcohol_tobacco,11,cumulative_log_error,20,0.9165702702196578,1.2013572904603693,1.0106734536617958
recent_origins,all_models_all_blocks_common,INDEPENDENT_BRIDGE,alcohol_tobacco,12,cumulative_log_error,19,1.0198333999965024,1.3069179281889458,1.0674643168437372
recent_origins,all_models_all_blocks_common,INDEPENDENT_BRIDGE,core,1,cumulative_log_error,30,-0.04069535976883508,0.21816294827582036,0.18065299736779689
recent_origins,all_models_all_blocks_common,INDEPENDENT_BRIDGE,core,2,cumulative_log_error,29,-0.06769192644107219,0.35024161928596875,0.2993782956308994
recent_origins,all_models_all_blocks_common,INDEPENDENT_BRIDGE,core,3,cumulative_log_error,28,-0.07390490793846435,0.42426574498139336,0.3657813745548522
recent_origins,all_models_all_blocks_common,INDEPENDENT_BRIDGE,core,4,cumulative_log_error,27,-0.0943266856853447,0.47995748209376116,0.4071881550880066
recent_origins,all_models_all_blocks_common,INDEPENDENT_BRIDGE,core,5,cumulative_log_error,26,-0.13113824828247128,0.5807891773893533,0.5067948669826637
recent_origins,all_models_all_blocks_common,INDEPENDENT_BRIDGE,core,6,cumulative_log_error,25,-0.18439371214189923,0.7256389597039801,0.6472450385016755
recent_origins,all_models_all_blocks_common,INDEPENDENT_BRIDGE,core,7,cumulative_log_error,24,-0.1945547938843816,0.8703657851338832,0.746949660256809
recent_origins,all_models_all_blocks_common,INDEPENDENT_BRIDGE,core,8,cumulative_log_error,23,-0.18109212143891015,1.0388005991626248,0.8660194670094994
recent_origins,all_models_all_blocks_common,INDEPENDENT_BRIDGE,core,9,cumulative_log_error,22,-0.15283758340559545,1.133837543097704,0.9699130267493508
recent_origins,all_models_all_blocks_common,INDEPENDENT_BRIDGE,core,10,cumulative_log_error,21,-0.1431133955288621,1.2194123499959137,0.9901268337801777
recent_origins,all_models_all_blocks_common,INDEPENDENT_BRIDGE,core,11,cumulative_log_error,20,-0.19038887163020124,1.3470276498867746,1.0813953563408136
recent_origins,all_models_all_blocks_common,INDEPENDENT_BRIDGE,core,12,cumulative_log_error,19,-0.27013049237730175,1.5434638238948875,1.192660944543377
recent_origins,all_models_all_blocks_common,INDEPENDENT_BRIDGE,food,1,cumulative_log_error,30,0.09393919625480553,0.8429019335806954,0.6811174897207137
recent_origins,all_models_all_blocks_common,INDEPENDENT_BRIDGE,food,2,cumulative_log_error,29,0.2136152618997101,1.2012804395896306,0.9209445804065353
recent_origins,all_models_all_blocks_common,INDEPENDENT_BRIDGE,food,3,cumulative_log_error,28,0.254494888951833,1.440857998481053,1.1499335511691284
recent_origins,all_models_all_blocks_common,INDEPENDENT_BRIDGE,food,4,cumulative_log_error,27,0.6226811447133961,1.7279924504492903,1.4465549439385965
recent_origins,all_models_all_blocks_common,INDEPENDENT_BRIDGE,food,5,cumulative_log_error,26,1.0064196828324081,2.113685153051646,1.7989743355518064
recent_origins,all_models_all_blocks_common,INDEPENDENT_BRIDGE,food,6,cumulative_log_error,25,1.3686033518556682,2.651282801603493,2.234522575189908
recent_origins,all_models_all_blocks_common,INDEPENDENT_BRIDGE,food,7,cumulative_log_error,24,1.64437866991186,2.9996826835227934,2.488989572893766
recent_origins,all_models_all_blocks_common,INDEPENDENT_BRIDGE,food,8,cumulative_log_error,23,1.9607119450876862,3.420183840220372,2.819054819143756
recent_origins,all_models_all_blocks_common,INDEPENDENT_BRIDGE,food,9,cumulative_log_error,22,2.3370896684783107,3.7737268594549174,2.946289328278992
recent_origins,all_models_all_blocks_common,INDEPENDENT_BRIDGE,food,10,cumulative_log_error,21,2.626985258143235,4.071237314578727,3.216433128963575
recent_origins,all_models_all_blocks_common,INDEPENDENT_BRIDGE,food,11,cumulative_log_error,20,2.924890918390732,4.346906726986766,3.3792003511560638
recent_origins,all_models_all_blocks_common,INDEPENDENT_BRIDGE,food,12,cumulative_log_error,19,3.1873784122249957,4.571828333942154,3.6264876460990507
recent_origins,all_models_all_blocks_common,INDEPENDENT_BRIDGE,fuel,1,cumulative_log_error,30,0.021840089617608815,4.543799891417821,2.909157595655354
recent_origins,all_models_all_blocks_common,INDEPENDENT_BRIDGE,fuel,2,cumulative_log_error,29,0.2449243066989904,7.284970281439613,5.0559064576711705
recent_origins,all_models_all_blocks_common,INDEPENDENT_BRIDGE,fuel,3,cumulative_log_error,28,0.21068625882807748,8.670732093458906,6.1122659020136405
recent_origins,all_models_all_blocks_common,INDEPENDENT_BRIDGE,fuel,4,cumulative_log_error,27,0.23982081564177718,9.089669011225007,6.649064861211858
recent_origins,all_models_all_blocks_common,INDEPENDENT_BRIDGE,fuel,5,cumulative_log_error,26,0.38262617664011817,9.928022087067285,7.575204302826752
recent_origins,all_models_all_blocks_common,INDEPENDENT_BRIDGE,fuel,6,cumulative_log_error,25,0.9979691310809656,10.380519319082719,8.043293132349348
recent_origins,all_models_all_blocks_common,INDEPENDENT_BRIDGE,fuel,7,cumulative_log_error,24,1.7235808003051993,10.741319627397383,8.80038698466902
recent_origins,all_models_all_blocks_common,INDEPENDENT_BRIDGE,fuel,8,cumulative_log_error,23,2.301595666600457,11.036721752301249,9.586092576039642
recent_origins,all_models_all_blocks_common,INDEPENDENT_BRIDGE,fuel,9,cumulative_log_error,22,2.654921469160325,11.39187999243583,10.319188932711395
recent_origins,all_models_all_blocks_common,INDEPENDENT_BRIDGE,fuel,10,cumulative_log_error,21,3.0732992155270233,11.826732205858775,10.96525928722337
recent_origins,all_models_all_blocks_common,INDEPENDENT_BRIDGE,fuel,11,cumulative_log_error,20,3.554374004150018,12.44585766510807,11.563642689370456
recent_origins,all_models_all_blocks_common,INDEPENDENT_BRIDGE,fuel,12,cumulative_log_error,19,4.207790767904211,13.08868012972524,12.105042966557432
recent_origins,own_coverage,INDEPENDENT_BRIDGE,administered,1,cumulative_weighted_error,30,0.0175622051927742,0.060568387830030136,0.03633595812657811
recent_origins,own_coverage,INDEPENDENT_BRIDGE,administered,2,cumulative_weighted_error,29,0.03692726701748563,0.09344056536117346,0.06524768831864793
recent_origins,own_coverage,INDEPENDENT_BRIDGE,administered,3,cumulative_weighted_error,28,0.05995060788226988,0.12404883510152366,0.08441100240386833
recent_origins,own_coverage,INDEPENDENT_BRIDGE,administered,4,cumulative_weighted_error,27,0.084732232347854,0.1509474375778758,0.1027169396123619
recent_origins,own_coverage,INDEPENDENT_BRIDGE,administered,5,cumulative_weighted_error,26,0.1113051216246733,0.17758187421608984,0.11857501721233629
recent_origins,own_coverage,INDEPENDENT_BRIDGE,administered,6,cumulative_weighted_error,25,0.13956991041180944,0.2055279460302599,0.14199252841666127
recent_origins,own_coverage,INDEPENDENT_BRIDGE,administered,7,cumulative_weighted_error,24,0.16705086849332748,0.2323565094042287,0.17146709923133854
recent_origins,own_coverage,INDEPENDENT_BRIDGE,administered,8,cumulative_weighted_error,23,0.1854889329184768,0.2535646183585183,0.19207213401861753
recent_origins,own_coverage,INDEPENDENT_BRIDGE,administered,9,cumulative_weighted_error,22,0.2050587249892681,0.27272597886123723,0.21469413750856506
recent_origins,own_coverage,INDEPENDENT_BRIDGE,administered,10,cumulative_weighted_error,21,0.22332942342193404,0.2879008854253739,0.23053959605542154
recent_origins,own_coverage,INDEPENDENT_BRIDGE,administered,11,cumulative_weighted_error,20,0.2429721984766386,0.3040351366454884,0.244486334729671
recent_origins,own_coverage,INDEPENDENT_BRIDGE,administered,12,cumulative_weighted_error,19,0.26193445044585156,0.32297931953375625,0.26193445044585156
recent_origins,own_coverage,INDEPENDENT_BRIDGE,alcohol_tobacco,1,cumulative_weighted_error,30,0.007975202013068715,0.07052993387662655,0.05814264793108777
recent_origins,own_coverage,INDEPENDENT_BRIDGE,alcohol_tobacco,2,cumulative_weighted_error,29,0.012329893866099855,0.08157031829535263,0.06887707245162135
recent_origins,own_coverage,INDEPENDENT_BRIDGE,alcohol_tobacco,3,cumulative_weighted_error,28,0.016410006690121017,0.07005130535984234,0.05706301824668799
recent_origins,own_coverage,INDEPENDENT_BRIDGE,alcohol_tobacco,4,cumulative_weighted_error,27,0.025852375958519844,0.06423090166883941,0.05112028845720443
recent_origins,own_coverage,INDEPENDENT_BRIDGE,alcohol_tobacco,5,cumulative_weighted_error,26,0.03591181032865044,0.07811480988041962,0.06090557953616243
recent_origins,own_coverage,INDEPENDENT_BRIDGE,alcohol_tobacco,6,cumulative_weighted_error,25,0.039996569750089146,0.08457821028566413,0.07345385007615772
recent_origins,own_coverage,INDEPENDENT_BRIDGE,alcohol_tobacco,7,cumulative_weighted_error,24,0.04017665646890781,0.08289893086641882,0.06846882906942425
recent_origins,own_coverage,INDEPENDENT_BRIDGE,alcohol_tobacco,8,cumulative_weighted_error,23,0.049778684763055005,0.08601594743566658,0.06851462893665602
recent_origins,own_coverage,INDEPENDENT_BRIDGE,alcohol_tobacco,9,cumulative_weighted_error,22,0.05700612786688595,0.08344354262692173,0.06987294033594393
recent_origins,own_coverage,INDEPENDENT_BRIDGE,alcohol_tobacco,10,cumulative_weighted_error,21,0.06262363457719385,0.09174926080216149,0.07764795453061199
recent_origins,own_coverage,INDEPENDENT_BRIDGE,alcohol_tobacco,11,cumulative_weighted_error,20,0.07220978829129751,0.09827030629905603,0.08137686672148264
recent_origins,own_coverage,INDEPENDENT_BRIDGE,alcohol_tobacco,12,cumulative_weighted_error,19,0.08027583525512033,0.10626615185778314,0.08633585058532585
recent_origins,own_coverage,INDEPENDENT_BRIDGE,core,1,cumulative_weighted_error,30,-0.02169956734356542,0.11645084966686775,0.09654565616223086
recent_origins,own_coverage,INDEPENDENT_BRIDGE,core,2,cumulative_weighted_error,29,-0.035725045112993424,0.18694105101252823,0.1597410705620837
recent_origins,own_coverage,INDEPENDENT_BRIDGE,core,3,cumulative_weighted_error,28,-0.03916609542851562,0.22535067458192198,0.19463088507873777
recent_origins,own_coverage,INDEPENDENT_BRIDGE,core,4,cumulative_weighted_error,27,-0.050420800750787156,0.25407912409225497,0.21608651267543688
recent_origins,own_coverage,INDEPENDENT_BRIDGE,core,5,cumulative_weighted_error,26,-0.07050642159764323,0.3096896221743442,0.27000043967646986
recent_origins,own_coverage,INDEPENDENT_BRIDGE,core,6,cumulative_weighted_error,25,-0.09913092854041768,0.38756549089300196,0.34506859817454255
recent_origins,own_coverage,INDEPENDENT_BRIDGE,core,7,cumulative_weighted_error,24,-0.10450848094800864,0.4638011860640041,0.39781446430290984
recent_origins,own_coverage,INDEPENDENT_BRIDGE,core,8,cumulative_weighted_error,23,-0.09722905139241429,0.5536522764797145,0.46138693931491837
recent_origins,own_coverage,INDEPENDENT_BRIDGE,core,9,cumulative_weighted_error,22,-0.08256722069760275,0.6041779818289955,0.5166302063207769
recent_origins,own_coverage,INDEPENDENT_BRIDGE,core,10,cumulative_weighted_error,21,-0.07795583288885134,0.6490309088431113,0.5273801973741679
recent_origins,own_coverage,INDEPENDENT_BRIDGE,core,11,cumulative_weighted_error,20,-0.10349393553298927,0.7174645912019263,0.5759033146607196
recent_origins,own_coverage,INDEPENDENT_BRIDGE,core,12,cumulative_weighted_error,19,-0.14612313305113664,0.8225078067979845,0.6358264186957873
recent_origins,own_coverage,INDEPENDENT_BRIDGE,food,1,cumulative_weighted_error,30,0.016113449787297864,0.14906091352285913,0.12034068599037866
recent_origins,own_coverage,INDEPENDENT_BRIDGE,food,2,cumulative_weighted_error,29,0.036671640080511554,0.21139886118719822,0.16186808652482715
recent_origins,own_coverage,INDEPENDENT_BRIDGE,food,3,cumulative_weighted_error,28,0.043843802097883265,0.25413609494593875,0.20262161521539854
recent_origins,own_coverage,INDEPENDENT_BRIDGE,food,4,cumulative_weighted_error,27,0.10885423263362738,0.30510089746745206,0.2551249305516262
recent_origins,own_coverage,INDEPENDENT_BRIDGE,food,5,cumulative_weighted_error,26,0.17676633543593134,0.37311599993570493,0.3174995880522299
recent_origins,own_coverage,INDEPENDENT_BRIDGE,food,6,cumulative_weighted_error,25,0.24112836846016614,0.46856500661697337,0.39486200348977346
recent_origins,own_coverage,INDEPENDENT_BRIDGE,food,7,cumulative_weighted_error,24,0.28981436333467836,0.5303424211366161,0.44001082186334894
recent_origins,own_coverage,INDEPENDENT_BRIDGE,food,8,cumulative_weighted_error,23,0.345725611772877,0.6049036839159735,0.4986114067941114
recent_origins,own_coverage,INDEPENDENT_BRIDGE,food,9,cumulative_weighted_error,22,0.4122311281454351,0.6672260254804272,0.5208203253953038
recent_origins,own_coverage,INDEPENDENT_BRIDGE,food,10,cumulative_weighted_error,21,0.4633891930003299,0.7199023942271057,0.5685577186248748
recent_origins,own_coverage,INDEPENDENT_BRIDGE,food,11,cumulative_weighted_error,20,0.5159252402172293,0.7685153526973423,0.5974384212405743
recent_origins,own_coverage,INDEPENDENT_BRIDGE,food,12,cumulative_weighted_error,19,0.5622109836228274,0.808098624142675,0.6407749446341298
recent_origins,own_coverage,INDEPENDENT_BRIDGE,fuel,1,cumulative_weighted_error,30,0.0008355864203336946,0.15082702516025215,0.09826356414077768
recent_origins,own_coverage,INDEPENDENT_BRIDGE,fuel,2,cumulative_weighted_error,29,0.0052081623440502845,0.25082046601234026,0.17329180526003
recent_origins,own_coverage,INDEPENDENT_BRIDGE,fuel,3,cumulative_weighted_error,28,0.0011068641553144132,0.3093688948476935,0.21394900404675846
recent_origins,own_coverage,INDEPENDENT_BRIDGE,fuel,4,cumulative_weighted_error,27,-0.0015827229287097013,0.33750581726742995,0.23970141519357396
recent_origins,own_coverage,INDEPENDENT_BRIDGE,fuel,5,cumulative_weighted_error,26,-4.9133993262284736e-05,0.37028969256031874,0.2764877540802343
recent_origins,own_coverage,INDEPENDENT_BRIDGE,fuel,6,cumulative_weighted_error,25,0.01739071481242714,0.3909948525141546,0.29661007282603097
recent_origins,own_coverage,INDEPENDENT_BRIDGE,fuel,7,cumulative_weighted_error,24,0.041515286989973865,0.4027134682602936,0.32316517422536034
recent_origins,own_coverage,INDEPENDENT_BRIDGE,fuel,8,cumulative_weighted_error,23,0.05988997426897634,0.4121449531145483,0.35033018661585735
recent_origins,own_coverage,INDEPENDENT_BRIDGE,fuel,9,cumulative_weighted_error,22,0.07098415592215583,0.4246305002334167,0.3764466620250856
recent_origins,own_coverage,INDEPENDENT_BRIDGE,fuel,10,cumulative_weighted_error,21,0.08467971139717995,0.4396991492215843,0.3998781174165891
recent_origins,own_coverage,INDEPENDENT_BRIDGE,fuel,11,cumulative_weighted_error,20,0.1005791647333166,0.46076227676110976,0.42183813176989
recent_origins,own_coverage,INDEPENDENT_BRIDGE,fuel,12,cumulative_weighted_error,19,0.12255475081672403,0.4822837873746613,0.4421125028651981
recent_origins,model_all_blocks_common,INDEPENDENT_BRIDGE,administered,1,cumulative_weighted_error,30,0.0175622051927742,0.060568387830030136,0.03633595812657811
recent_origins,model_all_blocks_common,INDEPENDENT_BRIDGE,administered,2,cumulative_weighted_error,29,0.03692726701748563,0.09344056536117346,0.06524768831864793
recent_origins,model_all_blocks_common,INDEPENDENT_BRIDGE,administered,3,cumulative_weighted_error,28,0.05995060788226988,0.12404883510152366,0.08441100240386833
recent_origins,model_all_blocks_common,INDEPENDENT_BRIDGE,administered,4,cumulative_weighted_error,27,0.084732232347854,0.1509474375778758,0.1027169396123619
recent_origins,model_all_blocks_common,INDEPENDENT_BRIDGE,administered,5,cumulative_weighted_error,26,0.1113051216246733,0.17758187421608984,0.11857501721233629
recent_origins,model_all_blocks_common,INDEPENDENT_BRIDGE,administered,6,cumulative_weighted_error,25,0.13956991041180944,0.2055279460302599,0.14199252841666127
recent_origins,model_all_blocks_common,INDEPENDENT_BRIDGE,administered,7,cumulative_weighted_error,24,0.16705086849332748,0.2323565094042287,0.17146709923133854
recent_origins,model_all_blocks_common,INDEPENDENT_BRIDGE,administered,8,cumulative_weighted_error,23,0.1854889329184768,0.2535646183585183,0.19207213401861753
recent_origins,model_all_blocks_common,INDEPENDENT_BRIDGE,administered,9,cumulative_weighted_error,22,0.2050587249892681,0.27272597886123723,0.21469413750856506
recent_origins,model_all_blocks_common,INDEPENDENT_BRIDGE,administered,10,cumulative_weighted_error,21,0.22332942342193404,0.2879008854253739,0.23053959605542154
recent_origins,model_all_blocks_common,INDEPENDENT_BRIDGE,administered,11,cumulative_weighted_error,20,0.2429721984766386,0.3040351366454884,0.244486334729671
recent_origins,model_all_blocks_common,INDEPENDENT_BRIDGE,administered,12,cumulative_weighted_error,19,0.26193445044585156,0.32297931953375625,0.26193445044585156
recent_origins,model_all_blocks_common,INDEPENDENT_BRIDGE,alcohol_tobacco,1,cumulative_weighted_error,30,0.007975202013068715,0.07052993387662655,0.05814264793108777
recent_origins,model_all_blocks_common,INDEPENDENT_BRIDGE,alcohol_tobacco,2,cumulative_weighted_error,29,0.012329893866099855,0.08157031829535263,0.06887707245162135
recent_origins,model_all_blocks_common,INDEPENDENT_BRIDGE,alcohol_tobacco,3,cumulative_weighted_error,28,0.016410006690121017,0.07005130535984234,0.05706301824668799
recent_origins,model_all_blocks_common,INDEPENDENT_BRIDGE,alcohol_tobacco,4,cumulative_weighted_error,27,0.025852375958519844,0.06423090166883941,0.05112028845720443
recent_origins,model_all_blocks_common,INDEPENDENT_BRIDGE,alcohol_tobacco,5,cumulative_weighted_error,26,0.03591181032865044,0.07811480988041962,0.06090557953616243
recent_origins,model_all_blocks_common,INDEPENDENT_BRIDGE,alcohol_tobacco,6,cumulative_weighted_error,25,0.039996569750089146,0.08457821028566413,0.07345385007615772
recent_origins,model_all_blocks_common,INDEPENDENT_BRIDGE,alcohol_tobacco,7,cumulative_weighted_error,24,0.04017665646890781,0.08289893086641882,0.06846882906942425
recent_origins,model_all_blocks_common,INDEPENDENT_BRIDGE,alcohol_tobacco,8,cumulative_weighted_error,23,0.049778684763055005,0.08601594743566658,0.06851462893665602
recent_origins,model_all_blocks_common,INDEPENDENT_BRIDGE,alcohol_tobacco,9,cumulative_weighted_error,22,0.05700612786688595,0.08344354262692173,0.06987294033594393
recent_origins,model_all_blocks_common,INDEPENDENT_BRIDGE,alcohol_tobacco,10,cumulative_weighted_error,21,0.06262363457719385,0.09174926080216149,0.07764795453061199
recent_origins,model_all_blocks_common,INDEPENDENT_BRIDGE,alcohol_tobacco,11,cumulative_weighted_error,20,0.07220978829129751,0.09827030629905603,0.08137686672148264
recent_origins,model_all_blocks_common,INDEPENDENT_BRIDGE,alcohol_tobacco,12,cumulative_weighted_error,19,0.08027583525512033,0.10626615185778314,0.08633585058532585
recent_origins,model_all_blocks_common,INDEPENDENT_BRIDGE,core,1,cumulative_weighted_error,30,-0.02169956734356542,0.11645084966686775,0.09654565616223086
recent_origins,model_all_blocks_common,INDEPENDENT_BRIDGE,core,2,cumulative_weighted_error,29,-0.035725045112993424,0.18694105101252823,0.1597410705620837
recent_origins,model_all_blocks_common,INDEPENDENT_BRIDGE,core,3,cumulative_weighted_error,28,-0.03916609542851562,0.22535067458192198,0.19463088507873777
recent_origins,model_all_blocks_common,INDEPENDENT_BRIDGE,core,4,cumulative_weighted_error,27,-0.050420800750787156,0.25407912409225497,0.21608651267543688
recent_origins,model_all_blocks_common,INDEPENDENT_BRIDGE,core,5,cumulative_weighted_error,26,-0.07050642159764323,0.3096896221743442,0.27000043967646986
recent_origins,model_all_blocks_common,INDEPENDENT_BRIDGE,core,6,cumulative_weighted_error,25,-0.09913092854041768,0.38756549089300196,0.34506859817454255
recent_origins,model_all_blocks_common,INDEPENDENT_BRIDGE,core,7,cumulative_weighted_error,24,-0.10450848094800864,0.4638011860640041,0.39781446430290984
recent_origins,model_all_blocks_common,INDEPENDENT_BRIDGE,core,8,cumulative_weighted_error,23,-0.09722905139241429,0.5536522764797145,0.46138693931491837
recent_origins,model_all_blocks_common,INDEPENDENT_BRIDGE,core,9,cumulative_weighted_error,22,-0.08256722069760275,0.6041779818289955,0.5166302063207769
recent_origins,model_all_blocks_common,INDEPENDENT_BRIDGE,core,10,cumulative_weighted_error,21,-0.07795583288885134,0.6490309088431113,0.5273801973741679
recent_origins,model_all_blocks_common,INDEPENDENT_BRIDGE,core,11,cumulative_weighted_error,20,-0.10349393553298927,0.7174645912019263,0.5759033146607196
recent_origins,model_all_blocks_common,INDEPENDENT_BRIDGE,core,12,cumulative_weighted_error,19,-0.14612313305113664,0.8225078067979845,0.6358264186957873
recent_origins,model_all_blocks_common,INDEPENDENT_BRIDGE,food,1,cumulative_weighted_error,30,0.016113449787297864,0.14906091352285913,0.12034068599037866
recent_origins,model_all_blocks_common,INDEPENDENT_BRIDGE,food,2,cumulative_weighted_error,29,0.036671640080511554,0.21139886118719822,0.16186808652482715
recent_origins,model_all_blocks_common,INDEPENDENT_BRIDGE,food,3,cumulative_weighted_error,28,0.043843802097883265,0.25413609494593875,0.20262161521539854
recent_origins,model_all_blocks_common,INDEPENDENT_BRIDGE,food,4,cumulative_weighted_error,27,0.10885423263362738,0.30510089746745206,0.2551249305516262
recent_origins,model_all_blocks_common,INDEPENDENT_BRIDGE,food,5,cumulative_weighted_error,26,0.17676633543593134,0.37311599993570493,0.3174995880522299
recent_origins,model_all_blocks_common,INDEPENDENT_BRIDGE,food,6,cumulative_weighted_error,25,0.24112836846016614,0.46856500661697337,0.39486200348977346
recent_origins,model_all_blocks_common,INDEPENDENT_BRIDGE,food,7,cumulative_weighted_error,24,0.28981436333467836,0.5303424211366161,0.44001082186334894
recent_origins,model_all_blocks_common,INDEPENDENT_BRIDGE,food,8,cumulative_weighted_error,23,0.345725611772877,0.6049036839159735,0.4986114067941114
recent_origins,model_all_blocks_common,INDEPENDENT_BRIDGE,food,9,cumulative_weighted_error,22,0.4122311281454351,0.6672260254804272,0.5208203253953038
recent_origins,model_all_blocks_common,INDEPENDENT_BRIDGE,food,10,cumulative_weighted_error,21,0.4633891930003299,0.7199023942271057,0.5685577186248748
recent_origins,model_all_blocks_common,INDEPENDENT_BRIDGE,food,11,cumulative_weighted_error,20,0.5159252402172293,0.7685153526973423,0.5974384212405743
recent_origins,model_all_blocks_common,INDEPENDENT_BRIDGE,food,12,cumulative_weighted_error,19,0.5622109836228274,0.808098624142675,0.6407749446341298
recent_origins,model_all_blocks_common,INDEPENDENT_BRIDGE,fuel,1,cumulative_weighted_error,30,0.0008355864203336946,0.15082702516025215,0.09826356414077768
recent_origins,model_all_blocks_common,INDEPENDENT_BRIDGE,fuel,2,cumulative_weighted_error,29,0.0052081623440502845,0.25082046601234026,0.17329180526003
recent_origins,model_all_blocks_common,INDEPENDENT_BRIDGE,fuel,3,cumulative_weighted_error,28,0.0011068641553144132,0.3093688948476935,0.21394900404675846
recent_origins,model_all_blocks_common,INDEPENDENT_BRIDGE,fuel,4,cumulative_weighted_error,27,-0.0015827229287097013,0.33750581726742995,0.23970141519357396
recent_origins,model_all_blocks_common,INDEPENDENT_BRIDGE,fuel,5,cumulative_weighted_error,26,-4.9133993262284736e-05,0.37028969256031874,0.2764877540802343
recent_origins,model_all_blocks_common,INDEPENDENT_BRIDGE,fuel,6,cumulative_weighted_error,25,0.01739071481242714,0.3909948525141546,0.29661007282603097
recent_origins,model_all_blocks_common,INDEPENDENT_BRIDGE,fuel,7,cumulative_weighted_error,24,0.041515286989973865,0.4027134682602936,0.32316517422536034
recent_origins,model_all_blocks_common,INDEPENDENT_BRIDGE,fuel,8,cumulative_weighted_error,23,0.05988997426897634,0.4121449531145483,0.35033018661585735
recent_origins,model_all_blocks_common,INDEPENDENT_BRIDGE,fuel,9,cumulative_weighted_error,22,0.07098415592215583,0.4246305002334167,0.3764466620250856
recent_origins,model_all_blocks_common,INDEPENDENT_BRIDGE,fuel,10,cumulative_weighted_error,21,0.08467971139717995,0.4396991492215843,0.3998781174165891
recent_origins,model_all_blocks_common,INDEPENDENT_BRIDGE,fuel,11,cumulative_weighted_error,20,0.1005791647333166,0.46076227676110976,0.42183813176989
recent_origins,model_all_blocks_common,INDEPENDENT_BRIDGE,fuel,12,cumulative_weighted_error,19,0.12255475081672403,0.4822837873746613,0.4421125028651981
recent_origins,all_models_all_blocks_common,INDEPENDENT_BRIDGE,administered,1,cumulative_weighted_error,30,0.0175622051927742,0.060568387830030136,0.03633595812657811
recent_origins,all_models_all_blocks_common,INDEPENDENT_BRIDGE,administered,2,cumulative_weighted_error,29,0.03692726701748563,0.09344056536117346,0.06524768831864793
recent_origins,all_models_all_blocks_common,INDEPENDENT_BRIDGE,administered,3,cumulative_weighted_error,28,0.05995060788226988,0.12404883510152366,0.08441100240386833
recent_origins,all_models_all_blocks_common,INDEPENDENT_BRIDGE,administered,4,cumulative_weighted_error,27,0.084732232347854,0.1509474375778758,0.1027169396123619
recent_origins,all_models_all_blocks_common,INDEPENDENT_BRIDGE,administered,5,cumulative_weighted_error,26,0.1113051216246733,0.17758187421608984,0.11857501721233629
recent_origins,all_models_all_blocks_common,INDEPENDENT_BRIDGE,administered,6,cumulative_weighted_error,25,0.13956991041180944,0.2055279460302599,0.14199252841666127
recent_origins,all_models_all_blocks_common,INDEPENDENT_BRIDGE,administered,7,cumulative_weighted_error,24,0.16705086849332748,0.2323565094042287,0.17146709923133854
recent_origins,all_models_all_blocks_common,INDEPENDENT_BRIDGE,administered,8,cumulative_weighted_error,23,0.1854889329184768,0.2535646183585183,0.19207213401861753
recent_origins,all_models_all_blocks_common,INDEPENDENT_BRIDGE,administered,9,cumulative_weighted_error,22,0.2050587249892681,0.27272597886123723,0.21469413750856506
recent_origins,all_models_all_blocks_common,INDEPENDENT_BRIDGE,administered,10,cumulative_weighted_error,21,0.22332942342193404,0.2879008854253739,0.23053959605542154
recent_origins,all_models_all_blocks_common,INDEPENDENT_BRIDGE,administered,11,cumulative_weighted_error,20,0.2429721984766386,0.3040351366454884,0.244486334729671
recent_origins,all_models_all_blocks_common,INDEPENDENT_BRIDGE,administered,12,cumulative_weighted_error,19,0.26193445044585156,0.32297931953375625,0.26193445044585156
recent_origins,all_models_all_blocks_common,INDEPENDENT_BRIDGE,alcohol_tobacco,1,cumulative_weighted_error,30,0.007975202013068715,0.07052993387662655,0.05814264793108777
recent_origins,all_models_all_blocks_common,INDEPENDENT_BRIDGE,alcohol_tobacco,2,cumulative_weighted_error,29,0.012329893866099855,0.08157031829535263,0.06887707245162135
recent_origins,all_models_all_blocks_common,INDEPENDENT_BRIDGE,alcohol_tobacco,3,cumulative_weighted_error,28,0.016410006690121017,0.07005130535984234,0.05706301824668799
recent_origins,all_models_all_blocks_common,INDEPENDENT_BRIDGE,alcohol_tobacco,4,cumulative_weighted_error,27,0.025852375958519844,0.06423090166883941,0.05112028845720443
recent_origins,all_models_all_blocks_common,INDEPENDENT_BRIDGE,alcohol_tobacco,5,cumulative_weighted_error,26,0.03591181032865044,0.07811480988041962,0.06090557953616243
recent_origins,all_models_all_blocks_common,INDEPENDENT_BRIDGE,alcohol_tobacco,6,cumulative_weighted_error,25,0.039996569750089146,0.08457821028566413,0.07345385007615772
recent_origins,all_models_all_blocks_common,INDEPENDENT_BRIDGE,alcohol_tobacco,7,cumulative_weighted_error,24,0.04017665646890781,0.08289893086641882,0.06846882906942425
recent_origins,all_models_all_blocks_common,INDEPENDENT_BRIDGE,alcohol_tobacco,8,cumulative_weighted_error,23,0.049778684763055005,0.08601594743566658,0.06851462893665602
recent_origins,all_models_all_blocks_common,INDEPENDENT_BRIDGE,alcohol_tobacco,9,cumulative_weighted_error,22,0.05700612786688595,0.08344354262692173,0.06987294033594393
recent_origins,all_models_all_blocks_common,INDEPENDENT_BRIDGE,alcohol_tobacco,10,cumulative_weighted_error,21,0.06262363457719385,0.09174926080216149,0.07764795453061199
recent_origins,all_models_all_blocks_common,INDEPENDENT_BRIDGE,alcohol_tobacco,11,cumulative_weighted_error,20,0.07220978829129751,0.09827030629905603,0.08137686672148264
recent_origins,all_models_all_blocks_common,INDEPENDENT_BRIDGE,alcohol_tobacco,12,cumulative_weighted_error,19,0.08027583525512033,0.10626615185778314,0.08633585058532585
recent_origins,all_models_all_blocks_common,INDEPENDENT_BRIDGE,core,1,cumulative_weighted_error,30,-0.02169956734356542,0.11645084966686775,0.09654565616223086
recent_origins,all_models_all_blocks_common,INDEPENDENT_BRIDGE,core,2,cumulative_weighted_error,29,-0.035725045112993424,0.18694105101252823,0.1597410705620837
recent_origins,all_models_all_blocks_common,INDEPENDENT_BRIDGE,core,3,cumulative_weighted_error,28,-0.03916609542851562,0.22535067458192198,0.19463088507873777
recent_origins,all_models_all_blocks_common,INDEPENDENT_BRIDGE,core,4,cumulative_weighted_error,27,-0.050420800750787156,0.25407912409225497,0.21608651267543688
recent_origins,all_models_all_blocks_common,INDEPENDENT_BRIDGE,core,5,cumulative_weighted_error,26,-0.07050642159764323,0.3096896221743442,0.27000043967646986
recent_origins,all_models_all_blocks_common,INDEPENDENT_BRIDGE,core,6,cumulative_weighted_error,25,-0.09913092854041768,0.38756549089300196,0.34506859817454255
recent_origins,all_models_all_blocks_common,INDEPENDENT_BRIDGE,core,7,cumulative_weighted_error,24,-0.10450848094800864,0.4638011860640041,0.39781446430290984
recent_origins,all_models_all_blocks_common,INDEPENDENT_BRIDGE,core,8,cumulative_weighted_error,23,-0.09722905139241429,0.5536522764797145,0.46138693931491837
recent_origins,all_models_all_blocks_common,INDEPENDENT_BRIDGE,core,9,cumulative_weighted_error,22,-0.08256722069760275,0.6041779818289955,0.5166302063207769
recent_origins,all_models_all_blocks_common,INDEPENDENT_BRIDGE,core,10,cumulative_weighted_error,21,-0.07795583288885134,0.6490309088431113,0.5273801973741679
recent_origins,all_models_all_blocks_common,INDEPENDENT_BRIDGE,core,11,cumulative_weighted_error,20,-0.10349393553298927,0.7174645912019263,0.5759033146607196
recent_origins,all_models_all_blocks_common,INDEPENDENT_BRIDGE,core,12,cumulative_weighted_error,19,-0.14612313305113664,0.8225078067979845,0.6358264186957873
recent_origins,all_models_all_blocks_common,INDEPENDENT_BRIDGE,food,1,cumulative_weighted_error,30,0.016113449787297864,0.14906091352285913,0.12034068599037866
recent_origins,all_models_all_blocks_common,INDEPENDENT_BRIDGE,food,2,cumulative_weighted_error,29,0.036671640080511554,0.21139886118719822,0.16186808652482715
recent_origins,all_models_all_blocks_common,INDEPENDENT_BRIDGE,food,3,cumulative_weighted_error,28,0.043843802097883265,0.25413609494593875,0.20262161521539854
recent_origins,all_models_all_blocks_common,INDEPENDENT_BRIDGE,food,4,cumulative_weighted_error,27,0.10885423263362738,0.30510089746745206,0.2551249305516262
recent_origins,all_models_all_blocks_common,INDEPENDENT_BRIDGE,food,5,cumulative_weighted_error,26,0.17676633543593134,0.37311599993570493,0.3174995880522299
recent_origins,all_models_all_blocks_common,INDEPENDENT_BRIDGE,food,6,cumulative_weighted_error,25,0.24112836846016614,0.46856500661697337,0.39486200348977346
recent_origins,all_models_all_blocks_common,INDEPENDENT_BRIDGE,food,7,cumulative_weighted_error,24,0.28981436333467836,0.5303424211366161,0.44001082186334894
recent_origins,all_models_all_blocks_common,INDEPENDENT_BRIDGE,food,8,cumulative_weighted_error,23,0.345725611772877,0.6049036839159735,0.4986114067941114
recent_origins,all_models_all_blocks_common,INDEPENDENT_BRIDGE,food,9,cumulative_weighted_error,22,0.4122311281454351,0.6672260254804272,0.5208203253953038
recent_origins,all_models_all_blocks_common,INDEPENDENT_BRIDGE,food,10,cumulative_weighted_error,21,0.4633891930003299,0.7199023942271057,0.5685577186248748
recent_origins,all_models_all_blocks_common,INDEPENDENT_BRIDGE,food,11,cumulative_weighted_error,20,0.5159252402172293,0.7685153526973423,0.5974384212405743
recent_origins,all_models_all_blocks_common,INDEPENDENT_BRIDGE,food,12,cumulative_weighted_error,19,0.5622109836228274,0.808098624142675,0.6407749446341298
recent_origins,all_models_all_blocks_common,INDEPENDENT_BRIDGE,fuel,1,cumulative_weighted_error,30,0.0008355864203336946,0.15082702516025215,0.09826356414077768
recent_origins,all_models_all_blocks_common,INDEPENDENT_BRIDGE,fuel,2,cumulative_weighted_error,29,0.0052081623440502845,0.25082046601234026,0.17329180526003
recent_origins,all_models_all_blocks_common,INDEPENDENT_BRIDGE,fuel,3,cumulative_weighted_error,28,0.0011068641553144132,0.3093688948476935,0.21394900404675846
recent_origins,all_models_all_blocks_common,INDEPENDENT_BRIDGE,fuel,4,cumulative_weighted_error,27,-0.0015827229287097013,0.33750581726742995,0.23970141519357396
recent_origins,all_models_all_blocks_common,INDEPENDENT_BRIDGE,fuel,5,cumulative_weighted_error,26,-4.9133993262284736e-05,0.37028969256031874,0.2764877540802343
recent_origins,all_models_all_blocks_common,INDEPENDENT_BRIDGE,fuel,6,cumulative_weighted_error,25,0.01739071481242714,0.3909948525141546,0.29661007282603097
recent_origins,all_models_all_blocks_common,INDEPENDENT_BRIDGE,fuel,7,cumulative_weighted_error,24,0.041515286989973865,0.4027134682602936,0.32316517422536034
recent_origins,all_models_all_blocks_common,INDEPENDENT_BRIDGE,fuel,8,cumulative_weighted_error,23,0.05988997426897634,0.4121449531145483,0.35033018661585735
recent_origins,all_models_all_blocks_common,INDEPENDENT_BRIDGE,fuel,9,cumulative_weighted_error,22,0.07098415592215583,0.4246305002334167,0.3764466620250856
recent_origins,all_models_all_blocks_common,INDEPENDENT_BRIDGE,fuel,10,cumulative_weighted_error,21,0.08467971139717995,0.4396991492215843,0.3998781174165891
recent_origins,all_models_all_blocks_common,INDEPENDENT_BRIDGE,fuel,11,cumulative_weighted_error,20,0.1005791647333166,0.46076227676110976,0.42183813176989
recent_origins,all_models_all_blocks_common,INDEPENDENT_BRIDGE,fuel,12,cumulative_weighted_error,19,0.12255475081672403,0.4822837873746613,0.4421125028651981
recent_origins,own_coverage,INDEPENDENT_BRIDGE,administered,1,annual_error,30,0.012493524282653275,0.37068420046535955,0.2902902069168102
recent_origins,own_coverage,INDEPENDENT_BRIDGE,administered,2,annual_error,29,0.027522758371772746,0.5248876310302572,0.4152217322665227
recent_origins,own_coverage,INDEPENDENT_BRIDGE,administered,3,annual_error,28,0.03813575863660261,0.5690583679307835,0.4827578736473117
recent_origins,own_coverage,INDEPENDENT_BRIDGE,administered,4,annual_error,27,0.11173228681416252,0.5352652969828928,0.4498541121211531
recent_origins,own_coverage,INDEPENDENT_BRIDGE,administered,5,annual_error,26,0.18663866219583197,0.5786540395945023,0.4674169052744841
recent_origins,own_coverage,INDEPENDENT_BRIDGE,administered,6,annual_error,25,0.2535823194144713,0.6777098464569115,0.5095955868354537
recent_origins,own_coverage,INDEPENDENT_BRIDGE,administered,7,annual_error,24,0.3325705856871112,0.8168806387634664,0.6690555959728138
recent_origins,own_coverage,INDEPENDENT_BRIDGE,administered,8,annual_error,23,0.43028069634254856,0.9243030945141584,0.8095586192893202
recent_origins,own_coverage,INDEPENDENT_BRIDGE,administered,9,annual_error,22,0.5197741885836419,1.004798264828266,0.8761988791080061
recent_origins,own_coverage,INDEPENDENT_BRIDGE,administered,10,annual_error,21,0.6118735992211745,1.1538293889140367,0.9706568900020975
recent_origins,own_coverage,INDEPENDENT_BRIDGE,administered,11,annual_error,20,0.664246251520537,1.2856075003325282,1.0947922138582544
recent_origins,own_coverage,INDEPENDENT_BRIDGE,administered,12,annual_error,19,0.7299890390437539,1.3473085858350073,1.1627695504112001
recent_origins,own_coverage,INDEPENDENT_BRIDGE,alcohol_tobacco,1,annual_error,30,0.012493524282653275,0.37068420046535955,0.2902902069168102
recent_origins,own_coverage,INDEPENDENT_BRIDGE,alcohol_tobacco,2,annual_error,29,0.027522758371772746,0.5248876310302572,0.4152217322665227
recent_origins,own_coverage,INDEPENDENT_BRIDGE,alcohol_tobacco,3,annual_error,28,0.03813575863660261,0.5690583679307835,0.4827578736473117
recent_origins,own_coverage,INDEPENDENT_BRIDGE,alcohol_tobacco,4,annual_error,27,0.11173228681416252,0.5352652969828928,0.4498541121211531
recent_origins,own_coverage,INDEPENDENT_BRIDGE,alcohol_tobacco,5,annual_error,26,0.18663866219583197,0.5786540395945023,0.4674169052744841
recent_origins,own_coverage,INDEPENDENT_BRIDGE,alcohol_tobacco,6,annual_error,25,0.2535823194144713,0.6777098464569115,0.5095955868354537
recent_origins,own_coverage,INDEPENDENT_BRIDGE,alcohol_tobacco,7,annual_error,24,0.3325705856871112,0.8168806387634664,0.6690555959728138
recent_origins,own_coverage,INDEPENDENT_BRIDGE,alcohol_tobacco,8,annual_error,23,0.43028069634254856,0.9243030945141584,0.8095586192893202
recent_origins,own_coverage,INDEPENDENT_BRIDGE,alcohol_tobacco,9,annual_error,22,0.5197741885836419,1.004798264828266,0.8761988791080061
recent_origins,own_coverage,INDEPENDENT_BRIDGE,alcohol_tobacco,10,annual_error,21,0.6118735992211745,1.1538293889140367,0.9706568900020975
recent_origins,own_coverage,INDEPENDENT_BRIDGE,alcohol_tobacco,11,annual_error,20,0.664246251520537,1.2856075003325282,1.0947922138582544
recent_origins,own_coverage,INDEPENDENT_BRIDGE,alcohol_tobacco,12,annual_error,19,0.7299890390437539,1.3473085858350073,1.1627695504112001
recent_origins,own_coverage,INDEPENDENT_BRIDGE,core,1,annual_error,30,0.012493524282653275,0.37068420046535955,0.2902902069168102
recent_origins,own_coverage,INDEPENDENT_BRIDGE,core,2,annual_error,29,0.027522758371772746,0.5248876310302572,0.4152217322665227
recent_origins,own_coverage,INDEPENDENT_BRIDGE,core,3,annual_error,28,0.03813575863660261,0.5690583679307835,0.4827578736473117
recent_origins,own_coverage,INDEPENDENT_BRIDGE,core,4,annual_error,27,0.11173228681416252,0.5352652969828928,0.4498541121211531
recent_origins,own_coverage,INDEPENDENT_BRIDGE,core,5,annual_error,26,0.18663866219583197,0.5786540395945023,0.4674169052744841
recent_origins,own_coverage,INDEPENDENT_BRIDGE,core,6,annual_error,25,0.2535823194144713,0.6777098464569115,0.5095955868354537
recent_origins,own_coverage,INDEPENDENT_BRIDGE,core,7,annual_error,24,0.3325705856871112,0.8168806387634664,0.6690555959728138
recent_origins,own_coverage,INDEPENDENT_BRIDGE,core,8,annual_error,23,0.43028069634254856,0.9243030945141584,0.8095586192893202
recent_origins,own_coverage,INDEPENDENT_BRIDGE,core,9,annual_error,22,0.5197741885836419,1.004798264828266,0.8761988791080061
recent_origins,own_coverage,INDEPENDENT_BRIDGE,core,10,annual_error,21,0.6118735992211745,1.1538293889140367,0.9706568900020975
recent_origins,own_coverage,INDEPENDENT_BRIDGE,core,11,annual_error,20,0.664246251520537,1.2856075003325282,1.0947922138582544
recent_origins,own_coverage,INDEPENDENT_BRIDGE,core,12,annual_error,19,0.7299890390437539,1.3473085858350073,1.1627695504112001
recent_origins,own_coverage,INDEPENDENT_BRIDGE,food,1,annual_error,30,0.012493524282653275,0.37068420046535955,0.2902902069168102
recent_origins,own_coverage,INDEPENDENT_BRIDGE,food,2,annual_error,29,0.027522758371772746,0.5248876310302572,0.4152217322665227
recent_origins,own_coverage,INDEPENDENT_BRIDGE,food,3,annual_error,28,0.03813575863660261,0.5690583679307835,0.4827578736473117
recent_origins,own_coverage,INDEPENDENT_BRIDGE,food,4,annual_error,27,0.11173228681416252,0.5352652969828928,0.4498541121211531
recent_origins,own_coverage,INDEPENDENT_BRIDGE,food,5,annual_error,26,0.18663866219583197,0.5786540395945023,0.4674169052744841
recent_origins,own_coverage,INDEPENDENT_BRIDGE,food,6,annual_error,25,0.2535823194144713,0.6777098464569115,0.5095955868354537
recent_origins,own_coverage,INDEPENDENT_BRIDGE,food,7,annual_error,24,0.3325705856871112,0.8168806387634664,0.6690555959728138
recent_origins,own_coverage,INDEPENDENT_BRIDGE,food,8,annual_error,23,0.43028069634254856,0.9243030945141584,0.8095586192893202
recent_origins,own_coverage,INDEPENDENT_BRIDGE,food,9,annual_error,22,0.5197741885836419,1.004798264828266,0.8761988791080061
recent_origins,own_coverage,INDEPENDENT_BRIDGE,food,10,annual_error,21,0.6118735992211745,1.1538293889140367,0.9706568900020975
recent_origins,own_coverage,INDEPENDENT_BRIDGE,food,11,annual_error,20,0.664246251520537,1.2856075003325282,1.0947922138582544
recent_origins,own_coverage,INDEPENDENT_BRIDGE,food,12,annual_error,19,0.7299890390437539,1.3473085858350073,1.1627695504112001
recent_origins,own_coverage,INDEPENDENT_BRIDGE,fuel,1,annual_error,30,0.012493524282653275,0.37068420046535955,0.2902902069168102
recent_origins,own_coverage,INDEPENDENT_BRIDGE,fuel,2,annual_error,29,0.027522758371772746,0.5248876310302572,0.4152217322665227
recent_origins,own_coverage,INDEPENDENT_BRIDGE,fuel,3,annual_error,28,0.03813575863660261,0.5690583679307835,0.4827578736473117
recent_origins,own_coverage,INDEPENDENT_BRIDGE,fuel,4,annual_error,27,0.11173228681416252,0.5352652969828928,0.4498541121211531
recent_origins,own_coverage,INDEPENDENT_BRIDGE,fuel,5,annual_error,26,0.18663866219583197,0.5786540395945023,0.4674169052744841
recent_origins,own_coverage,INDEPENDENT_BRIDGE,fuel,6,annual_error,25,0.2535823194144713,0.6777098464569115,0.5095955868354537
recent_origins,own_coverage,INDEPENDENT_BRIDGE,fuel,7,annual_error,24,0.3325705856871112,0.8168806387634664,0.6690555959728138
recent_origins,own_coverage,INDEPENDENT_BRIDGE,fuel,8,annual_error,23,0.43028069634254856,0.9243030945141584,0.8095586192893202
recent_origins,own_coverage,INDEPENDENT_BRIDGE,fuel,9,annual_error,22,0.5197741885836419,1.004798264828266,0.8761988791080061
recent_origins,own_coverage,INDEPENDENT_BRIDGE,fuel,10,annual_error,21,0.6118735992211745,1.1538293889140367,0.9706568900020975
recent_origins,own_coverage,INDEPENDENT_BRIDGE,fuel,11,annual_error,20,0.664246251520537,1.2856075003325282,1.0947922138582544
recent_origins,own_coverage,INDEPENDENT_BRIDGE,fuel,12,annual_error,19,0.7299890390437539,1.3473085858350073,1.1627695504112001
recent_origins,model_all_blocks_common,INDEPENDENT_BRIDGE,administered,1,annual_error,30,0.012493524282653275,0.37068420046535955,0.2902902069168102
recent_origins,model_all_blocks_common,INDEPENDENT_BRIDGE,administered,2,annual_error,29,0.027522758371772746,0.5248876310302572,0.4152217322665227
recent_origins,model_all_blocks_common,INDEPENDENT_BRIDGE,administered,3,annual_error,28,0.03813575863660261,0.5690583679307835,0.4827578736473117
recent_origins,model_all_blocks_common,INDEPENDENT_BRIDGE,administered,4,annual_error,27,0.11173228681416252,0.5352652969828928,0.4498541121211531
recent_origins,model_all_blocks_common,INDEPENDENT_BRIDGE,administered,5,annual_error,26,0.18663866219583197,0.5786540395945023,0.4674169052744841
recent_origins,model_all_blocks_common,INDEPENDENT_BRIDGE,administered,6,annual_error,25,0.2535823194144713,0.6777098464569115,0.5095955868354537
recent_origins,model_all_blocks_common,INDEPENDENT_BRIDGE,administered,7,annual_error,24,0.3325705856871112,0.8168806387634664,0.6690555959728138
recent_origins,model_all_blocks_common,INDEPENDENT_BRIDGE,administered,8,annual_error,23,0.43028069634254856,0.9243030945141584,0.8095586192893202
recent_origins,model_all_blocks_common,INDEPENDENT_BRIDGE,administered,9,annual_error,22,0.5197741885836419,1.004798264828266,0.8761988791080061
recent_origins,model_all_blocks_common,INDEPENDENT_BRIDGE,administered,10,annual_error,21,0.6118735992211745,1.1538293889140367,0.9706568900020975
recent_origins,model_all_blocks_common,INDEPENDENT_BRIDGE,administered,11,annual_error,20,0.664246251520537,1.2856075003325282,1.0947922138582544
recent_origins,model_all_blocks_common,INDEPENDENT_BRIDGE,administered,12,annual_error,19,0.7299890390437539,1.3473085858350073,1.1627695504112001
recent_origins,model_all_blocks_common,INDEPENDENT_BRIDGE,alcohol_tobacco,1,annual_error,30,0.012493524282653275,0.37068420046535955,0.2902902069168102
recent_origins,model_all_blocks_common,INDEPENDENT_BRIDGE,alcohol_tobacco,2,annual_error,29,0.027522758371772746,0.5248876310302572,0.4152217322665227
recent_origins,model_all_blocks_common,INDEPENDENT_BRIDGE,alcohol_tobacco,3,annual_error,28,0.03813575863660261,0.5690583679307835,0.4827578736473117
recent_origins,model_all_blocks_common,INDEPENDENT_BRIDGE,alcohol_tobacco,4,annual_error,27,0.11173228681416252,0.5352652969828928,0.4498541121211531
recent_origins,model_all_blocks_common,INDEPENDENT_BRIDGE,alcohol_tobacco,5,annual_error,26,0.18663866219583197,0.5786540395945023,0.4674169052744841
recent_origins,model_all_blocks_common,INDEPENDENT_BRIDGE,alcohol_tobacco,6,annual_error,25,0.2535823194144713,0.6777098464569115,0.5095955868354537
recent_origins,model_all_blocks_common,INDEPENDENT_BRIDGE,alcohol_tobacco,7,annual_error,24,0.3325705856871112,0.8168806387634664,0.6690555959728138
recent_origins,model_all_blocks_common,INDEPENDENT_BRIDGE,alcohol_tobacco,8,annual_error,23,0.43028069634254856,0.9243030945141584,0.8095586192893202
recent_origins,model_all_blocks_common,INDEPENDENT_BRIDGE,alcohol_tobacco,9,annual_error,22,0.5197741885836419,1.004798264828266,0.8761988791080061
recent_origins,model_all_blocks_common,INDEPENDENT_BRIDGE,alcohol_tobacco,10,annual_error,21,0.6118735992211745,1.1538293889140367,0.9706568900020975
recent_origins,model_all_blocks_common,INDEPENDENT_BRIDGE,alcohol_tobacco,11,annual_error,20,0.664246251520537,1.2856075003325282,1.0947922138582544
recent_origins,model_all_blocks_common,INDEPENDENT_BRIDGE,alcohol_tobacco,12,annual_error,19,0.7299890390437539,1.3473085858350073,1.1627695504112001
recent_origins,model_all_blocks_common,INDEPENDENT_BRIDGE,core,1,annual_error,30,0.012493524282653275,0.37068420046535955,0.2902902069168102
recent_origins,model_all_blocks_common,INDEPENDENT_BRIDGE,core,2,annual_error,29,0.027522758371772746,0.5248876310302572,0.4152217322665227
recent_origins,model_all_blocks_common,INDEPENDENT_BRIDGE,core,3,annual_error,28,0.03813575863660261,0.5690583679307835,0.4827578736473117
recent_origins,model_all_blocks_common,INDEPENDENT_BRIDGE,core,4,annual_error,27,0.11173228681416252,0.5352652969828928,0.4498541121211531
recent_origins,model_all_blocks_common,INDEPENDENT_BRIDGE,core,5,annual_error,26,0.18663866219583197,0.5786540395945023,0.4674169052744841
recent_origins,model_all_blocks_common,INDEPENDENT_BRIDGE,core,6,annual_error,25,0.2535823194144713,0.6777098464569115,0.5095955868354537
recent_origins,model_all_blocks_common,INDEPENDENT_BRIDGE,core,7,annual_error,24,0.3325705856871112,0.8168806387634664,0.6690555959728138
recent_origins,model_all_blocks_common,INDEPENDENT_BRIDGE,core,8,annual_error,23,0.43028069634254856,0.9243030945141584,0.8095586192893202
recent_origins,model_all_blocks_common,INDEPENDENT_BRIDGE,core,9,annual_error,22,0.5197741885836419,1.004798264828266,0.8761988791080061
recent_origins,model_all_blocks_common,INDEPENDENT_BRIDGE,core,10,annual_error,21,0.6118735992211745,1.1538293889140367,0.9706568900020975
recent_origins,model_all_blocks_common,INDEPENDENT_BRIDGE,core,11,annual_error,20,0.664246251520537,1.2856075003325282,1.0947922138582544
recent_origins,model_all_blocks_common,INDEPENDENT_BRIDGE,core,12,annual_error,19,0.7299890390437539,1.3473085858350073,1.1627695504112001
recent_origins,model_all_blocks_common,INDEPENDENT_BRIDGE,food,1,annual_error,30,0.012493524282653275,0.37068420046535955,0.2902902069168102
recent_origins,model_all_blocks_common,INDEPENDENT_BRIDGE,food,2,annual_error,29,0.027522758371772746,0.5248876310302572,0.4152217322665227
recent_origins,model_all_blocks_common,INDEPENDENT_BRIDGE,food,3,annual_error,28,0.03813575863660261,0.5690583679307835,0.4827578736473117
recent_origins,model_all_blocks_common,INDEPENDENT_BRIDGE,food,4,annual_error,27,0.11173228681416252,0.5352652969828928,0.4498541121211531
recent_origins,model_all_blocks_common,INDEPENDENT_BRIDGE,food,5,annual_error,26,0.18663866219583197,0.5786540395945023,0.4674169052744841
recent_origins,model_all_blocks_common,INDEPENDENT_BRIDGE,food,6,annual_error,25,0.2535823194144713,0.6777098464569115,0.5095955868354537
recent_origins,model_all_blocks_common,INDEPENDENT_BRIDGE,food,7,annual_error,24,0.3325705856871112,0.8168806387634664,0.6690555959728138
recent_origins,model_all_blocks_common,INDEPENDENT_BRIDGE,food,8,annual_error,23,0.43028069634254856,0.9243030945141584,0.8095586192893202
recent_origins,model_all_blocks_common,INDEPENDENT_BRIDGE,food,9,annual_error,22,0.5197741885836419,1.004798264828266,0.8761988791080061
recent_origins,model_all_blocks_common,INDEPENDENT_BRIDGE,food,10,annual_error,21,0.6118735992211745,1.1538293889140367,0.9706568900020975
recent_origins,model_all_blocks_common,INDEPENDENT_BRIDGE,food,11,annual_error,20,0.664246251520537,1.2856075003325282,1.0947922138582544
recent_origins,model_all_blocks_common,INDEPENDENT_BRIDGE,food,12,annual_error,19,0.7299890390437539,1.3473085858350073,1.1627695504112001
recent_origins,model_all_blocks_common,INDEPENDENT_BRIDGE,fuel,1,annual_error,30,0.012493524282653275,0.37068420046535955,0.2902902069168102
recent_origins,model_all_blocks_common,INDEPENDENT_BRIDGE,fuel,2,annual_error,29,0.027522758371772746,0.5248876310302572,0.4152217322665227
recent_origins,model_all_blocks_common,INDEPENDENT_BRIDGE,fuel,3,annual_error,28,0.03813575863660261,0.5690583679307835,0.4827578736473117
recent_origins,model_all_blocks_common,INDEPENDENT_BRIDGE,fuel,4,annual_error,27,0.11173228681416252,0.5352652969828928,0.4498541121211531
recent_origins,model_all_blocks_common,INDEPENDENT_BRIDGE,fuel,5,annual_error,26,0.18663866219583197,0.5786540395945023,0.4674169052744841
recent_origins,model_all_blocks_common,INDEPENDENT_BRIDGE,fuel,6,annual_error,25,0.2535823194144713,0.6777098464569115,0.5095955868354537
recent_origins,model_all_blocks_common,INDEPENDENT_BRIDGE,fuel,7,annual_error,24,0.3325705856871112,0.8168806387634664,0.6690555959728138
recent_origins,model_all_blocks_common,INDEPENDENT_BRIDGE,fuel,8,annual_error,23,0.43028069634254856,0.9243030945141584,0.8095586192893202
recent_origins,model_all_blocks_common,INDEPENDENT_BRIDGE,fuel,9,annual_error,22,0.5197741885836419,1.004798264828266,0.8761988791080061
recent_origins,model_all_blocks_common,INDEPENDENT_BRIDGE,fuel,10,annual_error,21,0.6118735992211745,1.1538293889140367,0.9706568900020975
recent_origins,model_all_blocks_common,INDEPENDENT_BRIDGE,fuel,11,annual_error,20,0.664246251520537,1.2856075003325282,1.0947922138582544
recent_origins,model_all_blocks_common,INDEPENDENT_BRIDGE,fuel,12,annual_error,19,0.7299890390437539,1.3473085858350073,1.1627695504112001
recent_origins,all_models_all_blocks_common,INDEPENDENT_BRIDGE,administered,1,annual_error,30,0.012493524282653275,0.37068420046535955,0.2902902069168102
recent_origins,all_models_all_blocks_common,INDEPENDENT_BRIDGE,administered,2,annual_error,29,0.027522758371772746,0.5248876310302572,0.4152217322665227
recent_origins,all_models_all_blocks_common,INDEPENDENT_BRIDGE,administered,3,annual_error,28,0.03813575863660261,0.5690583679307835,0.4827578736473117
recent_origins,all_models_all_blocks_common,INDEPENDENT_BRIDGE,administered,4,annual_error,27,0.11173228681416252,0.5352652969828928,0.4498541121211531
recent_origins,all_models_all_blocks_common,INDEPENDENT_BRIDGE,administered,5,annual_error,26,0.18663866219583197,0.5786540395945023,0.4674169052744841
recent_origins,all_models_all_blocks_common,INDEPENDENT_BRIDGE,administered,6,annual_error,25,0.2535823194144713,0.6777098464569115,0.5095955868354537
recent_origins,all_models_all_blocks_common,INDEPENDENT_BRIDGE,administered,7,annual_error,24,0.3325705856871112,0.8168806387634664,0.6690555959728138
recent_origins,all_models_all_blocks_common,INDEPENDENT_BRIDGE,administered,8,annual_error,23,0.43028069634254856,0.9243030945141584,0.8095586192893202
recent_origins,all_models_all_blocks_common,INDEPENDENT_BRIDGE,administered,9,annual_error,22,0.5197741885836419,1.004798264828266,0.8761988791080061
recent_origins,all_models_all_blocks_common,INDEPENDENT_BRIDGE,administered,10,annual_error,21,0.6118735992211745,1.1538293889140367,0.9706568900020975
recent_origins,all_models_all_blocks_common,INDEPENDENT_BRIDGE,administered,11,annual_error,20,0.664246251520537,1.2856075003325282,1.0947922138582544
recent_origins,all_models_all_blocks_common,INDEPENDENT_BRIDGE,administered,12,annual_error,19,0.7299890390437539,1.3473085858350073,1.1627695504112001
recent_origins,all_models_all_blocks_common,INDEPENDENT_BRIDGE,alcohol_tobacco,1,annual_error,30,0.012493524282653275,0.37068420046535955,0.2902902069168102
recent_origins,all_models_all_blocks_common,INDEPENDENT_BRIDGE,alcohol_tobacco,2,annual_error,29,0.027522758371772746,0.5248876310302572,0.4152217322665227
recent_origins,all_models_all_blocks_common,INDEPENDENT_BRIDGE,alcohol_tobacco,3,annual_error,28,0.03813575863660261,0.5690583679307835,0.4827578736473117
recent_origins,all_models_all_blocks_common,INDEPENDENT_BRIDGE,alcohol_tobacco,4,annual_error,27,0.11173228681416252,0.5352652969828928,0.4498541121211531
recent_origins,all_models_all_blocks_common,INDEPENDENT_BRIDGE,alcohol_tobacco,5,annual_error,26,0.18663866219583197,0.5786540395945023,0.4674169052744841
recent_origins,all_models_all_blocks_common,INDEPENDENT_BRIDGE,alcohol_tobacco,6,annual_error,25,0.2535823194144713,0.6777098464569115,0.5095955868354537
recent_origins,all_models_all_blocks_common,INDEPENDENT_BRIDGE,alcohol_tobacco,7,annual_error,24,0.3325705856871112,0.8168806387634664,0.6690555959728138
recent_origins,all_models_all_blocks_common,INDEPENDENT_BRIDGE,alcohol_tobacco,8,annual_error,23,0.43028069634254856,0.9243030945141584,0.8095586192893202
recent_origins,all_models_all_blocks_common,INDEPENDENT_BRIDGE,alcohol_tobacco,9,annual_error,22,0.5197741885836419,1.004798264828266,0.8761988791080061
recent_origins,all_models_all_blocks_common,INDEPENDENT_BRIDGE,alcohol_tobacco,10,annual_error,21,0.6118735992211745,1.1538293889140367,0.9706568900020975
recent_origins,all_models_all_blocks_common,INDEPENDENT_BRIDGE,alcohol_tobacco,11,annual_error,20,0.664246251520537,1.2856075003325282,1.0947922138582544
recent_origins,all_models_all_blocks_common,INDEPENDENT_BRIDGE,alcohol_tobacco,12,annual_error,19,0.7299890390437539,1.3473085858350073,1.1627695504112001
recent_origins,all_models_all_blocks_common,INDEPENDENT_BRIDGE,core,1,annual_error,30,0.012493524282653275,0.37068420046535955,0.2902902069168102
recent_origins,all_models_all_blocks_common,INDEPENDENT_BRIDGE,core,2,annual_error,29,0.027522758371772746,0.5248876310302572,0.4152217322665227
recent_origins,all_models_all_blocks_common,INDEPENDENT_BRIDGE,core,3,annual_error,28,0.03813575863660261,0.5690583679307835,0.4827578736473117
recent_origins,all_models_all_blocks_common,INDEPENDENT_BRIDGE,core,4,annual_error,27,0.11173228681416252,0.5352652969828928,0.4498541121211531
recent_origins,all_models_all_blocks_common,INDEPENDENT_BRIDGE,core,5,annual_error,26,0.18663866219583197,0.5786540395945023,0.4674169052744841
recent_origins,all_models_all_blocks_common,INDEPENDENT_BRIDGE,core,6,annual_error,25,0.2535823194144713,0.6777098464569115,0.5095955868354537
recent_origins,all_models_all_blocks_common,INDEPENDENT_BRIDGE,core,7,annual_error,24,0.3325705856871112,0.8168806387634664,0.6690555959728138
recent_origins,all_models_all_blocks_common,INDEPENDENT_BRIDGE,core,8,annual_error,23,0.43028069634254856,0.9243030945141584,0.8095586192893202
recent_origins,all_models_all_blocks_common,INDEPENDENT_BRIDGE,core,9,annual_error,22,0.5197741885836419,1.004798264828266,0.8761988791080061
recent_origins,all_models_all_blocks_common,INDEPENDENT_BRIDGE,core,10,annual_error,21,0.6118735992211745,1.1538293889140367,0.9706568900020975
recent_origins,all_models_all_blocks_common,INDEPENDENT_BRIDGE,core,11,annual_error,20,0.664246251520537,1.2856075003325282,1.0947922138582544
recent_origins,all_models_all_blocks_common,INDEPENDENT_BRIDGE,core,12,annual_error,19,0.7299890390437539,1.3473085858350073,1.1627695504112001
recent_origins,all_models_all_blocks_common,INDEPENDENT_BRIDGE,food,1,annual_error,30,0.012493524282653275,0.37068420046535955,0.2902902069168102
recent_origins,all_models_all_blocks_common,INDEPENDENT_BRIDGE,food,2,annual_error,29,0.027522758371772746,0.5248876310302572,0.4152217322665227
recent_origins,all_models_all_blocks_common,INDEPENDENT_BRIDGE,food,3,annual_error,28,0.03813575863660261,0.5690583679307835,0.4827578736473117
recent_origins,all_models_all_blocks_common,INDEPENDENT_BRIDGE,food,4,annual_error,27,0.11173228681416252,0.5352652969828928,0.4498541121211531
recent_origins,all_models_all_blocks_common,INDEPENDENT_BRIDGE,food,5,annual_error,26,0.18663866219583197,0.5786540395945023,0.4674169052744841
recent_origins,all_models_all_blocks_common,INDEPENDENT_BRIDGE,food,6,annual_error,25,0.2535823194144713,0.6777098464569115,0.5095955868354537
recent_origins,all_models_all_blocks_common,INDEPENDENT_BRIDGE,food,7,annual_error,24,0.3325705856871112,0.8168806387634664,0.6690555959728138
recent_origins,all_models_all_blocks_common,INDEPENDENT_BRIDGE,food,8,annual_error,23,0.43028069634254856,0.9243030945141584,0.8095586192893202
recent_origins,all_models_all_blocks_common,INDEPENDENT_BRIDGE,food,9,annual_error,22,0.5197741885836419,1.004798264828266,0.8761988791080061
recent_origins,all_models_all_blocks_common,INDEPENDENT_BRIDGE,food,10,annual_error,21,0.6118735992211745,1.1538293889140367,0.9706568900020975
recent_origins,all_models_all_blocks_common,INDEPENDENT_BRIDGE,food,11,annual_error,20,0.664246251520537,1.2856075003325282,1.0947922138582544
recent_origins,all_models_all_blocks_common,INDEPENDENT_BRIDGE,food,12,annual_error,19,0.7299890390437539,1.3473085858350073,1.1627695504112001
recent_origins,all_models_all_blocks_common,INDEPENDENT_BRIDGE,fuel,1,annual_error,30,0.012493524282653275,0.37068420046535955,0.2902902069168102
recent_origins,all_models_all_blocks_common,INDEPENDENT_BRIDGE,fuel,2,annual_error,29,0.027522758371772746,0.5248876310302572,0.4152217322665227
recent_origins,all_models_all_blocks_common,INDEPENDENT_BRIDGE,fuel,3,annual_error,28,0.03813575863660261,0.5690583679307835,0.4827578736473117
recent_origins,all_models_all_blocks_common,INDEPENDENT_BRIDGE,fuel,4,annual_error,27,0.11173228681416252,0.5352652969828928,0.4498541121211531
recent_origins,all_models_all_blocks_common,INDEPENDENT_BRIDGE,fuel,5,annual_error,26,0.18663866219583197,0.5786540395945023,0.4674169052744841
recent_origins,all_models_all_blocks_common,INDEPENDENT_BRIDGE,fuel,6,annual_error,25,0.2535823194144713,0.6777098464569115,0.5095955868354537
recent_origins,all_models_all_blocks_common,INDEPENDENT_BRIDGE,fuel,7,annual_error,24,0.3325705856871112,0.8168806387634664,0.6690555959728138
recent_origins,all_models_all_blocks_common,INDEPENDENT_BRIDGE,fuel,8,annual_error,23,0.43028069634254856,0.9243030945141584,0.8095586192893202
recent_origins,all_models_all_blocks_common,INDEPENDENT_BRIDGE,fuel,9,annual_error,22,0.5197741885836419,1.004798264828266,0.8761988791080061
recent_origins,all_models_all_blocks_common,INDEPENDENT_BRIDGE,fuel,10,annual_error,21,0.6118735992211745,1.1538293889140367,0.9706568900020975
recent_origins,all_models_all_blocks_common,INDEPENDENT_BRIDGE,fuel,11,annual_error,20,0.664246251520537,1.2856075003325282,1.0947922138582544
recent_origins,all_models_all_blocks_common,INDEPENDENT_BRIDGE,fuel,12,annual_error,19,0.7299890390437539,1.3473085858350073,1.1627695504112001
recent_origins,own_coverage,INDEPENDENT_BRIDGE,administered,1,annual_block_error,30,0.01785931049754613,0.061306503858113634,0.037004350356654656
recent_origins,own_coverage,INDEPENDENT_BRIDGE,administered,2,annual_block_error,29,0.037531182753042076,0.09469443753377342,0.0664451457262462
recent_origins,own_coverage,INDEPENDENT_BRIDGE,administered,3,annual_block_error,28,0.06090270582701938,0.12567448946250806,0.08589132502672299
recent_origins,own_coverage,INDEPENDENT_BRIDGE,administered,4,annual_block_error,27,0.0862069858597789,0.153184621806876,0.10455861466132761
recent_origins,own_coverage,INDEPENDENT_BRIDGE,administered,5,annual_block_error,26,0.11334956361932727,0.18048172908569504,0.12075487050204929
recent_origins,own_coverage,INDEPENDENT_BRIDGE,administered,6,annual_block_error,25,0.1422738521775235,0.20919708566696932,0.1447727449113737
recent_origins,own_coverage,INDEPENDENT_BRIDGE,administered,7,annual_block_error,24,0.17037649711052585,0.23658743508854357,0.17490781670961153
recent_origins,own_coverage,INDEPENDENT_BRIDGE,administered,8,annual_block_error,23,0.18930706815985712,0.2582351924382984,0.19605643864366132
recent_origins,own_coverage,INDEPENDENT_BRIDGE,administered,9,annual_block_error,22,0.20952903246005344,0.2781345012823329,0.2193919613936818
recent_origins,own_coverage,INDEPENDENT_BRIDGE,administered,10,annual_block_error,21,0.22860594829567388,0.29428485153663975,0.23599075754458115
recent_origins,own_coverage,INDEPENDENT_BRIDGE,administered,11,annual_block_error,20,0.24892310307033325,0.311148352490122,0.25050614117370945
recent_origins,own_coverage,INDEPENDENT_BRIDGE,administered,12,annual_block_error,19,0.2683005751127365,0.33043385648002327,0.2683005751127365
recent_origins,own_coverage,INDEPENDENT_BRIDGE,alcohol_tobacco,1,annual_block_error,30,0.00821607392816528,0.07185942427186968,0.059281539307158466
recent_origins,own_coverage,INDEPENDENT_BRIDGE,alcohol_tobacco,2,annual_block_error,29,0.012775154036813216,0.08313083481636255,0.07017715448319067
recent_origins,own_coverage,INDEPENDENT_BRIDGE,alcohol_tobacco,3,annual_block_error,28,0.017151882440843685,0.0715076354853994,0.05809235857153126
recent_origins,own_coverage,INDEPENDENT_BRIDGE,alcohol_tobacco,4,annual_block_error,27,0.026893268821991865,0.06563783794320892,0.052298602180008584
recent_origins,own_coverage,INDEPENDENT_BRIDGE,alcohol_tobacco,5,annual_block_error,26,0.03726430789703358,0.07994933187918724,0.06238626851351832
recent_origins,own_coverage,INDEPENDENT_BRIDGE,alcohol_tobacco,6,annual_block_error,25,0.041657219084847145,0.08661580461830083,0.07547754648432294
recent_origins,own_coverage,INDEPENDENT_BRIDGE,alcohol_tobacco,7,annual_block_error,24,0.042162983534177155,0.0853828770512673,0.07039345901948223
recent_origins,own_coverage,INDEPENDENT_BRIDGE,alcohol_tobacco,8,annual_block_error,23,0.052174799782414925,0.0890116288837359,0.07068908177429843
recent_origins,own_coverage,INDEPENDENT_BRIDGE,alcohol_tobacco,9,annual_block_error,22,0.05957244867811602,0.08626872250538989,0.07258550310315182
recent_origins,own_coverage,INDEPENDENT_BRIDGE,alcohol_tobacco,10,annual_block_error,21,0.0654113422342441,0.09486035144506388,0.08018575727164515
recent_origins,own_coverage,INDEPENDENT_BRIDGE,alcohol_tobacco,11,annual_block_error,20,0.07549482757868178,0.10183267276887967,0.08458506996536849
recent_origins,own_coverage,INDEPENDENT_BRIDGE,alcohol_tobacco,12,annual_block_error,19,0.08415656602298442,0.11080739433205274,0.08992496294056825
recent_origins,own_coverage,INDEPENDENT_BRIDGE,core,1,annual_block_error,30,-0.02193232058753972,0.11887758706091486,0.09856990686200214
recent_origins,own_coverage,INDEPENDENT_BRIDGE,core,2,annual_block_error,29,-0.03598427621725602,0.190949601837099,0.16316491956134754
recent_origins,own_coverage,INDEPENDENT_BRIDGE,core,3,annual_block_error,28,-0.0392471023339579,0.23057835808281196,0.19898218294355477
recent_origins,own_coverage,INDEPENDENT_BRIDGE,core,4,annual_block_error,27,-0.050670432924809446,0.26006193971161823,0.2210107528175428
recent_origins,own_coverage,INDEPENDENT_BRIDGE,core,5,annual_block_error,26,-0.07100290196176512,0.3169778168611935,0.27613654807310906
recent_origins,own_coverage,INDEPENDENT_BRIDGE,core,6,annual_block_error,25,-0.0996889666488119,0.39640311108104326,0.3529478503004623
recent_origins,own_coverage,INDEPENDENT_BRIDGE,core,7,annual_block_error,24,-0.10492147701900835,0.47458953385742814,0.40710253139251956
recent_origins,own_coverage,INDEPENDENT_BRIDGE,core,8,annual_block_error,23,-0.09698424005318473,0.5678965916649175,0.4728850836579394
recent_origins,own_coverage,INDEPENDENT_BRIDGE,core,9,annual_block_error,22,-0.08110264151920568,0.6200676058617667,0.5299549356015594
recent_origins,own_coverage,INDEPENDENT_BRIDGE,core,10,annual_block_error,21,-0.07628185645666545,0.6660988925446583,0.5412492074640506
recent_origins,own_coverage,INDEPENDENT_BRIDGE,core,11,annual_block_error,20,-0.10204493564608848,0.7357314235380934,0.59108150182019
recent_origins,own_coverage,INDEPENDENT_BRIDGE,core,12,annual_block_error,19,-0.14543203183723516,0.8438282697359976,0.6528013523389515
recent_origins,own_coverage,INDEPENDENT_BRIDGE,food,1,annual_block_error,30,0.016491343120823884,0.1522958156228501,0.12289293005579313
recent_origins,own_coverage,INDEPENDENT_BRIDGE,food,2,annual_block_error,29,0.037518438706120615,0.2159264250447335,0.16533065610632294
recent_origins,own_coverage,INDEPENDENT_BRIDGE,food,3,annual_block_error,28,0.04490418400579383,0.26003057400110435,0.20723164727505194
recent_origins,own_coverage,INDEPENDENT_BRIDGE,food,4,annual_block_error,27,0.11084892468360993,0.3121801756879869,0.26098102753084607
recent_origins,own_coverage,INDEPENDENT_BRIDGE,food,5,annual_block_error,26,0.17990259763609,0.3810839634984464,0.3245700686999167
recent_origins,own_coverage,INDEPENDENT_BRIDGE,food,6,annual_block_error,25,0.2455817538018389,0.47830902547631965,0.403561699688868
recent_origins,own_coverage,INDEPENDENT_BRIDGE,food,7,annual_block_error,24,0.29581092217036165,0.5418602697530959,0.4502517030925621
recent_origins,own_coverage,INDEPENDENT_BRIDGE,food,8,annual_block_error,23,0.3535807945641355,0.6182577505819058,0.5104287701779593
recent_origins,own_coverage,INDEPENDENT_BRIDGE,food,9,annual_block_error,22,0.4218189742230404,0.6822920506673323,0.5335519684720033
recent_origins,own_coverage,INDEPENDENT_BRIDGE,food,10,annual_block_error,21,0.4749797050289579,0.7374246399727813,0.583007786591706
recent_origins,own_coverage,INDEPENDENT_BRIDGE,food,11,annual_block_error,20,0.5290234079955589,0.7873997521617663,0.6127002808084827
recent_origins,own_coverage,INDEPENDENT_BRIDGE,food,12,annual_block_error,19,0.5760477324328176,0.8272960392099479,0.6569474619019926
recent_origins,own_coverage,INDEPENDENT_BRIDGE,fuel,1,annual_block_error,30,0.0010929531687022154,0.15351814995015065,0.10021342645343521
recent_origins,own_coverage,INDEPENDENT_BRIDGE,fuel,2,annual_block_error,29,0.005750478420469813,0.25550201279082874,0.17676647970427892
recent_origins,own_coverage,INDEPENDENT_BRIDGE,fuel,3,annual_block_error,28,0.001716639750782123,0.31521905732943506,0.21835918861276143
recent_origins,own_coverage,INDEPENDENT_BRIDGE,fuel,4,annual_block_error,27,-0.0008940759453824024,0.34439769020519795,0.24492273459244662
recent_origins,own_coverage,INDEPENDENT_BRIDGE,fuel,5,annual_block_error,26,0.0009376754968675183,0.37848680751846675,0.2827842277746583
recent_origins,own_coverage,INDEPENDENT_BRIDGE,fuel,6,annual_block_error,25,0.018788447690569327,0.4005427831821657,0.3040092857535655
recent_origins,own_coverage,INDEPENDENT_BRIDGE,fuel,7,annual_block_error,24,0.04320626812135617,0.41351976175070476,0.33181508830235035
recent_origins,own_coverage,INDEPENDENT_BRIDGE,fuel,8,annual_block_error,23,0.061608423546596514,0.4241092791288345,0.36014167687882087
recent_origins,own_coverage,INDEPENDENT_BRIDGE,fuel,9,annual_block_error,22,0.07291924638315285,0.4368847575565256,0.3870114918806127
recent_origins,own_coverage,INDEPENDENT_BRIDGE,fuel,10,annual_block_error,21,0.08710664643479557,0.45202626447064304,0.4110480936207231
recent_origins,own_coverage,INDEPENDENT_BRIDGE,fuel,11,annual_block_error,20,0.1036170403652396,0.473414751040437,0.43360304574458564
recent_origins,own_coverage,INDEPENDENT_BRIDGE,fuel,12,annual_block_error,19,0.12626125649652994,0.4960442851027896,0.45472188450070644
recent_origins,model_all_blocks_common,INDEPENDENT_BRIDGE,administered,1,annual_block_error,30,0.01785931049754613,0.061306503858113634,0.037004350356654656
recent_origins,model_all_blocks_common,INDEPENDENT_BRIDGE,administered,2,annual_block_error,29,0.037531182753042076,0.09469443753377342,0.0664451457262462
recent_origins,model_all_blocks_common,INDEPENDENT_BRIDGE,administered,3,annual_block_error,28,0.06090270582701938,0.12567448946250806,0.08589132502672299
recent_origins,model_all_blocks_common,INDEPENDENT_BRIDGE,administered,4,annual_block_error,27,0.0862069858597789,0.153184621806876,0.10455861466132761
recent_origins,model_all_blocks_common,INDEPENDENT_BRIDGE,administered,5,annual_block_error,26,0.11334956361932727,0.18048172908569504,0.12075487050204929
recent_origins,model_all_blocks_common,INDEPENDENT_BRIDGE,administered,6,annual_block_error,25,0.1422738521775235,0.20919708566696932,0.1447727449113737
recent_origins,model_all_blocks_common,INDEPENDENT_BRIDGE,administered,7,annual_block_error,24,0.17037649711052585,0.23658743508854357,0.17490781670961153
recent_origins,model_all_blocks_common,INDEPENDENT_BRIDGE,administered,8,annual_block_error,23,0.18930706815985712,0.2582351924382984,0.19605643864366132
recent_origins,model_all_blocks_common,INDEPENDENT_BRIDGE,administered,9,annual_block_error,22,0.20952903246005344,0.2781345012823329,0.2193919613936818
recent_origins,model_all_blocks_common,INDEPENDENT_BRIDGE,administered,10,annual_block_error,21,0.22860594829567388,0.29428485153663975,0.23599075754458115
recent_origins,model_all_blocks_common,INDEPENDENT_BRIDGE,administered,11,annual_block_error,20,0.24892310307033325,0.311148352490122,0.25050614117370945
recent_origins,model_all_blocks_common,INDEPENDENT_BRIDGE,administered,12,annual_block_error,19,0.2683005751127365,0.33043385648002327,0.2683005751127365
recent_origins,model_all_blocks_common,INDEPENDENT_BRIDGE,alcohol_tobacco,1,annual_block_error,30,0.00821607392816528,0.07185942427186968,0.059281539307158466
recent_origins,model_all_blocks_common,INDEPENDENT_BRIDGE,alcohol_tobacco,2,annual_block_error,29,0.012775154036813216,0.08313083481636255,0.07017715448319067
recent_origins,model_all_blocks_common,INDEPENDENT_BRIDGE,alcohol_tobacco,3,annual_block_error,28,0.017151882440843685,0.0715076354853994,0.05809235857153126
recent_origins,model_all_blocks_common,INDEPENDENT_BRIDGE,alcohol_tobacco,4,annual_block_error,27,0.026893268821991865,0.06563783794320892,0.052298602180008584
recent_origins,model_all_blocks_common,INDEPENDENT_BRIDGE,alcohol_tobacco,5,annual_block_error,26,0.03726430789703358,0.07994933187918724,0.06238626851351832
recent_origins,model_all_blocks_common,INDEPENDENT_BRIDGE,alcohol_tobacco,6,annual_block_error,25,0.041657219084847145,0.08661580461830083,0.07547754648432294
recent_origins,model_all_blocks_common,INDEPENDENT_BRIDGE,alcohol_tobacco,7,annual_block_error,24,0.042162983534177155,0.0853828770512673,0.07039345901948223
recent_origins,model_all_blocks_common,INDEPENDENT_BRIDGE,alcohol_tobacco,8,annual_block_error,23,0.052174799782414925,0.0890116288837359,0.07068908177429843
recent_origins,model_all_blocks_common,INDEPENDENT_BRIDGE,alcohol_tobacco,9,annual_block_error,22,0.05957244867811602,0.08626872250538989,0.07258550310315182
recent_origins,model_all_blocks_common,INDEPENDENT_BRIDGE,alcohol_tobacco,10,annual_block_error,21,0.0654113422342441,0.09486035144506388,0.08018575727164515
recent_origins,model_all_blocks_common,INDEPENDENT_BRIDGE,alcohol_tobacco,11,annual_block_error,20,0.07549482757868178,0.10183267276887967,0.08458506996536849
recent_origins,model_all_blocks_common,INDEPENDENT_BRIDGE,alcohol_tobacco,12,annual_block_error,19,0.08415656602298442,0.11080739433205274,0.08992496294056825
recent_origins,model_all_blocks_common,INDEPENDENT_BRIDGE,core,1,annual_block_error,30,-0.02193232058753972,0.11887758706091486,0.09856990686200214
recent_origins,model_all_blocks_common,INDEPENDENT_BRIDGE,core,2,annual_block_error,29,-0.03598427621725602,0.190949601837099,0.16316491956134754
recent_origins,model_all_blocks_common,INDEPENDENT_BRIDGE,core,3,annual_block_error,28,-0.0392471023339579,0.23057835808281196,0.19898218294355477
recent_origins,model_all_blocks_common,INDEPENDENT_BRIDGE,core,4,annual_block_error,27,-0.050670432924809446,0.26006193971161823,0.2210107528175428
recent_origins,model_all_blocks_common,INDEPENDENT_BRIDGE,core,5,annual_block_error,26,-0.07100290196176512,0.3169778168611935,0.27613654807310906
recent_origins,model_all_blocks_common,INDEPENDENT_BRIDGE,core,6,annual_block_error,25,-0.0996889666488119,0.39640311108104326,0.3529478503004623
recent_origins,model_all_blocks_common,INDEPENDENT_BRIDGE,core,7,annual_block_error,24,-0.10492147701900835,0.47458953385742814,0.40710253139251956
recent_origins,model_all_blocks_common,INDEPENDENT_BRIDGE,core,8,annual_block_error,23,-0.09698424005318473,0.5678965916649175,0.4728850836579394
recent_origins,model_all_blocks_common,INDEPENDENT_BRIDGE,core,9,annual_block_error,22,-0.08110264151920568,0.6200676058617667,0.5299549356015594
recent_origins,model_all_blocks_common,INDEPENDENT_BRIDGE,core,10,annual_block_error,21,-0.07628185645666545,0.6660988925446583,0.5412492074640506
recent_origins,model_all_blocks_common,INDEPENDENT_BRIDGE,core,11,annual_block_error,20,-0.10204493564608848,0.7357314235380934,0.59108150182019
recent_origins,model_all_blocks_common,INDEPENDENT_BRIDGE,core,12,annual_block_error,19,-0.14543203183723516,0.8438282697359976,0.6528013523389515
recent_origins,model_all_blocks_common,INDEPENDENT_BRIDGE,food,1,annual_block_error,30,0.016491343120823884,0.1522958156228501,0.12289293005579313
recent_origins,model_all_blocks_common,INDEPENDENT_BRIDGE,food,2,annual_block_error,29,0.037518438706120615,0.2159264250447335,0.16533065610632294
recent_origins,model_all_blocks_common,INDEPENDENT_BRIDGE,food,3,annual_block_error,28,0.04490418400579383,0.26003057400110435,0.20723164727505194
recent_origins,model_all_blocks_common,INDEPENDENT_BRIDGE,food,4,annual_block_error,27,0.11084892468360993,0.3121801756879869,0.26098102753084607
recent_origins,model_all_blocks_common,INDEPENDENT_BRIDGE,food,5,annual_block_error,26,0.17990259763609,0.3810839634984464,0.3245700686999167
recent_origins,model_all_blocks_common,INDEPENDENT_BRIDGE,food,6,annual_block_error,25,0.2455817538018389,0.47830902547631965,0.403561699688868
recent_origins,model_all_blocks_common,INDEPENDENT_BRIDGE,food,7,annual_block_error,24,0.29581092217036165,0.5418602697530959,0.4502517030925621
recent_origins,model_all_blocks_common,INDEPENDENT_BRIDGE,food,8,annual_block_error,23,0.3535807945641355,0.6182577505819058,0.5104287701779593
recent_origins,model_all_blocks_common,INDEPENDENT_BRIDGE,food,9,annual_block_error,22,0.4218189742230404,0.6822920506673323,0.5335519684720033
recent_origins,model_all_blocks_common,INDEPENDENT_BRIDGE,food,10,annual_block_error,21,0.4749797050289579,0.7374246399727813,0.583007786591706
recent_origins,model_all_blocks_common,INDEPENDENT_BRIDGE,food,11,annual_block_error,20,0.5290234079955589,0.7873997521617663,0.6127002808084827
recent_origins,model_all_blocks_common,INDEPENDENT_BRIDGE,food,12,annual_block_error,19,0.5760477324328176,0.8272960392099479,0.6569474619019926
recent_origins,model_all_blocks_common,INDEPENDENT_BRIDGE,fuel,1,annual_block_error,30,0.0010929531687022154,0.15351814995015065,0.10021342645343521
recent_origins,model_all_blocks_common,INDEPENDENT_BRIDGE,fuel,2,annual_block_error,29,0.005750478420469813,0.25550201279082874,0.17676647970427892
recent_origins,model_all_blocks_common,INDEPENDENT_BRIDGE,fuel,3,annual_block_error,28,0.001716639750782123,0.31521905732943506,0.21835918861276143
recent_origins,model_all_blocks_common,INDEPENDENT_BRIDGE,fuel,4,annual_block_error,27,-0.0008940759453824024,0.34439769020519795,0.24492273459244662
recent_origins,model_all_blocks_common,INDEPENDENT_BRIDGE,fuel,5,annual_block_error,26,0.0009376754968675183,0.37848680751846675,0.2827842277746583
recent_origins,model_all_blocks_common,INDEPENDENT_BRIDGE,fuel,6,annual_block_error,25,0.018788447690569327,0.4005427831821657,0.3040092857535655
recent_origins,model_all_blocks_common,INDEPENDENT_BRIDGE,fuel,7,annual_block_error,24,0.04320626812135617,0.41351976175070476,0.33181508830235035
recent_origins,model_all_blocks_common,INDEPENDENT_BRIDGE,fuel,8,annual_block_error,23,0.061608423546596514,0.4241092791288345,0.36014167687882087
recent_origins,model_all_blocks_common,INDEPENDENT_BRIDGE,fuel,9,annual_block_error,22,0.07291924638315285,0.4368847575565256,0.3870114918806127
recent_origins,model_all_blocks_common,INDEPENDENT_BRIDGE,fuel,10,annual_block_error,21,0.08710664643479557,0.45202626447064304,0.4110480936207231
recent_origins,model_all_blocks_common,INDEPENDENT_BRIDGE,fuel,11,annual_block_error,20,0.1036170403652396,0.473414751040437,0.43360304574458564
recent_origins,model_all_blocks_common,INDEPENDENT_BRIDGE,fuel,12,annual_block_error,19,0.12626125649652994,0.4960442851027896,0.45472188450070644
recent_origins,all_models_all_blocks_common,INDEPENDENT_BRIDGE,administered,1,annual_block_error,30,0.01785931049754613,0.061306503858113634,0.037004350356654656
recent_origins,all_models_all_blocks_common,INDEPENDENT_BRIDGE,administered,2,annual_block_error,29,0.037531182753042076,0.09469443753377342,0.0664451457262462
recent_origins,all_models_all_blocks_common,INDEPENDENT_BRIDGE,administered,3,annual_block_error,28,0.06090270582701938,0.12567448946250806,0.08589132502672299
recent_origins,all_models_all_blocks_common,INDEPENDENT_BRIDGE,administered,4,annual_block_error,27,0.0862069858597789,0.153184621806876,0.10455861466132761
recent_origins,all_models_all_blocks_common,INDEPENDENT_BRIDGE,administered,5,annual_block_error,26,0.11334956361932727,0.18048172908569504,0.12075487050204929
recent_origins,all_models_all_blocks_common,INDEPENDENT_BRIDGE,administered,6,annual_block_error,25,0.1422738521775235,0.20919708566696932,0.1447727449113737
recent_origins,all_models_all_blocks_common,INDEPENDENT_BRIDGE,administered,7,annual_block_error,24,0.17037649711052585,0.23658743508854357,0.17490781670961153
recent_origins,all_models_all_blocks_common,INDEPENDENT_BRIDGE,administered,8,annual_block_error,23,0.18930706815985712,0.2582351924382984,0.19605643864366132
recent_origins,all_models_all_blocks_common,INDEPENDENT_BRIDGE,administered,9,annual_block_error,22,0.20952903246005344,0.2781345012823329,0.2193919613936818
recent_origins,all_models_all_blocks_common,INDEPENDENT_BRIDGE,administered,10,annual_block_error,21,0.22860594829567388,0.29428485153663975,0.23599075754458115
recent_origins,all_models_all_blocks_common,INDEPENDENT_BRIDGE,administered,11,annual_block_error,20,0.24892310307033325,0.311148352490122,0.25050614117370945
recent_origins,all_models_all_blocks_common,INDEPENDENT_BRIDGE,administered,12,annual_block_error,19,0.2683005751127365,0.33043385648002327,0.2683005751127365
recent_origins,all_models_all_blocks_common,INDEPENDENT_BRIDGE,alcohol_tobacco,1,annual_block_error,30,0.00821607392816528,0.07185942427186968,0.059281539307158466
recent_origins,all_models_all_blocks_common,INDEPENDENT_BRIDGE,alcohol_tobacco,2,annual_block_error,29,0.012775154036813216,0.08313083481636255,0.07017715448319067
recent_origins,all_models_all_blocks_common,INDEPENDENT_BRIDGE,alcohol_tobacco,3,annual_block_error,28,0.017151882440843685,0.0715076354853994,0.05809235857153126
recent_origins,all_models_all_blocks_common,INDEPENDENT_BRIDGE,alcohol_tobacco,4,annual_block_error,27,0.026893268821991865,0.06563783794320892,0.052298602180008584
recent_origins,all_models_all_blocks_common,INDEPENDENT_BRIDGE,alcohol_tobacco,5,annual_block_error,26,0.03726430789703358,0.07994933187918724,0.06238626851351832
recent_origins,all_models_all_blocks_common,INDEPENDENT_BRIDGE,alcohol_tobacco,6,annual_block_error,25,0.041657219084847145,0.08661580461830083,0.07547754648432294
recent_origins,all_models_all_blocks_common,INDEPENDENT_BRIDGE,alcohol_tobacco,7,annual_block_error,24,0.042162983534177155,0.0853828770512673,0.07039345901948223
recent_origins,all_models_all_blocks_common,INDEPENDENT_BRIDGE,alcohol_tobacco,8,annual_block_error,23,0.052174799782414925,0.0890116288837359,0.07068908177429843
recent_origins,all_models_all_blocks_common,INDEPENDENT_BRIDGE,alcohol_tobacco,9,annual_block_error,22,0.05957244867811602,0.08626872250538989,0.07258550310315182
recent_origins,all_models_all_blocks_common,INDEPENDENT_BRIDGE,alcohol_tobacco,10,annual_block_error,21,0.0654113422342441,0.09486035144506388,0.08018575727164515
recent_origins,all_models_all_blocks_common,INDEPENDENT_BRIDGE,alcohol_tobacco,11,annual_block_error,20,0.07549482757868178,0.10183267276887967,0.08458506996536849
recent_origins,all_models_all_blocks_common,INDEPENDENT_BRIDGE,alcohol_tobacco,12,annual_block_error,19,0.08415656602298442,0.11080739433205274,0.08992496294056825
recent_origins,all_models_all_blocks_common,INDEPENDENT_BRIDGE,core,1,annual_block_error,30,-0.02193232058753972,0.11887758706091486,0.09856990686200214
recent_origins,all_models_all_blocks_common,INDEPENDENT_BRIDGE,core,2,annual_block_error,29,-0.03598427621725602,0.190949601837099,0.16316491956134754
recent_origins,all_models_all_blocks_common,INDEPENDENT_BRIDGE,core,3,annual_block_error,28,-0.0392471023339579,0.23057835808281196,0.19898218294355477
recent_origins,all_models_all_blocks_common,INDEPENDENT_BRIDGE,core,4,annual_block_error,27,-0.050670432924809446,0.26006193971161823,0.2210107528175428
recent_origins,all_models_all_blocks_common,INDEPENDENT_BRIDGE,core,5,annual_block_error,26,-0.07100290196176512,0.3169778168611935,0.27613654807310906
recent_origins,all_models_all_blocks_common,INDEPENDENT_BRIDGE,core,6,annual_block_error,25,-0.0996889666488119,0.39640311108104326,0.3529478503004623
recent_origins,all_models_all_blocks_common,INDEPENDENT_BRIDGE,core,7,annual_block_error,24,-0.10492147701900835,0.47458953385742814,0.40710253139251956
recent_origins,all_models_all_blocks_common,INDEPENDENT_BRIDGE,core,8,annual_block_error,23,-0.09698424005318473,0.5678965916649175,0.4728850836579394
recent_origins,all_models_all_blocks_common,INDEPENDENT_BRIDGE,core,9,annual_block_error,22,-0.08110264151920568,0.6200676058617667,0.5299549356015594
recent_origins,all_models_all_blocks_common,INDEPENDENT_BRIDGE,core,10,annual_block_error,21,-0.07628185645666545,0.6660988925446583,0.5412492074640506
recent_origins,all_models_all_blocks_common,INDEPENDENT_BRIDGE,core,11,annual_block_error,20,-0.10204493564608848,0.7357314235380934,0.59108150182019
recent_origins,all_models_all_blocks_common,INDEPENDENT_BRIDGE,core,12,annual_block_error,19,-0.14543203183723516,0.8438282697359976,0.6528013523389515
recent_origins,all_models_all_blocks_common,INDEPENDENT_BRIDGE,food,1,annual_block_error,30,0.016491343120823884,0.1522958156228501,0.12289293005579313
recent_origins,all_models_all_blocks_common,INDEPENDENT_BRIDGE,food,2,annual_block_error,29,0.037518438706120615,0.2159264250447335,0.16533065610632294
recent_origins,all_models_all_blocks_common,INDEPENDENT_BRIDGE,food,3,annual_block_error,28,0.04490418400579383,0.26003057400110435,0.20723164727505194
recent_origins,all_models_all_blocks_common,INDEPENDENT_BRIDGE,food,4,annual_block_error,27,0.11084892468360993,0.3121801756879869,0.26098102753084607
recent_origins,all_models_all_blocks_common,INDEPENDENT_BRIDGE,food,5,annual_block_error,26,0.17990259763609,0.3810839634984464,0.3245700686999167
recent_origins,all_models_all_blocks_common,INDEPENDENT_BRIDGE,food,6,annual_block_error,25,0.2455817538018389,0.47830902547631965,0.403561699688868
recent_origins,all_models_all_blocks_common,INDEPENDENT_BRIDGE,food,7,annual_block_error,24,0.29581092217036165,0.5418602697530959,0.4502517030925621
recent_origins,all_models_all_blocks_common,INDEPENDENT_BRIDGE,food,8,annual_block_error,23,0.3535807945641355,0.6182577505819058,0.5104287701779593
recent_origins,all_models_all_blocks_common,INDEPENDENT_BRIDGE,food,9,annual_block_error,22,0.4218189742230404,0.6822920506673323,0.5335519684720033
recent_origins,all_models_all_blocks_common,INDEPENDENT_BRIDGE,food,10,annual_block_error,21,0.4749797050289579,0.7374246399727813,0.583007786591706
recent_origins,all_models_all_blocks_common,INDEPENDENT_BRIDGE,food,11,annual_block_error,20,0.5290234079955589,0.7873997521617663,0.6127002808084827
recent_origins,all_models_all_blocks_common,INDEPENDENT_BRIDGE,food,12,annual_block_error,19,0.5760477324328176,0.8272960392099479,0.6569474619019926
recent_origins,all_models_all_blocks_common,INDEPENDENT_BRIDGE,fuel,1,annual_block_error,30,0.0010929531687022154,0.15351814995015065,0.10021342645343521
recent_origins,all_models_all_blocks_common,INDEPENDENT_BRIDGE,fuel,2,annual_block_error,29,0.005750478420469813,0.25550201279082874,0.17676647970427892
recent_origins,all_models_all_blocks_common,INDEPENDENT_BRIDGE,fuel,3,annual_block_error,28,0.001716639750782123,0.31521905732943506,0.21835918861276143
recent_origins,all_models_all_blocks_common,INDEPENDENT_BRIDGE,fuel,4,annual_block_error,27,-0.0008940759453824024,0.34439769020519795,0.24492273459244662
recent_origins,all_models_all_blocks_common,INDEPENDENT_BRIDGE,fuel,5,annual_block_error,26,0.0009376754968675183,0.37848680751846675,0.2827842277746583
recent_origins,all_models_all_blocks_common,INDEPENDENT_BRIDGE,fuel,6,annual_block_error,25,0.018788447690569327,0.4005427831821657,0.3040092857535655
recent_origins,all_models_all_blocks_common,INDEPENDENT_BRIDGE,fuel,7,annual_block_error,24,0.04320626812135617,0.41351976175070476,0.33181508830235035
recent_origins,all_models_all_blocks_common,INDEPENDENT_BRIDGE,fuel,8,annual_block_error,23,0.061608423546596514,0.4241092791288345,0.36014167687882087
recent_origins,all_models_all_blocks_common,INDEPENDENT_BRIDGE,fuel,9,annual_block_error,22,0.07291924638315285,0.4368847575565256,0.3870114918806127
recent_origins,all_models_all_blocks_common,INDEPENDENT_BRIDGE,fuel,10,annual_block_error,21,0.08710664643479557,0.45202626447064304,0.4110480936207231
recent_origins,all_models_all_blocks_common,INDEPENDENT_BRIDGE,fuel,11,annual_block_error,20,0.1036170403652396,0.473414751040437,0.43360304574458564
recent_origins,all_models_all_blocks_common,INDEPENDENT_BRIDGE,fuel,12,annual_block_error,19,0.12626125649652994,0.4960442851027896,0.45472188450070644
recent_origins,own_coverage,INDEPENDENT_BRIDGE,administered,1,annual_other_error,30,-0.0053657862148928535,0.3657143578099202,0.2894090335667524
recent_origins,own_coverage,INDEPENDENT_BRIDGE,administered,2,annual_other_error,29,-0.01000842438126933,0.5027428372632636,0.3933114892536629
recent_origins,own_coverage,INDEPENDENT_BRIDGE,administered,3,annual_other_error,28,-0.02276694719041677,0.5452415051360929,0.46206597964428775
recent_origins,own_coverage,INDEPENDENT_BRIDGE,administered,4,annual_other_error,27,0.02552530095438359,0.49740651184833684,0.4312466762684977
recent_origins,own_coverage,INDEPENDENT_BRIDGE,administered,5,annual_other_error,26,0.0732890985765047,0.5174734575631642,0.4405232225530125
recent_origins,own_coverage,INDEPENDENT_BRIDGE,administered,6,annual_other_error,25,0.1113084672369478,0.5820427082526096,0.4475797514292415
recent_origins,own_coverage,INDEPENDENT_BRIDGE,administered,7,annual_other_error,24,0.16219408857658532,0.7089786321973789,0.5727758409386021
recent_origins,own_coverage,INDEPENDENT_BRIDGE,administered,8,annual_other_error,23,0.2409736281826915,0.8082661296242444,0.6727531082643501
recent_origins,own_coverage,INDEPENDENT_BRIDGE,administered,9,annual_other_error,22,0.3102451561235885,0.8621066278258852,0.722829710095385
recent_origins,own_coverage,INDEPENDENT_BRIDGE,administered,10,annual_other_error,21,0.3832676509255005,0.9793388333767934,0.8514623203288927
recent_origins,own_coverage,INDEPENDENT_BRIDGE,administered,11,annual_other_error,20,0.4153231484502037,1.099008318513459,0.9576986492984727
recent_origins,own_coverage,INDEPENDENT_BRIDGE,administered,12,annual_other_error,19,0.46168846393101765,1.155223680487362,0.9508497006851604
recent_origins,own_coverage,INDEPENDENT_BRIDGE,alcohol_tobacco,1,annual_other_error,30,0.004277450354487996,0.3570983253614051,0.2768327842735674
recent_origins,own_coverage,INDEPENDENT_BRIDGE,alcohol_tobacco,2,annual_other_error,29,0.014747604334959528,0.5097016747330336,0.41863798887685383
recent_origins,own_coverage,INDEPENDENT_BRIDGE,alcohol_tobacco,3,annual_other_error,28,0.02098387619575892,0.5488289282439458,0.4686353835044041
recent_origins,own_coverage,INDEPENDENT_BRIDGE,alcohol_tobacco,4,annual_other_error,27,0.08483901799217064,0.527801988698661,0.44080763110011817
recent_origins,own_coverage,INDEPENDENT_BRIDGE,alcohol_tobacco,5,annual_other_error,26,0.1493743542987984,0.5814124349266583,0.4616025283586848
recent_origins,own_coverage,INDEPENDENT_BRIDGE,alcohol_tobacco,6,annual_other_error,25,0.21192510032962414,0.6682301606605294,0.5160274767750822
recent_origins,own_coverage,INDEPENDENT_BRIDGE,alcohol_tobacco,7,annual_other_error,24,0.29040760215293404,0.7835969744379824,0.6350418098978264
recent_origins,own_coverage,INDEPENDENT_BRIDGE,alcohol_tobacco,8,annual_other_error,23,0.3781058965601337,0.8778338807713448,0.7716011032386101
recent_origins,own_coverage,INDEPENDENT_BRIDGE,alcohol_tobacco,9,annual_other_error,22,0.460201739905526,0.9749439633477691,0.8410061037966414
recent_origins,own_coverage,INDEPENDENT_BRIDGE,alcohol_tobacco,10,annual_other_error,21,0.5464622569869303,1.129059912783966,0.9428786479740241
recent_origins,own_coverage,INDEPENDENT_BRIDGE,alcohol_tobacco,11,annual_other_error,20,0.588751423941855,1.2394611046667368,1.0552189153897447
recent_origins,own_coverage,INDEPENDENT_BRIDGE,alcohol_tobacco,12,annual_other_error,19,0.6458324730207697,1.2672795152336094,1.099582433772179
recent_origins,own_coverage,INDEPENDENT_BRIDGE,core,1,annual_other_error,30,0.03442584487019299,0.3299910035872919,0.253662813515416
recent_origins,own_coverage,INDEPENDENT_BRIDGE,core,2,annual_other_error,29,0.06350703458902876,0.4408913697314211,0.3362298096406609
recent_origins,own_coverage,INDEPENDENT_BRIDGE,core,3,annual_other_error,28,0.0773828609705605,0.47246011096304874,0.3717337876195485
recent_origins,own_coverage,INDEPENDENT_BRIDGE,core,4,annual_other_error,27,0.1624027197389719,0.42214012354039454,0.3409039241502693
recent_origins,own_coverage,INDEPENDENT_BRIDGE,core,5,annual_other_error,26,0.2576415641575971,0.45107641812697574,0.3689899761284995
recent_origins,own_coverage,INDEPENDENT_BRIDGE,core,6,annual_other_error,25,0.3532712860632832,0.537952007854779,0.448832280926846
recent_origins,own_coverage,INDEPENDENT_BRIDGE,core,7,annual_other_error,24,0.43749206270611957,0.6386568908377233,0.5422522339230914
recent_origins,own_coverage,INDEPENDENT_BRIDGE,core,8,annual_other_error,23,0.5272649363957334,0.7145012550146737,0.6274054637872083
recent_origins,own_coverage,INDEPENDENT_BRIDGE,core,9,annual_other_error,22,0.6008768301028475,0.7569186542297919,0.6574328341445402
recent_origins,own_coverage,INDEPENDENT_BRIDGE,core,10,annual_other_error,21,0.6881554556778399,0.8616091213311164,0.7593018676129605
recent_origins,own_coverage,INDEPENDENT_BRIDGE,core,11,annual_other_error,20,0.7662911871666254,0.9542259307854222,0.8271258044327949
recent_origins,own_coverage,INDEPENDENT_BRIDGE,core,12,annual_other_error,19,0.8754210708809891,1.028065140738664,0.8754210708809891
recent_origins,own_coverage,INDEPENDENT_BRIDGE,food,1,annual_other_error,30,-0.003997818838170608,0.31999361450374014,0.2573176854822833
recent_origins,own_coverage,INDEPENDENT_BRIDGE,food,2,annual_other_error,29,-0.00999568033434786,0.4312890281661588,0.3531962975088559
recent_origins,own_coverage,INDEPENDENT_BRIDGE,food,3,annual_other_error,28,-0.006768425369191223,0.47884987666661627,0.4032465828052304
recent_origins,own_coverage,INDEPENDENT_BRIDGE,food,4,annual_other_error,27,0.0008833621305525489,0.4852052659928334,0.4040084858566442
recent_origins,own_coverage,INDEPENDENT_BRIDGE,food,5,annual_other_error,26,0.006736064559741974,0.5314119403539638,0.4813051556134524
recent_origins,own_coverage,INDEPENDENT_BRIDGE,food,6,annual_other_error,25,0.00800056561263241,0.6118918144015886,0.5422362346240533
recent_origins,own_coverage,INDEPENDENT_BRIDGE,food,7,annual_other_error,24,0.03675966351674953,0.6496393813768735,0.5532691232930995
recent_origins,own_coverage,INDEPENDENT_BRIDGE,food,8,annual_other_error,23,0.07669990177841314,0.6652470999019235,0.5486865996047154
recent_origins,own_coverage,INDEPENDENT_BRIDGE,food,9,annual_other_error,22,0.09795521436060159,0.7449852934636693,0.636551990361678
recent_origins,own_coverage,INDEPENDENT_BRIDGE,food,10,annual_other_error,21,0.13689389419221645,0.8232560739129992,0.7155630145082725
recent_origins,own_coverage,INDEPENDENT_BRIDGE,food,11,annual_other_error,20,0.135222843524978,0.9353143138085479,0.8192589644300728
recent_origins,own_coverage,INDEPENDENT_BRIDGE,food,12,annual_other_error,19,0.15394130661093652,0.9992155079134087,0.8324584020207486
recent_origins,own_coverage,INDEPENDENT_BRIDGE,fuel,1,annual_other_error,30,0.01140057111395106,0.304237835010899,0.23549044421567164
recent_origins,own_coverage,INDEPENDENT_BRIDGE,fuel,2,annual_other_error,29,0.02177227995130293,0.42462685261896815,0.31952570987126905
recent_origins,own_coverage,INDEPENDENT_BRIDGE,fuel,3,annual_other_error,28,0.03641911888582049,0.4888543242495236,0.37902215389235294
recent_origins,own_coverage,INDEPENDENT_BRIDGE,fuel,4,annual_other_error,27,0.1126263627595449,0.533900552134744,0.44384564010419514
recent_origins,own_coverage,INDEPENDENT_BRIDGE,fuel,5,annual_other_error,26,0.18570098669896448,0.61301622196684,0.533356982155911
recent_origins,own_coverage,INDEPENDENT_BRIDGE,fuel,6,annual_other_error,25,0.23479387172390198,0.7455423491491999,0.6178525558694885
recent_origins,own_coverage,INDEPENDENT_BRIDGE,fuel,7,annual_other_error,24,0.28936431756575504,0.9260807906854386,0.7752426281698847
recent_origins,own_coverage,INDEPENDENT_BRIDGE,fuel,8,annual_other_error,23,0.36867227279595205,1.0775507570631648,0.9193130026813776
recent_origins,own_coverage,INDEPENDENT_BRIDGE,fuel,9,annual_other_error,22,0.44685494220048905,1.1509139255870102,0.9864989956580204
recent_origins,own_coverage,INDEPENDENT_BRIDGE,fuel,10,annual_other_error,21,0.5247669527863789,1.2657343554996194,1.085091884203803
recent_origins,own_coverage,INDEPENDENT_BRIDGE,fuel,11,annual_other_error,20,0.5606292111552973,1.3561637979080314,1.1561988397562126
recent_origins,own_coverage,INDEPENDENT_BRIDGE,fuel,12,annual_other_error,19,0.6037277825472241,1.3945293420841485,1.2589388548071572
recent_origins,model_all_blocks_common,INDEPENDENT_BRIDGE,administered,1,annual_other_error,30,-0.0053657862148928535,0.3657143578099202,0.2894090335667524
recent_origins,model_all_blocks_common,INDEPENDENT_BRIDGE,administered,2,annual_other_error,29,-0.01000842438126933,0.5027428372632636,0.3933114892536629
recent_origins,model_all_blocks_common,INDEPENDENT_BRIDGE,administered,3,annual_other_error,28,-0.02276694719041677,0.5452415051360929,0.46206597964428775
recent_origins,model_all_blocks_common,INDEPENDENT_BRIDGE,administered,4,annual_other_error,27,0.02552530095438359,0.49740651184833684,0.4312466762684977
recent_origins,model_all_blocks_common,INDEPENDENT_BRIDGE,administered,5,annual_other_error,26,0.0732890985765047,0.5174734575631642,0.4405232225530125
recent_origins,model_all_blocks_common,INDEPENDENT_BRIDGE,administered,6,annual_other_error,25,0.1113084672369478,0.5820427082526096,0.4475797514292415
recent_origins,model_all_blocks_common,INDEPENDENT_BRIDGE,administered,7,annual_other_error,24,0.16219408857658532,0.7089786321973789,0.5727758409386021
recent_origins,model_all_blocks_common,INDEPENDENT_BRIDGE,administered,8,annual_other_error,23,0.2409736281826915,0.8082661296242444,0.6727531082643501
recent_origins,model_all_blocks_common,INDEPENDENT_BRIDGE,administered,9,annual_other_error,22,0.3102451561235885,0.8621066278258852,0.722829710095385
recent_origins,model_all_blocks_common,INDEPENDENT_BRIDGE,administered,10,annual_other_error,21,0.3832676509255005,0.9793388333767934,0.8514623203288927
recent_origins,model_all_blocks_common,INDEPENDENT_BRIDGE,administered,11,annual_other_error,20,0.4153231484502037,1.099008318513459,0.9576986492984727
recent_origins,model_all_blocks_common,INDEPENDENT_BRIDGE,administered,12,annual_other_error,19,0.46168846393101765,1.155223680487362,0.9508497006851604
recent_origins,model_all_blocks_common,INDEPENDENT_BRIDGE,alcohol_tobacco,1,annual_other_error,30,0.004277450354487996,0.3570983253614051,0.2768327842735674
recent_origins,model_all_blocks_common,INDEPENDENT_BRIDGE,alcohol_tobacco,2,annual_other_error,29,0.014747604334959528,0.5097016747330336,0.41863798887685383
recent_origins,model_all_blocks_common,INDEPENDENT_BRIDGE,alcohol_tobacco,3,annual_other_error,28,0.02098387619575892,0.5488289282439458,0.4686353835044041
recent_origins,model_all_blocks_common,INDEPENDENT_BRIDGE,alcohol_tobacco,4,annual_other_error,27,0.08483901799217064,0.527801988698661,0.44080763110011817
recent_origins,model_all_blocks_common,INDEPENDENT_BRIDGE,alcohol_tobacco,5,annual_other_error,26,0.1493743542987984,0.5814124349266583,0.4616025283586848
recent_origins,model_all_blocks_common,INDEPENDENT_BRIDGE,alcohol_tobacco,6,annual_other_error,25,0.21192510032962414,0.6682301606605294,0.5160274767750822
recent_origins,model_all_blocks_common,INDEPENDENT_BRIDGE,alcohol_tobacco,7,annual_other_error,24,0.29040760215293404,0.7835969744379824,0.6350418098978264
recent_origins,model_all_blocks_common,INDEPENDENT_BRIDGE,alcohol_tobacco,8,annual_other_error,23,0.3781058965601337,0.8778338807713448,0.7716011032386101
recent_origins,model_all_blocks_common,INDEPENDENT_BRIDGE,alcohol_tobacco,9,annual_other_error,22,0.460201739905526,0.9749439633477691,0.8410061037966414
recent_origins,model_all_blocks_common,INDEPENDENT_BRIDGE,alcohol_tobacco,10,annual_other_error,21,0.5464622569869303,1.129059912783966,0.9428786479740241
recent_origins,model_all_blocks_common,INDEPENDENT_BRIDGE,alcohol_tobacco,11,annual_other_error,20,0.588751423941855,1.2394611046667368,1.0552189153897447
recent_origins,model_all_blocks_common,INDEPENDENT_BRIDGE,alcohol_tobacco,12,annual_other_error,19,0.6458324730207697,1.2672795152336094,1.099582433772179
recent_origins,model_all_blocks_common,INDEPENDENT_BRIDGE,core,1,annual_other_error,30,0.03442584487019299,0.3299910035872919,0.253662813515416
recent_origins,model_all_blocks_common,INDEPENDENT_BRIDGE,core,2,annual_other_error,29,0.06350703458902876,0.4408913697314211,0.3362298096406609
recent_origins,model_all_blocks_common,INDEPENDENT_BRIDGE,core,3,annual_other_error,28,0.0773828609705605,0.47246011096304874,0.3717337876195485
recent_origins,model_all_blocks_common,INDEPENDENT_BRIDGE,core,4,annual_other_error,27,0.1624027197389719,0.42214012354039454,0.3409039241502693
recent_origins,model_all_blocks_common,INDEPENDENT_BRIDGE,core,5,annual_other_error,26,0.2576415641575971,0.45107641812697574,0.3689899761284995
recent_origins,model_all_blocks_common,INDEPENDENT_BRIDGE,core,6,annual_other_error,25,0.3532712860632832,0.537952007854779,0.448832280926846
recent_origins,model_all_blocks_common,INDEPENDENT_BRIDGE,core,7,annual_other_error,24,0.43749206270611957,0.6386568908377233,0.5422522339230914
recent_origins,model_all_blocks_common,INDEPENDENT_BRIDGE,core,8,annual_other_error,23,0.5272649363957334,0.7145012550146737,0.6274054637872083
recent_origins,model_all_blocks_common,INDEPENDENT_BRIDGE,core,9,annual_other_error,22,0.6008768301028475,0.7569186542297919,0.6574328341445402
recent_origins,model_all_blocks_common,INDEPENDENT_BRIDGE,core,10,annual_other_error,21,0.6881554556778399,0.8616091213311164,0.7593018676129605
recent_origins,model_all_blocks_common,INDEPENDENT_BRIDGE,core,11,annual_other_error,20,0.7662911871666254,0.9542259307854222,0.8271258044327949
recent_origins,model_all_blocks_common,INDEPENDENT_BRIDGE,core,12,annual_other_error,19,0.8754210708809891,1.028065140738664,0.8754210708809891
recent_origins,model_all_blocks_common,INDEPENDENT_BRIDGE,food,1,annual_other_error,30,-0.003997818838170608,0.31999361450374014,0.2573176854822833
recent_origins,model_all_blocks_common,INDEPENDENT_BRIDGE,food,2,annual_other_error,29,-0.00999568033434786,0.4312890281661588,0.3531962975088559
recent_origins,model_all_blocks_common,INDEPENDENT_BRIDGE,food,3,annual_other_error,28,-0.006768425369191223,0.47884987666661627,0.4032465828052304
recent_origins,model_all_blocks_common,INDEPENDENT_BRIDGE,food,4,annual_other_error,27,0.0008833621305525489,0.4852052659928334,0.4040084858566442
recent_origins,model_all_blocks_common,INDEPENDENT_BRIDGE,food,5,annual_other_error,26,0.006736064559741974,0.5314119403539638,0.4813051556134524
recent_origins,model_all_blocks_common,INDEPENDENT_BRIDGE,food,6,annual_other_error,25,0.00800056561263241,0.6118918144015886,0.5422362346240533
recent_origins,model_all_blocks_common,INDEPENDENT_BRIDGE,food,7,annual_other_error,24,0.03675966351674953,0.6496393813768735,0.5532691232930995
recent_origins,model_all_blocks_common,INDEPENDENT_BRIDGE,food,8,annual_other_error,23,0.07669990177841314,0.6652470999019235,0.5486865996047154
recent_origins,model_all_blocks_common,INDEPENDENT_BRIDGE,food,9,annual_other_error,22,0.09795521436060159,0.7449852934636693,0.636551990361678
recent_origins,model_all_blocks_common,INDEPENDENT_BRIDGE,food,10,annual_other_error,21,0.13689389419221645,0.8232560739129992,0.7155630145082725
recent_origins,model_all_blocks_common,INDEPENDENT_BRIDGE,food,11,annual_other_error,20,0.135222843524978,0.9353143138085479,0.8192589644300728
recent_origins,model_all_blocks_common,INDEPENDENT_BRIDGE,food,12,annual_other_error,19,0.15394130661093652,0.9992155079134087,0.8324584020207486
recent_origins,model_all_blocks_common,INDEPENDENT_BRIDGE,fuel,1,annual_other_error,30,0.01140057111395106,0.304237835010899,0.23549044421567164
recent_origins,model_all_blocks_common,INDEPENDENT_BRIDGE,fuel,2,annual_other_error,29,0.02177227995130293,0.42462685261896815,0.31952570987126905
recent_origins,model_all_blocks_common,INDEPENDENT_BRIDGE,fuel,3,annual_other_error,28,0.03641911888582049,0.4888543242495236,0.37902215389235294
recent_origins,model_all_blocks_common,INDEPENDENT_BRIDGE,fuel,4,annual_other_error,27,0.1126263627595449,0.533900552134744,0.44384564010419514
recent_origins,model_all_blocks_common,INDEPENDENT_BRIDGE,fuel,5,annual_other_error,26,0.18570098669896448,0.61301622196684,0.533356982155911
recent_origins,model_all_blocks_common,INDEPENDENT_BRIDGE,fuel,6,annual_other_error,25,0.23479387172390198,0.7455423491491999,0.6178525558694885
recent_origins,model_all_blocks_common,INDEPENDENT_BRIDGE,fuel,7,annual_other_error,24,0.28936431756575504,0.9260807906854386,0.7752426281698847
recent_origins,model_all_blocks_common,INDEPENDENT_BRIDGE,fuel,8,annual_other_error,23,0.36867227279595205,1.0775507570631648,0.9193130026813776
recent_origins,model_all_blocks_common,INDEPENDENT_BRIDGE,fuel,9,annual_other_error,22,0.44685494220048905,1.1509139255870102,0.9864989956580204
recent_origins,model_all_blocks_common,INDEPENDENT_BRIDGE,fuel,10,annual_other_error,21,0.5247669527863789,1.2657343554996194,1.085091884203803
recent_origins,model_all_blocks_common,INDEPENDENT_BRIDGE,fuel,11,annual_other_error,20,0.5606292111552973,1.3561637979080314,1.1561988397562126
recent_origins,model_all_blocks_common,INDEPENDENT_BRIDGE,fuel,12,annual_other_error,19,0.6037277825472241,1.3945293420841485,1.2589388548071572
recent_origins,all_models_all_blocks_common,INDEPENDENT_BRIDGE,administered,1,annual_other_error,30,-0.0053657862148928535,0.3657143578099202,0.2894090335667524
recent_origins,all_models_all_blocks_common,INDEPENDENT_BRIDGE,administered,2,annual_other_error,29,-0.01000842438126933,0.5027428372632636,0.3933114892536629
recent_origins,all_models_all_blocks_common,INDEPENDENT_BRIDGE,administered,3,annual_other_error,28,-0.02276694719041677,0.5452415051360929,0.46206597964428775
recent_origins,all_models_all_blocks_common,INDEPENDENT_BRIDGE,administered,4,annual_other_error,27,0.02552530095438359,0.49740651184833684,0.4312466762684977
recent_origins,all_models_all_blocks_common,INDEPENDENT_BRIDGE,administered,5,annual_other_error,26,0.0732890985765047,0.5174734575631642,0.4405232225530125
recent_origins,all_models_all_blocks_common,INDEPENDENT_BRIDGE,administered,6,annual_other_error,25,0.1113084672369478,0.5820427082526096,0.4475797514292415
recent_origins,all_models_all_blocks_common,INDEPENDENT_BRIDGE,administered,7,annual_other_error,24,0.16219408857658532,0.7089786321973789,0.5727758409386021
recent_origins,all_models_all_blocks_common,INDEPENDENT_BRIDGE,administered,8,annual_other_error,23,0.2409736281826915,0.8082661296242444,0.6727531082643501
recent_origins,all_models_all_blocks_common,INDEPENDENT_BRIDGE,administered,9,annual_other_error,22,0.3102451561235885,0.8621066278258852,0.722829710095385
recent_origins,all_models_all_blocks_common,INDEPENDENT_BRIDGE,administered,10,annual_other_error,21,0.3832676509255005,0.9793388333767934,0.8514623203288927
recent_origins,all_models_all_blocks_common,INDEPENDENT_BRIDGE,administered,11,annual_other_error,20,0.4153231484502037,1.099008318513459,0.9576986492984727
recent_origins,all_models_all_blocks_common,INDEPENDENT_BRIDGE,administered,12,annual_other_error,19,0.46168846393101765,1.155223680487362,0.9508497006851604
recent_origins,all_models_all_blocks_common,INDEPENDENT_BRIDGE,alcohol_tobacco,1,annual_other_error,30,0.004277450354487996,0.3570983253614051,0.2768327842735674
recent_origins,all_models_all_blocks_common,INDEPENDENT_BRIDGE,alcohol_tobacco,2,annual_other_error,29,0.014747604334959528,0.5097016747330336,0.41863798887685383
recent_origins,all_models_all_blocks_common,INDEPENDENT_BRIDGE,alcohol_tobacco,3,annual_other_error,28,0.02098387619575892,0.5488289282439458,0.4686353835044041
recent_origins,all_models_all_blocks_common,INDEPENDENT_BRIDGE,alcohol_tobacco,4,annual_other_error,27,0.08483901799217064,0.527801988698661,0.44080763110011817
recent_origins,all_models_all_blocks_common,INDEPENDENT_BRIDGE,alcohol_tobacco,5,annual_other_error,26,0.1493743542987984,0.5814124349266583,0.4616025283586848
recent_origins,all_models_all_blocks_common,INDEPENDENT_BRIDGE,alcohol_tobacco,6,annual_other_error,25,0.21192510032962414,0.6682301606605294,0.5160274767750822
recent_origins,all_models_all_blocks_common,INDEPENDENT_BRIDGE,alcohol_tobacco,7,annual_other_error,24,0.29040760215293404,0.7835969744379824,0.6350418098978264
recent_origins,all_models_all_blocks_common,INDEPENDENT_BRIDGE,alcohol_tobacco,8,annual_other_error,23,0.3781058965601337,0.8778338807713448,0.7716011032386101
recent_origins,all_models_all_blocks_common,INDEPENDENT_BRIDGE,alcohol_tobacco,9,annual_other_error,22,0.460201739905526,0.9749439633477691,0.8410061037966414
recent_origins,all_models_all_blocks_common,INDEPENDENT_BRIDGE,alcohol_tobacco,10,annual_other_error,21,0.5464622569869303,1.129059912783966,0.9428786479740241
recent_origins,all_models_all_blocks_common,INDEPENDENT_BRIDGE,alcohol_tobacco,11,annual_other_error,20,0.588751423941855,1.2394611046667368,1.0552189153897447
recent_origins,all_models_all_blocks_common,INDEPENDENT_BRIDGE,alcohol_tobacco,12,annual_other_error,19,0.6458324730207697,1.2672795152336094,1.099582433772179
recent_origins,all_models_all_blocks_common,INDEPENDENT_BRIDGE,core,1,annual_other_error,30,0.03442584487019299,0.3299910035872919,0.253662813515416
recent_origins,all_models_all_blocks_common,INDEPENDENT_BRIDGE,core,2,annual_other_error,29,0.06350703458902876,0.4408913697314211,0.3362298096406609
recent_origins,all_models_all_blocks_common,INDEPENDENT_BRIDGE,core,3,annual_other_error,28,0.0773828609705605,0.47246011096304874,0.3717337876195485
recent_origins,all_models_all_blocks_common,INDEPENDENT_BRIDGE,core,4,annual_other_error,27,0.1624027197389719,0.42214012354039454,0.3409039241502693
recent_origins,all_models_all_blocks_common,INDEPENDENT_BRIDGE,core,5,annual_other_error,26,0.2576415641575971,0.45107641812697574,0.3689899761284995
recent_origins,all_models_all_blocks_common,INDEPENDENT_BRIDGE,core,6,annual_other_error,25,0.3532712860632832,0.537952007854779,0.448832280926846
recent_origins,all_models_all_blocks_common,INDEPENDENT_BRIDGE,core,7,annual_other_error,24,0.43749206270611957,0.6386568908377233,0.5422522339230914
recent_origins,all_models_all_blocks_common,INDEPENDENT_BRIDGE,core,8,annual_other_error,23,0.5272649363957334,0.7145012550146737,0.6274054637872083
recent_origins,all_models_all_blocks_common,INDEPENDENT_BRIDGE,core,9,annual_other_error,22,0.6008768301028475,0.7569186542297919,0.6574328341445402
recent_origins,all_models_all_blocks_common,INDEPENDENT_BRIDGE,core,10,annual_other_error,21,0.6881554556778399,0.8616091213311164,0.7593018676129605
recent_origins,all_models_all_blocks_common,INDEPENDENT_BRIDGE,core,11,annual_other_error,20,0.7662911871666254,0.9542259307854222,0.8271258044327949
recent_origins,all_models_all_blocks_common,INDEPENDENT_BRIDGE,core,12,annual_other_error,19,0.8754210708809891,1.028065140738664,0.8754210708809891
recent_origins,all_models_all_blocks_common,INDEPENDENT_BRIDGE,food,1,annual_other_error,30,-0.003997818838170608,0.31999361450374014,0.2573176854822833
recent_origins,all_models_all_blocks_common,INDEPENDENT_BRIDGE,food,2,annual_other_error,29,-0.00999568033434786,0.4312890281661588,0.3531962975088559
recent_origins,all_models_all_blocks_common,INDEPENDENT_BRIDGE,food,3,annual_other_error,28,-0.006768425369191223,0.47884987666661627,0.4032465828052304
recent_origins,all_models_all_blocks_common,INDEPENDENT_BRIDGE,food,4,annual_other_error,27,0.0008833621305525489,0.4852052659928334,0.4040084858566442
recent_origins,all_models_all_blocks_common,INDEPENDENT_BRIDGE,food,5,annual_other_error,26,0.006736064559741974,0.5314119403539638,0.4813051556134524
recent_origins,all_models_all_blocks_common,INDEPENDENT_BRIDGE,food,6,annual_other_error,25,0.00800056561263241,0.6118918144015886,0.5422362346240533
recent_origins,all_models_all_blocks_common,INDEPENDENT_BRIDGE,food,7,annual_other_error,24,0.03675966351674953,0.6496393813768735,0.5532691232930995
recent_origins,all_models_all_blocks_common,INDEPENDENT_BRIDGE,food,8,annual_other_error,23,0.07669990177841314,0.6652470999019235,0.5486865996047154
recent_origins,all_models_all_blocks_common,INDEPENDENT_BRIDGE,food,9,annual_other_error,22,0.09795521436060159,0.7449852934636693,0.636551990361678
recent_origins,all_models_all_blocks_common,INDEPENDENT_BRIDGE,food,10,annual_other_error,21,0.13689389419221645,0.8232560739129992,0.7155630145082725
recent_origins,all_models_all_blocks_common,INDEPENDENT_BRIDGE,food,11,annual_other_error,20,0.135222843524978,0.9353143138085479,0.8192589644300728
recent_origins,all_models_all_blocks_common,INDEPENDENT_BRIDGE,food,12,annual_other_error,19,0.15394130661093652,0.9992155079134087,0.8324584020207486
recent_origins,all_models_all_blocks_common,INDEPENDENT_BRIDGE,fuel,1,annual_other_error,30,0.01140057111395106,0.304237835010899,0.23549044421567164
recent_origins,all_models_all_blocks_common,INDEPENDENT_BRIDGE,fuel,2,annual_other_error,29,0.02177227995130293,0.42462685261896815,0.31952570987126905
recent_origins,all_models_all_blocks_common,INDEPENDENT_BRIDGE,fuel,3,annual_other_error,28,0.03641911888582049,0.4888543242495236,0.37902215389235294
recent_origins,all_models_all_blocks_common,INDEPENDENT_BRIDGE,fuel,4,annual_other_error,27,0.1126263627595449,0.533900552134744,0.44384564010419514
recent_origins,all_models_all_blocks_common,INDEPENDENT_BRIDGE,fuel,5,annual_other_error,26,0.18570098669896448,0.61301622196684,0.533356982155911
recent_origins,all_models_all_blocks_common,INDEPENDENT_BRIDGE,fuel,6,annual_other_error,25,0.23479387172390198,0.7455423491491999,0.6178525558694885
recent_origins,all_models_all_blocks_common,INDEPENDENT_BRIDGE,fuel,7,annual_other_error,24,0.28936431756575504,0.9260807906854386,0.7752426281698847
recent_origins,all_models_all_blocks_common,INDEPENDENT_BRIDGE,fuel,8,annual_other_error,23,0.36867227279595205,1.0775507570631648,0.9193130026813776
recent_origins,all_models_all_blocks_common,INDEPENDENT_BRIDGE,fuel,9,annual_other_error,22,0.44685494220048905,1.1509139255870102,0.9864989956580204
recent_origins,all_models_all_blocks_common,INDEPENDENT_BRIDGE,fuel,10,annual_other_error,21,0.5247669527863789,1.2657343554996194,1.085091884203803
recent_origins,all_models_all_blocks_common,INDEPENDENT_BRIDGE,fuel,11,annual_other_error,20,0.5606292111552973,1.3561637979080314,1.1561988397562126
recent_origins,all_models_all_blocks_common,INDEPENDENT_BRIDGE,fuel,12,annual_other_error,19,0.6037277825472241,1.3945293420841485,1.2589388548071572
