period,model,actual,consensus,forecast,error,surprise,deviation,gain,big,alert,directional_big_hit,wrong_way_big_alert,material_big_hit,capture_ratio
2019-02,LEGACY_BASE,0.2,0.1,0.28148757009215447,0.08148757009215446,0.1,0.18148757009215447,0.018512429907845546,False,False,False,False,False,
2019-03,LEGACY_BASE,0.2,0.1,0.08296838830705089,-0.11703161169294912,0.1,-0.017031611692949117,-0.017031611692949117,False,False,False,False,False,
2019-04,LEGACY_BASE,0.1,0.3,0.41801784445401535,0.3180178444540154,-0.19999999999999998,0.11801784445401536,-0.11801784445401539,False,False,False,False,False,
2019-05,LEGACY_BASE,0.7,0.4,0.2348046582023983,-0.4651953417976017,0.29999999999999993,-0.16519534179760173,-0.16519534179760176,False,False,False,False,False,
2019-06,LEGACY_BASE,0.2,0.1,0.12503802156624538,-0.07496197843375463,0.1,0.025038021566245378,0.025038021566245378,False,False,False,False,False,
2019-07,LEGACY_BASE,0.4,0.2,0.39045237187163523,-0.009547628128364793,0.2,0.19045237187163522,0.19045237187163522,False,False,False,False,False,
2019-08,LEGACY_BASE,0.1,0.0,-0.006945762243797032,-0.10694576224379704,0.1,-0.006945762243797032,-0.006945762243797032,False,False,False,False,False,
2019-09,LEGACY_BASE,-0.6,-0.4,-0.34838756200358595,0.25161243799641403,-0.19999999999999996,0.05161243799641407,-0.05161243799641407,False,False,False,False,False,
2019-10,LEGACY_BASE,0.5,0.4,0.2815613688180064,-0.21843863118199358,0.09999999999999998,-0.1184386311819936,-0.1184386311819936,False,False,False,False,False,
2019-11,LEGACY_BASE,0.3,0.2,0.16937829587203512,-0.13062170412796487,0.09999999999999998,-0.03062170412796489,-0.03062170412796489,False,False,False,False,False,
2019-12,LEGACY_BASE,0.2,0.1,-0.01685989837024902,-0.21685989837024902,0.1,-0.11685989837024903,-0.11685989837024902,False,False,False,False,False,
2020-01,LEGACY_BASE,1.5,1.0,0.8780719418354076,-0.6219280581645924,0.5,-0.1219280581645924,-0.1219280581645924,True,False,False,False,False,-0.2438561163291848
2020-02,LEGACY_BASE,0.3,0.3,0.25677981575345094,-0.043220184246549054,0.0,-0.043220184246549054,-0.043220184246549054,False,False,False,False,False,
2020-03,LEGACY_BASE,-0.1,0.1,-0.3165938046256471,-0.21659380462564712,-0.2,-0.4165938046256471,-0.016593804625647107,False,True,False,False,False,
2020-04,LEGACY_BASE,-0.2,-0.2,-0.4407139221465571,-0.24071392214655707,0.0,-0.24071392214655707,-0.24071392214655707,False,True,False,False,False,
2020-05,LEGACY_BASE,0.4,0.1,0.09702002228411025,-0.3029799777158898,0.30000000000000004,-0.002979977715889759,-0.002979977715889759,False,False,False,False,False,
2020-06,LEGACY_BASE,0.6,0.2,0.2507384390118719,-0.34926156098812805,0.39999999999999997,0.050738439011871916,0.050738439011871916,True,False,False,False,False,0.1268460975296798
2020-07,LEGACY_BASE,0.4,0.2,0.395328459237208,-0.004671540762792026,0.2,0.19532845923720799,0.19532845923720799,False,False,False,False,False,
2020-08,LEGACY_BASE,0.0,0.0,-0.023200720954765504,-0.023200720954765504,0.0,-0.023200720954765504,-0.023200720954765504,False,False,False,False,False,
2020-09,LEGACY_BASE,-0.6,-0.3,-0.39217985943779865,0.20782014056220133,-0.3,-0.09217985943779866,0.09217985943779866,False,False,False,False,False,
2020-10,LEGACY_BASE,0.2,0.2,0.20054010508595513,0.0005401050859551171,0.0,0.0005401050859551171,-0.0005401050859551171,False,False,False,False,False,
2020-11,LEGACY_BASE,0.0,0.1,0.11570993652619654,0.11570993652619654,-0.1,0.01570993652619654,-0.01570993652619654,False,False,False,False,False,
2020-12,LEGACY_BASE,-0.2,0.1,0.15685617978845667,0.3568561797884567,-0.30000000000000004,0.05685617978845667,-0.05685617978845664,False,False,False,False,False,
2021-01,LEGACY_BASE,1.3,0.9,0.8134405209147586,-0.48655947908524144,0.4,-0.08655947908524142,-0.08655947908524142,True,False,False,False,False,-0.21639869771310355
2021-02,LEGACY_BASE,0.2,0.3,0.42160981863968877,0.22160981863968876,-0.09999999999999998,0.12160981863968878,-0.12160981863968878,False,False,False,False,False,
2021-03,LEGACY_BASE,0.2,0.3,0.1350844973045423,-0.0649155026954577,-0.09999999999999998,-0.16491550269545768,0.03508449730454227,False,False,False,False,False,
2021-04,LEGACY_BASE,0.5,0.2,0.2667329009996384,-0.23326709900036158,0.3,0.06673290099963841,0.06673290099963841,False,False,False,False,False,
2021-05,LEGACY_BASE,0.2,0.4,0.5712988080034986,0.3712988080034986,-0.2,0.17129880800349861,-0.17129880800349861,False,False,False,False,False,
2021-06,LEGACY_BASE,0.5,0.4,0.3354674070889383,-0.1645325929110617,0.09999999999999998,-0.06453259291106173,-0.06453259291106173,False,False,False,False,False,
2021-07,LEGACY_BASE,1.0,0.5,0.5987636914772603,-0.4012363085227397,0.5,0.09876369147726027,0.09876369147726027,True,False,False,False,False,0.19752738295452055
2021-08,LEGACY_BASE,0.7,0.2,0.16469840188991133,-0.5353015981100886,0.49999999999999994,-0.03530159811008868,-0.03530159811008865,True,False,False,False,False,-0.07060319622017737
2021-09,LEGACY_BASE,0.2,-0.2,-0.15445391030053146,-0.35445391030053147,0.4,0.04554608969946855,0.04554608969946855,True,False,False,False,False,0.11386522424867138
2021-10,LEGACY_BASE,1.0,0.7,0.7040378888996407,-0.2959621111003593,0.30000000000000004,0.00403788889964074,0.00403788889964074,False,False,False,False,False,
2021-11,LEGACY_BASE,0.2,0.3,0.6883656072042946,0.4883656072042946,-0.09999999999999998,0.38836560720429464,-0.38836560720429464,False,True,False,False,False,
2021-12,LEGACY_BASE,0.4,0.3,0.7925304539524585,0.39253045395245845,0.10000000000000003,0.4925304539524585,-0.2925304539524584,False,True,False,False,False,
2022-01,LEGACY_BASE,4.4,3.8,4.346586348732619,-0.05341365126738129,0.6000000000000005,0.5465863487326192,0.5465863487326192,True,True,True,False,True,0.910977247887698
2022-02,LEGACY_BASE,1.3,0.6,0.8630383692151836,-0.4369616307848164,0.7000000000000001,0.26303836921518364,0.26303836921518364,True,True,True,False,True,0.37576909887883375
2022-03,LEGACY_BASE,1.7,1.4,0.9820869543089299,-0.7179130456910701,0.30000000000000004,-0.41791304569107,-0.41791304569107,False,True,False,False,False,
2022-04,LEGACY_BASE,1.8,0.9,0.8213126444004937,-0.9786873555995064,0.9,-0.07868735559950635,-0.07868735559950635,True,False,False,False,False,-0.08743039511056261
2022-05,LEGACY_BASE,1.8,1.4,1.984974314785807,0.18497431478580695,0.40000000000000013,0.5849743147858071,0.21502568521419319,True,True,True,False,True,1.4624357869645173
2022-06,LEGACY_BASE,1.6,1.5,1.4599421046830754,-0.1400578953169247,0.10000000000000009,-0.04005789531692461,-0.04005789531692461,False,False,False,False,False,
2022-07,LEGACY_BASE,1.3,1.6,1.4472712435231796,0.14727124352317955,-0.30000000000000004,-0.1527287564768205,0.1527287564768205,False,False,False,False,False,
2022-08,LEGACY_BASE,0.4,0.8,0.6229589155390018,0.22295891553900182,-0.4,-0.1770410844609982,0.1770410844609982,True,False,False,False,False,0.4426027111524955
2022-09,LEGACY_BASE,0.8,0.2,0.08611331883587586,-0.7138866811641242,0.6000000000000001,-0.11388668116412415,-0.11388668116412415,True,False,False,False,False,-0.1898111352735402
2022-10,LEGACY_BASE,-1.4,0.9,1.1406198658324782,2.540619865832478,-2.3,0.24061986583247819,-0.2406198658324783,True,True,False,True,False,-0.1046173329706427
2022-11,LEGACY_BASE,1.2,0.7,0.6614814750980381,-0.5385185249019618,0.5,-0.03851852490196184,-0.03851852490196184,True,False,False,False,False,-0.07703704980392367
2022-12,LEGACY_BASE,0.0,0.4,-0.08624491637002141,-0.08624491637002141,-0.4,-0.48624491637002143,0.3137550836299786,True,True,True,False,True,1.2156122909250535
2023-01,LEGACY_BASE,6.0,5.8,4.845410831191518,-1.1545891688084824,0.20000000000000018,-0.9545891688084822,-0.9545891688084822,False,True,False,False,False,
2023-02,LEGACY_BASE,0.6,0.5,0.543835889388298,-0.05616411061170201,0.09999999999999998,0.043835889388297966,0.043835889388297966,False,False,False,False,False,
2023-03,LEGACY_BASE,0.1,0.1,0.2707529964641877,0.1707529964641877,0.0,0.1707529964641877,-0.1707529964641877,False,False,False,False,False,
2023-04,LEGACY_BASE,-0.2,0.4,0.5470608628042315,0.7470608628042315,-0.6000000000000001,0.14706086280423147,-0.14706086280423136,True,False,False,False,False,-0.24510143800705242
2023-05,LEGACY_BASE,0.3,0.1,0.23585994590771578,-0.06414005409228421,0.19999999999999998,0.13585994590771577,0.13585994590771577,False,False,False,False,False,
2023-06,LEGACY_BASE,0.3,0.3,0.046987323610267306,-0.2530126763897327,0.0,-0.2530126763897327,-0.2530126763897327,False,True,False,False,False,
2023-07,LEGACY_BASE,0.5,0.4,0.3657631583806945,-0.1342368416193055,0.09999999999999998,-0.034236841619305514,-0.034236841619305514,False,False,False,False,False,
2023-08,LEGACY_BASE,0.2,0.1,0.44438253338679273,0.24438253338679272,0.1,0.3443825333867927,-0.14438253338679272,False,True,False,False,False,
2023-09,LEGACY_BASE,-0.7,-0.2,-0.2573283089284558,0.44267169107154414,-0.49999999999999994,-0.05732830892845581,0.05732830892845581,True,False,False,False,False,0.11465661785691163
2023-10,LEGACY_BASE,0.1,0.0,0.3098291578587594,0.2098291578587594,0.1,0.3098291578587594,-0.10982915785875941,False,True,False,False,False,
2023-11,LEGACY_BASE,0.1,-0.1,0.04561872636565829,-0.05438127363434172,0.2,0.14561872636565829,0.14561872636565829,False,False,False,False,False,
2023-12,LEGACY_BASE,-0.4,0.0,-0.14642122677900665,0.25357877322099337,-0.4,-0.14642122677900665,0.14642122677900665,True,False,False,False,False,0.3660530669475166
2024-01,LEGACY_BASE,1.5,2.0,0.941205038573995,-0.558794961426005,-0.5,-1.058794961426005,-0.058794961426005043,True,True,True,False,False,2.11758992285201
2024-02,LEGACY_BASE,0.3,0.4,0.25001559015089836,-0.04998440984910163,-0.10000000000000003,-0.14998440984910166,0.050015590150898404,False,False,False,False,False,
2024-03,LEGACY_BASE,0.1,0.1,0.13589923379296834,0.03589923379296833,0.0,0.03589923379296833,-0.03589923379296833,False,False,False,False,False,
2024-04,LEGACY_BASE,0.7,0.2,0.45565687854243303,-0.24434312145756693,0.49999999999999994,0.255656878542433,0.255656878542433,True,True,True,False,True,0.5113137570848661
2024-05,LEGACY_BASE,0.0,0.1,0.16027736300948725,0.16027736300948725,-0.1,0.060277363009487245,-0.060277363009487245,False,False,False,False,False,
2024-06,LEGACY_BASE,-0.3,0.2,0.029142593405205003,0.329142593405205,-0.5,-0.170857406594795,0.17085740659479498,True,False,False,False,False,0.34171481318959
2024-07,LEGACY_BASE,0.7,0.5,0.20922912091095602,-0.49077087908904393,0.19999999999999996,-0.290770879089044,-0.290770879089044,False,True,False,False,False,
2024-08,LEGACY_BASE,0.3,0.0,0.04649968774624619,-0.2535003122537538,0.3,0.04649968774624619,0.04649968774624619,False,False,False,False,False,
2024-09,LEGACY_BASE,-0.4,-0.5,-0.5022764509982102,-0.10227645099821014,0.09999999999999998,-0.0022764509982101666,-0.0022764509982101666,False,False,False,False,False,
2024-10,LEGACY_BASE,0.3,0.3,0.25026244303236067,-0.04973755696763932,0.0,-0.04973755696763932,-0.04973755696763932,False,False,False,False,False,
2024-11,LEGACY_BASE,0.1,0.2,0.12886760782724496,0.028867607827244957,-0.1,-0.07113239217275505,0.07113239217275505,False,False,False,False,False,
2024-12,LEGACY_BASE,-0.3,0.1,-0.019691288697074448,0.28030871130292556,-0.4,-0.11969128869707446,0.11969128869707446,True,False,False,False,False,0.29922822174268615
2025-01,LEGACY_BASE,1.3,1.1,1.1141238104803735,-0.1858761895196266,0.19999999999999996,0.014123810480373367,0.014123810480373367,False,False,False,False,False,
2025-02,LEGACY_BASE,0.2,0.2,0.3326983780959465,0.13269837809594648,0.0,0.13269837809594648,-0.13269837809594648,False,False,False,False,False,
2025-03,LEGACY_BASE,0.1,0.0,0.023784067910595116,-0.07621593208940489,0.1,0.023784067910595116,0.02378406791059512,False,False,False,False,False,
2025-04,LEGACY_BASE,-0.1,0.1,0.186840899342476,0.28684089934247603,-0.2,0.08684089934247599,-0.08684089934247602,False,False,False,False,False,
2025-05,LEGACY_BASE,0.5,0.2,0.2631509822494441,-0.2368490177505559,0.3,0.0631509822494441,0.0631509822494441,False,False,False,False,False,
2025-06,LEGACY_BASE,0.3,0.2,0.21002735984113408,-0.08997264015886591,0.09999999999999998,0.010027359841134065,0.010027359841134065,False,False,False,False,False,
2025-07,LEGACY_BASE,0.5,0.5,0.48510382145960285,-0.014896178540397154,0.0,-0.014896178540397154,-0.014896178540397154,False,False,False,False,False,
2025-08,LEGACY_BASE,0.1,0.1,0.10697271272160463,0.006972712721604629,0.0,0.006972712721604629,-0.006972712721604629,False,False,False,False,False,
2025-09,LEGACY_BASE,-0.6,-0.3,-0.5082390667407406,0.09176093325925938,-0.3,-0.2082390667407406,0.2082390667407406,False,True,False,False,False,
2025-10,LEGACY_BASE,0.5,0.3,0.21602599370892633,-0.28397400629107367,0.2,-0.08397400629107366,-0.08397400629107366,False,False,False,False,False,
2025-11,LEGACY_BASE,-0.3,0.1,-0.02791249286551834,0.27208750713448165,-0.4,-0.12791249286551834,0.12791249286551837,True,False,False,False,False,0.31978123216379584
2025-12,LEGACY_BASE,-0.3,-0.1,-0.3511723383814115,-0.0511723383814115,-0.19999999999999998,-0.2511723383814115,0.14882766161858849,False,True,False,False,False,
2026-01,LEGACY_BASE,0.9,0.8,0.8169676489336665,-0.08303235106633355,0.09999999999999998,0.016967648933666424,0.016967648933666424,False,False,False,False,False,
2026-02,LEGACY_BASE,-0.1,0.1,0.06243702219602458,0.16243702219602457,-0.2,-0.037562977803975425,0.03756297780397544,False,False,False,False,False,
2026-03,LEGACY_BASE,0.6,0.7,0.5547564515650881,-0.04524354843491185,-0.09999999999999998,-0.14524354843491183,0.05475645156508813,False,False,False,False,False,
2026-04,LEGACY_BASE,0.5,0.4,0.4732403168837794,-0.026759683116220623,0.09999999999999998,0.07324031688377936,0.07324031688377936,False,False,False,False,False,
2026-05,LEGACY_BASE,0.1,0.3,0.3511651221664462,0.25116512216644615,-0.19999999999999998,0.0511651221664462,-0.05116512216644617,False,False,False,False,False,
2026-06,LEGACY_BASE,-0.3,0.0,-0.0733429254066232,0.2266570745933768,-0.3,-0.0733429254066232,0.07334292540662318,False,False,False,False,False,
2026-07,LEGACY_BASE,0.6,0.6,0.4380879786787769,-0.16191202132122307,0.0,-0.16191202132122307,-0.16191202132122307,False,False,False,False,False,
2019-02,LEGACY_HALF,0.2,0.1,0.3223959167564083,0.12239591675640826,0.1,0.22239591675640827,-0.022395916756408257,False,True,False,False,False,
2019-03,LEGACY_HALF,0.2,0.1,0.0737984755165065,-0.1262015244834935,0.1,-0.0262015244834935,-0.0262015244834935,False,False,False,False,False,
2019-04,LEGACY_HALF,0.1,0.3,0.44221330209549436,0.3422133020954944,-0.19999999999999998,0.14221330209549438,-0.1422133020954944,False,False,False,False,False,
2019-05,LEGACY_HALF,0.7,0.4,0.2400981237713503,-0.45990187622864964,0.29999999999999993,-0.1599018762286497,-0.1599018762286497,False,False,False,False,False,
2019-06,LEGACY_HALF,0.2,0.1,0.07148855927759555,-0.12851144072240445,0.1,-0.028511440722404455,-0.02851144072240444,False,False,False,False,False,
2019-07,LEGACY_HALF,0.4,0.2,0.39891869370078176,-0.0010813062992182654,0.2,0.19891869370078175,0.19891869370078175,False,False,False,False,False,
2019-08,LEGACY_HALF,0.1,0.0,0.013212691202047225,-0.08678730879795278,0.1,0.013212691202047225,0.013212691202047225,False,False,False,False,False,
2019-09,LEGACY_HALF,-0.6,-0.4,-0.33048149385723635,0.2695185061427636,-0.19999999999999996,0.06951850614276367,-0.06951850614276367,False,False,False,False,False,
2019-10,LEGACY_HALF,0.5,0.4,0.33382145793733903,-0.16617854206266097,0.09999999999999998,-0.066178542062661,-0.066178542062661,False,False,False,False,False,
2019-11,LEGACY_HALF,0.3,0.2,0.2024915980379357,-0.09750840196206428,0.09999999999999998,0.002491598037935694,0.002491598037935694,False,False,False,False,False,
2019-12,LEGACY_HALF,0.2,0.1,-0.008558366902739773,-0.2085583669027398,0.1,-0.10855836690273978,-0.10855836690273979,False,False,False,False,False,
2020-01,LEGACY_HALF,1.5,1.0,0.9059588456115907,-0.5940411543884093,0.5,-0.09404115438840932,-0.09404115438840932,True,False,False,False,False,-0.18808230877681864
2020-02,LEGACY_HALF,0.3,0.3,0.30215021505036044,0.002150215050360449,0.0,0.002150215050360449,-0.002150215050360449,False,False,False,False,False,
2020-03,LEGACY_HALF,-0.1,0.1,-0.2681772439943884,-0.1681772439943884,-0.2,-0.36817724399438845,0.0318227560056116,False,True,False,False,False,
2020-04,LEGACY_HALF,-0.2,-0.2,-0.39066496197286943,-0.19066496197286942,0.0,-0.19066496197286942,-0.19066496197286942,False,False,False,False,False,
2020-05,LEGACY_HALF,0.4,0.1,0.1531284409098388,-0.24687155909016123,0.30000000000000004,0.05312844090983879,0.053128440909838814,False,False,False,False,False,
2020-06,LEGACY_HALF,0.6,0.2,0.33955910800230193,-0.26044089199769804,0.39999999999999997,0.13955910800230192,0.13955910800230192,True,False,False,False,False,0.34889777000575484
2020-07,LEGACY_HALF,0.4,0.2,0.46752877249470676,0.06752877249470673,0.2,0.26752877249470675,0.13247122750529328,False,True,False,False,False,
2020-08,LEGACY_HALF,0.0,0.0,0.05399085157409004,0.05399085157409004,0.0,0.05399085157409004,-0.05399085157409004,False,False,False,False,False,
2020-09,LEGACY_HALF,-0.6,-0.3,-0.37438657205185605,0.22561342794814393,-0.3,-0.07438657205185606,0.07438657205185606,False,False,False,False,False,
2020-10,LEGACY_HALF,0.2,0.2,0.29920703324122067,0.09920703324122065,0.0,0.09920703324122065,-0.09920703324122065,False,False,False,False,False,
2020-11,LEGACY_HALF,0.0,0.1,0.17545392451861253,0.17545392451861253,-0.1,0.07545392451861252,-0.07545392451861252,False,False,False,False,False,
2020-12,LEGACY_HALF,-0.2,0.1,0.17524235332402685,0.3752423533240269,-0.30000000000000004,0.07524235332402684,-0.07524235332402684,False,False,False,False,False,
2021-01,LEGACY_HALF,1.3,0.9,0.8958483035488114,-0.40415169645118865,0.4,-0.0041516964511886245,-0.0041516964511886245,True,False,False,False,False,-0.010379241127971561
2021-02,LEGACY_HALF,0.2,0.3,0.5314597940135295,0.3314597940135295,-0.09999999999999998,0.2314597940135295,-0.2314597940135295,False,True,False,False,False,
2021-03,LEGACY_HALF,0.2,0.3,0.1201112233983182,-0.07988877660168181,-0.09999999999999998,-0.1798887766016818,0.020111223398318168,False,False,False,False,False,
2021-04,LEGACY_HALF,0.5,0.2,0.2890828837210026,-0.2109171162789974,0.3,0.08908288372100259,0.08908288372100259,False,False,False,False,False,
2021-05,LEGACY_HALF,0.2,0.4,0.5896986133906137,0.3896986133906137,-0.2,0.18969861339061367,-0.18969861339061367,False,False,False,False,False,
2021-06,LEGACY_HALF,0.5,0.4,0.33303455685048944,-0.16696544314951056,0.09999999999999998,-0.06696544314951058,-0.06696544314951058,False,False,False,False,False,
2021-07,LEGACY_HALF,1.0,0.5,0.6627370921998745,-0.33726290780012547,0.5,0.16273709219987453,0.16273709219987453,True,False,False,False,False,0.32547418439974907
2021-08,LEGACY_HALF,0.7,0.2,0.12426927070658017,-0.5757307292934197,0.49999999999999994,-0.07573072929341984,-0.07573072929341979,True,False,False,False,False,-0.1514614585868397
2021-09,LEGACY_HALF,0.2,-0.2,-0.06358492383311554,-0.26358492383311555,0.4,0.13641507616688447,0.13641507616688447,True,False,False,False,False,0.34103769041721116
2021-10,LEGACY_HALF,1.0,0.7,0.8219672826971275,-0.1780327173028725,0.30000000000000004,0.12196728269712753,0.12196728269712753,False,False,False,False,False,
2021-11,LEGACY_HALF,0.2,0.3,0.8309212646674332,0.6309212646674331,-0.09999999999999998,0.5309212646674333,-0.5309212646674332,False,True,False,False,False,
2021-12,LEGACY_HALF,0.4,0.3,0.9412670092358009,0.5412670092358008,0.10000000000000003,0.6412670092358008,-0.4412670092358008,False,True,False,False,False,
2022-01,LEGACY_HALF,4.4,3.8,4.46264858595253,0.06264858595252942,0.6000000000000005,0.66264858595253,0.5373514140474711,True,True,True,False,True,1.1044143099208823
2022-02,LEGACY_HALF,1.3,0.6,1.004185084734604,-0.29581491526539594,0.7000000000000001,0.4041850847346041,0.4041850847346041,True,True,True,False,True,0.5774072639065773
2022-03,LEGACY_HALF,1.7,1.4,1.0994755271054593,-0.6005244728945407,0.30000000000000004,-0.30052447289454065,-0.30052447289454065,False,True,False,False,False,
2022-04,LEGACY_HALF,1.8,0.9,0.9784935914760955,-0.8215064085239046,0.9,0.07849359147609547,0.07849359147609547,True,False,False,False,False,0.08721510164010608
2022-05,LEGACY_HALF,1.8,1.4,2.1293100673341105,0.3293100673341105,0.40000000000000013,0.7293100673341106,0.07068993266588963,True,True,True,False,False,1.823275168335276
2022-06,LEGACY_HALF,1.6,1.5,1.6095163521998244,0.009516352199824274,0.10000000000000009,0.10951635219982436,0.09048364780017581,False,False,False,False,False,
2022-07,LEGACY_HALF,1.3,1.6,1.5050372621040118,0.20503726210401174,-0.30000000000000004,-0.0949627378959883,0.0949627378959883,False,False,False,False,False,
2022-08,LEGACY_HALF,0.4,0.8,0.5673245830282283,0.16732458302822828,-0.4,-0.23267541697177174,0.23267541697177174,True,True,True,False,True,0.5816885424294294
2022-09,LEGACY_HALF,0.8,0.2,-0.059654405531346814,-0.8596544055313469,0.6000000000000001,-0.25965440553134683,-0.2596544055313468,True,True,False,True,False,-0.4327573425522447
2022-10,LEGACY_HALF,-1.4,0.9,1.0363065468594115,2.436306546859411,-2.3,0.13630654685941146,-0.13630654685941135,True,False,False,False,False,-0.059263716025831074
2022-11,LEGACY_HALF,1.2,0.7,0.5638075261024545,-0.6361924738975454,0.5,-0.1361924738975454,-0.1361924738975454,True,False,False,False,False,-0.2723849477950908
2022-12,LEGACY_HALF,0.0,0.4,-0.18990821349393916,-0.18990821349393916,-0.4,-0.5899082134939392,0.21009178650606086,True,True,True,False,True,1.4747705337348478
2023-01,LEGACY_HALF,6.0,5.8,4.776114230294722,-1.2238857697052783,0.20000000000000018,-1.0238857697052781,-1.0238857697052781,False,True,False,False,False,
2023-02,LEGACY_HALF,0.6,0.5,0.4665467544304753,-0.1334532455695247,0.09999999999999998,-0.033453245569524726,-0.033453245569524726,False,False,False,False,False,
2023-03,LEGACY_HALF,0.1,0.1,0.22063399219336055,0.12063399219336055,0.0,0.12063399219336055,-0.12063399219336055,False,False,False,False,False,
2023-04,LEGACY_HALF,-0.2,0.4,0.5095022458343853,0.7095022458343854,-0.6000000000000001,0.10950224583438528,-0.10950224583438528,True,False,False,False,False,-0.18250374305730876
2023-05,LEGACY_HALF,0.3,0.1,0.14036138239561705,-0.15963861760438294,0.19999999999999998,0.04036138239561704,0.04036138239561704,False,False,False,False,False,
2023-06,LEGACY_HALF,0.3,0.3,-0.04180315697762796,-0.341803156977628,0.0,-0.341803156977628,-0.341803156977628,False,True,False,False,False,
2023-07,LEGACY_HALF,0.5,0.4,0.31168479427591467,-0.18831520572408533,0.09999999999999998,-0.08831520572408535,-0.08831520572408535,False,False,False,False,False,
2023-08,LEGACY_HALF,0.2,0.1,0.4042706391697894,0.20427063916978938,0.1,0.30427063916978936,-0.10427063916978938,False,True,False,False,False,
2023-09,LEGACY_HALF,-0.7,-0.2,-0.3032761632622616,0.39672383673773837,-0.49999999999999994,-0.10327616326226158,0.10327616326226158,True,False,False,False,False,0.20655232652452318
2023-10,LEGACY_HALF,0.1,0.0,0.20149055172614344,0.10149055172614344,0.1,0.20149055172614344,-0.0014905517261434298,False,True,False,False,False,
2023-11,LEGACY_HALF,0.1,-0.1,-0.05657720927481706,-0.15657720927481705,0.2,0.043422790725182944,0.04342279072518296,False,False,False,False,False,
2023-12,LEGACY_HALF,-0.4,0.0,-0.2108368802722644,0.1891631197277356,-0.4,-0.2108368802722644,0.2108368802722644,True,True,True,False,True,0.527092200680661
2024-01,LEGACY_HALF,1.5,2.0,0.8622105262493519,-0.6377894737506481,-0.5,-1.1377894737506482,-0.1377894737506481,True,True,True,False,False,2.2755789475012964
2024-02,LEGACY_HALF,0.3,0.4,0.16741343191945005,-0.13258656808054994,-0.10000000000000003,-0.23258656808054998,-0.03258656808054991,False,True,False,False,False,
2024-03,LEGACY_HALF,0.1,0.1,0.1417348659208057,0.04173486592080569,0.0,0.04173486592080569,-0.04173486592080569,False,False,False,False,False,
2024-04,LEGACY_HALF,0.7,0.2,0.46265046039766894,-0.23734953960233102,0.49999999999999994,0.26265046039766893,0.26265046039766893,True,True,True,False,True,0.525300920795338
2024-05,LEGACY_HALF,0.0,0.1,0.15944939949266906,0.15944939949266906,-0.1,0.05944939949266906,-0.05944939949266906,False,False,False,False,False,
2024-06,LEGACY_HALF,-0.3,0.2,0.06247375255466306,0.3624737525546631,-0.5,-0.13752624744533695,0.13752624744533692,True,False,False,False,False,0.2750524948906739
2024-07,LEGACY_HALF,0.7,0.5,0.24906245202965013,-0.4509375479703498,0.19999999999999996,-0.25093754797034984,-0.25093754797034984,False,True,False,False,False,
2024-08,LEGACY_HALF,0.3,0.0,0.05006775983044631,-0.24993224016955368,0.3,0.05006775983044631,0.05006775983044631,False,False,False,False,False,
2024-09,LEGACY_HALF,-0.4,-0.5,-0.5566220334594368,-0.15662203345943682,0.09999999999999998,-0.05662203345943684,-0.05662203345943684,False,False,False,False,False,
2024-10,LEGACY_HALF,0.3,0.3,0.2916531413105724,-0.008346858689427583,0.0,-0.008346858689427583,-0.008346858689427583,False,False,False,False,False,
2024-11,LEGACY_HALF,0.1,0.2,0.11214289668438322,0.012142896684383217,-0.1,-0.08785710331561679,0.08785710331561679,False,False,False,False,False,
2024-12,LEGACY_HALF,-0.3,0.1,-0.06492876997199358,0.2350712300280064,-0.4,-0.16492876997199357,0.16492876997199363,True,False,False,False,False,0.41232192492998393
2025-01,LEGACY_HALF,1.3,1.1,1.1021386675428104,-0.19786133245718962,0.19999999999999996,0.0021386675428103352,0.0021386675428103352,False,False,False,False,False,
2025-02,LEGACY_HALF,0.2,0.2,0.36178330065894754,0.16178330065894753,0.0,0.16178330065894753,-0.16178330065894753,False,False,False,False,False,
2025-03,LEGACY_HALF,0.1,0.0,0.015703901066202352,-0.08429609893379765,0.1,0.015703901066202352,0.015703901066202355,False,False,False,False,False,
2025-04,LEGACY_HALF,-0.1,0.1,0.16815610061643305,0.268156100616433,-0.2,0.06815610061643304,-0.06815610061643301,False,False,False,False,False,
2025-05,LEGACY_HALF,0.5,0.2,0.27081128416019556,-0.22918871583980444,0.3,0.07081128416019555,0.07081128416019555,False,False,False,False,False,
2025-06,LEGACY_HALF,0.3,0.2,0.21872218510588526,-0.08127781489411473,0.09999999999999998,0.018722185105885247,0.018722185105885247,False,False,False,False,False,
2025-07,LEGACY_HALF,0.5,0.5,0.5879755231662174,0.08797552316621737,0.0,0.08797552316621737,-0.08797552316621737,False,False,False,False,False,
2025-08,LEGACY_HALF,0.1,0.1,0.09714752644717192,-0.002852473552828083,0.0,-0.002852473552828083,-0.002852473552828083,False,False,False,False,False,
2025-09,LEGACY_HALF,-0.6,-0.3,-0.5452829533271449,0.05471704667285504,-0.3,-0.24528295332714495,0.24528295332714495,False,True,False,False,False,
2025-10,LEGACY_HALF,0.5,0.3,0.2365563899490688,-0.2634436100509312,0.2,-0.06344361005093119,-0.06344361005093119,False,False,False,False,False,
2025-11,LEGACY_HALF,-0.3,0.1,-0.027816223027742316,0.27218377697225765,-0.4,-0.12781622302774232,0.12781622302774237,True,False,False,False,False,0.3195405575693558
2025-12,LEGACY_HALF,-0.3,-0.1,-0.3434457856939405,-0.04344578569394053,-0.19999999999999998,-0.24344578569394051,0.15655421430605945,False,True,False,False,False,
2026-01,LEGACY_HALF,0.9,0.8,0.8203997681246585,-0.07960023187534149,0.09999999999999998,0.02039976812465849,0.02039976812465849,False,False,False,False,False,
2026-02,LEGACY_HALF,-0.1,0.1,0.08533789933264095,0.18533789933264094,-0.2,-0.014662100667359054,0.014662100667359068,False,False,False,False,False,
2026-03,LEGACY_HALF,0.6,0.7,0.5687208685067471,-0.0312791314932529,-0.09999999999999998,-0.13127913149325288,0.06872086850674708,False,False,False,False,False,
2026-04,LEGACY_HALF,0.5,0.4,0.48278285927151987,-0.01721714072848013,0.09999999999999998,0.08278285927151985,0.08278285927151985,False,False,False,False,False,
2026-05,LEGACY_HALF,0.1,0.3,0.34891451806262636,0.24891451806262635,-0.19999999999999998,0.048914518062626366,-0.048914518062626366,False,False,False,False,False,
2026-06,LEGACY_HALF,-0.3,0.0,-0.0862689598561721,0.21373104014382788,-0.3,-0.0862689598561721,0.08626895985617211,False,False,False,False,False,
2026-07,LEGACY_HALF,0.6,0.6,0.5082255045536204,-0.09177449544637961,0.0,-0.09177449544637961,-0.09177449544637961,False,False,False,False,False,
2019-02,LEGACY_FULL,0.2,0.1,0.3633042634206621,0.16330426342066207,0.1,0.26330426342066204,-0.06330426342066206,False,True,False,False,False,
2019-03,LEGACY_FULL,0.2,0.1,0.06462856272596214,-0.1353714372740379,0.1,-0.03537143727403787,-0.03537143727403788,False,False,False,False,False,
2019-04,LEGACY_FULL,0.1,0.3,0.46640875973697327,0.3664087597369733,-0.19999999999999998,0.16640875973697328,-0.1664087597369733,False,False,False,False,False,
2019-05,LEGACY_FULL,0.7,0.4,0.2453915893403023,-0.45460841065969765,0.29999999999999993,-0.15460841065969771,-0.15460841065969771,False,False,False,False,False,
2019-06,LEGACY_FULL,0.2,0.1,0.01793909698894571,-0.1820609030110543,0.1,-0.08206090301105429,-0.08206090301105429,False,False,False,False,False,
2019-07,LEGACY_FULL,0.4,0.2,0.4073850155299284,0.007385015529928374,0.2,0.20738501552992838,0.19261498447007164,False,True,False,False,False,
2019-08,LEGACY_FULL,0.1,0.0,0.03337114464789147,-0.06662885535210854,0.1,0.03337114464789147,0.03337114464789147,False,False,False,False,False,
2019-09,LEGACY_FULL,-0.6,-0.4,-0.3125754257108867,0.2874245742891133,-0.19999999999999996,0.08742457428911332,-0.08742457428911332,False,False,False,False,False,
2019-10,LEGACY_FULL,0.5,0.4,0.38608154705667164,-0.11391845294332836,0.09999999999999998,-0.013918452943328385,-0.013918452943328385,False,False,False,False,False,
2019-11,LEGACY_FULL,0.3,0.2,0.23560490020383623,-0.06439509979616376,0.09999999999999998,0.03560490020383622,0.03560490020383622,False,False,False,False,False,
2019-12,LEGACY_FULL,0.2,0.1,-0.00025683543523052216,-0.20025683543523054,0.1,-0.10025683543523053,-0.10025683543523053,False,False,False,False,False,
2020-01,LEGACY_FULL,1.5,1.0,0.9338457493877738,-0.5661542506122262,0.5,-0.06615425061222624,-0.06615425061222624,True,False,False,False,False,-0.13230850122445248
2020-02,LEGACY_FULL,0.3,0.3,0.34752061434726994,0.04752061434726995,0.0,0.04752061434726995,-0.04752061434726995,False,False,False,False,False,
2020-03,LEGACY_FULL,-0.1,0.1,-0.21976068336312968,-0.11976068336312967,-0.2,-0.3197606833631297,0.08023931663687034,False,True,False,False,False,
2020-04,LEGACY_FULL,-0.2,-0.2,-0.3406160017991818,-0.14061600179918177,0.0,-0.14061600179918177,-0.14061600179918177,False,False,False,False,False,
2020-05,LEGACY_FULL,0.4,0.1,0.2092368595355673,-0.1907631404644327,0.30000000000000004,0.1092368595355673,0.10923685953556733,False,False,False,False,False,
2020-06,LEGACY_FULL,0.6,0.2,0.42837977699273194,-0.17162022300726804,0.39999999999999997,0.22837977699273193,0.22837977699273193,True,True,True,False,True,0.5709494424818299
2020-07,LEGACY_FULL,0.4,0.2,0.5397290857522055,0.13972908575220544,0.2,0.33972908575220545,0.06027091424779457,False,True,False,False,False,
2020-08,LEGACY_FULL,0.0,0.0,0.13118242410294553,0.13118242410294553,0.0,0.13118242410294553,-0.13118242410294553,False,False,False,False,False,
2020-09,LEGACY_FULL,-0.6,-0.3,-0.35659328466591345,0.24340671533408653,-0.3,-0.05659328466591346,0.05659328466591346,False,False,False,False,False,
2020-10,LEGACY_FULL,0.2,0.2,0.3978739613964862,0.19787396139648616,0.0,0.19787396139648616,-0.19787396139648616,False,False,False,False,False,
2020-11,LEGACY_FULL,0.0,0.1,0.23519791251102853,0.23519791251102853,-0.1,0.13519791251102853,-0.13519791251102853,False,False,False,False,False,
2020-12,LEGACY_FULL,-0.2,0.1,0.193628526859597,0.39362852685959704,-0.30000000000000004,0.093628526859597,-0.093628526859597,False,False,False,False,False,
2021-01,LEGACY_FULL,1.3,0.9,0.978256086182864,-0.3217439138171361,0.4,0.07825608618286395,0.07825608618286395,True,False,False,False,False,0.19564021545715987
2021-02,LEGACY_FULL,0.2,0.3,0.64130976938737,0.44130976938737004,-0.09999999999999998,0.34130976938737007,-0.34130976938737007,False,True,False,False,False,
2021-03,LEGACY_FULL,0.2,0.3,0.10513794949209415,-0.09486205050790586,-0.09999999999999998,-0.19486205050790584,0.005137949492094118,False,False,False,False,False,
2021-04,LEGACY_FULL,0.5,0.2,0.3114328664423668,-0.18856713355763322,0.3,0.11143286644236677,0.11143286644236677,False,False,False,False,False,
2021-05,LEGACY_FULL,0.2,0.4,0.6080984187777289,0.40809841877772884,-0.2,0.20809841877772883,-0.20809841877772883,False,True,False,False,False,
2021-06,LEGACY_FULL,0.5,0.4,0.3306017066120405,-0.16939829338795948,0.09999999999999998,-0.0693982933879595,-0.0693982933879595,False,False,False,False,False,
2021-07,LEGACY_FULL,1.0,0.5,0.7267104929224889,-0.2732895070775111,0.5,0.2267104929224889,0.2267104929224889,True,True,True,False,True,0.4534209858449778
2021-08,LEGACY_FULL,0.7,0.2,0.08384013952324902,-0.616159860476751,0.49999999999999994,-0.11615986047675099,-0.11615986047675103,True,False,False,False,False,-0.232319720953502
2021-09,LEGACY_FULL,0.2,-0.2,0.027284062634300395,-0.17271593736569962,0.4,0.2272840626343004,0.2272840626343004,True,True,True,False,True,0.5682101565857509
2021-10,LEGACY_FULL,1.0,0.7,0.9398966764946142,-0.06010332350538583,0.30000000000000004,0.2398966764946142,0.2398966764946142,False,True,False,False,False,
2021-11,LEGACY_FULL,0.2,0.3,0.9734769221305718,0.7734769221305717,-0.09999999999999998,0.6734769221305719,-0.6734769221305718,False,True,False,False,False,
2021-12,LEGACY_FULL,0.4,0.3,1.0900035645191435,0.6900035645191435,0.10000000000000003,0.7900035645191434,-0.5900035645191435,False,True,False,False,False,
2022-01,LEGACY_FULL,4.4,3.8,4.578710823172441,0.17871082317244102,0.6000000000000005,0.7787108231724416,0.4212891768275595,True,True,True,False,True,1.297851371954068
2022-02,LEGACY_FULL,1.3,0.6,1.1453318002540245,-0.15466819974597557,0.7000000000000001,0.5453318002540245,0.5453318002540245,True,True,True,False,True,0.7790454289343206
2022-03,LEGACY_FULL,1.7,1.4,1.2168640999019884,-0.48313590009801155,0.30000000000000004,-0.1831359000980115,-0.1831359000980115,False,False,False,False,False,
2022-04,LEGACY_FULL,1.8,0.9,1.1356745385516973,-0.6643254614483027,0.9,0.2356745385516973,0.2356745385516973,True,True,True,False,True,0.26186059839077475
2022-05,LEGACY_FULL,1.8,1.4,2.2736458198824145,0.4736458198824145,0.40000000000000013,0.8736458198824146,-0.07364581988241437,True,True,True,False,False,2.184114549706036
2022-06,LEGACY_FULL,1.6,1.5,1.7590905997165736,0.15909059971657347,0.10000000000000009,0.25909059971657356,-0.05909059971657338,False,True,False,False,False,
2022-07,LEGACY_FULL,1.3,1.6,1.562803280684844,0.26280328068484393,-0.30000000000000004,-0.03719671931515611,0.03719671931515611,False,False,False,False,False,
2022-08,LEGACY_FULL,0.4,0.8,0.5116902505174548,0.11169025051745474,-0.4,-0.2883097494825453,0.2883097494825453,True,True,True,False,True,0.7207743737063632
2022-09,LEGACY_FULL,0.8,0.2,-0.20542212989856948,-1.0054221298985695,0.6000000000000001,-0.4054221298985695,-0.4054221298985694,True,True,False,True,False,-0.675703549830949
2022-10,LEGACY_FULL,-1.4,0.9,0.9319932278863453,2.331993227886345,-2.3,0.03199322788634529,-0.03199322788634529,True,False,False,False,False,-0.013910099081019691
2022-11,LEGACY_FULL,1.2,0.7,0.4661335771068708,-0.7338664228931291,0.5,-0.23386642289312914,-0.2338664228931291,True,True,False,True,False,-0.4677328457862583
2022-12,LEGACY_FULL,0.0,0.4,-0.2935715106178569,-0.2935715106178569,-0.4,-0.6935715106178569,0.10642848938214311,True,True,True,False,False,1.7339287765446423
2023-01,LEGACY_FULL,6.0,5.8,4.706817629397927,-1.2931823706020733,0.20000000000000018,-1.0931823706020731,-1.0931823706020731,False,True,False,False,False,
2023-02,LEGACY_FULL,0.6,0.5,0.3892576194726527,-0.21074238052734728,0.09999999999999998,-0.1107423805273473,-0.1107423805273473,False,False,False,False,False,
2023-03,LEGACY_FULL,0.1,0.1,0.1705149879225334,0.07051498792253338,0.0,0.07051498792253338,-0.07051498792253338,False,False,False,False,False,
2023-04,LEGACY_FULL,-0.2,0.4,0.471943628864539,0.6719436288645391,-0.6000000000000001,0.07194362886453898,-0.07194362886453898,True,False,False,False,False,-0.11990604810756494
2023-05,LEGACY_FULL,0.3,0.1,0.0448628188835183,-0.2551371811164817,0.19999999999999998,-0.05513718111648171,-0.05513718111648172,False,False,False,False,False,
2023-06,LEGACY_FULL,0.3,0.3,-0.13059363756552322,-0.4305936375655232,0.0,-0.4305936375655232,-0.4305936375655232,False,True,False,False,False,
2023-07,LEGACY_FULL,0.5,0.4,0.2576064301711348,-0.24239356982886517,0.09999999999999998,-0.1423935698288652,-0.1423935698288652,False,False,False,False,False,
2023-08,LEGACY_FULL,0.2,0.1,0.36415874495278605,0.16415874495278604,0.1,0.264158744952786,-0.06415874495278603,False,True,False,False,False,
2023-09,LEGACY_FULL,-0.7,-0.2,-0.34922401759606725,0.3507759824039327,-0.49999999999999994,-0.14922401759606724,0.14922401759606724,True,False,False,False,False,0.29844803519213453
2023-10,LEGACY_FULL,0.1,0.0,0.09315194559352742,-0.006848054406472584,0.1,0.09315194559352742,0.09315194559352742,False,False,False,False,False,
2023-11,LEGACY_FULL,0.1,-0.1,-0.1587731449152924,-0.2587731449152924,0.2,-0.0587731449152924,-0.0587731449152924,False,False,False,False,False,
2023-12,LEGACY_FULL,-0.4,0.0,-0.27525253376552217,0.12474746623447786,-0.4,-0.27525253376552217,0.27525253376552217,True,True,True,False,True,0.6881313344138054
2024-01,LEGACY_FULL,1.5,2.0,0.783216013924709,-0.716783986075291,-0.5,-1.2167839860752911,-0.21678398607529104,True,True,True,False,False,2.4335679721505823
2024-02,LEGACY_FULL,0.3,0.4,0.08481127368800172,-0.21518872631199826,-0.10000000000000003,-0.3151887263119983,-0.11518872631199822,False,True,False,False,False,
2024-03,LEGACY_FULL,0.1,0.1,0.14757049804864306,0.04757049804864305,0.0,0.04757049804864305,-0.04757049804864305,False,False,False,False,False,
2024-04,LEGACY_FULL,0.7,0.2,0.4696440422529049,-0.23035595774709505,0.49999999999999994,0.2696440422529049,0.2696440422529049,True,True,True,False,True,0.5392880845058099
2024-05,LEGACY_FULL,0.0,0.1,0.15862143597585088,0.15862143597585088,-0.1,0.05862143597585087,-0.05862143597585087,False,False,False,False,False,
2024-06,LEGACY_FULL,-0.3,0.2,0.09580491170412109,0.3958049117041211,-0.5,-0.10419508829587892,0.10419508829587892,True,False,False,False,False,0.20839017659175785
2024-07,LEGACY_FULL,0.7,0.5,0.2888957831483444,-0.41110421685165555,0.19999999999999996,-0.2111042168516556,-0.2111042168516556,False,True,False,False,False,
2024-08,LEGACY_FULL,0.3,0.0,0.053635831914646465,-0.24636416808535352,0.3,0.053635831914646465,0.053635831914646465,False,False,False,False,False,
2024-09,LEGACY_FULL,-0.4,-0.5,-0.6109676159206634,-0.21096761592066338,0.09999999999999998,-0.1109676159206634,-0.1109676159206634,False,False,False,False,False,
2024-10,LEGACY_FULL,0.3,0.3,0.33304383958878403,0.03304383958878404,0.0,0.03304383958878404,-0.03304383958878404,False,False,False,False,False,
2024-11,LEGACY_FULL,0.1,0.2,0.09541818554152146,-0.00458181445847855,-0.1,-0.10458181445847856,0.09541818554152146,False,False,False,False,False,
2024-12,LEGACY_FULL,-0.3,0.1,-0.11016625124691272,0.18983374875308728,-0.4,-0.21016625124691274,0.21016625124691274,True,True,True,False,True,0.5254156281172818
2025-01,LEGACY_FULL,1.3,1.1,1.0901535246052472,-0.20984647539475287,0.19999999999999996,-0.009846475394752918,-0.009846475394752918,False,False,False,False,False,
2025-02,LEGACY_FULL,0.2,0.2,0.39086822322194853,0.19086822322194852,0.0,0.19086822322194852,-0.19086822322194852,False,False,False,False,False,
2025-03,LEGACY_FULL,0.1,0.0,0.007623734221809602,-0.0923762657781904,0.1,0.007623734221809602,0.0076237342218096055,False,False,False,False,False,
2025-04,LEGACY_FULL,-0.1,0.1,0.1494713018903901,0.2494713018903901,-0.2,0.04947130189039009,-0.04947130189039009,False,False,False,False,False,
2025-05,LEGACY_FULL,0.5,0.2,0.278471586070947,-0.22152841392905298,0.3,0.07847158607094701,0.07847158607094701,False,False,False,False,False,
2025-06,LEGACY_FULL,0.3,0.2,0.22741701037063647,-0.07258298962936352,0.09999999999999998,0.027417010370636458,0.027417010370636458,False,False,False,False,False,
2025-07,LEGACY_FULL,0.5,0.5,0.690847224872832,0.190847224872832,0.0,0.190847224872832,-0.190847224872832,False,False,False,False,False,
2025-08,LEGACY_FULL,0.1,0.1,0.08732234017273921,-0.012677659827260795,0.0,-0.012677659827260795,-0.012677659827260795,False,False,False,False,False,
2025-09,LEGACY_FULL,-0.6,-0.3,-0.5823268399135493,0.0176731600864507,-0.3,-0.2823268399135493,0.2823268399135493,False,True,False,False,False,
2025-10,LEGACY_FULL,0.5,0.3,0.2570867861892112,-0.2429132138107888,0.2,-0.042913213810788775,-0.042913213810788775,False,False,False,False,False,
2025-11,LEGACY_FULL,-0.3,0.1,-0.027719953189966284,0.2722800468100337,-0.4,-0.1277199531899663,0.12771995318996632,True,False,False,False,False,0.3192998829749157
2025-12,LEGACY_FULL,-0.3,-0.1,-0.3357192330064695,-0.03571923300646951,-0.19999999999999998,-0.2357192330064695,0.16428076699353047,False,True,False,False,False,
2026-01,LEGACY_FULL,0.9,0.8,0.8238318873156507,-0.07616811268434931,0.09999999999999998,0.02383188731565067,0.02383188731565067,False,False,False,False,False,
2026-02,LEGACY_FULL,-0.1,0.1,0.1082387764692573,0.20823877646925731,-0.2,0.008238776469257289,-0.008238776469257303,False,False,False,False,False,
2026-03,LEGACY_FULL,0.6,0.7,0.582685285448406,-0.017314714551593946,-0.09999999999999998,-0.11731471455159392,0.08268528544840603,False,False,False,False,False,
2026-04,LEGACY_FULL,0.5,0.4,0.4923254016592605,-0.007674598340739525,0.09999999999999998,0.09232540165926045,0.09232540165926045,False,False,False,False,False,
2026-05,LEGACY_FULL,0.1,0.3,0.3466639139588065,0.24666391395880652,-0.19999999999999998,0.046663913958806535,-0.046663913958806535,False,False,False,False,False,
2026-06,LEGACY_FULL,-0.3,0.0,-0.09919499430572103,0.20080500569427895,-0.3,-0.09919499430572103,0.09919499430572104,False,False,False,False,False,
2026-07,LEGACY_FULL,0.6,0.6,0.5783630304284639,-0.021636969571536047,0.0,-0.021636969571536047,-0.021636969571536047,False,False,False,False,False,
2019-02,HARD_BASE,0.2,0.1,0.31775488058818213,0.11775488058818212,0.1,0.21775488058818213,-0.017754880588182115,False,True,False,False,False,
2019-03,HARD_BASE,0.2,0.1,0.09946023954165717,-0.10053976045834284,0.1,-0.0005397604583428361,-0.0005397604583428361,False,False,False,False,False,
2019-04,HARD_BASE,0.1,0.3,0.38710754867430486,0.2871075486743049,-0.19999999999999998,0.08710754867430487,-0.0871075486743049,False,False,False,False,False,
2019-05,HARD_BASE,0.7,0.4,0.2254766707170906,-0.47452332928290936,0.29999999999999993,-0.17452332928290942,-0.17452332928290942,False,False,False,False,False,
2019-06,HARD_BASE,0.2,0.1,0.12410329846284626,-0.07589670153715375,0.1,0.024103298462846257,0.024103298462846257,False,False,False,False,False,
2019-07,HARD_BASE,0.4,0.2,0.435229027763851,0.03522902776385095,0.2,0.23522902776385096,0.16477097223614906,False,True,False,False,False,
2019-08,HARD_BASE,0.1,0.0,0.07212027168892293,-0.027879728311077073,0.1,0.07212027168892293,0.07212027168892293,False,False,False,False,False,
2019-09,HARD_BASE,-0.6,-0.4,-0.3115374275151629,0.2884625724848371,-0.19999999999999996,0.08846257248483713,-0.08846257248483713,False,False,False,False,False,
2019-10,HARD_BASE,0.5,0.4,0.22940611674544503,-0.27059388325455497,0.09999999999999998,-0.170593883254555,-0.170593883254555,False,False,False,False,False,
2019-11,HARD_BASE,0.3,0.2,0.16027885730460945,-0.13972114269539054,0.09999999999999998,-0.039721142695390566,-0.039721142695390566,False,False,False,False,False,
2019-12,HARD_BASE,0.2,0.1,0.015134052299833604,-0.1848659477001664,0.1,-0.0848659477001664,-0.0848659477001664,False,False,False,False,False,
2020-01,HARD_BASE,1.5,1.0,0.8910783646002834,-0.6089216353997166,0.5,-0.10892163539971655,-0.10892163539971655,True,False,False,False,False,-0.2178432707994331
2020-02,HARD_BASE,0.3,0.3,0.3016255681785912,0.001625568178591219,0.0,0.001625568178591219,-0.001625568178591219,False,False,False,False,False,
2020-03,HARD_BASE,-0.1,0.1,-0.2620574219510465,-0.16205742195104647,-0.2,-0.3620574219510465,0.03794257804895354,False,True,False,False,False,
2020-04,HARD_BASE,-0.2,-0.2,-0.31758186237127,-0.11758186237127,0.0,-0.11758186237127,-0.11758186237127,False,False,False,False,False,
2020-05,HARD_BASE,0.4,0.1,0.1755417858910625,-0.22445821410893751,0.30000000000000004,0.0755417858910625,0.07554178589106253,False,False,False,False,False,
2020-06,HARD_BASE,0.6,0.2,0.3438817354017713,-0.2561182645982287,0.39999999999999997,0.1438817354017713,0.1438817354017713,True,False,False,False,False,0.3597043385044283
2020-07,HARD_BASE,0.4,0.2,0.4869502977384474,0.08695029773844737,0.2,0.2869502977384474,0.11304970226155264,False,True,False,False,False,
2020-08,HARD_BASE,0.0,0.0,0.03313375648649175,0.03313375648649175,0.0,0.03313375648649175,-0.03313375648649175,False,False,False,False,False,
2020-09,HARD_BASE,-0.6,-0.3,-0.3793055312609125,0.2206944687390875,-0.3,-0.0793055312609125,0.0793055312609125,False,False,False,False,False,
2020-10,HARD_BASE,0.2,0.2,0.1835507038734855,-0.016449296126514523,0.0,-0.016449296126514523,-0.016449296126514523,False,False,False,False,False,
2020-11,HARD_BASE,0.0,0.1,0.1331935220806632,0.1331935220806632,-0.1,0.0331935220806632,-0.0331935220806632,False,False,False,False,False,
2020-12,HARD_BASE,-0.2,0.1,0.17439862975000198,0.374398629750002,-0.30000000000000004,0.07439862975000197,-0.07439862975000194,False,False,False,False,False,
2021-01,HARD_BASE,1.3,0.9,0.8285790522695597,-0.4714209477304403,0.4,-0.07142094773044028,-0.07142094773044028,True,False,False,False,False,-0.1785523693261007
2021-02,HARD_BASE,0.2,0.3,0.4287738547440542,0.2287738547440542,-0.09999999999999998,0.12877385474405423,-0.12877385474405423,False,False,False,False,False,
2021-03,HARD_BASE,0.2,0.3,0.15191007441957335,-0.04808992558042666,-0.09999999999999998,-0.14808992558042663,0.05191007441957332,False,False,False,False,False,
2021-04,HARD_BASE,0.5,0.2,0.256026468736474,-0.243973531263526,0.3,0.05602646873647399,0.05602646873647399,False,False,False,False,False,
2021-05,HARD_BASE,0.2,0.4,0.5680138323904842,0.3680138323904842,-0.2,0.16801383239048417,-0.16801383239048417,False,False,False,False,False,
2021-06,HARD_BASE,0.5,0.4,0.3296679179291987,-0.1703320820708013,0.09999999999999998,-0.07033208207080133,-0.07033208207080133,False,False,False,False,False,
2021-07,HARD_BASE,1.0,0.5,0.6445519678863136,-0.35544803211368636,0.5,0.14455196788631364,0.14455196788631364,True,False,False,False,False,0.2891039357726273
2021-08,HARD_BASE,0.7,0.2,0.22450335235865432,-0.47549664764134564,0.49999999999999994,0.024503352358654307,0.024503352358654307,True,False,False,False,False,0.04900670471730862
2021-09,HARD_BASE,0.2,-0.2,-0.12400009742970602,-0.32400009742970604,0.4,0.07599990257029399,0.07599990257029399,True,False,False,False,False,0.18999975642573497
2021-10,HARD_BASE,1.0,0.7,0.7237052274417968,-0.2762947725582032,0.30000000000000004,0.023705227441796817,0.023705227441796817,False,False,False,False,False,
2021-11,HARD_BASE,0.2,0.3,0.6823484514284204,0.48234845142842037,-0.09999999999999998,0.3823484514284204,-0.3823484514284204,False,True,False,False,False,
2021-12,HARD_BASE,0.4,0.3,0.7709389674170302,0.37093896741703014,0.10000000000000003,0.4709389674170302,-0.2709389674170301,False,True,False,False,False,
2022-01,HARD_BASE,4.4,3.8,4.378137226971534,-0.02186277302846662,0.6000000000000005,0.5781372269715339,0.5781372269715339,True,True,True,False,True,0.9635620449525557
2022-02,HARD_BASE,1.3,0.6,0.8664254070284128,-0.4335745929715873,0.7000000000000001,0.2664254070284128,0.2664254070284128,True,True,True,False,True,0.3806077243263039
2022-03,HARD_BASE,1.7,1.4,0.9740717773895649,-0.7259282226104351,0.30000000000000004,-0.42592822261043506,-0.42592822261043506,False,True,False,False,False,
2022-04,HARD_BASE,1.8,0.9,0.7418585559133414,-1.0581414440866586,0.9,-0.15814144408665864,-0.15814144408665853,True,False,False,False,False,-0.17571271565184293
2022-05,HARD_BASE,1.8,1.4,1.8273429935590184,0.02734299355901837,0.40000000000000013,0.4273429935590185,0.37265700644098176,True,True,True,False,True,1.0683574838975458
2022-06,HARD_BASE,1.6,1.5,1.3932606931984495,-0.20673930680155062,0.10000000000000009,-0.10673930680155053,-0.10673930680155053,False,False,False,False,False,
2022-07,HARD_BASE,1.3,1.6,1.4018402902822626,0.1018402902822626,-0.30000000000000004,-0.19815970971773744,0.19815970971773744,False,False,False,False,False,
2022-08,HARD_BASE,0.4,0.8,0.6308526564677204,0.23085265646772035,-0.4,-0.16914734353227967,0.16914734353227967,True,False,False,False,False,0.4228683588306992
2022-09,HARD_BASE,0.8,0.2,0.16209244464284336,-0.6379075553571567,0.6000000000000001,-0.03790755535715665,-0.03790755535715662,True,False,False,False,False,-0.0631792589285944
2022-10,HARD_BASE,-1.4,0.9,1.1729476113272232,2.572947611327223,-2.3,0.2729476113272232,-0.27294761132722334,True,True,False,True,False,-0.11867287449009706
2022-11,HARD_BASE,1.2,0.7,0.7585158740889214,-0.44148412591107855,0.5,0.05851587408892145,0.05851587408892145,True,False,False,False,False,0.1170317481778429
2022-12,HARD_BASE,0.0,0.4,0.047475065722731635,0.047475065722731635,-0.4,-0.3525249342772684,0.3525249342772684,True,True,True,False,True,0.8813123356931709
2023-01,HARD_BASE,6.0,5.8,4.873148431243555,-1.1268515687564449,0.20000000000000018,-0.9268515687564447,-0.9268515687564447,False,True,False,False,False,
2023-02,HARD_BASE,0.6,0.5,0.5313152061494304,-0.06868479385056958,0.09999999999999998,0.0313152061494304,0.0313152061494304,False,False,False,False,False,
2023-03,HARD_BASE,0.1,0.1,0.2926338566146489,0.1926338566146489,0.0,0.1926338566146489,-0.1926338566146489,False,False,False,False,False,
2023-04,HARD_BASE,-0.2,0.4,0.5640927888903151,0.7640927888903151,-0.6000000000000001,0.1640927888903151,-0.16409278889031498,True,False,False,False,False,-0.27348798148385844
2023-05,HARD_BASE,0.3,0.1,0.22898268041677386,-0.07101731958322613,0.19999999999999998,0.12898268041677385,0.12898268041677385,False,False,False,False,False,
2023-06,HARD_BASE,0.3,0.3,0.035044079040744636,-0.26495592095925535,0.0,-0.26495592095925535,-0.26495592095925535,False,True,False,False,False,
2023-07,HARD_BASE,0.5,0.4,0.38617514341012105,-0.11382485658987895,0.09999999999999998,-0.013824856589878975,-0.013824856589878975,False,False,False,False,False,
2023-08,HARD_BASE,0.2,0.1,0.4746143904367312,0.2746143904367312,0.1,0.37461439043673117,-0.1746143904367312,False,True,False,False,False,
2023-09,HARD_BASE,-0.7,-0.2,-0.24889839959904397,0.451101600400956,-0.49999999999999994,-0.04889839959904396,0.04889839959904396,True,False,False,False,False,0.09779679919808794
2023-10,HARD_BASE,0.1,0.0,0.29059742738357847,0.19059742738357846,0.1,0.29059742738357847,-0.09059742738357845,False,True,False,False,False,
2023-11,HARD_BASE,0.1,-0.1,0.05849249293244713,-0.04150750706755288,0.2,0.15849249293244713,0.15849249293244713,False,False,False,False,False,
2023-12,HARD_BASE,-0.4,0.0,-0.13307024110083232,0.2669297588991677,-0.4,-0.13307024110083232,0.13307024110083232,True,False,False,False,False,0.3326756027520808
2024-01,HARD_BASE,1.5,2.0,0.9319165376518567,-0.5680834623481433,-0.5,-1.0680834623481434,-0.06808346234814333,True,True,True,False,False,2.136166924696287
2024-02,HARD_BASE,0.3,0.4,0.2706200012537311,-0.0293799987462689,-0.10000000000000003,-0.12937999874626893,0.07062000125373114,False,False,False,False,False,
2024-03,HARD_BASE,0.1,0.1,0.17828022163150525,0.07828022163150525,0.0,0.07828022163150525,-0.07828022163150525,False,False,False,False,False,
2024-04,HARD_BASE,0.7,0.2,0.535513874597449,-0.16448612540255092,0.49999999999999994,0.335513874597449,0.335513874597449,True,True,True,False,True,0.6710277491948982
2024-05,HARD_BASE,0.0,0.1,0.2079810434726739,0.2079810434726739,-0.1,0.1079810434726739,-0.1079810434726739,False,False,False,False,False,
2024-06,HARD_BASE,-0.3,0.2,0.049566412104763674,0.3495664121047637,-0.5,-0.15043358789523634,0.1504335878952363,True,False,False,False,False,0.3008671757904727
2024-07,HARD_BASE,0.7,0.5,0.20998444901121854,-0.4900155509887814,0.19999999999999996,-0.29001555098878146,-0.29001555098878146,False,True,False,False,False,
2024-08,HARD_BASE,0.3,0.0,0.07281547435294283,-0.22718452564705716,0.3,0.07281547435294283,0.07281547435294283,False,False,False,False,False,
2024-09,HARD_BASE,-0.4,-0.5,-0.4651739920724355,-0.06517399207243546,0.09999999999999998,0.03482600792756452,0.03482600792756452,False,False,False,False,False,
2024-10,HARD_BASE,0.3,0.3,0.2218404811078794,-0.07815951889212058,0.0,-0.07815951889212058,-0.07815951889212058,False,False,False,False,False,
2024-11,HARD_BASE,0.1,0.2,0.13103934262291972,0.031039342622919713,-0.1,-0.06896065737708029,0.06896065737708029,False,False,False,False,False,
2024-12,HARD_BASE,-0.3,0.1,0.00423825253460209,0.30423825253460207,-0.4,-0.09576174746539792,0.09576174746539795,True,False,False,False,False,0.2394043686634948
2025-01,HARD_BASE,1.3,1.1,1.1241131790061303,-0.17588682099386976,0.19999999999999996,0.024113179006130192,0.024113179006130192,False,False,False,False,False,
2025-02,HARD_BASE,0.2,0.2,0.3273352565503001,0.1273352565503001,0.0,0.1273352565503001,-0.1273352565503001,False,False,False,False,False,
2025-03,HARD_BASE,0.1,0.0,0.025961209336477623,-0.07403879066352238,0.1,0.025961209336477623,0.025961209336477623,False,False,False,False,False,
2025-04,HARD_BASE,-0.1,0.1,0.1887731296337113,0.28877312963371127,-0.2,0.08877312963371128,-0.08877312963371126,False,False,False,False,False,
2025-05,HARD_BASE,0.5,0.2,0.2616004842766493,-0.23839951572335072,0.3,0.06160048427664927,0.06160048427664927,False,False,False,False,False,
2025-06,HARD_BASE,0.3,0.2,0.21403896943571182,-0.08596103056428817,0.09999999999999998,0.014038969435711812,0.014038969435711812,False,False,False,False,False,
2025-07,HARD_BASE,0.5,0.5,0.482699677975129,-0.017300322024870973,0.0,-0.017300322024870973,-0.017300322024870973,False,False,False,False,False,
2025-08,HARD_BASE,0.1,0.1,0.12246127477104277,0.02246127477104276,0.0,0.02246127477104276,-0.02246127477104276,False,False,False,False,False,
2025-09,HARD_BASE,-0.6,-0.3,-0.4796923876781566,0.1203076123218434,-0.3,-0.1796923876781566,0.1796923876781566,False,False,False,False,False,
2025-10,HARD_BASE,0.5,0.3,0.24018251506517188,-0.25981748493482815,0.2,-0.05981748493482811,-0.059817484934828136,False,False,False,False,False,
2025-11,HARD_BASE,-0.3,0.1,0.013912520901711065,0.31391252090171107,-0.4,-0.08608747909828894,0.08608747909828895,True,False,False,False,False,0.21521869774572233
2025-12,HARD_BASE,-0.3,-0.1,-0.3176359844265689,-0.017635984426568885,-0.19999999999999998,-0.21763598442656887,0.1823640155734311,False,True,False,False,False,
2026-01,HARD_BASE,0.9,0.8,0.8514524588474814,-0.04854754115251858,0.09999999999999998,0.0514524588474814,0.0514524588474814,False,False,False,False,False,
2026-02,HARD_BASE,-0.1,0.1,0.07585143971505987,0.17585143971505987,-0.2,-0.02414856028494014,0.02414856028494014,False,False,False,False,False,
2026-03,HARD_BASE,0.6,0.7,0.5831477425464591,-0.01685225745354091,-0.09999999999999998,-0.11685225745354089,0.08314774254645907,False,False,False,False,False,
2026-04,HARD_BASE,0.5,0.4,0.4980319143303553,-0.0019680856696446813,0.09999999999999998,0.0980319143303553,0.0980319143303553,False,False,False,False,False,
2026-05,HARD_BASE,0.1,0.3,0.36764935566655854,0.26764935566655856,-0.19999999999999998,0.06764935566655855,-0.06764935566655858,False,False,False,False,False,
2026-06,HARD_BASE,-0.3,0.0,-0.05839529757472206,0.24160470242527793,-0.3,-0.05839529757472206,0.05839529757472206,False,False,False,False,False,
2026-07,HARD_BASE,0.6,0.6,0.44767252748945857,-0.1523274725105414,0.0,-0.1523274725105414,-0.1523274725105414,False,False,False,False,False,
2019-02,HARD_HALF,0.2,0.1,0.3457208529825975,0.14572085298259752,0.1,0.24572085298259752,-0.04572085298259751,False,True,False,False,False,
2019-03,HARD_HALF,0.2,0.1,0.09481364394484938,-0.10518635605515063,0.1,-0.005186356055150623,-0.005186356055150623,False,False,False,False,False,
2019-04,HARD_HALF,0.1,0.3,0.4331530262959052,0.33315302629590515,-0.19999999999999998,0.1331530262959052,-0.13315302629590517,False,False,False,False,False,
2019-05,HARD_HALF,0.7,0.4,0.24160405653897696,-0.45839594346102297,0.29999999999999993,-0.15839594346102306,-0.15839594346102304,False,False,False,False,False,
2019-06,HARD_HALF,0.2,0.1,0.07361655119089941,-0.1263834488091006,0.1,-0.026383448809100596,-0.026383448809100596,False,False,False,False,False,
2019-07,HARD_HALF,0.4,0.2,0.4401493662832389,0.040149366283238896,0.2,0.2401493662832389,0.15985063371676111,False,True,False,False,False,
2019-08,HARD_HALF,0.1,0.0,0.08632839290472513,-0.013671607095274874,0.1,0.08632839290472513,0.08632839290472513,False,False,False,False,False,
2019-09,HARD_HALF,-0.6,-0.4,-0.31736840944316663,0.28263159055683335,-0.19999999999999996,0.08263159055683339,-0.08263159055683339,False,False,False,False,False,
2019-10,HARD_HALF,0.5,0.4,0.28517471091363017,-0.21482528908636983,0.09999999999999998,-0.11482528908636985,-0.11482528908636985,False,False,False,False,False,
2019-11,HARD_HALF,0.3,0.2,0.18827727179203121,-0.11172272820796877,0.09999999999999998,-0.011722728207968797,-0.011722728207968797,False,False,False,False,False,
2019-12,HARD_HALF,0.2,0.1,0.015041241673181452,-0.18495875832681857,0.1,-0.08495875832681855,-0.08495875832681857,False,False,False,False,False,
2020-01,HARD_HALF,1.5,1.0,0.9161045016767744,-0.5838954983232256,0.5,-0.08389549832322563,-0.08389549832322563,True,False,False,False,False,-0.16779099664645125
2020-02,HARD_HALF,0.3,0.3,0.32068032834451476,0.020680328344514776,0.0,0.020680328344514776,-0.020680328344514776,False,False,False,False,False,
2020-03,HARD_HALF,-0.1,0.1,-0.25946905877354964,-0.15946905877354964,-0.2,-0.3594690587735496,0.04053094122645037,False,True,False,False,False,
2020-04,HARD_HALF,-0.2,-0.2,-0.31591219209715493,-0.11591219209715492,0.0,-0.11591219209715492,-0.11591219209715492,False,False,False,False,False,
2020-05,HARD_HALF,0.4,0.1,0.17193851305540414,-0.22806148694459588,0.30000000000000004,0.07193851305540414,0.07193851305540416,False,False,False,False,False,
2020-06,HARD_HALF,0.6,0.2,0.38055781125886934,-0.21944218874113064,0.39999999999999997,0.18055781125886933,0.18055781125886933,True,False,False,False,False,0.45139452814717335
2020-07,HARD_HALF,0.4,0.2,0.5039786142894122,0.10397861428941213,0.2,0.30397861428941214,0.09602138571058788,False,True,False,False,False,
2020-08,HARD_HALF,0.0,0.0,0.04252609564169979,0.04252609564169979,0.0,0.04252609564169979,-0.04252609564169979,False,False,False,False,False,
2020-09,HARD_HALF,-0.6,-0.3,-0.40274300905269717,0.1972569909473028,-0.3,-0.10274300905269718,0.10274300905269718,False,False,False,False,False,
2020-10,HARD_HALF,0.2,0.2,0.27093426617196403,0.07093426617196402,0.0,0.07093426617196402,-0.07093426617196402,False,False,False,False,False,
2020-11,HARD_HALF,0.0,0.1,0.15115491697647487,0.15115491697647487,-0.1,0.05115491697647487,-0.05115491697647487,False,False,False,False,False,
2020-12,HARD_HALF,-0.2,0.1,0.19002614785821642,0.39002614785821643,-0.30000000000000004,0.09002614785821642,-0.09002614785821639,False,False,False,False,False,
2021-01,HARD_HALF,1.3,0.9,0.8912732558451942,-0.4087267441548058,0.4,-0.008726744154805788,-0.008726744154805788,True,False,False,False,False,-0.02181686038701447
2021-02,HARD_HALF,0.2,0.3,0.5098263614647857,0.30982636146478565,-0.09999999999999998,0.20982636146478567,-0.20982636146478567,False,True,False,False,False,
2021-03,HARD_HALF,0.2,0.3,0.1480979520457448,-0.05190204795425521,-0.09999999999999998,-0.1519020479542552,0.04809795204574477,False,False,False,False,False,
2021-04,HARD_HALF,0.5,0.2,0.28598810394052204,-0.21401189605947796,0.3,0.08598810394052203,0.08598810394052203,False,False,False,False,False,
2021-05,HARD_HALF,0.2,0.4,0.5879420434422872,0.38794204344228717,-0.2,0.18794204344228715,-0.18794204344228715,False,False,False,False,False,
2021-06,HARD_HALF,0.5,0.4,0.3465223378797241,-0.15347766212027592,0.09999999999999998,-0.05347766212027594,-0.05347766212027594,False,False,False,False,False,
2021-07,HARD_HALF,1.0,0.5,0.6697218783064215,-0.3302781216935785,0.5,0.1697218783064215,0.1697218783064215,True,False,False,False,False,0.339443756612843
2021-08,HARD_HALF,0.7,0.2,0.16642410398316554,-0.5335758960168344,0.49999999999999994,-0.03357589601683447,-0.03357589601683447,True,False,False,False,False,-0.06715179203366896
2021-09,HARD_HALF,0.2,-0.2,-0.1178999114519989,-0.3178999114519989,0.4,0.0821000885480011,0.0821000885480011,True,False,False,False,False,0.20525022137000276
2021-10,HARD_HALF,1.0,0.7,0.7927388934226424,-0.20726110657735763,0.30000000000000004,0.09273889342264241,0.09273889342264241,False,False,False,False,False,
2021-11,HARD_HALF,0.2,0.3,0.6982576755906593,0.4982576755906593,-0.09999999999999998,0.39825767559065933,-0.39825767559065933,False,True,False,False,False,
2021-12,HARD_HALF,0.4,0.3,0.873441606645287,0.473441606645287,0.10000000000000003,0.573441606645287,-0.37344160664528697,False,True,False,False,False,
2022-01,HARD_HALF,4.4,3.8,4.42010852550301,0.020108525503009567,0.6000000000000005,0.6201085255030101,0.579891474496991,True,True,True,False,True,1.0335142091716827
2022-02,HARD_HALF,1.3,0.6,0.9472553663580414,-0.3527446336419586,0.7000000000000001,0.34725536635804144,0.34725536635804144,True,True,True,False,True,0.496079094797202
2022-03,HARD_HALF,1.7,1.4,0.9599351536255071,-0.7400648463744929,0.30000000000000004,-0.44006484637449284,-0.44006484637449284,False,True,False,False,False,
2022-04,HARD_HALF,1.8,0.9,0.810248090240683,-0.989751909759317,0.9,-0.08975190975931702,-0.08975190975931702,True,False,False,False,False,-0.0997243441770189
2022-05,HARD_HALF,1.8,1.4,1.928849481807915,0.1288494818079149,0.40000000000000013,0.528849481807915,0.27115051819208524,True,True,True,False,True,1.3221237045197871
2022-06,HARD_HALF,1.6,1.5,1.507368052800301,-0.09263194719969903,0.10000000000000009,0.0073680528003010615,0.0073680528003010615,False,False,False,False,False,
2022-07,HARD_HALF,1.3,1.6,1.5144143355557442,0.21441433555574418,-0.30000000000000004,-0.08558566444425586,0.08558566444425586,False,False,False,False,False,
2022-08,HARD_HALF,0.4,0.8,0.6720821029177679,0.2720821029177679,-0.4,-0.1279178970822321,0.1279178970822321,True,False,False,False,False,0.3197947427055803
2022-09,HARD_HALF,0.8,0.2,0.11496016188846969,-0.6850398381115304,0.6000000000000001,-0.08503983811153032,-0.08503983811153026,True,False,False,False,False,-0.1417330635192172
2022-10,HARD_HALF,-1.4,0.9,1.1241974351095643,2.5241974351095644,-2.3,0.22419743510956425,-0.22419743510956458,True,True,False,True,False,-0.09747714569981054
2022-11,HARD_HALF,1.2,0.7,0.7882528330528827,-0.4117471669471172,0.5,0.08825283305288278,0.08825283305288278,True,False,False,False,False,0.17650566610576557
2022-12,HARD_HALF,0.0,0.4,0.09094142216773585,0.09094142216773585,-0.4,-0.3090585778322642,0.3090585778322642,True,True,True,False,True,0.7726464445806605
2023-01,HARD_HALF,6.0,5.8,4.8557166576029465,-1.1442833423970535,0.20000000000000018,-0.9442833423970534,-0.9442833423970534,False,True,False,False,False,
2023-02,HARD_HALF,0.6,0.5,0.5039703923327187,-0.0960296076672813,0.09999999999999998,0.003970392332718675,0.003970392332718675,False,False,False,False,False,
2023-03,HARD_HALF,0.1,0.1,0.22856958059145327,0.12856958059145326,0.0,0.12856958059145326,-0.12856958059145326,False,False,False,False,False,
2023-04,HARD_HALF,-0.2,0.4,0.5026749219687728,0.7026749219687729,-0.6000000000000001,0.10267492196877281,-0.10267492196877281,True,False,False,False,False,-0.17112486994795467
2023-05,HARD_HALF,0.3,0.1,0.16802415321198316,-0.13197584678801683,0.19999999999999998,0.06802415321198316,0.06802415321198316,False,False,False,False,False,
2023-06,HARD_HALF,0.3,0.3,-0.04713023043292175,-0.34713023043292174,0.0,-0.34713023043292174,-0.34713023043292174,False,True,False,False,False,
2023-07,HARD_HALF,0.5,0.4,0.3623426582424115,-0.13765734175758848,0.09999999999999998,-0.0376573417575885,-0.0376573417575885,False,False,False,False,False,
2023-08,HARD_HALF,0.2,0.1,0.47188412299930443,0.2718841229993044,0.1,0.3718841229993044,-0.17188412299930442,False,True,False,False,False,
2023-09,HARD_HALF,-0.7,-0.2,-0.2755480777313318,0.4244519222686682,-0.49999999999999994,-0.07554807773133176,0.07554807773133176,True,False,False,False,False,0.15109615546266356
2023-10,HARD_HALF,0.1,0.0,0.2826615364616625,0.18266153646166247,0.1,0.2826615364616625,-0.08266153646166247,False,True,False,False,False,
2023-11,HARD_HALF,0.1,-0.1,0.03891311393757824,-0.06108688606242176,0.2,0.13891311393757824,0.13891311393757824,False,False,False,False,False,
2023-12,HARD_HALF,-0.4,0.0,-0.14765019744245733,0.2523498025575427,-0.4,-0.14765019744245733,0.14765019744245733,True,False,False,False,False,0.36912549360614333
2024-01,HARD_HALF,1.5,2.0,0.8857871746883093,-0.6142128253116907,-0.5,-1.1142128253116907,-0.11421282531169075,True,True,True,False,False,2.2284256506233815
2024-02,HARD_HALF,0.3,0.4,0.2580380446649967,-0.0419619553350033,-0.10000000000000003,-0.14196195533500333,0.058038044664996735,False,False,False,False,False,
2024-03,HARD_HALF,0.1,0.1,0.17795882405921745,0.07795882405921745,0.0,0.07795882405921745,-0.07795882405921745,False,False,False,False,False,
2024-04,HARD_HALF,0.7,0.2,0.5169386135775386,-0.1830613864224614,0.49999999999999994,0.31693861357753855,0.31693861357753855,True,True,True,False,True,0.6338772271550772
2024-05,HARD_HALF,0.0,0.1,0.21924642636613612,0.21924642636613612,-0.1,0.11924642636613611,-0.11924642636613611,False,False,False,False,False,
2024-06,HARD_HALF,-0.3,0.2,0.08126073928770258,0.38126073928770254,-0.5,-0.11873926071229743,0.11873926071229746,True,False,False,False,False,0.23747852142459486
2024-07,HARD_HALF,0.7,0.5,0.24684517534253225,-0.4531548246574677,0.19999999999999996,-0.25315482465746775,-0.25315482465746775,False,True,False,False,False,
2024-08,HARD_HALF,0.3,0.0,0.04978803679458074,-0.2502119632054193,0.3,0.04978803679458074,0.049788036794580715,False,False,False,False,False,
2024-09,HARD_HALF,-0.4,-0.5,-0.5428417910368668,-0.14284179103686678,0.09999999999999998,-0.042841791036866805,-0.042841791036866805,False,False,False,False,False,
2024-10,HARD_HALF,0.3,0.3,0.28435967663125583,-0.015640323368744158,0.0,-0.015640323368744158,-0.015640323368744158,False,False,False,False,False,
2024-11,HARD_HALF,0.1,0.2,0.1125881018490863,0.012588101849086292,-0.1,-0.08741189815091371,0.08741189815091371,False,False,False,False,False,
2024-12,HARD_HALF,-0.3,0.1,-0.029928734165286276,0.2700712658347137,-0.4,-0.12992873416528627,0.12992873416528633,True,False,False,False,False,0.3248218354132157
2025-01,HARD_HALF,1.3,1.1,1.141778566097235,-0.158221433902765,0.19999999999999996,0.04177856609723496,0.04177856609723496,False,False,False,False,False,
2025-02,HARD_HALF,0.2,0.2,0.3449213748972017,0.1449213748972017,0.0,0.1449213748972017,-0.1449213748972017,False,False,False,False,False,
2025-03,HARD_HALF,0.1,0.0,0.01279907147341732,-0.08720092852658269,0.1,0.01279907147341732,0.012799071473417314,False,False,False,False,False,
2025-04,HARD_HALF,-0.1,0.1,0.17127147038237248,0.2712714703823725,-0.2,0.07127147038237247,-0.07127147038237247,False,False,False,False,False,
2025-05,HARD_HALF,0.5,0.2,0.2843344825640807,-0.21566551743591927,0.3,0.08433448256408071,0.08433448256408071,False,False,False,False,False,
2025-06,HARD_HALF,0.3,0.2,0.21877442075846298,-0.081225579241537,0.09999999999999998,0.018774420758462973,0.018774420758462973,False,False,False,False,False,
2025-07,HARD_HALF,0.5,0.5,0.5584568402910703,0.058456840291070344,0.0,0.058456840291070344,-0.058456840291070344,False,False,False,False,False,
2025-08,HARD_HALF,0.1,0.1,0.09808353927722599,-0.001916460722774016,0.0,-0.001916460722774016,-0.001916460722774016,False,False,False,False,False,
2025-09,HARD_HALF,-0.6,-0.3,-0.5222102106965498,0.07778978930345015,-0.3,-0.22221021069654984,0.22221021069654984,False,True,False,False,False,
2025-10,HARD_HALF,0.5,0.3,0.28619898904433005,-0.21380101095566995,0.2,-0.013801010955669935,-0.013801010955669935,False,False,False,False,False,
2025-11,HARD_HALF,-0.3,0.1,0.02817917668424684,0.32817917668424684,-0.4,-0.07182082331575317,0.07182082331575318,True,False,False,False,False,0.1795520582893829
2025-12,HARD_HALF,-0.3,-0.1,-0.3192220059914924,-0.01922200599149243,-0.19999999999999998,-0.2192220059914924,0.18077799400850755,False,True,False,False,False,
2026-01,HARD_HALF,0.9,0.8,0.853289440279114,-0.046710559720886,0.09999999999999998,0.053289440279113975,0.053289440279113975,False,False,False,False,False,
2026-02,HARD_HALF,-0.1,0.1,0.09415719696403499,0.194157196964035,-0.2,-0.005842803035965016,0.005842803035965016,False,False,False,False,False,
2026-03,HARD_HALF,0.6,0.7,0.5745975532171261,-0.025402446782873844,-0.09999999999999998,-0.12540244678287382,0.07459755321712613,False,False,False,False,False,
2026-04,HARD_HALF,0.5,0.4,0.4728034992943644,-0.027196500705635618,0.09999999999999998,0.07280349929436436,0.07280349929436436,False,False,False,False,False,
2026-05,HARD_HALF,0.1,0.3,0.385238322814708,0.28523832281470796,-0.19999999999999998,0.085238322814708,-0.08523832281470797,False,False,False,False,False,
2026-06,HARD_HALF,-0.3,0.0,-0.08281790072322807,0.2171820992767719,-0.3,-0.08281790072322807,0.08281790072322809,False,False,False,False,False,
2026-07,HARD_HALF,0.6,0.6,0.5124477950466728,-0.08755220495332716,0.0,-0.08755220495332716,-0.08755220495332716,False,False,False,False,False,
2019-02,HARD_FULL,0.2,0.1,0.3736868253770129,0.1736868253770129,0.1,0.27368682537701294,-0.0736868253770129,False,True,False,False,False,
2019-03,HARD_FULL,0.2,0.1,0.0901670483480416,-0.10983295165195842,0.1,-0.00983295165195841,-0.00983295165195841,False,False,False,False,False,
2019-04,HARD_FULL,0.1,0.3,0.4791985039175055,0.37919850391750554,-0.19999999999999998,0.17919850391750552,-0.17919850391750555,False,False,False,False,False,
2019-05,HARD_FULL,0.7,0.4,0.2577314423608633,-0.44226855763913664,0.29999999999999993,-0.1422685576391367,-0.1422685576391367,False,False,False,False,False,
2019-06,HARD_FULL,0.2,0.1,0.02312980391895257,-0.17687019608104743,0.1,-0.07687019608104743,-0.07687019608104742,False,False,False,False,False,
2019-07,HARD_FULL,0.4,0.2,0.4450697048026269,0.0450697048026269,0.2,0.2450697048026269,0.1549302951973731,False,True,False,False,False,
2019-08,HARD_FULL,0.1,0.0,0.10053651412052733,0.0005365141205273261,0.1,0.10053651412052733,0.09946348587947268,False,False,False,False,False,
2019-09,HARD_FULL,-0.6,-0.4,-0.3231993913711704,0.2768006086288296,-0.19999999999999996,0.07680060862882965,-0.07680060862882965,False,False,False,False,False,
2019-10,HARD_FULL,0.5,0.4,0.3409433050818153,-0.1590566949181847,0.09999999999999998,-0.059056694918184716,-0.059056694918184716,False,False,False,False,False,
2019-11,HARD_FULL,0.3,0.2,0.21627568627945298,-0.083724313720547,0.09999999999999998,0.016275686279452972,0.016275686279452972,False,False,False,False,False,
2019-12,HARD_FULL,0.2,0.1,0.014948431046529301,-0.18505156895347072,0.1,-0.0850515689534707,-0.08505156895347071,False,False,False,False,False,
2020-01,HARD_FULL,1.5,1.0,0.9411306387532653,-0.5588693612467347,0.5,-0.0588693612467347,-0.0588693612467347,True,False,False,False,False,-0.1177387224934694
2020-02,HARD_FULL,0.3,0.3,0.3397350885104384,0.03973508851043839,0.0,0.03973508851043839,-0.03973508851043839,False,False,False,False,False,
2020-03,HARD_FULL,-0.1,0.1,-0.2568806955960528,-0.1568806955960528,-0.2,-0.35688069559605284,0.043119304403947206,False,True,False,False,False,
2020-04,HARD_FULL,-0.2,-0.2,-0.31424252182303986,-0.11424252182303984,0.0,-0.11424252182303984,-0.11424252182303984,False,False,False,False,False,
2020-05,HARD_FULL,0.4,0.1,0.16833524021974577,-0.23166475978025425,0.30000000000000004,0.06833524021974577,0.0683352402197458,False,False,False,False,False,
2020-06,HARD_FULL,0.6,0.2,0.4172338871159674,-0.1827661128840326,0.39999999999999997,0.21723388711596736,0.21723388711596736,True,True,True,False,True,0.5430847177899184
2020-07,HARD_FULL,0.4,0.2,0.5210069308403769,0.12100693084037684,0.2,0.32100693084037685,0.07899306915962317,False,True,False,False,False,
2020-08,HARD_FULL,0.0,0.0,0.05191843479690783,0.05191843479690783,0.0,0.05191843479690783,-0.05191843479690783,False,False,False,False,False,
2020-09,HARD_FULL,-0.6,-0.3,-0.4261804868444819,0.17381951315551808,-0.3,-0.1261804868444819,0.1261804868444819,False,False,False,False,False,
2020-10,HARD_FULL,0.2,0.2,0.3583178284704426,0.15831782847044257,0.0,0.15831782847044257,-0.15831782847044257,False,False,False,False,False,
2020-11,HARD_FULL,0.0,0.1,0.16911631187228654,0.16911631187228654,-0.1,0.06911631187228653,-0.06911631187228653,False,False,False,False,False,
2020-12,HARD_FULL,-0.2,0.1,0.2056536659664309,0.40565366596643093,-0.30000000000000004,0.10565366596643089,-0.10565366596643089,False,False,False,False,False,
2021-01,HARD_FULL,1.3,0.9,0.9539674594208288,-0.3460325405791712,0.4,0.05396745942082881,0.05396745942082881,True,False,False,False,False,0.13491864855207203
2021-02,HARD_FULL,0.2,0.3,0.5908788681855172,0.39087886818551715,-0.09999999999999998,0.29087886818551717,-0.29087886818551717,False,True,False,False,False,
2021-03,HARD_FULL,0.2,0.3,0.14428582967191625,-0.05571417032808376,-0.09999999999999998,-0.15571417032808374,0.044285829671916216,False,False,False,False,False,
2021-04,HARD_FULL,0.5,0.2,0.31594973914457003,-0.18405026085542997,0.3,0.11594973914457002,0.11594973914457002,False,False,False,False,False,
2021-05,HARD_FULL,0.2,0.4,0.6078702544940903,0.40787025449409026,-0.2,0.20787025449409025,-0.20787025449409025,False,True,False,False,False,
2021-06,HARD_FULL,0.5,0.4,0.3633767578302495,-0.13662324216975053,0.09999999999999998,-0.03662324216975055,-0.03662324216975055,False,False,False,False,False,
2021-07,HARD_FULL,1.0,0.5,0.6948917887265292,-0.30510821127347076,0.5,0.19489178872652924,0.19489178872652924,True,False,False,False,False,0.38978357745305847
2021-08,HARD_FULL,0.7,0.2,0.10834485560767679,-0.5916551443923231,0.49999999999999994,-0.09165514439232322,-0.0916551443923232,True,False,False,False,False,-0.18331028878464647
2021-09,HARD_FULL,0.2,-0.2,-0.11179972547429179,-0.3117997254742918,0.4,0.08820027452570822,0.08820027452570822,True,False,False,False,False,0.22050068631427056
2021-10,HARD_FULL,1.0,0.7,0.861772559403488,-0.13822744059651204,0.30000000000000004,0.161772559403488,0.161772559403488,False,False,False,False,False,
2021-11,HARD_FULL,0.2,0.3,0.7141668997528983,0.5141668997528983,-0.09999999999999998,0.4141668997528983,-0.41416689975289833,False,True,False,False,False,
2021-12,HARD_FULL,0.4,0.3,0.9759442458735439,0.5759442458735439,0.10000000000000003,0.6759442458735438,-0.47594424587354384,False,True,False,False,False,
2022-01,HARD_FULL,4.4,3.8,4.462079824034487,0.06207982403448664,0.6000000000000005,0.6620798240344872,0.5379201759655139,True,True,True,False,True,1.103466373390811
2022-02,HARD_FULL,1.3,0.6,1.02808532568767,-0.27191467431232996,0.7000000000000001,0.4280853256876701,0.4280853256876701,True,True,True,False,True,0.6115504652681001
2022-03,HARD_FULL,1.7,1.4,0.9457985298614493,-0.7542014701385507,0.30000000000000004,-0.4542014701385506,-0.4542014701385506,False,True,False,False,False,
2022-04,HARD_FULL,1.8,0.9,0.8786376245680246,-0.9213623754319754,0.9,-0.02136237543197539,-0.02136237543197539,True,False,False,False,False,-0.023735972702194876
2022-05,HARD_FULL,1.8,1.4,2.0303559700568115,0.2303559700568114,0.40000000000000013,0.6303559700568115,0.16964402994318872,True,True,True,False,True,1.5758899251420284
2022-06,HARD_FULL,1.6,1.5,1.6214754124021524,0.02147541240215234,0.10000000000000009,0.12147541240215243,0.07852458759784775,False,False,False,False,False,
2022-07,HARD_FULL,1.3,1.6,1.6269883808292258,0.32698838082922577,-0.30000000000000004,0.026988380829225722,-0.026988380829225722,False,False,False,False,False,
2022-08,HARD_FULL,0.4,0.8,0.7133115493678155,0.31331154936781547,-0.4,-0.08668845063218455,0.08668845063218455,True,False,False,False,False,0.2167211265804614
2022-09,HARD_FULL,0.8,0.2,0.06782787913409602,-0.732172120865904,0.6000000000000001,-0.132172120865904,-0.1321721208659039,True,False,False,False,False,-0.22028686810983994
2022-10,HARD_FULL,-1.4,0.9,1.075447258891905,2.475447258891905,-2.3,0.17544725889190504,-0.17544725889190538,True,False,False,False,False,-0.07628141690952393
2022-11,HARD_FULL,1.2,0.7,0.817989792016844,-0.382010207983156,0.5,0.11798979201684401,0.11798979201684401,True,False,False,False,False,0.23597958403368802
2022-12,HARD_FULL,0.0,0.4,0.13440777861274006,0.13440777861274006,-0.4,-0.26559222138725996,0.26559222138725996,True,True,True,False,True,0.6639805534681499
2023-01,HARD_FULL,6.0,5.8,4.838284883962337,-1.161715116037663,0.20000000000000018,-0.9617151160376629,-0.9617151160376629,False,True,False,False,False,
2023-02,HARD_FULL,0.6,0.5,0.47662557851600684,-0.12337442148399314,0.09999999999999998,-0.023374421483993157,-0.023374421483993157,False,False,False,False,False,
2023-03,HARD_FULL,0.1,0.1,0.16450530456825765,0.06450530456825765,0.0,0.06450530456825765,-0.06450530456825765,False,False,False,False,False,
2023-04,HARD_FULL,-0.2,0.4,0.44125705504723056,0.6412570550472305,-0.6000000000000001,0.04125705504723054,-0.04125705504723043,True,False,False,False,False,-0.06876175841205089
2023-05,HARD_FULL,0.3,0.1,0.10706562600719244,-0.19293437399280755,0.19999999999999998,0.007065626007192433,0.007065626007192433,False,False,False,False,False,
2023-06,HARD_FULL,0.3,0.3,-0.12930453990658813,-0.4293045399065881,0.0,-0.4293045399065881,-0.4293045399065881,False,True,False,False,False,
2023-07,HARD_FULL,0.5,0.4,0.33851017307470194,-0.16148982692529806,0.09999999999999998,-0.061489826925298086,-0.061489826925298086,False,False,False,False,False,
2023-08,HARD_FULL,0.2,0.1,0.4691538555618777,0.2691538555618777,0.1,0.36915385556187774,-0.1691538555618777,False,True,False,False,False,
2023-09,HARD_FULL,-0.7,-0.2,-0.30219775586361963,0.3978022441363803,-0.49999999999999994,-0.10219775586361962,0.10219775586361962,True,False,False,False,False,0.20439551172723927
2023-10,HARD_FULL,0.1,0.0,0.2747256455397465,0.17472564553974648,0.1,0.2747256455397465,-0.07472564553974648,False,True,False,False,False,
2023-11,HARD_FULL,0.1,-0.1,0.01933373494270936,-0.08066626505729065,0.2,0.11933373494270937,0.11933373494270937,False,False,False,False,False,
2023-12,HARD_FULL,-0.4,0.0,-0.16223015378408234,0.23776984621591768,-0.4,-0.16223015378408234,0.16223015378408234,True,False,False,False,False,0.40557538446020586
2024-01,HARD_FULL,1.5,2.0,0.8396578117247618,-0.6603421882752382,-0.5,-1.160342188275238,-0.16034218827523816,True,True,True,False,False,2.320684376550476
2024-02,HARD_FULL,0.3,0.4,0.24545608807626224,-0.05454391192373775,-0.10000000000000003,-0.1545439119237378,0.04545608807626228,False,False,False,False,False,
2024-03,HARD_FULL,0.1,0.1,0.17763742648692965,0.07763742648692964,0.0,0.07763742648692964,-0.07763742648692964,False,False,False,False,False,
2024-04,HARD_FULL,0.7,0.2,0.49836335255762815,-0.2016366474423718,0.49999999999999994,0.29836335255762814,0.29836335255762814,True,True,True,False,True,0.5967267051152564
2024-05,HARD_FULL,0.0,0.1,0.23051180925959833,0.23051180925959833,-0.1,0.13051180925959832,-0.13051180925959832,False,False,False,False,False,
2024-06,HARD_FULL,-0.3,0.2,0.1129550664706415,0.4129550664706415,-0.5,-0.0870449335293585,0.08704493352935849,True,False,False,False,False,0.174089867058717
2024-07,HARD_FULL,0.7,0.5,0.283705901673846,-0.41629409832615394,0.19999999999999996,-0.21629409832615398,-0.21629409832615398,False,True,False,False,False,
2024-08,HARD_FULL,0.3,0.0,0.02676059923621866,-0.27323940076378134,0.3,0.02676059923621866,0.026760599236218652,False,False,False,False,False,
2024-09,HARD_FULL,-0.4,-0.5,-0.6205095900012981,-0.2205095900012981,0.09999999999999998,-0.12050959000129813,-0.12050959000129813,False,False,False,False,False,
2024-10,HARD_FULL,0.3,0.3,0.3468788721546322,0.04687887215463221,0.0,0.04687887215463221,-0.04687887215463221,False,False,False,False,False,
2024-11,HARD_FULL,0.1,0.2,0.09413686107525288,-0.00586313892474713,-0.1,-0.10586313892474714,0.09413686107525288,False,False,False,False,False,
2024-12,HARD_FULL,-0.3,0.1,-0.06409572086517465,0.23590427913482534,-0.4,-0.16409572086517465,0.16409572086517468,True,False,False,False,False,0.41023930216293664
2025-01,HARD_FULL,1.3,1.1,1.1594439531883396,-0.14055604681166045,0.19999999999999996,0.059443953188339504,0.059443953188339504,False,False,False,False,False,
2025-02,HARD_FULL,0.2,0.2,0.3625074932441033,0.1625074932441033,0.0,0.1625074932441033,-0.1625074932441033,False,False,False,False,False,
2025-03,HARD_FULL,0.1,0.0,-0.00036306638964298324,-0.10036306638964299,0.1,-0.00036306638964298324,-0.00036306638964297977,False,False,False,False,False,
2025-04,HARD_FULL,-0.1,0.1,0.15376981113103366,0.2537698111310337,-0.2,0.05376981113103366,-0.053769811131033685,False,False,False,False,False,
2025-05,HARD_FULL,0.5,0.2,0.3070684808515122,-0.19293151914848777,0.3,0.10706848085151222,0.10706848085151222,False,False,False,False,False,
2025-06,HARD_FULL,0.3,0.2,0.22350987208121414,-0.07649012791878584,0.09999999999999998,0.023509872081214134,0.023509872081214134,False,False,False,False,False,
2025-07,HARD_FULL,0.5,0.5,0.6342140026070118,0.13421400260701177,0.0,0.13421400260701177,-0.13421400260701177,False,False,False,False,False,
2025-08,HARD_FULL,0.1,0.1,0.07370580378340921,-0.026294196216590793,0.0,-0.026294196216590793,-0.026294196216590793,False,False,False,False,False,
2025-09,HARD_FULL,-0.6,-0.3,-0.564728033714943,0.03527196628505702,-0.3,-0.26472803371494297,0.26472803371494297,False,True,False,False,False,
2025-10,HARD_FULL,0.5,0.3,0.33221546302348826,-0.16778453697651174,0.2,0.03221546302348827,0.03221546302348827,False,False,False,False,False,
2025-11,HARD_FULL,-0.3,0.1,0.042445832466782615,0.3424458324667826,-0.4,-0.05755416753321739,0.057554167533217404,True,False,False,False,False,0.14388541883304345
2025-12,HARD_FULL,-0.3,-0.1,-0.32080802755641596,-0.020808027556415976,-0.19999999999999998,-0.22080802755641596,0.179191972443584,False,True,False,False,False,
2026-01,HARD_FULL,0.9,0.8,0.8551264217107467,-0.04487357828925331,0.09999999999999998,0.055126421710746665,0.055126421710746665,False,False,False,False,False,
2026-02,HARD_FULL,-0.1,0.1,0.11246295421301011,0.21246295421301012,-0.2,0.012462954213010108,-0.012462954213010108,False,False,False,False,False,
2026-03,HARD_FULL,0.6,0.7,0.5660473638877932,-0.03395263611220678,-0.09999999999999998,-0.13395263611220676,0.0660473638877932,False,False,False,False,False,
2026-04,HARD_FULL,0.5,0.4,0.44757508425837345,-0.052424915741626554,0.09999999999999998,0.047575084258373423,0.047575084258373423,False,False,False,False,False,
2026-05,HARD_FULL,0.1,0.3,0.4028272899628575,0.30282728996285746,-0.19999999999999998,0.1028272899628575,-0.10282728996285748,False,False,False,False,False,
2026-06,HARD_FULL,-0.3,0.0,-0.10724050387173409,0.1927594961282659,-0.3,-0.10724050387173409,0.10724050387173409,False,False,False,False,False,
2026-07,HARD_FULL,0.6,0.6,0.577223062603887,-0.022776937396112973,0.0,-0.022776937396112973,-0.022776937396112973,False,False,False,False,False,
2019-02,SENTIMENT_BASE,0.2,0.1,0.30788671050198746,0.10788671050198745,0.1,0.20788671050198745,-0.007886710501987443,False,True,False,False,False,
2019-03,SENTIMENT_BASE,0.2,0.1,0.08921580293543074,-0.11078419706456927,0.1,-0.010784197064569262,-0.010784197064569262,False,False,False,False,False,
2019-04,SENTIMENT_BASE,0.1,0.3,0.41029061347364837,0.3102906134736484,-0.19999999999999998,0.11029061347364838,-0.11029061347364841,False,False,False,False,False,
2019-05,SENTIMENT_BASE,0.7,0.4,0.22825997987059596,-0.47174002012940397,0.29999999999999993,-0.17174002012940406,-0.17174002012940404,False,False,False,False,False,
2019-06,SENTIMENT_BASE,0.2,0.1,0.12266522649613448,-0.07733477350386553,0.1,0.022665226496134477,0.022665226496134477,False,False,False,False,False,
2019-07,SENTIMENT_BASE,0.4,0.2,0.417143239105575,0.01714323910557497,0.2,0.21714323910557498,0.18285676089442504,False,True,False,False,False,
2019-08,SENTIMENT_BASE,0.1,0.0,0.02300352821182107,-0.07699647178817894,0.1,0.02300352821182107,0.02300352821182107,False,False,False,False,False,
2019-09,SENTIMENT_BASE,-0.6,-0.4,-0.3411226919236905,0.2588773080763095,-0.19999999999999996,0.05887730807630953,-0.05887730807630953,False,False,False,False,False,
2019-10,SENTIMENT_BASE,0.5,0.4,0.25788500901451705,-0.24211499098548295,0.09999999999999998,-0.14211499098548297,-0.14211499098548297,False,False,False,False,False,
2019-11,SENTIMENT_BASE,0.3,0.2,0.1702890895561348,-0.12971091044386518,0.09999999999999998,-0.0297109104438652,-0.0297109104438652,False,False,False,False,False,
2019-12,SENTIMENT_BASE,0.2,0.1,-0.00789722201737764,-0.20789722201737765,0.1,-0.10789722201737764,-0.10789722201737764,False,False,False,False,False,
2020-01,SENTIMENT_BASE,1.5,1.0,0.8795966799939532,-0.6204033200060468,0.5,-0.12040332000604681,-0.12040332000604681,True,False,False,False,False,-0.24080664001209362
2020-02,SENTIMENT_BASE,0.3,0.3,0.25971078208462506,-0.04028921791537493,0.0,-0.04028921791537493,-0.04028921791537493,False,False,False,False,False,
2020-03,SENTIMENT_BASE,-0.1,0.1,-0.3015749595034149,-0.2015749595034149,-0.2,-0.40157495950341493,-0.00157495950341488,False,True,False,False,False,
2020-04,SENTIMENT_BASE,-0.2,-0.2,-0.44426656532753683,-0.24426656532753682,0.0,-0.24426656532753682,-0.24426656532753682,False,True,False,False,False,
2020-05,SENTIMENT_BASE,0.4,0.1,0.06160666882633124,-0.33839333117366877,0.30000000000000004,-0.03839333117366876,-0.03839333117366872,False,False,False,False,False,
2020-06,SENTIMENT_BASE,0.6,0.2,0.24787281504804276,-0.3521271849519572,0.39999999999999997,0.04787281504804275,0.04787281504804275,True,False,False,False,False,0.11968203762010689
2020-07,SENTIMENT_BASE,0.4,0.2,0.42287943849418097,0.022879438494180948,0.2,0.22287943849418096,0.17712056150581906,False,True,False,False,False,
2020-08,SENTIMENT_BASE,0.0,0.0,-0.010535038445596875,-0.010535038445596875,0.0,-0.010535038445596875,-0.010535038445596875,False,False,False,False,False,
2020-09,SENTIMENT_BASE,-0.6,-0.3,-0.39614775917449807,0.2038522408255019,-0.3,-0.09614775917449808,0.09614775917449808,False,False,False,False,False,
2020-10,SENTIMENT_BASE,0.2,0.2,0.1794648761660154,-0.02053512383398462,0.0,-0.02053512383398462,-0.02053512383398462,False,False,False,False,False,
2020-11,SENTIMENT_BASE,0.0,0.1,0.10169343199908816,0.10169343199908816,-0.1,0.0016934319990881547,-0.0016934319990881547,False,False,False,False,False,
2020-12,SENTIMENT_BASE,-0.2,0.1,0.1567081879206617,0.3567081879206617,-0.30000000000000004,0.05670818792066171,-0.05670818792066168,False,False,False,False,False,
2021-01,SENTIMENT_BASE,1.3,0.9,0.8027431125876427,-0.4972568874123573,0.4,-0.09725688741235727,-0.09725688741235727,True,False,False,False,False,-0.24314221853089318
2021-02,SENTIMENT_BASE,0.2,0.3,0.4159941227730588,0.2159941227730588,-0.09999999999999998,0.11599412277305882,-0.11599412277305882,False,False,False,False,False,
2021-03,SENTIMENT_BASE,0.2,0.3,0.127129716744882,-0.07287028325511802,-0.09999999999999998,-0.172870283255118,0.02712971674488196,False,False,False,False,False,
2021-04,SENTIMENT_BASE,0.5,0.2,0.24933183328194145,-0.2506681667180586,0.3,0.049331833281941434,0.049331833281941406,False,False,False,False,False,
2021-05,SENTIMENT_BASE,0.2,0.4,0.5695937247969121,0.36959372479691205,-0.2,0.16959372479691204,-0.16959372479691204,False,False,False,False,False,
2021-06,SENTIMENT_BASE,0.5,0.4,0.3410737773066249,-0.15892622269337509,0.09999999999999998,-0.05892622269337511,-0.05892622269337511,False,False,False,False,False,
2021-07,SENTIMENT_BASE,1.0,0.5,0.6321986843799219,-0.3678013156200781,0.5,0.13219868437992188,0.13219868437992188,True,False,False,False,False,0.26439736875984376
2021-08,SENTIMENT_BASE,0.7,0.2,0.19622679318220923,-0.5037732068177907,0.49999999999999994,-0.0037732068177907807,-0.003773206817790753,True,False,False,False,False,-0.007546413635581562
2021-09,SENTIMENT_BASE,0.2,-0.2,-0.14725651938522355,-0.34725651938522356,0.4,0.05274348061477646,0.05274348061477646,True,False,False,False,False,0.13185870153694115
2021-10,SENTIMENT_BASE,1.0,0.7,0.7025054534840143,-0.2974945465159857,0.30000000000000004,0.0025054534840143194,0.0025054534840143194,False,False,False,False,False,
2021-11,SENTIMENT_BASE,0.2,0.3,0.6717455574614002,0.4717455574614002,-0.09999999999999998,0.3717455574614002,-0.3717455574614002,False,True,False,False,False,
2021-12,SENTIMENT_BASE,0.4,0.3,0.7802886167659788,0.3802886167659788,0.10000000000000003,0.48028861676597884,-0.28028861676597877,False,True,False,False,False,
2022-01,SENTIMENT_BASE,4.4,3.8,4.359259236644295,-0.04074076335570531,0.6000000000000005,0.5592592366442952,0.5592592366442952,True,True,True,False,True,0.9320987277404912
2022-02,SENTIMENT_BASE,1.3,0.6,0.86863926531874,-0.43136073468126,0.7000000000000001,0.26863926531874005,0.26863926531874005,True,True,True,False,True,0.38377037902677147
2022-03,SENTIMENT_BASE,1.7,1.4,0.962069929125458,-0.737930070874542,0.30000000000000004,-0.43793007087454194,-0.43793007087454194,False,True,False,False,False,
2022-04,SENTIMENT_BASE,1.8,0.9,0.741499166255662,-1.058500833744338,0.9,-0.158500833744338,-0.158500833744338,True,False,False,False,False,-0.17611203749370888
2022-05,SENTIMENT_BASE,1.8,1.4,1.8462931021255822,0.04629310212558213,0.40000000000000013,0.44629310212558226,0.353706897874418,True,True,True,False,True,1.1157327553139553
2022-06,SENTIMENT_BASE,1.6,1.5,1.392410126938024,-0.20758987306197607,0.10000000000000009,-0.10758987306197598,-0.10758987306197598,False,False,False,False,False,
2022-07,SENTIMENT_BASE,1.3,1.6,1.400812355849521,0.10081235584952086,-0.30000000000000004,-0.19918764415047918,0.19918764415047918,False,False,False,False,False,
2022-08,SENTIMENT_BASE,0.4,0.8,0.6282841186391137,0.2282841186391137,-0.4,-0.17171588136088634,0.17171588136088634,True,False,False,False,False,0.42928970340221584
2022-09,SENTIMENT_BASE,0.8,0.2,0.15960731295886824,-0.6403926870411318,0.6000000000000001,-0.040392687041131775,-0.04039268704113175,True,False,False,False,False,-0.06732114506855295
2022-10,SENTIMENT_BASE,-1.4,0.9,1.1727641229909513,2.572764122990951,-2.3,0.2727641229909513,-0.2727641229909512,True,True,False,True,False,-0.11859309695258755
2022-11,SENTIMENT_BASE,1.2,0.7,0.751245904601925,-0.448754095398075,0.5,0.05124590460192502,0.05124590460192502,True,False,False,False,False,0.10249180920385004
2022-12,SENTIMENT_BASE,0.0,0.4,0.03808186185925094,0.03808186185925094,-0.4,-0.3619181381407491,0.3619181381407491,True,True,True,False,True,0.9047953453518727
2023-01,SENTIMENT_BASE,6.0,5.8,4.868035944919282,-1.1319640550807177,0.20000000000000018,-0.9319640550807176,-0.9319640550807176,False,True,False,False,False,
2023-02,SENTIMENT_BASE,0.6,0.5,0.5344168870243582,-0.06558311297564179,0.09999999999999998,0.03441688702435819,0.03441688702435819,False,False,False,False,False,
2023-03,SENTIMENT_BASE,0.1,0.1,0.2914328985934302,0.19143289859343018,0.0,0.19143289859343018,-0.19143289859343018,False,False,False,False,False,
2023-04,SENTIMENT_BASE,-0.2,0.4,0.5633181668490681,0.7633181668490681,-0.6000000000000001,0.16331816684906808,-0.16331816684906797,True,False,False,False,False,-0.27219694474844675
2023-05,SENTIMENT_BASE,0.3,0.1,0.22845900615753637,-0.07154099384246362,0.19999999999999998,0.12845900615753636,0.12845900615753636,False,False,False,False,False,
2023-06,SENTIMENT_BASE,0.3,0.3,0.029597086610430784,-0.27040291338956923,0.0,-0.27040291338956923,-0.27040291338956923,False,True,False,False,False,
2023-07,SENTIMENT_BASE,0.5,0.4,0.3824972022044991,-0.11750279779550088,0.09999999999999998,-0.017502797795500902,-0.017502797795500902,False,False,False,False,False,
2023-08,SENTIMENT_BASE,0.2,0.1,0.4721295553651584,0.27212955536515837,0.1,0.37212955536515835,-0.17212955536515837,False,True,False,False,False,
2023-09,SENTIMENT_BASE,-0.7,-0.2,-0.25206016002575315,0.4479398399742468,-0.49999999999999994,-0.052060160025753144,0.052060160025753144,True,False,False,False,False,0.1041203200515063
2023-10,SENTIMENT_BASE,0.1,0.0,0.2935059767641409,0.1935059767641409,0.1,0.2935059767641409,-0.09350597676414091,False,True,False,False,False,
2023-11,SENTIMENT_BASE,0.1,-0.1,0.0537156241178782,-0.04628437588212181,0.2,0.1537156241178782,0.1537156241178782,False,False,False,False,False,
2023-12,SENTIMENT_BASE,-0.4,0.0,-0.13732261110926325,0.2626773888907368,-0.4,-0.13732261110926325,0.13732261110926325,True,False,False,False,False,0.3433065277731581
2024-01,SENTIMENT_BASE,1.5,2.0,0.9301862957412567,-0.5698137042587433,-0.5,-1.0698137042587432,-0.06981370425874334,True,True,True,False,False,2.1396274085174865
2024-02,SENTIMENT_BASE,0.3,0.4,0.27077671610556825,-0.02922328389443174,-0.10000000000000003,-0.12922328389443177,0.0707767161055683,False,False,False,False,False,
2024-03,SENTIMENT_BASE,0.1,0.1,0.17846034279200756,0.07846034279200756,0.0,0.07846034279200756,-0.07846034279200756,False,False,False,False,False,
2024-04,SENTIMENT_BASE,0.7,0.2,0.5348504536336895,-0.1651495463663104,0.49999999999999994,0.33485045363368954,0.33485045363368954,True,True,True,False,True,0.6697009072673792
2024-05,SENTIMENT_BASE,0.0,0.1,0.20612230179268792,0.20612230179268792,-0.1,0.10612230179268792,-0.10612230179268792,False,False,False,False,False,
2024-06,SENTIMENT_BASE,-0.3,0.2,0.0510540454663424,0.3510540454663424,-0.5,-0.1489459545336576,0.1489459545336576,True,False,False,False,False,0.2978919090673152
2024-07,SENTIMENT_BASE,0.7,0.5,0.2093195166861127,-0.49068048331388725,0.19999999999999996,-0.2906804833138873,-0.2906804833138873,False,True,False,False,False,
2024-08,SENTIMENT_BASE,0.3,0.0,0.06890901864195323,-0.23109098135804676,0.3,0.06890901864195323,0.06890901864195323,False,False,False,False,False,
2024-09,SENTIMENT_BASE,-0.4,-0.5,-0.4654142221259454,-0.06541422212594539,0.09999999999999998,0.03458577787405459,0.03458577787405459,False,False,False,False,False,
2024-10,SENTIMENT_BASE,0.3,0.3,0.22916339224328344,-0.07083660775671655,0.0,-0.07083660775671655,-0.07083660775671655,False,False,False,False,False,
2024-11,SENTIMENT_BASE,0.1,0.2,0.12951427945846117,0.029514279458461162,-0.1,-0.07048572054153884,0.07048572054153884,False,False,False,False,False,
2024-12,SENTIMENT_BASE,-0.3,0.1,0.003106552940835651,0.30310655294083566,-0.4,-0.09689344705916436,0.09689344705916436,True,False,False,False,False,0.2422336176479109
2025-01,SENTIMENT_BASE,1.3,1.1,1.1226160162342795,-0.1773839837657205,0.19999999999999996,0.022616016234279446,0.022616016234279446,False,False,False,False,False,
2025-02,SENTIMENT_BASE,0.2,0.2,0.3292717559186221,0.1292717559186221,0.0,0.1292717559186221,-0.1292717559186221,False,False,False,False,False,
2025-03,SENTIMENT_BASE,0.1,0.0,0.030679945190431504,-0.0693200548095685,0.1,0.030679945190431504,0.030679945190431504,False,False,False,False,False,
2025-04,SENTIMENT_BASE,-0.1,0.1,0.18633284281188311,0.2863328428118831,-0.2,0.08633284281188311,-0.08633284281188308,False,False,False,False,False,
2025-05,SENTIMENT_BASE,0.5,0.2,0.2618498115488372,-0.23815018845116281,0.3,0.061849811548837175,0.061849811548837175,False,False,False,False,False,
2025-06,SENTIMENT_BASE,0.3,0.2,0.2144393252922845,-0.0855606747077155,0.09999999999999998,0.014439325292284477,0.014439325292284477,False,False,False,False,False,
2025-07,SENTIMENT_BASE,0.5,0.5,0.48289590086485884,-0.01710409913514116,0.0,-0.01710409913514116,-0.01710409913514116,False,False,False,False,False,
2025-08,SENTIMENT_BASE,0.1,0.1,0.12312786355005914,0.023127863550059136,0.0,0.023127863550059136,-0.023127863550059136,False,False,False,False,False,
2025-09,SENTIMENT_BASE,-0.6,-0.3,-0.48072133508582715,0.11927866491417283,-0.3,-0.18072133508582716,0.18072133508582716,False,False,False,False,False,
2025-10,SENTIMENT_BASE,0.5,0.3,0.24413223614466106,-0.25586776385533894,0.2,-0.055867763855338926,-0.055867763855338926,False,False,False,False,False,
2025-11,SENTIMENT_BASE,-0.3,0.1,0.015132677313868827,0.3151326773138688,-0.4,-0.08486732268613117,0.08486732268613123,True,False,False,False,False,0.21216830671532794
2025-12,SENTIMENT_BASE,-0.3,-0.1,-0.31918187743595244,-0.019181877435952455,-0.19999999999999998,-0.21918187743595244,0.18081812256404753,False,True,False,False,False,
2026-01,SENTIMENT_BASE,0.9,0.8,0.8539975600062913,-0.04600243999370868,0.09999999999999998,0.0539975600062913,0.0539975600062913,False,False,False,False,False,
2026-02,SENTIMENT_BASE,-0.1,0.1,0.08069541563997454,0.18069541563997454,-0.2,-0.019304584360025467,0.019304584360025467,False,False,False,False,False,
2026-03,SENTIMENT_BASE,0.6,0.7,0.5863042053316847,-0.013695794668315275,-0.09999999999999998,-0.11369579466831525,0.0863042053316847,False,False,False,False,False,
2026-04,SENTIMENT_BASE,0.5,0.4,0.49876586231599773,-0.0012341376840022678,0.09999999999999998,0.09876586231599771,0.09876586231599771,False,False,False,False,False,
2026-05,SENTIMENT_BASE,0.1,0.3,0.3727217032460699,0.2727217032460699,-0.19999999999999998,0.07272170324606991,-0.07272170324606994,False,False,False,False,False,
2026-06,SENTIMENT_BASE,-0.3,0.0,-0.05378091486093853,0.24621908513906146,-0.3,-0.05378091486093853,0.05378091486093853,False,False,False,False,False,
2026-07,SENTIMENT_BASE,0.6,0.6,0.45229025163277303,-0.14770974836722695,0.0,-0.14770974836722695,-0.14770974836722695,False,False,False,False,False,
2019-02,SENTIMENT_HALF,0.2,0.1,0.345099091878643,0.145099091878643,0.1,0.245099091878643,-0.045099091878643,False,True,False,False,False,
2019-03,SENTIMENT_HALF,0.2,0.1,0.08788923156832665,-0.11211076843167336,0.1,-0.012110768431673358,-0.012110768431673358,False,False,False,False,False,
2019-04,SENTIMENT_HALF,0.1,0.3,0.45266727199503665,0.35266727199503667,-0.19999999999999998,0.15266727199503666,-0.15266727199503669,False,False,False,False,False,
2019-05,SENTIMENT_HALF,0.7,0.4,0.23786766293655648,-0.4621323370634435,0.29999999999999993,-0.16213233706344354,-0.16213233706344354,False,False,False,False,False,
2019-06,SENTIMENT_HALF,0.2,0.1,0.07386373093059315,-0.12613626906940686,0.1,-0.02613626906940686,-0.02613626906940686,False,False,False,False,False,
2019-07,SENTIMENT_HALF,0.4,0.2,0.41656765386924927,0.016567653869249244,0.2,0.21656765386924925,0.18343234613075077,False,True,False,False,False,
2019-08,SENTIMENT_HALF,0.1,0.0,0.0334998077121614,-0.0665001922878386,0.1,0.0334998077121614,0.033499807712161406,False,False,False,False,False,
2019-09,SENTIMENT_HALF,-0.6,-0.4,-0.3456074170851272,0.25439258291487277,-0.19999999999999996,0.05439258291487281,-0.05439258291487281,False,False,False,False,False,
2019-10,SENTIMENT_HALF,0.5,0.4,0.3088668014016127,-0.1911331985983873,0.09999999999999998,-0.09113319859838731,-0.09113319859838731,False,False,False,False,False,
2019-11,SENTIMENT_HALF,0.3,0.2,0.1930841174909323,-0.1069158825090677,0.09999999999999998,-0.006915882509067717,-0.006915882509067717,False,False,False,False,False,
2019-12,SENTIMENT_HALF,0.2,0.1,0.0032289880924062427,-0.19677101190759377,0.1,-0.09677101190759377,-0.09677101190759377,False,False,False,False,False,
2020-01,SENTIMENT_HALF,1.5,1.0,0.908449187136714,-0.591550812863286,0.5,-0.09155081286328604,-0.09155081286328604,True,False,False,False,False,-0.18310162572657207
2020-02,SENTIMENT_HALF,0.3,0.3,0.31169034068701235,0.011690340687012357,0.0,0.011690340687012357,-0.011690340687012357,False,False,False,False,False,
2020-03,SENTIMENT_HALF,-0.1,0.1,-0.26888512966278855,-0.16888512966278854,-0.2,-0.3688851296627885,0.03111487033721147,False,True,False,False,False,
2020-04,SENTIMENT_HALF,-0.2,-0.2,-0.4027360927222507,-0.20273609272225068,0.0,-0.20273609272225068,-0.20273609272225068,False,True,False,False,False,
2020-05,SENTIMENT_HALF,0.4,0.1,0.1277762576652756,-0.27222374233472446,0.30000000000000004,0.027776257665275583,0.027776257665275583,False,False,False,False,False,
2020-06,SENTIMENT_HALF,0.6,0.2,0.35363663835018827,-0.2463633616498117,0.39999999999999997,0.15363663835018826,0.15363663835018826,True,False,False,False,False,0.3840915958754707
2020-07,SENTIMENT_HALF,0.4,0.2,0.4922252907620606,0.0922252907620606,0.2,0.2922252907620606,0.10777470923793941,False,True,False,False,False,
2020-08,SENTIMENT_HALF,0.0,0.0,0.06590912743543074,0.06590912743543074,0.0,0.06590912743543074,-0.06590912743543074,False,False,False,False,False,
2020-09,SENTIMENT_HALF,-0.6,-0.3,-0.38643377744673835,0.21356622255326163,-0.3,-0.08643377744673836,0.08643377744673836,False,False,False,False,False,
2020-10,SENTIMENT_HALF,0.2,0.2,0.2871859788415917,0.08718597884159168,0.0,0.08718597884159168,-0.08718597884159168,False,False,False,False,False,
2020-11,SENTIMENT_HALF,0.0,0.1,0.18814799184514885,0.18814799184514885,-0.1,0.08814799184514885,-0.08814799184514885,False,False,False,False,False,
2020-12,SENTIMENT_HALF,-0.2,0.1,0.18708172384068836,0.3870817238406884,-0.30000000000000004,0.08708172384068835,-0.08708172384068835,False,False,False,False,False,
2021-01,SENTIMENT_HALF,1.3,0.9,0.9077500023911839,-0.3922499976088162,0.4,0.007750002391183841,0.007750002391183841,True,False,False,False,False,0.019375005977959603
2021-02,SENTIMENT_HALF,0.2,0.3,0.5227087369116352,0.3227087369116352,-0.09999999999999998,0.22270873691163523,-0.22270873691163523,False,True,False,False,False,
2021-03,SENTIMENT_HALF,0.2,0.3,0.10860591167823211,-0.0913940883217679,-0.09999999999999998,-0.19139408832176788,0.008605911678232075,False,False,False,False,False,
2021-04,SENTIMENT_HALF,0.5,0.2,0.27414711237679473,-0.22585288762320527,0.3,0.07414711237679472,0.07414711237679472,False,False,False,False,False,
2021-05,SENTIMENT_HALF,0.2,0.4,0.5854316639136077,0.38543166391360767,-0.2,0.18543166391360766,-0.18543166391360766,False,False,False,False,False,
2021-06,SENTIMENT_HALF,0.5,0.4,0.33205829301239037,-0.16794170698760963,0.09999999999999998,-0.06794170698760965,-0.06794170698760965,False,False,False,False,False,
2021-07,SENTIMENT_HALF,1.0,0.5,0.6766512376767178,-0.32334876232328225,0.5,0.17665123767671775,0.17665123767671775,True,False,False,False,False,0.3533024753534355
2021-08,SENTIMENT_HALF,0.7,0.2,0.14406994669800738,-0.5559300533019926,0.49999999999999994,-0.05593005330199263,-0.05593005330199269,True,False,False,False,False,-0.11186010660398528
2021-09,SENTIMENT_HALF,0.2,-0.2,-0.13270639665596817,-0.3327063966559682,0.4,0.06729360334403184,0.06729360334403184,True,False,False,False,False,0.1682340083600796
2021-10,SENTIMENT_HALF,1.0,0.7,0.7535827676826987,-0.24641723231730128,0.30000000000000004,0.05358276768269876,0.05358276768269876,False,False,False,False,False,
2021-11,SENTIMENT_HALF,0.2,0.3,0.7311749638163214,0.5311749638163215,-0.09999999999999998,0.4311749638163214,-0.4311749638163215,False,True,False,False,False,
2021-12,SENTIMENT_HALF,0.4,0.3,0.9073337676059403,0.5073337676059403,0.10000000000000003,0.6073337676059403,-0.40733376760594026,False,True,False,False,False,
2022-01,SENTIMENT_HALF,4.4,3.8,4.431266809425232,0.0312668094252313,0.6000000000000005,0.6312668094252318,0.5687331905747692,True,True,True,False,True,1.0521113490420522
2022-02,SENTIMENT_HALF,1.3,0.6,0.9713537556386728,-0.3286462443613273,0.7000000000000001,0.3713537556386728,0.3713537556386728,True,True,True,False,True,0.530505365198104
2022-03,SENTIMENT_HALF,1.7,1.4,0.9908684589789335,-0.7091315410210665,0.30000000000000004,-0.4091315410210664,-0.4091315410210664,False,True,False,False,False,
2022-04,SENTIMENT_HALF,1.8,0.9,0.8231153190697205,-0.9768846809302796,0.9,-0.07688468093027956,-0.07688468093027956,True,False,False,False,False,-0.08542742325586618
2022-05,SENTIMENT_HALF,1.8,1.4,1.9583414623382198,0.15834146233821977,0.40000000000000013,0.5583414623382199,0.24165853766178036,True,True,True,False,True,1.3958536558455492
2022-06,SENTIMENT_HALF,1.6,1.5,1.5195379119292856,-0.08046208807071453,0.10000000000000009,0.019537911929285556,0.019537911929285556,False,False,False,False,False,
2022-07,SENTIMENT_HALF,1.3,1.6,1.5277608092096444,0.22776080920964437,-0.30000000000000004,-0.07223919079035568,0.07223919079035568,False,False,False,False,False,
2022-08,SENTIMENT_HALF,0.4,0.8,0.6707962459373096,0.27079624593730955,-0.4,-0.12920375406269047,0.12920375406269047,True,False,False,False,False,0.32300938515672617
2022-09,SENTIMENT_HALF,0.8,0.2,0.12838040494328387,-0.6716195950567162,0.6000000000000001,-0.07161959505671614,-0.07161959505671611,True,False,False,False,False,-0.11936599176119354
2022-10,SENTIMENT_HALF,-1.4,0.9,1.1089977073473214,2.508997707347321,-2.3,0.20899770734732137,-0.20899770734732126,True,True,False,True,False,-0.09086856841187886
2022-11,SENTIMENT_HALF,1.2,0.7,0.7756885276782909,-0.42431147232170907,0.5,0.07568852767829093,0.07568852767829093,True,False,False,False,False,0.15137705535658186
2022-12,SENTIMENT_HALF,0.0,0.4,0.09286585355651483,0.09286585355651483,-0.4,-0.3071341464434852,0.3071341464434852,True,True,True,False,True,0.767835366108713
2023-01,SENTIMENT_HALF,6.0,5.8,4.849876136325807,-1.1501238636741933,0.20000000000000018,-0.9501238636741931,-0.9501238636741931,False,True,False,False,False,
2023-02,SENTIMENT_HALF,0.6,0.5,0.5173709249930095,-0.08262907500699046,0.09999999999999998,0.017370924993009518,0.017370924993009518,False,False,False,False,False,
2023-03,SENTIMENT_HALF,0.1,0.1,0.26865108092836926,0.16865108092836925,0.0,0.16865108092836925,-0.16865108092836925,False,False,False,False,False,
2023-04,SENTIMENT_HALF,-0.2,0.4,0.49934613142133133,0.6993461314213314,-0.6000000000000001,0.09934613142133131,-0.09934613142133131,True,False,False,False,False,-0.16557688570221882
2023-05,SENTIMENT_HALF,0.3,0.1,0.1622443475059991,-0.1377556524940009,0.19999999999999998,0.06224434750599908,0.06224434750599908,False,False,False,False,False,
2023-06,SENTIMENT_HALF,0.3,0.3,-0.060033142047308155,-0.36003314204730813,0.0,-0.36003314204730813,-0.36003314204730813,False,True,False,False,False,
2023-07,SENTIMENT_HALF,0.5,0.4,0.3713135398000064,-0.12868646019999358,0.09999999999999998,-0.028686460199993602,-0.028686460199993602,False,False,False,False,False,
2023-08,SENTIMENT_HALF,0.2,0.1,0.4712837338898155,0.27128373388981547,0.1,0.3712837338898155,-0.17128373388981546,False,True,False,False,False,
2023-09,SENTIMENT_HALF,-0.7,-0.2,-0.26931464158737933,0.4306853584126206,-0.49999999999999994,-0.06931464158737932,0.06931464158737932,True,False,False,False,False,0.13862928317475867
2023-10,SENTIMENT_HALF,0.1,0.0,0.2578981800993781,0.1578981800993781,0.1,0.2578981800993781,-0.05789818009937808,False,True,False,False,False,
2023-11,SENTIMENT_HALF,0.1,-0.1,0.01960527402867762,-0.08039472597132238,0.2,0.11960527402867763,0.11960527402867763,False,False,False,False,False,
2023-12,SENTIMENT_HALF,-0.4,0.0,-0.1567439966151597,0.24325600338484032,-0.4,-0.1567439966151597,0.1567439966151597,True,False,False,False,False,0.39185999153789924
2024-01,SENTIMENT_HALF,1.5,2.0,0.8685569002979203,-0.6314430997020797,-0.5,-1.1314430997020797,-0.13144309970207968,True,True,True,False,False,2.2628861994041594
2024-02,SENTIMENT_HALF,0.3,0.4,0.24528892693750218,-0.05471107306249781,-0.10000000000000003,-0.15471107306249784,0.04528892693750222,False,False,False,False,False,
2024-03,SENTIMENT_HALF,0.1,0.1,0.1763838740596329,0.0763838740596329,0.0,0.0763838740596329,-0.0763838740596329,False,False,False,False,False,
2024-04,SENTIMENT_HALF,0.7,0.2,0.5205848006774388,-0.17941519932256111,0.49999999999999994,0.32058480067743883,0.32058480067743883,True,True,True,False,True,0.6411696013548778
2024-05,SENTIMENT_HALF,0.0,0.1,0.22234023663387353,0.22234023663387353,-0.1,0.12234023663387353,-0.12234023663387353,False,False,False,False,False,
2024-06,SENTIMENT_HALF,-0.3,0.2,0.08706702267174081,0.3870670226717408,-0.5,-0.1129329773282592,0.11293297732825919,True,False,False,False,False,0.2258659546565184
2024-07,SENTIMENT_HALF,0.7,0.5,0.2509692737305253,-0.44903072626947466,0.19999999999999996,-0.2490307262694747,-0.2490307262694747,False,True,False,False,False,
2024-08,SENTIMENT_HALF,0.3,0.0,0.04643559047339074,-0.25356440952660925,0.3,0.04643559047339074,0.04643559047339074,False,False,False,False,False,
2024-09,SENTIMENT_HALF,-0.4,-0.5,-0.5250579613404842,-0.1250579613404842,0.09999999999999998,-0.025057961340484214,-0.025057961340484214,False,False,False,False,False,
2024-10,SENTIMENT_HALF,0.3,0.3,0.26235401435152866,-0.037645985648471325,0.0,-0.037645985648471325,-0.037645985648471325,False,False,False,False,False,
2024-11,SENTIMENT_HALF,0.1,0.2,0.10338604196842532,0.0033860419684253185,-0.1,-0.09661395803157469,0.09661395803157469,False,False,False,False,False,
2024-12,SENTIMENT_HALF,-0.3,0.1,-0.025037437477788964,0.274962562522211,-0.4,-0.12503743747778898,0.125037437477789,True,False,False,False,False,0.3125935936944724
2025-01,SENTIMENT_HALF,1.3,1.1,1.114326335833459,-0.18567366416654107,0.19999999999999996,0.01432633583345888,0.01432633583345888,False,False,False,False,False,
2025-02,SENTIMENT_HALF,0.2,0.2,0.3648328877615289,0.16483288776152888,0.0,0.16483288776152888,-0.16483288776152888,False,False,False,False,False,
2025-03,SENTIMENT_HALF,0.1,0.0,0.021087449232532807,-0.0789125507674672,0.1,0.021087449232532807,0.021087449232532807,False,False,False,False,False,
2025-04,SENTIMENT_HALF,-0.1,0.1,0.16653832458406,0.26653832458406,-0.2,0.06653832458406,-0.06653832458406,False,False,False,False,False,
2025-05,SENTIMENT_HALF,0.5,0.2,0.27114375982925065,-0.22885624017074935,0.3,0.07114375982925064,0.07114375982925064,False,False,False,False,False,
2025-06,SENTIMENT_HALF,0.3,0.2,0.21259205295482525,-0.08740794704517474,0.09999999999999998,0.012592052954825239,0.012592052954825239,False,False,False,False,False,
2025-07,SENTIMENT_HALF,0.5,0.5,0.5574541866250289,0.05745418662502888,0.0,0.05745418662502888,-0.05745418662502888,False,False,False,False,False,
2025-08,SENTIMENT_HALF,0.1,0.1,0.10582845960333029,0.005828459603330283,0.0,0.005828459603330283,-0.005828459603330283,False,False,False,False,False,
2025-09,SENTIMENT_HALF,-0.6,-0.3,-0.5204883927646056,0.07951160723539441,-0.3,-0.22048839276460558,0.22048839276460558,False,True,False,False,False,
2025-10,SENTIMENT_HALF,0.5,0.3,0.2899387396070801,-0.2100612603929199,0.2,-0.01006126039291988,-0.01006126039291988,False,False,False,False,False,
2025-11,SENTIMENT_HALF,-0.3,0.1,0.019920078452074223,0.3199200784520742,-0.4,-0.08007992154792579,0.08007992154792581,True,False,False,False,False,0.20019980386981445
2025-12,SENTIMENT_HALF,-0.3,-0.1,-0.32357482386317504,-0.023574823863175054,-0.19999999999999998,-0.22357482386317504,0.17642517613682493,False,True,False,False,False,
2026-01,SENTIMENT_HALF,0.9,0.8,0.8397765236138263,-0.06022347638617376,0.09999999999999998,0.03977652361382622,0.03977652361382622,False,False,False,False,False,
2026-02,SENTIMENT_HALF,-0.1,0.1,0.09341565514348062,0.19341565514348064,-0.2,-0.006584344856519389,0.006584344856519375,False,False,False,False,False,
2026-03,SENTIMENT_HALF,0.6,0.7,0.5763187240983212,-0.02368127590167879,-0.09999999999999998,-0.12368127590167877,0.07631872409832119,False,False,False,False,False,
2026-04,SENTIMENT_HALF,0.5,0.4,0.4762344432429381,-0.02376555675706188,0.09999999999999998,0.0762344432429381,0.0762344432429381,False,False,False,False,False,
2026-05,SENTIMENT_HALF,0.1,0.3,0.37378140827441875,0.27378140827441877,-0.19999999999999998,0.07378140827441876,-0.07378140827441879,False,False,False,False,False,
2026-06,SENTIMENT_HALF,-0.3,0.0,-0.08644471685972901,0.21355528314027097,-0.3,-0.08644471685972901,0.08644471685972901,False,False,False,False,False,
2026-07,SENTIMENT_HALF,0.6,0.6,0.5278787512782573,-0.07212124872174264,0.0,-0.07212124872174264,-0.07212124872174264,False,False,False,False,False,
2019-02,SENTIMENT_FULL,0.2,0.1,0.38231147325529863,0.18231147325529862,0.1,0.2823114732552986,-0.08231147325529861,False,True,False,False,False,
2019-03,SENTIMENT_FULL,0.2,0.1,0.08656266020122257,-0.11343733979877745,0.1,-0.01343733979877744,-0.01343733979877744,False,False,False,False,False,
2019-04,SENTIMENT_FULL,0.1,0.3,0.4950439305164249,0.39504393051642495,-0.19999999999999998,0.19504393051642493,-0.19504393051642496,False,False,False,False,False,
2019-05,SENTIMENT_FULL,0.7,0.4,0.247475346002517,-0.452524653997483,0.29999999999999993,-0.15252465399748302,-0.15252465399748305,False,False,False,False,False,
2019-06,SENTIMENT_FULL,0.2,0.1,0.02506223536505181,-0.1749377646349482,0.1,-0.0749377646349482,-0.0749377646349482,False,False,False,False,False,
2019-07,SENTIMENT_FULL,0.4,0.2,0.4159920686329235,0.015992068632923462,0.2,0.21599206863292347,0.18400793136707655,False,True,False,False,False,
2019-08,SENTIMENT_FULL,0.1,0.0,0.04399608721250173,-0.05600391278749828,0.1,0.04399608721250173,0.04399608721250173,False,False,False,False,False,
2019-09,SENTIMENT_FULL,-0.6,-0.4,-0.3500921422465639,0.2499078577534361,-0.19999999999999996,0.04990785775343615,-0.04990785775343615,False,False,False,False,False,
2019-10,SENTIMENT_FULL,0.5,0.4,0.3598485937887084,-0.14015140621129157,0.09999999999999998,-0.040151406211291596,-0.040151406211291596,False,False,False,False,False,
2019-11,SENTIMENT_FULL,0.3,0.2,0.21587914542572978,-0.08412085457427021,0.09999999999999998,0.015879145425729768,0.015879145425729768,False,False,False,False,False,
2019-12,SENTIMENT_FULL,0.2,0.1,0.014355198202190125,-0.1856448017978099,0.1,-0.08564480179780988,-0.0856448017978099,False,False,False,False,False,
2020-01,SENTIMENT_FULL,1.5,1.0,0.9373016942794747,-0.5626983057205253,0.5,-0.06269830572052526,-0.06269830572052526,True,False,False,False,False,-0.12539661144105052
2020-02,SENTIMENT_FULL,0.3,0.3,0.3636698992893996,0.06366989928939959,0.0,0.06366989928939959,-0.06366989928939959,False,False,False,False,False,
2020-03,SENTIMENT_FULL,-0.1,0.1,-0.2361952998221622,-0.1361952998221622,-0.2,-0.33619529982216223,0.06380470017783782,False,True,False,False,False,
2020-04,SENTIMENT_FULL,-0.2,-0.2,-0.36120562011696455,-0.16120562011696454,0.0,-0.16120562011696454,-0.16120562011696454,False,False,False,False,False,
2020-05,SENTIMENT_FULL,0.4,0.1,0.19394584650421992,-0.2060541534957801,0.30000000000000004,0.09394584650421992,0.09394584650421994,False,False,False,False,False,
2020-06,SENTIMENT_FULL,0.6,0.2,0.4594004616523338,-0.1405995383476662,0.39999999999999997,0.25940046165233377,0.25940046165233377,True,True,True,False,True,0.6485011541308344
2020-07,SENTIMENT_FULL,0.4,0.2,0.5615711430299403,0.16157114302994025,0.2,0.36157114302994026,0.038428856970059766,False,True,False,False,False,
2020-08,SENTIMENT_FULL,0.0,0.0,0.14235329331645835,0.14235329331645835,0.0,0.14235329331645835,-0.14235329331645835,False,False,False,False,False,
2020-09,SENTIMENT_FULL,-0.6,-0.3,-0.3767197957189787,0.2232802042810213,-0.3,-0.07671979571897869,0.07671979571897869,False,False,False,False,False,
2020-10,SENTIMENT_FULL,0.2,0.2,0.394907081517168,0.194907081517168,0.0,0.194907081517168,-0.194907081517168,False,False,False,False,False,
2020-11,SENTIMENT_FULL,0.0,0.1,0.27460255169120956,0.27460255169120956,-0.1,0.17460255169120956,-0.17460255169120956,False,False,False,False,False,
2020-12,SENTIMENT_FULL,-0.2,0.1,0.21745525976071503,0.41745525976071507,-0.30000000000000004,0.11745525976071503,-0.11745525976071503,False,False,False,False,False,
2021-01,SENTIMENT_FULL,1.3,0.9,1.012756892194725,-0.28724310780527507,0.4,0.11275689219472496,0.11275689219472496,True,False,False,False,False,0.2818922304868124
2021-02,SENTIMENT_FULL,0.2,0.3,0.6294233510502116,0.4294233510502116,-0.09999999999999998,0.32942335105021164,-0.32942335105021164,False,True,False,False,False,
2021-03,SENTIMENT_FULL,0.2,0.3,0.09008210661158221,-0.1099178933884178,-0.09999999999999998,-0.20991789338841776,-0.009917893388417823,False,True,False,False,False,
2021-04,SENTIMENT_FULL,0.5,0.2,0.29896239147164805,-0.20103760852835195,0.3,0.09896239147164804,0.09896239147164804,False,False,False,False,False,
2021-05,SENTIMENT_FULL,0.2,0.4,0.6012696030303034,0.4012696030303034,-0.2,0.2012696030303034,-0.2012696030303034,False,True,False,False,False,
2021-06,SENTIMENT_FULL,0.5,0.4,0.3230428087181559,-0.17695719128184412,0.09999999999999998,-0.07695719128184414,-0.07695719128184414,False,False,False,False,False,
2021-07,SENTIMENT_FULL,1.0,0.5,0.7211037909735135,-0.2788962090264865,0.5,0.22110379097351351,0.22110379097351351,True,True,True,False,True,0.44220758194702703
2021-08,SENTIMENT_FULL,0.7,0.2,0.09191310021380553,-0.6080868997861945,0.49999999999999994,-0.10808689978619448,-0.10808689978619451,True,False,False,False,False,-0.216173799572389
2021-09,SENTIMENT_FULL,0.2,-0.2,-0.11815627392671278,-0.3181562739267128,0.4,0.08184372607328723,0.08184372607328722,True,False,False,False,False,0.20460931518321807
2021-10,SENTIMENT_FULL,1.0,0.7,0.8046600818813833,-0.19533991811861673,0.30000000000000004,0.10466008188138332,0.10466008188138332,False,False,False,False,False,
2021-11,SENTIMENT_FULL,0.2,0.3,0.7906043701712427,0.5906043701712427,-0.09999999999999998,0.49060437017124275,-0.4906043701712427,False,True,False,False,False,
2021-12,SENTIMENT_FULL,0.4,0.3,1.0343789184459018,0.6343789184459018,0.10000000000000003,0.7343789184459018,-0.5343789184459018,False,True,False,False,False,
2022-01,SENTIMENT_FULL,4.4,3.8,4.503274382206169,0.1032743822061688,0.6000000000000005,0.7032743822061693,0.49672561779383173,True,True,True,False,True,1.1721239703436146
2022-02,SENTIMENT_FULL,1.3,0.6,1.0740682459586055,-0.22593175404139454,0.7000000000000001,0.4740682459586055,0.4740682459586055,True,True,True,False,True,0.6772403513694364
2022-03,SENTIMENT_FULL,1.7,1.4,1.019666988832409,-0.6803330111675909,0.30000000000000004,-0.3803330111675909,-0.3803330111675909,False,True,False,False,False,
2022-04,SENTIMENT_FULL,1.8,0.9,0.9047314718837789,-0.8952685281162212,0.9,0.0047314718837788705,0.0047314718837788705,True,False,False,False,False,0.005257190981976523
2022-05,SENTIMENT_FULL,1.8,1.4,2.0703898225508572,0.2703898225508572,0.40000000000000013,0.6703898225508573,0.12961017744914294,True,True,True,False,False,1.6759745563771427
2022-06,SENTIMENT_FULL,1.6,1.5,1.6466656969205473,0.04666569692054723,0.10000000000000009,0.14666569692054732,0.05333430307945286,False,False,False,False,False,
2022-07,SENTIMENT_FULL,1.3,1.6,1.654709262569768,0.35470926256976787,-0.30000000000000004,0.054709262569767825,-0.054709262569767825,False,False,False,False,False,
2022-08,SENTIMENT_FULL,0.4,0.8,0.7133083732355056,0.31330837323550553,-0.4,-0.08669162676449449,0.08669162676449449,True,False,False,False,False,0.21672906691123622
2022-09,SENTIMENT_FULL,0.8,0.2,0.0971534969276995,-0.7028465030723006,0.6000000000000001,-0.1028465030723005,-0.10284650307230048,True,False,False,False,False,-0.17141083845383415
2022-10,SENTIMENT_FULL,-1.4,0.9,1.0452312917036917,2.4452312917036916,-2.3,0.14523129170369165,-0.14523129170369176,True,False,False,False,False,-0.06314403987117029
2022-11,SENTIMENT_FULL,1.2,0.7,0.8001311507546568,-0.39986884924534316,0.5,0.10013115075465684,0.10013115075465684,True,False,False,False,False,0.20026230150931368
2022-12,SENTIMENT_FULL,0.0,0.4,0.14764984525377872,0.14764984525377872,-0.4,-0.2523501547462213,0.2523501547462213,True,True,True,False,True,0.6308753868655532
2023-01,SENTIMENT_FULL,6.0,5.8,4.831716327732332,-1.168283672267668,0.20000000000000018,-0.9682836722676678,-0.9682836722676678,False,True,False,False,False,
2023-02,SENTIMENT_FULL,0.6,0.5,0.500324962961661,-0.09967503703833902,0.09999999999999998,0.0003249629616609573,0.0003249629616609573,False,False,False,False,False,
2023-03,SENTIMENT_FULL,0.1,0.1,0.24586926326330832,0.14586926326330832,0.0,0.14586926326330832,-0.14586926326330832,False,False,False,False,False,
2023-04,SENTIMENT_FULL,-0.2,0.4,0.43537409599359456,0.6353740959935945,-0.6000000000000001,0.035374095993594534,-0.03537409599359442,True,False,False,False,False,-0.058956826655990884
2023-05,SENTIMENT_FULL,0.3,0.1,0.09602968885446181,-0.20397031114553818,0.19999999999999998,-0.003970311145538197,-0.003970311145538197,False,False,False,False,False,
2023-06,SENTIMENT_FULL,0.3,0.3,-0.1496633707050471,-0.4496633707050471,0.0,-0.4496633707050471,-0.4496633707050471,False,True,False,False,False,
2023-07,SENTIMENT_FULL,0.5,0.4,0.3601298773955138,-0.13987012260448622,0.09999999999999998,-0.03987012260448625,-0.03987012260448625,False,False,False,False,False,
2023-08,SENTIMENT_FULL,0.2,0.1,0.4704379124144726,0.27043791241447257,0.1,0.37043791241447255,-0.17043791241447256,False,True,False,False,False,
2023-09,SENTIMENT_FULL,-0.7,-0.2,-0.28656912314900546,0.4134308768509945,-0.49999999999999994,-0.08656912314900544,0.08656912314900544,True,False,False,False,False,0.17313824629801092
2023-10,SENTIMENT_FULL,0.1,0.0,0.22229038343461527,0.12229038343461526,0.1,0.22229038343461527,-0.022290383434615257,False,True,False,False,False,
2023-11,SENTIMENT_FULL,0.1,-0.1,-0.014505076060522953,-0.11450507606052296,0.2,0.08549492393947705,0.08549492393947705,False,False,False,False,False,
2023-12,SENTIMENT_FULL,-0.4,0.0,-0.17616538212105612,0.2238346178789439,-0.4,-0.17616538212105612,0.17616538212105612,True,False,False,False,False,0.44041345530264026
2024-01,SENTIMENT_FULL,1.5,2.0,0.8069275048545839,-0.6930724951454161,-0.5,-1.1930724951454161,-0.19307249514541613,True,True,True,False,False,2.3861449902908323
2024-02,SENTIMENT_FULL,0.3,0.4,0.21980113776943613,-0.08019886223056386,-0.10000000000000003,-0.1801988622305639,0.019801137769436178,False,False,False,False,False,
2024-03,SENTIMENT_FULL,0.1,0.1,0.17430740532725825,0.07430740532725824,0.0,0.07430740532725824,-0.07430740532725824,False,False,False,False,False,
2024-04,SENTIMENT_FULL,0.7,0.2,0.5063191477211881,-0.19368085227881182,0.49999999999999994,0.3063191477211881,0.3063191477211881,True,True,True,False,True,0.6126382954423764
2024-05,SENTIMENT_FULL,0.0,0.1,0.23855817147505914,0.23855817147505914,-0.1,0.13855817147505914,-0.13855817147505914,False,False,False,False,False,
2024-06,SENTIMENT_FULL,-0.3,0.2,0.12307999987713922,0.4230799998771392,-0.5,-0.0769200001228608,0.07692000012286082,True,False,False,False,False,0.1538400002457216
2024-07,SENTIMENT_FULL,0.7,0.5,0.2926190307749379,-0.40738096922506206,0.19999999999999996,-0.2073809692250621,-0.2073809692250621,False,True,False,False,False,
2024-08,SENTIMENT_FULL,0.3,0.0,0.023962162304828255,-0.27603783769517176,0.3,0.023962162304828255,0.023962162304828227,False,False,False,False,False,
2024-09,SENTIMENT_FULL,-0.4,-0.5,-0.584701700555023,-0.184701700555023,0.09999999999999998,-0.08470170055502302,-0.08470170055502302,False,False,False,False,False,
2024-10,SENTIMENT_FULL,0.3,0.3,0.2955446364597739,-0.004455363540226076,0.0,-0.004455363540226076,-0.004455363540226076,False,False,False,False,False,
2024-11,SENTIMENT_FULL,0.1,0.2,0.0772578044783895,-0.02274219552161051,-0.1,-0.12274219552161052,0.0772578044783895,False,False,False,False,False,
2024-12,SENTIMENT_FULL,-0.3,0.1,-0.05318142789641358,0.2468185721035864,-0.4,-0.1531814278964136,0.15318142789641362,True,False,False,False,False,0.38295356974103395
2025-01,SENTIMENT_FULL,1.3,1.1,1.1060366554326386,-0.19396334456736142,0.19999999999999996,0.006036655432638538,0.006036655432638538,False,False,False,False,False,
2025-02,SENTIMENT_FULL,0.2,0.2,0.4003940196044356,0.2003940196044356,0.0,0.2003940196044356,-0.2003940196044356,False,True,False,False,False,
2025-03,SENTIMENT_FULL,0.1,0.0,0.011494953274634113,-0.0885050467253659,0.1,0.011494953274634113,0.01149495327463411,False,False,False,False,False,
2025-04,SENTIMENT_FULL,-0.1,0.1,0.1467438063562369,0.2467438063562369,-0.2,0.0467438063562369,-0.0467438063562369,False,False,False,False,False,
2025-05,SENTIMENT_FULL,0.5,0.2,0.2804377081096641,-0.21956229189033588,0.3,0.08043770810966411,0.08043770810966411,False,False,False,False,False,
2025-06,SENTIMENT_FULL,0.3,0.2,0.210744780617366,-0.08925521938263398,0.09999999999999998,0.010744780617366001,0.010744780617366001,False,False,False,False,False,
2025-07,SENTIMENT_FULL,0.5,0.5,0.632012472385199,0.13201247238519898,0.0,0.13201247238519898,-0.13201247238519898,False,False,False,False,False,
2025-08,SENTIMENT_FULL,0.1,0.1,0.08852905565660144,-0.01147094434339857,0.0,-0.01147094434339857,-0.01147094434339857,False,False,False,False,False,
2025-09,SENTIMENT_FULL,-0.6,-0.3,-0.560255450443384,0.03974454955661599,-0.3,-0.260255450443384,0.260255450443384,False,True,False,False,False,
2025-10,SENTIMENT_FULL,0.5,0.3,0.33574524306949916,-0.16425475693050084,0.2,0.035745243069499166,0.035745243069499166,False,False,False,False,False,
2025-11,SENTIMENT_FULL,-0.3,0.1,0.024707479590279614,0.3247074795902796,-0.4,-0.0752925204097204,0.0752925204097204,True,False,False,False,False,0.188231301024301
2025-12,SENTIMENT_FULL,-0.3,-0.1,-0.3279677702903976,-0.027967770290397598,-0.19999999999999998,-0.22796777029039758,0.17203222970960239,False,True,False,False,False,
2026-01,SENTIMENT_FULL,0.9,0.8,0.8255554872213612,-0.07444451277863884,0.09999999999999998,0.02555548722136114,0.02555548722136114,False,False,False,False,False,
2026-02,SENTIMENT_FULL,-0.1,0.1,0.1061358946469867,0.2061358946469867,-0.2,0.006135894646986689,-0.006135894646986689,False,False,False,False,False,
2026-03,SENTIMENT_FULL,0.6,0.7,0.5663332428649576,-0.03366675713504241,-0.09999999999999998,-0.1336667571350424,0.06633324286495756,False,False,False,False,False,
2026-04,SENTIMENT_FULL,0.5,0.4,0.4537030241698785,-0.04629697583012149,0.09999999999999998,0.05370302416987849,0.05370302416987849,False,False,False,False,False,
2026-05,SENTIMENT_FULL,0.1,0.3,0.37484111330276765,0.2748411133027676,-0.19999999999999998,0.07484111330276766,-0.07484111330276763,False,False,False,False,False,
2026-06,SENTIMENT_FULL,-0.3,0.0,-0.11910851885851949,0.18089148114148051,-0.3,-0.11910851885851949,0.11910851885851947,False,False,False,False,False,
2026-07,SENTIMENT_FULL,0.6,0.6,0.6034672509237415,0.0034672509237415605,0.0,0.0034672509237415605,-0.0034672509237415605,False,False,False,False,False,
2019-02,CONSENSUS,0.2,0.1,0.1,-0.1,0.1,0.0,0.0,False,False,False,False,False,
2019-03,CONSENSUS,0.2,0.1,0.1,-0.1,0.1,0.0,0.0,False,False,False,False,False,
2019-04,CONSENSUS,0.1,0.3,0.3,0.19999999999999998,-0.19999999999999998,0.0,0.0,False,False,False,False,False,
2019-05,CONSENSUS,0.7,0.4,0.4,-0.29999999999999993,0.29999999999999993,0.0,0.0,False,False,False,False,False,
2019-06,CONSENSUS,0.2,0.1,0.1,-0.1,0.1,0.0,0.0,False,False,False,False,False,
2019-07,CONSENSUS,0.4,0.2,0.2,-0.2,0.2,0.0,0.0,False,False,False,False,False,
2019-08,CONSENSUS,0.1,0.0,0.0,-0.1,0.1,0.0,0.0,False,False,False,False,False,
2019-09,CONSENSUS,-0.6,-0.4,-0.4,0.19999999999999996,-0.19999999999999996,0.0,0.0,False,False,False,False,False,
2019-10,CONSENSUS,0.5,0.4,0.4,-0.09999999999999998,0.09999999999999998,0.0,0.0,False,False,False,False,False,
2019-11,CONSENSUS,0.3,0.2,0.2,-0.09999999999999998,0.09999999999999998,0.0,0.0,False,False,False,False,False,
2019-12,CONSENSUS,0.2,0.1,0.1,-0.1,0.1,0.0,0.0,False,False,False,False,False,
2020-01,CONSENSUS,1.5,1.0,1.0,-0.5,0.5,0.0,0.0,True,False,False,False,False,0.0
2020-02,CONSENSUS,0.3,0.3,0.3,0.0,0.0,0.0,0.0,False,False,False,False,False,
2020-03,CONSENSUS,-0.1,0.1,0.1,0.2,-0.2,0.0,0.0,False,False,False,False,False,
2020-04,CONSENSUS,-0.2,-0.2,-0.2,0.0,0.0,0.0,0.0,False,False,False,False,False,
2020-05,CONSENSUS,0.4,0.1,0.1,-0.30000000000000004,0.30000000000000004,0.0,0.0,False,False,False,False,False,
2020-06,CONSENSUS,0.6,0.2,0.2,-0.39999999999999997,0.39999999999999997,0.0,0.0,True,False,False,False,False,0.0
2020-07,CONSENSUS,0.4,0.2,0.2,-0.2,0.2,0.0,0.0,False,False,False,False,False,
2020-08,CONSENSUS,0.0,0.0,0.0,0.0,0.0,0.0,0.0,False,False,False,False,False,
2020-09,CONSENSUS,-0.6,-0.3,-0.3,0.3,-0.3,0.0,0.0,False,False,False,False,False,
2020-10,CONSENSUS,0.2,0.2,0.2,0.0,0.0,0.0,0.0,False,False,False,False,False,
2020-11,CONSENSUS,0.0,0.1,0.1,0.1,-0.1,0.0,0.0,False,False,False,False,False,
2020-12,CONSENSUS,-0.2,0.1,0.1,0.30000000000000004,-0.30000000000000004,0.0,0.0,False,False,False,False,False,
2021-01,CONSENSUS,1.3,0.9,0.9,-0.4,0.4,0.0,0.0,True,False,False,False,False,0.0
2021-02,CONSENSUS,0.2,0.3,0.3,0.09999999999999998,-0.09999999999999998,0.0,0.0,False,False,False,False,False,
2021-03,CONSENSUS,0.2,0.3,0.3,0.09999999999999998,-0.09999999999999998,0.0,0.0,False,False,False,False,False,
2021-04,CONSENSUS,0.5,0.2,0.2,-0.3,0.3,0.0,0.0,False,False,False,False,False,
2021-05,CONSENSUS,0.2,0.4,0.4,0.2,-0.2,0.0,0.0,False,False,False,False,False,
2021-06,CONSENSUS,0.5,0.4,0.4,-0.09999999999999998,0.09999999999999998,0.0,0.0,False,False,False,False,False,
2021-07,CONSENSUS,1.0,0.5,0.5,-0.5,0.5,0.0,0.0,True,False,False,False,False,0.0
2021-08,CONSENSUS,0.7,0.2,0.2,-0.49999999999999994,0.49999999999999994,0.0,0.0,True,False,False,False,False,0.0
2021-09,CONSENSUS,0.2,-0.2,-0.2,-0.4,0.4,0.0,0.0,True,False,False,False,False,0.0
2021-10,CONSENSUS,1.0,0.7,0.7,-0.30000000000000004,0.30000000000000004,0.0,0.0,False,False,False,False,False,
2021-11,CONSENSUS,0.2,0.3,0.3,0.09999999999999998,-0.09999999999999998,0.0,0.0,False,False,False,False,False,
2021-12,CONSENSUS,0.4,0.3,0.3,-0.10000000000000003,0.10000000000000003,0.0,0.0,False,False,False,False,False,
2022-01,CONSENSUS,4.4,3.8,3.8,-0.6000000000000005,0.6000000000000005,0.0,0.0,True,False,False,False,False,0.0
2022-02,CONSENSUS,1.3,0.6,0.6,-0.7000000000000001,0.7000000000000001,0.0,0.0,True,False,False,False,False,0.0
2022-03,CONSENSUS,1.7,1.4,1.4,-0.30000000000000004,0.30000000000000004,0.0,0.0,False,False,False,False,False,
2022-04,CONSENSUS,1.8,0.9,0.9,-0.9,0.9,0.0,0.0,True,False,False,False,False,0.0
2022-05,CONSENSUS,1.8,1.4,1.4,-0.40000000000000013,0.40000000000000013,0.0,0.0,True,False,False,False,False,0.0
2022-06,CONSENSUS,1.6,1.5,1.5,-0.10000000000000009,0.10000000000000009,0.0,0.0,False,False,False,False,False,
2022-07,CONSENSUS,1.3,1.6,1.6,0.30000000000000004,-0.30000000000000004,0.0,0.0,False,False,False,False,False,
2022-08,CONSENSUS,0.4,0.8,0.8,0.4,-0.4,0.0,0.0,True,False,False,False,False,-0.0
2022-09,CONSENSUS,0.8,0.2,0.2,-0.6000000000000001,0.6000000000000001,0.0,0.0,True,False,False,False,False,0.0
2022-10,CONSENSUS,-1.4,0.9,0.9,2.3,-2.3,0.0,0.0,True,False,False,False,False,-0.0
2022-11,CONSENSUS,1.2,0.7,0.7,-0.5,0.5,0.0,0.0,True,False,False,False,False,0.0
2022-12,CONSENSUS,0.0,0.4,0.4,0.4,-0.4,0.0,0.0,True,False,False,False,False,-0.0
2023-01,CONSENSUS,6.0,5.8,5.8,-0.20000000000000018,0.20000000000000018,0.0,0.0,False,False,False,False,False,
2023-02,CONSENSUS,0.6,0.5,0.5,-0.09999999999999998,0.09999999999999998,0.0,0.0,False,False,False,False,False,
2023-03,CONSENSUS,0.1,0.1,0.1,0.0,0.0,0.0,0.0,False,False,False,False,False,
2023-04,CONSENSUS,-0.2,0.4,0.4,0.6000000000000001,-0.6000000000000001,0.0,0.0,True,False,False,False,False,-0.0
2023-05,CONSENSUS,0.3,0.1,0.1,-0.19999999999999998,0.19999999999999998,0.0,0.0,False,False,False,False,False,
2023-06,CONSENSUS,0.3,0.3,0.3,0.0,0.0,0.0,0.0,False,False,False,False,False,
2023-07,CONSENSUS,0.5,0.4,0.4,-0.09999999999999998,0.09999999999999998,0.0,0.0,False,False,False,False,False,
2023-08,CONSENSUS,0.2,0.1,0.1,-0.1,0.1,0.0,0.0,False,False,False,False,False,
2023-09,CONSENSUS,-0.7,-0.2,-0.2,0.49999999999999994,-0.49999999999999994,0.0,0.0,True,False,False,False,False,-0.0
2023-10,CONSENSUS,0.1,0.0,0.0,-0.1,0.1,0.0,0.0,False,False,False,False,False,
2023-11,CONSENSUS,0.1,-0.1,-0.1,-0.2,0.2,0.0,0.0,False,False,False,False,False,
2023-12,CONSENSUS,-0.4,0.0,0.0,0.4,-0.4,0.0,0.0,True,False,False,False,False,-0.0
2024-01,CONSENSUS,1.5,2.0,2.0,0.5,-0.5,0.0,0.0,True,False,False,False,False,-0.0
2024-02,CONSENSUS,0.3,0.4,0.4,0.10000000000000003,-0.10000000000000003,0.0,0.0,False,False,False,False,False,
2024-03,CONSENSUS,0.1,0.1,0.1,0.0,0.0,0.0,0.0,False,False,False,False,False,
2024-04,CONSENSUS,0.7,0.2,0.2,-0.49999999999999994,0.49999999999999994,0.0,0.0,True,False,False,False,False,0.0
2024-05,CONSENSUS,0.0,0.1,0.1,0.1,-0.1,0.0,0.0,False,False,False,False,False,
2024-06,CONSENSUS,-0.3,0.2,0.2,0.5,-0.5,0.0,0.0,True,False,False,False,False,-0.0
2024-07,CONSENSUS,0.7,0.5,0.5,-0.19999999999999996,0.19999999999999996,0.0,0.0,False,False,False,False,False,
2024-08,CONSENSUS,0.3,0.0,0.0,-0.3,0.3,0.0,0.0,False,False,False,False,False,
2024-09,CONSENSUS,-0.4,-0.5,-0.5,-0.09999999999999998,0.09999999999999998,0.0,0.0,False,False,False,False,False,
2024-10,CONSENSUS,0.3,0.3,0.3,0.0,0.0,0.0,0.0,False,False,False,False,False,
2024-11,CONSENSUS,0.1,0.2,0.2,0.1,-0.1,0.0,0.0,False,False,False,False,False,
2024-12,CONSENSUS,-0.3,0.1,0.1,0.4,-0.4,0.0,0.0,True,False,False,False,False,-0.0
2025-01,CONSENSUS,1.3,1.1,1.1,-0.19999999999999996,0.19999999999999996,0.0,0.0,False,False,False,False,False,
2025-02,CONSENSUS,0.2,0.2,0.2,0.0,0.0,0.0,0.0,False,False,False,False,False,
2025-03,CONSENSUS,0.1,0.0,0.0,-0.1,0.1,0.0,0.0,False,False,False,False,False,
2025-04,CONSENSUS,-0.1,0.1,0.1,0.2,-0.2,0.0,0.0,False,False,False,False,False,
2025-05,CONSENSUS,0.5,0.2,0.2,-0.3,0.3,0.0,0.0,False,False,False,False,False,
2025-06,CONSENSUS,0.3,0.2,0.2,-0.09999999999999998,0.09999999999999998,0.0,0.0,False,False,False,False,False,
2025-07,CONSENSUS,0.5,0.5,0.5,0.0,0.0,0.0,0.0,False,False,False,False,False,
2025-08,CONSENSUS,0.1,0.1,0.1,0.0,0.0,0.0,0.0,False,False,False,False,False,
2025-09,CONSENSUS,-0.6,-0.3,-0.3,0.3,-0.3,0.0,0.0,False,False,False,False,False,
2025-10,CONSENSUS,0.5,0.3,0.3,-0.2,0.2,0.0,0.0,False,False,False,False,False,
2025-11,CONSENSUS,-0.3,0.1,0.1,0.4,-0.4,0.0,0.0,True,False,False,False,False,-0.0
2025-12,CONSENSUS,-0.3,-0.1,-0.1,0.19999999999999998,-0.19999999999999998,0.0,0.0,False,False,False,False,False,
2026-01,CONSENSUS,0.9,0.8,0.8,-0.09999999999999998,0.09999999999999998,0.0,0.0,False,False,False,False,False,
2026-02,CONSENSUS,-0.1,0.1,0.1,0.2,-0.2,0.0,0.0,False,False,False,False,False,
2026-03,CONSENSUS,0.6,0.7,0.7,0.09999999999999998,-0.09999999999999998,0.0,0.0,False,False,False,False,False,
2026-04,CONSENSUS,0.5,0.4,0.4,-0.09999999999999998,0.09999999999999998,0.0,0.0,False,False,False,False,False,
2026-05,CONSENSUS,0.1,0.3,0.3,0.19999999999999998,-0.19999999999999998,0.0,0.0,False,False,False,False,False,
2026-06,CONSENSUS,-0.3,0.0,0.0,0.3,-0.3,0.0,0.0,False,False,False,False,False,
2026-07,CONSENSUS,0.6,0.6,0.6,0.0,0.0,0.0,0.0,False,False,False,False,False,
