period,bbg__agriculture_spot_index__month_last,bbg__agriculture_spot_index__month_mean,bbg__brent_front_reference__month_last,bbg__brent_front_reference__month_mean,bbg__brent_year1_user_selected__month_last,bbg__brent_year1_user_selected__month_mean,bbg__building_activity_past3m_candidate__as_reported,bbg__building_constraint_financial__as_reported,bbg__building_constraint_labour__as_reported,bbg__building_constraint_material_equipment__as_reported,bbg__building_constraint_other_diagnostic__as_reported,bbg__building_permits_raw_candidate__as_reported,bbg__construction_employment_expectations__as_reported,bbg__consumer_confidence_broad_reference__as_reported,bbg__consumer_financial_situation_expected_candidate_a__as_reported,bbg__consumer_financial_situation_expected_candidate_b__as_reported,bbg__czech_construction_confidence__as_reported,bbg__czech_construction_price_expectations_next3m__as_reported,bbg__czech_consumer_financial_situation_last12m__as_reported,bbg__czech_consumer_major_purchases_next12m__as_reported,bbg__czech_consumer_savings_next12m__as_reported,bbg__czech_consumer_unemployment_expectations_next12m__as_reported,bbg__czech_import_price_level_candidate__as_reported,bbg__czech_industrial_confidence__as_reported,bbg__czech_industry_selling_price_expectations_next3m__as_reported,bbg__czech_retail_activity_expectations_next3m__as_reported,bbg__czech_retail_confidence__as_reported,bbg__czech_retail_employment_expectations_next3m__as_reported,bbg__czech_retail_orders_expectations_next3m__as_reported,bbg__czech_services_confidence__as_reported,bbg__czech_unemployment__as_reported,bbg__eurczk__month_last,bbg__eurczk__month_mean,bbg__euro_area_consumer_price_trends_last12m__as_reported,bbg__euro_area_consumer_price_trends_next12m__as_reported,bbg__fra_12x15__month_last,bbg__fra_12x15__month_mean,bbg__fra_15x18__month_last,bbg__fra_15x18__month_mean,bbg__fra_18x21__month_last,bbg__fra_18x21__month_mean,bbg__fra_21x24__month_last,bbg__fra_21x24__month_mean,bbg__fra_3x6__month_last,bbg__fra_3x6__month_mean,bbg__fra_6x9__month_last,bbg__fra_6x9__month_mean,bbg__fra_9x12__month_last,bbg__fra_9x12__month_mean,bbg__gas_day_ahead_spot__month_last,bbg__gas_day_ahead_spot__month_mean,bbg__gas_year1_user_selected__month_last,bbg__gas_year1_user_selected__month_mean,bbg__germany_construction_confidence__as_reported,bbg__germany_hicp_level_candidate__as_reported,bbg__germany_industrial_confidence__as_reported,bbg__germany_retail_confidence__as_reported,bbg__germany_services_confidence__as_reported,bbg__germany_unemployment_candidate__as_reported,bbg__industrial_metals_spot_index__month_last,bbg__industrial_metals_spot_index__month_mean,bbg__industrial_production_level_nsa_challenger__as_reported,bbg__industrial_production_level_sa__as_reported,bbg__legacy_brent_generic13__month_last,bbg__legacy_brent_generic13__month_mean,bbg__legacy_brent_generic7__month_last,bbg__legacy_brent_generic7__month_mean,bbg__nfc_loans_bloomberg_candidate__as_reported,bbg__poland_retail_confidence__as_reported,bbg__pribor_3m__month_last,bbg__pribor_3m__month_mean,bbg__production_expected_next3m__as_reported,bbg__production_observed_past3m__as_reported,bbg__retail_present_business_situation_candidate__as_reported,bbg__rushin_weekly__week_last,bbg__rushin_weekly__week_mean,bbg__services_business_situation_past3m__as_reported,bbg__services_demand_expectations_next3m__as_reported,bbg__services_demand_past3m_candidate__as_reported,bbg__services_employment_expectations_next3m__as_reported,bbg__usdczk__month_last,bbg__usdczk__month_mean
1998-01,,,,,,,,,,,,,,,,,,,,,,,,,,,,,,,,,,,,,,,,,,,,,,,,,,,,,,,,,,,,,,,,,,,,,,,,,,,,,,,,,35.357,35.36536363636363
1998-02,,,,,,,,,,,,,,,,,,,,,,,,,,,,,,,,,,,,,,,,,,,,,,,,,,,,,,,,,,,,,,,,,,,,,,,,,,,,,,,,,33.82,34.427550000000004
1998-03,,,,,,,,,,,,,,,,,,,,,,,,,,,,,,,,,,,,,,,,,,,,,,,,,,,,,,,,,,,,,,,,,,,,,,,,,,,,,,,,,33.76,34.02622727272727
1998-04,,,,,,,,,,,,,,,,,,,,,,,,,,,,,,,,,,,,,,,,,,,,,,,,,,,,,,,,,,,,,,,,,,,,,,,,,,,,,,,,,32.98,33.761818181818185
1998-05,,,,,,,,,,,,,,,,,,,,,,,,,,,,,,,,,,,,,,,,,,,,,,,,,,,,,,,,,,,,,,,,,,,,,,,,,,,,,,,,,33.04,32.54033333333333
1998-06,,,,,,,,,,,,,,,,,,,,,,,,,,,,,,,,,,,,,,,,,,,,,,,,,,,,,,,,,,,,,,,,,,,,,,,,,,,,,,,,,32.88,33.243
1998-07,,,,,,,,,,,,,,,,,,,,,,,,,,,,,,,,,,,,,,,,,,,,,,,,,,,,,,,,,,,,,,,,,,,,,,,,,,,,,,,,,30.81,31.846565217391305
1998-08,,,,,,,,,,,,,,,,,,,,,,,,,,,,,,,,,,,,,,,,,,,,,,,,,,,,,,,,,,,,,,,,,,,,,,,,,,,,,,,,,32.68,32.22928571428571
1998-09,,,,,,,,,,,,,,,,,,,,,,,,,,,,,,,,,,,,,,,,,,,,,,,,,,,,,,,,,,,,,,,,,,,,,,,,,,,,,,,,,30.28,30.58750000000001
1998-10,,,,,,,,,,,,,,,,,,,,,,,,,,,,,,,,,,,,,,,,,,,,,,,,,,,,,,,,,,,,,,,,,,,,,,,,,,,,,,,,,28.87,29.13681818181818
1998-11,,,,,,,,,,,,,,,,,,,,,,,,,,,,,,,,,,,,,,,,,,,,,,,,,,,,,,,,,,,,,,,,,,,,,,,,,,,,,,,,,30.75,29.896190476190473
1998-12,,,,,,,,,,,,,,,,,,,,,,,,,,,,,,,,,,,,,,,,,,,,,,,,,,,,,,,,,,,,,,,,,,,,,,,,,,,,,,,,,30.189,30.03908695652174
1999-01,,,,,,,,,,,,,,,,,,,,,,,,,,,,,,,,36.869,35.769200000000005,,,,,,,,,,,,,,,,,,,,,,,,,,,,,,,,,,,,,,,,,,,,,,,,32.449,30.83433333333333
1999-02,,,,,,,,,,,,,,,,,,,,,,,,,,,,,,,,37.744,37.76625,,,,,,,,,,,,,,,,,,,,,,,,,,,,,,,,,,,,,,,,,,,,,,,,34.27,33.70265
1999-03,,,,,,,,,,,,,,,,,,,,,,,,,,,,,,,,38.487,38.016478260869576,,,,,,,,,,,,,,,,,,,,,,,,,,,,,,,,,,,,,,,,,,,,,,,,35.623,34.932826086956524
1999-04,,,,,,,,,,,,,,,,,,,,,,,,,,,,,,,,37.654,37.97463636363637,,,,,,,,,,,,,,,,,,,,,,,,,,,,,,,,,,,,,,,,,,,,,,,,35.546,35.48272727272728
1999-05,,,,,,,,,,,,,,,,,,,,,,,,,,,,,,,,37.586,37.6924761904762,,,,,,,,,,,,,,,,,,,,,,,,,,,,,,,,,,,,,,,,,,,,,,,,35.9519,35.471138095238096
1999-06,,,,,,,,,,,,,,,,,,,,,,,,,,,,,,,,36.363,37.09981818181818,,,,,,,,,,,,,,,,,,,,,,,,,,,,,,,,,,,,,,,,,,,,,,,,35.147,35.72372727272728
1999-07,,,,,,,,,,,,,,,,,,,,,,,,,,,,,,,,36.655,36.51963636363636,,,,,,,,,,,,,,,,,,,,,,,,,,,,,,,,,,,,,,,,,,,,,,,,34.17,35.22124999999999
1999-08,,,,,,,,,,,,,,,,,,,,,,,,,,,,,,,,36.66,36.438227272727275,,,,,,,,,,,,,,,,,,,,,,,,,,,,,,,,,,,,,,,,,,,,,,,,34.66,34.36138636363636
1999-09,,,,,,,,,,,,,,,,,,,,,,,,,,,,,,,,35.768,36.28222727272727,,,,,,,,,,,,,,,,,,,,,,,,,,,,,,,,,,,,,,,,,,,,,,,,33.4775,34.56945454545454
1999-10,,,,,,,,,,,,,,,,,,,,,,,,,,,,,,,,36.67,36.67061904761905,,,,,,,,,,,,,,,,,,,,,,,,,,,,,,,,,,,,,,,,,,,,,,,,34.755,34.26697619047619
1999-11,,,,,,,,,,,,,,,,,,,,,,,,,,,,,,,,36.113,36.36031818181819,,,,,,,,,,,,,,,,,,,,,,,,,,,,,,,,,,,,,,,,,,,,,,,,35.785,35.21061363636363
1999-12,,,,,,,,,,,,,,,,,,,,,,,,,,,,,,,,36.034,36.03634782608696,,,,,,,,,,,,,,,,,,,,,,,,,,,,,,,,,,,,,,,,,,,,,,,,35.835,35.63639130434783
2000-01,104.8349,103.96167,25.97,25.2215,,,19.4,12.5,3.5,0.0,34.2,,-30.9,-21.0,-15.2,-17.9,-36.0,30.5,-19.0,-32.0,-9.9,58.0,,6.4,17.2,12.6,10.8,-3.1,42.4,,9.1,35.902,36.013333333333335,20.2,29.6,,,,,,,,,5.71,5.62975,6.03,5.923684210526315,6.36,6.2204999999999995,,,,,-37.9,59.5,-5.1,-17.5,45.2,8.2,91.0915,90.967845,46.2,52.3,20.44,19.988181818181815,22.44,21.572499999999998,,-3.1,5.41,5.416190476190476,27.9,-4.1,24.2,,,,,,,37.005,35.54695238095238
2000-02,103.9742,105.578385,28.09,27.02809523809524,,,22.9,8.8,2.4,0.0,22.4,,-35.8,-21.5,-15.1,-19.4,-37.1,42.5,-19.9,-31.5,-8.4,53.9,,8.7,15.2,16.3,12.7,-5.5,46.7,,9.3,35.605,35.68814285714286,17.7,28.0,,,,,,,,,5.49,5.605714285714286,5.795,5.962857142857144,6.085,6.282619047619048,,,,,-40.6,59.6,-3.1,-12.2,45.7,8.1,87.289,90.27784499999999,50.3,53.8,21.24,20.875,23.46,23.08428571428571,,-2.4,5.36,5.385238095238095,30.9,23.7,24.2,,,,,,,36.905,36.2547619047619
2000-03,109.8148,107.61881304347826,24.77,27.272608695652174,,,16.6,12.4,3.0,0.0,33.3,,-33.8,-23.4,-15.6,-24.8,-39.3,41.5,-22.2,-31.0,-6.5,50.5,,14.6,29.2,17.7,16.8,-4.6,39.6,,9.3,36.141,35.65347826086956,22.2,30.4,,,,,,,,,5.36,5.440227272727273,5.46,5.622727272727273,5.58,5.854318181818181,,,,,-41.0,59.6,-1.5,-18.6,45.8,8.1,87.6163,88.85514782608696,55.8,54.3,,,23.65,23.93,,-2.3,5.33,5.349565217391305,35.4,20.9,34.2,,,,,,,37.809,36.93893478260869
2000-04,108.3189,109.3971052631579,23.89,23.136111111111106,,,24.5,15.0,4.6,0.0,32.6,,-33.8,-20.6,-13.7,-20.1,-37.5,43.5,-18.0,-30.5,-5.7,48.5,,12.0,21.2,18.2,14.3,-2.1,48.4,,9.0,36.351,36.3371,19.8,23.5,,,,,,,,,5.34,5.3406666666666665,5.41,5.422666666666667,5.495,5.5346875,,,,,-39.7,59.6,-1.2,-14.3,37.6,8.0,86.3142,85.04530526315791,49.8,54.3,21.43,21.173333333333332,22.88,22.678333333333335,,-3.4,5.33,5.3315789473684205,8.9,28.7,28.0,,,,,,,39.95,38.42739000000001
2000-05,109.0366,112.55672272727274,28.31,27.479523809523805,,,24.7,14.3,4.4,0.0,34.6,,-33.2,-18.8,-13.0,-13.8,-32.4,35.5,-17.5,-31.0,-7.5,47.1,,20.4,26.2,12.7,12.6,-0.1,38.4,,9.1,36.232,36.569173913043485,19.1,27.1,,,,,,,,,5.41,5.381428571428573,5.55,5.497380952380952,5.77,5.657142857142857,,,,,-40.7,59.5,0.1,-12.5,38.1,8.0,85.2504,88.05048636363635,54.3,55.2,23.0,22.21272727272727,24.86,24.806190476190473,,-7.2,5.32,5.322999999999999,45.9,34.5,29.6,,,,,,,38.643,40.27702173913044
2000-06,103.374,107.98158636363634,30.57,29.76090909090909,,,29.0,17.9,4.2,0.0,31.0,,-25.9,-18.6,-10.3,-16.0,-30.5,41.5,-16.7,-31.4,-9.7,43.8,,29.0,18.2,10.0,11.7,2.1,40.5,,8.7,35.592,35.96031818181819,27.0,31.8,,,,,,,,,5.44,5.4475,5.72,5.7102272727272725,6.02,5.972499999999999,,,,,-40.8,59.8,-0.5,-20.4,38.6,8.0,86.6796,85.2841,55.2,54.8,,,26.35,25.91409090909091,,-6.9,5.33,5.327142857142857,55.8,26.9,31.5,,,,,,,37.325,37.844454545454546
2000-07,101.8064,102.38724736842106,26.93,28.666190476190472,,,32.8,11.8,4.0,2.8,31.0,,-31.0,-20.1,-15.1,-16.2,-29.8,24.5,-17.4,-31.9,-13.4,38.6,,19.6,32.2,19.5,14.7,0.3,28.4,,8.6,35.413,35.61195238095239,25.0,27.8,,,,,,,,,5.485,5.465714285714285,5.715,5.701904761904762,5.925,6.001250000000001,,,,,-42.2,60.0,0.4,-17.0,41.6,7.9,88.4663,87.7527947368421,47.1,55.4,23.88,24.134545454545457,25.35,26.00904761904762,,-7.7,5.35,5.348947368421052,45.2,18.1,28.0,,,,,,,38.205,37.90471428571429
2000-08,107.863,103.77352173913042,31.72,30.225454545454546,,,23.8,11.8,3.8,2.8,31.7,,-30.8,-17.7,-11.0,-14.6,-28.8,43.5,-15.4,-29.9,-9.0,37.0,,9.7,29.2,19.4,11.0,0.6,36.4,,8.6,35.288,35.34578260869566,25.2,27.8,,,,,,,,,5.465,5.471739130434783,5.675,5.675869565217392,5.915,5.906363636363636,,,,,-44.6,59.9,1.7,-16.1,41.5,7.9,90.9946,88.43482173913044,53.5,58.2,24.83,24.5575,28.1,26.841363636363635,,-7.9,5.34,5.337391304347825,33.3,14.0,24.0,,,,,,,39.8,39.097347826086946
2000-09,105.1976,105.490065,29.84,32.33047619047619,,,30.8,14.7,6.3,0.0,34.9,,-21.7,-17.3,-10.0,-14.6,-22.6,37.5,-14.9,-29.9,-7.7,35.6,,19.1,23.2,4.7,6.2,1.7,27.3,,8.3,35.637,35.423761904761896,34.2,35.0,,,,,,,,,5.52,5.501111111111111,5.73,5.692368421052632,5.94,5.913333333333333,,,,,-44.1,60.0,0.6,-20.5,41.3,7.9,91.7698,92.71761999999998,56.2,58.0,,,28.4,29.257142857142856,,-9.2,5.36,5.342,36.8,28.1,19.4,,,,,,,40.252,40.68995238095238
2000-10,103.502,106.07358636363637,30.76,31.385909090909095,,,25.4,13.1,4.9,0.0,34.0,,-37.5,-15.2,-8.9,-9.1,-28.4,39.5,-13.0,-29.9,-6.4,33.7,,15.2,20.2,20.5,11.3,0.4,39.5,,8.4,34.865,35.24031818181818,33.1,30.8,,,,,,,,,5.555,5.534772727272728,5.815,5.780714285714286,6.025,5.992272727272726,,,,,-42.5,59.9,1.5,-21.7,50.4,7.8,84.2432,86.65094545454545,60.8,58.5,25.33,26.279999999999998,27.44,28.984090909090913,,-8.8,5.39,5.3877272727272745,38.7,30.9,21.0,,,,,,,41.0615,41.27525
2000-11,108.6373,106.80917,31.88,32.38227272727272,,,18.4,12.9,6.5,0.0,27.5,,-17.6,-15.2,-6.9,-8.8,-19.1,47.5,-12.7,-32.3,-2.3,29.2,,12.1,15.2,21.2,14.9,-0.3,44.7,,8.6,34.632,34.614727272727265,33.3,33.3,,,,,,,,,5.685,5.612857142857144,5.945,5.857954545454546,6.215,6.097727272727273,,,,,-42.0,60.0,0.5,-20.9,50.8,7.8,84.6778,83.914105,61.0,58.0,25.92,25.716363636363642,27.68,28.013181818181817,,-8.9,5.43,5.409545454545455,18.9,32.7,31.8,,,,,,,39.707,40.45130454545455
2000-12,109.4433,108.47484999999999,23.87,25.97,,,14.2,14.1,4.7,0.0,25.8,,-12.4,-21.2,-15.4,-18.7,-16.6,45.5,-16.0,-34.7,0.7,24.4,,4.6,23.2,19.8,17.0,0.5,36.0,,8.2,35.058,34.866142857142854,31.2,32.6,,,,,,,,,5.61,5.643529411764706,5.82,5.894117647058823,6.05,6.1475,,,,,-40.9,60.6,-0.7,-17.4,49.2,7.7,84.6406,86.58864000000001,55.2,59.9,,,23.4,24.66894736842105,,-9.0,5.4,5.419473684210527,23.4,5.0,35.6,,,,,,,37.275,38.68582857142857
2001-01,105.3684,107.6416380952381,26.66,25.839090909090906,,,13.9,12.8,5.4,0.0,30.4,,-10.2,-16.0,-7.6,-5.6,-16.1,47.5,-13.6,-37.2,3.5,19.6,,9.1,23.2,20.0,16.9,7.0,22.5,,8.3,34.685,35.089695652173916,26.9,31.1,,,,,,,,,5.26,5.400714285714286,5.26,5.504090909090909,5.3,5.650454545454545,,,,,-41.0,60.2,-1.4,-14.1,31.2,7.7,86.3461,84.50960952380953,55.0,59.8,23.1,23.068181818181817,24.53,24.214545454545455,,-9.8,5.32,5.344545454545454,32.9,28.1,38.2,,,,,,,37.095,37.377213043478264
2001-02,106.5669,105.77212631578948,25.57,27.634500000000003,,,25.4,12.9,8.5,0.0,20.6,,-12.8,-12.6,-4.9,3.1,-14.7,45.5,-15.6,-33.0,6.2,13.8,,3.7,13.2,22.1,15.5,3.4,23.8,,8.3,34.699,34.64055,27.9,33.1,,,,,,,,,5.005,5.223,5.005,5.240499999999999,5.025,5.27575,,,,,-42.0,60.6,-4.7,-24.2,26.2,7.7,82.9189,83.55586315789473,54.8,59.1,24.75,24.47555555555555,24.91,25.801,,-8.6,5.08,5.265,39.8,-3.2,32.9,,,,,,,37.535,37.59796
2001-03,98.2772,103.52700454545453,24.74,25.448636363636357,,,25.6,17.6,11.3,0.0,22.9,,-10.6,-10.5,-2.6,-1.0,-10.1,43.5,-12.9,-25.6,8.1,12.4,,9.2,9.2,24.4,16.2,3.5,33.7,,8.1,34.668,34.586954545454546,29.0,34.5,,,,,,,,,4.83,4.909090909090909,4.82,4.931904761904763,5.73,5.013333333333334,,,,,-42.6,60.6,-7.4,-18.5,15.6,7.6,77.9545,81.17253636363635,60.8,59.6,,,24.3,25.176363636363632,,-8.1,5.01,5.048181818181818,36.4,26.6,36.7,,,,,,,39.32,38.05425
2001-04,101.0783,99.95775999999998,27.89,26.395789473684214,,,22.7,13.2,6.6,0.0,29.2,,-8.4,-9.0,-0.6,2.8,-10.7,29.5,-9.5,-28.7,8.4,6.5,,9.7,26.2,32.1,26.9,5.1,27.4,,8.2,34.552,34.552,31.3,35.7,,,,,,,,,4.92,4.890789473684211,4.915,4.888684210526316,4.915,4.899444444444446,,,,,-43.8,60.9,-11.6,-22.3,20.5,7.6,80.5099,79.35859500000001,56.8,59.9,24.33,24.29181818181818,26.13,25.565263157894737,,-9.8,5.01,5.007000000000001,23.9,10.4,52.9,,,,,,,38.945,38.6732380952381
2001-05,97.0562,99.97989545454544,29.34,28.58238095238095,,,25.9,16.0,8.0,0.0,21.6,,-8.3,-13.4,-7.5,0.8,-11.6,39.5,-12.3,-34.5,7.4,6.6,,5.8,8.2,38.1,25.7,6.3,33.4,,8.1,34.13,34.394956521739125,38.0,38.4,,,,,,,,,5.08,4.991521739130435,5.105,4.996956521739131,5.135,5.009130434782608,,,,,-44.2,61.1,-12.7,-24.3,21.7,7.7,79.2232,80.89945,59.1,60.2,24.44,24.49636363636364,26.24,26.354285714285716,,-12.3,5.05,5.025909090909092,27.1,10.6,43.3,,,,,,,40.355,39.30991304347826
2001-06,99.531,98.41273333333335,26.08,27.864761904761902,,,31.5,14.4,10.5,0.0,16.8,,-13.2,-11.2,-5.8,-2.0,-11.9,38.5,-14.9,-22.2,-8.6,10.3,,0.2,4.2,40.5,24.2,7.6,31.5,,8.1,33.873,33.96561904761906,40.1,37.2,,,,,,,,,5.21,5.175238095238095,5.36,5.303333333333334,5.475,5.373333333333333,,,,,-45.0,61.2,-15.6,-23.4,19.5,7.7,75.0375,77.34602857142856,59.0,59.7,,,25.08,25.76047619047619,,-12.8,5.1,5.09142857142857,13.5,6.8,35.5,,,,,,,39.9313,39.77633333333333
2001-07,105.4684,104.09941428571429,24.69,25.217727272727277,,,6.3,14.1,10.2,0.0,18.9,,-10.9,-10.4,-8.7,1.2,-11.8,46.5,-16.4,-17.5,-5.5,15.6,,3.1,3.2,31.4,18.6,7.6,43.4,,8.2,33.98,33.865772727272734,38.4,36.7,,,,,,,,,5.745,5.493,5.955,5.676,6.055,5.816000000000001,,,,,-43.3,61.4,-13.8,-25.2,11.0,7.8,71.4989,73.4241238095238,52.0,58.7,22.86,22.94545454545454,23.99,24.403181818181817,,-12.4,5.48,5.24,19.8,6.4,29.9,,,,,,,38.795,39.32074090909091
2001-08,104.2007,104.78275217391304,26.41,25.758181818181814,,,15.4,12.3,9.4,0.0,17.7,,-11.0,-10.4,-8.0,0.0,-11.0,24.5,-17.6,-16.1,-5.4,16.6,,7.1,10.2,37.5,19.9,9.5,38.3,,8.2,34.347,34.04634782608696,37.8,38.5,,,,,,,,,5.72,5.829999999999999,5.78,6.011818181818182,5.905,6.1247727272727275,,,,,-44.1,61.2,-16.2,-25.5,10.0,7.8,71.3797,71.26686086956522,56.1,60.3,23.24,23.50666666666667,24.97,24.69363636363636,,-13.0,5.5,5.565652173913046,35.4,15.7,29.7,,,,,,,37.6163,37.73878260869566
2001-09,97.2651,99.84001875000001,23.26,26.1305,,,21.0,14.0,6.8,1.6,30.3,,-13.9,-9.9,-6.3,-1.2,-14.6,38.5,-17.5,-14.7,-3.0,17.5,,5.1,7.2,22.5,15.1,12.7,30.1,,8.2,33.941,34.15835,35.0,40.8,,,,,,,,,5.31,5.490526315789474,5.43,5.586842105263158,5.445,5.671944444444445,,,,,-47.8,61.1,-20.6,-29.8,7.0,7.9,66.8948,68.3745875,56.4,59.7,,,22.95,24.6265,,-15.7,5.33,5.406842105263158,23.6,18.1,30.4,,,,,,,37.2328,37.444464999999994
2001-10,94.8995,95.12402173913043,20.37,21.473478260869566,,,13.1,15.2,7.7,0.0,19.9,,-6.3,-8.0,-3.0,-2.9,-8.5,33.5,-12.8,-13.4,4.7,13.9,,-5.8,-3.8,27.8,20.0,13.1,16.4,,7.8,33.598,33.58117391304348,31.3,39.3,,,,,,,,,4.89,5.153695652173914,4.82,5.156739130434782,4.84,5.175652173913044,,,,,-47.0,60.9,-23.4,-32.3,-0.8,8.0,64.0957,65.71584782608697,63.8,59.7,20.57,20.94181818181818,20.59,21.64652173913044,,-14.6,5.2,5.290434782608695,23.6,-2.8,39.8,,,,,,,37.3094,37.038726086956515
2001-11,102.2512,99.23943,19.14,19.207272727272724,,,6.8,13.2,10.7,0.0,19.3,,-6.3,-6.6,-1.6,-1.5,-8.9,33.5,-13.7,-9.7,6.6,20.3,,-8.5,1.2,37.6,17.1,14.1,49.7,,7.9,33.116,33.27377272727272,30.7,36.5,,,,,,,,,4.6,4.7488636363636365,4.6,4.685681818181819,4.61,4.691136363636363,,,,,-45.6,60.8,-23.3,-27.8,-10.2,8.0,73.4601,68.398995,64.5,60.1,18.41,20.103636363636365,19.53,19.536818181818184,,-15.7,4.77,5.083333333333332,7.2,18.7,40.3,,,,,,,36.955,37.471109090909096
2001-12,98.2955,99.99842631578947,19.9,19.062105263157893,,,16.1,16.1,6.6,0.0,19.3,,-13.1,-6.3,0.0,-1.5,-14.6,36.5,-13.9,-9.7,5.2,20.1,,-2.3,15.2,41.5,26.1,17.0,35.0,,8.0,31.715,32.41809523809525,29.2,36.8,,,,,,,,,4.33,4.4784375,4.33,4.4909375,4.34,4.5015625,,,,,-43.0,61.5,-19.5,-28.5,-6.9,8.1,68.8484,69.51892631578947,55.0,60.8,,,19.78,19.448421052631577,,-14.8,4.62,4.689444444444444,10.5,6.1,41.4,,,,,,,35.6018,36.36260476190476
2002-01,97.3913,100.73646666666666,19.18,19.931818181818183,,,-9.2,14.3,7.1,0.0,12.7,7901.0,-4.9,-6.0,-1.8,2.8,-12.3,36.5,-9.9,-15.2,7.2,13.2,,3.5,16.2,46.1,23.9,23.3,47.6,,7.4,31.774,32.00686956521739,33.7,31.1,,,,,,,,,4.255,4.338863636363636,4.315,4.368409090909091,4.445,4.438863636363636,,,,,-52.2,61.5,-21.7,-29.9,-5.2,8.1,72.8064,71.83245238095238,53.9,58.5,19.73,19.455454545454547,19.61,19.715454545454545,16166.0,-17.9,4.4,4.551363636363637,22.0,19.6,33.3,,,,,,,37.0643,36.263156521739134
2002-02,97.9727,98.77013157894737,21.33,20.317500000000003,,,-2.9,15.4,8.3,0.0,16.5,7609.0,-9.6,-4.7,1.3,1.4,-10.3,29.5,-9.8,-11.6,6.6,21.2,,-3.4,12.2,47.7,22.5,18.6,42.8,,7.5,31.589,31.796850000000006,41.5,22.9,,,,,,,,,4.205,4.212249999999999,4.275,4.278,4.435,4.4350000000000005,,,,,-49.1,61.7,-19.0,-33.4,-1.9,8.2,73.0204,72.64729473684211,54.6,59.8,20.4,20.144444444444442,20.87,20.235500000000002,16101.0,-15.4,4.3,4.301499999999999,29.2,19.4,32.5,,,,,,,36.3704,36.51479500000001
2002-03,103.6522,102.39953499999999,25.92,24.164,,,5.9,11.2,7.7,0.0,19.0,9970.0,-11.4,-6.5,0.2,1.7,-12.1,24.5,-11.1,-16.6,2.4,27.2,,5.3,13.2,37.8,20.4,18.2,37.7,,7.5,30.905,31.360523809523805,43.3,20.7,,,,,,,,,4.325,4.331000000000001,4.495,4.48675,4.715,4.684500000000001,,,,,-49.3,61.8,-16.5,-33.5,0.9,8.2,75.8319,75.49108999999999,59.3,59.6,,,24.63,23.339999999999996,16196.0,-13.1,4.3,4.30095238095238,33.8,12.1,30.4,,,,,,,35.455,35.78613333333333
2002-04,99.897,101.9018818181818,26.47,25.993809523809524,,,22.2,21.8,6.5,0.0,13.0,11336.0,0.4,-1.0,2.3,7.2,-4.5,23.5,-4.0,-9.4,3.3,26.3,,0.0,11.2,34.6,22.2,18.9,47.4,,7.0,30.514,30.363363636363633,48.6,27.9,,,,,,,,,3.87,4.145714285714284,4.03,4.25452380952381,4.21,4.46095238095238,,,,,-50.4,61.8,-16.0,-32.4,-2.1,8.3,75.2191,74.95510000000002,58.9,60.2,23.6,23.12,24.95,24.323333333333334,15541.0,-10.7,3.81,4.2090476190476185,30.9,11.5,39.2,,,,,,,33.9135,34.243804545454545
2002-05,107.3979,102.43027272727272,24.45,25.673636363636362,,,26.6,16.7,10.8,0.0,16.2,13294.0,-7.4,-2.4,1.0,8.3,-6.3,24.5,-9.5,-9.5,1.0,26.3,,0.8,7.1,32.7,26.5,19.5,46.4,46.5,7.1,30.411,30.542043478260865,50.9,21.3,,,,,,,,,3.88,3.8736363636363644,4.02,4.048260869565217,4.23,4.2488636363636365,,,,,-50.3,61.8,-14.6,-32.7,-6.5,8.4,75.357,73.72501363636364,59.1,60.5,24.01,23.715454545454545,23.62,24.634545454545457,15354.0,-9.7,3.81,3.813333333333334,19.2,5.1,56.3,,,64.3,45.6,29.6,-16.4,32.5465,33.28492173913044
2002-06,112.0532,106.69121,25.58,24.613888888888887,,,22.6,16.6,9.9,1.5,15.7,13437.0,-1.6,-3.0,1.3,5.3,-3.5,18.5,-8.5,-10.0,0.5,24.5,,3.2,6.1,33.1,25.0,20.1,41.6,43.9,7.4,29.416,30.283200000000004,55.4,19.3,,,,,,,,,3.45,3.735555555555556,3.51,3.874,3.65,4.04638888888889,,,,,-49.6,61.8,-14.9,-37.5,-10.4,8.5,76.6486,75.73796999999999,57.8,60.1,,,24.52,24.17,15881.0,-11.8,3.65,3.7760000000000007,27.8,11.0,50.5,,,64.5,38.6,28.6,-1.4,29.668,31.6824
2002-07,117.8115,115.55200952380953,25.44,25.68086956521739,,,30.2,16.3,8.4,0.0,12.5,13397.0,-2.0,-3.4,-1.3,4.3,-5.2,17.5,-8.0,-8.6,-11.2,24.5,,2.9,6.0,38.5,26.0,15.4,41.5,53.0,7.1,30.327,29.75286956521739,56.7,17.1,54.0,17.0675,66.0,23.26928571428571,,,,,3.085,3.294565217391304,3.185,3.3553478260869567,3.34,3.471956521739131,,,,,-51.2,62.0,-15.1,-39.1,-12.6,8.6,70.046,73.98870000000001,57.1,61.5,23.36,23.522727272727273,24.44,24.59739130434782,14771.0,-11.5,3.08,3.3654545454545453,29.4,18.0,50.5,,,77.5,42.7,38.6,-2.4,30.948,29.969495652173915
2002-08,124.065,121.7523909090909,27.47,26.354761904761908,,,23.8,17.7,7.7,1.5,11.2,13223.0,-0.3,-6.6,-4.1,-3.9,-6.1,18.5,-9.7,-8.8,-9.2,24.1,,3.2,12.7,37.1,24.6,12.6,27.2,39.1,7.2,30.409,30.78577272727273,60.0,16.9,3.29,6.204473684210527,3.51,7.19657894736842,,,,,3.005,3.028863636363636,3.06,3.087045454545455,3.125,3.202954545454545,,,,,-48.3,61.9,-16.3,-33.8,-14.8,8.7,70.9098,70.47445,53.2,60.5,24.24,23.61090909090909,26.03,25.069523809523805,14813.0,-9.8,3.04,3.0554999999999994,18.9,11.2,51.3,,,59.5,42.0,15.6,-2.4,30.9615,31.473854545454547
2002-09,124.4861,128.18515,28.75,28.29047619047619,,,24.6,18.5,11.3,0.0,10.6,14645.0,-5.4,-8.7,-3.9,-13.4,-4.3,28.5,-9.2,-8.5,-2.8,29.0,,0.5,5.2,31.5,23.2,11.6,28.0,37.8,7.2,30.323,30.201333333333327,60.8,14.9,2.69,3.010714285714286,2.77,3.1649999999999996,,,,,2.56,2.81,2.56,2.8109523809523815,2.63,2.8861904761904764,,,,,-46.5,61.8,-16.8,-39.2,-11.7,8.9,68.6928,70.47556,61.6,61.8,,,25.83,26.050952380952385,14798.0,-9.3,2.88,2.9904761904761905,16.5,0.2,52.3,,,56.3,41.5,15.6,-22.4,30.7287,30.797457142857144
2002-10,128.7602,126.34281739130437,25.72,27.358260869565207,,,19.6,18.5,8.4,0.0,10.7,14162.0,-7.0,-10.3,-5.2,-6.6,-5.3,27.5,-14.4,-15.1,6.9,35.4,,4.5,3.2,20.8,18.9,7.4,22.3,41.6,7.1,30.764,30.65860869565217,59.2,15.1,2.82,2.8542105263157898,2.01,2.9363157894736838,,,,,2.61,2.634347826086957,2.6,2.628913043478261,2.69,2.705652173913043,,,,,-49.1,61.7,-16.0,-39.1,-15.3,9.0,73.8111,70.73182608695653,65.4,62.4,23.05,23.228181818181817,24.21,25.211304347826083,14579.0,-13.4,2.72,2.82,22.5,8.2,47.6,,,69.2,40.0,15.6,-20.4,31.0681,31.246513043478263
2002-11,129.4426,128.5399105263158,25.16,24.264285714285716,,,16.4,16.5,8.7,0.0,8.3,12017.0,-0.8,-7.7,-2.9,-2.2,-3.6,20.5,-10.7,-14.9,-2.0,30.4,,1.6,5.2,18.9,19.4,3.9,16.8,45.2,7.5,30.831,30.74033333333333,58.6,16.1,2.875,2.8505000000000003,3.09,2.9134210526315782,,,,,2.63,2.6157142857142857,2.64,2.6423809523809525,2.735,2.712380952380952,,,,,-50.2,61.5,-15.4,-35.3,-14.0,9.1,76.0029,74.5618105263158,67.6,63.4,22.3,22.354000000000003,23.79,23.32428571428572,14442.0,-7.5,2.75,2.7728571428571422,18.6,3.9,50.0,,,65.3,35.6,34.6,-16.4,30.9874,30.68561904761905
2002-12,124.3791,126.35862857142857,28.66,27.479000000000003,,,27.4,19.7,11.0,1.4,11.4,9831.0,-7.1,-8.5,1.0,-5.0,-1.8,17.5,-9.8,-20.4,7.5,36.8,,1.5,9.2,29.1,20.5,2.5,27.0,46.8,7.4,31.542,31.203363636363644,59.0,17.7,2.69,2.7375,2.93,2.93425,,,,,2.455,2.498529411764706,2.46,2.5064705882352944,2.565,2.6059375,,,,,-51.3,62.2,-16.9,-39.3,-14.5,9.2,72.5298,74.70591904761906,59.0,63.6,,,24.83,24.828,13812.0,-9.7,2.59,2.633157894736842,15.9,12.9,45.2,,,67.0,39.8,33.6,-33.4,30.0658,30.558513636363635
2003-01,128.2665,125.84982,31.1,30.33909090909091,,,-9.7,21.6,10.1,0.0,6.1,6919.0,-4.7,-7.9,-0.9,-6.9,-8.0,25.5,-9.6,-14.4,-1.0,39.1,,3.9,12.4,31.3,20.4,1.2,21.7,41.5,7.2,31.496,31.492869565217386,60.7,17.7,2.69,2.7204545454545452,2.48,2.850227272727272,,,,,2.515,2.5488636363636363,2.515,2.5454545454545454,2.545,2.584318181818182,,,,,-52.1,62.1,-17.8,-39.0,-15.0,9.4,79.2989,76.904475,57.3,61.9,24.93,24.468181818181822,27.25,26.193181818181824,14017.0,-11.4,2.55,2.6604545454545456,22.7,-0.2,45.1,,,61.6,38.4,24.6,-17.4,29.255,29.63860434782608
2003-02,126.6576,128.6141842105263,32.79,32.1775,,,5.1,14.2,10.3,0.0,10.3,7759.0,0.3,-9.0,-3.5,-3.1,-3.6,28.7,-11.4,-17.9,-8.1,36.5,,4.3,10.4,33.7,19.9,5.6,28.0,40.6,7.3,31.825,31.627750000000002,56.0,18.0,2.3,2.480882352941176,2.41,2.601111111111111,,,,,2.245,2.3342105263157893,2.235,2.327,2.235,2.3568421052631576,,,,,-51.2,62.5,-16.1,-31.9,-13.1,9.5,79.6281,78.74394736842105,56.0,61.5,25.5,25.25,28.06,27.950499999999995,13796.0,-13.2,2.39,2.45,27.5,8.3,42.3,,,59.5,31.5,30.6,-23.4,29.454,29.358719999999995
2003-03,124.1955,124.73936666666665,27.18,29.56047619047619,,,30.1,12.8,9.6,0.0,12.0,10276.0,9.2,-7.9,-2.8,-1.1,0.0,27.3,-9.6,-18.0,-5.6,42.4,,5.2,5.2,36.1,18.0,0.5,30.8,42.0,7.6,32.052,31.75347619047619,56.7,22.1,2.355,2.2419523809523803,2.31,2.332142857142857,,,,,2.29,2.265952380952381,2.29,2.274285714285714,2.33,2.3076190476190477,,,,,-49.0,62.6,-17.7,-34.4,-9.5,9.6,73.8968,77.53501904761904,61.2,61.4,,,25.05,26.618095238095233,13770.0,-15.1,2.4,2.3928571428571432,24.2,7.5,34.8,,,58.8,32.7,34.7,-20.4,29.373,29.422376190476196
2003-04,127.511,126.85758095238096,23.68,24.753499999999995,,,35.6,16.4,8.4,0.0,7.5,11394.0,-0.1,-8.3,-2.5,-7.0,-4.6,22.0,-11.0,-12.5,-3.5,40.5,,8.7,9.9,45.1,20.1,9.1,16.9,43.6,7.5,31.487,31.645227272727276,54.8,19.2,2.53,2.4397727272727274,,,,,,,2.45,2.364318181818182,2.44,2.369545454545454,2.47,2.4265909090909092,,,,,-46.6,62.4,-18.1,-32.0,-0.1,9.7,75.6072,74.60212380952379,61.1,63.0,23.14,23.36875,23.71,24.179,13992.0,-13.0,2.48,2.4452380952380945,32.5,21.7,35.7,,,59.9,38.2,32.7,-19.4,28.159,29.113077272727274
2003-05,125.8508,129.13359047619048,26.32,25.455,,,26.8,20.0,7.9,1.5,7.5,12835.0,-2.0,-10.9,-5.0,-6.0,-7.6,24.3,-10.0,-22.7,-0.3,41.1,,5.5,0.7,40.6,22.6,-2.2,17.7,40.3,7.8,31.373,31.429590909090916,52.7,10.0,2.35,2.4699999999999998,,,,,,,2.24,2.3508181818181817,2.24,2.3555909090909086,2.26,2.3819545454545454,,,,,-47.7,62.2,-18.8,-27.6,-4.6,9.7,79.9627,77.61065238095237,58.8,61.8,23.85,23.579,24.77,24.527499999999996,13559.0,-12.6,2.42,2.4539999999999997,23.8,12.8,44.9,,,55.6,33.7,31.7,-14.4,26.645,27.160231818181817
2003-06,120.9662,123.62907619047617,28.33,27.288571428571426,,,33.5,17.0,14.4,1.5,10.1,14402.0,0.3,-9.7,-4.3,-7.4,-5.2,16.9,-11.4,-15.9,3.3,37.6,,3.8,0.0,29.6,18.9,4.6,15.4,44.1,7.8,31.61,31.41780952380953,51.4,8.4,2.19,2.224285714285714,,,,,,,2.155,2.1594285714285713,2.135,2.143333333333333,2.135,2.159523809523809,,,,,-47.1,62.4,-18.6,-29.7,2.9,9.8,76.5362,78.74434285714287,61.2,62.1,,,26.29,25.38952380952381,13592.0,-12.3,2.25,2.3328571428571427,13.6,7.2,44.8,,,63.9,37.6,30.8,-14.4,27.51,26.93055238095238
2003-07,118.7951,119.59977727272727,28.37,28.364347826086956,,,32.6,15.6,10.2,1.6,7.3,14350.0,-5.0,-13.2,-11.6,-14.0,-6.3,12.3,-14.0,-13.2,4.8,43.7,,1.9,-0.9,26.0,18.8,7.6,13.7,41.0,7.8,32.342,31.9096956521739,51.3,9.4,2.33,2.266086956521739,2.64,2.645,,,,,2.055,2.175217391304348,2.065,2.180434782608695,2.125,2.2128260869565217,,,,,-48.4,62.5,-19.3,-30.6,4.7,9.8,83.3471,79.90532727272728,58.5,62.3,24.71,24.65909090909091,26.4,26.433478260869567,13376.0,-11.7,2.26,2.251739130434782,11.3,9.0,50.1,,,59.3,27.7,35.9,-14.4,28.7893,28.060708695652178
2003-08,129.5286,124.27000952380952,29.49,29.443,,,40.6,21.2,13.3,1.5,5.8,14676.0,-0.2,-13.8,-10.4,-12.9,-3.5,11.5,-13.0,-18.9,8.2,38.5,,0.0,4.6,28.1,19.0,14.6,26.4,44.3,7.9,32.47,32.29671428571429,52.5,11.8,2.62,2.5095238095238095,2.74,2.8725,,,,,2.145,2.10452380952381,2.255,2.1905238095238095,2.465,2.3592857142857144,,,,,-46.4,62.6,-16.0,-27.7,11.8,9.8,81.7329,81.45929047619049,55.8,64.1,25.15,25.348000000000003,26.99,27.154500000000002,13411.0,-12.4,2.06,2.058095238095239,11.4,9.3,46.8,,,68.8,32.0,32.1,-24.4,29.5762,28.966471428571428
2003-09,134.2977,130.47787142857143,27.61,26.807272727272732,,,40.8,18.2,8.0,3.0,9.8,15994.0,-7.4,-8.0,-3.5,-11.7,-6.9,16.6,-11.7,-5.2,-3.4,48.7,,-0.9,8.9,23.2,18.2,5.6,36.7,42.5,8.1,31.898,32.33631818181819,51.7,13.4,2.47,2.7833333333333328,,,,,,,2.03,2.114818181818182,2.04,2.2197727272727272,2.14,2.4094545454545453,,,,,-45.9,62.5,-13.9,-25.0,12.8,9.8,82.6894,82.7631,66.0,64.3,,,25.68,25.388636363636355,13437.0,-9.8,2.05,2.0600000000000005,10.3,8.8,42.1,,,65.4,38.5,23.5,-24.4,27.3624,28.74404545454545
2003-10,144.6003,138.1007739130435,27.7,28.97086956521739,,,45.0,16.2,10.9,3.2,6.0,15135.0,-10.6,-18.1,-15.2,-24.4,-8.7,14.1,-15.6,-17.2,-4.8,39.8,,4.8,6.2,33.3,19.1,3.5,36.8,43.0,7.9,32.028,31.997347826086955,53.3,10.8,2.47,2.4699999999999998,,,,,,,2.13,2.1002173913043483,2.36,2.2471739130434782,2.65,2.466217391304348,,,,,-47.7,62.4,-12.5,-22.1,13.8,9.8,92.8858,88.39949130434783,67.3,64.2,25.02,25.10181818181818,26.0,26.695652173913043,13482.0,-9.4,2.06,2.0568181818181825,17.2,34.7,33.6,,,62.9,41.0,25.2,-26.4,27.619,27.348769565217392
2003-11,142.9783,144.08068333333333,28.45,28.806500000000007,,,52.7,16.9,11.2,3.1,7.8,13449.0,-12.9,-15.3,-13.1,-17.7,-10.3,19.2,-12.2,-18.2,-2.5,38.0,,11.5,6.1,28.4,21.0,5.6,33.3,53.5,8.2,32.018,31.947449999999996,52.1,9.9,2.8,2.4865,26.72,23.016666666666666,,,,,2.18,2.14425,2.445,2.3744000000000005,2.745,2.6545499999999995,,,,,-46.4,62.3,-10.5,-19.9,16.8,9.8,91.5599,92.16642777777777,66.6,65.1,25.93,25.491111111111113,26.74,26.9675,13917.0,-9.5,2.07,2.068947368421053,30.9,11.0,43.2,,,75.4,43.6,41.6,-22.4,26.6937,27.285694999999997
2003-12,146.2695,146.3179,30.17,29.617142857142852,,,53.7,15.2,8.4,3.0,7.5,12150.0,-12.4,-17.1,-16.2,-21.1,-9.6,18.7,-15.0,-16.1,-4.0,39.0,,7.9,8.5,27.8,20.0,7.8,25.4,43.2,8.4,32.393,32.37086956521738,50.1,10.3,2.5,2.516666666666667,22.68,24.743749999999995,,,,,2.18,2.2011304347826086,2.4,2.425347826086956,2.68,2.723608695652174,,,,,-46.7,62.9,-11.5,-25.5,18.2,9.8,104.3448,98.94216190476192,63.6,67.3,,,28.51,27.899047619047618,13323.0,-10.3,2.09,2.0765000000000002,26.5,31.5,47.9,,,67.5,25.8,36.2,-22.4,25.7088,26.278234782608695
2004-01,153.4963,153.0682842105263,29.18,30.662857142857142,,,49.6,12.8,7.0,2.8,9.3,8692.0,-3.7,-16.7,-16.7,-19.3,-5.2,34.6,-16.8,-14.1,-1.9,41.6,,6.3,9.1,23.0,17.9,3.4,26.8,43.6,8.3,33.341,32.75222727272728,52.7,11.9,3.08,2.8608333333333333,3.39,9.22575,,,,,2.22,2.1874090909090906,2.52,2.3776363636363635,2.93,2.674545454545455,,,,,-45.2,62.9,-9.6,-25.0,2.6,9.8,108.161,105.5249157894737,60.4,66.6,26.88,27.55090909090909,27.98,28.921904761904763,12854.0,-7.3,2.07,2.067619047619048,21.1,25.3,43.4,,,70.0,18.4,42.5,-25.4,26.7279,26.00236818181818
2004-02,165.4959,156.73827368421053,32.23,30.343500000000006,,,42.4,15.6,12.3,1.7,10.2,8595.0,6.0,-20.2,-24.7,-23.6,-3.8,28.4,-22.2,-10.4,-4.9,47.8,,5.7,15.2,12.3,7.2,4.2,24.1,40.7,8.7,32.578,32.822950000000006,50.0,11.6,2.92,3.415,12.08,18.19789473684211,2.6,2.6,2.6,2.6,2.21,2.2208000000000006,2.42,2.4575,2.68,2.73815,,,,,-45.4,63.0,-9.1,-26.1,15.2,10.1,117.2321,113.30720000000001,62.3,68.7,27.57,27.09,30.36,28.8825,13430.0,-8.3,2.06,2.0640000000000005,17.8,21.5,24.4,,,65.3,23.4,33.3,-21.4,26.0306,25.98225
2004-03,167.7997,165.8285608695652,31.51,32.73173913043478,,,40.7,11.6,11.3,0.0,9.2,11971.0,1.7,-19.2,-22.4,-22.5,-4.9,34.1,-16.8,-15.3,-6.7,39.6,,7.8,16.3,25.4,17.2,5.4,34.6,36.7,8.3,32.83,32.96095652173913,48.9,10.8,2.81,3.194,40.87,22.034318181818183,,,,,2.11,2.1744782608695656,2.2,2.3260869565217392,2.365,2.5520869565217397,,,,,-46.0,63.2,-9.5,-30.1,8.1,10.3,116.7117,114.78590434782605,71.4,68.2,,,30.13,30.80434782608696,13266.0,-10.8,2.05,2.0543478260869557,25.4,13.7,37.5,,,57.7,30.7,21.7,-19.4,26.669,26.90087391304348
2004-04,166.932,166.35432857142857,34.48,32.976499999999994,,,33.5,15.2,20.3,1.5,7.5,13075.0,2.6,-18.6,-18.0,-20.1,-3.6,48.9,-16.8,-19.7,-1.5,28.5,,9.5,19.0,19.9,19.7,7.0,41.6,42.5,8.3,32.547,32.507681818181815,44.8,8.8,3.22,2.9800000000000004,3.47,17.396818181818187,,,,,2.38,2.1660454545454546,2.68,2.3475,3.0,2.608318181818181,,,,,-45.8,63.4,-7.4,-26.4,6.4,10.3,107.1081,112.80018095238096,67.8,69.2,30.26,29.80545454545454,32.34,31.311,13610.0,-8.0,2.11,2.0527272727272727,30.5,15.5,47.4,,,62.6,34.4,30.5,-9.4,27.181,27.092236363636367
2004-05,156.8326,160.430455,36.58,37.1978947368421,,,46.5,18.3,17.1,3.0,7.4,13981.0,3.5,-12.7,-14.4,-7.0,0.3,37.3,-15.8,-13.6,3.6,24.8,,7.1,17.4,17.1,16.1,5.4,35.8,44.4,8.6,31.675,31.951380952380948,46.3,13.8,3.31,3.2674999999999996,3.56,3.5454999999999997,,,,,2.515,2.4066666666666667,2.79,2.6738095238095236,3.095,2.978333333333333,,,,,-48.3,63.6,-7.4,-28.6,6.1,10.3,111.6999,106.41105,67.6,69.1,32.63,31.775555555555556,33.86,34.3755,13931.0,-4.2,2.24,2.146666666666667,26.6,19.8,41.8,,,63.2,35.9,34.0,-16.3,25.9899,26.592719047619045
2004-06,139.9552,148.29761904761904,34.5,35.51090909090909,,,47.8,22.3,8.9,0.0,7.5,14761.0,1.7,-15.8,-13.0,-6.5,0.7,29.9,-18.2,-25.7,6.7,28.2,,12.6,18.4,12.1,17.0,6.6,33.1,45.1,8.2,31.92,31.616772727272725,46.3,14.1,3.73,3.554166666666666,3.99,3.8266666666666667,,,,,2.84,2.5682727272727277,3.16,2.798863636363636,3.46,3.1154545454545453,,,,,-47.6,63.6,-8.2,-31.7,5.3,10.3,111.3087,109.49949047619046,69.9,68.4,,,33.76,34.092727272727274,13913.0,-4.0,2.45,2.328636363636364,30.8,24.3,45.4,,,64.8,34.8,35.8,-26.3,26.166,26.02729090909091
2004-07,126.7591,134.26995714285715,40.03,37.667272727272724,,,48.3,21.9,10.3,1.6,5.8,13012.0,-2.8,-8.2,-5.6,-4.1,-6.5,24.2,-13.5,-9.7,0.6,30.4,,10.2,13.2,20.8,18.1,12.6,26.5,45.6,8.1,31.667,31.559227272727277,44.9,12.2,3.69,3.6488888888888886,3.92,3.8912500000000003,,,,,2.75,2.8075909090909095,2.675,2.7434374999999998,3.32,3.4274090909090913,,,,,-49.0,63.8,-6.3,-29.1,7.3,10.3,113.3824,112.82012857142858,61.8,69.6,36.05,34.63545454545454,37.56,35.64909090909091,14085.0,-10.9,2.49,2.4725,24.0,20.8,42.5,,,64.4,34.0,38.5,-17.3,26.3555,25.726
2004-08,137.0149,131.00776818181816,39.61,41.752857142857145,,,49.1,18.8,9.6,0.0,4.5,14632.0,-3.7,-12.3,-10.0,-6.9,-5.2,20.6,-16.3,-16.1,2.9,26.9,,9.1,13.7,11.3,16.0,10.1,35.4,46.6,8.3,31.85,31.63722727272727,44.3,13.8,32.28,33.2875,41.38,42.635000000000005,,,,,2.925,2.868181818181818,3.145,3.1544444444444446,3.365,3.414772727272727,,,,,-49.0,63.9,-5.6,-29.9,3.9,10.4,110.3216,111.1954409090909,62.9,70.0,38.38,36.850909090909084,38.13,39.15904761904762,14209.0,-14.4,2.65,2.5672727272727265,23.0,16.1,48.1,,,62.4,36.5,40.8,-28.3,26.107,25.967204545454546
2004-09,127.5936,131.1482904761905,46.38,42.855909090909094,,,44.1,15.7,13.7,1.6,5.7,14958.0,-5.5,-14.0,-12.1,-13.9,-10.0,18.5,-17.1,-13.0,-5.7,25.0,,12.2,8.7,35.7,23.7,7.8,29.0,43.0,8.2,31.558,31.591000000000005,42.6,13.3,3.66,20.459285714285716,3.83,26.52714285714286,,,,,3.02,3.0209090909090914,3.26,3.2790000000000004,3.5,3.557045454545454,,,,,-49.0,63.6,-5.3,-28.6,8.2,10.4,123.5695,113.64774761904762,70.5,69.7,,,42.62,40.041818181818186,14746.0,-7.5,2.83,2.72,37.5,6.8,45.5,,,58.4,35.3,35.3,-26.3,25.372,25.83654090909091
2004-10,125.6326,126.45375714285713,48.98,49.37619047619047,,,54.0,17.9,16.3,1.5,5.6,13714.0,-2.8,-13.7,-8.8,-12.8,-8.2,18.7,-18.1,-15.1,-1.2,25.0,,10.6,9.3,31.8,24.0,6.9,32.4,40.9,8.6,31.5,31.482619047619043,39.5,11.6,,,,,,,,,2.76,2.90535,2.92,3.087380952380952,3.12,3.3157142857142854,,,,,-49.0,63.8,-5.2,-27.8,8.5,10.5,117.9409,118.11731904761903,71.0,69.9,44.12,44.127272727272725,46.44,46.0247619047619,15056.0,-10.9,2.61,2.6710000000000003,34.4,12.3,50.5,,,57.4,34.1,31.2,-28.2,24.614,25.178471428571427
2004-11,130.822,128.70026000000001,45.51,44.565909090909095,,,51.7,20.6,10.7,1.5,7.4,13501.0,-3.3,-11.0,-4.4,-10.8,-5.3,24.9,-14.8,-14.2,2.6,26.2,,14.1,19.4,25.6,19.5,12.0,26.7,38.2,8.3,31.01,31.27490909090909,43.0,11.9,3.115,3.2373076923076924,3.225,3.365,,,,,2.77,2.7758181818181815,2.89,2.9453636363636364,3.03,3.107409090909091,,,,,-48.2,63.5,-6.0,-27.3,10.3,10.6,123.3274,119.75721000000001,75.5,70.1,41.33,42.40909090909091,44.93,44.141818181818174,15345.0,-11.9,2.59,2.608095238095239,41.7,24.5,44.1,,,57.9,33.2,23.7,-28.2,23.3515,24.047777272727274
2004-12,133.0007,131.26062380952382,40.46,40.27857142857143,,,57.6,20.1,12.5,0.0,7.1,12730.0,-1.2,-7.6,-2.8,-4.5,5.4,17.9,-13.0,-10.0,3.9,18.4,,14.0,10.2,24.4,17.5,21.7,31.6,40.7,7.8,30.396,30.63121739130435,40.6,10.2,2.43,2.7864285714285715,2.5,3.017857142857143,2.59,2.59,2.68,2.68,2.79,2.7147826086956517,2.91,2.838043478260869,3.085,2.947826086956521,,,,,-48.6,64.3,-5.5,-23.4,3.2,10.7,129.5114,122.27198095238093,68.8,70.1,,,40.12,40.22380952380953,15118.0,-5.9,2.56,2.5686363636363647,37.0,24.7,41.3,,,61.0,32.9,28.0,-17.1,22.423,22.834386956521737
2005-01,127.7562,129.40054,45.92,44.4815,,,56.4,15.9,8.0,1.1,3.3,8713.0,1.8,-6.8,-3.5,2.6,3.3,23.9,-11.5,-14.9,7.8,21.7,,10.1,16.1,12.3,20.4,2.9,3.3,36.5,8.3,30.103,30.301190476190474,41.0,13.0,2.495,2.6885,2.655,2.6435,2.59,2.59,2.68,2.68,2.22,2.5907142857142853,2.26,2.6930952380952378,2.355,2.808333333333333,,,,,-47.4,63.9,-5.6,-24.1,7.7,10.7,125.9796,123.96237500000002,63.4,69.2,43.63,42.78454545454545,45.2,43.3035,15400.0,-4.1,2.3,2.5314285714285707,31.0,20.5,52.0,,,58.1,25.3,26.1,-23.8,23.082,23.113452380952378
2005-02,147.9723,133.87286842105263,50.06,45.8645,,,60.2,16.0,7.6,1.2,3.9,8056.0,-17.2,-6.1,-4.8,1.8,-6.2,25.3,-11.3,-10.0,0.9,22.2,,7.7,16.1,12.3,21.2,-5.1,-2.7,38.6,8.2,29.691,29.95015,41.8,13.6,2.26,2.346578947368421,2.4,2.483888888888889,2.565,2.565,2.69,2.69,2.03,2.1245000000000003,2.03,2.1390000000000002,2.1,2.212,,,,,-48.3,64.1,-7.4,-26.5,6.8,10.9,132.5179,127.6356789473684,63.4,69.2,46.27,43.374,48.32,45.1105,15940.0,-4.5,2.21,2.2459999999999996,22.9,21.2,54.3,,,57.6,31.5,26.6,-11.8,22.4465,23.010385000000003
2005-03,146.4079,149.01658181818183,54.29,53.272857142857134,,,50.6,10.6,3.2,0.5,3.4,10505.0,-2.4,-7.8,-3.5,1.8,-4.7,27.4,-9.3,-20.1,4.2,16.3,,6.3,9.9,21.6,17.5,9.4,5.3,38.8,7.8,30.047,29.796434782608696,41.4,14.3,2.23,2.2830000000000004,2.355,2.4290000000000003,2.485,3.0309999999999997,2.605,2.71,1.985,2.0171739130434783,2.0,2.063478260869565,2.165,2.2615217391304343,,,,,-46.3,64.4,-10.1,-32.5,4.6,10.9,133.797,133.27627272727273,70.4,69.3,53.2,50.81571428571428,54.69,52.5747619047619,16125.0,-4.0,2.06,2.083181818181819,23.0,12.6,41.8,,,58.4,34.7,23.4,-14.6,23.179,22.615856521739133
2005-04,147.2946,145.1386142857143,51.09,53.30714285714285,,,47.4,12.6,4.6,1.9,3.7,10879.0,3.2,-6.1,-5.1,0.4,-3.1,22.9,-13.0,-6.5,0.0,17.7,,4.1,4.3,20.1,14.7,5.8,9.2,38.4,8.1,30.542,30.15352380952381,42.4,15.8,2.43,2.43,2.5,2.5,2.59,2.59,2.68,2.68,1.77,1.943095238095238,1.865,1.999047619047619,1.99,2.243809523809524,,,,,-44.2,64.4,-10.5,-27.8,6.6,11.2,127.312,129.50172857142857,69.9,70.8,52.09,52.901428571428575,52.21,54.087142857142865,15927.0,-6.7,1.79,2.0266666666666673,20.7,4.5,40.4,,,57.4,35.2,22.6,-13.1,23.7345,23.29384761904762
2005-05,148.6247,144.95231428571427,50.73,49.674,,,47.3,13.6,3.5,1.3,6.2,13038.0,2.3,-6.5,-2.1,5.8,-2.7,19.2,-10.4,-19.4,0.9,7.0,,7.3,-1.7,20.4,17.4,10.1,17.7,44.6,8.1,30.358,30.22613636363636,41.3,16.4,1.96,2.033333333333333,2.145,2.2033333333333336,2.59,2.59,2.68,2.68,1.705,1.717727272727273,1.725,1.7590909090909093,1.835,1.8759523809523808,,,,,-42.2,64.6,-10.7,-27.5,9.0,11.2,125.5023,123.91026666666664,70.8,70.2,51.01,50.39750000000001,51.66,51.04799999999999,16094.0,-7.4,1.76,1.7772727272727271,29.7,19.8,41.7,,,60.3,40.2,33.4,-13.6,24.673,23.830299999999998
2005-06,150.1259,152.29225,55.58,55.41636363636364,,,45.5,18.0,4.3,3.7,4.8,13673.0,-1.0,-3.6,-1.8,5.6,-4.8,21.2,-8.0,-10.3,6.4,12.6,,6.7,-4.6,24.5,19.4,9.1,18.2,39.9,7.8,30.096,30.043000000000003,41.5,15.9,1.775,1.845,1.865,1.8638888888888892,2.0,2.1092857142857144,2.09,2.2242857142857146,1.66,1.6495238095238092,1.63,1.6559523809523808,1.73,1.7481818181818183,,,,,-44.6,64.7,-11.1,-27.0,7.7,11.2,123.3429,127.07501363636362,73.3,70.9,57.47,56.47727272727272,57.92,57.14727272727273,16714.0,-7.4,1.74,1.750909090909091,32.9,13.4,45.5,,,54.2,36.1,29.3,-17.8,24.8525,24.71330909090909
2005-07,152.0155,154.00888,59.37,57.94666666666666,,,42.2,15.5,5.9,3.0,5.7,12393.0,2.2,-3.2,-0.8,4.3,-2.9,11.0,-10.3,-6.1,-2.9,10.3,,9.7,1.4,22.3,19.4,4.6,12.6,42.5,7.8,30.175,30.193285714285707,43.3,20.0,2.11,1.9514285714285715,2.26,2.0946428571428575,2.41,2.230714285714286,2.54,2.3635714285714284,1.87,1.7816666666666663,1.96,1.8204761904761906,2.09,1.9178571428571425,,,,,-43.2,65.0,-8.9,-27.3,10.0,11.2,130.7153,126.842355,62.3,71.1,61.59,59.49809523809524,62.05,60.18619047619048,16691.0,-5.7,1.8,1.7752631578947367,35.8,15.4,44.4,,,55.5,38.8,33.0,-12.7,24.891,25.05967619047619
2005-08,141.581,145.97896521739133,67.02,63.800000000000004,,,47.4,14.8,6.2,1.0,6.4,14397.0,-3.6,-6.2,-4.2,2.0,-6.1,19.9,-11.7,-11.1,-0.9,17.8,,5.6,0.3,22.1,18.3,19.3,33.1,44.3,7.8,29.386,29.574217391304348,41.8,17.7,2.08,2.2066666666666666,2.16,2.3066666666666666,2.24,2.4133333333333336,2.33,2.526666666666667,1.77,1.7951363636363638,1.85,1.861363636363636,1.98,1.9896363636363636,,,,,-41.0,65.1,-8.0,-21.1,10.4,11.2,132.193,132.7443652173913,67.0,72.2,66.85,64.41363636363636,67.88,65.28000000000002,17482.0,-5.6,1.79,1.7913043478260868,27.9,14.7,44.2,,,59.9,39.6,33.4,-12.9,23.7955,24.04528260869565
2005-09,142.916,140.75313636363637,63.48,63.79954545454546,,,49.4,15.5,6.6,1.2,5.5,14296.0,-2.1,-6.3,-5.7,2.7,-3.2,23.1,-11.8,-10.4,7.2,18.2,,5.2,10.9,25.9,18.7,15.6,30.9,47.2,7.8,29.609,29.3235,44.8,21.3,2.27,2.117954545454545,2.43,2.261818181818182,2.57,2.410227272727273,2.7,2.562272727272727,1.87,1.785909090909091,1.98,1.8787272727272721,2.121,1.9900454545454545,,,,,-37.0,65.3,-6.3,-19.5,11.7,11.1,134.211,133.13454545454545,74.1,72.4,65.05,65.16454545454546,65.48,65.83181818181819,17663.0,-5.4,1.8,1.7954545454545447,23.3,23.6,40.9,,,62.8,38.4,40.3,-13.5,24.612,23.952395454545453
2005-10,139.67,144.09723809523808,58.1,59.49952380952381,,,46.8,22.0,12.2,1.2,5.7,13301.0,-0.2,-7.2,-4.2,-2.0,-1.2,22.4,-9.5,-13.0,2.2,13.6,,10.4,11.5,29.7,20.2,18.7,32.5,42.2,7.9,29.644,29.67666666666667,43.6,21.5,2.92,2.6019047619047617,3.04,2.7471428571428573,3.2,2.8821428571428576,3.44,3.0319047619047623,2.49,2.0652380952380955,2.701,2.2771904761904755,2.861,2.455285714285714,,,,,-34.9,65.4,-4.2,-21.2,12.1,11.0,140.423,138.40300000000002,74.8,72.6,59.65,61.09666666666668,59.46,61.22380952380953,17857.0,-3.6,2.21,1.9095238095238096,34.3,22.5,41.9,,,60.9,33.1,32.5,-13.9,24.706,24.672266666666662
2005-11,140.167,141.9010909090909,55.05,56.225,,,49.3,23.2,12.2,0.9,5.8,12045.0,2.2,-2.1,-0.9,5.4,-2.6,18.1,-7.9,-5.1,10.4,8.6,,9.7,8.0,30.9,21.7,18.4,29.2,40.6,7.8,28.936,29.25695454545455,41.7,21.1,2.88,2.9477272727272723,3.0,3.061363636363636,3.1,3.1604545454545456,3.18,3.2759090909090913,2.45,2.4990909090909095,2.69,2.699227272727273,2.78,2.855545454545455,,,,,-34.9,65.0,-5.1,-21.3,11.2,10.9,151.227,144.67122727272724,80.4,73.7,58.73,58.97636363636364,58.19,58.72272727272727,18320.0,-1.5,2.21,2.2454545454545456,37.5,24.4,45.5,,,59.2,32.4,30.1,-17.0,24.567,24.80255
2005-12,152.068,146.50876190476194,58.98,57.63142857142857,,,47.5,16.7,6.1,1.0,5.2,11645.0,0.7,-6.3,-2.6,-3.6,-5.9,19.7,-9.3,-9.9,7.7,9.2,,11.5,9.2,22.6,26.1,9.7,26.7,44.6,7.9,29.092,28.98436363636364,38.8,18.9,2.89,2.8422727272727277,2.98,2.9572727272727275,3.06,3.0650000000000004,3.15,3.179318181818182,2.385,2.430454545454545,2.64,2.633909090909091,2.78,2.764318181818182,,,,,-36.3,65.6,-3.8,-19.5,14.7,10.7,161.823,159.1727619047619,71.5,74.3,62.41,61.09761904761905,61.66,60.415238095238095,18149.0,-3.4,2.17,2.172272727272727,38.9,21.6,59.7,,,61.2,41.0,31.7,-12.5,24.5535,24.43852272727273
2006-01,160.646,155.81170000000003,65.99,63.857619047619046,,,49.7,13.1,4.5,0.8,8.1,8652.0,-7.5,-2.3,0.9,4.9,-8.8,29.4,-6.9,-7.9,7.5,1.9,,10.3,-0.2,22.2,18.0,10.3,23.1,44.6,7.9,28.367,28.69777272727272,39.4,18.8,2.62,2.662954545454545,2.76,2.749318181818182,2.91,2.8943181818181816,3.06,3.012954545454545,2.111,2.2391363636363635,2.271,2.399,2.461,2.5560454545454543,,,,,-31.6,65.3,-1.3,-14.1,14.5,10.6,178.399,170.2668,70.9,75.0,69.02,66.38285714285715,68.6,65.92809523809524,18817.0,-5.8,2.03,2.1363636363636362,34.6,16.6,40.2,,,61.9,33.5,38.4,-20.4,23.3255,23.67981818181818
2006-02,161.24,160.91484210526315,61.76,61.141999999999996,,,47.1,16.4,4.2,0.8,5.2,7577.0,-0.1,-3.5,-1.6,2.5,-6.1,31.2,-6.4,-8.6,8.7,7.5,,8.1,6.2,29.2,20.5,10.5,20.2,45.7,7.3,28.33,28.427950000000003,39.5,20.6,2.57,2.5185,3.1,2.723,2.95,2.8970000000000002,3.14,3.09175,2.042,2.02345,2.2,2.1600500000000005,2.385,2.3427999999999995,,,,,-28.1,65.5,0.1,-10.2,15.8,10.5,174.617,176.7964210526316,68.8,73.9,66.21,65.452,64.97,64.50250000000001,19189.0,-4.1,2.03,2.0045,27.6,25.5,40.7,,,61.1,39.4,36.7,-3.9,23.744,23.803910000000002
2006-03,156.406,158.50481818181817,65.91,63.028695652173916,,,38.4,13.4,4.2,0.4,4.3,9120.0,0.0,-2.0,-0.7,7.0,-5.0,30.5,-6.3,-7.7,13.0,10.7,,10.2,7.0,19.8,15.4,13.6,25.8,44.3,7.8,28.468,28.643173913043483,38.2,20.8,2.93,2.765434782608696,3.13,2.95195652173913,3.34,3.1295652173913044,3.51,3.3073913043478256,2.315,2.216565217391304,2.495,2.394869565217391,2.705,2.5903478260869566,,,,,-26.7,65.6,0.9,-9.6,16.0,10.5,189.612,182.10818181818183,80.3,75.3,67.65,66.09565217391305,67.42,65.35000000000001,19143.0,-2.5,2.09,2.0834782608695654,28.0,21.0,38.4,,,68.7,43.9,20.3,-6.2,23.4959,23.80737391304348
2006-04,162.303,159.38531578947368,72.5,70.45052631578949,,,42.5,10.2,5.0,0.7,3.0,9705.0,3.2,-1.8,-0.3,6.9,-4.0,22.4,-7.8,-5.9,1.4,5.4,,9.7,9.9,23.5,18.0,12.8,15.9,41.5,7.3,28.486,28.520550000000004,40.4,20.7,3.04,2.97275,3.29,3.19075,3.5,3.40225,3.77,3.62575,2.391,2.3308999999999997,2.624,2.54605,2.85,2.7600000000000007,,,,,-20.3,65.8,4.1,-9.1,14.4,10.3,230.844,215.06252631578948,70.1,74.3,73.68,71.67052631578947,73.93,71.9242105263158,19725.0,-1.4,2.17,2.106,29.9,29.5,37.6,,,70.6,36.9,17.1,-0.1,22.546,23.221939999999996
2006-05,159.883,163.27545454545455,70.41,70.86772727272728,,,40.2,10.2,5.7,1.0,4.5,12469.0,7.4,-2.6,0.8,9.2,-2.4,22.9,-6.8,-13.5,5.9,5.7,,10.5,12.6,30.9,18.5,9.8,12.1,46.9,7.0,28.276,28.27347826086956,40.6,26.1,2.9,2.941304347826087,3.12,3.1673913043478263,3.33,3.390652173913044,3.55,3.6217391304347823,2.185,2.2420000000000004,2.41,2.482695652173913,2.65,2.71895652173913,,,,,-18.8,65.9,4.0,-9.7,18.0,10.2,250.137,251.08449999999993,77.9,77.8,72.87,73.17136363636364,73.02,73.23772727272727,20233.0,-1.1,2.09,2.123478260869566,33.4,24.4,41.4,,,68.9,36.0,35.8,8.8,22.0755,22.144669565217388
2006-06,165.514,161.85054545454548,73.51,69.77863636363638,,,41.3,11.6,10.8,1.8,5.9,12186.0,4.7,-1.7,-0.3,5.9,-2.3,18.9,-5.0,-7.3,8.0,9.0,,10.8,9.3,33.8,19.7,3.8,13.2,50.0,7.4,28.507,28.372363636363637,39.9,27.8,3.37,3.1631818181818185,3.54,3.372727272727273,3.69,3.5747727272727277,3.86,3.7940909090909085,2.575,2.4128636363636367,2.6,2.6709090909090913,2.84,2.9224090909090914,,,,,-17.4,66.1,5.2,-6.6,14.7,10.1,235.023,226.37618181818186,79.9,77.0,75.37,72.65136363636363,75.78,72.73681818181818,20536.0,-0.7,2.24,2.162727272727273,33.8,25.4,38.1,,,70.3,41.2,38.6,-2.3,22.2737,22.405104545454545
2006-07,161.997,164.91549999999998,75.15,74.2604761904762,,,45.4,9.5,8.5,2.6,5.1,11806.0,8.8,-3.5,2.4,6.6,1.3,19.7,-6.6,-16.2,9.4,8.6,,13.0,9.9,28.8,21.8,8.2,14.8,45.2,7.2,28.492,28.44495238095238,39.7,29.3,3.39,3.3721428571428578,3.35,3.5375,3.36,3.7039999999999997,3.39,3.868,2.65,2.623142857142857,3.05,2.933428571428571,3.2,3.2047619047619045,,,,,-16.3,66.4,5.9,-12.8,15.4,10.0,249.04,244.47735000000003,67.9,77.0,77.2,76.26285714285713,77.06,76.50190476190475,20881.0,0.1,2.36,2.2852380952380953,34.0,30.5,46.2,,,64.4,38.9,32.3,0.0,22.3132,22.410704761904757
2006-08,158.984,158.6028695652174,70.25,73.90173913043478,,,44.4,11.5,9.3,1.9,4.7,13594.0,8.5,-4.1,-2.4,4.6,1.4,11.4,-5.4,-13.3,10.5,2.9,,14.2,11.2,30.0,21.0,9.0,16.1,47.2,6.7,28.241,28.191260869565212,40.5,30.9,3.13,3.1932608695652176,3.24,3.332826086956522,3.35,3.4580434782608687,3.46,3.592173913043478,2.505,2.534260869565218,2.755,2.8069565217391306,2.99,3.044130434782608,,,,,-14.6,66.3,6.0,-12.7,14.9,9.9,250.506,247.5166521739131,71.2,77.2,75.1,76.55565217391305,74.14,76.2291304347826,21225.0,-1.5,2.36,2.361304347826087,32.1,28.3,42.8,,,68.0,36.1,37.4,-16.1,22.0399,22.009586956521737
2006-09,159.631,156.49484999999999,62.48,63.6395238095238,,,43.9,10.4,10.8,3.2,3.9,13327.0,9.3,-4.3,-0.7,0.4,1.8,12.7,-8.7,-8.4,4.5,8.5,,10.3,14.3,29.5,19.7,-4.0,15.0,46.0,7.2,28.281,28.372809523809522,41.2,28.8,3.51,3.3552380952380956,3.51,3.4192857142857145,3.57,3.610238095238095,3.61,3.6295238095238096,2.91,2.7880000000000003,3.23,3.076190476190476,3.43,3.2881428571428573,,,,,-14.7,65.9,8.5,-8.3,14.0,9.8,252.577,248.9955,78.9,78.8,68.51,69.50952380952381,67.08,68.08666666666666,21468.0,-1.7,2.63,2.4985714285714287,27.5,32.9,39.0,,,70.2,35.9,31.9,-16.4,22.314,22.286061904761908
2006-10,178.278,173.0645,59.03,59.83863636363637,,,44.7,11.1,10.5,4.0,4.2,13784.0,6.3,-3.8,2.7,-2.5,2.0,15.2,-5.9,-9.6,14.6,4.7,,14.2,7.8,25.1,20.6,10.0,6.7,43.7,6.7,28.14,28.27327272727273,40.4,29.7,3.45,3.4463636363636367,3.46,3.502727272727272,3.47,3.5490909090909097,3.48,3.6118181818181814,2.92,2.911818181818182,3.17,3.208636363636364,3.36,3.395,,,,,-16.0,66.0,10.3,-6.3,16.5,9.7,269.152,260.84645454545455,84.1,78.0,66.45,66.5940909090909,64.64,64.73545454545454,21876.0,-0.4,2.68,2.6540909090909093,35.2,34.2,42.8,,,68.5,33.0,29.7,-12.1,22.0473,22.40302272727273
2006-11,199.1,190.456,64.26,59.86136363636364,,,46.6,12.4,15.2,0.8,4.8,11730.0,4.6,-4.8,-1.4,-0.5,-1.5,14.9,-5.8,-11.4,3.5,6.0,,17.2,9.3,26.5,20.6,7.4,17.5,46.5,6.5,27.919,28.011954545454543,38.8,32.1,3.23,3.2993181818181823,3.2,3.3372727272727274,3.15,3.375227272727273,3.11,3.4181818181818184,2.76,2.8368181818181815,2.99,3.0788636363636357,3.15,3.239227272727273,,,,,-16.4,65.9,11.6,-7.5,17.6,9.6,270.564,264.00728571428573,86.2,79.6,69.27,66.95409090909092,67.6,65.00636363636363,22860.0,2.3,2.62,2.643636363636364,39.9,36.1,45.4,,,66.9,37.9,34.8,-6.3,21.0575,21.730204545454544
2006-12,198.763,194.2254,60.86,62.28649999999999,,,41.2,11.6,12.2,1.5,7.5,11441.0,6.0,-2.8,6.5,-0.2,0.0,14.3,-7.0,-10.4,7.2,3.7,,17.7,11.5,24.0,20.0,6.1,9.4,46.2,6.6,27.518,27.767285714285716,38.5,29.6,3.07,3.119047619047619,3.14,3.185952380952381,3.21,3.2459523809523807,3.29,3.3166666666666678,2.62,2.6723809523809527,2.8,2.876190476190476,2.95,3.035714285714286,,,,,-16.8,66.5,11.3,-6.9,19.1,9.4,260.652,266.2975,75.0,81.4,66.6,67.6645,64.99,66.00800000000001,23141.0,4.3,2.55,2.5619047619047612,40.5,35.5,48.0,,,69.1,36.0,33.6,8.5,20.8518,21.03796666666667
2007-01,194.548,192.17225000000002,57.4,54.62409090909092,,,47.1,11.7,12.7,1.4,4.9,8410.0,-0.2,-3.6,2.3,2.3,-3.8,15.1,-4.0,-14.9,8.1,3.7,,14.2,17.6,30.5,25.1,0.7,10.6,48.6,6.1,28.106,27.843652173913043,39.9,25.8,3.22,3.1300000000000003,3.23,3.2334782608695654,3.22,3.3352173913043477,3.23,3.4332608695652174,2.725,2.7154347826086958,2.945,2.8845652173913043,3.115,3.0341304347826084,,,,,-19.2,66.4,10.7,-7.9,18.3,9.2,248.543,246.07194999999996,80.1,84.0,62.78,60.309090909090905,61.2,58.45045454545455,22774.0,5.8,2.62,2.5817391304347828,42.3,30.7,47.7,,,71.1,45.1,29.6,-5.2,21.5661,21.421647826086954
2007-02,204.619,200.30511111111113,61.89,58.803999999999995,,,42.7,9.9,11.5,0.6,4.4,8161.0,6.4,-2.3,0.3,0.3,-0.4,29.6,-3.4,-6.3,15.8,3.8,98.6,12.6,20.5,25.6,19.1,23.8,12.5,51.9,5.8,28.23,28.23935,38.9,22.7,3.04,3.0492500000000002,3.09,3.12375,3.13,3.1915,3.18,3.2704999999999997,2.685,2.6845000000000003,2.815,2.8305,2.93,2.9579999999999997,,,,,-24.6,66.7,8.9,-16.1,14.7,9.1,259.621,249.66344444444445,79.8,83.7,67.18,63.955,65.53,62.409000000000006,22730.0,8.0,2.58,2.5894999999999997,33.9,32.9,40.5,,,68.8,49.1,38.0,1.1,21.3397,21.577260000000003
2007-03,192.037,197.1894761904762,68.1,62.45499999999999,,,47.7,10.5,16.4,0.8,4.7,9449.0,3.3,-2.7,0.3,3.7,-2.1,31.4,-2.2,-12.7,12.7,0.9,98.8,15.5,18.0,28.0,22.4,18.9,11.2,45.9,5.7,28.006,28.049818181818182,37.1,21.7,3.17,3.0486363636363634,3.185,3.1318181818181823,3.35,3.2325,3.45,3.3184090909090913,2.73,2.7067272727272726,2.93,2.8575,3.06,2.9720454545454547,,,,,-24.8,66.9,8.8,-13.9,17.9,8.9,273.351,263.32795238095235,90.4,84.8,69.53,66.57727272727271,69.22,65.37136363636363,23330.0,4.8,2.57,2.564545454545455,31.4,38.0,47.3,,,66.2,38.5,33.0,7.2,20.9702,21.171977272727272
2007-04,191.109,192.28263157894733,67.65,67.59850000000002,,,48.9,12.3,12.5,0.9,4.9,8919.0,3.4,-6.7,-9.4,-8.6,-0.3,32.2,-2.4,-6.6,16.9,4.6,99.2,14.7,13.9,28.0,24.4,13.2,16.0,44.3,5.5,28.192,27.995952380952385,39.0,21.1,3.31,3.206428571428572,3.48,3.3150000000000004,3.56,3.401666666666667,3.63,3.500000000000001,2.945,2.794571428571429,3.14,2.9976190476190485,3.3,3.145,,,,,-25.7,67.1,8.8,-7.7,20.7,8.7,295.845,292.39326315789475,81.5,83.6,71.31,70.38399999999999,70.42,69.619,23735.0,6.6,2.67,2.5985714285714288,22.1,29.7,49.7,,,61.9,31.9,39.0,0.3,20.6544,20.718604761904764
2007-05,202.35,194.71063636363635,68.04,67.86043478260868,,,46.3,11.3,11.9,1.5,5.1,10203.0,1.8,-4.2,-5.8,-3.8,-2.7,17.5,-5.9,-1.5,4.4,6.2,100.2,17.0,9.7,27.0,23.1,20.0,13.9,47.0,5.4,28.283,28.241956521739134,38.4,21.1,3.62,3.482391304347826,3.69,3.6004347826086964,3.74,3.6882608695652173,3.81,3.784347826086957,3.06,3.014478260869565,3.3,3.2386521739130436,3.51,3.4442608695652184,,,,,-24.9,67.3,9.0,-7.8,17.3,8.6,285.956,295.3743181818182,85.0,84.5,70.98,70.96565217391306,70.09,70.08217391304346,23943.0,8.2,2.84,2.7586956521739125,30.7,27.1,50.8,,,69.3,36.5,35.2,5.8,21.0222,20.90673913043478
2007-06,214.195,212.0971428571428,71.41,70.53857142857143,,,58.0,11.3,12.9,1.3,4.3,9560.0,4.3,-4.7,-4.1,-2.2,-1.9,16.8,-3.0,-9.7,4.9,5.1,101.5,17.2,8.3,24.3,24.5,18.7,20.0,44.3,5.5,28.729,28.55242857142857,39.1,24.8,3.4,3.752857142857143,4.11,3.944761904761905,4.3,4.0564285714285715,4.51,4.192857142857143,3.42,3.241428571428571,3.72,3.5202857142857136,3.92,3.7154761904761906,,,,,-25.3,67.3,9.9,-11.6,17.7,8.5,270.908,276.6255238095238,86.0,83.9,73.66,73.19714285714286,73.24,72.66428571428571,24293.0,8.1,3.0,2.9276190476190473,28.9,22.7,59.4,,,66.2,32.7,34.1,4.3,21.2155,21.26985238095238
2007-07,216.022,215.88533333333336,77.05,75.81772727272727,,,55.7,12.5,14.2,2.8,7.6,9736.0,-0.3,-5.5,-5.0,-4.4,-1.2,16.7,-3.9,-8.7,5.7,5.2,101.4,16.6,7.6,25.3,25.1,26.4,14.9,43.3,5.1,28.073,28.340136363636365,38.9,24.8,4.15,4.041750000000001,4.17,4.173636363636363,4.18,4.232954545454546,4.2,4.337272727272728,3.54,3.444090909090909,3.87,3.7422727272727268,4.06,3.954545454545455,,,,,-25.8,67.7,8.9,-9.9,18.3,8.5,274.004,275.68952380952385,77.6,85.1,74.01,74.74181818181819,75.29,75.31818181818181,25292.0,8.4,3.22,3.0645454545454545,32.6,29.6,57.6,,,62.9,33.2,33.8,5.0,20.515,20.655659090909094
2007-08,224.619,218.99300000000002,72.69,71.24347826086958,,,48.6,11.7,14.2,3.2,4.7,11285.0,1.6,-3.2,-2.8,-3.2,-2.4,14.6,-3.6,-3.3,2.7,1.5,100.3,15.8,4.0,31.1,25.8,15.1,13.7,44.6,5.0,27.695,27.856434782608694,44.8,34.8,3.95,3.9323913043478265,4.135,4.01913043478261,4.135,4.047826086956522,4.24,4.111521739130435,3.635,3.4563043478260878,3.835,3.716521739130435,4.005,3.8867391304347825,,,,,-24.1,67.6,8.6,-9.9,17.9,8.4,253.706,252.02604347826087,77.9,84.3,70.25,70.53521739130434,71.13,71.14434782608696,26024.0,8.2,3.41,3.2804347826086953,24.4,25.4,55.3,,,68.6,32.7,32.4,8.9,20.32,20.453734782608695
2007-09,252.342,241.34142105263157,79.17,76.96300000000001,,,47.6,14.5,14.4,0.9,6.3,11465.0,4.8,-6.6,-11.8,-8.3,-1.5,23.1,-5.1,-1.1,10.3,-2.4,99.4,13.9,6.8,36.5,28.9,31.8,16.8,47.0,5.2,27.555,27.570349999999998,49.6,38.1,3.78,3.8994736842105264,3.87,3.9855000000000005,4.01,4.045,4.105,4.121,3.44,3.5239999999999996,3.65,3.7135000000000007,3.81,3.846,,,,,-23.9,67.7,7.8,-12.8,14.6,8.4,260.172,249.9179473684211,83.3,84.6,75.82,74.14200000000001,77.5,75.4375,26868.0,7.9,3.5,3.4659999999999997,30.8,22.6,58.8,,,73.3,29.0,38.7,3.4,19.311,19.81189
2007-10,246.666,245.03617391304348,90.63,82.47521739130434,,,51.4,9.4,14.9,4.3,5.9,11217.0,3.7,-7.7,-13.4,-5.8,-2.1,29.1,-8.1,-3.6,3.5,-3.4,,17.5,10.9,34.4,29.8,15.7,8.4,45.2,5.0,26.952,27.336217391304352,54.4,34.3,3.97,3.8995652173913045,4.05,3.986304347826086,4.11,4.02695652173913,4.19,4.1152173913043475,3.71,3.524826086956521,3.8,3.6870000000000003,3.88,3.818695652173913,,,,,-23.0,67.8,7.0,-14.0,16.4,8.3,255.744,259.0011304347826,94.0,85.0,84.91,78.55260869565218,87.65,80.41826086956522,27529.0,10.3,3.58,3.5452173913043468,31.6,17.4,64.1,,,71.7,29.8,34.0,2.9,18.6045,19.20713043478261
2007-11,260.665,253.5513333333333,88.26,92.2040909090909,,,59.4,9.4,15.0,1.8,3.5,10126.0,4.4,-14.2,-22.3,-15.8,1.5,29.3,-11.4,-7.3,1.6,2.4,97.6,16.7,18.2,28.4,30.1,31.7,2.4,47.0,4.7,26.237,26.709636363636356,59.5,36.4,4.05,4.059999999999999,3.98,4.136590909090909,3.97,4.197954545454546,3.94,4.282954545454546,3.965,3.8149090909090915,3.988,3.949909090909091,4.033,4.050136363636364,,,,,-24.0,68.2,7.1,-13.0,12.2,8.2,236.868,242.3603333333334,94.3,85.6,85.65,86.76863636363636,86.78,89.25772727272727,28440.0,8.7,3.93,3.72909090909091,32.2,24.4,68.6,,,68.7,34.4,38.1,7.1,17.9298,18.1942
2007-12,282.218,275.51370000000003,93.85,91.44300000000001,,,55.7,9.1,16.6,1.7,3.5,8853.0,8.0,-17.1,-27.6,-18.9,4.7,34.6,-10.5,-11.7,-4.2,2.8,97.0,18.2,11.8,33.4,30.2,24.7,9.6,41.2,5.0,26.545,26.322809523809518,62.1,32.8,4.19,4.1225,4.19,4.121666666666667,4.19,4.118611111111111,4.19,4.115,4.14,4.084761904761905,4.15,4.118571428571429,4.17,4.141904761904763,,,,,-22.8,68.6,6.9,-20.4,12.8,8.1,227.015,227.94875000000002,78.5,87.8,90.35,88.49449999999999,92.25,89.8905,27992.0,11.4,4.11,4.057619047619048,35.5,34.2,66.2,,,60.8,33.0,29.9,7.5,18.1768,18.08967142857143
2008-01,300.573,294.9510476190476,92.21,91.91454545454546,,,52.8,9.2,22.3,1.2,6.8,7888.0,4.5,-13.4,-21.0,-9.0,2.0,51.6,-14.4,-9.2,-8.6,-0.3,96.4,17.1,22.4,37.8,27.9,29.8,13.2,45.7,4.6,26.022,26.07234782608696,63.3,33.9,3.83,4.001086956521739,3.96,4.014565217391304,3.905,4.001739130434783,3.795,3.9897826086956516,3.975,4.041434782608696,3.96,4.038826086956522,3.955,4.039782608695653,,,,,-21.6,68.4,5.2,-20.2,12.5,8.0,246.681,236.73714285714283,83.8,87.0,89.95,89.08863636363637,90.84,90.38454545454546,28769.0,10.2,3.92,3.9608695652173918,39.0,32.4,52.2,,,63.9,34.1,39.2,12.6,17.5105,17.718643478260873
2008-02,356.456,328.79085,100.1,94.6647619047619,,,60.5,8.6,22.6,0.4,5.2,8608.0,5.2,-9.6,-11.3,-3.4,2.3,47.3,-11.6,-11.9,9.3,-4.2,95.3,14.3,12.2,31.6,26.6,36.6,13.9,48.9,4.5,25.11,25.37485714285714,62.8,30.1,3.81,3.8298095238095233,3.74,3.768333333333333,3.74,3.7061904761904763,3.575,3.617619047619048,4.04,3.991428571428572,4.04,3.968000000000001,3.94,3.895238095238095,,,,,-25.7,68.7,5.2,-11.5,12.9,7.9,283.539,259.47625000000005,85.7,88.1,98.48,92.77857142857144,99.08,93.62523809523809,29793.0,10.7,3.96,3.938095238095237,31.5,24.3,56.6,,,69.6,40.8,36.4,9.6,16.543,17.197366666666667
2008-03,298.871,330.6417,100.3,102.8665,,,56.5,8.1,21.1,2.2,7.4,9833.0,3.9,-6.2,-2.5,-2.0,2.4,48.2,-11.5,-8.6,7.0,-3.0,94.9,12.3,11.2,28.4,25.6,34.1,18.0,44.2,4.5,25.237,25.21509523809524,67.6,28.1,4.01,3.9829999999999997,3.965,3.93775,3.95,3.9045,3.92,3.874,4.125,4.078571428571429,4.1,4.058333333333333,4.08,4.0180952380952375,,,,,-23.6,69.1,5.2,-9.1,12.3,7.8,270.055,275.8144000000001,86.0,84.9,97.25,99.41,98.85,100.886,30162.0,9.7,4.1,4.042499999999999,25.2,19.8,56.4,,,67.2,35.5,29.8,12.2,15.9847,16.240366666666667
2008-04,311.145,317.8992272727273,111.36,110.42954545454545,,,59.5,9.6,20.6,1.3,4.0,10362.0,2.8,-6.6,-2.7,-1.6,0.9,34.2,-10.6,-11.7,4.2,2.5,95.0,12.0,14.1,30.4,27.0,21.8,21.6,42.8,4.3,25.243,25.049409090909094,66.3,27.6,3.99,4.004545454545454,3.82,3.9570000000000003,3.78,3.5181818181818185,3.83,3.876136363636363,4.195,4.123090909090909,4.13,4.075681818181818,4.05,4.003318181818183,,,,,-25.4,68.9,3.0,-16.1,9.3,7.7,267.137,272.4648636363636,89.7,86.7,107.6,106.47500000000001,109.45,108.48545454545456,30780.0,8.1,4.13,4.107727272727273,23.3,22.9,60.5,,,66.0,34.1,28.4,8.9,16.1578,15.892663636363634
2008-05,305.0,308.5943333333333,127.78,124.68136363636363,,,55.2,9.8,19.2,1.5,3.7,11379.0,5.1,-9.0,-4.9,-8.7,2.8,33.0,-13.2,-9.1,0.7,4.5,96.9,9.2,11.2,37.3,24.8,23.4,28.6,37.6,4.1,25.033,25.09877272727273,71.0,31.4,4.19,4.039090909090909,4.34,4.086590909090909,4.51,3.9070454545454543,4.66,4.0190909090909095,4.31,4.212409090909091,4.315,4.156363636363637,4.325,4.108636363636364,,,,,-22.0,69.4,2.9,-14.0,11.1,7.5,248.63,260.7565238095238,85.0,86.0,127.3,123.9968181818182,127.98,124.97272727272728,31440.0,4.3,4.16,4.1433333333333335,12.8,15.6,47.1,,,60.2,29.4,23.1,9.1,16.0935,16.12741363636364
2008-06,359.727,342.11057142857146,139.83,133.7438095238095,,,45.6,10.3,19.9,0.6,6.3,11083.0,5.0,-15.1,-12.1,-14.5,3.1,38.2,-20.3,-13.4,0.0,5.0,95.7,7.2,12.2,35.4,22.9,21.5,16.1,36.8,4.6,23.884,24.28490476190476,73.1,35.4,4.6,4.484999999999999,4.47,4.5721428571428575,4.35,4.66547619047619,4.22,4.744761904761904,4.4,4.459904761904761,4.43,4.515047619047619,4.45,4.534190476190476,,,,,-22.9,69.6,-0.7,-17.5,10.6,7.4,261.623,253.7090476190476,87.5,84.5,142.72,135.57809523809522,143.02,136.0180952380952,33980.0,7.5,4.22,4.209047619047619,12.9,16.5,45.4,-0.86,-0.86,60.0,25.5,24.9,7.9,15.16,15.598752380952382
2008-07,321.181,335.1916818181818,123.98,134.56478260869565,,,50.5,9.4,17.5,0.9,6.8,11055.0,3.1,-11.0,-9.4,-11.8,0.7,38.7,-13.7,-9.3,0.1,7.3,94.5,5.7,19.0,37.5,23.5,23.7,19.4,36.0,4.3,23.957,23.53352173913044,73.2,35.7,4.02,4.2413043478260875,3.73,4.151739130434782,3.39,4.035869565217391,3.08,3.9328260869565215,3.665,4.079173913043478,3.685,4.097652173913044,3.73,4.120913043478261,,,,,-22.1,70.0,-3.3,-28.6,4.9,7.3,245.877,254.21859090909092,81.6,82.1,127.85,138.20043478260865,128.16,138.3782608695652,33764.0,5.2,3.97,4.110434782608696,14.9,9.2,44.6,-1.15,-0.9774999999999999,60.6,24.0,23.3,-16.6,15.35,14.92843913043478
2008-08,310.694,308.464380952381,114.05,115.23619047619047,,,56.4,10.9,20.4,0.4,5.0,11762.0,2.8,-8.3,-3.4,-8.6,0.4,33.4,-8.7,-12.6,5.1,14.8,96.8,2.3,7.2,26.7,21.4,20.0,15.0,34.1,4.1,24.795,24.30071428571429,70.0,28.5,3.6,3.849047619047618,3.6,3.5276190476190474,3.61,3.190952380952381,3.6,2.883809523809524,3.655,3.5551428571428567,3.6,3.5152857142857137,3.59,3.51647619047619,,,,,-25.8,69.8,-6.9,-25.2,0.0,7.1,231.247,232.65014285714292,72.2,80.8,119.53,120.41285714285716,118.68,119.97666666666667,33619.0,2.5,3.75,3.8138095238095238,8.3,-0.8,49.1,-1.65,-1.48,57.1,23.0,22.3,-2.0,16.897,16.260038095238095
2008-09,265.666,287.7754285714286,98.17,100.785,,,54.2,10.1,22.1,0.7,3.9,11003.0,4.8,-8.7,-6.5,-7.8,0.4,28.6,-12.8,-7.8,2.6,11.1,97.7,-5.5,5.4,26.1,24.9,22.4,12.4,34.1,4.4,24.5,24.43840909090909,65.9,23.0,3.36,3.4704545454545457,3.34,3.4975000000000005,3.35,3.5381818181818177,3.36,3.5706818181818183,3.595,3.512954545454545,3.34,3.436636363636364,3.298,3.4425454545454546,,,,,-26.0,69.7,-9.4,-29.1,-0.7,7.0,200.242,215.43609523809525,86.9,81.5,105.72,107.53863636363636,103.55,105.96181818181817,34523.0,3.1,3.98,3.8049999999999997,0.2,-9.1,58.6,-2.04,-1.876,56.7,23.3,22.3,7.1,17.3845,17.017109090909088
2008-10,222.868,229.2176818181818,65.32,73.68434782608696,,,53.6,6.6,17.0,1.6,9.4,10840.0,3.5,-13.6,-8.8,-21.0,-2.9,35.2,-13.8,-10.8,-3.8,34.6,97.8,-12.5,-6.9,20.5,23.4,28.8,13.3,34.5,4.2,24.026,24.792434782608694,62.9,24.5,3.81,3.116190476190476,3.39,3.214,2.94,3.221904761904762,2.52,3.2383333333333337,4.0,3.5718260869565217,3.82,3.347478260869565,3.7,3.2808260869565213,,,,,-25.6,69.5,-17.2,-26.4,-4.5,7.0,147.816,164.8498636363636,84.9,78.8,76.84,83.71347826086956,72.8,80.35,35481.0,3.1,4.52,4.185909090909091,-12.0,-16.1,56.7,-2.08,-2.1174999999999997,56.5,24.2,22.9,-0.4,18.877,18.683078260869568
2008-11,217.909,218.31042105263154,53.49,54.746,,,51.1,9.5,16.7,2.4,4.4,9325.0,9.2,-14.1,-8.7,-16.1,-1.9,22.9,-16.6,-15.1,2.5,43.2,95.9,-15.8,-8.6,21.2,19.3,12.5,8.5,26.3,4.4,25.371,25.20805,54.8,15.5,3.47,2.913421052631579,2.69,2.7582499999999994,1.82,2.582105263157895,1.03,2.398421052631579,3.435,3.5131500000000004,2.98,3.1079999999999997,2.698,2.9063,,,,,-26.3,69.1,-28.8,-34.3,-7.8,7.0,132.407,139.12778947368423,77.6,76.1,68.36,69.1805,62.98,63.878499999999995,34229.0,1.7,4.08,4.241052631578947,-14.5,-29.6,47.6,-2.29,-2.17,49.0,18.1,11.7,-1.2,19.992,19.821315000000002
2008-12,230.736,211.8573181818182,45.59,43.05227272727273,,,51.9,8.0,14.2,0.4,9.4,9104.0,-2.4,-18.7,-12.9,-29.2,-10.2,17.3,-12.3,-20.4,-2.8,55.3,94.9,-31.0,-14.8,15.7,16.2,7.8,8.6,24.4,4.8,26.85,26.138217391304348,45.7,9.3,2.29,2.4822499999999996,2.43,2.4167499999999995,2.62,2.3282499999999997,2.77,2.2065,2.575,2.936739130434783,2.45,2.6657826086956526,2.325,2.4665217391304353,,,,,-28.0,69.4,-36.9,-33.7,-12.4,7.1,120.444,117.33686363636362,69.2,74.7,61.68,58.46136363636363,57.05,53.343181818181804,31641.0,0.0,3.63,3.8884999999999996,-35.8,-39.6,42.8,-3.5,-2.926,47.5,12.7,13.0,-23.7,19.2177,19.33497826086957
2009-01,227.6171,230.61804500000002,45.88,45.70761904761905,,,48.0,9.1,6.7,0.3,6.3,8254.0,-13.9,-16.6,-9.8,-28.0,-14.5,16.0,-12.1,-16.4,-9.9,62.6,96.4,-31.5,-16.9,6.5,9.1,-3.4,-0.2,18.2,5.3,27.917,27.167136363636363,38.3,7.0,2.03,2.2063636363636365,2.21,2.3581363636363637,2.41,2.4120454545454546,2.58,2.5177272727272726,1.98,2.2482272727272727,1.895,2.111727272727273,1.925,2.0538636363636362,,,,,-29.7,69.0,-37.5,-29.8,-11.2,7.1,113.7757,120.157835,65.9,70.0,56.48,58.91523809523809,53.21,54.60238095238095,30526.0,-6.8,2.72,3.139047619047619,-42.5,-42.3,31.7,-4.42,-4.0875,46.5,-2.4,10.5,-29.1,21.8045,20.46778181818182
2009-02,213.18,220.43441052631582,46.35,43.87349999999999,,,40.4,8.2,7.1,0.1,5.6,7288.0,-20.8,-21.5,-14.7,-27.6,-20.5,8.6,-11.7,-31.9,-5.5,62.6,99.6,-36.9,-13.6,10.5,7.0,8.8,4.2,12.1,5.6,28.112,28.51355,33.3,4.5,2.75,2.40475,2.76,2.476,2.76,2.54525,2.77,2.6272500000000005,2.575,2.23225,2.625,2.24475,2.725,2.31525,,,,,-29.8,69.5,-41.3,-25.9,-11.9,7.2,114.983,116.07690000000002,67.0,70.4,54.34,53.94699999999999,50.99,50.093,30072.0,-13.0,2.51,2.5029999999999997,-49.3,-49.7,21.3,-4.72,-4.6325,39.5,4.8,-7.9,-34.1,22.1905,22.27106
2009-03,225.347,216.28431818181815,49.23,47.41727272727273,,,41.2,6.8,4.6,0.1,6.1,9430.0,-21.9,-16.1,-10.0,-16.5,-23.7,6.6,-15.4,-22.4,-5.9,48.0,95.3,-30.2,-13.8,17.9,11.0,-7.6,4.9,9.2,5.9,27.361,27.175818181818183,25.7,0.6,2.77,2.7515909090909094,2.9,2.8456818181818178,-4.03,2.4699999999999998,3.18,3.0288636363636368,2.5,2.5255,2.53,2.5498181818181824,2.61,2.6260909090909093,,,,,-28.7,69.3,-42.0,-26.9,-13.9,7.3,127.644,122.68963636363634,76.2,71.6,60.09,56.76863636363637,55.56,53.124545454545455,30480.0,-15.3,2.44,2.492272727272727,-17.7,-40.4,24.7,-4.05,-4.554,41.5,0.0,-13.9,-21.2,20.6452,20.810481818181817
2009-04,239.979,232.29909523809528,50.8,51.39190476190476,,,31.2,7.7,3.7,0.2,9.7,9467.0,-25.1,-15.9,-6.7,-16.1,-25.0,-3.6,-15.8,-25.1,-2.4,49.8,93.8,-22.1,-10.4,11.4,14.2,7.8,11.3,15.2,6.3,26.748,26.702636363636362,17.3,-2.3,2.75,2.6807142857142856,2.985,2.7778125,3.14,3.0323684210526314,3.33,3.151666666666666,2.37,2.4525,2.425,2.486818181818182,2.465,2.5534090909090907,,,,,-29.5,69.4,-39.7,-22.3,-10.8,7.4,141.355,139.82019047619048,70.3,70.3,61.23,61.867142857142845,56.55,57.36666666666666,30893.0,-9.4,2.51,2.4995238095238093,-8.6,-27.1,26.0,-2.75,-3.2425,43.3,6.4,-4.0,-9.8,20.2188,20.222177272727272
2009-05,267.447,258.30415000000005,65.52,58.5852380952381,,,31.6,9.0,4.1,0.2,6.3,10103.0,-23.9,-10.2,-2.8,-6.2,-28.4,-8.7,-14.6,-17.3,4.6,46.6,93.0,-20.5,-12.2,12.3,13.7,9.0,21.2,12.8,6.6,26.952,26.740238095238098,13.5,-4.6,2.54,2.5611904761904762,2.795,2.709761904761905,3.04,2.8699999999999997,3.29,3.018809523809524,2.15,2.2072857142857143,2.3,2.2590952380952376,2.44,2.3600476190476187,,,,,-30.5,69.3,-37.9,-21.3,-7.4,7.5,149.363,146.0322,66.6,70.5,71.55,66.76952380952382,69.18,63.324285714285715,30549.0,-5.8,2.23,2.3010526315789472,-6.5,-20.7,25.5,-1.52,-2.0825,43.4,5.5,-10.5,-13.9,19.0353,19.563938095238093
2009-06,238.873,255.9978181818182,69.3,69.27090909090909,,,26.6,9.2,3.4,0.3,7.3,10068.0,-25.1,-13.5,-2.9,-8.6,-28.8,-10.5,-16.4,-26.2,-2.2,42.9,92.5,-14.8,-13.1,11.0,8.6,2.0,10.1,8.3,6.6,25.951,26.506363636363634,11.5,-2.4,2.57,2.6600000000000006,2.83,3.0500000000000003,3.16,3.1806818181818177,3.45,3.4288636363636367,2.095,2.1370454545454547,2.165,2.226136363636364,2.34,2.3514090909090912,,,,,-30.1,69.6,-34.7,-17.4,-4.4,7.5,159.136,159.24504545454545,75.0,72.2,75.27,75.74272727272728,72.98,73.22136363636365,31610.0,-6.8,2.09,2.165909090909091,3.4,-19.5,19.8,0.09,-0.49800000000000005,37.4,-1.5,-10.9,-16.8,18.489,18.91540909090909
2009-07,240.552,232.36204545454547,71.7,65.75086956521739,,,19.6,9.8,2.7,0.4,6.2,9901.0,-27.1,-15.9,-5.3,-12.5,-30.1,-10.6,-22.9,-23.0,-4.2,45.4,90.3,-14.4,-6.9,8.5,8.3,10.8,8.7,16.6,7.0,25.554,25.797391304347823,6.3,-3.6,2.44,2.550869565217391,2.64,2.792173913043478,2.89,3.114130434782609,3.49,3.4026086956521735,2.08,2.0654782608695648,2.12,2.105434782608696,2.34,2.3117826086956526,,,,,-29.3,69.5,-31.2,-18.9,-3.9,7.6,183.49,166.60209090909092,67.5,70.5,78.22,72.60217391304347,75.64,69.74826086956523,31636.0,-6.3,2.08,2.0945454545454543,2.9,-13.7,23.0,0.76,0.4675,37.3,14.2,-1.8,-17.0,17.924,18.315934782608693
2009-08,247.688,247.31023809523808,69.65,73.05714285714286,,,24.3,11.0,2.2,0.2,7.3,10373.0,-25.6,-11.4,-3.1,-7.7,-31.2,-9.4,-16.2,-18.7,-3.7,47.3,89.8,-13.7,-5.6,4.3,5.1,14.3,2.2,9.4,7.4,25.468,25.639476190476188,4.0,-6.6,2.65,2.5705555555555555,3.09,2.893684210526316,3.56,3.3130555555555556,4.01,3.6836111111111114,1.97,1.9386190476190475,2.13,1.9932857142857148,2.39,2.2139999999999995,,,,,-27.1,69.7,-25.3,-16.8,3.6,7.5,193.835,195.18185714285713,65.0,73.3,76.33,79.32047619047619,73.77,76.86714285714285,31915.0,-3.6,1.88,1.9242857142857144,3.0,-2.1,22.2,2.0,1.532,30.8,7.2,-9.7,-16.3,17.768,17.973628571428577
2009-09,246.912,241.10219047619046,69.07,68.14681818181818,,,26.2,9.9,1.6,0.1,7.4,10283.0,-27.3,-14.1,-4.6,-7.2,-31.3,-8.5,-22.2,-22.6,4.6,33.7,88.6,-11.0,-1.1,11.4,2.3,5.1,3.5,9.3,7.4,25.255,25.35454545454546,-0.1,-3.7,2.54,2.726363636363636,2.86,3.037045454545455,3.19,3.3643181818181818,3.51,3.6915909090909085,1.855,1.902409090909091,1.995,2.0999090909090907,2.285,2.3579545454545454,,,,,-29.1,69.4,-23.6,-14.8,6.0,7.5,192.435,190.82885714285715,75.2,73.3,75.57,74.78636363636366,73.07,72.21545454545455,32130.0,-5.9,1.91,1.8847619047619046,7.2,6.7,7.1,2.24,2.1725,26.7,2.6,-1.5,-18.5,17.247,17.41243181818182
2009-10,254.5229,255.69061428571428,75.2,73.93363636363637,,,27.0,9.4,2.1,0.1,6.3,9951.0,-26.1,-15.9,-7.4,-16.1,-31.7,-12.0,-17.7,-22.3,3.7,39.4,89.9,-15.5,-8.2,15.5,1.7,2.3,5.8,12.1,7.4,26.52,25.89890909090909,0.2,-3.4,2.2,2.330909090909091,2.67,2.668461538461538,3.12,3.0534090909090916,3.57,3.4354545454545455,1.723,1.6935909090909091,1.79,1.8039090909090907,1.89,1.958181818181818,,,,,-26.9,69.5,-19.6,-17.4,6.3,7.4,200.9829,199.0891142857143,77.9,73.6,82.13,80.715,79.37,78.03954545454545,30368.0,-8.0,1.84,1.871904761904762,-5.0,8.2,0.6,2.58,2.4875,30.7,6.1,-0.6,-32.6,18.0183,17.478022727272727
2009-11,277.3356,267.47867499999995,78.47,77.58285714285715,,,24.8,9.3,1.4,0.1,7.0,8846.0,-28.9,-10.7,-0.3,-6.0,-33.2,-9.4,-17.8,-18.7,2.9,30.4,90.4,-15.0,-8.3,20.3,7.8,4.9,0.1,17.7,7.4,26.149,25.83042857142857,1.7,-0.3,2.23,2.2819047619047614,2.63,2.7023809523809526,3.06,3.151190476190476,3.46,3.5838095238095233,1.76,1.7627619047619048,1.82,1.8325238095238097,1.94,1.9421428571428567,,,,,-26.2,69.3,-19.3,-15.8,8.9,7.2,211.0926,205.10887500000004,76.3,72.6,86.25,84.65571428571428,82.85,81.78999999999999,30596.0,-8.6,1.75,1.8035,-5.9,2.0,11.8,1.74,2.176,37.0,12.5,3.7,-30.1,17.4228,17.303823809523813
2009-12,281.152,275.50424545454547,77.93,75.20909090909092,,,26.7,9.5,1.8,0.2,6.8,8710.0,-23.5,-13.6,-6.2,-10.2,-30.0,-10.9,-18.0,-20.2,5.6,28.8,91.9,-11.6,-4.0,12.1,2.9,5.4,6.0,18.2,7.4,26.439,26.107130434782608,2.9,1.9,2.365,2.2315909090909085,2.61,2.6021739130434782,2.905,2.989772727272727,3.185,3.3606818181818183,1.54,1.6171739130434784,1.66,1.7267391304347826,1.9,1.8914347826086952,,,,,-27.2,70.0,-17.5,-15.7,8.2,7.2,228.0564,219.40610454545455,72.2,74.7,84.4,82.74818181818183,81.58,79.45681818181816,29603.0,-8.7,1.54,1.6438095238095236,-4.3,1.3,4.3,1.34,1.47,38.7,16.3,-0.4,-27.7,18.4651,17.929030434782607
2010-01,254.9192,270.15405999999996,71.46,77.01299999999999,,,22.6,9.8,1.3,0.2,5.9,7046.0,-20.0,-15.4,-9.6,-13.1,-29.9,-2.5,-19.7,-19.5,0.5,35.8,92.6,-8.9,1.6,17.8,2.8,12.9,2.3,21.8,7.8,26.236,26.131809523809526,3.2,5.4,2.29,2.3990476190476193,2.82,2.7672727272727276,3.39,3.272619047619048,3.93,3.752142857142858,1.62,1.5950952380952381,1.9,1.8233809523809523,2.15,2.062285714285714,,,,,-27.3,69.5,-14.9,-16.2,8.7,7.1,208.1591,227.011485,67.7,73.4,77.96,83.6005,75.15,80.7085,29970.0,-8.1,1.55,1.548,8.3,2.7,4.1,0.76,0.9675,35.4,22.9,6.9,-8.7,18.9258,18.314657142857143
2010-02,266.8278,260.7223052631578,77.59,74.78999999999999,,,18.9,9.7,1.1,0.1,4.5,7335.0,-24.6,-13.8,-7.2,-9.2,-33.1,-1.4,-19.4,-19.6,4.7,29.5,92.9,-5.3,4.1,20.2,6.2,11.2,5.2,20.9,7.9,25.928,25.974349999999998,4.6,6.0,2.29,2.359,2.52,2.7102500000000003,2.74,3.0897499999999996,2.97,3.469,1.49,1.5410499999999998,1.705,1.7988999999999997,1.928,2.0448,,,,,-26.6,69.8,-12.5,-21.0,6.8,7.0,222.4042,212.99727894736844,69.4,73.3,82.14,80.272,80.28,77.869,30005.0,-5.0,1.47,1.5185,16.6,4.0,3.5,0.64,0.695,40.8,13.5,8.5,-7.1,19.0175,18.985825
2010-03,245.4954,255.97921304347824,82.7,79.93130434782609,,,16.5,9.8,0.7,0.1,4.0,8839.0,-20.3,-12.4,-1.0,-6.2,-30.2,-7.6,-22.5,-19.8,0.1,26.4,92.8,-6.6,1.1,19.7,7.8,4.2,0.6,20.1,7.6,25.402,25.52813043478261,7.9,8.4,1.84,2.2415217391304347,2.29,2.448695652173913,2.77,2.653913043478261,3.22,2.8606521739130444,1.29,1.3996521739130439,1.37,1.5842173913043478,1.51,1.7962608695652174,,,,,-24.3,70.2,-9.2,-18.2,9.7,6.9,243.8577,232.63096956521736,81.9,76.0,85.58,83.56086956521739,84.64,82.1313043478261,30473.0,-2.3,1.44,1.433478260869565,13.7,9.2,8.0,0.64,0.662,36.8,19.3,4.1,-3.4,18.802,18.80806086956522
2010-04,258.4914,254.1497333333333,87.44,85.75380952380954,,,23.3,11.2,1.6,0.2,4.7,9130.0,-25.9,-10.9,-2.5,-1.6,-34.0,-7.8,-17.5,-21.9,3.9,17.5,93.4,2.3,8.0,22.5,10.7,6.7,4.9,22.9,7.4,25.622,25.310363636363636,14.2,12.2,1.77,1.7911363636363637,2.03,2.045,2.31,2.3088636363636366,2.57,2.5645454545454545,1.305,1.2951363636363635,1.408,1.3752727272727274,1.513,1.4804545454545452,,,,,-22.2,70.1,-4.3,-3.6,16.5,6.8,237.4915,246.48194761904762,76.5,76.9,93.11,90.40142857142855,91.29,88.76857142857143,29919.0,-2.4,1.38,1.4161904761904762,12.9,18.3,14.0,1.2,1.0,40.3,15.6,12.9,-6.1,19.2708,18.851963636363635
2010-05,244.8001,250.36156,74.65,76.99761904761905,,,26.3,10.2,1.7,0.2,4.4,9695.0,-23.7,-12.5,-2.4,-5.2,-31.5,-7.3,-18.2,-24.1,-0.5,30.6,95.9,4.3,8.6,19.8,11.7,-2.7,5.6,24.0,7.4,25.522,25.654666666666667,14.3,16.7,1.54,1.6311904761904763,1.79,1.8873809523809524,2.11,2.1654761904761908,2.4,2.4307142857142856,1.22,1.1888571428571428,1.245,1.2558095238095237,1.328,1.3747142857142858,,,,,-22.2,70.2,-1.6,-7.5,15.0,6.7,210.5871,214.92026,75.3,76.3,81.19,83.39238095238095,78.69,81.15571428571428,30066.0,-5.4,1.24,1.266190476190476,17.4,22.5,19.8,1.87,1.588,40.0,14.8,17.3,-2.4,20.749,20.475857142857144
2010-06,250.5521,247.0232636363636,75.01,75.65863636363638,,,26.6,12.3,0.9,0.4,4.1,9407.0,-23.3,-10.8,-5.8,-1.4,-32.3,-2.8,-17.4,-18.5,-3.4,17.1,97.0,4.8,8.7,19.0,9.2,3.5,1.3,20.9,7.2,25.705,25.775636363636366,14.9,17.8,1.61,1.620409090909091,1.8,1.951590909090909,2.0,2.2525909090909093,2.19,2.5519999999999996,1.19,1.2338636363636364,1.21,1.2844545454545457,1.28,1.3626818181818185,,,,,-21.2,70.2,1.3,-9.3,14.8,6.6,200.095,198.9243863636364,80.4,77.5,79.61,81.48727272727272,77.54,78.96318181818182,30019.0,-5.8,1.23,1.2349999999999997,19.5,23.1,12.6,2.03,2.0149999999999997,34.4,16.0,12.3,0.3,21.017,21.117559090909086
2010-07,285.2612,266.4870857142858,78.18,75.35636363636364,,,33.5,12.3,1.4,0.2,6.6,8679.0,-25.8,-11.8,-7.8,-4.8,-33.5,-5.1,-17.8,-16.8,3.3,19.8,95.6,8.2,10.3,16.2,8.4,-4.4,4.7,28.3,7.3,24.782,25.297909090909094,16.8,17.7,1.54,1.5395454545454543,1.85,1.8495454545454544,2.18,2.18,2.48,2.4918181818181817,1.22,1.2004545454545457,1.23,1.224,1.33,1.305227272727273,,,,,-18.7,70.4,4.5,-2.4,18.5,6.5,221.42,205.41074285714288,71.0,78.0,83.63,80.54727272727274,81.3,78.28318181818182,31134.0,-3.2,1.22,1.2274999999999998,27.5,24.7,15.4,1.9,1.9100000000000001,47.2,15.2,22.6,-0.7,18.991,19.762586363636363
2010-08,297.0686,295.39164090909094,74.64,77.115,,,27.3,11.7,1.8,0.1,6.3,10087.0,-27.0,-13.9,-9.5,-10.9,-35.1,-13.9,-20.5,-14.8,-2.4,25.2,94.5,7.1,8.7,23.7,13.0,5.1,2.9,24.9,7.1,24.765,24.795090909090913,16.5,16.5,1.51,1.5090909090909088,1.87,1.8059090909090907,2.26,2.1968181818181813,2.52,2.5086363636363638,1.23,1.2002727272727274,1.27,1.2068181818181818,1.38,1.3036818181818182,,,,,-19.1,70.4,5.8,0.3,19.6,6.4,219.7657,221.89398636363637,73.0,80.3,80.69,82.69181818181818,77.99,80.29272727272726,31297.0,-3.0,1.24,1.2349999999999994,26.5,19.4,20.0,1.45,1.6780000000000002,42.0,15.6,17.2,-4.2,19.53,19.231295454545453
2010-09,324.1171,320.3822190476191,82.31,78.41727272727273,,,21.5,14.0,1.1,0.1,4.9,9054.0,-34.5,-14.6,-7.6,-10.3,-41.9,-18.7,-17.5,-23.1,0.7,32.1,94.1,4.0,5.8,21.6,12.8,10.6,11.7,26.0,6.9,24.6,24.653136363636364,17.9,15.8,1.75,1.6504999999999999,2.11,1.9134090909090906,2.39,2.3335,2.71,2.664,1.315,1.269090909090909,1.39,1.326136363636364,1.505,1.4404545454545454,,,,,-16.8,70.3,6.7,3.0,21.7,6.4,242.3893,233.12328571428566,83.7,81.7,86.44,83.35181818181817,84.66,81.07181818181817,31611.0,-2.3,1.21,1.2233333333333332,19.4,21.2,16.2,1.3,1.3425,41.2,19.5,17.2,-4.0,18.0443,18.841118181818185
2010-10,368.783,346.21733333333333,83.15,83.53619047619048,,,16.6,12.0,1.3,0.2,4.5,9380.0,-34.7,-18.1,-21.0,-19.6,-41.4,-13.8,-17.7,-14.3,-1.2,29.1,93.3,4.1,8.5,18.4,10.5,9.0,3.4,25.6,7.1,24.621,24.53857142857143,17.9,15.2,1.84,1.8266666666666667,2.19,2.147142857142857,2.55,2.5166666666666666,2.91,2.859047619047619,1.31,1.324047619047619,1.44,1.4371904761904761,1.6,1.5722380952380954,,,,,-15.0,70.4,7.7,2.7,23.4,6.3,247.6408,250.66108571428572,83.7,81.1,86.33,87.27761904761905,84.81,85.63904761904762,31930.0,-1.9,1.2,1.204,18.3,25.1,16.2,0.99,1.1475000000000002,40.2,19.6,16.8,-15.5,17.6533,17.65432857142857
2010-11,358.1056,368.2328476190477,85.92,86.15954545454544,,,23.8,11.4,1.1,0.1,5.0,8635.0,-35.2,-15.7,-8.9,-17.5,-42.9,-12.5,-16.6,-19.9,-5.9,23.7,94.3,7.2,9.2,28.5,12.5,6.0,16.3,24.2,7.0,24.954,24.647909090909085,18.5,15.7,1.68,1.7795454545454548,1.8,2.0284090909090904,2.65,2.487142857142857,3.07,2.843809523809524,1.28,1.2615909090909094,1.42,1.3879545454545452,1.56,1.5334090909090912,,,,,-14.5,70.4,8.0,5.8,24.2,6.2,243.2161,249.07230952380954,87.0,80.8,87.85,88.65954545454544,86.83,87.49499999999999,31716.0,-0.6,1.23,1.2176190476190476,22.0,22.0,14.9,0.87,0.898,36.3,17.0,19.2,-23.6,19.221,18.08135909090909
2010-12,414.7818,394.2789545454545,94.75,92.25478260869566,,,18.2,10.2,1.0,0.1,4.2,8456.0,-31.4,-18.1,-10.0,-15.2,-42.1,-12.3,-21.6,-25.6,-6.1,24.3,97.3,12.8,25.0,22.1,10.3,9.7,-4.6,25.9,6.8,25.017,25.157173913043483,22.3,18.4,1.92,1.8586956521739133,2.05,2.038478260869565,2.17,2.246086956521739,2.29,2.4386956521739127,1.3,1.3267391304347826,1.49,1.5,1.7,1.691347826086957,,,,,-15.5,71.3,9.4,10.4,23.0,6.1,274.5224,260.5811272727273,79.1,80.5,95.12,92.65608695652172,95.17,92.62826086956522,31249.0,-0.3,1.22,1.2218181818181817,27.2,26.1,12.7,0.75,0.6900000000000001,40.5,24.4,12.7,-17.4,18.6936,19.021600000000003
2011-01,431.8494,416.12487,101.01,96.90714285714287,,,25.6,12.1,0.8,0.1,3.6,6369.0,-25.1,-18.0,-13.3,-13.3,-37.8,-11.8,-20.6,-24.9,-6.1,28.1,96.9,12.0,20.0,21.0,13.0,13.2,-3.0,24.5,7.0,24.191,24.421999999999997,28.7,25.4,2.08,2.01047619047619,2.26,2.229285714285714,2.44,2.4423809523809523,2.53,2.6904761904761907,1.36,1.351190476190476,1.61,1.578952380952381,1.88,1.8178571428571426,,,,,-13.9,70.9,8.5,3.9,19.9,6.0,278.9631,271.287365,77.5,82.5,101.87,97.51666666666667,101.7,97.31952380952382,32542.0,-1.9,1.2,1.1966666666666665,24.1,24.4,22.7,0.92,0.938,41.1,18.6,13.8,-16.2,17.6663,18.270085714285713
2011-02,438.3549,437.06696842105265,111.8,104.03200000000001,,,23.4,9.9,0.8,0.1,6.4,7120.0,-28.7,-17.3,-7.4,-15.2,-40.7,-7.1,-21.9,-24.9,-8.8,22.6,96.9,6.2,23.7,18.4,12.2,8.6,4.6,24.6,7.1,24.358,24.27705,32.9,28.0,2.17,2.1825,2.33,2.3545,2.47,2.5174999999999996,2.63,2.6795,1.4,1.4192500000000001,1.63,1.6642500000000002,1.91,1.94695,22.55,21.75,,,-11.1,71.3,10.5,6.1,21.4,5.9,286.7904,283.5529157894737,77.3,81.5,109.8,104.69300000000001,110.95,104.6605,32510.0,-1.6,1.21,1.209,23.0,23.4,23.0,0.97,0.9824999999999999,38.6,16.9,18.4,-16.0,17.6458,17.771169999999998
2011-03,429.9779,424.9673608695652,117.36,114.6717391304348,,,20.7,13.5,0.8,0.1,6.2,8550.0,-29.7,-22.1,-18.5,-25.1,-41.9,-26.5,-21.7,-23.2,-8.5,23.3,97.7,4.5,14.9,18.9,10.4,10.0,9.3,26.4,6.7,24.535,24.400478260869566,41.8,32.3,2.18,2.186521739130435,2.4,2.402173913043478,2.61,2.6104347826086958,2.82,2.8243478260869557,1.415,1.4231739130434782,1.66,1.6608260869565217,1.93,1.9315217391304347,23.7,23.71521739130435,,,-11.4,71.8,10.5,6.1,20.7,5.7,275.8783,275.72541304347834,87.9,81.2,113.97,111.81826086956522,115.77,113.48521739130435,32347.0,-1.8,1.23,1.2073913043478262,16.3,17.4,18.8,0.85,1.1024999999999998,47.3,19.9,12.0,-25.4,17.3325,17.406673913043477
2011-04,431.0619,434.5514857142857,125.89,123.09049999999999,,,9.4,11.7,0.7,0.2,8.9,9210.0,-27.0,-20.4,-14.4,-21.4,-40.8,-17.2,-23.2,-22.7,-9.3,23.1,97.8,6.1,10.7,31.5,15.9,9.8,13.4,24.7,7.0,24.181,24.262571428571427,42.6,31.9,2.05,2.1707500000000004,2.2,2.354,2.35,2.5245,2.49,2.7277777777777783,1.36,1.4099999999999997,1.6,1.6753333333333338,1.86,1.9518095238095239,22.5,22.878947368421052,,,-8.7,72.0,10.9,4.9,20.5,5.6,275.8412,279.1130285714285,79.2,81.6,121.27,118.494,123.71,120.80199999999998,33288.0,-3.6,1.2,1.211,10.9,10.7,20.6,0.23,0.325,42.0,20.7,11.3,-12.5,16.3293,16.768061904761907
2011-05,423.4449,415.5014380952381,116.73,114.52181818181818,,,6.8,12.4,1.0,0.1,6.9,10568.0,-29.6,-21.9,-16.1,-26.9,-40.8,-22.5,-24.5,-20.1,-9.4,26.2,97.9,2.5,19.3,20.9,13.8,10.7,10.6,28.2,6.9,24.557,24.386545454545455,44.8,29.0,1.87,1.9486363636363635,2.03,2.0604545454545455,2.18,2.1572727272727272,2.34,2.263636363636364,1.317,1.349227272727273,1.54,1.5619999999999998,1.75,1.7896818181818177,23.15,22.95795454545454,,,-7.6,71.9,10.7,5.1,19.1,5.6,268.2626,262.4933380952381,85.8,83.7,113.21,110.43681818181818,114.79,112.27318181818181,33052.0,-1.8,1.21,1.2154545454545453,8.3,6.4,20.7,0.0,0.09999999999999999,42.8,25.0,16.7,-0.7,17.0569,17.028872727272727
2011-06,384.0924,407.96663181818184,112.48,113.90181818181819,,,7.9,8.5,1.1,0.1,6.8,10147.0,-28.3,-25.1,-18.2,-32.2,-40.9,-16.6,-27.3,-22.6,-8.5,24.7,97.4,3.2,19.4,26.5,15.7,4.2,12.9,27.9,6.7,24.348,24.276,42.2,28.0,1.85,1.85,1.98,1.9640909090909084,2.09,2.072727272727273,2.22,2.1750000000000003,1.379,1.342590909090909,1.59,1.5543181818181822,1.778,1.7718636363636364,22.15,22.670454545454547,,,-6.7,71.9,9.5,1.8,19.4,5.5,268.4318,262.4186863636364,86.3,82.5,112.39,111.46227272727273,112.8,112.52999999999999,33447.0,-3.2,1.18,1.1981818181818182,13.0,5.8,19.9,-0.05,-0.1625,47.8,22.6,13.4,-4.1,16.7894,16.859318181818182
2011-07,394.8041,398.40816000000007,116.74,116.7547619047619,,,0.1,9.5,1.3,0.2,6.8,9159.0,-25.2,-21.9,-15.8,-27.8,-39.7,-9.8,-23.7,-20.4,-7.7,25.0,97.9,4.5,5.6,26.9,14.4,-0.4,17.1,29.8,6.6,24.175,24.327714285714286,40.8,29.3,1.72,1.7752380952380953,1.52,1.7704761904761905,1.3,1.7239999999999998,1.11,1.6714285714285715,1.273,1.3229047619047616,1.366,1.4807142857142859,1.455,1.6310476190476189,20.95,21.51904761904762,,,-7.1,72.2,8.0,-1.5,19.2,5.5,280.5857,274.09797499999996,72.2,81.3,115.59,115.80285714285715,116.32,116.41999999999999,33956.0,-4.4,1.2,1.1899999999999997,12.8,6.1,16.7,-0.05,0.06000000000000001,48.0,23.3,18.2,-12.8,16.787,17.02327142857143
2011-08,436.6769,411.2096391304348,114.85,109.92608695652174,,,0.8,7.5,1.8,0.1,7.2,9781.0,-27.4,-22.2,-16.0,-27.8,-40.8,-15.8,-24.6,-20.4,-8.7,23.4,97.3,3.5,3.8,28.5,17.6,8.1,24.3,25.6,6.4,24.125,24.260304347826086,39.7,29.1,1.18,1.5290909090909095,1.19,1.297826086956522,1.19,1.0363636363636364,1.3,0.786818181818182,1.155,1.1873913043478261,1.16,1.2208695652173913,1.175,1.2484782608695653,24.55,21.913043478260867,,,-6.2,72.2,4.8,-5.0,15.1,5.4,261.1757,254.87705652173906,76.7,82.4,111.02,108.18913043478258,112.48,108.9769565217391,34096.0,-6.1,1.18,1.1886956521739132,15.0,7.5,19.2,-0.33,-0.22600000000000003,42.3,27.8,6.6,-4.0,16.79,16.918900000000004
2011-09,352.15,398.199061904762,102.76,109.90500000000002,,,12.9,8.6,1.5,0.0,6.8,9456.0,-24.7,-23.0,-13.5,-31.4,-39.0,-7.7,-25.4,-21.7,-11.4,30.6,98.8,0.0,-0.8,22.4,9.5,1.8,25.5,21.6,6.6,24.684,24.55572727272727,39.7,28.2,1.01,1.1278636363636363,1.17,1.1169545454545455,1.13,1.112727272727273,1.13,1.0813636363636365,1.095,1.125727272727273,1.045,1.091818181818182,1.0,1.0564090909090906,16.5,23.372727272727275,,,-7.4,72.3,2.3,-6.9,12.1,5.4,208.7845,238.24947619047617,84.2,82.2,97.19,105.06318181818182,98.01,106.29909090909092,33475.0,-3.8,1.18,1.1738095238095239,8.0,-4.8,11.7,-0.72,-0.55,40.7,18.6,5.4,-4.5,18.4381,17.863995454545453
2011-10,366.7298,365.7689619047619,109.56,108.78666666666666,,,8.9,8.0,1.5,0.1,6.5,9552.0,-22.9,-21.8,-15.8,-31.8,-39.2,-11.5,-22.4,-17.3,-10.3,32.8,99.7,2.2,1.6,27.9,14.4,12.0,19.5,27.4,6.5,24.88,24.830619047619052,39.4,27.5,1.12,1.0483333333333336,1.25,1.2016666666666667,1.265,1.3797619047619047,1.395,1.532894736842105,1.145,1.1190476190476193,1.095,1.0726190476190476,1.04,1.0426190476190473,23.25,22.52976190476191,,,-9.8,72.4,0.6,-10.6,13.6,5.3,229.2702,218.6088619047619,84.6,82.1,104.47,101.95904761904761,106.69,103.95333333333333,33772.0,-3.9,1.16,1.1699999999999997,12.5,-8.5,20.7,-0.79,-0.8039999999999999,44.7,26.2,11.1,-10.7,17.9548,18.092342857142857
2011-11,347.7506,358.0843761904763,110.52,110.49136363636363,,,4.6,9.1,1.0,4.1,6.4,8931.0,-20.3,-29.2,-21.0,-43.7,-37.8,-9.6,-27.4,-24.8,-11.2,43.1,101.5,0.2,12.3,24.6,12.0,15.7,17.2,21.2,6.6,25.342,25.504090909090905,38.0,26.9,1.115,1.0609090909090908,1.165,1.0956818181818184,1.205,1.134772727272727,1.285,1.211818181818182,1.085,1.0642272727272724,1.055,1.0222727272727272,1.075,1.010590909090909,22.6,23.740909090909096,,,-8.5,72.3,-1.5,-6.4,12.6,5.2,222.9043,217.4959047619048,90.8,84.6,105.1,105.20727272727271,107.82,107.60727272727273,33324.0,-4.1,1.15,1.1471428571428568,10.4,-1.5,16.8,-0.8,-0.8325,37.3,18.5,7.8,-11.4,18.8112,18.819381818181814
2011-12,362.8694,346.94456666666673,107.38,107.72285714285715,,,4.1,8.4,1.7,0.1,7.5,8388.0,-28.3,-29.6,-22.2,-49.5,-43.8,-8.4,-27.1,-19.6,-13.0,45.9,102.3,-2.9,8.8,16.1,7.0,10.3,12.4,19.3,6.5,25.585,25.525409090909093,39.0,32.7,0.99,1.0352631578947367,1.11,1.081315789473684,1.24,1.1739473684210526,1.36,1.2564736842105264,1.065,1.0467272727272727,1.01,1.0165454545454542,0.986,1.0177272727272726,20.938,22.36133333333333,,,-10.8,72.9,-1.0,-8.0,13.4,5.2,213.9239,215.10090952380946,81.0,84.2,103.11,103.67476190476194,105.31,105.78047619047618,32224.0,-5.5,1.17,1.1628571428571433,1.2,0.6,14.2,-0.3,-0.5075,38.4,15.4,4.1,-6.1,19.7427,19.41663181818182
2012-01,360.9185,358.96952999999996,110.98,111.45238095238095,,,3.8,8.2,1.3,0.4,7.0,6761.0,-32.0,-28.1,-17.1,-42.2,-46.3,-8.7,-27.3,-25.6,-10.2,44.4,103.7,-2.3,7.5,11.1,7.2,-4.1,15.7,24.2,6.6,25.323,25.524545454545454,39.2,32.1,1.1,1.064090909090909,1.025,1.1325,1.19,1.2529545454545457,1.23,1.3361363636363637,1.105,1.0877272727272727,1.097,1.0749545454545453,1.082,1.0815454545454546,24.05,21.880136363636367,,,-10.4,72.5,0.0,-8.5,12.4,5.1,237.3518,227.84437000000003,79.8,82.5,107.25,107.41380952380953,109.25,109.8338095238095,33215.0,-7.1,1.18,1.1713636363636362,5.5,-0.6,17.6,0.05,-0.046000000000000006,43.4,13.9,15.4,-9.4,19.3553,19.77467272727273
2012-02,374.9708,366.62071000000003,122.66,119.05999999999999,,,12.9,9.9,1.3,0.3,6.0,6774.0,-33.4,-25.2,-16.2,-38.3,-45.6,-11.3,-27.1,-19.2,-11.0,35.4,102.5,-3.0,12.5,12.6,7.1,-8.3,11.5,27.0,7.1,24.899,25.014238095238095,40.3,31.4,1.1,1.0666666666666669,1.21,1.1183333333333334,1.33,1.1677500000000003,1.45,1.2364285714285714,1.12,1.0916190476190475,1.095,1.0591428571428572,1.096,1.0491428571428572,23.9,26.064285714285717,,,-9.2,73.1,0.0,-8.6,14.3,5.1,240.4748,238.58315,81.3,83.5,114.41,112.56952380952379,118.17,115.71000000000001,33701.0,-5.6,1.22,1.195238095238095,2.1,2.6,16.4,0.31,0.2425,43.7,18.2,19.1,-2.6,18.6869,18.899361904761903
2012-03,376.2065,371.2709681818182,122.88,124.54454545454546,,,13.5,7.8,1.2,0.1,5.9,7795.0,-31.1,-30.5,-21.3,-43.2,-45.0,-10.2,-32.1,-25.5,-8.8,41.3,101.8,-1.2,10.1,19.6,11.2,8.3,7.9,27.2,6.9,24.802,24.660045454545454,43.6,29.2,1.14,1.1652272727272728,1.32,1.3038636363636362,1.41,1.5234090909090907,1.71,1.641590909090909,1.212,1.1687272727272726,1.215,1.1707272727272726,1.225,1.1923636363636363,24.975,23.841499999999996,,,-9.5,73.4,-2.4,-5.7,15.3,5.1,227.5011,233.8427181818182,87.9,82.8,114.6,116.69727272727276,118.4,120.63590909090908,33836.0,-4.5,1.24,1.232272727272727,4.0,3.4,16.9,0.08,0.235,44.0,23.0,14.6,-4.9,18.5889,18.664399999999997
2012-04,373.3065,370.31004999999993,119.47,120.48649999999998,,,15.5,7.9,1.8,0.2,6.4,8218.0,-33.7,-28.4,-19.7,-38.1,-44.7,-8.8,-30.0,-25.8,-9.5,37.7,102.2,-0.6,6.1,17.9,10.1,9.4,4.6,27.8,6.8,24.934,24.793,48.2,32.3,1.24,1.2082499999999998,1.31,1.2890000000000001,1.37,1.400238095238095,1.43,1.503809523809524,1.221,1.2151904761904762,1.223,1.2133809523809524,1.225,1.2221428571428574,24.65,24.778947368421047,,,-9.5,73.6,-1.5,-4.3,17.4,5.1,229.313,224.78962,80.9,82.8,113.46,113.981,116.72,117.4005,33714.0,-3.8,1.25,1.2445,6.7,0.1,18.7,0.0,-0.064,46.4,23.7,13.3,-4.0,18.8377,18.834352380952378
2012-05,336.3451,354.31744545454546,101.87,110.28869565217389,,,15.2,8.7,2.1,0.0,6.4,8952.0,-30.3,-31.2,-22.6,-41.8,-44.8,-9.2,-33.3,-27.2,-14.1,38.4,103.9,-2.4,-1.8,19.7,10.8,5.3,9.4,26.3,7.0,25.722,25.324782608695653,43.0,27.1,0.88,1.0189130434782607,0.9,1.0160434782608694,0.94,1.0205217391304346,0.97,1.0416086956521742,0.963,1.0394782608695652,0.91,1.0066086956521738,0.86,0.9883913043478261,22.7,24.18740909090909,,,-8.2,73.4,-4.3,-12.2,16.3,5.1,207.1739,216.5713545454545,83.9,83.2,98.85,105.33217391304345,100.14,107.60739130434781,32905.0,-6.0,1.23,1.2404761904761907,2.0,-0.4,18.3,-0.14,-0.10250000000000001,50.6,16.3,12.0,-6.1,20.807,19.813291304347825
2012-06,369.4021,344.6835523809524,97.8,95.92714285714285,,,9.7,8.1,1.5,0.3,8.3,8686.0,-26.6,-27.5,-16.5,-39.2,-44.6,-21.1,-28.4,-26.0,-12.0,40.2,103.8,-3.7,-3.1,15.0,9.3,4.4,7.8,23.1,6.8,25.523,25.621285714285715,38.3,25.5,0.95,1.20925,1.06,1.031095238095238,1.19,0.9881764705882354,1.096,0.9443333333333334,1.002,0.979238095238095,0.965,0.925047619047619,0.956,0.8889047619047619,24.0,23.81978947368421,,,-9.6,73.3,-5.4,-13.4,13.4,5.1,209.2277,205.58985714285717,84.5,82.5,97.59,95.10095238095238,97.75,95.57047619047619,32991.0,-6.0,1.08,1.2123809523809523,0.6,-2.8,22.0,-0.42,-0.3575,45.4,16.8,7.2,-7.4,20.1513,20.420042857142857
2012-07,422.1641,411.40665714285706,104.92,102.72363636363637,,,13.0,8.4,1.4,0.2,7.6,8335.0,-21.2,-25.8,-16.1,-33.7,-42.1,-10.1,-29.0,-24.6,-12.8,39.4,103.3,-6.4,-4.3,15.7,9.6,3.5,9.5,25.2,6.8,25.327,25.432954545454546,35.4,27.6,0.83,0.8850555555555555,0.81,0.921611111111111,0.79,0.9697058823529412,0.914,0.9366666666666666,0.891,0.9487272727272728,0.822,0.8899545454545454,0.796,0.864909090909091,23.7,24.332409090909092,,,-8.2,73.5,-8.7,-12.7,9.3,5.1,204.0293,206.09283809523808,76.0,82.7,100.68,99.49454545454546,102.14,100.73909090909092,33578.0,-6.1,1.04,1.0565,-5.2,-7.3,23.2,-0.61,-0.49400000000000005,48.0,16.5,11.0,1.8,20.5855,20.692595454545454
2012-08,427.0587,420.94999565217387,114.57,112.67826086956524,,,15.3,7.7,1.2,0.3,7.8,9057.0,-23.7,-22.1,-12.2,-37.2,-42.5,-12.7,-23.5,-15.7,-9.6,41.8,102.9,-7.0,-6.2,19.5,10.4,-8.4,15.0,23.1,7.2,24.854,24.9944347826087,36.0,31.0,0.51,0.6273913043478261,0.52,0.6187391304347826,0.55,0.6515652173913044,0.606,0.66205,0.645,0.7567391304347825,0.523,0.6188260869565216,0.517,0.6023043478260869,24.7,24.081000000000003,,,-8.9,73.8,-9.6,-15.1,9.7,5.0,205.9707,203.85096956521738,75.8,80.8,108.71,106.65391304347825,111.75,109.23739130434782,34021.0,-6.8,0.94,0.9991304347826088,-4.0,-10.1,19.5,-0.79,-0.7050000000000001,48.5,15.8,5.2,-11.1,19.758,20.15288260869565
2012-09,409.4618,416.11417894736843,112.39,113.03399999999999,,,12.3,7.8,1.4,0.3,7.4,8378.0,-28.9,-24.8,-16.2,-41.3,-46.0,-15.8,-25.9,-15.9,-7.9,41.9,101.6,-7.9,-3.4,25.2,14.3,6.3,14.2,24.0,6.9,25.134,24.748900000000003,43.0,32.4,0.52,0.53345,0.52,0.5711,0.52,0.61565,0.634,0.6736470588235295,0.477,0.5676,0.449,0.51095,0.47,0.5139500000000001,25.8,25.7819,,,-8.8,73.8,-11.9,-18.1,9.6,5.0,228.661,224.01683157894732,79.3,81.2,105.56,106.68449999999999,108.61,109.81750000000002,33781.0,-8.1,0.82,0.871578947368421,-2.1,-10.2,25.0,-0.42,-0.5750000000000001,47.4,13.9,10.7,-11.2,19.5462,19.227395
2012-10,395.996,399.327952173913,108.7,111.51999999999998,,,12.6,8.1,1.2,0.2,7.9,9350.0,-33.6,-28.4,-19.9,-38.2,-44.2,-11.2,-31.2,-24.2,-13.5,40.0,101.9,-9.5,-5.7,21.7,12.2,6.8,15.1,23.5,7.1,25.09,24.94221739130435,42.1,30.7,0.52,0.5327391304347825,0.58,0.5876086956521739,0.49,0.6161739130434782,0.703,0.7000869565217391,0.503,0.5339565217391303,0.503,0.5240869565217392,0.504,0.533695652173913,27.15,26.718217391304346,,,-10.8,73.8,-14.6,-15.3,9.1,5.0,208.27,218.17519130434783,87.6,79.4,102.17,104.7517391304348,104.84,107.73260869565217,33715.0,-10.4,0.69,0.7104347826086955,-8.1,-7.1,22.5,-0.52,-0.44000000000000006,50.2,10.3,10.0,-0.3,19.3623,19.232500000000005
2012-11,387.4081,386.6846809523809,111.23,109.52727272727275,,,2.5,8.4,0.9,0.1,8.0,7668.0,-34.1,-27.5,-18.0,-36.6,-49.2,-22.2,-29.8,-25.8,-10.7,40.7,102.8,-13.2,-6.6,21.4,10.4,11.0,10.2,22.8,7.6,25.25,25.354,39.5,29.2,0.41,0.40913636363636363,0.38,0.40759090909090917,0.36,0.36954545454545457,0.551,0.5442727272727272,0.411,0.40459090909090906,0.405,0.3998181818181818,0.402,0.4071363636363636,27.588,27.240999999999996,,,-9.4,73.7,-11.8,-14.5,8.8,5.0,223.0958,211.60567142857144,86.5,78.9,105.19,103.7327272727273,107.79,106.2090909090909,33497.0,-7.8,0.51,0.5377272727272726,-18.5,0.6,17.3,-0.53,-0.5475,45.3,14.3,8.8,-10.3,19.444,19.75078181818182
2012-12,370.3706,379.5291800000001,111.11,109.19649999999999,,,7.7,7.9,1.0,0.1,8.1,7790.0,-29.4,-27.4,-19.8,-37.7,-46.7,-11.9,-29.2,-22.7,-14.9,42.0,101.7,-8.0,-0.6,19.9,10.4,12.6,12.7,22.9,7.1,25.096,25.18733333333333,38.1,27.9,0.35,0.38033333333333336,0.24,0.3348095238095238,0.11,0.2641904761904762,0.35,0.42814285714285705,0.383,0.39433333333333326,0.337,0.3682380952380952,0.311,0.3598095238095238,26.0,27.3171052631579,,,-11.9,74.4,-10.3,-15.7,10.1,5.0,222.6873,223.41691999999998,71.8,80.6,104.08,102.93350000000001,106.87,105.45,33412.0,-9.8,0.5,0.5044444444444445,-4.6,-6.1,16.1,-0.89,-0.716,47.2,8.6,12.9,-15.5,19.0124,19.187923809523813
2013-01,381.8015,372.49188095238094,115.55,112.32318181818182,,,5.9,8.9,1.0,0.3,9.0,7040.0,-28.7,-29.4,-24.3,-40.8,-45.9,-9.6,-31.5,-20.8,-17.8,42.7,102.2,-9.9,-1.7,9.9,7.1,3.4,6.8,25.5,6.8,25.672,25.53834782608696,37.9,27.8,0.41,0.40508695652173915,0.4,0.35443478260869554,0.38,0.30352173913043484,0.605,0.47352173913043477,0.429,0.4119565217391305,0.433,0.3958695652173913,0.455,0.3936086956521739,25.613,26.538681818181814,,,-7.4,73.9,-8.8,-14.3,11.3,5.1,227.7535,223.3792380952381,76.1,78.1,107.07,104.75090909090909,110.81,108.00772727272725,33335.0,-9.9,0.5,0.5,-5.9,-6.2,15.0,-0.49,-0.6975,49.4,17.9,9.4,-9.2,18.9025,19.200973913043473
2013-02,368.5764,369.86322105263156,111.38,116.07250000000002,,,-3.0,8.4,1.2,0.1,7.2,6384.0,-35.1,-21.5,-16.6,-29.6,-50.6,-24.3,-26.5,-13.3,-8.7,46.5,102.0,-7.9,-2.7,10.7,4.4,-2.0,4.1,23.8,7.4,25.662,25.452199999999998,36.6,24.1,0.436,0.4468,0.462,0.44584999999999997,0.31,0.40049999999999997,0.607,0.53585,0.459,0.44820000000000004,0.438,0.4535,0.475,0.4652499999999999,26.875,26.343799999999998,,,-6.3,74.4,-6.8,-15.3,11.0,5.1,216.3278,225.84481578947367,76.2,79.4,103.43,107.65549999999999,106.74,111.38749999999997,33393.0,-10.7,0.5,0.5,-2.0,-10.3,13.4,-0.03,-0.1975,50.1,11.4,10.0,-11.7,19.6537,19.084345000000003
2013-03,359.6098,369.28783000000004,110.02,109.542,,,-0.6,6.3,1.1,0.2,8.3,7209.0,-39.8,-20.8,-10.5,-21.9,-41.5,-25.7,-29.1,-21.7,-11.9,35.9,102.9,-8.8,-2.3,13.5,4.4,-4.3,5.9,22.5,7.3,25.738,25.647761904761907,35.7,24.6,0.36,0.4,0.3,0.36566666666666664,0.23,0.3386666666666667,0.47,0.5396666666666667,0.425,0.44904761904761914,0.426,0.43238095238095237,0.421,0.43480952380952376,36.55,32.14980952380953,,,-6.1,74.8,-7.8,-17.8,13.7,5.0,206.5222,211.22305500000002,82.2,78.8,104.38,103.1265,107.18,105.96900000000001,33443.0,-10.3,0.47,0.48761904761904773,0.4,-8.3,11.6,0.36,0.1775,50.8,14.0,2.6,-15.2,20.076,19.797247619047624
2013-04,356.7315,350.48607727272724,102.37,103.425,,,-4.2,6.3,0.9,0.3,7.7,7005.0,-41.0,-21.9,-7.3,-26.7,-54.1,-26.2,-27.5,-26.0,-14.3,37.2,103.0,-8.4,-5.1,5.6,0.9,-5.2,10.5,22.8,6.9,25.804,25.824590909090908,33.2,22.0,0.33,0.3734090909090909,0.22,0.3111363636363636,0.422,0.26231818181818184,0.479,0.48640909090909085,0.414,0.4164090909090909,0.401,0.40318181818181825,0.4,0.39845454545454545,26.5,28.47045454545455,26.363,26.520285714285713,-4.2,74.4,-7.4,-20.4,8.5,5.0,197.5514,201.78238181818188,80.4,80.2,98.65,99.95545454545454,100.46,101.75045454545453,33016.0,-10.2,0.46,0.46952380952380957,0.4,-7.2,8.4,0.67,0.626,52.2,14.8,1.5,-34.3,19.5995,19.828290909090903
2013-05,356.8439,355.3118590909091,100.39,103.27652173913042,,,-5.2,6.8,0.7,0.2,8.8,7318.0,-38.6,-18.5,-5.4,-20.9,-52.3,-24.2,-26.5,-21.2,-11.2,36.8,102.8,-7.9,-6.2,17.2,6.0,6.7,9.9,23.2,7.3,25.727,25.88469565217391,30.9,20.6,0.37,0.3647727272727273,0.498,0.32913043478260867,0.548,0.3750869565217392,0.59,0.43577272727272726,0.431,0.42360869565217385,0.41,0.4058695652173913,0.406,0.395,27.25,26.736304347826085,26.304,26.36236363636364,-4.2,74.6,-8.0,-13.5,11.8,5.0,200.7208,199.30758636363635,81.7,81.0,97.2,99.61782608695653,98.76,101.49913043478263,32676.0,-6.7,0.46,0.4600000000000002,2.5,-3.0,10.4,0.79,0.7525,48.6,14.7,6.3,-30.0,19.7914,19.94785217391304
2013-06,320.2088,340.614165,102.16,103.34100000000001,,,0.0,7.5,0.7,0.1,8.0,7264.0,-39.1,-19.4,-5.3,-24.0,-52.8,-28.2,-23.8,-24.4,-6.1,34.9,101.8,-7.8,-9.7,15.8,6.2,10.8,18.8,22.4,6.7,26.006,25.749350000000003,31.3,22.1,0.54,0.47400000000000003,0.846,0.605,1.009,0.7246,1.206,0.77945,0.458,0.45859999999999995,0.498,0.4915999999999999,0.584,0.5375,26.0,26.20625,26.407,26.424799999999998,-5.3,74.6,-5.8,-15.3,11.3,4.9,188.1374,195.177215,80.1,81.1,97.75,99.346,99.78,101.34349999999998,32579.0,-6.9,0.46,0.46050000000000013,2.4,1.0,11.7,1.0,0.9450000000000001,49.2,14.3,3.8,-30.1,19.9921,19.51027
2013-07,310.6834,317.8898318181818,107.7,107.42695652173911,102.6,102.25818181818181,4.6,8.2,0.9,0.3,8.3,7369.0,-39.1,-18.1,-5.8,-23.8,-47.1,-31.1,-22.8,-20.1,-6.6,38.1,102.3,-4.8,-3.8,16.6,7.0,15.8,14.6,20.8,6.6,25.937,25.935608695652178,32.6,22.1,0.52,0.49999999999999983,0.67,0.6248260869565216,0.84,0.7660434782608696,0.99,0.8727391304347825,0.471,0.45500000000000007,0.501,0.46939130434782605,0.535,0.5116086956521739,25.6,26.05282608695652,26.191,26.43356521739131,-5.3,75.0,-6.4,-13.9,12.5,4.9,189.8693,191.4981681818182,77.6,83.0,101.42,100.77782608695652,104.15,103.78086956521737,32478.0,-6.1,0.46,0.4600000000000002,6.5,-6.1,10.4,1.02,0.9879999999999999,47.5,12.3,2.5,-16.1,19.5,19.80903913043478
2013-08,318.103,311.8431909090909,114.01,110.44909090909091,105.51,103.99318181818184,-1.4,8.5,1.0,0.1,10.3,7721.0,-34.8,-14.8,-5.5,-15.3,-51.2,-20.1,-21.5,-17.0,-9.9,32.5,101.5,-4.9,-2.3,17.9,9.1,2.7,12.3,22.8,7.2,25.745,25.801863636363635,37.3,23.6,0.56,0.505909090909091,0.77,0.6363636363636364,1.0,0.8117272727272727,1.21,0.905,0.46,0.4487727272727274,0.495,0.4729999999999999,0.55,0.5125909090909091,25.725,25.49214285714286,26.475,26.296181818181818,-4.2,75.0,-2.1,-10.8,13.7,4.9,194.8717,199.16424999999992,77.3,84.3,103.21,102.34363636363636,107.22,105.67318181818183,32934.0,-4.1,0.46,0.4600000000000002,1.4,-0.6,14.2,1.16,1.12,51.6,13.8,3.2,-23.9,19.4715,19.373054545454544
2013-09,313.1396,316.70827500000007,108.37,111.2547619047619,103.19,104.49238095238096,-2.7,11.7,1.2,0.3,8.2,7653.0,-31.5,-13.6,-1.4,-11.5,-48.2,-21.5,-22.5,-19.0,-7.5,28.0,101.3,-4.0,-2.8,21.2,10.0,1.4,9.6,24.1,7.0,25.686,25.77447619047619,35.8,21.0,0.43,0.5014999999999998,0.43,0.5961904761904762,0.664,0.8444761904761907,0.44,0.803809523809524,0.416,0.4466666666666667,0.413,0.4694761904761905,0.442,0.5174285714285715,26.04,26.480952380952377,26.309,26.577238095238094,-2.9,74.9,-1.7,-8.9,15.7,4.9,197.9322,195.047945,84.7,82.7,100.92,102.15,103.91,105.72238095238093,33158.0,-4.4,0.45,0.45333333333333325,6.1,5.8,14.3,1.16,1.192,48.1,14.3,10.0,-17.3,18.9871,19.292957142857144
2013-10,305.9057,314.1256826086957,108.84,109.44043478260872,105.99,105.29434782608693,-4.4,11.1,1.5,0.2,7.9,7233.0,-23.4,-13.3,-2.3,-11.5,-46.1,-18.8,-19.7,-19.8,-7.3,36.5,100.2,-0.6,-7.7,19.6,7.5,5.0,20.6,27.9,6.6,25.794,25.659695652173912,33.9,22.9,0.43,0.42826086956521736,0.42,0.4295652173913044,0.42,0.497695652173913,0.41,0.43260869565217397,0.415,0.4265217391304347,0.417,0.42991304347826087,0.428,0.4561304347826088,24.95,25.879782608695653,26.222,26.27821739130435,-3.6,74.7,1.0,-8.7,12.2,4.8,200.1402,198.4864956521739,90.3,83.7,103.29,102.77913043478262,106.24,105.86391304347826,33216.0,-2.3,0.44,0.4468181818181817,16.5,1.0,9.8,1.19,1.2149999999999999,51.4,22.1,10.3,-12.1,18.985,18.81463043478261
2013-11,309.2713,305.668915,109.69,107.90380952380953,102.93,102.85809523809522,-7.1,8.2,1.9,1.7,8.5,6644.0,-28.0,-11.8,-1.5,-8.2,-47.3,-21.4,-17.6,-19.9,-3.7,26.3,103.8,3.1,0.2,18.1,8.0,9.6,15.2,25.4,7.1,27.368,26.937428571428573,30.1,18.4,0.35,0.37190476190476185,0.2,0.2752380952380953,0.05,0.22209523809523807,-0.1,0.07714285714285714,0.318,0.35171428571428565,0.316,0.34838095238095235,0.33,0.3551904761904762,28.05,27.187619047619044,27.139,26.768476190476193,-4.7,74.9,0.9,-8.1,14.2,4.8,190.7584,193.253125,90.0,83.4,105.58,103.29523809523809,107.98,105.98380952380954,32092.0,-3.3,0.38,0.4047619047619048,26.3,7.1,12.7,0.97,1.0075,48.2,18.7,9.2,-12.7,20.1393,19.958057142857143
2013-12,299.3986,304.60419047619047,110.8,110.70190476190477,102.88,103.42000000000002,-6.0,8.8,1.4,0.5,7.8,6024.0,-27.6,-14.8,-4.4,-14.9,-47.6,-12.0,-22.5,-17.5,-4.9,27.9,105.6,1.1,4.1,20.7,11.1,-2.1,11.6,27.6,6.8,27.337,27.495863636363637,30.7,20.7,0.38,0.365,0.29,0.259090909090909,0.19,0.2683636363636364,0.09,0.040909090909090916,0.35,0.33331818181818185,0.356,0.3375,0.374,0.3484545454545454,26.75,27.722250000000003,26.788,27.15836363636364,-6.2,75.3,0.3,-6.2,14.8,4.8,201.3679,197.19577619047618,77.9,85.3,105.4,105.97190476190478,108.47,108.63619047619046,31777.0,-2.9,0.38,0.38,21.1,9.5,15.0,0.86,0.924,48.9,21.1,12.7,-17.8,19.8905,20.066763636363632
2014-01,298.0939,296.2013,106.4,107.11318181818183,99.9,100.6891304347826,-8.4,10.2,1.3,1.7,7.2,5119.0,-28.7,-12.4,-2.3,-7.2,-46.6,-17.8,-20.4,-19.9,-6.9,20.3,105.2,-1.0,8.9,10.1,7.3,0.1,12.9,27.4,6.5,27.534,27.481521739130432,29.6,22.2,0.37,0.36,0.36,0.33043478260869563,0.35,0.34882608695652173,0.33,0.2569565217391304,0.369,0.3534782608695652,0.387,0.3585217391304348,0.414,0.3757826086956522,25.0,26.236136363636366,25.631,26.054090909090913,-8.6,74.7,0.5,-7.3,15.1,4.8,191.4685,198.1453380952381,80.3,82.8,101.25,102.2572727272727,103.61,104.58863636363635,31843.0,-2.0,0.37,0.37454545454545457,17.4,3.7,15.8,0.64,0.7000000000000001,47.6,19.4,15.2,-14.8,20.4097,20.173834782608694
2014-02,332.9804,317.7040473684211,109.07,108.83500000000001,102.8,102.17699999999999,-8.0,11.5,1.7,0.8,7.9,5501.0,-22.4,-12.0,-2.6,-4.5,-42.4,-8.5,-20.5,-20.4,-5.4,21.7,105.0,0.3,1.6,19.2,9.1,4.6,27.3,25.9,6.5,27.328,27.43655,27.3,19.5,0.42,0.399,0.41,0.388,0.41,0.38110000000000005,0.4,0.35950000000000004,0.37,0.36595,0.39,0.38125,0.431,0.41495,22.825,23.830750000000002,25.106,25.47,-6.4,75.2,0.8,-3.3,15.4,4.8,196.2329,195.06515263157894,81.0,84.4,103.85,103.46900000000001,106.4,106.0885,31754.0,-0.5,0.37,0.37,16.9,14.5,12.8,0.55,0.6225,48.8,21.4,7.5,-14.8,19.7982,20.07254
2014-03,349.5083,344.9783047619047,107.76,107.74809523809525,102.31,101.88523809523808,-4.3,9.9,2.0,0.7,7.9,6578.0,-21.9,-9.0,-0.3,-4.9,-41.3,-17.3,-15.7,-15.2,-3.4,16.2,104.2,0.9,1.6,19.1,10.9,6.2,22.2,28.4,6.7,27.45,27.39190476190477,25.0,17.6,0.39,0.4215,0.47,0.40380952380952384,0.551,0.41585714285714287,0.2,0.3590000000000001,0.355,0.359904761904762,0.367,0.37752380952380954,0.386,0.41085714285714287,21.065,22.77690476190476,24.06,24.94,-7.9,75.4,1.2,-2.1,15.5,4.8,193.1631,192.13469523809522,89.3,85.6,102.99,102.73714285714286,105.39,105.13285714285715,31438.0,0.2,0.37,0.37,17.0,12.9,16.1,0.53,0.43000000000000005,53.4,22.3,9.6,-12.1,19.9357,19.812895238095233
2014-04,364.0893,354.6470476190476,108.07,108.08999999999999,102.08,102.6440909090909,1.1,9.6,2.0,0.2,6.2,6603.0,-17.8,-6.6,2.2,3.2,-38.7,-19.3,-15.8,-15.9,0.3,16.3,103.8,3.1,8.1,21.4,14.8,-4.7,14.9,26.4,6.3,27.456,27.4445,21.3,13.6,0.35,0.38499999999999995,0.22,0.3063636363636364,0.08,0.2345454545454545,-0.05,0.14772727272727276,0.335,0.3565,0.33,0.35745454545454547,0.325,0.36263636363636365,18.9,20.3415,24.369,24.38218181818182,-9.3,75.2,0.5,0.1,16.2,4.8,199.4188,199.59018571428572,86.1,85.8,102.22,103.04047619047618,104.71,105.49285714285716,31491.0,1.1,0.37,0.37,14.3,11.1,25.7,0.91,0.765,50.2,19.3,9.7,-8.5,19.7964,19.872777272727276
2014-05,337.9243,349.66540476190477,109.41,109.2390909090909,103.83,103.19954545454547,2.9,10.8,2.0,0.8,5.7,6832.0,-14.9,-7.8,1.1,2.7,-36.9,-13.9,-13.3,-21.8,-3.3,20.0,103.8,2.9,9.1,16.1,13.7,-5.9,17.5,25.6,6.2,27.483,27.4445,20.6,14.2,0.367,0.34435,0.388,0.24854545454545454,0.421,0.11218181818181816,-0.15,-0.0865,0.343,0.33899999999999997,0.344,0.35013636363636363,0.352,0.3381363636363636,18.6,19.057250000000003,24.439,24.43527272727272,-10.9,75.1,0.8,-3.0,15.0,4.7,204.8274,203.5140761904762,83.9,85.3,103.58,103.18681818181817,105.91,105.68363636363637,31420.0,0.1,0.36,0.36550000000000005,13.6,8.9,28.3,0.95,0.9450000000000001,51.6,10.5,14.6,-8.8,20.1577,19.987031818181812
2014-06,303.5331,319.62919523809524,112.36,111.96714285714287,107.88,106.42285714285715,0.6,15.2,2.2,0.2,6.3,7174.0,-16.3,-5.6,1.3,5.3,-35.7,-12.8,-14.6,-14.4,0.2,18.4,104.1,2.0,5.3,16.4,14.0,-9.4,11.4,28.4,6.1,27.45,27.451428571428572,18.1,13.0,0.34,0.321,0.35,0.28504761904761905,0.36,0.24761904761904763,0.37,0.21309523809523812,0.285,0.3121428571428571,0.28,0.3097142857142857,0.279,0.3101428571428571,16.35,17.37857142857143,23.776,24.20452380952381,-8.5,75.3,-1.1,-4.9,13.0,4.7,210.8934,205.68117142857145,87.1,85.3,107.28,106.0247619047619,109.89,108.7004761904762,31676.0,-0.2,0.35,0.35285714285714276,10.1,8.3,27.5,0.87,0.96,53.7,14.2,17.4,-10.4,20.0461,20.184328571428573
2014-07,281.3226,285.6159090909091,106.02,108.18521739130433,105.28,106.25869565217393,0.9,15.1,2.3,0.1,6.8,7576.0,-14.4,-7.5,0.9,3.2,-33.8,-10.2,-13.9,-20.3,-0.8,12.8,104.1,1.5,5.3,20.9,16.0,-0.4,10.2,28.9,5.8,27.674,27.466478260869568,18.5,14.3,0.35,0.33752173913043476,0.44,0.37699999999999995,0.53,0.42608695652173906,0.62,0.4717391304347825,0.322,0.31639130434782603,0.306,0.3076956521739131,0.301,0.30382608695652175,17.1,16.471739130434788,24.342,23.98952173913043,-11.3,75.5,-0.8,-10.4,12.9,4.7,215.5734,215.79143181818182,84.4,85.2,105.01,105.76434782608698,106.74,107.73521739130435,31358.0,-1.4,0.35,0.34999999999999987,11.0,9.1,28.7,0.52,0.6775,52.7,16.5,17.5,-11.8,20.6659,20.289591304347827
2014-08,278.7649,279.40300952380954,103.19,103.39571428571428,103.94,104.3704761904762,1.1,14.2,2.5,0.4,7.3,7185.0,-11.8,-7.4,2.8,-2.2,-30.2,-11.8,-13.9,-16.4,-1.3,21.3,104.8,2.0,6.6,19.7,13.3,9.7,12.4,29.3,6.2,27.731,27.814619047619047,16.3,12.4,0.34,0.35104761904761905,0.41,0.428952380952381,0.48,0.5221904761904762,0.55,0.6072380952380951,0.31,0.32785714285714285,0.299,0.3267142857142857,0.301,0.32752380952380955,19.75,17.470000000000002,24.754,24.632380952380952,-11.0,75.6,-3.0,-10.3,12.4,4.7,217.8196,215.7450380952381,73.0,86.2,103.43,103.9409523809524,104.64,105.08428571428571,31011.0,-1.1,0.35,0.3499999999999999,10.5,9.4,22.8,0.55,0.515,50.2,19.0,18.7,-11.9,21.1194,20.892209523809523
2014-09,257.3845,264.6537380952381,94.67,98.57,97.16,100.8659090909091,2.2,13.4,3.3,0.3,8.2,7305.0,-8.7,-7.8,1.1,-6.7,-28.0,-10.8,-11.8,-13.8,5.1,24.4,104.8,2.5,-0.2,16.0,14.3,3.0,9.6,28.8,5.7,27.498,27.585409090909092,11.3,9.1,0.33,0.33354545454545453,0.39,0.38636363636363635,0.46,0.45390909090909104,0.52,0.5142727272727272,0.31,0.31686363636363635,0.3,0.3093181818181818,0.3,0.3097727272727273,20.7,20.84227272727273,24.648,24.704636363636368,-10.1,75.6,-5.3,-11.0,12.6,4.7,203.3343,211.1473666666667,92.3,87.4,97.45,101.00636363636363,97.15,101.08954545454547,31289.0,-1.7,0.35,0.34999999999999987,16.1,11.0,25.0,0.54,0.5660000000000001,50.4,19.6,16.4,-9.6,21.77,21.39364545454545
2014-10,280.731,271.8976,85.86,88.0495652173913,88.59,90.54695652173913,8.0,12.6,2.4,0.3,8.3,7114.0,-13.9,-4.8,5.6,1.9,-29.8,-4.9,-11.1,-15.5,3.8,15.5,104.7,1.8,-2.8,14.5,17.3,9.7,12.4,30.0,5.6,27.799,27.587652173913042,11.7,10.2,0.32,0.32339130434782615,0.36,0.3695652173913043,0.41,0.420695652173913,0.45,0.4679130434782608,0.278,0.29734782608695653,0.284,0.2912608695652174,0.293,0.2941304347826087,19.75,21.239130434782606,22.988,23.668086956521737,-9.2,75.3,-6.4,-13.9,12.5,4.7,206.9835,203.5951869565218,92.9,86.5,89.95,91.69782608695651,88.64,90.61521739130437,31561.0,0.7,0.35,0.34999999999999987,12.3,13.0,28.1,0.43,0.4775,50.5,20.4,19.0,-7.6,22.1966,21.754199999999997
2014-11,280.6075,279.20097894736847,70.15,79.62899999999999,77.52,84.25199999999998,9.7,12.7,3.4,0.9,9.6,6572.0,-8.8,-2.7,9.3,3.8,-27.0,-3.6,-9.4,-14.5,-1.6,11.0,104.7,1.3,-3.7,8.5,11.8,10.8,19.4,30.8,6.2,27.63,27.669900000000002,11.1,9.6,0.31,0.3026999999999999,0.34,0.32599999999999996,0.36,0.35475,0.39,0.37725,0.296,0.28500000000000003,0.283,0.27635,0.283,0.27615,24.2,22.969,23.558,23.239749999999997,-12.7,75.3,-4.6,-13.3,11.4,4.6,199.8657,205.30631052631577,89.3,87.3,75.51,84.429,73.23,82.6185,31918.0,1.4,0.34,0.34052631578947373,11.5,7.4,27.2,0.47,0.46249999999999997,51.9,21.3,19.2,-14.0,22.1873,22.1819
2014-12,274.8432,281.1040136363636,57.33,63.26636363636364,68.85,71.92869565217391,2.4,12.5,3.5,0.9,9.8,5798.0,-7.4,-1.8,7.2,3.5,-24.4,-5.4,-5.0,-13.0,4.9,10.5,103.6,2.7,-3.0,19.8,15.8,15.1,15.1,33.0,5.8,27.66,27.63486956521739,8.6,8.0,0.32,0.3171739130434783,0.35,0.3541739130434783,0.39,0.3926521739130435,0.42,0.4292608695652174,0.289,0.29434782608695653,0.269,0.2808260869565218,0.267,0.28043478260869564,20.4,22.568095238095243,21.05,22.29473913043478,-11.4,75.3,-4.4,-11.2,12.3,4.6,191.7329,197.07408636363635,83.4,89.3,66.71,70.14,62.86,67.24499999999999,32097.0,-0.1,0.34,0.33999999999999997,15.0,8.9,29.5,0.4,0.45,50.3,26.2,22.4,-15.0,22.8628,22.457400000000003
2015-01,258.6299,270.2453999999999,52.99,49.75809523809523,63.31,62.718636363636364,8.1,12.0,7.8,0.3,8.8,5271.0,0.2,-1.4,9.1,6.7,-22.7,-4.9,-6.8,-14.7,4.0,6.7,103.4,1.1,-5.3,24.5,16.1,17.4,19.8,31.7,5.7,27.751,27.872090909090904,1.9,2.0,0.29,0.27618181818181825,0.28,0.2673636363636364,0.27,0.25931818181818184,0.25,0.25122727272727274,0.303,0.28145454545454546,0.28,0.2409090909090909,0.251,0.2257727272727273,20.15,19.695238095238093,20.349,20.163904761904764,-11.7,74.4,-3.0,-10.1,12.9,4.5,181.2561,183.769655,82.6,87.5,62.97,60.31523809523809,58.93,56.19761904761905,32070.0,-1.1,0.33,0.3333333333333333,7.1,11.7,29.0,0.86,0.625,53.3,20.8,21.1,-19.8,24.5783,23.978263636363636
2015-02,265.9287,265.4556315789473,62.58,58.794999999999995,70.33,68.47,12.6,10.6,8.1,0.1,10.7,5639.0,-4.1,-5.2,3.1,2.1,-24.0,0.6,-7.6,-18.4,4.7,10.2,103.0,0.9,-2.8,18.8,16.3,12.1,28.6,28.9,5.9,27.513,27.5867,-1.2,2.8,0.28,0.32605,0.295,0.37560000000000004,0.315,0.43095,0.336,0.47990000000000005,0.305,0.30474999999999997,0.27,0.29515,0.26,0.29019999999999996,23.88,22.484,22.723,22.162950000000002,-11.7,75.1,-2.1,-8.2,12.2,4.5,183.6907,182.72707368421052,85.2,88.6,69.87,67.40150000000001,66.94,64.025,32687.0,0.1,0.33,0.33,9.0,9.5,30.7,1.09,0.9875,52.0,18.7,16.0,-16.2,24.5751,24.298070000000003
2015-03,251.6434,256.2641454545454,55.11,56.938636363636355,63.71,65.38909090909091,5.9,10.7,7.2,0.7,9.9,6231.0,-1.2,-2.8,8.4,0.4,-21.7,12.4,-7.0,-13.1,0.9,10.5,103.3,3.9,-3.9,28.6,15.9,4.3,23.8,26.1,5.7,27.559,27.382545454545458,0.5,4.7,0.13,0.2814090909090909,0.131,0.2819090909090909,0.136,0.2900454545454546,0.147,0.2995,0.257,0.27399999999999997,0.193,0.23545454545454547,0.171,0.2213181818181818,22.4,21.809545454545454,21.627,21.724227272727273,-12.1,75.6,-0.1,-5.9,15.0,4.5,181.7181,181.95371818181818,95.5,89.1,63.29,64.69636363636363,60.22,61.67590909090909,32558.0,0.6,0.31,0.3199999999999999,13.9,7.8,24.6,1.67,1.3699999999999999,53.3,17.6,7.3,-16.3,25.6793,25.293418181818186
2015-04,252.0104,254.67765238095242,66.78,61.13571428571428,71.09,67.36454545454545,8.3,9.7,8.2,0.3,15.4,6918.0,5.6,-2.3,6.3,3.5,-17.4,5.5,-5.6,-13.5,6.8,8.5,104.3,4.9,2.5,35.8,20.5,4.3,22.3,25.9,5.2,27.458,27.438545454545455,3.4,6.1,0.31,0.2419999999999999,0.32,0.19454545454545455,0.33,0.13731818181818184,0.35,0.11250000000000003,0.272,0.24000000000000005,0.255,0.19777272727272727,0.263,0.1821818181818182,20.8,21.98675,21.451,21.7575,-9.4,76.0,-0.3,-4.1,15.3,4.4,196.4921,185.12818095238094,90.4,90.1,70.94,67.35190476190476,69.68,65.20809523809524,32920.0,-0.1,0.31,0.3099999999999999,17.1,11.3,29.2,1.58,1.6575,53.2,13.7,10.9,-24.8,24.4638,25.371313636363638
2015-05,243.1767,249.12587,65.56,65.60857142857142,69.24,69.8942857142857,9.8,11.2,8.1,0.4,15.8,7209.0,7.5,-1.1,5.6,1.0,-16.0,14.5,0.9,-11.7,2.9,10.8,103.9,4.2,-1.9,34.7,20.9,3.1,20.1,28.8,4.9,27.429,27.40933333333333,4.2,8.5,0.322,0.3344761904761905,0.349,0.38276190476190475,0.383,0.4361904761904762,0.425,0.4864285714285715,0.301,0.291095238095238,0.302,0.29357142857142854,0.305,0.3018571428571428,20.58,20.546842105263156,21.486,21.550000000000004,-11.5,76.2,-0.8,-3.8,17.0,4.4,181.3652,191.74351500000003,86.1,89.8,69.54,69.92904761904762,68.1,68.34904761904761,33361.0,-0.6,0.31,0.30999999999999994,18.8,7.5,32.9,1.57,1.605,54.5,13.1,19.0,-24.6,24.9598,24.571928571428572
2015-06,275.1747,251.28625454545454,63.59,63.75272727272727,67.43,68.18636363636364,9.9,9.6,8.1,0.9,15.1,7418.0,2.8,-1.3,6.5,5.0,-17.8,14.1,-3.9,-12.8,6.4,8.3,103.6,5.3,-0.3,33.3,21.6,7.2,16.3,31.0,5.0,27.271,27.312136363636363,3.8,9.6,0.297,0.3457727272727272,0.321,0.4015,0.363,0.46959090909090917,0.421,0.5271818181818182,0.289,0.29640909090909096,0.291,0.30704545454545457,0.291,0.3164545454545455,20.55,20.512727272727275,21.501,21.395545454545456,-11.4,76.2,-1.2,-5.1,18.4,4.4,173.4922,178.34068181818182,94.4,89.7,68.08,68.59727272727272,66.55,66.93045454545454,33785.0,0.7,0.31,0.3099999999999999,17.2,6.8,33.5,1.22,1.424,54.3,13.9,24.8,-12.3,24.4712,24.311918181818182
2015-07,244.5889,261.27000454545447,52.21,56.764347826086954,57.4,61.14391304347827,9.6,10.7,6.2,4.2,14.2,6669.0,2.0,-3.1,6.1,-0.2,-17.8,13.1,-4.8,-13.4,10.3,11.3,102.8,5.4,3.0,32.5,20.4,0.7,20.0,29.8,5.0,27.076,27.09539130434782,4.5,10.0,0.189,0.212304347826087,0.208,0.20439130434782607,0.24,0.22186956521739135,0.286,0.2575652173913043,0.24,0.2567826086956522,0.198,0.24604347826086956,0.186,0.2385217391304348,20.48,20.862608695652174,20.503,21.067086956521738,-10.4,76.5,-0.7,-1.8,17.8,4.3,160.8181,167.91778636363634,88.1,92.2,59.03,61.94565217391303,56.09,59.65739130434781,34593.0,1.6,0.31,0.3054545454545454,15.2,15.3,31.3,1.28,1.2550000000000001,54.3,15.8,19.2,0.3,24.6491,24.63867826086956
2015-08,237.8722,242.22299523809522,54.15,48.205714285714286,58.24,53.87666666666666,10.4,9.5,6.2,4.0,14.3,7069.0,1.1,-2.5,8.2,0.1,-19.4,12.6,-3.8,-14.5,7.8,13.2,101.8,2.6,1.8,30.8,18.7,0.9,13.4,31.4,4.7,27.042,27.038714285714285,5.1,9.5,0.226,0.21695238095238095,0.238,0.23585714285714282,0.268,0.26719047619047614,0.319,0.3140476190476191,0.27,0.25185714285714284,0.248,0.2234761904761905,0.234,0.21514285714285714,19.42,19.57095238095238,19.391,19.810714285714287,-8.6,76.4,-2.0,1.5,20.1,4.3,157.1834,156.4832619047619,77.9,90.8,61.01,55.60714285714287,58.46,52.472857142857144,35323.0,2.3,0.31,0.3099999999999999,12.6,15.8,28.5,0.93,1.092,56.2,20.3,17.8,5.2,24.1185,24.267199999999995
2015-09,245.4488,238.97712857142855,48.37,48.53954545454546,52.93,53.597272727272724,13.2,9.0,6.9,3.8,15.2,7482.0,7.3,-2.9,5.9,-1.8,-15.7,9.6,-1.6,-13.9,2.7,9.8,101.1,2.5,0.3,28.2,19.4,7.1,17.1,30.3,4.8,27.186,27.108500000000003,3.3,8.6,0.136,0.165,0.124,0.16590909090909092,0.132,0.18827272727272726,0.162,0.23386363636363636,0.227,0.2325,0.188,0.2053181818181818,0.159,0.18159090909090908,18.33,19.17922727272727,18.62,19.267,-8.6,76.2,-1.7,0.3,21.5,4.3,155.062,156.67261428571427,92.7,89.8,54.85,55.560454545454554,52.23,52.825909090909086,35333.0,1.3,0.29,0.30238095238095236,14.2,9.5,33.4,0.83,0.885,56.9,20.6,13.5,7.8,24.3305,24.125118181818184
2015-10,249.7046,249.06031363636365,49.56,49.29272727272726,53.79,53.5390909090909,16.7,9.0,5.7,3.3,15.7,7385.0,4.2,-0.5,9.8,-6.0,-16.5,8.1,1.7,-7.6,7.4,6.3,100.8,0.6,-1.0,33.3,20.1,8.9,21.0,31.8,4.6,27.091,27.106318181818178,2.3,5.8,0.129,0.12418181818181818,0.125,0.1245,0.133,0.1377727272727273,0.155,0.16081818181818178,0.215,0.22159090909090906,0.175,0.17545454545454542,0.145,0.1443636363636364,17.75,18.2345,17.928,18.35909090909091,-7.6,76.2,-3.4,-0.1,20.4,4.2,151.7134,155.7459772727273,95.8,91.5,56.68,55.906818181818174,53.9,53.22909090909092,35564.0,2.1,0.29,0.29,7.6,8.0,30.9,0.56,0.65,55.8,18.0,21.7,8.3,24.6169,24.163568181818185
2015-11,245.1689,244.79983499999997,44.61,45.93238095238095,53.73,53.21142857142858,21.4,7.7,6.0,0.5,17.3,6948.0,-0.4,0.1,10.1,-0.4,-19.3,11.2,2.4,-11.7,8.4,2.7,100.8,0.2,1.6,32.3,20.2,2.4,16.2,32.6,4.5,27.038,27.039142857142856,2.8,7.9,0.007,0.1435238095238095,0.019,0.1500952380952381,0.052,0.1661904761904762,0.091,0.1911904761904762,0.115,0.20833333333333334,0.06,0.16190476190476188,0.026,0.14699999999999996,18.075,17.149047619047618,17.931,17.501714285714286,-5.4,75.5,-2.6,-0.7,21.5,4.2,138.8107,144.42163,93.8,89.3,51.74,53.54666666666667,48.68,50.44761904761904,35590.0,1.6,0.29,0.29,7.4,13.7,31.4,0.69,0.626,57.7,20.5,19.6,5.2,25.591,25.205423809523808
2015-12,243.0947,246.4258863636364,37.28,38.90409090909091,47.58,49.22434782608695,22.7,7.3,8.3,0.2,14.5,6239.0,-2.4,-0.6,10.5,-0.4,-20.2,8.9,1.0,-13.4,3.7,-0.2,99.6,1.1,0.3,32.8,19.1,15.1,28.1,34.4,4.6,27.022,27.029304347826088,3.3,9.2,0.318,0.23065217391304346,0.351,0.24847826086956518,0.384,0.2729130434782609,0.415,0.30399999999999994,0.262,0.2313478260869565,0.272,0.21760869565217394,0.287,0.22026086956521737,14.4,15.719454545454544,14.85,16.009608695652176,-5.3,75.5,-3.0,-2.6,19.6,4.2,143.7231,141.17451363636366,84.5,89.5,45.51,46.99136363636364,41.81,43.379999999999995,34613.0,1.1,0.29,0.28857142857142853,8.8,7.1,28.0,0.87,0.775,58.4,19.4,25.3,-2.9,24.8731,24.800191304347823
2016-01,241.0845,240.2510210526316,34.74,31.9255,43.89,41.58857142857143,21.2,7.2,7.2,0.5,15.1,5325.0,0.3,1.5,9.2,12.8,-18.3,5.8,-0.8,-15.2,6.3,-4.5,98.1,3.7,-1.2,29.8,19.2,16.3,22.3,35.7,4.3,27.022,27.026190476190475,0.3,6.9,0.128,0.1834761904761905,0.135,0.19095238095238093,0.149,0.2114761904761905,0.167,0.2458571428571429,0.236,0.2502857142857143,0.166,0.21266666666666673,0.131,0.19133333333333333,13.0,13.876749999999998,15.03,14.515899999999997,-5.3,74.7,-3.8,-2.7,19.8,4.1,141.6268,137.734,84.2,91.0,42.84,39.68,39.81,36.285000000000004,35092.0,0.2,0.29,0.29,19.8,11.8,34.5,0.73,0.75,58.7,22.3,26.1,-4.0,24.95,24.87515238095238
2016-02,236.3358,238.56693499999997,35.97,33.527142857142856,43.19,41.73904761904763,17.8,6.9,6.3,0.4,16.2,5739.0,-3.4,-0.4,9.4,4.3,-20.7,7.0,0.0,-15.1,7.4,-0.8,97.0,2.3,-0.3,31.8,19.7,15.1,19.1,32.6,4.2,27.067,27.03766666666667,-0.3,7.9,0.047,0.05585714285714286,0.049,0.06295238095238094,0.063,0.07871428571428572,0.08,0.10176190476190479,0.185,0.18052380952380953,0.083,0.09214285714285714,0.063,0.0641904761904762,12.725,12.443095238095239,13.817,13.901428571428571,-3.6,75.0,-4.3,-5.1,17.5,4.1,146.7491,142.744735,90.4,92.8,42.45,40.88809523809524,39.66,37.70857142857143,35055.0,0.3,0.28,0.282857142857143,16.5,9.6,32.7,0.64,0.6500000000000001,55.5,19.3,22.9,2.8,24.8926,24.353319047619046
2016-03,246.7548,245.87789090909092,39.6,39.790000000000006,45.3,45.388695652173915,19.9,7.1,5.3,0.5,16.3,6374.0,-3.0,-0.5,10.1,0.0,-22.5,5.0,-0.7,-11.4,5.3,1.0,97.2,1.7,-2.0,25.3,17.9,15.8,10.9,33.3,4.1,27.042,27.049391304347825,-1.0,6.4,0.187,0.12152173913043476,0.202,0.12569565217391304,0.217,0.13608695652173913,0.231,0.15099999999999997,0.241,0.20721739130434783,0.184,0.13886956521739133,0.176,0.12360869565217394,12.4,12.248043478260866,13.42,13.646434782608695,-3.1,75.7,-3.8,-3.2,17.5,4.0,147.2606,149.78302272727277,97.0,91.8,45.1,45.12,42.76,42.88909090909091,36021.0,1.4,0.29,0.2861904761904762,12.8,12.5,36.0,0.24,0.42250000000000004,56.7,24.5,18.8,5.6,23.7619,24.2829
2016-04,266.7677,255.6796428571429,48.13,43.33952380952381,50.06,46.66,18.0,7.0,6.4,0.3,14.4,7119.0,-2.7,-0.5,6.8,3.7,-22.1,2.6,-0.3,-12.5,6.7,4.7,94.6,3.9,-1.7,23.6,17.4,20.8,14.2,31.0,3.9,27.048,27.030190476190477,-0.5,6.8,0.216,0.17961904761904762,0.241,0.19757142857142856,0.267,0.21542857142857147,0.29,0.23371428571428574,0.258,0.2429047619047619,0.215,0.181047619047619,0.205,0.16990476190476192,13.0,12.100714285714286,14.84,13.879047619047618,-4.5,75.7,-2.8,-3.4,18.2,4.0,158.4752,150.75024285714287,94.3,91.7,50.1,46.64142857142857,48.83,45.02285714285715,36216.0,1.0,0.29,0.29,14.7,15.9,33.7,0.42,0.435,57.0,19.0,17.1,20.8,23.6216,23.838385714285717
2016-05,275.8558,269.8429857142857,49.69,47.64681818181818,52.14,50.825,19.9,7.7,7.2,0.5,12.9,7907.0,-6.2,0.5,10.2,1.5,-24.8,5.3,2.2,-11.9,6.6,12.0,95.0,3.6,1.2,24.0,18.3,17.5,15.4,32.4,3.9,27.021,27.025000000000002,0.0,7.5,0.257,0.2132272727272727,0.273,0.2283181818181818,0.297,0.2486818181818182,0.326,0.2732727272727273,0.268,0.256909090909091,0.254,0.21904545454545452,0.249,0.21004545454545454,14.175,13.05045454545455,15.702,14.941363636363635,-0.1,76.2,-2.3,-0.4,16.3,4.0,146.9189,147.9448761904762,94.2,89.5,52.66,51.002272727272725,51.47,49.74363636363637,36224.0,2.0,0.29,0.29,18.4,17.3,37.3,0.34,0.374,56.2,23.7,17.3,21.8,24.273,23.923350000000003
2016-06,281.5145,288.3626409090909,49.68,49.92727272727272,53.03,52.83636363636364,26.0,7.3,7.2,0.5,12.7,7232.0,-7.6,-0.6,6.7,3.3,-24.7,6.6,1.7,-14.1,9.1,7.7,95.7,3.1,-3.7,20.5,18.5,19.7,11.5,32.4,4.2,27.077,27.059863636363637,0.5,9.8,0.096,0.15431818181818183,0.067,0.15027272727272728,0.063,0.15781818181818183,0.083,0.17936363636363636,0.23,0.244409090909091,0.17,0.2051818181818182,0.14,0.17663636363636367,14.0,14.42818181818182,16.381,16.395000000000003,1.1,76.3,-1.4,-3.7,17.8,4.0,157.3049,151.05605454545454,98.7,92.9,53.46,53.22318181818182,51.82,52.07,36263.0,1.0,0.29,0.29,14.2,15.0,40.3,0.74,0.565,54.7,19.5,23.1,17.2,24.387,24.072268181818178
2016-07,260.5768,266.726395,42.46,46.53476190476191,47.08,50.62571428571428,28.4,7.2,7.9,0.5,14.1,7013.0,-1.4,-3.1,8.7,-6.2,-22.1,7.7,0.8,-15.6,5.6,9.5,95.9,5.0,-3.7,15.6,17.7,19.1,8.9,33.1,4.1,27.032,27.037523809523815,2.0,9.0,0.193,0.14409523809523805,0.196,0.13914285714285715,0.203,0.14157142857142857,0.216,0.15100000000000002,0.275,0.2473809523809524,0.23,0.19166666666666668,0.2,0.15785714285714286,13.55,14.24547619047619,16.316,16.69595238095238,1.3,76.7,-0.9,-3.0,17.0,3.9,162.2598,160.414605,76.8,91.3,48.17,51.49571428571428,45.99,49.47238095238096,36968.0,1.5,0.29,0.29,13.0,5.8,41.6,0.55,0.5325,56.3,19.8,23.2,1.2,24.1938,24.435585714285715
2016-08,251.7381,260.1882739130435,47.04,47.159130434782604,49.61,50.08608695652174,28.3,7.0,7.2,0.5,13.9,7637.0,-4.6,-2.1,8.6,0.5,-22.9,7.2,-0.5,-17.0,6.3,8.0,95.8,5.6,-0.2,16.8,18.4,18.8,7.9,33.3,3.7,27.027,27.024217391304354,3.0,9.1,0.186,0.18947826086956523,0.199,0.18782608695652173,0.207,0.18986956521739132,0.209,0.19499999999999998,0.26,0.26999999999999996,0.22,0.23739130434782604,0.18,0.20130434782608694,11.75,11.942391304347826,15.01,15.493999999999998,1.9,76.6,-2.8,-6.5,17.1,3.9,156.213,160.2224086956522,88.6,92.8,50.53,51.17434782608696,48.88,49.49565217391305,37075.0,1.0,0.29,0.29,16.5,3.2,43.3,0.64,0.588,59.7,18.0,22.1,-4.8,24.223,24.117234782608694
2016-09,263.5815,261.63696666666664,49.06,47.24045454545455,52.63,50.287272727272736,20.1,7.5,6.7,0.4,14.8,7155.0,-12.7,2.7,10.6,6.4,-27.8,8.1,3.7,-10.1,5.0,6.8,95.8,4.9,-3.0,17.9,18.3,20.2,18.1,33.9,4.0,27.022,27.02218181818182,3.5,9.5,0.188,0.1914090909090909,0.19,0.1964545454545455,0.196,0.20477272727272727,0.206,0.21645454545454548,0.255,0.25795454545454544,0.225,0.2261363636363636,0.195,0.19613636363636366,13.25,12.265909090909092,15.45,14.999818181818181,4.0,76.6,-0.7,-4.1,17.5,3.8,164.2997,158.86502857142858,95.6,92.0,53.93,51.57590909090911,52.51,49.98454545454546,37698.0,2.2,0.29,0.29,14.4,7.5,39.5,0.6,0.6225,59.9,20.2,21.6,-0.9,24.0421,24.098759090909088
2016-10,272.4099,269.5655,48.3,51.387619047619054,51.11,54.2447619047619,22.8,7.3,7.4,1.5,14.6,7413.0,-7.7,1.8,11.0,6.9,-24.7,8.9,3.1,-13.9,9.7,2.3,96.7,3.8,2.1,19.6,21.3,18.7,5.8,36.1,3.8,27.024,27.02133333333333,3.2,8.8,0.238,0.214,0.261,0.23076190476190472,0.284,0.2482857142857143,0.307,0.2671428571428572,0.26,0.2616666666666666,0.23,0.22690476190476197,0.22,0.2054761904761905,17.8,16.089285714285715,17.024,16.32452380952381,2.0,76.7,0.5,-4.8,19.0,3.7,166.8077,161.10251904761904,94.9,93.3,52.86,55.57619047619047,51.33,54.40952380952382,37926.0,2.5,0.29,0.29,14.8,8.8,48.5,1.1,0.9280000000000002,61.6,23.1,23.5,7.6,24.611,24.513942857142858
2016-11,267.8795,270.16704285714286,50.47,47.07863636363636,54.91,53.283636363636376,22.3,4.8,10.5,1.5,14.7,7342.0,-7.4,2.1,13.4,4.0,-23.8,10.3,5.5,-14.4,14.2,1.4,97.5,6.4,7.7,22.6,22.0,21.4,13.1,38.8,3.6,27.049,27.031772727272724,5.1,11.2,0.263,0.24736363636363637,0.281,0.26631818181818184,0.304,0.28963636363636364,0.331,0.31781818181818183,0.27,0.27045454545454534,0.25,0.2459090909090909,0.25,0.23636363636363641,18.2,18.042727272727273,17.157,16.89822727272727,2.2,76.0,0.3,-2.9,18.8,3.7,184.3046,177.8282714285714,100.9,93.2,54.88,52.36045454545455,54.15,50.94681818181818,37935.0,2.0,0.29,0.29,19.7,5.8,45.5,1.17,1.1975,60.9,27.0,28.4,7.9,25.5423,25.07065909090909
2016-12,262.8122,264.81313809523806,56.82,54.91619047619048,58.32,57.12045454545454,23.7,4.7,12.1,0.4,15.1,7084.0,-13.6,1.2,12.3,5.2,-27.4,9.6,1.4,-14.4,6.6,2.3,98.7,6.7,10.8,19.8,20.7,18.2,17.4,39.6,3.6,27.015,27.028772727272727,6.5,14.7,0.076,0.16749999999999998,0.068,0.17772727272727276,0.089,0.2071363636363637,0.139,0.2550454545454546,0.175,0.22663636363636366,0.11,0.18777272727272729,0.1,0.17272727272727276,19.75,17.689090909090904,18.653,17.097136363636363,5.5,76.7,2.5,-4.0,20.3,3.7,175.1879,181.42773333333335,88.0,92.8,58.58,57.27523809523808,58.84,57.27666666666666,36818.0,2.1,0.28,0.2866666666666666,17.2,9.6,45.3,1.37,1.2375,61.4,25.1,32.2,9.7,25.6955,25.652845454545457
2017-01,271.5541,273.417605,55.7,55.44761904761905,56.06,57.04045454545455,22.4,4.6,13.9,0.2,19.0,5960.0,-14.6,2.5,11.7,11.2,-26.5,5.7,2.7,-15.7,10.9,-2.1,99.8,3.7,6.6,26.8,23.5,21.3,9.5,38.6,3.4,27.021,27.02245454545454,10.0,19.3,0.259,0.1696818181818182,0.305,0.2076363636363636,0.354,0.24818181818181823,0.405,0.29059090909090907,0.24,0.18572727272727274,0.21,0.14540909090909093,0.207,0.13904545454545458,21.2,20.139999999999997,17.816,17.968285714285713,5.1,76.0,2.5,-6.4,19.3,3.7,188.0411,182.964175,93.7,95.0,56.39,57.21545454545455,56.58,57.33727272727273,37044.0,5.3,0.28,0.2800000000000001,18.0,6.7,49.1,1.37,1.44,60.9,22.2,32.7,6.1,25.0247,25.42121818181818
2017-02,274.736,277.74818421052635,55.59,55.996500000000005,56.42,56.218500000000006,25.0,3.9,13.5,0.3,19.0,5907.0,-7.4,2.3,11.2,7.6,-22.9,-2.8,0.7,-10.1,8.0,-3.5,100.2,2.8,8.7,26.9,22.6,14.9,20.4,34.2,3.3,27.022,27.0211,14.7,19.4,0.356,0.34375,0.421,0.40665000000000007,0.478,0.462,0.53,0.5088999999999999,0.245,0.24825000000000003,0.275,0.24874999999999997,0.302,0.277,17.1,19.551250000000003,17.1,17.754450000000002,4.7,76.6,3.8,-6.9,19.8,3.6,192.9893,190.59604210526317,93.2,96.0,56.6,56.49399999999999,57.05,56.85849999999999,37305.0,4.4,0.28,0.2800000000000001,15.7,6.4,43.9,1.49,1.4050000000000002,63.0,22.9,16.8,11.1,25.5485,25.395505
2017-03,258.5704,267.2892347826087,52.83,52.53869565217391,53.96,53.18565217391304,25.2,3.8,14.3,0.3,15.7,6994.0,-7.2,0.5,8.3,6.4,-22.2,7.4,0.7,-13.2,8.6,-4.8,100.0,1.7,10.0,28.2,22.9,12.0,14.2,32.4,3.3,27.035,27.026739130434777,16.8,20.1,0.368,0.48513043478260875,0.395,0.5765217391304348,0.423,0.6463913043478261,0.452,0.695608695652174,0.27,0.27434782608695646,0.3,0.30760869565217386,0.33,0.38330434782608697,15.325,15.800434782608693,16.599,16.50426086956522,8.7,76.8,5.5,-4.7,19.8,3.6,188.9242,188.40977826086961,107.5,95.8,54.01,53.27217391304348,54.17,53.32869565217392,37848.0,5.0,0.28,0.2800000000000001,11.4,4.9,43.6,1.32,1.4700000000000002,62.0,22.9,12.4,13.5,25.3822,25.291839130434777
2017-04,259.3541,259.35685789473683,51.73,53.818947368421064,52.79,54.7495,29.6,3.9,16.0,0.2,14.6,6659.0,-7.0,3.0,10.2,8.1,-21.9,9.0,4.0,-10.3,7.9,-3.2,99.4,3.1,12.4,18.5,19.6,17.8,18.8,36.1,3.3,26.838,26.81605,14.6,17.3,0.62,0.47954999999999987,0.729,0.5566499999999999,0.81,0.63655,0.862,0.6551499999999999,0.31,0.288,0.39,0.32125,0.494,0.3978,16.55,16.040499999999998,16.617,16.714150000000004,11.0,77.2,7.9,3.3,20.4,3.6,183.3544,184.10617894736842,93.5,98.9,52.99,54.752631578947366,53.0,54.94842105263158,38700.0,7.5,0.29,0.28777777777777774,10.6,10.5,46.4,1.18,1.0925,62.5,24.5,21.4,7.7,24.6336,25.026104999999998
2017-05,253.5304,259.87655454545455,50.31,51.39043478260869,52.11,52.355652173913036,29.1,4.4,14.9,0.3,15.2,8050.0,-11.9,-0.1,9.3,0.6,-22.5,7.6,1.4,-11.7,9.6,-0.6,98.0,1.6,7.4,17.6,18.0,16.3,10.2,36.2,3.0,26.355,26.572826086956525,12.0,16.7,0.511,0.5886086956521739,0.55,0.6627391304347825,0.582,0.7210000000000001,0.607,0.7628695652173912,0.33,0.3326086956521738,0.39,0.4018695652173913,0.457,0.4975217391304348,15.3,15.64608695652174,16.337,16.431478260869568,10.3,77.2,8.2,-5.7,17.6,3.6,181.2943,180.97263636363635,103.2,100.2,51.93,52.35956521739131,51.81,52.41565217391304,39661.0,5.4,0.3,0.2971428571428571,8.2,7.8,41.7,1.27,1.298,61.8,22.4,24.3,11.0,23.441,24.03895217391305
2017-06,265.0939,256.52885000000003,47.92,47.55363636363636,51.02,49.63545454545454,28.5,4.3,16.4,0.3,14.6,7226.0,-5.9,0.7,8.9,-0.2,-19.2,9.3,4.0,-10.0,8.0,4.1,96.2,3.0,0.1,22.8,20.0,14.5,14.1,35.9,2.8,26.125,26.259000000000004,11.5,17.7,0.66,0.542590909090909,0.723,0.5907727272727272,0.77,0.6304545454545454,0.805,0.6629545454545455,0.388,0.3275454545454546,0.483,0.40172727272727277,0.583,0.4813181818181818,15.375,15.135227272727274,15.853,15.983772727272726,13.0,77.5,10.2,-0.5,18.2,3.5,188.0221,181.3268681818182,103.0,96.6,51.13,49.93636363636363,50.07,49.10863636363636,39670.0,5.9,0.3,0.29727272727272724,10.1,9.9,43.2,1.26,1.2325,62.2,21.9,23.6,8.1,22.8623,23.36864090909091
2017-07,267.1024,270.29476,52.65,49.14857142857144,53.37,51.04904761904762,28.4,3.3,18.2,3.3,15.1,6895.0,-9.7,-1.6,6.1,-0.7,-20.8,9.4,-0.3,-11.6,5.8,4.2,95.1,3.1,2.2,23.7,20.6,19.8,9.1,36.2,2.8,26.083,26.08747619047619,10.8,16.6,0.842,0.7300952380952381,0.932,0.801952380952381,0.998,0.8555238095238096,1.037,0.8912380952380953,0.5,0.43690476190476196,0.65,0.5445238095238096,0.735,0.6401428571428572,15.05,15.098095238095238,15.98,15.923190476190479,12.3,78.0,11.9,-2.3,18.3,3.5,195.5873,189.399895,80.4,96.4,53.53,51.364761904761906,53.3,50.51476190476191,40310.0,4.6,0.31,0.3010526315789473,8.8,11.2,44.8,0.97,1.194,60.6,20.2,27.8,19.6,22.0295,22.625861904761905
2017-08,253.9361,255.6488391304347,52.38,51.87,53.27,52.12913043478261,26.5,3.7,21.9,3.3,13.7,7993.0,-6.1,-0.4,9.0,1.2,-17.3,10.6,1.3,-13.1,9.0,4.4,94.7,3.7,4.6,28.9,23.1,19.0,9.4,36.9,2.7,26.11,26.112260869565215,11.5,16.5,0.882,0.8234782608695651,0.931,0.8782608695652173,0.976,0.9243043478260868,1.016,0.9626521739130434,0.62,0.5566521739130433,0.72,0.6586086956521738,0.823,0.7525652173913044,16.325,15.993913043478262,16.236,16.20004347826087,12.3,78.1,10.7,-6.6,18.2,3.5,215.3698,205.60173043478264,94.2,98.7,53.64,52.3504347826087,53.19,52.03695652173913,40612.0,5.7,0.46,0.43478260869565233,12.1,6.3,46.6,0.55,0.6950000000000001,62.5,22.7,25.6,19.7,21.9221,22.097430434782606
2017-09,254.4747,256.17150000000004,57.54,55.51476190476191,55.85,54.90047619047618,32.9,3.6,20.0,0.3,17.2,7425.0,-7.2,2.6,11.1,2.9,-16.1,11.6,2.6,-6.4,9.7,0.1,95.0,4.1,4.5,22.0,19.7,17.1,7.1,37.2,2.7,25.992,26.07652380952381,12.5,18.6,1.092,1.0170952380952383,1.175,1.0932857142857144,1.239,1.152904761904762,1.285,1.1970476190476191,0.73,0.6902380952380953,0.86,0.8245238095238094,0.998,0.9262857142857142,16.4,17.290952380952383,16.773,16.967714285714287,11.7,78.1,11.9,-4.8,17.8,3.4,207.1115,210.461,100.5,99.6,55.5,54.87142857142857,56.11,54.963809523809516,40798.0,5.7,0.47,0.46100000000000013,14.9,10.9,41.7,0.45,0.4775,61.2,23.3,27.1,18.1,21.9995,21.90205714285714
2017-10,252.7232,253.73559545454552,61.37,57.64909090909091,59.78,56.53999999999999,29.6,3.2,20.0,0.4,18.1,7755.0,-6.3,4.5,14.5,1.4,-16.4,14.9,4.8,-2.7,8.9,1.8,94.5,7.3,1.4,22.7,22.4,17.2,13.6,36.3,2.7,25.658,25.770954545454547,14.4,18.8,1.29,1.174681818181818,1.377,1.2581363636363636,1.441,1.3222272727272728,1.487,1.3685909090909092,0.87,0.7940909090909091,1.04,0.9390909090909091,1.17,1.073636363636364,17.9,17.102954545454544,17.459,17.194090909090907,10.9,77.9,13.3,-2.5,19.5,3.4,219.2667,216.21447727272727,105.7,97.9,58.47,55.77681818181818,59.84,56.59636363636364,40785.0,7.4,0.58,0.5131818181818183,25.5,14.6,49.6,0.74,0.5720000000000001,62.4,22.0,24.4,4.3,22.035,21.925872727272726
2017-11,257.9577,256.62068571428574,63.57,62.86590909090907,58.7,58.688181818181825,29.4,5.4,21.5,4.2,14.9,6999.0,-3.5,6.2,15.0,7.3,-15.1,12.3,7.0,-4.6,12.3,-2.5,94.2,5.9,6.6,26.2,21.8,15.3,15.2,36.7,2.4,25.517,25.545363636363632,16.4,20.4,1.387,1.3394090909090908,1.451,1.4167272727272728,1.509,1.4804090909090908,1.561,1.5319090909090909,0.99,0.9652272727272727,1.17,1.1218181818181818,1.305,1.245318181818182,20.7,19.575227272727272,18.423,18.13159090909091,12.1,77.4,13.3,-2.2,20.8,3.4,210.5463,216.7936047619048,109.2,100.5,59.68,59.84045454545455,61.4,61.53318181818183,40961.0,7.0,0.74,0.7114285714285715,22.7,13.3,46.4,1.07,0.9275,60.2,25.3,24.6,3.1,21.431,21.75422727272727
2017-12,254.8807,254.22017499999998,66.87,64.09200000000001,61.5,59.725714285714275,33.5,5.3,21.6,6.4,13.5,6301.0,-2.0,4.2,13.5,5.4,-13.5,14.6,7.7,-9.8,9.9,-1.3,94.6,4.5,9.4,21.5,21.4,14.1,4.3,38.7,2.3,25.507,25.66280952380952,15.8,19.4,1.416,1.404952380952381,1.484,1.4717619047619048,1.539,1.529047619047619,1.58,1.5735238095238093,0.98,0.987047619047619,1.22,1.1897619047619048,1.348,1.326095238095238,19.35,20.802142857142858,18.37,18.481238095238094,12.3,77.9,14.5,0.1,21.5,3.4,230.1394,215.623535,91.0,101.9,62.63,60.720000000000006,64.76,62.3885,40577.0,8.2,0.76,0.7526315789473683,17.3,15.7,48.5,1.33,1.2475,61.8,26.4,28.0,4.3,21.2901,21.682033333333337
2018-01,257.5986,254.79769523809526,69.05,69.07863636363636,63.47,63.43391304347826,36.3,3.0,29.7,3.7,12.8,6045.0,-2.2,5.7,13.7,17.3,-14.4,18.8,5.7,-13.7,22.2,-4.4,94.0,1.8,5.9,30.6,22.6,20.3,21.1,39.0,2.6,25.273,25.439521739130438,18.6,25.5,1.522,1.4474782608695653,1.655,1.5430434782608697,1.767,1.6231739130434781,1.849,1.6863913043478258,1.01,1.0111739130434785,1.19,1.1949999999999998,1.35,1.335695652173913,17.85,18.572954545454543,17.06,17.536681818181815,13.5,77.1,14.8,-2.0,23.0,3.3,230.4275,227.41893333333329,99.0,101.1,64.73,64.63909090909091,67.11,66.88636363636363,40897.0,8.5,0.81,0.7704545454545453,12.9,9.6,43.6,1.39,1.438,62.7,27.1,27.4,17.6,20.359,20.870878260869567
2018-02,273.2257,263.4975,65.78,65.73049999999999,60.48,60.884,36.1,5.3,26.3,5.5,12.8,5543.0,4.4,4.9,14.1,13.4,-8.4,21.0,3.2,-11.2,15.0,-4.7,93.7,1.2,11.3,35.1,24.2,30.4,16.3,38.2,2.3,25.41,25.333399999999997,19.3,23.2,1.333,1.38475,1.42,1.4954,1.51,1.5891499999999998,1.603,1.67685,0.953,0.9619,1.075,1.09565,1.22,1.26245,45.1,21.6755,16.65,16.715500000000002,14.7,77.5,12.5,-2.4,21.5,3.3,225.8783,228.51223684210527,95.9,98.9,61.16,61.661000000000016,63.07,63.69350000000001,41217.0,8.8,0.91,0.9029999999999999,12.2,12.6,45.3,1.1,1.25,61.4,27.2,26.0,15.7,20.8375,20.524324999999997
2018-03,265.1912,267.8534142857143,70.27,66.71952380952382,64.44,62.4109090909091,34.1,2.8,25.8,3.3,12.8,6498.0,6.4,7.4,15.3,10.8,-6.6,14.8,7.4,-3.9,17.3,-1.8,94.1,4.9,9.9,32.4,23.1,30.9,15.4,34.5,2.1,25.347,25.42259090909091,17.6,20.4,1.286,1.3075,1.367,1.4014090909090908,1.442,1.4894545454545451,1.514,1.5763636363636366,0.94,0.9429545454545455,1.04,1.0523181818181817,1.178,1.2025454545454546,19.5,23.573863636363637,17.441,17.015954545454544,15.6,78.1,10.8,-6.9,20.3,3.3,215.7437,219.97182380952387,106.1,100.2,64.87,62.70095238095237,67.09,64.59571428571428,41139.0,7.0,0.9,0.9028571428571427,21.7,16.2,44.2,0.73,0.8475,63.0,23.0,17.7,9.4,20.5625,20.608409090909095
2018-04,272.8718,268.14655714285715,75.17,71.76238095238095,68.91,66.03,34.8,3.0,27.8,3.5,12.5,7010.0,10.1,5.6,13.9,8.9,-4.5,16.7,8.8,-9.2,20.0,-1.7,94.1,5.6,8.8,34.7,25.5,25.5,15.4,36.2,2.3,25.592,25.36780952380952,17.1,19.5,1.199,1.2540952380952382,1.287,1.341952380952381,1.368,1.4244285714285714,1.446,1.5002857142857142,0.918,0.9201428571428572,1.008,1.0218571428571428,1.11,1.1544761904761904,20.825,19.624285714285712,19.17,18.065238095238094,17.2,78.2,12.2,-4.6,17.8,3.2,223.3821,225.45443333333333,98.6,98.8,69.07,66.1990476190476,72.04,68.71238095238095,41328.0,6.0,0.9,0.8999999999999998,23.5,13.0,50.8,0.37,0.42000000000000004,60.1,25.9,22.7,9.7,21.19,20.66962857142857
2018-05,274.0166,271.90240454545454,77.59,77.00652173913043,73.88,72.35739130434781,36.6,3.1,30.2,1.2,12.5,7565.0,5.8,6.1,14.7,7.9,-6.7,21.9,11.4,-9.7,18.9,0.0,95.7,3.2,9.1,33.9,23.7,31.6,17.5,36.1,2.2,25.826,25.639739130434783,18.8,21.5,1.332,1.3522608695652176,1.419,1.4682608695652168,1.499,1.5657826086956523,1.572,1.6450434782608696,1.033,0.9902608695652174,1.153,1.1306086956521737,1.24,1.2307826086956524,22.45,21.551304347826086,20.164,20.24604347826087,17.4,79.0,11.6,-1.4,17.7,3.2,228.4471,226.49710000000002,104.1,101.4,73.55,72.09173913043477,75.78,74.71652173913044,41232.0,5.0,0.91,0.9014285714285715,18.1,11.5,43.1,0.7,0.5475,62.4,25.7,20.3,10.5,22.0851,21.708595652173912
2018-06,249.9361,259.13780952380955,79.44,75.94142857142857,75.04,72.42809523809522,37.1,3.1,29.1,1.7,15.1,7089.0,3.9,5.2,11.3,8.2,-5.7,23.5,7.7,-6.5,21.2,2.5,96.9,3.9,6.4,32.7,22.9,28.1,20.4,36.6,2.3,25.989,25.793952380952387,22.1,23.2,1.677,1.5294285714285716,1.742,1.6296190476190477,1.794,1.711428571428571,1.833,1.7755714285714281,1.328,1.155190476190476,1.488,1.2988095238095239,1.603,1.4164761904761904,21.575,21.94547619047619,20.775,20.165761904761904,16.5,79.1,12.0,-6.3,16.2,3.2,217.2232,228.02844285714286,106.5,103.1,74.36,72.00952380952381,77.2,74.03761904761905,41565.0,4.7,1.16,0.9452380952380953,16.6,15.2,45.2,0.83,0.8025,61.9,19.5,28.5,9.4,22.2365,22.100390476190473
2018-07,256.2308,246.02720000000002,74.25,74.95181818181818,73.08,73.3190909090909,37.6,3.0,30.2,2.4,12.0,6746.0,6.0,2.4,11.6,3.1,-3.8,21.7,6.4,-11.5,14.6,4.3,97.5,-0.3,4.9,27.1,19.7,27.4,12.7,36.7,2.2,25.578,25.84327272727273,22.1,23.3,1.971,1.850545454545454,2.068,1.9151363636363639,2.125,1.9576363636363638,2.146,1.9790000000000005,1.46,1.412,1.665,1.6219545454545454,1.825,1.7632272727272726,22.075,22.259545454545453,20.831,20.899318181818185,20.4,79.7,10.4,-7.0,22.8,3.2,206.6661,204.84758571428574,88.6,103.3,72.66,72.55136363636363,74.09,74.32499999999999,42690.0,4.7,1.22,1.1849999999999998,7.2,18.1,38.0,0.84,0.892,60.4,20.6,29.1,7.8,21.8776,22.11225454545455
2018-08,244.9642,249.96824782608698,77.42,73.84173913043479,75.7,73.02478260869565,45.5,2.6,28.9,6.8,11.9,7274.0,9.0,0.8,10.9,2.3,-2.4,21.5,2.5,-12.4,8.0,2.7,97.4,-0.6,6.4,22.2,17.3,27.4,13.4,38.1,2.4,25.763,25.69547826086957,21.3,23.2,2.084,2.0202608695652176,2.134,2.0566086956521734,2.166,2.0869999999999997,2.178,2.1118260869565217,1.83,1.724,1.925,1.8456521739130436,2.013,1.961304347826087,25.9,23.940434782608694,23.41,22.094086956521743,18.8,79.7,9.5,-5.5,21.7,3.2,197.9055,200.33363913043476,96.1,100.8,74.66,72.23260869565217,76.38,73.68347826086956,42861.0,4.8,1.5,1.4482608695652173,6.3,14.0,35.8,0.31,0.5499999999999999,60.2,22.5,31.7,9.5,22.21,22.255030434782608
2018-09,241.0126,241.8800789473684,82.72,79.1095,80.52,76.73400000000001,44.9,2.3,35.7,5.3,14.0,6727.0,8.8,4.5,10.8,2.2,-2.3,19.5,8.7,-3.6,16.6,2.0,97.3,1.6,8.2,31.0,22.5,14.7,17.1,38.7,2.2,25.765,25.618100000000005,24.0,25.0,2.252,2.24575,2.304,2.2981499999999997,2.341,2.3306000000000004,2.363,2.3432000000000004,1.925,1.8957500000000003,2.08,2.0580000000000003,2.193,2.17265,27.15,27.865,24.989,25.1715,18.9,79.8,9.1,-1.7,22.4,3.1,201.8308,196.28310000000002,100.1,101.9,78.69,75.35100000000001,80.94,77.251,43383.0,5.7,1.7,1.544736842105263,13.9,11.2,39.4,-0.02,0.11,58.6,26.6,31.0,3.3,22.2056,21.972215000000002
2018-10,246.6362,251.1630086956522,75.47,80.62956521739132,74.27,79.08826086956522,37.9,3.1,36.1,6.0,15.2,7603.0,7.7,3.9,13.3,4.5,-1.8,20.3,7.4,-9.4,14.7,0.6,98.1,2.4,8.7,30.8,21.0,18.3,21.7,38.3,2.1,25.929,25.82578260869565,26.1,25.8,2.492,2.427869565217391,2.57,2.510217391304348,2.615,2.561782608695652,2.627,2.5829130434782606,2.05,2.00804347826087,2.23,2.1823913043478256,2.383,2.317739130434783,23.475,25.56652173913044,23.108,24.72295652173913,20.9,79.9,6.8,-5.8,20.6,3.1,189.6737,199.5294652173913,112.1,100.6,73.8,77.62652173913045,74.95,79.43434782608696,43676.0,5.6,1.81,1.7613043478260866,14.5,6.8,37.9,-0.1,-0.066,60.1,27.4,27.3,-5.5,22.92,22.496347826086954
2018-11,251.0152,250.18820476190476,58.71,65.94909090909091,59.75,65.7140909090909,39.7,3.1,38.8,3.5,15.6,6828.0,8.7,1.9,13.4,-4.8,-0.3,18.7,8.8,-9.7,15.3,3.2,98.2,2.8,8.9,28.7,22.7,15.3,17.0,42.5,2.0,25.964,25.936772727272725,26.5,26.6,2.367,2.430863636363636,2.381,2.4536363636363636,2.388,2.472227272727273,2.389,2.4854999999999996,2.155,2.1515454545454546,2.278,2.3008181818181823,2.345,2.3936363636363636,24.15,24.661818181818184,22.645,22.969818181818184,20.9,79.0,6.7,-4.6,24.2,3.1,193.2935,192.27578571428572,114.2,101.3,59.87,66.25545454545453,59.99,66.74090909090911,43134.0,7.3,2.02,1.9900000000000007,15.9,3.6,44.0,0.05,-0.042499999999999996,58.3,33.6,35.7,-7.6,22.941,22.82733181818182
2018-12,245.6399,251.52257,53.8,57.6745,56.08,58.58952380952381,42.4,2.4,42.1,6.6,13.2,6246.0,9.8,4.8,15.5,-0.9,0.1,18.5,7.0,-2.3,19.6,1.0,96.9,1.0,9.3,31.6,23.5,16.8,11.2,41.0,2.3,25.716,25.837666666666667,25.2,24.0,1.973,2.208952380952381,1.869,2.162333333333333,1.789,2.127238095238095,1.735,2.104142857142857,2.05,2.121380952380952,2.06,2.1930476190476194,2.07,2.2378095238095232,21.3,23.622619047619047,21.126,22.53895238095238,18.9,79.1,3.9,-5.0,21.6,3.1,183.6036,189.610515,89.5,101.9,55.47,58.775,54.92,58.7115,42660.0,6.6,2.01,2.0144444444444445,13.0,6.0,42.6,0.07,0.13799999999999998,60.2,28.5,34.3,-16.0,22.4332,22.713190476190476
2019-01,252.595,251.40304285714285,61.89,60.2409090909091,60.6,60.270434782608696,36.9,2.7,46.5,6.2,12.4,6078.0,12.1,4.7,14.5,1.2,2.9,20.7,8.7,-5.7,24.7,3.2,96.3,-0.8,13.2,22.9,19.1,19.9,22.2,38.6,2.0,25.751,25.64495652173913,20.2,21.4,2.025,2.096913043478261,1.932,2.022,1.853,1.9515217391304347,1.791,1.8855652173913038,2.053,2.0847391304347824,2.085,2.133695652173913,2.105,2.158652173913043,19.95,21.419545454545457,20.486,20.47122727272727,17.6,78.4,2.4,-10.3,19.9,3.0,197.9621,188.89018571428574,98.1,100.3,60.53,60.55090909090909,60.89,60.63636363636363,43064.0,2.9,1.99,2.005909090909091,7.5,4.4,37.2,-0.05,-0.030000000000000002,58.8,21.5,35.7,-18.2,22.4943,22.456752173913046
2019-02,245.5144,251.34078947368417,66.03,64.4315,64.92,63.26700000000001,38.6,2.5,35.4,4.3,21.2,6096.0,6.6,3.7,14.0,-5.8,-0.4,19.0,11.5,-5.1,20.5,4.2,96.8,-2.0,11.5,16.5,16.7,12.5,15.9,39.2,1.7,25.63,25.722200000000004,21.8,24.0,2.264,2.15075,2.202,2.0842499999999995,2.149,2.00995,2.105,1.9291,2.225,2.1466000000000003,2.295,2.1806000000000005,2.325,2.198,17.75,17.98775,20.254,19.956699999999998,17.3,78.8,0.5,-7.5,20.8,3.0,204.9202,199.85359473684213,97.1,100.6,65.22,63.513,65.97,64.08250000000001,43088.0,2.2,2.02,2.0070000000000006,6.0,7.1,36.8,-0.1,-0.10500000000000001,58.0,29.1,30.4,-6.5,22.54,22.670469999999998
2019-03,239.6005,243.6180952380953,68.39,67.02761904761904,65.0,64.90714285714286,43.6,5.8,55.3,4.4,8.6,7239.0,10.4,1.7,9.9,-7.4,3.5,24.2,9.5,-5.0,17.0,7.3,96.7,-0.5,9.2,17.6,15.5,17.0,25.3,36.2,2.1,25.82,25.676904761904762,23.1,21.7,2.002,2.1467619047619046,1.891,2.070380952380952,1.81,2.006857142857143,1.76,1.9579047619047618,2.075,2.150190476190476,2.11,2.1987619047619043,2.113,2.2112380952380954,14.8,15.69547619047619,18.329,18.805904761904763,18.3,79.1,-2.4,-3.5,19.6,3.0,206.3603,203.70057619047617,106.7,101.0,65.3,65.24095238095236,66.33,66.06380952380951,42841.0,2.9,2.02,2.0276190476190483,7.4,-0.9,33.9,-0.11,-0.17500000000000002,59.3,27.8,21.7,-12.9,23.0182,22.726238095238095
2019-04,234.6248,241.31811428571433,72.8,71.62857142857142,67.05,67.34772727272728,45.7,1.7,44.1,4.8,11.8,7375.0,14.9,0.8,8.8,-10.8,3.7,18.1,9.3,-4.2,17.8,7.4,97.3,-1.0,6.9,22.0,14.8,14.1,19.2,36.2,2.1,25.63,25.675045454545455,15.5,19.4,2.223,2.1291363636363636,2.193,2.0614545454545454,2.165,2.011681818181818,2.138,1.9753181818181818,2.23,2.151590909090909,2.243,2.182454545454546,2.238,2.1790454545454545,14.35,15.094772727272728,19.539,19.742363636363635,19.6,79.9,-5.3,-4.2,20.0,2.9,199.2803,203.15998095238095,102.3,102.5,67.61,67.47952380952381,69.64,69.2304761904762,43421.0,2.6,2.05,2.023,5.9,6.2,29.2,0.47,0.27199999999999996,62.1,24.3,22.2,-7.7,22.8562,22.85670909090909
2019-05,251.8657,235.76011818181817,64.49,70.30304347826088,59.12,65.10826086956521,42.4,2.7,43.4,5.7,8.9,7847.0,10.2,-0.1,9.2,-12.5,3.0,35.4,7.8,-5.0,21.1,10.2,97.6,-3.3,3.6,20.4,15.3,14.8,11.0,31.5,2.1,25.849,25.76895652173913,23.5,24.3,1.907,2.0807826086956522,1.809,2.0011304347826084,1.738,1.942391304347826,1.692,1.9031739130434782,2.15,2.197,2.073,2.1840869565217393,2.008,2.156391304347826,10.3,13.294347826086955,18.202,19.074217391304344,18.4,80.1,-5.0,-2.7,18.7,2.9,187.1777,191.40311363636363,107.2,104.4,59.14,65.02173913043478,59.97,66.72000000000001,43279.0,2.4,2.19,2.1909523809523805,6.1,0.2,34.7,0.74,0.7225000000000001,59.5,17.0,17.8,-1.1,23.1444,23.043891304347827
2019-06,258.0832,257.104075,66.55,63.038,62.23,60.1625,41.7,6.3,53.3,4.9,7.8,7355.0,14.9,0.4,8.6,-6.6,4.2,18.1,7.3,-7.8,15.9,10.2,96.2,-4.6,2.7,18.0,14.9,15.5,13.7,31.0,1.7,25.434,25.586850000000002,22.3,23.9,1.842,1.8181999999999998,1.698,1.7002000000000002,1.595,1.6202999999999999,1.536,1.5781500000000002,2.155,2.1407999999999996,2.1,2.0505,2.003,1.9523499999999998,9.5,10.525,17.931,18.18475,16.9,80.4,-8.8,-2.6,16.5,2.9,190.5817,187.17104,99.9,99.7,62.18,59.9905,63.36,60.765499999999996,43814.0,0.9,2.17,2.173,0.3,-1.5,32.6,0.64,0.7525000000000001,59.3,17.9,15.7,4.0,22.36,22.65296
2019-07,244.3811,252.688309090909,65.17,64.21478260869567,61.72,61.95739130434782,39.4,8.0,52.7,5.5,5.8,7566.0,7.7,0.5,9.8,-7.8,-0.1,27.1,7.5,-7.6,15.2,10.9,95.8,-4.7,5.8,20.3,16.7,17.5,11.9,30.4,2.1,25.692,25.553260869565218,19.2,22.3,1.745,1.813043478260869,1.607,1.6952173913043476,1.513,1.603869565217391,1.462,1.5379565217391307,2.108,2.131347826086956,2.008,2.0442608695652176,1.905,1.9455652173913043,10.175,10.933913043478261,18.258,18.428173913043477,18.0,80.7,-12.0,-7.3,12.5,2.9,192.8908,192.0201909090909,94.0,99.8,61.7,61.46260869565217,63.22,62.63347826086957,43990.0,-0.4,2.16,2.1640909090909086,-0.6,-20.1,34.9,-0.15,0.19199999999999998,57.3,19.0,14.9,-9.9,23.1999,22.79077391304348
2019-08,233.8942,238.1936227272727,60.43,59.50181818181818,56.83,57.36909090909091,39.7,6.9,51.2,5.3,7.2,7374.0,4.0,-0.3,8.5,-9.9,-1.4,27.5,7.1,-6.9,15.7,14.9,96.3,-5.1,0.4,19.0,17.3,14.0,15.0,35.2,2.1,25.953,25.818590909090904,19.3,22.3,1.568,1.5141363636363636,1.44,1.3895000000000002,1.338,1.301636363636364,1.228,1.2220454545454547,2.055,2.040954545454545,1.88,1.8473636363636365,1.708,1.6707272727272728,9.0,10.03659090909091,17.099,17.41863636363636,15.6,80.6,-10.8,-5.9,11.2,2.9,194.1275,190.69562727272725,92.3,100.2,56.39,56.94136363636365,57.24,57.685909090909085,44172.0,0.8,2.14,2.1431818181818185,3.6,-19.8,35.0,-0.71,-0.5725,59.8,19.9,25.8,-4.6,23.6283,23.21428636363636
2019-09,245.5198,238.193345,60.78,62.28714285714287,57.04,58.79285714285714,43.3,2.3,36.8,5.4,10.6,7506.0,4.8,0.4,11.1,-9.6,-2.3,24.3,4.4,-4.3,12.1,14.2,96.6,-1.3,3.4,21.0,14.3,15.4,10.3,32.7,2.1,25.799,25.855428571428575,18.4,21.0,2.006,1.8131904761904765,1.934,1.7342857142857144,1.866,1.6678571428571427,1.794,1.593904761904762,2.23,2.111619047619047,2.19,2.0227142857142857,2.1,1.9116666666666668,8.05,9.589285714285717,17.983,17.856333333333332,13.2,80.5,-15.1,-7.9,13.7,2.9,194.795,197.377825,104.5,100.4,56.08,57.87714285714286,57.03,59.05571428571429,44676.0,-0.4,2.16,2.142380952380952,15.5,-21.7,27.4,-0.9,-0.898,58.7,21.3,18.1,1.5,23.6715,23.489738095238096
2019-10,250.6572,249.15665217391305,60.23,59.63217391304347,57.29,57.57434782608695,44.4,2.3,44.6,4.8,12.1,7582.0,9.7,0.0,13.7,-8.6,0.2,13.9,6.6,-11.8,13.4,12.6,96.2,-4.3,5.6,18.4,11.1,8.7,15.4,33.0,2.2,25.514,25.683739130434784,17.6,22.5,1.954,1.9528260869565217,1.822,1.8253913043478265,1.761,1.7587391304347826,1.706,1.6906521739130433,2.208,2.229782608695652,2.185,2.197000000000001,2.08,2.085434782608695,10.0,10.232608695652173,16.44,17.30073913043478,14.0,80.6,-14.5,-7.7,15.1,2.9,197.2685,196.24293478260873,108.8,100.5,56.14,56.56826086956522,57.3,57.513478260869576,45347.0,0.4,2.18,2.174090909090909,4.9,-13.1,25.9,-0.6,-0.7325,59.5,19.8,19.7,-13.8,22.8768,23.230265217391306
2019-11,251.7436,251.16018499999996,62.43,62.7095238095238,56.42,57.68666666666667,44.0,2.8,47.0,4.0,10.0,7006.0,9.5,0.8,10.3,-9.5,-1.0,14.8,8.6,-6.0,13.9,10.5,96.0,-5.0,3.4,26.3,16.5,13.0,9.2,35.4,2.2,25.544,25.53457142857143,16.3,21.3,2.049,2.060857142857143,1.964,1.9855238095238095,1.92,1.9415714285714283,1.874,1.886952380952381,2.215,2.2195238095238095,2.218,2.210904761904762,2.153,2.1490476190476193,15.65,14.632142857142858,16.049,16.368238095238095,12.7,79.9,-14.7,-4.0,17.1,3.0,187.6535,193.56855000000002,108.2,98.9,56.77,58.26523809523809,58.19,59.55904761904762,45410.0,0.6,2.18,2.179047619047619,3.2,-7.5,33.2,-0.3,-0.41000000000000003,63.2,21.5,21.4,-15.4,23.1858,23.11257619047619
2019-12,267.3023,260.3845857142858,66.0,65.17380952380954,59.38,58.79681818181819,44.6,4.8,49.6,2.0,14.1,7259.0,12.1,2.9,14.8,-9.4,-0.6,17.1,12.0,-5.7,23.3,15.2,95.7,-4.5,5.3,22.7,14.3,14.5,5.1,32.6,1.9,25.418,25.486,16.2,22.5,2.225,2.129409090909091,2.214,2.0759090909090907,2.184,2.0346818181818183,2.137,1.987909090909091,2.25,2.232045454545455,2.255,2.2327272727272733,2.238,2.196272727272727,11.6,12.99727272727273,12.761,14.452363636363636,13.5,80.4,-14.6,-4.5,21.9,3.1,193.6054,191.7881904761905,89.2,98.8,60.23,59.68761904761905,62.48,61.54904761904763,44597.0,0.9,2.18,2.18,3.0,-13.8,33.1,-0.09,-0.048,60.7,17.6,19.5,-17.8,22.6945,22.933522727272727
2020-01,252.9073,262.31594285714283,58.16,63.67272727272727,54.75,57.87347826086957,47.9,1.8,54.6,2.2,15.0,6893.0,4.3,1.2,11.7,-7.7,-4.1,17.9,8.5,-7.5,18.2,15.2,94.9,-8.9,0.4,28.1,19.4,16.5,7.3,33.7,2.0,25.223,25.217608695652167,16.4,23.9,1.996,2.1331739130434784,1.872,2.0658260869565215,1.806,2.0222173913043484,1.758,1.9873043478260872,2.16,2.2193043478260868,2.145,2.215608695652174,2.115,2.1962608695652173,9.8,11.110909090909091,14.025,15.618130434782609,13.9,79.7,-10.6,-7.9,22.0,3.2,179.1633,191.30645714285717,97.5,99.7,54.83,58.39545454545455,55.61,60.18818181818181,45184.0,0.4,2.16,2.169545454545455,-5.7,-17.5,36.7,0.02,-0.08499999999999999,62.7,17.5,20.8,-15.1,22.7515,22.712678260869566
2020-02,250.5823,255.19214736842102,50.52,55.4775,51.22,55.0865,49.8,1.6,50.2,1.9,15.6,6353.0,5.7,-1.2,6.5,-12.9,-6.0,19.0,5.8,-4.2,17.5,14.4,93.7,-6.8,6.2,35.0,25.0,12.0,14.9,26.2,1.8,25.476,25.072100000000002,17.1,24.5,1.658,2.04685,1.537,1.9367499999999995,1.443,1.86685,1.393,1.8161,2.188,2.3156,2.018,2.25045,1.835,2.1699500000000005,9.225,9.370999999999999,13.844,14.50245,13.0,80.1,-10.6,-8.2,22.8,3.3,175.1368,179.35685789473686,97.5,101.0,50.86,55.19199999999999,49.98,55.352,44731.0,0.0,2.38,2.3435000000000006,6.2,-14.0,44.5,0.3,0.29500000000000004,54.2,11.2,13.0,-20.5,23.087,22.98895
2020-03,242.3132,243.48642727272727,22.74,33.72909090909091,39.49,43.1859090909091,47.6,2.5,47.3,1.6,14.4,6224.0,8.2,-2.6,7.9,-18.3,-4.5,11.3,9.2,-9.1,19.9,15.7,96.4,-10.9,9.7,23.2,18.2,10.5,23.0,23.4,1.9,27.358,26.637409090909088,12.9,25.4,0.486,0.761090909090909,0.538,0.7786818181818181,0.587,0.8010454545454544,0.634,0.8250909090909091,0.483,1.275090909090909,0.455,0.9486818181818183,0.45,0.7835909090909091,7.125,8.593863636363636,12.08,12.859272727272725,8.9,80.2,-17.2,-24.0,-1.1,3.4,158.0549,165.71740000000003,97.1,89.4,39.31,42.686818181818175,36.4,40.25818181818182,43087.0,-1.5,1.03,1.9531818181818184,-14.9,-12.7,36.5,-1.6,-0.644,55.5,2.0,12.8,-22.9,24.8,24.098340909090904
2020-04,231.0334,232.71496666666667,25.27,26.631428571428565,36.59,38.485454545454544,37.2,10.8,52.8,4.3,14.8,7012.0,-1.4,-19.2,-13.7,-45.5,-11.0,11.7,2.1,-19.9,4.2,59.0,98.0,-34.3,-6.9,-19.9,0.5,-11.9,-6.4,-13.8,2.2,27.114,27.263772727272727,5.1,30.9,0.276,0.4190909090909091,0.286,0.4725454545454545,0.322,0.5198636363636363,0.385,0.5602272727272728,0.273,0.3181818181818181,0.268,0.33259090909090905,0.28,0.3677727272727273,5.575,6.528863636363635,12.095,12.621227272727275,0.9,80.6,-35.7,-46.0,-39.7,3.5,162.7834,160.24469523809523,69.3,70.0,36.38,38.19238095238096,32.95,35.54190476190477,43631.0,-37.6,0.9,0.9644999999999998,-57.4,-33.9,32.5,-6.7,-4.635,24.5,-46.7,-19.2,-28.1,24.7479,25.073822727272724
2020-05,228.9222,228.73841000000002,35.33,32.41190476190476,41.57,38.422380952380955,38.1,7.7,46.1,3.4,16.0,7625.0,-3.4,-9.8,-2.8,-23.0,-13.7,11.4,-0.1,-13.3,17.7,52.1,96.9,-31.8,-4.2,12.4,8.0,-7.1,11.7,-20.9,2.5,26.93,27.27842857142857,15.5,31.0,0.231,0.2513333333333333,0.234,0.26409523809523805,0.246,0.28957142857142854,0.269,0.3273809523809524,0.233,0.22757142857142856,0.228,0.23380952380952383,0.25,0.2514761904761905,3.525,4.536428571428572,11.907,12.183333333333334,-0.8,80.5,-29.1,-31.5,-39.8,3.7,167.2664,164.39497,77.9,80.8,42.1,38.61857142857143,39.81,36.31714285714285,43746.0,-40.2,0.34,0.45736842105263154,-30.9,-62.9,22.0,-10.91,-9.5625,11.8,-24.6,-49.8,-32.3,24.28,25.016109523809526
2020-06,236.9682,233.91080000000002,41.15,40.772727272727266,43.39,42.99545454545454,39.7,8.6,43.0,2.7,12.7,7849.0,-4.3,-8.6,-0.5,-18.5,-13.3,5.9,-2.5,-12.7,15.6,49.1,94.8,-34.3,-6.9,20.0,13.6,0.3,0.7,-6.9,2.6,26.664,26.660227272727273,17.9,22.9,0.25,0.33422727272727276,0.278,0.36140909090909096,0.3,0.3886818181818182,0.328,0.4192272727272728,0.245,0.26695454545454544,0.24,0.2898636363636364,0.24,0.31422727272727263,5.5,4.993636363636363,12.499,12.22468181818182,0.6,81.0,-22.1,-16.8,-27.6,3.8,179.8999,175.37167727272728,95.1,89.9,43.46,43.522272727272735,42.16,42.04454545454546,43720.0,-29.9,0.34,0.33999999999999997,-13.8,-62.7,18.5,-9.21,-10.706,19.3,6.6,-46.6,-32.2,23.7371,23.68322272727273
2020-07,242.9505,239.65641818181814,43.3,43.222173913043484,46.0,45.24695652173912,41.8,8.8,43.8,2.8,11.8,7419.0,-4.7,-8.1,2.3,-18.6,-13.1,3.5,-2.8,-13.3,18.4,49.6,94.5,-5.9,-1.4,24.3,14.5,-3.0,17.7,2.3,3.0,26.247,26.50739130434783,14.5,17.1,0.425,0.3468695652173913,0.48,0.3939130434782609,0.513,0.42008695652173916,0.545,0.44673913043478264,0.305,0.2841739130434782,0.315,0.28691304347826085,0.34,0.3027391304347827,5.2,4.847173913043478,11.929,12.535608695652174,0.4,80.6,-15.3,-8.6,-11.8,3.8,192.391,189.29990454545452,90.1,94.6,46.39,45.79391304347826,45.07,44.61043478260869,44176.0,-17.8,0.34,0.33999999999999997,20.2,-28.0,21.8,0.14,-3.5199999999999996,17.1,12.8,-23.1,-34.2,22.283,23.113321739130434
2020-08,259.4782,246.86299999999997,45.28,45.019999999999996,47.67,47.59095238095239,43.4,2.3,36.5,1.3,16.6,7603.0,1.5,-10.5,-0.8,-17.6,-10.2,-1.5,-7.2,-16.4,12.8,47.8,93.5,-4.0,4.6,26.6,15.1,-3.1,18.1,3.2,2.7,26.264,26.167047619047622,15.6,16.2,0.528,0.4532380952380953,0.638,0.5212857142857142,0.72,0.5722380952380954,0.793,0.619,0.35,0.33166666666666667,0.373,0.3408095238095238,0.423,0.37814285714285717,10.375,7.568095238095238,13.924,12.991857142857143,-0.5,80.5,-9.9,-5.1,2.0,3.9,207.1943,199.91508571428568,86.2,97.6,48.24,48.29285714285714,47.25,47.222857142857144,44481.0,-9.4,0.34,0.33999999999999997,17.3,-6.1,20.3,8.44,5.545999999999999,19.7,7.0,-17.2,-28.6,22.0015,22.120638095238096
2020-09,269.7692,263.7705904761905,40.95,41.87363636363636,44.21,44.68318181818183,27.9,8.8,44.2,2.1,12.2,7433.0,-1.7,-8.0,5.1,-13.5,-8.7,2.5,-5.5,-17.8,19.3,43.1,95.3,-2.0,1.6,18.5,12.7,1.3,15.3,18.6,2.8,27.075,26.746136363636367,12.6,11.7,0.388,0.4232272727272726,0.445,0.4895454545454545,0.47,0.5330454545454547,0.495,0.5773181818181818,0.275,0.32118181818181823,0.275,0.3271818181818182,0.335,0.36854545454545456,12.675,11.193863636363638,13.658,13.546636363636365,2.9,80.2,-7.5,-4.2,4.4,3.8,201.3778,203.57210476190474,103.0,98.9,45.4,45.88636363636363,44.09,44.433181818181815,43239.0,-3.9,0.35,0.3409523809523809,21.3,9.1,23.6,9.82,9.695,30.7,15.1,9.8,-30.1,23.0984,22.694977272727275
2020-10,280.1548,280.16399090909084,37.46,41.524090909090916,39.96,43.400454545454544,33.8,7.0,37.8,1.5,12.2,7004.0,1.3,-16.7,-0.7,-36.7,-8.3,0.3,-8.6,-20.7,11.2,52.7,96.8,-0.8,1.7,19.2,14.8,5.6,13.1,6.7,3.2,27.244,27.21,11.1,13.6,0.228,0.30449999999999994,0.24,0.3411363636363637,0.258,0.3768636363636364,0.288,0.4167727272727273,0.269,0.25772727272727275,0.208,0.2376818181818182,0.215,0.27109090909090905,13.45,13.995227272727272,13.586,13.958545454545456,1.6,80.2,-3.1,-1.0,5.2,3.8,207.9037,206.53058181818184,106.7,101.5,41.47,44.57727272727272,40.04,43.53727272727272,43242.0,-6.1,0.35,0.3499999999999999,14.9,3.2,24.7,5.54,7.279999999999999,18.9,2.9,-1.8,-15.8,23.3903,23.125777272727273
2020-11,298.9786,296.05383,47.59,43.98,47.94,46.13999999999999,33.7,3.6,32.5,0.8,14.0,7262.0,-3.1,-18.5,-0.9,-39.4,-10.7,-1.3,-9.5,-24.2,8.1,57.1,95.1,-6.5,-2.2,10.9,10.0,0.6,2.9,0.1,3.0,26.247,26.453619047619046,8.8,17.1,0.62,0.4593809523809524,0.688,0.5079523809523809,0.76,0.5535238095238096,0.83,0.6004285714285714,0.378,0.322,0.445,0.34685714285714286,0.54,0.39914285714285713,15.2,13.805952380952382,14.251,13.631428571428568,0.3,79.4,-3.7,-6.7,1.9,3.8,229.9718,219.00084500000003,107.6,101.0,48.03,45.62428571428571,48.11,45.10047619047619,44459.0,-21.5,0.35,0.3499999999999999,1.9,9.2,21.7,2.23,3.386,11.7,-8.6,-2.9,-30.1,22.0071,22.349514285714285
2020-12,330.4636,306.99273636363637,51.8,50.21818181818182,50.11,49.16391304347826,23.6,17.8,37.6,0.0,7.1,7311.0,-2.6,-9.7,8.1,-25.6,-9.0,-5.6,-4.9,-16.4,17.7,44.6,95.0,-1.7,7.5,20.3,11.2,4.5,20.0,11.2,3.0,26.24,26.29808695652174,6.0,16.4,0.74,0.7033913043478262,0.845,0.8054782608695652,0.95,0.895913043478261,1.05,0.9817391304347827,0.38,0.3633913043478261,0.46,0.4400434782608696,0.595,0.568608695652174,18.8,16.34913043478261,17.175,15.25721739130435,1.8,79.9,-0.9,-4.5,-1.7,3.8,231.1953,234.52697727272727,95.8,100.8,50.41,49.352727272727286,51.2,49.995000000000005,43259.0,-16.5,0.36,0.3509523809523809,5.6,2.5,20.2,1.14,1.5325,29.0,2.1,2.5,-25.6,21.4746,21.604482608695655
2021-01,345.9109,341.57419473684206,55.88,55.3215,51.75,51.95571428571428,35.1,6.7,46.8,1.0,12.8,6022.0,-0.5,-12.3,6.8,-25.6,-11.2,-1.2,-8.5,-21.8,15.2,47.5,95.3,-5.3,13.6,13.6,5.5,7.7,16.8,10.1,3.3,26.044,26.144571428571425,6.5,18.2,0.693,0.6400476190476191,0.82,0.7382857142857142,0.923,0.830190476190476,1.01,0.9144761904761907,0.373,0.3656190476190477,0.425,0.4152380952380953,0.55,0.5254761904761904,19.9,20.48825,16.602,16.398523809523805,1.6,81.0,1.1,-29.1,-4.6,3.9,231.2258,236.94700000000003,93.0,99.9,52.19,52.5625,53.61,53.95399999999999,43798.0,-12.7,0.36,0.36000000000000004,-3.2,8.7,14.0,0.68,0.775,20.4,15.7,-5.9,-27.1,21.4646,21.477457142857144
2021-02,357.5539,351.38078947368416,66.13,62.28150000000001,58.67,56.622,33.2,6.2,46.3,1.3,11.5,6142.0,3.6,-14.3,2.1,-31.8,-8.4,5.6,-10.1,-17.5,7.1,49.7,95.7,-0.8,20.3,12.9,6.4,6.3,17.3,13.8,3.2,26.184,25.869849999999996,10.4,19.0,1.06,0.9896499999999999,1.245,1.1534,1.375,1.2628500000000003,1.46,1.3427000000000002,0.403,0.4156000000000001,0.575,0.5846,0.79,0.78125,15.95,17.42775,16.492,16.801700000000004,-0.1,81.4,6.5,-30.5,-4.2,3.9,255.4053,247.07377368421055,95.5,98.3,59.16,57.14950000000001,61.42,59.20100000000001,43721.0,-10.5,0.36,0.36000000000000004,7.2,-4.4,21.9,0.85,0.7625000000000001,29.8,13.8,-2.3,-27.0,21.6723,21.389915
2021-03,351.1806,353.2268347826087,63.54,65.70217391304348,58.65,60.102173913043494,34.9,6.4,41.1,1.3,9.6,7454.0,-1.0,-15.8,-1.0,-37.5,-5.2,4.9,-6.7,-17.9,13.5,53.5,97.9,-3.1,17.1,11.3,6.0,5.3,14.8,3.1,3.3,26.119,26.17739130434783,14.9,21.3,1.183,1.1226956521739129,1.393,1.316304347826087,1.495,1.420826086956522,1.595,1.5224347826086955,0.433,0.4106521739130435,0.633,0.5787391304347824,0.943,0.8543043478260871,18.93,17.781086956521737,18.069,17.532000000000004,2.1,81.8,12.4,-17.8,-0.2,3.9,249.2028,252.06055217391307,113.5,100.6,58.67,60.46956521739129,60.63,62.70000000000002,43927.0,-7.4,0.36,0.36000000000000004,2.9,-7.2,18.1,0.8,0.772,21.0,0.1,-11.7,-34.6,22.2706,22.00065652173913
2021-04,398.0989,367.9016714285714,67.25,65.32857142857144,62.11,60.995,37.4,3.0,33.4,1.8,14.9,7958.0,1.4,-9.4,3.5,-15.0,-7.4,8.6,-10.0,-16.1,14.8,31.0,98.3,-0.7,22.1,24.6,11.0,7.1,18.4,10.5,3.3,25.874,25.92922727272727,16.7,22.4,1.315,1.1858636363636366,1.555,1.391,1.663,1.4905454545454546,1.77,1.5877727272727276,0.423,0.4195,0.653,0.6292272727272729,0.953,0.9176363636363636,23.6,20.76590909090909,19.861,18.462772727272725,2.9,82.2,15.1,-13.3,-2.0,3.8,272.142,260.0429619047619,103.2,102.8,62.4,61.12714285714285,64.35,62.839999999999996,44578.0,-8.8,0.36,0.36000000000000004,8.5,3.2,26.3,1.58,1.28,22.8,10.0,-1.3,-29.9,21.5243,21.662445454545452
2021-05,394.3575,400.214725,69.32,68.30904761904762,65.37,64.31666666666668,37.6,2.6,31.7,4.3,16.5,8774.0,5.2,-5.2,3.6,-8.2,-3.7,12.5,-7.2,-8.9,16.5,21.2,98.4,0.6,24.3,37.6,16.7,12.1,18.5,16.3,3.1,25.435,25.537952380952383,23.4,26.9,1.518,1.5031428571428571,1.748,1.7209523809523806,1.85,1.8116666666666668,1.95,1.8957619047619048,0.665,0.6094761904761905,0.913,0.8911904761904762,1.238,1.2165238095238093,25.35,25.23619047619048,20.899,21.12685714285714,4.2,82.4,16.1,-6.2,4.4,3.7,282.599,277.9147,101.9,99.1,64.74,64.11714285714285,66.64,65.94190476190477,45408.0,-5.0,0.4,0.3661904761904762,7.3,5.5,29.6,2.45,2.0799999999999996,32.8,11.3,4.9,-27.7,20.8025,21.02415238095238
2021-06,380.2158,379.00521363636364,75.13,73.40818181818182,69.39,68.14454545454545,36.5,6.6,44.5,10.6,12.6,8231.0,5.9,-3.1,3.2,-6.2,-4.2,23.8,-2.5,-6.8,18.5,12.6,99.6,6.3,21.9,36.1,23.0,8.4,25.5,27.4,2.7,25.507,25.454545454545453,30.5,30.7,1.815,1.638590909090909,2.015,1.8379545454545452,2.08,1.928181818181818,2.12,1.9905454545454544,0.918,0.7834090909090908,1.303,1.0779545454545454,1.56,1.3752272727272727,35.5,29.232045454545457,25.467,22.603727272727273,5.4,82.7,19.9,4.4,18.9,3.6,274.346,273.6604,106.4,99.6,68.71,67.57636363636364,71.24,69.91227272727272,45051.0,-0.9,0.66,0.4768181818181818,18.2,8.0,36.0,3.07,2.9125,33.7,28.4,19.9,-15.1,21.5091,21.143386363636363
2021-07,376.4904,373.052180952381,76.33,74.29363636363635,70.31,68.81045454545455,38.9,7.2,43.3,13.8,13.3,7640.0,7.7,-7.0,1.4,-17.2,-4.2,29.7,-3.2,-8.8,14.9,18.3,102.0,-0.7,29.3,30.9,21.7,10.5,21.9,29.5,2.6,25.502,25.632590909090904,35.3,31.4,2.015,1.8448636363636362,2.035,1.937954545454545,2.048,1.9696818181818188,2.05,1.9865454545454546,1.28,1.133409090909091,1.675,1.4647272727272727,1.92,1.6976363636363636,40.575,36.20159090909091,27.387,25.713363636363646,5.9,83.2,22.1,6.9,20.7,3.5,285.1856,276.362219047619,90.4,101.2,69.4,67.85909090909092,71.92,70.25,45340.0,-1.5,0.76,0.6940000000000002,15.2,-0.5,36.3,2.95,3.0775000000000006,34.9,31.1,22.4,-5.6,21.4818,21.678290909090908
2021-08,378.8792,382.60161363636365,72.99,70.51363636363637,68.33,66.84136363636364,27.1,8.2,42.1,16.3,13.0,8171.0,4.2,-4.9,4.7,-14.0,-2.7,41.1,-1.8,-8.4,18.4,15.2,102.3,-3.0,24.1,29.1,22.1,11.3,24.6,25.3,2.8,25.409,25.464863636363635,38.3,31.7,2.245,2.229863636363636,2.275,2.2611818181818175,2.265,2.2497727272727275,2.248,2.226045454545454,1.59,1.543136363636364,2.035,1.9621363636363638,2.183,2.1387727272727277,50.175,44.430681818181824,33.515,31.127954545454546,6.4,83.3,23.1,3.5,22.1,3.4,286.1872,279.3157136363636,88.1,98.6,67.07,65.79454545454544,69.17,67.62181818181817,45894.0,-0.2,0.99,0.938181818181818,9.9,-0.2,37.3,2.0,2.462,29.1,26.7,19.9,-12.1,21.5191,21.640145454545458
2021-09,379.9668,373.3011095238095,78.52,74.87636363636364,74.19,70.70818181818181,42.2,5.5,45.5,18.6,12.1,7510.0,10.3,-4.9,1.5,-19.5,-2.7,39.4,-1.9,0.3,10.2,13.7,103.7,-8.6,26.7,27.3,22.4,17.6,34.2,30.1,2.5,25.343,25.395272727272722,42.7,32.8,3.098,2.6465,3.043,2.6277272727272725,2.965,2.582227272727273,2.83,2.521318181818182,2.545,1.926772727272727,2.873,2.3882272727272724,3.08,2.6079545454545454,93.0,64.63909090909091,57.489,41.2765,9.4,83.4,24.1,4.4,20.5,3.4,280.0201,288.4033476190477,99.6,96.0,71.76,68.85727272727273,74.84,71.31500000000001,47021.0,-0.3,1.24,1.1066666666666667,-3.4,-8.1,34.1,0.93,1.315,44.3,19.5,26.6,-6.8,21.8853,21.584972727272724
2021-10,391.8339,383.3274142857143,84.38,83.74619047619048,78.66,78.97238095238097,39.1,5.7,45.0,23.4,12.5,7678.0,7.1,-8.9,-7.1,-21.9,-4.4,42.5,-4.6,-2.1,12.3,12.6,106.4,-11.0,28.4,23.0,22.7,11.9,30.5,33.8,2.5,25.646,25.503142857142855,49.8,41.4,3.57,3.3743809523809527,3.433,3.2326666666666664,3.31,3.1205238095238093,3.2,3.0262380952380954,3.475,3.0994761904761905,3.62,3.3296190476190484,3.615,3.4097619047619037,63.179,89.56942857142857,45.49,54.69533333333334,10.3,84.0,21.5,3.0,22.6,3.4,292.4987,300.5338333333333,99.3,97.2,75.11,75.46,78.87,79.13523809523808,47421.0,0.4,2.18,2.0164999999999997,-9.9,-11.3,37.7,-0.02,0.25,35.6,32.1,33.6,-22.0,22.1975,21.98811904761905
2021-11,392.2286,401.3597809523809,70.57,80.84954545454546,65.39,71.59045454545455,43.7,6.0,43.1,22.8,13.4,7439.0,6.7,-20.4,-22.6,-41.0,-4.1,40.6,-12.5,-5.7,4.9,22.4,107.3,-2.8,35.0,20.9,22.3,9.3,32.6,27.9,2.2,25.515,25.393363636363635,55.3,40.7,3.488,3.6665454545454548,3.323,3.506954545454546,3.173,3.3666818181818186,3.078,3.2636818181818175,3.81,3.9836818181818185,3.81,3.9654545454545467,3.705,3.8564090909090907,94.359,82.18031818181818,55.256,51.251863636363645,12.0,84.1,20.6,4.4,19.8,3.4,285.4421,288.4553285714286,112.2,102.2,65.7,73.46136363636363,67.42,76.31590909090909,47764.0,-1.5,3.19,2.972857142857143,18.5,-18.2,38.9,0.11,0.005999999999999997,49.5,11.4,22.7,-15.8,22.5042,22.26145909090909
2021-12,406.6742,404.5648318181818,77.78,74.80391304347826,71.21,69.32478260869566,45.1,6.6,47.2,22.4,12.2,7943.0,8.1,-16.1,-9.6,-33.9,-2.6,43.1,-9.6,-11.5,5.9,16.8,108.2,-1.6,34.4,24.5,21.3,10.1,46.4,28.0,2.2,24.886,25.229999999999997,55.9,36.2,4.515,3.9991304347826078,4.283,3.762913043478261,4.07,3.57491304347826,3.89,3.4323913043478256,5.04,4.406782608695651,4.94,4.370434782608695,4.73,4.237826086956521,66.5,113.89326086956522,65.049,85.6953043478261,11.2,84.4,23.5,-5.5,8.4,3.3,303.5661,292.1913272727272,96.8,98.5,72.08,70.41043478260869,74.8,72.65652173913043,48268.0,0.3,4.08,3.5031818181818184,17.0,9.4,34.7,0.7,0.41500000000000004,38.5,18.1,27.4,-21.1,21.8797,22.313365217391304
2022-01,429.903,418.3121,91.21,85.57238095238095,78.14,75.88047619047617,46.1,4.2,48.5,27.7,14.0,6737.0,15.1,-16.5,-15.3,-34.6,4.6,48.2,-10.2,-5.8,9.5,12.8,107.5,0.3,56.3,27.6,22.8,10.2,29.7,28.7,2.3,24.341,24.46738095238095,57.0,39.1,4.723,4.494000000000001,4.428,4.226285714285714,4.185,4.0247142857142855,3.998,3.864666666666667,5.083,4.969904761904762,5.113,4.9581904761904765,4.928,4.749238095238096,84.8,84.56690476190477,54.543,48.83038095238095,9.4,85.1,22.6,-2.0,8.5,3.3,312.8893,313.10927,97.1,102.3,79.75,77.36,83.85,80.90904761904761,49237.0,-0.9,4.36,4.208095238095239,21.3,7.3,41.9,1.06,1.0,42.8,24.8,18.6,-19.4,21.666,21.61805238095238
2022-02,467.0575,448.1313052631579,100.99,94.1015,82.56,80.9825,45.1,2.3,55.2,24.7,12.0,6894.0,9.5,-15.1,-10.8,-27.5,1.4,53.1,-12.2,-9.8,9.4,13.7,109.1,3.3,55.2,26.2,18.9,10.7,28.5,32.5,2.5,25.166,24.45285,63.0,38.4,4.608,4.455450000000001,4.203,4.104,3.908,3.8770500000000006,3.638,3.6926,5.083,5.0295,5.093,5.03695,4.958,4.806000000000001,107.5,81.939,61.353,55.2639,12.4,85.9,22.2,-0.5,16.1,3.2,331.5757,325.6044157894737,95.8,99.2,83.81,82.09200000000001,88.63,86.022,50098.0,0.2,4.73,4.6935,18.9,3.0,31.1,0.58,0.7625,44.5,31.0,22.1,-6.8,22.433,21.557775
2022-03,485.9408,496.89090434782605,107.91,112.46304347826086,90.98,89.7613043478261,43.3,2.0,50.8,25.7,12.5,7851.0,10.1,-28.5,-32.9,-57.9,-0.7,48.5,-16.0,-7.1,-0.2,22.4,116.7,-6.9,57.1,18.0,17.0,8.4,29.3,31.1,2.2,24.402,24.973826086956528,63.5,64.1,5.518,5.149478260869566,5.135,4.791086956521739,4.755,4.447347826086957,4.425,4.183695652173913,5.85,5.494695652173914,5.84,5.526217391304348,5.82,5.445347826086956,122.2,131.3604347826087,72.079,70.50739130434782,8.2,88.0,15.1,-10.3,10.8,3.2,371.4432,380.8137086956521,113.3,100.8,91.13,90.62521739130433,96.75,97.23913043478261,50626.0,-4.0,5.06,4.8621739130434785,-1.0,4.3,31.5,-0.04,0.31,44.3,31.0,18.2,-3.6,22.0572,22.67543043478261
2022-04,509.8996,504.39433500000007,109.34,105.91699999999999,90.42,93.05285714285715,40.3,3.5,50.4,38.8,10.4,7170.0,6.1,-27.5,-27.6,-53.0,-1.6,60.9,-23.2,-6.1,-0.1,25.1,116.4,-1.3,54.5,22.0,15.8,9.3,32.4,34.3,2.5,24.63,24.442095238095238,69.8,50.5,5.848,5.916857142857143,5.588,5.6281904761904755,5.25,5.242809523809523,4.958,4.955904761904763,6.07,6.026380952380952,6.07,6.06042857142857,5.993,6.052047619047619,103.85,101.74680952380955,78.482,77.99447619047619,5.3,88.7,15.6,-10.5,13.9,3.1,348.2234,367.46142,96.8,99.6,90.95,93.116,98.14,98.897,49991.0,-0.5,5.47,5.3636842105263165,13.2,2.0,27.5,-0.47,-0.38499999999999995,43.7,24.2,34.9,-9.3,23.34,22.635433333333328
2022-05,499.6286,508.21567619047613,122.84,111.95954545454546,97.69,94.15318181818184,39.8,3.3,44.4,41.3,11.2,8004.0,8.5,-28.7,-31.2,-50.8,-3.1,61.3,-27.9,-4.7,-1.6,24.9,118.8,4.6,49.6,16.1,16.4,2.2,30.5,29.0,2.4,24.716,24.76877272727273,72.8,46.6,6.233,6.047000000000001,5.835,5.654772727272728,5.358,5.246818181818183,5.023,4.9380454545454535,6.8,6.672818181818183,6.74,6.624818181818182,6.555,6.386272727272728,88.35,89.97045454545454,81.579,78.68827272727272,6.7,89.6,14.2,-11.7,16.3,3.1,325.4745,323.46164285714286,107.2,101.4,95.95,93.3240909090909,103.85,100.13318181818181,49713.0,-0.2,6.19,5.9736363636363645,23.3,2.4,30.1,-0.4,-0.472,46.4,19.5,21.2,-3.5,23.0255,23.40908181818182
2022-06,432.835,472.59368095238085,114.81,117.50318181818184,93.06,98.94136363636363,39.3,2.5,40.4,39.2,12.0,7402.0,6.1,-29.9,-31.1,-50.0,-3.8,51.8,-33.6,-4.8,-9.8,30.7,120.5,3.9,48.9,16.4,18.7,1.2,32.4,23.9,2.4,24.744,24.721909090909094,76.0,44.1,6.535,6.90490909090909,5.878,6.494727272727274,5.273,5.931318181818182,4.75,5.473045454545455,7.525,7.365727272727273,7.51,7.399454545454545,7.06,7.262,145.075,106.65795454545454,106.596,88.93686363636363,5.5,89.6,15.1,-14.2,14.8,3.1,273.8746,304.42245238095234,109.7,102.7,91.37,97.10227272727273,96.95,103.9081818181818,49719.0,-0.5,7.23,6.639545454545455,17.2,13.0,37.0,-0.26,-0.40499999999999997,46.1,12.1,13.3,-6.3,23.6015,23.40469545454545
2022-07,423.2237,408.58317,110.01,105.12380952380951,92.92,89.50285714285715,30.4,2.6,44.6,38.5,12.8,6926.0,7.7,-32.6,-34.5,-55.1,-2.9,53.9,-33.1,-7.7,-7.1,30.2,123.7,-1.7,45.1,16.0,16.5,1.5,31.3,28.1,2.3,24.614,24.59109523809524,77.1,44.2,6.66,6.824190476190476,5.918,6.0509047619047625,5.333,5.396238095238095,4.94,4.9328095238095235,7.55,7.701666666666669,7.45,7.705333333333333,7.095,7.310666666666667,191.15,172.04857142857142,149.505,136.05852380952385,1.1,90.2,11.1,-18.4,10.1,3.1,277.8589,260.07377,88.3,102.3,91.25,87.67952380952381,95.72,91.83190476190477,51348.0,-3.3,7.31,7.298947368421053,14.1,17.4,31.2,-0.28,-0.2475,53.1,16.0,15.1,-3.5,24.0737,24.1519619047619
2022-08,437.6024,424.25954782608704,96.49,97.7408695652174,87.72,89.92999999999999,37.6,2.7,40.2,38.6,15.0,7426.0,1.4,-28.0,-27.9,-45.0,-7.4,52.8,-29.3,-9.9,-5.2,28.8,126.9,-4.8,48.0,17.5,15.5,5.8,26.8,24.5,2.4,24.508,24.55373913043478,78.2,38.0,6.82,6.514565217391303,6.11,5.693782608695652,5.5,5.022652173913043,5.07,4.556,7.4,7.359304347826089,7.433,7.310565217391303,7.17,6.989217391304345,238.925,234.54152173913047,193.776,209.93678260869567,1.8,90.6,8.1,-19.6,7.3,3.1,268.733,275.6858043478261,96.5,103.1,86.07,87.8991304347826,89.93,91.47173913043478,53075.0,-3.3,7.26,7.269565217391304,9.7,10.8,30.8,-0.6,-0.46799999999999997,45.3,16.6,11.7,-6.1,24.376,24.25846086956522
2022-09,428.6627,434.46861428571435,87.96,90.57090909090908,78.45,83.22136363636365,28.0,2.9,42.4,36.0,14.4,6784.0,2.2,-30.4,-30.4,-48.1,-7.2,28.5,-28.5,-14.8,-7.2,37.0,124.4,-4.1,48.4,16.2,14.7,3.2,22.2,21.9,2.3,24.587,24.575636363636363,77.5,42.0,6.53,6.488545454545456,5.963,5.818318181818182,5.478,5.291954545454545,5.008,4.876318181818181,7.26,7.27359090909091,7.19,7.21209090909091,6.843,6.862318181818181,165.0,189.50931818181817,182.669,190.86527272727272,-2.6,92.6,4.5,-23.7,5.8,3.1,251.2416,261.0577333333334,107.6,103.3,75.24,80.33681818181819,78.73,83.83318181818181,52426.0,-3.8,7.25,7.24952380952381,-0.3,-2.0,30.8,-0.95,-0.7749999999999999,41.1,12.5,11.9,-8.2,25.0878,24.83176818181818
2022-10,430.8639,428.60720000000003,94.83,93.59380952380951,86.13,85.54809523809524,29.1,2.4,40.3,36.0,15.5,7179.0,1.1,-31.7,-30.6,-48.8,-8.2,54.0,-31.7,-16.0,-7.8,44.6,121.7,-12.2,44.4,24.2,17.2,5.2,25.7,25.0,2.1,24.483,24.522904761904762,78.3,38.2,6.915,6.763571428571429,6.42,6.200809523809523,6.088,5.671904761904762,5.593,5.0879047619047615,7.453,7.3704285714285716,7.415,7.284333333333332,7.21,7.0337000000000005,36.0,71.61857142857143,129.486,153.7097619047619,-3.2,93.7,3.4,-23.6,1.7,3.1,249.0974,256.5501333333333,101.9,100.0,82.29,81.35285714285715,86.05,85.22047619047619,52879.0,-3.5,7.31,7.279000000000001,-2.7,4.6,26.5,-1.01,-1.012,47.9,13.8,13.4,-7.4,24.7666,24.917809523809524
2022-11,428.9916,428.7425333333333,85.43,90.85181818181819,80.72,80.00136363636365,25.8,7.3,48.0,23.4,11.9,6974.0,-2.4,-29.6,-25.5,-48.9,-5.9,55.4,-29.3,-14.6,-7.0,44.2,119.5,-12.5,42.0,19.2,12.7,13.4,24.2,23.2,2.9,24.349,24.35977272727273,79.5,30.9,5.72,6.250181818181818,4.98,5.624363636363636,4.305,5.062045454545455,3.775,4.535318181818183,7.03,7.164954545454546,6.625,6.950136363636363,6.175,6.633863636363636,144.9,97.06931818181819,145.338,126.64445454545456,-2.1,93.6,3.6,-23.6,2.4,3.1,284.1137,274.15628095238094,112.6,102.8,83.04,82.46181818181817,85.75,86.015,52981.0,-2.9,7.25,7.272380952380952,-3.7,-1.2,25.6,-0.91,-0.9475,43.5,11.3,14.8,-6.4,23.3997,23.864754545454545
2022-12,433.8037,422.7026238095238,85.91,81.34142857142857,79.05,77.26181818181819,27.8,7.5,51.9,23.6,13.0,6702.0,-0.6,-28.2,-20.9,-42.8,-9.4,56.0,-30.3,-18.7,-3.9,38.2,118.6,-8.2,42.0,19.1,10.0,10.4,30.3,23.1,2.3,24.164,24.259818181818183,79.7,24.4,6.113,5.769727272727273,5.62,5.103545454545455,5.045,4.467727272727273,4.645,4.056545454545454,7.098,7.114636363636364,6.923,6.79240909090909,6.53,6.352363636363637,74.0,114.25609090909091,79.739,117.06795454545455,-3.1,92.5,3.2,-16.8,6.1,3.1,290.2389,291.72015714285715,98.3,102.7,80.3,78.40380952380953,83.1,80.54238095238095,51605.0,-3.2,7.26,7.256666666666666,10.0,-8.9,27.6,-0.25,-0.5674999999999999,45.8,13.7,9.8,-10.4,22.5638,22.90810909090909
2023-01,440.8784,425.3366900000001,84.49,83.99772727272727,79.05,78.48090909090908,23.7,1.7,39.0,21.4,25.5,6172.0,-8.7,-21.4,-12.6,-30.3,-14.2,44.7,-26.3,-16.5,1.2,35.0,116.2,-4.1,36.4,27.1,17.7,3.2,23.8,24.7,2.5,23.774,23.946772727272727,79.0,19.1,5.715,5.609681818181818,5.02,4.851545454545455,4.473,4.219590909090909,4.145,3.8260454545454547,7.123,7.078181818181818,6.89,6.809,6.43,6.318818181818182,57.59,62.81136363636362,63.571,67.4355909090909,-2.0,93.0,4.2,-15.6,8.3,3.1,314.1569,303.46884500000004,97.7,100.2,80.33,79.69363636363636,83.33,82.35181818181819,53147.0,-3.4,7.21,7.215909090909093,19.4,-7.7,35.8,0.25,0.06799999999999999,46.6,19.4,8.2,-11.2,21.8867,22.22059090909091
2023-02,420.6059,434.1746210526316,83.89,83.53750000000001,77.06,77.5915,22.9,2.5,38.1,19.5,26.0,6001.0,-12.4,-17.5,-7.6,-24.0,-15.9,44.1,-27.2,-11.3,1.8,29.9,114.4,-7.6,27.7,22.3,15.7,11.4,16.5,27.6,2.5,23.496,23.708599999999997,79.7,19.1,5.845,5.6995000000000005,5.275,5.0222500000000005,4.965,4.632549999999999,4.665,4.3098,7.188,7.15535,7.068,6.9487,6.565,6.3952,48.0,53.483999999999995,53.677,59.05145,-4.4,93.9,1.9,-14.7,9.0,3.0,285.7414,293.43047894736833,97.4,100.9,78.2,78.47349999999999,80.89,80.9715,53522.0,-1.8,7.2,7.200999999999999,1.9,-7.5,36.0,0.55,0.4675,52.0,14.3,16.5,-10.7,22.2135,22.152404999999998
2023-03,423.2747,417.5880695652173,79.77,79.20695652173913,75.72,74.70521739130434,22.0,2.7,36.4,19.1,24.2,6829.0,-13.2,-21.8,-13.7,-26.9,-16.3,42.1,-29.6,-17.1,0.0,26.7,113.4,-0.7,20.6,24.7,18.8,12.9,10.0,22.8,2.6,23.471,23.674217391304346,79.8,19.5,5.603,5.621,5.02,5.03995652173913,4.623,4.636086956521739,4.278,4.3080869565217395,7.125,7.10021739130435,6.778,6.820739130434782,6.163,6.2368260869565235,48.375,44.51765217391304,57.122,51.33739130434783,-5.1,94.8,-0.4,-14.9,11.1,3.0,283.6429,279.8298130434782,115.8,102.9,76.16,75.15304347826087,78.31,77.13086956521738,53835.0,-1.9,7.18,7.192608695652176,20.4,5.3,38.7,0.18,0.42249999999999993,48.2,10.4,10.0,-11.7,21.6512,22.1006
2023-04,408.2693,421.26362631578945,79.54,83.36894736842106,75.66,77.6415,27.4,2.5,36.3,17.2,20.3,6392.0,-13.9,-19.5,-9.2,-24.1,-15.7,40.2,-29.8,-14.9,-0.2,32.6,110.1,-3.3,17.0,23.4,17.0,7.6,14.8,19.9,2.7,23.526,23.43105,79.4,15.4,5.335,5.51075,4.795,4.9917,4.39,4.59485,4.045,4.26645,7.15,7.145149999999999,6.675,6.80315,6.01,6.1382,39.2,42.6811,56.41,55.807550000000006,-6.1,95.3,-1.4,-12.2,10.9,3.0,273.8265,277.825694736842,94.7,100.4,76.05,77.79052631578945,78.08,80.4421052631579,54684.0,-0.5,7.18,7.178888888888888,14.6,8.2,34.7,0.01,0.009999999999999998,45.1,11.8,2.9,-21.5,21.3513,21.372494999999997
2023-05,389.2976,402.76325,72.66,75.69478260869565,69.69,72.5408695652174,26.4,1.7,35.5,17.0,23.6,7077.0,-12.6,-19.5,-12.3,-28.7,-15.4,38.5,-24.0,-13.2,3.2,27.2,109.3,-9.1,9.3,23.3,17.3,8.2,11.2,20.2,2.5,23.722,23.600434782608694,78.4,13.5,5.285,5.450652173913044,4.828,4.971347826086957,4.398,4.523956521739131,4.05,4.16595652173913,7.14,7.20904347826087,6.725,6.8044347826086975,5.965,6.094652173913043,27.0,31.468347826086955,44.572,51.36282608695651,-7.3,95.2,-5.4,-18.3,7.1,3.0,249.7262,261.26445454545456,104.0,101.3,70.0,72.36739130434783,71.35,73.88608695652172,54339.0,-1.6,7.17,7.179047619047618,2.0,-9.8,35.9,-0.2,-0.13999999999999999,44.0,11.4,5.2,-16.7,22.1857,21.727134782608694
2023-06,381.955,396.8823476190476,74.9,74.97863636363637,73.31,72.5409090909091,25.8,2.2,32.6,13.7,20.3,6738.0,-11.1,-20.4,-12.5,-31.5,-14.1,36.1,-24.3,-13.5,0.3,27.3,109.2,-15.2,2.3,23.7,15.1,11.2,18.1,21.3,2.6,23.76,23.69831818181818,76.0,8.0,5.013,5.043363636363637,4.56,4.5796363636363635,4.23,4.244727272727274,3.98,3.976863636363637,7.0,7.057636363636365,6.44,6.479272727272726,5.645,5.663227272727273,37.1,32.69136363636363,52.617,49.114318181818184,-12.7,95.6,-8.7,-16.9,6.1,3.0,252.6256,256.9623190476191,109.6,102.2,73.08,72.17272727272727,74.42,73.68181818181819,55113.0,-1.8,7.13,7.1472727272727266,-3.4,-14.4,34.9,-0.13,-0.205,45.1,15.3,3.5,-15.1,21.7789,21.85275909090909
2023-07,390.0634,395.30063,85.56,80.16,81.47,76.87095238095239,26.2,1.7,33.3,14.3,23.8,6293.0,-13.3,-16.0,-8.1,-24.1,-17.4,35.6,-19.4,-12.2,1.7,23.8,109.3,-12.9,2.5,18.7,15.9,6.9,22.4,22.0,2.7,23.884,23.888333333333332,74.6,6.9,4.37,4.5525714285714285,4.073,4.172523809523809,3.893,3.9154285714285715,3.763,3.763285714285715,6.83,6.85704761904762,6.03,6.117904761904762,5.075,5.202999999999999,26.175,29.138333333333332,51.127,51.31652380952381,-15.4,96.1,-13.6,-17.6,5.7,3.0,268.8907,258.1653399999999,85.4,99.6,80.59,76.14333333333333,83.02,77.98476190476191,55676.0,-3.2,7.1,7.112105263157894,-2.0,-0.3,38.3,-0.2,-0.144,44.1,14.4,7.4,-8.2,21.7208,21.60937619047619
2023-08,385.7413,384.8284434782609,86.86,85.10434782608695,82.96,81.58739130434783,26.3,1.7,30.9,13.0,23.1,6783.0,-8.4,-15.8,-6.5,-21.1,-14.2,38.3,-18.9,-16.8,13.0,21.4,110.7,-8.5,4.4,20.8,12.1,11.5,21.8,26.8,2.5,24.066,24.116956521739137,74.0,10.9,4.225,4.396478260869563,3.903,4.079434782608696,3.625,3.8326956521739137,3.473,3.7100869565217387,6.815,6.819478260869563,6.0,6.044521739130434,5.033,5.117521739130434,32.65,33.610217391304346,52.422,52.69052173913044,-17.0,96.4,-15.8,-20.1,2.4,3.1,257.085,255.28569999999996,94.4,100.1,81.4,80.27826086956524,84.03,82.52,55598.0,-3.1,7.1,7.103043478260869,-1.1,-12.3,35.2,-0.31,-0.28,47.4,15.7,17.4,-14.5,22.1961,22.113639130434784
2023-09,368.3707,382.89987,95.31,92.58714285714285,85.51,86.23285714285714,25.2,1.6,31.1,21.4,23.0,6111.0,-10.3,-19.3,-8.7,-34.0,-15.0,42.4,-19.6,-14.9,3.6,21.7,112.9,-15.1,0.9,21.3,11.2,14.8,22.5,26.3,2.7,24.426,24.385142857142856,74.7,13.9,4.265,4.2493333333333325,4.128,3.977571428571429,4.03,3.794904761904762,3.955,3.698666666666667,6.67,6.755238095238094,5.94,5.9286666666666665,4.86,4.957857142857143,37.75,36.15857142857143,47.469,50.71047619047619,-18.1,96.5,-13.8,-19.8,2.1,3.1,260.0202,256.39565999999996,99.5,98.4,82.83,83.53571428571429,85.98,86.86428571428573,55348.0,-0.9,7.1,7.089499999999999,-11.7,0.2,32.7,-0.35,-0.32999999999999996,44.6,13.4,20.8,-8.2,23.105,22.85137619047619
2023-10,375.581,375.2157409090909,87.41,88.70409090909091,82.88,83.91090909090909,26.1,1.5,39.4,14.2,11.3,6645.0,-7.8,-17.6,-6.3,-30.9,-14.4,33.2,-19.0,-14.1,5.9,21.6,113.8,-6.4,3.9,28.7,12.3,14.0,24.0,24.0,2.9,24.571,24.579318181818188,73.7,13.4,3.92,4.0829545454545455,3.76,3.916363636363636,3.7,3.8438636363636363,3.685,3.7989545454545453,6.31,6.447272727272727,5.32,5.495863636363637,4.38,4.584045454545454,40.65,43.324999999999996,49.425,51.75995454545455,-18.0,96.4,-15.0,-21.8,4.2,3.1,249.5189,248.68070454545452,109.3,101.4,80.31,81.1709090909091,82.55,83.80863636363635,55790.0,-0.2,7.01,7.047272727272728,9.2,-8.4,31.6,-0.2,-0.302,43.9,7.6,20.4,-20.4,23.236,23.267322727272727
2023-11,384.3214,382.9155095238095,82.83,82.03,75.61,76.64954545454545,28.3,1.8,31.4,13.9,21.9,6161.0,-1.0,-22.1,-12.1,-35.2,-9.6,37.0,-23.7,-17.3,7.9,19.6,112.7,-6.9,5.7,26.7,13.7,11.3,19.2,23.1,2.6,24.302,24.469318181818185,70.0,11.1,3.908,3.936545454545454,3.723,3.7859090909090907,3.663,3.7220454545454555,3.638,3.691045454545454,6.433,6.415590909090909,5.433,5.3885,4.458,4.428590909090909,42.3,43.15354545454545,42.523,47.01972727272727,-17.7,95.8,-15.5,-19.1,4.8,3.2,250.2527,252.2403190476191,109.5,100.1,77.45,78.37318181818182,79.42,80.40272727272728,55704.0,-0.2,7.06,7.062380952380951,12.7,-1.3,35.4,-0.47,-0.375,44.4,19.8,5.1,-15.2,22.3272,22.624754545454543
2023-12,365.7493,373.19973000000005,77.04,77.324,73.29,74.31761904761905,27.0,1.3,44.9,13.6,23.3,6196.0,-4.7,-24.5,-16.6,-35.6,-12.6,32.6,-30.0,-16.0,3.4,23.6,111.3,-4.6,12.9,23.9,15.4,13.0,22.6,27.5,2.8,24.698,24.484666666666666,68.0,12.2,3.165,3.437904761904762,3.075,3.281904761904762,3.035,3.2330476190476185,3.018,3.2138095238095237,5.75,6.061857142857143,4.615,5.025333333333332,3.635,3.986857142857142,30.5,35.16738095238095,33.293,36.873285714285714,-17.1,95.9,-14.3,-19.3,7.3,3.2,260.7789,252.470485,92.6,102.7,74.15,75.35300000000001,75.87,76.90050000000001,55200.0,-0.5,6.77,6.966315789473685,11.6,-3.1,38.7,-0.24,-0.33999999999999997,46.0,19.8,16.8,-11.1,22.3633,22.42346666666666
2024-01,359.9323,357.6506238095239,81.71,79.14954545454545,75.61,74.40521739130435,27.4,2.4,53.0,22.6,9.5,5562.0,3.9,-16.8,-11.5,-18.3,-7.6,29.4,-23.5,-14.1,6.1,20.5,111.6,-8.9,13.0,16.1,13.5,13.4,16.6,25.8,3.0,24.819,24.718782608695655,67.2,13.9,3.08,3.284652173913044,2.975,3.157347826086956,2.98,3.1220869565217386,2.98,3.1034782608695655,5.415,5.690652173913043,4.235,4.607782608695652,3.43,3.710826086956522,30.197,30.497826086956525,33.045,33.188782608695654,-18.3,95.8,-16.3,-25.6,5.9,3.2,254.7705,251.63492857142856,97.9,100.4,76.38,75.32363636363635,78.77,77.32136363636363,55284.0,-0.7,6.55,6.63409090909091,3.4,1.3,26.8,-0.22,-0.20800000000000002,47.5,19.3,10.5,-24.1,22.9444,22.675145454545454
2024-02,343.0631,348.59918000000005,83.62,81.71619047619048,75.46,75.35952380952382,28.5,2.4,52.3,22.5,10.1,5652.0,0.0,-13.7,-6.3,-16.6,-9.2,29.2,-20.2,-11.8,8.5,22.3,113.1,-12.6,12.6,9.7,6.6,6.2,21.1,25.9,2.7,25.342,25.245666666666665,66.4,17.2,3.0,3.0235714285714286,2.98,2.980095238095238,2.99,2.983047619047619,3.02,3.0026190476190475,4.76,4.900761904761905,3.8,3.861333333333333,3.24,3.28747619047619,25.713,26.241142857142854,29.628,29.728142857142863,-18.4,96.4,-18.3,-25.2,4.0,3.2,254.1292,248.78914500000002,99.4,100.0,76.1,76.07714285714285,78.69,78.48761904761906,54647.0,-1.6,5.98,6.201904761904762,-2.0,-3.4,23.4,0.78,0.4425,46.7,14.4,16.5,-23.7,23.4495,23.392266666666664
2024-03,350.2498,346.233715,87.48,84.6655,79.32,77.47,29.3,2.5,50.8,21.9,9.5,6011.0,-2.0,-12.6,-1.0,-16.8,-10.0,28.9,-21.5,-11.4,11.9,21.0,113.5,-9.0,11.9,21.9,12.1,4.1,15.2,26.0,2.9,25.221,25.29147619047619,63.2,12.6,3.315,3.0791428571428567,3.288,3.0660952380952384,3.26,3.0587142857142857,3.24,3.0614761904761902,4.58,4.688095238095237,3.805,3.8029047619047622,3.455,3.287952380952381,24.249,26.880571428571432,31.365,30.561857142857143,-19.5,97.0,-16.9,-20.0,3.4,3.3,257.5241,258.88984500000004,103.5,100.5,79.81,77.8155,83.11,80.7125,55214.0,-0.4,5.61,5.825000000000001,0.5,-2.5,25.7,0.84,0.8375,49.2,11.4,17.5,-24.0,23.3944,23.264790476190473
2024-04,348.3635,350.48932272727274,87.86,89.0,79.5,80.61863636363637,26.8,2.4,49.4,25.3,7.4,6597.0,-7.3,-10.4,-2.6,-10.9,-13.6,28.6,-17.3,-11.0,15.5,19.2,113.9,-9.4,9.0,18.7,10.8,13.7,25.4,25.1,2.7,25.146,25.272681818181812,59.5,12.7,4.008,3.724772727272727,3.983,3.688863636363637,3.948,3.663818181818182,3.923,3.6460000000000004,4.75,4.6875909090909085,4.315,4.097681818181818,4.12,3.8612727272727274,26.911,28.942636363636367,36.139,33.716772727272726,-17.5,97.6,-18.3,-17.5,6.4,3.4,294.3325,281.8853727272727,104.2,100.8,79.91,80.64863636363637,83.0,84.14045454545455,55795.0,0.2,5.52,5.546190476190476,-2.3,-3.9,26.8,1.22,1.0539999999999998,47.3,18.6,9.5,-17.9,23.5824,23.56738181818182
2024-05,359.5231,359.72705454545456,81.62,82.99652173913042,77.93,78.13391304347827,28.4,2.4,46.7,22.2,7.5,6774.0,-8.6,-10.3,-1.6,-13.4,-13.5,32.0,-15.7,-10.5,14.6,22.0,112.3,-10.9,13.7,22.2,13.8,8.3,15.0,26.2,2.9,24.687,24.81830434782609,58.0,13.7,3.998,3.912347826086957,3.9,3.8140000000000005,3.86,3.7472173913043476,3.835,3.713217391304348,4.645,4.67304347826087,4.33,4.342260869565218,4.165,4.1160434782608695,34.4,31.959695652173906,37.914,36.65278260869565,-18.4,97.8,-17.8,-16.4,8.3,3.4,298.3133,301.52025909090906,101.5,98.8,77.59,77.86608695652174,79.44,80.14826086956523,56478.0,-0.2,5.11,5.170476190476191,-10.2,4.6,27.0,0.78,0.8875,47.1,19.4,12.3,-16.0,22.7596,22.957117391304347
2024-06,336.9581,348.4280315789474,86.41,82.9985,80.03,78.256,28.3,6.6,47.0,15.0,8.2,6612.0,-8.4,-10.0,-1.9,-19.0,-14.0,31.9,-10.9,-8.1,10.4,25.8,112.4,-6.5,9.6,20.0,9.4,8.4,19.1,28.6,2.6,25.037,24.78535,55.8,14.8,3.755,3.8658499999999996,3.67,3.7575500000000006,3.608,3.7068000000000003,3.583,3.6864,4.335,4.5798,4.095,4.25545,3.9,4.03725,33.925,34.42525,38.082,37.217949999999995,-17.3,98.0,-17.0,-20.4,7.5,3.4,283.4958,285.89761052631576,100.5,99.7,79.37,77.7035,81.83,79.84349999999999,55933.0,-2.0,4.71,5.0275,1.9,-3.8,19.6,0.65,0.705,46.9,24.0,14.9,-19.9,23.3637,23.029185000000002
2024-07,319.1352,330.7540272727273,80.72,83.87913043478261,77.76,79.05086956521737,30.3,2.4,34.3,22.4,8.9,6058.0,-3.4,-12.5,-2.5,-17.2,-10.6,29.1,-15.2,-15.0,11.3,20.7,114.4,-8.2,10.8,27.4,14.6,4.5,16.4,28.0,2.6,25.423,25.29565217391304,54.2,13.2,3.06,3.4056956521739132,3.023,3.3496086956521736,3.005,3.3149999999999995,3.028,3.3136086956521744,3.955,4.141478260869564,3.585,3.8131739130434776,3.248,3.5727391304347833,35.045,32.25430434782608,39.078,37.27239130434783,-16.8,98.5,-18.9,-24.2,7.8,3.4,262.9949,273.95719545454546,91.9,98.9,76.68,78.06695652173914,78.57,80.26391304347825,55757.0,-1.2,4.52,4.609090909090909,-0.3,-9.4,25.9,0.16,0.348,46.7,22.3,15.1,-21.0,23.4824,23.325182608695652
2024-08,325.5915,318.9999409090909,78.8,78.875,74.53,75.56590909090909,29.4,2.4,43.0,22.2,8.7,6161.0,-6.9,-11.8,-2.2,-18.7,-11.9,29.0,-15.3,-11.1,10.8,22.1,114.1,-6.6,13.2,25.5,18.7,2.8,24.4,20.3,2.7,25.027,25.167000000000005,52.1,13.1,3.21,3.074045454545454,3.193,3.0390454545454544,3.198,3.0408636363636363,3.2,3.0477272727272724,3.91,3.9099999999999993,3.593,3.5259090909090904,3.355,3.248590909090909,39.35,37.78154545454545,40.459,40.74718181818182,-16.4,98.4,-20.2,-22.3,5.3,3.4,273.7655,267.38982272727276,93.3,100.9,73.55,74.57409090909091,74.89,76.1209090909091,56502.0,0.0,4.36,4.411818181818183,6.8,-3.6,38.4,0.08,0.13,44.8,6.5,9.7,-15.7,22.6601,22.830963636363634
2024-09,349.5528,335.55269000000004,71.77,72.87095238095237,71.02,71.28952380952381,33.6,2.8,41.4,19.1,7.7,6022.0,-3.5,-11.9,-4.0,-23.4,-10.5,21.1,-15.0,-5.1,5.4,23.5,113.4,-5.9,11.2,33.0,17.8,5.2,17.8,31.2,2.8,25.215,25.100190476190477,48.3,12.8,2.845,2.9308095238095238,2.84,2.9017142857142852,2.835,2.895571428571429,2.83,2.893,3.645,3.779190476190476,3.26,3.4294285714285713,3.0,3.1261428571428573,39.0,36.10619047619048,38.369,37.490761904761904,-15.2,98.3,-22.8,-23.9,6.4,3.4,291.2395,274.83894999999995,104.4,100.3,70.75,70.84095238095239,71.08,71.39761904761905,57072.0,-0.8,4.2,4.300476190476191,7.8,6.1,34.9,0.44,0.268,47.4,21.3,24.9,-3.4,22.6455,22.603095238095236
2024-10,334.5869,339.2687956521739,73.16,75.37695652173916,71.75,73.6795652173913,30.9,2.7,40.9,7.0,9.3,6130.0,-0.7,-10.9,2.7,-19.1,-8.4,18.7,-16.2,-11.0,13.8,22.8,114.5,-8.9,10.9,20.0,12.9,10.1,17.3,27.3,2.6,25.321,25.298304347826086,46.9,15.0,3.33,3.1885652173913046,3.335,3.1973043478260874,3.35,3.2110434782608688,3.37,3.2289565217391307,3.83,3.7549130434782616,3.56,3.4588260869565217,3.4,3.288,39.63,40.045434782608694,38.941,39.5744347826087,-15.7,98.7,-23.4,-23.6,6.1,3.4,280.8796,287.7949782608695,107.6,99.8,70.94,72.7291304347826,71.8,73.7,56786.0,-1.7,4.05,4.132272727272727,3.2,3.7,27.9,0.78,0.6725000000000001,39.1,18.6,24.1,-4.8,23.2641,23.21657826086956
2024-11,343.2911,340.80351,72.94,73.40095238095238,69.17,70.28,33.0,3.2,42.5,18.0,9.3,5413.0,9.0,-13.4,-1.8,-24.6,-3.0,19.1,-18.5,-8.7,8.2,22.1,115.4,-9.1,25.5,23.3,11.9,8.3,19.9,33.8,2.8,25.272,25.302380952380954,49.4,19.4,3.273,3.3058095238095238,3.278,3.30952380952381,3.29,3.320380952380953,3.305,3.3387142857142864,3.745,3.730714285714286,3.533,3.524857142857143,3.365,3.3858571428571427,47.05,44.50523809523809,42.561,42.79871428571428,-17.2,98.1,-22.7,-19.9,3.1,3.4,277.6822,278.13594500000005,106.9,97.9,69.78,70.98809523809524,70.77,72.04666666666667,56820.0,-1.0,3.89,3.9452380952380954,-0.2,4.7,26.6,0.92,0.8574999999999999,45.5,31.1,24.6,-6.6,23.8851,23.816709523809525
2024-12,347.3016,344.3499238095238,74.64,73.12857142857143,70.58,69.71,35.4,2.4,47.6,19.3,10.1,5074.0,8.4,-12.1,2.8,-22.7,-3.6,22.4,-15.5,-13.0,12.2,24.6,115.2,-9.6,29.6,19.3,12.8,11.0,20.5,38.3,2.6,25.204,25.123136363636362,50.1,22.0,3.438,3.3974090909090915,3.458,3.397136363636363,3.48,3.407136363636364,3.51,3.4230454545454547,3.798,3.8185909090909096,3.653,3.6544090909090916,3.52,3.5040909090909085,48.55,44.79213636363636,47.935,43.80886363636364,-14.6,98.7,-28.6,-20.5,2.6,3.5,269.716,275.8135238095239,90.1,99.8,71.09,70.27904761904763,72.63,71.50333333333334,56887.0,-2.2,3.92,3.9073684210526323,-1.9,7.5,32.8,0.37,0.634,49.4,32.4,33.1,-12.6,24.3444,24.01405909090909
2025-01,363.0903,354.12759523809524,76.76,78.34909090909092,69.96,71.44043478260869,34.9,2.6,52.6,16.9,8.2,4200.0,4.9,-11.9,0.4,-18.3,-4.8,17.9,-15.9,-14.0,7.5,24.4,115.9,-6.4,21.9,16.1,18.5,9.6,23.3,32.5,2.5,25.172,25.158130434782606,51.5,21.8,3.318,3.400086956521739,3.32,3.4106956521739122,3.338,3.4291304347826084,3.365,3.4554347826086955,3.57,3.6821739130434774,3.428,3.5381739130434777,3.365,3.455608695652174,53.7,48.469086956521735,40.768,39.75208695652174,-15.4,98.5,-25.3,-24.0,4.0,3.5,272.5118,275.0071523809524,97.2,99.8,70.56,72.16863636363635,72.71,74.38818181818182,57250.0,-3.1,3.83,3.880454545454546,12.1,8.8,43.0,0.27,0.305,45.1,21.6,30.8,-13.8,24.2927,24.29401304347826
2025-02,355.7724,370.91383684210524,73.18,74.9545,68.46,70.14650000000002,34.1,3.1,53.3,15.5,9.2,4385.0,2.8,-10.7,2.0,-18.4,-5.1,18.4,-14.6,-12.0,9.6,28.4,115.6,-5.6,18.2,20.9,18.6,4.1,14.5,34.4,2.8,25.067,25.06965,49.5,23.1,3.245,3.30925,3.24,3.3028,3.265,3.3267,3.295,3.3573499999999994,3.578,3.59275,3.428,3.4547499999999998,3.318,3.3692,44.714,50.377700000000004,37.117,40.1808,-15.8,99.0,-23.1,-22.0,5.6,3.6,281.0803,283.72141578947367,98.6,102.0,68.76,70.504,70.43,72.307,57611.0,-2.1,3.73,3.7555000000000005,10.6,10.4,43.4,0.41,0.3725,47.9,25.2,30.2,-14.3,24.1554,24.059435
2025-03,353.087,354.74097142857147,74.74,71.46714285714285,69.59,67.55095238095238,36.8,2.9,53.1,16.4,8.1,4847.0,3.6,-12.3,-1.4,-22.8,-3.8,21.5,-14.5,-10.5,6.4,32.3,114.3,-3.5,13.9,26.8,22.2,8.5,12.0,33.8,2.7,24.953,24.995380952380952,49.0,24.9,3.278,3.295809523809524,3.29,3.321,3.31,3.3550952380952386,3.34,3.402904761904762,3.52,3.53947619047619,3.415,3.418714285714286,3.333,3.3305238095238097,40.58,41.686,35.754,34.86347619047619,-14.2,99.3,-20.9,-24.2,1.3,3.6,291.9162,295.394380952381,108.4,102.1,69.73,67.64142857142858,71.55,68.82761904761905,58123.0,-3.1,3.72,3.7166666666666663,11.8,0.3,44.2,1.09,0.74,46.5,36.8,18.0,-8.5,23.0709,23.11252380952381
2025-04,359.8594,359.30912380952384,63.12,66.45666666666666,61.1,64.11272727272728,36.7,4.2,55.6,16.6,7.8,5136.0,3.7,-14.6,-6.8,-29.2,-3.2,18.5,-15.3,-7.2,7.0,31.8,113.0,-7.7,17.8,26.1,18.6,6.0,8.0,28.0,2.7,24.935,25.04322727272727,48.7,29.3,3.02,2.9586818181818177,3.023,2.968227272727272,3.043,2.985727272727273,3.088,3.022636363636364,3.458,3.4238636363636363,3.248,3.200863636363637,3.105,3.0323636363636366,32.15,35.298545454545454,31.44,32.964954545454546,-16.2,99.8,-19.4,-25.2,3.5,3.7,273.0317,275.013461904762,103.2,102.8,61.04,64.03380952380951,60.32,64.10428571428572,58946.0,-2.8,3.64,3.6754999999999995,-1.6,3.8,34.9,1.36,1.2475,49.6,19.5,15.0,-23.0,22.0102,22.317504545454543
2025-05,346.7866,354.5931571428571,63.9,64.00545454545455,62.14,63.240454545454554,38.8,3.2,49.4,5.3,6.8,5183.0,6.4,-9.2,-2.7,-19.4,-4.4,20.0,-10.8,-3.7,3.6,28.1,112.2,-5.3,14.4,20.3,17.1,7.3,8.7,37.7,2.9,24.931,24.914181818181817,49.9,24.3,2.988,3.071227272727273,2.988,3.0826818181818183,3.005,3.105545454545454,3.063,3.1589545454545456,3.355,3.380681818181819,3.19,3.235454545454545,3.02,3.1195909090909093,34.35,35.24540909090909,33.095,34.1349090909091,-16.0,99.9,-17.2,-19.5,2.3,3.7,275.3445,277.57338571428573,101.6,101.9,62.2,63.29318181818182,61.51,62.686363636363645,59061.0,-2.1,3.5,3.5340000000000003,7.2,9.3,36.5,1.36,1.3750000000000002,48.2,34.4,30.5,-4.6,21.9746,22.09705
2025-06,340.3372,348.173015,67.61,69.80238095238096,64.77,66.48238095238096,37.6,4.2,47.9,5.4,8.0,5448.0,9.9,-8.9,-1.1,-16.6,0.9,16.4,-10.7,-7.1,9.5,26.5,111.8,-7.4,14.3,19.1,9.9,7.5,9.2,35.0,2.9,24.729,24.79619047619048,49.1,22.7,3.425,3.276904761904762,3.438,3.2867619047619043,3.455,3.304095238095238,3.478,3.340238095238096,3.5,3.4599523809523807,3.455,3.3770476190476195,3.405,3.299142857142858,32.25,36.39047619047619,33.045,35.331190476190464,-13.6,100.0,-20.4,-21.2,4.5,3.7,292.3611,284.95020000000005,105.0,100.8,64.74,66.37,64.72,66.66571428571429,59827.0,-1.5,3.49,3.5104761904761896,2.5,15.1,22.2,1.09,1.236,52.9,27.8,24.2,-5.2,20.9813,21.50775238095238
2025-07,334.4603,339.9781363636364,72.53,69.55347826086955,68.53,66.66000000000001,36.6,3.1,48.7,5.6,7.7,5404.0,9.4,-6.0,5.3,-11.6,-0.2,17.2,-11.3,-6.4,10.9,24.6,111.0,-8.6,9.6,20.3,14.3,11.0,13.7,32.5,2.8,24.58,24.627782608695657,49.2,26.2,3.615,3.439086956521739,3.665,3.471304347826088,3.71,3.505565217391304,3.75,3.5398260869565217,3.565,3.4840869565217387,3.565,3.4530869565217386,3.57,3.4287391304347827,34.6,33.420869565217394,37.061,34.13239130434783,-12.8,100.4,-18.1,-23.2,3.9,3.8,272.9224,301.7005636363637,97.1,101.4,68.07,66.48652173913044,69.05,66.80478260869565,58554.0,-2.6,3.5,3.4930434782608697,0.5,6.3,26.8,0.91,0.9675,48.9,20.7,27.8,-18.2,21.5321,21.100234782608695
2025-08,351.5501,342.16495714285713,68.12,67.26142857142858,66.0,65.56333333333335,38.6,3.5,47.0,5.8,7.1,5604.0,11.4,-9.3,-0.7,-14.8,1.1,16.2,-14.3,-7.5,8.4,22.6,110.3,-5.2,9.2,23.6,12.6,14.1,13.9,40.1,3.1,24.462,24.51,47.3,27.0,3.498,3.477666666666667,3.533,3.510190476190476,3.57,3.545666666666667,3.62,3.5870952380952383,3.498,3.51052380952381,3.483,3.4803809523809526,3.468,3.4522857142857144,31.6,32.309000000000005,31.457,32.45909523809524,-12.5,100.4,-19.6,-22.2,4.3,3.8,282.6635,278.8229714285714,90.6,100.9,65.78,65.38238095238094,66.09,65.64571428571428,59644.0,-2.4,3.5,3.5023809523809524,4.8,9.7,18.9,0.84,0.8374999999999999,52.3,32.9,35.0,-12.7,20.9296,21.04420952380952
2025-09,339.5245,345.9231571428571,67.02,67.57590909090911,65.03,66.04545454545453,39.7,3.2,45.6,4.9,7.3,5610.0,13.1,-7.3,1.5,-14.8,2.4,19.4,-11.0,-5.1,11.3,20.9,109.7,-6.0,8.0,27.1,14.6,13.9,19.3,38.2,3.0,24.323,24.34213636363636,47.6,25.1,3.68,3.568545454545455,3.735,3.619818181818182,3.79,3.670772727272728,3.845,3.7176363636363643,3.55,3.5040000000000004,3.583,3.503454545454545,3.62,3.5175,31.45,32.017500000000005,31.122,32.05304545454545,-14.8,100.7,-20.3,-23.0,1.3,3.8,291.9904,286.3700761904762,108.6,101.3,64.82,65.81181818181818,65.02,66.07045454545457,60714.0,-2.3,3.51,3.491818181818182,6.6,-5.6,20.0,0.62,0.764,49.2,29.9,35.5,-13.2,20.7315,20.742981818181818
2025-10,356.0481,346.54356086956517,65.07,63.95391304347827,63.83,63.22956521739129,39.6,3.3,42.0,5.9,7.0,5306.0,8.2,-3.6,8.8,-0.5,-0.5,21.6,-11.6,-11.3,8.4,11.6,109.3,-2.5,8.6,28.7,12.3,5.6,14.7,37.9,3.2,24.363,24.317130434782612,48.0,23.4,3.65,3.5650000000000004,3.69,3.6094782608695652,3.72,3.6546521739130435,3.745,3.6998260869565227,3.565,3.527173913043479,3.575,3.5150869565217393,3.59,3.51908695652174,30.425,32.04317391304348,30.366,31.13078260869565,-13.6,101.0,-18.2,-21.4,3.3,3.8,305.1955,301.0727956521739,109.6,101.8,63.72,63.33608695652174,63.67,63.17260869565217,60195.0,-1.6,3.54,3.526363636363637,18.6,5.0,18.4,0.44,0.535,53.2,32.0,28.6,-9.2,21.1155,20.898056521739132
2025-11,362.268,360.13194736842104,63.2,63.6625,62.13,63.079499999999996,34.8,2.8,43.6,4.3,8.4,5107.0,0.7,-2.6,9.2,-2.6,-4.1,19.6,-9.5,-7.5,16.3,15.9,109.2,-7.2,9.7,30.2,14.2,6.9,10.1,36.9,3.1,24.12,24.231749999999998,48.0,24.5,3.693,3.6896499999999994,3.743,3.7466,3.795,3.7977000000000003,3.84,3.8422999999999994,3.6,3.5834999999999995,3.618,3.5905,3.635,3.6255,28.825,30.657,28.01,29.877100000000002,-12.4,100.6,-18.9,-23.8,4.2,3.9,307.359,302.40581578947365,106.8,103.8,61.65,62.702,61.64,62.75150000000001,62133.0,-2.4,3.56,3.5521052631578947,6.1,14.3,18.2,0.28,0.3675,49.4,29.0,32.3,-8.4,20.776,20.95642
2025-12,343.2483,350.8942181818182,60.85,61.62863636363637,60.67,61.48217391304348,34.3,2.6,47.3,4.0,9.3,5383.0,4.4,-2.5,10.4,-7.0,-2.9,23.7,-7.3,-5.9,9.8,18.2,109.0,-7.9,11.4,22.9,10.6,5.3,7.1,35.1,3.2,24.181,24.257695652173915,49.1,27.0,3.443,3.610826086956522,3.518,3.675521739130436,3.598,3.7445652173913038,3.678,3.8158260869565224,3.425,3.529130434782609,3.373,3.5236086956521744,3.378,3.541173913043478,27.9,27.42247826086957,27.275,26.836000000000002,-12.1,100.7,-20.8,-25.3,2.8,3.9,326.6872,314.53911363636365,97.2,104.8,60.31,61.0090909090909,60.17,60.91636363636363,62106.0,-1.7,3.52,3.5379999999999994,3.1,8.8,20.3,0.29,0.272,48.1,24.6,32.6,-19.4,20.5821,20.705260869565215
2026-01,339.6552,343.70511500000003,70.69,64.72619047619048,65.56,62.62136363636363,31.8,3.3,52.1,3.8,7.8,4231.0,0.1,1.1,14.9,6.8,-5.3,22.9,-7.8,-9.3,16.0,17.6,109.4,-7.7,14.0,19.4,9.6,9.0,13.5,36.1,3.2,24.327,24.263227272727274,46.9,24.5,3.233,3.3463636363636367,3.273,3.4127272727272726,3.338,3.482499999999999,3.41,3.55690909090909,3.34,3.397636363636363,3.233,3.3075909090909095,3.203,3.2929999999999997,40.55,34.83976190476191,27.69,25.781809523809525,-11.2,100.6,-17.4,-25.2,5.4,3.9,343.981,341.999725,96.7,101.6,65.57,62.47904761904762,66.82,62.82666666666666,62477.0,-0.6,3.46,3.4957142857142847,-2.2,-0.9,18.8,0.37,0.31499999999999995,50.7,25.8,31.9,-14.3,20.5152,20.664386363636364
2026-02,352.8305,344.74504736842107,72.48,69.369,67.0,65.2655,32.2,3.0,56.1,3.8,6.4,4638.0,4.9,-0.8,9.5,-0.5,-2.2,25.2,-4.6,-7.5,15.7,16.4,109.3,-5.5,11.6,25.6,11.3,15.1,12.5,33.1,3.2,24.241,24.2598,45.8,26.1,3.24,3.2606499999999996,3.26,3.2982,3.29,3.3454,3.35,3.4076999999999997,3.36,3.36765,3.26,3.2709500000000005,3.225,3.2378,31.5,32.51375,27.162,26.8111,-9.9,100.9,-15.3,-25.2,3.5,3.9,345.4897,339.7548052631579,99.6,103.0,67.35,65.3355,69.61,66.6615,63665.0,-0.8,3.48,3.4765,6.1,9.2,18.1,0.63,0.5125,54.2,13.8,31.2,-16.2,20.5256,20.518845
2026-03,369.9577,363.63650909090904,118.35,99.59954545454546,75.28,75.17545454545454,30.4,3.3,44.3,3.3,18.0,5421.0,1.4,-1.1,7.0,-2.7,-6.1,23.6,-2.7,-6.1,17.3,19.8,112.0,-3.4,18.6,22.0,16.5,13.9,9.6,29.7,3.2,24.546,24.43959090909091,47.5,43.2,4.333,4.062636363636363,4.323,4.109727272727272,4.313,4.150136363636364,4.308,4.189454545454546,3.81,3.706227272727273,4.153,3.8858181818181823,4.288,3.9935,51.7,52.626909090909095,41.216,38.88518181818182,-10.6,102.1,-14.6,-25.4,5.9,3.9,341.0038,339.1312045454546,112.7,103.0,75.53,75.43681818181817,81.01,80.66636363636364,63388.0,-0.6,3.57,3.5463636363636355,10.6,15.5,29.7,0.95,0.718,55.5,20.6,12.9,-11.6,21.2448,21.13564545454545
2026-04,382.5069,369.7892190476191,114.01,102.46428571428571,80.3,77.52318181818181,31.9,2.2,42.7,7.1,20.4,5803.0,5.9,-6.6,0.8,-16.3,-3.4,35.1,-5.4,-5.5,6.7,23.3,115.0,-3.3,29.2,22.0,17.0,11.0,11.3,31.5,3.1,24.382,24.385954545454545,56.5,48.7,4.3,4.1010909090909085,4.335,4.124090909090909,4.355,4.1463636363636365,4.345,4.163181818181818,3.765,3.7205909090909093,4.065,3.941318181818182,4.238,4.056772727272727,45.85,45.264500000000005,37.272,36.57965,-12.5,102.7,-14.4,-31.2,-1.0,3.9,358.2329,355.8306666666666,104.9,104.6,79.99,77.46809523809523,87.85,82.49619047619048,64827.0,-0.8,3.57,3.565999999999999,5.7,13.3,29.7,1.03,1.0075,49.7,30.6,14.3,-22.9,20.7844,20.85589090909091
2026-05,374.4213,384.48096999999996,92.05,103.71333333333334,79.13,81.16047619047619,29.2,2.8,43.3,4.6,21.0,5685.0,6.9,-7.6,-1.6,-13.3,-1.8,28.3,-7.6,-7.7,15.8,23.3,115.8,-1.6,23.1,23.8,12.2,11.8,7.6,33.1,2.9,24.282,24.3147619047619,57.4,40.4,4.175,4.372761904761905,4.188,4.395142857142856,4.203,4.410142857142857,4.22,4.412904761904762,3.72,3.7866666666666666,3.91,4.121095238095238,4.075,4.289476190476191,46.175,47.34128571428572,35.964,37.10665,-13.4,102.5,-15.4,-31.2,2.0,3.9,375.4503,370.25812500000006,100.2,103.6,78.44,80.19809523809525,82.94,86.4147619047619,65172.0,-1.6,3.57,3.5626315789473684,6.1,11.6,15.2,0.77,0.8325,53.5,27.6,18.3,-22.0,20.826,20.82452857142857
2026-06,362.7716,361.36809999999997,72.92,84.43454545454546,71.09,76.70727272727271,30.7,3.0,39.2,5.9,21.7,5483.0,2.9,-4.3,4.8,-8.2,-6.4,24.7,-7.5,-6.3,11.0,22.6,115.5,-4.2,18.9,26.0,15.3,13.0,13.6,32.9,3.2,24.269,24.20395454545454,55.5,34.0,4.073,4.243,4.06,4.241363636363637,4.048,4.2379999999999995,4.035,4.235045454545455,3.983,3.9614545454545453,4.053,4.14659090909091,4.088,4.235863636363636,43.475,44.857727272727274,34.853,35.80799999999999,-14.3,102.3,-13.3,-29.6,2.5,4.0,347.1319,364.1891285714286,112.4,105.1,70.65,75.86227272727272,72.18,78.81863636363636,66811.0,-2.0,3.83,3.686818181818181,3.5,11.8,26.9,0.51,0.6460000000000001,51.4,21.0,26.2,-26.6,21.2444,21.036550000000002
2026-07,383.3722,386.4108863636365,90.12,83.97347826086956,76.47,75.62695652173912,32.0,3.0,41.1,5.7,18.5,5622.0,1.8,-4.5,2.0,-10.5,-4.7,18.9,-3.0,-6.5,15.0,21.2,116.1,-1.1,11.2,30.2,16.2,8.6,14.1,33.0,3.3,24.215,24.208130434782614,53.8,30.4,4.445,4.314739130434782,4.448,4.316130434782609,4.45,4.31708695652174,4.458,4.317,4.058,4.0349130434782605,4.343,4.222,4.423,4.288521739130434,58.9,53.97108695652174,41.927,40.17386956521739,-14.3,103.2,-12.9,-25.8,4.3,4.0,358.7163,352.5874272727273,97.1,103.9,74.9,74.40173913043479,78.38,77.1691304347826,67323.0,-0.3,3.85,3.8359090909090905,2.6,19.0,26.3,0.47,0.51,58.1,15.5,25.5,-13.5,21.0142,21.190391304347827
2026-08,435.0471,405.2902142857142,90.49,88.07571428571428,80.0,78.10095238095238,30.5,2.4,37.9,4.2,19.3,,3.6,-8.1,2.1,-16.8,-5.2,19.9,-4.6,-13.1,14.7,22.3,,-2.2,13.8,27.1,15.9,4.7,12.4,32.8,,24.157,24.1797619047619,54.9,33.0,4.728,4.458714285714286,4.74,4.468619047619047,4.748,4.477857142857143,4.748,4.487428571428572,4.17,4.077095238095238,4.468,4.3034285714285705,4.648,4.411095238095237,69.7,62.05666666666667,50.947,44.75299999999999,-14.3,103.4,-11.0,-25.8,5.5,,368.435,366.5462523809524,,,76.83,75.94761904761906,80.46,79.24476190476192,,-1.5,3.85,3.8433333333333315,3.0,15.6,27.8,0.64,0.635,57.6,21.9,18.8,-11.0,20.7935,20.86070476190476
