edge,horizon,scheme,quantile,weight
2010-12,1,TVW1,0.25,0.2
2010-12,1,TVW1,0.5,0.4
2010-12,1,TVW1,0.75,0.3999999999999999
2010-12,1,TVW2,0.3333333333333333,0.20000000000000007
2010-12,1,TVW2,0.5,0.40000000000000013
2010-12,1,TVW2,0.6666666666666666,0.3999999999999999
2010-12,1,TVW3,0.1,0.13628717206829222
2010-12,1,TVW3,0.25,0.1500000000000002
2010-12,1,TVW3,0.5,0.3
2010-12,1,TVW3,0.75,0.2637128279317076
2010-12,1,TVW3,0.9,0.15
2010-12,2,TVW1,0.25,0.2
2010-12,2,TVW1,0.5,0.4
2010-12,2,TVW1,0.75,0.4
2010-12,2,TVW2,0.3333333333333333,0.20000000000000007
2010-12,2,TVW2,0.5,0.4
2010-12,2,TVW2,0.6666666666666666,0.39999999999999997
2010-12,2,TVW3,0.1,4.4046600384871404e-17
2010-12,2,TVW3,0.25,0.269283495094709
2010-12,2,TVW3,0.5,0.3
2010-12,2,TVW3,0.75,0.28071650490529104
2010-12,2,TVW3,0.9,0.15
2010-12,3,TVW1,0.25,0.2
2010-12,3,TVW1,0.5,0.4
2010-12,3,TVW1,0.75,0.4
2010-12,3,TVW2,0.3333333333333333,0.30000000000000004
2010-12,3,TVW2,0.5,0.3
2010-12,3,TVW2,0.6666666666666666,0.4
2010-12,3,TVW3,0.1,0.13802967778241843
2010-12,3,TVW3,0.25,0.15
2010-12,3,TVW3,0.5,0.3
2010-12,3,TVW3,0.75,0.26197032221758176
2010-12,3,TVW3,0.9,0.15
2010-12,4,TVW1,0.25,0.20000000000000004
2010-12,4,TVW1,0.5,0.4
2010-12,4,TVW1,0.75,0.4
2010-12,4,TVW2,0.3333333333333333,0.2
2010-12,4,TVW2,0.5,0.4000000000000001
2010-12,4,TVW2,0.6666666666666666,0.4
2010-12,4,TVW3,0.1,7.04420149160275e-18
2010-12,4,TVW3,0.25,0.15000000000000002
2010-12,4,TVW3,0.5,0.4024488234031206
2010-12,4,TVW3,0.75,0.35000000000000003
2010-12,4,TVW3,0.9,0.09755117659687944
2010-12,5,TVW1,0.25,0.2
2010-12,5,TVW1,0.5,0.4
2010-12,5,TVW1,0.75,0.3999999999999999
2010-12,5,TVW2,0.3333333333333333,0.2927615368248284
2010-12,5,TVW2,0.5,0.3072384631751716
2010-12,5,TVW2,0.6666666666666666,0.39999999999999997
2010-12,5,TVW3,0.1,0.0
2010-12,5,TVW3,0.25,0.31761751501849406
2010-12,5,TVW3,0.5,0.30000000000000004
2010-12,5,TVW3,0.75,0.23238248498150596
2010-12,5,TVW3,0.9,0.15
2010-12,6,TVW1,0.25,0.2
2010-12,6,TVW1,0.5,0.4000000000000001
2010-12,6,TVW1,0.75,0.39999999999999997
2010-12,6,TVW2,0.3333333333333333,0.2
2010-12,6,TVW2,0.5,0.4000000000000001
2010-12,6,TVW2,0.6666666666666666,0.4
2010-12,6,TVW3,0.1,0.026994388271391986
2010-12,6,TVW3,0.25,0.15000000000000002
2010-12,6,TVW3,0.5,0.32300561172860814
2010-12,6,TVW3,0.75,0.35
2010-12,6,TVW3,0.9,0.15000000000000002
2010-12,7,TVW1,0.25,0.2
2010-12,7,TVW1,0.5,0.4000000000000001
2010-12,7,TVW1,0.75,0.4
2010-12,7,TVW2,0.3333333333333333,0.2
2010-12,7,TVW2,0.5,0.4
2010-12,7,TVW2,0.6666666666666666,0.4
2010-12,7,TVW3,0.1,0.0
2010-12,7,TVW3,0.25,0.20000000000000004
2010-12,7,TVW3,0.5,0.3
2010-12,7,TVW3,0.75,0.35
2010-12,7,TVW3,0.9,0.15
2010-12,8,TVW1,0.25,0.2
2010-12,8,TVW1,0.5,0.4000000000000001
2010-12,8,TVW1,0.75,0.39999999999999997
2010-12,8,TVW2,0.3333333333333333,0.20000000000000004
2010-12,8,TVW2,0.5,0.3999999999999999
2010-12,8,TVW2,0.6666666666666666,0.4
2010-12,8,TVW3,0.1,3.4611834289928647e-18
2010-12,8,TVW3,0.25,0.15000000000000002
2010-12,8,TVW3,0.5,0.35000000000000003
2010-12,8,TVW3,0.75,0.35
2010-12,8,TVW3,0.9,0.15000000000000002
2010-12,9,TVW1,0.25,0.2
2010-12,9,TVW1,0.5,0.4
2010-12,9,TVW1,0.75,0.4
2010-12,9,TVW2,0.3333333333333333,0.30000000000000004
2010-12,9,TVW2,0.5,0.30000000000000004
2010-12,9,TVW2,0.6666666666666666,0.39999999999999997
2010-12,9,TVW3,0.1,8.093416363623025e-18
2010-12,9,TVW3,0.25,0.15000000000000002
2010-12,9,TVW3,0.5,0.477163920423903
2010-12,9,TVW3,0.75,0.35000000000000003
2010-12,9,TVW3,0.9,0.022836079576097023
2010-12,10,TVW1,0.25,0.2108554254301456
2010-12,10,TVW1,0.5,0.4
2010-12,10,TVW1,0.75,0.3891445745698544
2010-12,10,TVW2,0.3333333333333333,0.2000000000000002
2010-12,10,TVW2,0.5,0.3999999999999998
2010-12,10,TVW2,0.6666666666666666,0.4000000000000001
2010-12,10,TVW3,0.1,0.14999999999999997
2010-12,10,TVW3,0.25,0.18773210986819128
2010-12,10,TVW3,0.5,0.30000000000000004
2010-12,10,TVW3,0.75,0.21226789013180875
2010-12,10,TVW3,0.9,0.14999999999999997
2010-12,11,TVW1,0.25,0.28405745030908613
2010-12,11,TVW1,0.5,0.4
2010-12,11,TVW1,0.75,0.31594254969091395
2010-12,11,TVW2,0.3333333333333333,0.31047639478270816
2010-12,11,TVW2,0.5,0.30000000000000004
2010-12,11,TVW2,0.6666666666666666,0.3895236052172918
2010-12,11,TVW3,0.1,0.14999999999999994
2010-12,11,TVW3,0.25,0.14999999999999997
2010-12,11,TVW3,0.5,0.4328994971267652
2010-12,11,TVW3,0.75,0.14999999999999997
2010-12,11,TVW3,0.9,0.11710050287323487
2010-12,12,TVW1,0.25,0.2985832265075902
2010-12,12,TVW1,0.5,0.40000000000000013
2010-12,12,TVW1,0.75,0.3014167734924097
2010-12,12,TVW2,0.3333333333333333,0.25805367114866345
2010-12,12,TVW2,0.5,0.34194632885133663
2010-12,12,TVW2,0.6666666666666666,0.39999999999999997
2010-12,12,TVW3,0.1,0.15
2010-12,12,TVW3,0.25,0.24289917073521916
2010-12,12,TVW3,0.5,0.3
2010-12,12,TVW3,0.75,0.15710082926478092
2010-12,12,TVW3,0.9,0.15
2010-12,13,TVW1,0.25,0.4
2010-12,13,TVW1,0.5,0.4
2010-12,13,TVW1,0.75,0.2
2010-12,13,TVW2,0.3333333333333333,0.3999999999999999
2010-12,13,TVW2,0.5,0.4000000000000001
2010-12,13,TVW2,0.6666666666666666,0.19999999999999996
2010-12,13,TVW3,0.1,0.15
2010-12,13,TVW3,0.25,0.317594290858546
2010-12,13,TVW3,0.5,0.3
2010-12,13,TVW3,0.75,0.15
2010-12,13,TVW3,0.9,0.08240570914145395
2011-01,1,TVW1,0.25,0.4
2011-01,1,TVW1,0.5,0.4
2011-01,1,TVW1,0.75,0.2
2011-01,1,TVW2,0.3333333333333333,0.36288397276073325
2011-01,1,TVW2,0.5,0.43711602723926685
2011-01,1,TVW2,0.6666666666666666,0.2
2011-01,1,TVW3,0.1,0.09992724137576575
2011-01,1,TVW3,0.25,0.3499999999999998
2011-01,1,TVW3,0.5,0.2999999999999999
2011-01,1,TVW3,0.75,0.14999999999999994
2011-01,1,TVW3,0.9,0.10007275862423448
2011-01,2,TVW1,0.25,0.2
2011-01,2,TVW1,0.5,0.4
2011-01,2,TVW1,0.75,0.4
2011-01,2,TVW2,0.3333333333333333,0.2
2011-01,2,TVW2,0.5,0.39999999999999997
2011-01,2,TVW2,0.6666666666666666,0.4
2011-01,2,TVW3,0.1,0.03634641740598328
2011-01,2,TVW3,0.25,0.14999999999999997
2011-01,2,TVW3,0.5,0.39046050489172995
2011-01,2,TVW3,0.75,0.3499999999999999
2011-01,2,TVW3,0.9,0.0731930777022869
2011-01,3,TVW1,0.25,0.2
2011-01,3,TVW1,0.5,0.43314851499963797
2011-01,3,TVW1,0.75,0.3668514850003621
2011-01,3,TVW2,0.3333333333333333,0.2001543178692093
2011-01,3,TVW2,0.5,0.4326933442948011
2011-01,3,TVW2,0.6666666666666666,0.36715233783598955
2011-01,3,TVW3,0.1,0.14567945962726966
2011-01,3,TVW3,0.25,0.14999999999999997
2011-01,3,TVW3,0.5,0.29999999999999993
2011-01,3,TVW3,0.75,0.2543205403727306
2011-01,3,TVW3,0.9,0.14999999999999997
2011-01,4,TVW1,0.25,0.2
2011-01,4,TVW1,0.5,0.4
2011-01,4,TVW1,0.75,0.4
2011-01,4,TVW2,0.3333333333333333,0.20000000000000004
2011-01,4,TVW2,0.5,0.3999999999999999
2011-01,4,TVW2,0.6666666666666666,0.4000000000000001
2011-01,4,TVW3,0.1,0.15
2011-01,4,TVW3,0.25,0.18023167345430935
2011-01,4,TVW3,0.5,0.3
2011-01,4,TVW3,0.75,0.21976832654569065
2011-01,4,TVW3,0.9,0.15
2011-01,5,TVW1,0.25,0.22256061359762522
2011-01,5,TVW1,0.5,0.4
2011-01,5,TVW1,0.75,0.37743938640237484
2011-01,5,TVW2,0.3333333333333333,0.2
2011-01,5,TVW2,0.5,0.4
2011-01,5,TVW2,0.6666666666666666,0.4
2011-01,5,TVW3,0.1,0.0
2011-01,5,TVW3,0.25,0.35
2011-01,5,TVW3,0.5,0.35651439236773486
2011-01,5,TVW3,0.75,0.15
2011-01,5,TVW3,0.9,0.1434856076322651
2011-01,6,TVW1,0.25,0.2
2011-01,6,TVW1,0.5,0.4
2011-01,6,TVW1,0.75,0.4
2011-01,6,TVW2,0.3333333333333333,0.20000000000000004
2011-01,6,TVW2,0.5,0.39999999999999997
2011-01,6,TVW2,0.6666666666666666,0.4000000000000001
2011-01,6,TVW3,0.1,0.01129153033365612
2011-01,6,TVW3,0.25,0.15
2011-01,6,TVW3,0.5,0.4082384058619399
2011-01,6,TVW3,0.75,0.35
2011-01,6,TVW3,0.9,0.08047006380440398
2011-01,7,TVW1,0.25,0.20000000000000004
2011-01,7,TVW1,0.5,0.4
2011-01,7,TVW1,0.75,0.39999999999999997
2011-01,7,TVW2,0.3333333333333333,0.20000000000000015
2011-01,7,TVW2,0.5,0.39999999999999986
2011-01,7,TVW2,0.6666666666666666,0.39999999999999997
2011-01,7,TVW3,0.1,8.817337771665852e-18
2011-01,7,TVW3,0.25,0.15000000000000005
2011-01,7,TVW3,0.5,0.3920051138540714
2011-01,7,TVW3,0.75,0.3499999999999999
2011-01,7,TVW3,0.9,0.1079948861459285
2011-01,8,TVW1,0.25,0.2
2011-01,8,TVW1,0.5,0.4
2011-01,8,TVW1,0.75,0.39999999999999997
2011-01,8,TVW2,0.3333333333333333,0.2387167083918066
2011-01,8,TVW2,0.5,0.3612832916081934
2011-01,8,TVW2,0.6666666666666666,0.4
2011-01,8,TVW3,0.1,0.07530538881136341
2011-01,8,TVW3,0.25,0.15000000000000008
2011-01,8,TVW3,0.5,0.3
2011-01,8,TVW3,0.75,0.35
2011-01,8,TVW3,0.9,0.12469461118863653
2011-01,9,TVW1,0.25,0.2
2011-01,9,TVW1,0.5,0.6
2011-01,9,TVW1,0.75,0.2
2011-01,9,TVW2,0.3333333333333333,0.2510755299702135
2011-01,9,TVW2,0.5,0.5000000000000001
2011-01,9,TVW2,0.6666666666666666,0.24892447002978646
2011-01,9,TVW3,0.1,0.0
2011-01,9,TVW3,0.25,0.29825941305720216
2011-01,9,TVW3,0.5,0.5000000000000001
2011-01,9,TVW3,0.75,0.15000000000000008
2011-01,9,TVW3,0.9,0.05174058694279782
2011-01,10,TVW1,0.25,0.3857202421734082
2011-01,10,TVW1,0.5,0.3999999999999999
2011-01,10,TVW1,0.75,0.2142797578265917
2011-01,10,TVW2,0.3333333333333333,0.2821591323864648
2011-01,10,TVW2,0.5,0.5
2011-01,10,TVW2,0.6666666666666666,0.21784086761353524
2011-01,10,TVW3,0.1,0.047433843894376174
2011-01,10,TVW3,0.25,0.35
2011-01,10,TVW3,0.5,0.3615976442132397
2011-01,10,TVW3,0.75,0.24096851189238425
2011-01,10,TVW3,0.9,1.1924948144616255e-17
2011-01,11,TVW1,0.25,0.3115161099543442
2011-01,11,TVW1,0.5,0.4000000000000001
2011-01,11,TVW1,0.75,0.2884838900456558
2011-01,11,TVW2,0.3333333333333333,0.3319610777819809
2011-01,11,TVW2,0.5,0.30000000000000004
2011-01,11,TVW2,0.6666666666666666,0.3680389222180191
2011-01,11,TVW3,0.1,0.15
2011-01,11,TVW3,0.25,0.20000199458342405
2011-01,11,TVW3,0.5,0.30000000000000004
2011-01,11,TVW3,0.75,0.34999800541657594
2011-01,11,TVW3,0.9,3.7568260045283875e-17
2011-01,12,TVW1,0.25,0.20000000000000012
2011-01,12,TVW1,0.5,0.5691332501696764
2011-01,12,TVW1,0.75,0.2308667498303235
2011-01,12,TVW2,0.3333333333333333,0.2
2011-01,12,TVW2,0.5,0.4920374127725209
2011-01,12,TVW2,0.6666666666666666,0.30796258722747916
2011-01,12,TVW3,0.1,0.0647256553914846
2011-01,12,TVW3,0.25,0.15
2011-01,12,TVW3,0.5,0.49999999999999994
2011-01,12,TVW3,0.75,0.28527434460851553
2011-01,12,TVW3,0.9,1.122126208186111e-17
2011-01,13,TVW1,0.25,0.39999999999999997
2011-01,13,TVW1,0.5,0.4
2011-01,13,TVW1,0.75,0.2
2011-01,13,TVW2,0.3333333333333333,0.4
2011-01,13,TVW2,0.5,0.3999999999999998
2011-01,13,TVW2,0.6666666666666666,0.2000000000000003
2011-01,13,TVW3,0.1,0.15
2011-01,13,TVW3,0.25,0.35
2011-01,13,TVW3,0.5,0.3500000000000001
2011-01,13,TVW3,0.75,0.15
2011-01,13,TVW3,0.9,0.0
2011-02,1,TVW1,0.25,0.20000000000000004
2011-02,1,TVW1,0.5,0.5910639942019933
2011-02,1,TVW1,0.75,0.20893600579800667
2011-02,1,TVW2,0.3333333333333333,0.2019800654926155
2011-02,1,TVW2,0.5,0.49999999999999994
2011-02,1,TVW2,0.6666666666666666,0.29801993450738457
2011-02,1,TVW3,0.1,0.10655637266534758
2011-02,1,TVW3,0.25,0.15000000000000027
2011-02,1,TVW3,0.5,0.49999999999999983
2011-02,1,TVW3,0.75,0.15
2011-02,1,TVW3,0.9,0.09344362733465231
2011-02,2,TVW1,0.25,0.2
2011-02,2,TVW1,0.5,0.4
2011-02,2,TVW1,0.75,0.4
2011-02,2,TVW2,0.3333333333333333,0.20000000000000004
2011-02,2,TVW2,0.5,0.3999999999999999
2011-02,2,TVW2,0.6666666666666666,0.4000000000000001
2011-02,2,TVW3,0.1,0.0
2011-02,2,TVW3,0.25,0.15000000000000005
2011-02,2,TVW3,0.5,0.4767303677530683
2011-02,2,TVW3,0.75,0.3499999999999999
2011-02,2,TVW3,0.9,0.023269632246931723
2011-02,3,TVW1,0.25,0.2
2011-02,3,TVW1,0.5,0.5252385307557108
2011-02,3,TVW1,0.75,0.2747614692442893
2011-02,3,TVW2,0.3333333333333333,0.3025656953882006
2011-02,3,TVW2,0.5,0.3
2011-02,3,TVW2,0.6666666666666666,0.39743430461179946
2011-02,3,TVW3,0.1,0.15
2011-02,3,TVW3,0.25,0.15
2011-02,3,TVW3,0.5,0.3683636869835349
2011-02,3,TVW3,0.75,0.18163631301646527
2011-02,3,TVW3,0.9,0.14999999999999997
2011-02,4,TVW1,0.25,0.20000000000000004
2011-02,4,TVW1,0.5,0.5426137986265277
2011-02,4,TVW1,0.75,0.2573862013734724
2011-02,4,TVW2,0.3333333333333333,0.20000000000000004
2011-02,4,TVW2,0.5,0.39999999999999997
2011-02,4,TVW2,0.6666666666666666,0.4000000000000001
2011-02,4,TVW3,0.1,0.0
2011-02,4,TVW3,0.25,0.2550448942187612
2011-02,4,TVW3,0.5,0.5
2011-02,4,TVW3,0.75,0.15000000000000002
2011-02,4,TVW3,0.9,0.09495510578123888
2011-02,5,TVW1,0.25,0.27216479236049274
2011-02,5,TVW1,0.5,0.4
2011-02,5,TVW1,0.75,0.32783520763950724
2011-02,5,TVW2,0.3333333333333333,0.29999999999999993
2011-02,5,TVW2,0.5,0.30000000000000004
2011-02,5,TVW2,0.6666666666666666,0.4000000000000001
2011-02,5,TVW3,0.1,0.0
2011-02,5,TVW3,0.25,0.35
2011-02,5,TVW3,0.5,0.3
2011-02,5,TVW3,0.75,0.2934092290966385
2011-02,5,TVW3,0.9,0.056590770903361544
2011-02,6,TVW1,0.25,0.2
2011-02,6,TVW1,0.5,0.4
2011-02,6,TVW1,0.75,0.4
2011-02,6,TVW2,0.3333333333333333,0.2
2011-02,6,TVW2,0.5,0.4
2011-02,6,TVW2,0.6666666666666666,0.4
2011-02,6,TVW3,0.1,0.0
2011-02,6,TVW3,0.25,0.3249860383638025
2011-02,6,TVW3,0.5,0.29999999999999993
2011-02,6,TVW3,0.75,0.22501396163619758
2011-02,6,TVW3,0.9,0.14999999999999997
2011-02,7,TVW1,0.25,0.20000000000000007
2011-02,7,TVW1,0.5,0.4
2011-02,7,TVW1,0.75,0.39999999999999997
2011-02,7,TVW2,0.3333333333333333,0.30000000000000004
2011-02,7,TVW2,0.5,0.3
2011-02,7,TVW2,0.6666666666666666,0.4
2011-02,7,TVW3,0.1,0.01822431293632952
2011-02,7,TVW3,0.25,0.18177568706367062
2011-02,7,TVW3,0.5,0.29999999999999993
2011-02,7,TVW3,0.75,0.3499999999999999
2011-02,7,TVW3,0.9,0.14999999999999997
2011-02,8,TVW1,0.25,0.2
2011-02,8,TVW1,0.5,0.4
2011-02,8,TVW1,0.75,0.4
2011-02,8,TVW2,0.3333333333333333,0.2
2011-02,8,TVW2,0.5,0.4
2011-02,8,TVW2,0.6666666666666666,0.39999999999999997
2011-02,8,TVW3,0.1,0.0693928827827679
2011-02,8,TVW3,0.25,0.15
2011-02,8,TVW3,0.5,0.3
2011-02,8,TVW3,0.75,0.35
2011-02,8,TVW3,0.9,0.13060711721723223
2011-02,9,TVW1,0.25,0.2
2011-02,9,TVW1,0.5,0.6
2011-02,9,TVW1,0.75,0.2
2011-02,9,TVW2,0.3333333333333333,0.2028489049586746
2011-02,9,TVW2,0.5,0.5
2011-02,9,TVW2,0.6666666666666666,0.2971510950413255
2011-02,9,TVW3,0.1,0.0
2011-02,9,TVW3,0.25,0.3499999999999999
2011-02,9,TVW3,0.5,0.38018018078780136
2011-02,9,TVW3,0.75,0.14999999999999997
2011-02,9,TVW3,0.9,0.11981981921219882
2011-02,10,TVW1,0.25,0.2
2011-02,10,TVW1,0.5,0.6
2011-02,10,TVW1,0.75,0.20000000000000004
2011-02,10,TVW2,0.3333333333333333,0.24943207120563554
2011-02,10,TVW2,0.5,0.49999999999999994
2011-02,10,TVW2,0.6666666666666666,0.25056792879436446
2011-02,10,TVW3,0.1,3.8571828886643145e-18
2011-02,10,TVW3,0.25,0.30538934937019496
2011-02,10,TVW3,0.5,0.5
2011-02,10,TVW3,0.75,0.15000000000000002
2011-02,10,TVW3,0.9,0.04461065062980515
2011-02,11,TVW1,0.25,0.3676123551880663
2011-02,11,TVW1,0.5,0.4000000000000002
2011-02,11,TVW1,0.75,0.23238764481193352
2011-02,11,TVW2,0.3333333333333333,0.387754893726771
2011-02,11,TVW2,0.5,0.3
2011-02,11,TVW2,0.6666666666666666,0.3122451062732291
2011-02,11,TVW3,0.1,0.15
2011-02,11,TVW3,0.25,0.2644508840205678
2011-02,11,TVW3,0.5,0.3
2011-02,11,TVW3,0.75,0.2855491159794322
2011-02,11,TVW3,0.9,4.4875333341355436e-18
2011-02,12,TVW1,0.25,0.2000000000000001
2011-02,12,TVW1,0.5,0.5469666575321072
2011-02,12,TVW1,0.75,0.2530333424678928
2011-02,12,TVW2,0.3333333333333333,0.2
2011-02,12,TVW2,0.5,0.4184665902652035
2011-02,12,TVW2,0.6666666666666666,0.38153340973479644
2011-02,12,TVW3,0.1,0.15
2011-02,12,TVW3,0.25,0.15
2011-02,12,TVW3,0.5,0.4107726570098937
2011-02,12,TVW3,0.75,0.15
2011-02,12,TVW3,0.9,0.13922734299010636
2011-02,13,TVW1,0.25,0.4
2011-02,13,TVW1,0.5,0.4
2011-02,13,TVW1,0.75,0.2
2011-02,13,TVW2,0.3333333333333333,0.4
2011-02,13,TVW2,0.5,0.3999999999999999
2011-02,13,TVW2,0.6666666666666666,0.2
2011-02,13,TVW3,0.1,0.15
2011-02,13,TVW3,0.25,0.32370807689586834
2011-02,13,TVW3,0.5,0.37629192310413173
2011-02,13,TVW3,0.75,0.15
2011-02,13,TVW3,0.9,0.0
2011-03,1,TVW1,0.25,0.37892820952445117
2011-03,1,TVW1,0.5,0.4210717904755488
2011-03,1,TVW1,0.75,0.2
2011-03,1,TVW2,0.3333333333333333,0.3201253623050504
2011-03,1,TVW2,0.5,0.47987463769494965
2011-03,1,TVW2,0.6666666666666666,0.2
2011-03,1,TVW3,0.1,0.15000000000000002
2011-03,1,TVW3,0.25,0.19480386775872593
2011-03,1,TVW3,0.5,0.4391599217854773
2011-03,1,TVW3,0.75,0.15000000000000002
2011-03,1,TVW3,0.9,0.06603621045579677
2011-03,2,TVW1,0.25,0.2
2011-03,2,TVW1,0.5,0.5279859242697569
2011-03,2,TVW1,0.75,0.27201407573024317
2011-03,2,TVW2,0.3333333333333333,0.20000000000000004
2011-03,2,TVW2,0.5,0.5000000000000001
2011-03,2,TVW2,0.6666666666666666,0.3
2011-03,2,TVW3,0.1,0.04971739210339524
2011-03,2,TVW3,0.25,0.15
2011-03,2,TVW3,0.5,0.5
2011-03,2,TVW3,0.75,0.26944674129321927
2011-03,2,TVW3,0.9,0.03083586660338541
2011-03,3,TVW1,0.25,0.2994906802629623
2011-03,3,TVW1,0.5,0.40000000000000047
2011-03,3,TVW1,0.75,0.3005093197370373
2011-03,3,TVW2,0.3333333333333333,0.3514689872338776
2011-03,3,TVW2,0.5,0.3
2011-03,3,TVW2,0.6666666666666666,0.3485310127661224
2011-03,3,TVW3,0.1,0.14999999999999966
2011-03,3,TVW3,0.25,0.1550279233952971
2011-03,3,TVW3,0.5,0.29999999999999993
2011-03,3,TVW3,0.75,0.3499999999999999
2011-03,3,TVW3,0.9,0.044972076604703315
2011-03,4,TVW1,0.25,0.3137286741263218
2011-03,4,TVW1,0.5,0.3999999999999999
2011-03,4,TVW1,0.75,0.2862713258736782
2011-03,4,TVW2,0.3333333333333333,0.30000000000000004
2011-03,4,TVW2,0.5,0.3
2011-03,4,TVW2,0.6666666666666666,0.4
2011-03,4,TVW3,0.1,0.06350371217543016
2011-03,4,TVW3,0.25,0.3499999999999999
2011-03,4,TVW3,0.5,0.29999999999999993
2011-03,4,TVW3,0.75,0.19101180433330212
2011-03,4,TVW3,0.9,0.09548448349126787
2011-03,5,TVW1,0.25,0.20000000000000004
2011-03,5,TVW1,0.5,0.5929110758987336
2011-03,5,TVW1,0.75,0.2070889241012663
2011-03,5,TVW2,0.3333333333333333,0.3450801141464059
2011-03,5,TVW2,0.5,0.30000000000000004
2011-03,5,TVW2,0.6666666666666666,0.3549198858535942
2011-03,5,TVW3,0.1,0.03754703060703519
2011-03,5,TVW3,0.25,0.35
2011-03,5,TVW3,0.5,0.34256012837805855
2011-03,5,TVW3,0.75,0.15
2011-03,5,TVW3,0.9,0.11989284101490626
2011-03,6,TVW1,0.25,0.2
2011-03,6,TVW1,0.5,0.4
2011-03,6,TVW1,0.75,0.4
2011-03,6,TVW2,0.3333333333333333,0.20000000000000004
2011-03,6,TVW2,0.5,0.39999999999999997
2011-03,6,TVW2,0.6666666666666666,0.4000000000000001
2011-03,6,TVW3,0.1,0.0
2011-03,6,TVW3,0.25,0.2938824975641429
2011-03,6,TVW3,0.5,0.30000000000000004
2011-03,6,TVW3,0.75,0.35
2011-03,6,TVW3,0.9,0.0561175024358571
2011-03,7,TVW1,0.25,0.2
2011-03,7,TVW1,0.5,0.4
2011-03,7,TVW1,0.75,0.4
2011-03,7,TVW2,0.3333333333333333,0.2
2011-03,7,TVW2,0.5,0.4000000000000001
2011-03,7,TVW2,0.6666666666666666,0.4
2011-03,7,TVW3,0.1,0.08509285478786355
2011-03,7,TVW3,0.25,0.15
2011-03,7,TVW3,0.5,0.3
2011-03,7,TVW3,0.75,0.3149071452121366
2011-03,7,TVW3,0.9,0.15
2011-03,8,TVW1,0.25,0.2
2011-03,8,TVW1,0.5,0.4
2011-03,8,TVW1,0.75,0.4
2011-03,8,TVW2,0.3333333333333333,0.2618253673348524
2011-03,8,TVW2,0.5,0.3381746326651475
2011-03,8,TVW2,0.6666666666666666,0.4000000000000001
2011-03,8,TVW3,0.1,0.11042118841516914
2011-03,8,TVW3,0.25,0.15000000000000002
2011-03,8,TVW3,0.5,0.3
2011-03,8,TVW3,0.75,0.28957881158483084
2011-03,8,TVW3,0.9,0.14999999999999997
2011-03,9,TVW1,0.25,0.24309337077296417
2011-03,9,TVW1,0.5,0.5569066292270358
2011-03,9,TVW1,0.75,0.19999999999999996
2011-03,9,TVW2,0.3333333333333333,0.27378042192588437
2011-03,9,TVW2,0.5,0.5
2011-03,9,TVW2,0.6666666666666666,0.22621957807411558
2011-03,9,TVW3,0.1,0.0
2011-03,9,TVW3,0.25,0.3109035690791954
2011-03,9,TVW3,0.5,0.5
2011-03,9,TVW3,0.75,0.15000000000000002
2011-03,9,TVW3,0.9,0.03909643092080453
2011-03,10,TVW1,0.25,0.2
2011-03,10,TVW1,0.5,0.6
2011-03,10,TVW1,0.75,0.2
2011-03,10,TVW2,0.3333333333333333,0.25618228734676207
2011-03,10,TVW2,0.5,0.5
2011-03,10,TVW2,0.6666666666666666,0.24381771265323804
2011-03,10,TVW3,0.1,0.14999999999999997
2011-03,10,TVW3,0.25,0.14999999999999997
2011-03,10,TVW3,0.5,0.4933575908250389
2011-03,10,TVW3,0.75,0.14999999999999997
2011-03,10,TVW3,0.9,0.056642409174961106
2011-03,11,TVW1,0.25,0.4
2011-03,11,TVW1,0.5,0.4
2011-03,11,TVW1,0.75,0.2
2011-03,11,TVW2,0.3333333333333333,0.4000000000000001
2011-03,11,TVW2,0.5,0.30000000000000004
2011-03,11,TVW2,0.6666666666666666,0.3
2011-03,11,TVW3,0.1,0.15
2011-03,11,TVW3,0.25,0.2992608150321251
2011-03,11,TVW3,0.5,0.3
2011-03,11,TVW3,0.75,0.2507391849678749
2011-03,11,TVW3,0.9,0.0
2011-03,12,TVW1,0.25,0.33034409435408796
2011-03,12,TVW1,0.5,0.4
2011-03,12,TVW1,0.75,0.26965590564591213
2011-03,12,TVW2,0.3333333333333333,0.31547026259368577
2011-03,12,TVW2,0.5,0.30000000000000004
2011-03,12,TVW2,0.6666666666666666,0.3845297374063142
2011-03,12,TVW3,0.1,0.15
2011-03,12,TVW3,0.25,0.1774165908566621
2011-03,12,TVW3,0.5,0.3494389154414124
2011-03,12,TVW3,0.75,0.32314449370192544
2011-03,12,TVW3,0.9,0.0
2011-03,13,TVW1,0.25,0.4
2011-03,13,TVW1,0.5,0.4
2011-03,13,TVW1,0.75,0.2
2011-03,13,TVW2,0.3333333333333333,0.4
2011-03,13,TVW2,0.5,0.4000000000000001
2011-03,13,TVW2,0.6666666666666666,0.20000000000000004
2011-03,13,TVW3,0.1,0.15
2011-03,13,TVW3,0.25,0.3499999999999999
2011-03,13,TVW3,0.5,0.3000000000000001
2011-03,13,TVW3,0.75,0.19999999999999993
2011-03,13,TVW3,0.9,0.0
2011-04,1,TVW1,0.25,0.3999999999999999
2011-04,1,TVW1,0.5,0.4000000000000001
2011-04,1,TVW1,0.75,0.2
2011-04,1,TVW2,0.3333333333333333,0.4
2011-04,1,TVW2,0.5,0.39999999999999997
2011-04,1,TVW2,0.6666666666666666,0.2
2011-04,1,TVW3,0.1,0.15
2011-04,1,TVW3,0.25,0.3139588842345051
2011-04,1,TVW3,0.5,0.30000000000000004
2011-04,1,TVW3,0.75,0.15
2011-04,1,TVW3,0.9,0.08604111576549488
2011-04,2,TVW1,0.25,0.20000000000000004
2011-04,2,TVW1,0.5,0.5947490454159853
2011-04,2,TVW1,0.75,0.20525095458401477
2011-04,2,TVW2,0.3333333333333333,0.2
2011-04,2,TVW2,0.5,0.5
2011-04,2,TVW2,0.6666666666666666,0.3
2011-04,2,TVW3,0.1,0.1121596152223023
2011-04,2,TVW3,0.25,0.15000000000000008
2011-04,2,TVW3,0.5,0.5
2011-04,2,TVW3,0.75,0.15
2011-04,2,TVW3,0.9,0.08784038477769765
2011-04,3,TVW1,0.25,0.4
2011-04,3,TVW1,0.5,0.4
2011-04,3,TVW1,0.75,0.20000000000000004
2011-04,3,TVW2,0.3333333333333333,0.4000000000000001
2011-04,3,TVW2,0.5,0.30000000000000004
2011-04,3,TVW2,0.6666666666666666,0.3
2011-04,3,TVW3,0.1,0.0952619764716084
2011-04,3,TVW3,0.25,0.3499999999999999
2011-04,3,TVW3,0.5,0.30000000000000027
2011-04,3,TVW3,0.75,0.23568579570312626
2011-04,3,TVW3,0.9,0.019052227825265146
2011-04,4,TVW1,0.25,0.37432176033660697
2011-04,4,TVW1,0.5,0.4000000000000001
2011-04,4,TVW1,0.75,0.22567823966339295
2011-04,4,TVW2,0.3333333333333333,0.32323421302586847
2011-04,4,TVW2,0.5,0.29999999999999993
2011-04,4,TVW2,0.6666666666666666,0.3767657869741316
2011-04,4,TVW3,0.1,0.08607128360660773
2011-04,4,TVW3,0.25,0.35
2011-04,4,TVW3,0.5,0.30000000000000016
2011-04,4,TVW3,0.75,0.15000000000000016
2011-04,4,TVW3,0.9,0.11392871639339214
2011-04,5,TVW1,0.25,0.3331327671020301
2011-04,5,TVW1,0.5,0.40000000000000013
2011-04,5,TVW1,0.75,0.2668672328979699
2011-04,5,TVW2,0.3333333333333333,0.34049538342971536
2011-04,5,TVW2,0.5,0.30000000000000004
2011-04,5,TVW2,0.6666666666666666,0.3595046165702846
2011-04,5,TVW3,0.1,0.0
2011-04,5,TVW3,0.25,0.3499999999999998
2011-04,5,TVW3,0.5,0.425285718434807
2011-04,5,TVW3,0.75,0.15000000000000016
2011-04,5,TVW3,0.9,0.07471428156519308
2011-04,6,TVW1,0.25,0.2130230094414225
2011-04,6,TVW1,0.5,0.4
2011-04,6,TVW1,0.75,0.3869769905585775
2011-04,6,TVW2,0.3333333333333333,0.2
2011-04,6,TVW2,0.5,0.40000000000000013
2011-04,6,TVW2,0.6666666666666666,0.4
2011-04,6,TVW3,0.1,0.15000000000000002
2011-04,6,TVW3,0.25,0.1727955868904652
2011-04,6,TVW3,0.5,0.30000000000000004
2011-04,6,TVW3,0.75,0.22720441310953474
2011-04,6,TVW3,0.9,0.15000000000000002
2011-04,7,TVW1,0.25,0.23439917433632268
2011-04,7,TVW1,0.5,0.40000000000000013
2011-04,7,TVW1,0.75,0.3656008256636772
2011-04,7,TVW2,0.3333333333333333,0.3000000000000001
2011-04,7,TVW2,0.5,0.3
2011-04,7,TVW2,0.6666666666666666,0.4
2011-04,7,TVW3,0.1,0.14999999999999997
2011-04,7,TVW3,0.25,0.15574046466623276
2011-04,7,TVW3,0.5,0.30000000000000004
2011-04,7,TVW3,0.75,0.24425953533376732
2011-04,7,TVW3,0.9,0.15
2011-04,8,TVW1,0.25,0.2
2011-04,8,TVW1,0.5,0.4
2011-04,8,TVW1,0.75,0.4
2011-04,8,TVW2,0.3333333333333333,0.2
2011-04,8,TVW2,0.5,0.4000000000000001
2011-04,8,TVW2,0.6666666666666666,0.4
2011-04,8,TVW3,0.1,0.1288478556596305
2011-04,8,TVW3,0.25,0.15000000000000005
2011-04,8,TVW3,0.5,0.3
2011-04,8,TVW3,0.75,0.35
2011-04,8,TVW3,0.9,0.0711521443403694
2011-04,9,TVW1,0.25,0.2
2011-04,9,TVW1,0.5,0.6
2011-04,9,TVW1,0.75,0.2
2011-04,9,TVW2,0.3333333333333333,0.3000000000000001
2011-04,9,TVW2,0.5,0.5
2011-04,9,TVW2,0.6666666666666666,0.2
2011-04,9,TVW3,0.1,6.114444297809542e-17
2011-04,9,TVW3,0.25,0.3205958293570711
2011-04,9,TVW3,0.5,0.5000000000000001
2011-04,9,TVW3,0.75,0.15000000000000005
2011-04,9,TVW3,0.9,0.02940417064292879
2011-04,10,TVW1,0.25,0.23635234860398735
2011-04,10,TVW1,0.5,0.5636476513960127
2011-04,10,TVW1,0.75,0.20000000000000004
2011-04,10,TVW2,0.3333333333333333,0.2845169496107428
2011-04,10,TVW2,0.5,0.5000000000000001
2011-04,10,TVW2,0.6666666666666666,0.21548305038925714
2011-04,10,TVW3,0.1,0.14999999999999997
2011-04,10,TVW3,0.25,0.15000000000000002
2011-04,10,TVW3,0.5,0.49999999999999994
2011-04,10,TVW3,0.75,0.15000000000000008
2011-04,10,TVW3,0.9,0.0500000000000001
2011-04,11,TVW1,0.25,0.4
2011-04,11,TVW1,0.5,0.4
2011-04,11,TVW1,0.75,0.2
2011-04,11,TVW2,0.3333333333333333,0.4
2011-04,11,TVW2,0.5,0.33157434243558426
2011-04,11,TVW2,0.6666666666666666,0.2684256575644158
2011-04,11,TVW3,0.1,0.15000000000000002
2011-04,11,TVW3,0.25,0.3278260420129695
2011-04,11,TVW3,0.5,0.30000000000000016
2011-04,11,TVW3,0.75,0.2221739579870305
2011-04,11,TVW3,0.9,4.58292492513314e-18
2011-04,12,TVW1,0.25,0.3995007074787149
2011-04,12,TVW1,0.5,0.4
2011-04,12,TVW1,0.75,0.20049929252128507
2011-04,12,TVW2,0.3333333333333333,0.38429395372571096
2011-04,12,TVW2,0.5,0.3
2011-04,12,TVW2,0.6666666666666666,0.3157060462742892
2011-04,12,TVW3,0.1,0.15000000000000002
2011-04,12,TVW3,0.25,0.3017172194742571
2011-04,12,TVW3,0.5,0.30000000000000004
2011-04,12,TVW3,0.75,0.15000000000000005
2011-04,12,TVW3,0.9,0.09828278052574287
2011-04,13,TVW1,0.25,0.4
2011-04,13,TVW1,0.5,0.4
2011-04,13,TVW1,0.75,0.20000000000000004
2011-04,13,TVW2,0.3333333333333333,0.39999999999999997
2011-04,13,TVW2,0.5,0.40000000000000013
2011-04,13,TVW2,0.6666666666666666,0.2
2011-04,13,TVW3,0.1,0.15
2011-04,13,TVW3,0.25,0.35
2011-04,13,TVW3,0.5,0.35000000000000003
2011-04,13,TVW3,0.75,0.15
2011-04,13,TVW3,0.9,1.0181967823562856e-17
2011-05,1,TVW1,0.25,0.3059526292180889
2011-05,1,TVW1,0.5,0.4
2011-05,1,TVW1,0.75,0.29404737078191107
2011-05,1,TVW2,0.3333333333333333,0.2
2011-05,1,TVW2,0.5,0.49390750498036806
2011-05,1,TVW2,0.6666666666666666,0.3060924950196319
2011-05,1,TVW3,0.1,0.0
2011-05,1,TVW3,0.25,0.35
2011-05,1,TVW3,0.5,0.3160385032819107
2011-05,1,TVW3,0.75,0.3339614967180893
2011-05,1,TVW3,0.9,4.4871282887186496e-17
2011-05,2,TVW1,0.25,0.2193344584018217
2011-05,2,TVW1,0.5,0.4
2011-05,2,TVW1,0.75,0.3806655415981783
2011-05,2,TVW2,0.3333333333333333,0.2
2011-05,2,TVW2,0.5,0.4
2011-05,2,TVW2,0.6666666666666666,0.4
2011-05,2,TVW3,0.1,0.0738587640541103
2011-05,2,TVW3,0.25,0.15
2011-05,2,TVW3,0.5,0.41779858472721226
2011-05,2,TVW3,0.75,0.34999999999999987
2011-05,2,TVW3,0.9,0.008342651218677485
2011-05,3,TVW1,0.25,0.25964415531548113
2011-05,3,TVW1,0.5,0.5403558446845189
2011-05,3,TVW1,0.75,0.2
2011-05,3,TVW2,0.3333333333333333,0.4
2011-05,3,TVW2,0.5,0.3
2011-05,3,TVW2,0.6666666666666666,0.30000000000000004
2011-05,3,TVW3,0.1,0.14999999999999997
2011-05,3,TVW3,0.25,0.14999999999999997
2011-05,3,TVW3,0.5,0.4813812130786132
2011-05,3,TVW3,0.75,0.14999999999999997
2011-05,3,TVW3,0.9,0.06861878692138695
2011-05,4,TVW1,0.25,0.2
2011-05,4,TVW1,0.5,0.4
2011-05,4,TVW1,0.75,0.39999999999999997
2011-05,4,TVW2,0.3333333333333333,0.2
2011-05,4,TVW2,0.5,0.40000000000000013
2011-05,4,TVW2,0.6666666666666666,0.39999999999999997
2011-05,4,TVW3,0.1,0.12097435635931802
2011-05,4,TVW3,0.25,0.1500000000000001
2011-05,4,TVW3,0.5,0.30000000000000016
2011-05,4,TVW3,0.75,0.3399830784626145
2011-05,4,TVW3,0.9,0.08904256517806727
2011-05,5,TVW1,0.25,0.2
2011-05,5,TVW1,0.5,0.4
2011-05,5,TVW1,0.75,0.39999999999999997
2011-05,5,TVW2,0.3333333333333333,0.20000000000000023
2011-05,5,TVW2,0.5,0.39999999999999986
2011-05,5,TVW2,0.6666666666666666,0.4
2011-05,5,TVW3,0.1,5.169986774485439e-17
2011-05,5,TVW3,0.25,0.2869723067913464
2011-05,5,TVW3,0.5,0.30000000000000004
2011-05,5,TVW3,0.75,0.35000000000000003
2011-05,5,TVW3,0.9,0.06302769320865359
2011-05,6,TVW1,0.25,0.20000000000000004
2011-05,6,TVW1,0.5,0.4
2011-05,6,TVW1,0.75,0.3999999999999999
2011-05,6,TVW2,0.3333333333333333,0.2000000000000001
2011-05,6,TVW2,0.5,0.3999999999999999
2011-05,6,TVW2,0.6666666666666666,0.4000000000000001
2011-05,6,TVW3,0.1,7.931389667075467e-19
2011-05,6,TVW3,0.25,0.22290868294102137
2011-05,6,TVW3,0.5,0.3
2011-05,6,TVW3,0.75,0.35
2011-05,6,TVW3,0.9,0.12709131705897864
2011-05,7,TVW1,0.25,0.2
2011-05,7,TVW1,0.5,0.4
2011-05,7,TVW1,0.75,0.4
2011-05,7,TVW2,0.3333333333333333,0.20000000000000004
2011-05,7,TVW2,0.5,0.4
2011-05,7,TVW2,0.6666666666666666,0.4
2011-05,7,TVW3,0.1,0.05812903130666386
2011-05,7,TVW3,0.25,0.14999999999999997
2011-05,7,TVW3,0.5,0.3
2011-05,7,TVW3,0.75,0.34999999999999976
2011-05,7,TVW3,0.9,0.14187096869333632
2011-05,8,TVW1,0.25,0.20000000000000004
2011-05,8,TVW1,0.5,0.4
2011-05,8,TVW1,0.75,0.39999999999999997
2011-05,8,TVW2,0.3333333333333333,0.20000000000000007
2011-05,8,TVW2,0.5,0.4
2011-05,8,TVW2,0.6666666666666666,0.39999999999999986
2011-05,8,TVW3,0.1,0.08016555754728268
2011-05,8,TVW3,0.25,0.14999999999999997
2011-05,8,TVW3,0.5,0.29999999999999993
2011-05,8,TVW3,0.75,0.3208089556019977
2011-05,8,TVW3,0.9,0.1490254868507197
2011-05,9,TVW1,0.25,0.19999999999999996
2011-05,9,TVW1,0.5,0.5999999999999999
2011-05,9,TVW1,0.75,0.20000000000000007
2011-05,9,TVW2,0.3333333333333333,0.2
2011-05,9,TVW2,0.5,0.4000000000000001
2011-05,9,TVW2,0.6666666666666666,0.4
2011-05,9,TVW3,0.1,3.8796550169881364e-17
2011-05,9,TVW3,0.25,0.23671329181689163
2011-05,9,TVW3,0.5,0.5
2011-05,9,TVW3,0.75,0.15
2011-05,9,TVW3,0.9,0.11328670818310822
2011-05,10,TVW1,0.25,0.20000000000000004
2011-05,10,TVW1,0.5,0.6
2011-05,10,TVW1,0.75,0.2000000000000001
2011-05,10,TVW2,0.3333333333333333,0.20000000000000007
2011-05,10,TVW2,0.5,0.49999999999999994
2011-05,10,TVW2,0.6666666666666666,0.3000000000000001
2011-05,10,TVW3,0.1,0.13089937994278067
2011-05,10,TVW3,0.25,0.15
2011-05,10,TVW3,0.5,0.4999999999999999
2011-05,10,TVW3,0.75,0.1500000000000001
2011-05,10,TVW3,0.9,0.06910062005721934
2011-05,11,TVW1,0.25,0.3262688636445475
2011-05,11,TVW1,0.5,0.47373113635545255
2011-05,11,TVW1,0.75,0.2
2011-05,11,TVW2,0.3333333333333333,0.4
2011-05,11,TVW2,0.5,0.3
2011-05,11,TVW2,0.6666666666666666,0.30000000000000016
2011-05,11,TVW3,0.1,0.15
2011-05,11,TVW3,0.25,0.15000000000000008
2011-05,11,TVW3,0.5,0.5
2011-05,11,TVW3,0.75,0.1999999999999999
2011-05,11,TVW3,0.9,6.27628849716645e-18
2011-05,12,TVW1,0.25,0.3231915689657681
2011-05,12,TVW1,0.5,0.4000000000000001
2011-05,12,TVW1,0.75,0.27680843103423186
2011-05,12,TVW2,0.3333333333333333,0.20215858302535386
2011-05,12,TVW2,0.5,0.3978414169746461
2011-05,12,TVW2,0.6666666666666666,0.4
2011-05,12,TVW3,0.1,0.15
2011-05,12,TVW3,0.25,0.22426599410606757
2011-05,12,TVW3,0.5,0.30000000000000004
2011-05,12,TVW3,0.75,0.253532006072048
2011-05,12,TVW3,0.9,0.0722019998218844
2011-05,13,TVW1,0.25,0.39999999999999997
2011-05,13,TVW1,0.5,0.4
2011-05,13,TVW1,0.75,0.2
2011-05,13,TVW2,0.3333333333333333,0.4
2011-05,13,TVW2,0.5,0.4000000000000001
2011-05,13,TVW2,0.6666666666666666,0.2
2011-05,13,TVW3,0.1,0.14999999999999997
2011-05,13,TVW3,0.25,0.1895835822189359
2011-05,13,TVW3,0.5,0.4999999999999995
2011-05,13,TVW3,0.75,0.16041641778106458
2011-05,13,TVW3,0.9,1.7777843002159347e-17
2011-06,1,TVW1,0.25,0.33968238623472813
2011-06,1,TVW1,0.5,0.4000000000000001
2011-06,1,TVW1,0.75,0.2603176137652718
2011-06,1,TVW2,0.3333333333333333,0.3078042269140809
2011-06,1,TVW2,0.5,0.4147719341988952
2011-06,1,TVW2,0.6666666666666666,0.277423838887024
2011-06,1,TVW3,0.1,0.08608516701327985
2011-06,1,TVW3,0.25,0.3075605317213742
2011-06,1,TVW3,0.5,0.3000000000000001
2011-06,1,TVW3,0.75,0.2671323456874693
2011-06,1,TVW3,0.9,0.039221955577876666
2011-06,2,TVW1,0.25,0.26331328859592457
2011-06,2,TVW1,0.5,0.4000000000000001
2011-06,2,TVW1,0.75,0.33668671140407547
2011-06,2,TVW2,0.3333333333333333,0.2
2011-06,2,TVW2,0.5,0.42928500702136013
2011-06,2,TVW2,0.6666666666666666,0.37071499297863997
2011-06,2,TVW3,0.1,0.14999999999999997
2011-06,2,TVW3,0.25,0.15000000000000005
2011-06,2,TVW3,0.5,0.3196026398097891
2011-06,2,TVW3,0.75,0.34999999999999987
2011-06,2,TVW3,0.9,0.030397360190211078
2011-06,3,TVW1,0.25,0.38526089365448074
2011-06,3,TVW1,0.5,0.4147391063455193
2011-06,3,TVW1,0.75,0.2
2011-06,3,TVW2,0.3333333333333333,0.4
2011-06,3,TVW2,0.5,0.4
2011-06,3,TVW2,0.6666666666666666,0.20000000000000004
2011-06,3,TVW3,0.1,0.14999999999999997
2011-06,3,TVW3,0.25,0.3014867712886148
2011-06,3,TVW3,0.5,0.3000000000000001
2011-06,3,TVW3,0.75,0.15
2011-06,3,TVW3,0.9,0.09851322871138508
2011-06,4,TVW1,0.25,0.2804218564217429
2011-06,4,TVW1,0.5,0.4
2011-06,4,TVW1,0.75,0.31957814357825703
2011-06,4,TVW2,0.3333333333333333,0.3000000000000001
2011-06,4,TVW2,0.5,0.3
2011-06,4,TVW2,0.6666666666666666,0.4
2011-06,4,TVW3,0.1,0.15000000000000002
2011-06,4,TVW3,0.25,0.24140526853353397
2011-06,4,TVW3,0.5,0.30000000000000004
2011-06,4,TVW3,0.75,0.15859473146646597
2011-06,4,TVW3,0.9,0.15000000000000002
2011-06,5,TVW1,0.25,0.20000000000000043
2011-06,5,TVW1,0.5,0.5999999999999994
2011-06,5,TVW1,0.75,0.2000000000000002
2011-06,5,TVW2,0.3333333333333333,0.27179991359285144
2011-06,5,TVW2,0.5,0.5000000000000001
2011-06,5,TVW2,0.6666666666666666,0.22820008640714842
2011-06,5,TVW3,0.1,0.07094106160265327
2011-06,5,TVW3,0.25,0.15000000000000002
2011-06,5,TVW3,0.5,0.5000000000000001
2011-06,5,TVW3,0.75,0.27905893839734647
2011-06,5,TVW3,0.9,2.1357094243644068e-16
2011-06,6,TVW1,0.25,0.2
2011-06,6,TVW1,0.5,0.4
2011-06,6,TVW1,0.75,0.39999999999999997
2011-06,6,TVW2,0.3333333333333333,0.20000000000000012
2011-06,6,TVW2,0.5,0.39999999999999997
2011-06,6,TVW2,0.6666666666666666,0.39999999999999997
2011-06,6,TVW3,0.1,0.0
2011-06,6,TVW3,0.25,0.3480680024122242
2011-06,6,TVW3,0.5,0.2999999999999994
2011-06,6,TVW3,0.75,0.20193199758777675
2011-06,6,TVW3,0.9,0.1499999999999997
2011-06,7,TVW1,0.25,0.22543823416064732
2011-06,7,TVW1,0.5,0.4000000000000001
2011-06,7,TVW1,0.75,0.3745617658393527
2011-06,7,TVW2,0.3333333333333333,0.2932157296373473
2011-06,7,TVW2,0.5,0.30678427036265304
2011-06,7,TVW2,0.6666666666666666,0.39999999999999974
2011-06,7,TVW3,0.1,1.5630666164660874e-17
2011-06,7,TVW3,0.25,0.31690806912598746
2011-06,7,TVW3,0.5,0.3
2011-06,7,TVW3,0.75,0.35
2011-06,7,TVW3,0.9,0.03309193087401258
2011-06,8,TVW1,0.25,0.20000000000000004
2011-06,8,TVW1,0.5,0.4
2011-06,8,TVW1,0.75,0.39999999999999997
2011-06,8,TVW2,0.3333333333333333,0.30000000000000016
2011-06,8,TVW2,0.5,0.3
2011-06,8,TVW2,0.6666666666666666,0.4
2011-06,8,TVW3,0.1,0.14999999999999997
2011-06,8,TVW3,0.25,0.15
2011-06,8,TVW3,0.5,0.3
2011-06,8,TVW3,0.75,0.26811653153313336
2011-06,8,TVW3,0.9,0.1318834684668669
2011-06,9,TVW1,0.25,0.2
2011-06,9,TVW1,0.5,0.6
2011-06,9,TVW1,0.75,0.2
2011-06,9,TVW2,0.3333333333333333,0.35145824108934665
2011-06,9,TVW2,0.5,0.3
2011-06,9,TVW2,0.6666666666666666,0.34854175891065353
2011-06,9,TVW3,0.1,2.6728687265558388e-17
2011-06,9,TVW3,0.25,0.27594435590892047
2011-06,9,TVW3,0.5,0.49999999999999983
2011-06,9,TVW3,0.75,0.15000000000000008
2011-06,9,TVW3,0.9,0.07405564409107969
2011-06,10,TVW1,0.25,0.2
2011-06,10,TVW1,0.5,0.6
2011-06,10,TVW1,0.75,0.2
2011-06,10,TVW2,0.3333333333333333,0.24035543520168817
2011-06,10,TVW2,0.5,0.4999999999999997
2011-06,10,TVW2,0.6666666666666666,0.25964456479831216
2011-06,10,TVW3,0.1,0.14396162571806626
2011-06,10,TVW3,0.25,0.14999999999999997
2011-06,10,TVW3,0.5,0.4999999999999999
2011-06,10,TVW3,0.75,0.14999999999999997
2011-06,10,TVW3,0.9,0.056038374281933846
2011-06,11,TVW1,0.25,0.4
2011-06,11,TVW1,0.5,0.4000000000000001
2011-06,11,TVW1,0.75,0.2
2011-06,11,TVW2,0.3333333333333333,0.4
2011-06,11,TVW2,0.5,0.3071355433535626
2011-06,11,TVW2,0.6666666666666666,0.29286445664643734
2011-06,11,TVW3,0.1,0.15
2011-06,11,TVW3,0.25,0.17913596823035005
2011-06,11,TVW3,0.5,0.4999999999999999
2011-06,11,TVW3,0.75,0.17086403176965
2011-06,11,TVW3,0.9,0.0
2011-06,12,TVW1,0.25,0.349285127022707
2011-06,12,TVW1,0.5,0.4
2011-06,12,TVW1,0.75,0.2507148729772931
2011-06,12,TVW2,0.3333333333333333,0.3343185526451944
2011-06,12,TVW2,0.5,0.3
2011-06,12,TVW2,0.6666666666666666,0.3656814473548055
2011-06,12,TVW3,0.1,0.14999999999999997
2011-06,12,TVW3,0.25,0.27095943008517626
2011-06,12,TVW3,0.5,0.30000000000000004
2011-06,12,TVW3,0.75,0.15000000000000005
2011-06,12,TVW3,0.9,0.1290405699148238
2011-06,13,TVW1,0.25,0.34041415994054885
2011-06,13,TVW1,0.5,0.45958584005945113
2011-06,13,TVW1,0.75,0.2
2011-06,13,TVW2,0.3333333333333333,0.4
2011-06,13,TVW2,0.5,0.38205388088368897
2011-06,13,TVW2,0.6666666666666666,0.21794611911631104
2011-06,13,TVW3,0.1,0.14999999999999997
2011-06,13,TVW3,0.25,0.154904806614586
2011-06,13,TVW3,0.5,0.5
2011-06,13,TVW3,0.75,0.19509519338541403
2011-06,13,TVW3,0.9,7.080398945655204e-18
2011-07,1,TVW1,0.25,0.3073411641041414
2011-07,1,TVW1,0.5,0.4
2011-07,1,TVW1,0.75,0.2926588358958586
2011-07,1,TVW2,0.3333333333333333,0.3
2011-07,1,TVW2,0.5,0.3
2011-07,1,TVW2,0.6666666666666666,0.4
2011-07,1,TVW3,0.1,0.15
2011-07,1,TVW3,0.25,0.18255699891415778
2011-07,1,TVW3,0.5,0.30000000000000004
2011-07,1,TVW3,0.75,0.34999999999999976
2011-07,1,TVW3,0.9,0.017443001085842475
2011-07,2,TVW1,0.25,0.28522058139382217
2011-07,2,TVW1,0.5,0.4000000000000001
2011-07,2,TVW1,0.75,0.3147794186061778
2011-07,2,TVW2,0.3333333333333333,0.2
2011-07,2,TVW2,0.5,0.43554062322102977
2011-07,2,TVW2,0.6666666666666666,0.3644593767789703
2011-07,2,TVW3,0.1,0.12344405717754006
2011-07,2,TVW3,0.25,0.15000000000000008
2011-07,2,TVW3,0.5,0.37655594282245985
2011-07,2,TVW3,0.75,0.35
2011-07,2,TVW3,0.9,0.0
2011-07,3,TVW1,0.25,0.3999999999999999
2011-07,3,TVW1,0.5,0.3999999999999999
2011-07,3,TVW1,0.75,0.20000000000000004
2011-07,3,TVW2,0.3333333333333333,0.3999999999999999
2011-07,3,TVW2,0.5,0.39999999999999986
2011-07,3,TVW2,0.6666666666666666,0.20000000000000004
2011-07,3,TVW3,0.1,0.010218581511118256
2011-07,3,TVW3,0.25,0.3499999999999999
2011-07,3,TVW3,0.5,0.4727411141246657
2011-07,3,TVW3,0.75,0.15000000000000008
2011-07,3,TVW3,0.9,0.01704030436421603
2011-07,4,TVW1,0.25,0.3262068899272521
2011-07,4,TVW1,0.5,0.4000000000000002
2011-07,4,TVW1,0.75,0.2737931100727477
2011-07,4,TVW2,0.3333333333333333,0.4
2011-07,4,TVW2,0.5,0.3
2011-07,4,TVW2,0.6666666666666666,0.3
2011-07,4,TVW3,0.1,0.08297057276168798
2011-07,4,TVW3,0.25,0.26702942723831197
2011-07,4,TVW3,0.5,0.30000000000000016
2011-07,4,TVW3,0.75,0.35000000000000003
2011-07,4,TVW3,0.9,0.0
2011-07,5,TVW1,0.25,0.3398745559221327
2011-07,5,TVW1,0.5,0.40000000000000013
2011-07,5,TVW1,0.75,0.26012544407786725
2011-07,5,TVW2,0.3333333333333333,0.295607464656216
2011-07,5,TVW2,0.5,0.49999999999999994
2011-07,5,TVW2,0.6666666666666666,0.20439253534378415
2011-07,5,TVW3,0.1,0.013529673632983066
2011-07,5,TVW3,0.25,0.35
2011-07,5,TVW3,0.5,0.3
2011-07,5,TVW3,0.75,0.3364703263670169
2011-07,5,TVW3,0.9,1.0480983803512609e-16
2011-07,6,TVW1,0.25,0.2
2011-07,6,TVW1,0.5,0.4
2011-07,6,TVW1,0.75,0.4
2011-07,6,TVW2,0.3333333333333333,0.2
2011-07,6,TVW2,0.5,0.4000000000000001
2011-07,6,TVW2,0.6666666666666666,0.4
2011-07,6,TVW3,0.1,0.11743288913226818
2011-07,6,TVW3,0.25,0.15000000000000008
2011-07,6,TVW3,0.5,0.3
2011-07,6,TVW3,0.75,0.2825671108677319
2011-07,6,TVW3,0.9,0.15
2011-07,7,TVW1,0.25,0.23294354503176937
2011-07,7,TVW1,0.5,0.4
2011-07,7,TVW1,0.75,0.3670564549682306
2011-07,7,TVW2,0.3333333333333333,0.20000000000000004
2011-07,7,TVW2,0.5,0.4000000000000001
2011-07,7,TVW2,0.6666666666666666,0.4
2011-07,7,TVW3,0.1,0.01563521431396915
2011-07,7,TVW3,0.25,0.34999999999999987
2011-07,7,TVW3,0.5,0.3
2011-07,7,TVW3,0.75,0.18436478568603096
2011-07,7,TVW3,0.9,0.14999999999999997
2011-07,8,TVW1,0.25,0.24603860775477368
2011-07,8,TVW1,0.5,0.4
2011-07,8,TVW1,0.75,0.35396139224522627
2011-07,8,TVW2,0.3333333333333333,0.28145119383255174
2011-07,8,TVW2,0.5,0.3185488061674483
2011-07,8,TVW2,0.6666666666666666,0.4
2011-07,8,TVW3,0.1,0.15000000000000002
2011-07,8,TVW3,0.25,0.2081417164178398
2011-07,8,TVW3,0.5,0.30000000000000004
2011-07,8,TVW3,0.75,0.19185828358216014
2011-07,8,TVW3,0.9,0.15000000000000002
2011-07,9,TVW1,0.25,0.34889364034803055
2011-07,9,TVW1,0.5,0.4000000000000001
2011-07,9,TVW1,0.75,0.2511063596519694
2011-07,9,TVW2,0.3333333333333333,0.3970584191406775
2011-07,9,TVW2,0.5,0.3000000000000001
2011-07,9,TVW2,0.6666666666666666,0.3029415808593225
2011-07,9,TVW3,0.1,0.0
2011-07,9,TVW3,0.25,0.3499999999999999
2011-07,9,TVW3,0.5,0.41253966835716754
2011-07,9,TVW3,0.75,0.14999999999999997
2011-07,9,TVW3,0.9,0.08746033164283251
2011-07,10,TVW1,0.25,0.276413158411382
2011-07,10,TVW1,0.5,0.523586841588618
2011-07,10,TVW1,0.75,0.2
2011-07,10,TVW2,0.3333333333333333,0.27556278507973825
2011-07,10,TVW2,0.5,0.5
2011-07,10,TVW2,0.6666666666666666,0.22443721492026175
2011-07,10,TVW3,0.1,0.15
2011-07,10,TVW3,0.25,0.15
2011-07,10,TVW3,0.5,0.46969959676126677
2011-07,10,TVW3,0.75,0.23030040323873335
2011-07,10,TVW3,0.9,0.0
2011-07,11,TVW1,0.25,0.39349003316720366
2011-07,11,TVW1,0.5,0.39999999999999997
2011-07,11,TVW1,0.75,0.20650996683279618
2011-07,11,TVW2,0.3333333333333333,0.39999999999999986
2011-07,11,TVW2,0.5,0.30000000000000027
2011-07,11,TVW2,0.6666666666666666,0.29999999999999977
2011-07,11,TVW3,0.1,0.15
2011-07,11,TVW3,0.25,0.27223143378624215
2011-07,11,TVW3,0.5,0.30000000000000004
2011-07,11,TVW3,0.75,0.2777685662137578
2011-07,11,TVW3,0.9,0.0
2011-07,12,TVW1,0.25,0.39644023007508267
2011-07,12,TVW1,0.5,0.3999999999999999
2011-07,12,TVW1,0.75,0.2035597699249173
2011-07,12,TVW2,0.3333333333333333,0.4
2011-07,12,TVW2,0.5,0.3030216765403335
2011-07,12,TVW2,0.6666666666666666,0.2969783234596665
2011-07,12,TVW3,0.1,0.15
2011-07,12,TVW3,0.25,0.3065741628856074
2011-07,12,TVW3,0.5,0.3
2011-07,12,TVW3,0.75,0.15
2011-07,12,TVW3,0.9,0.09342583711439269
2011-07,13,TVW1,0.25,0.3721060693309157
2011-07,13,TVW1,0.5,0.4278939306690843
2011-07,13,TVW1,0.75,0.2
2011-07,13,TVW2,0.3333333333333333,0.2909734707036713
2011-07,13,TVW2,0.5,0.5
2011-07,13,TVW2,0.6666666666666666,0.20902652929632876
2011-07,13,TVW3,0.1,0.14999999999999997
2011-07,13,TVW3,0.25,0.16652399467163492
2011-07,13,TVW3,0.5,0.5
2011-07,13,TVW3,0.75,0.15000000000000036
2011-07,13,TVW3,0.9,0.03347600532836468
2011-08,1,TVW1,0.25,0.3401663381291778
2011-08,1,TVW1,0.5,0.4000000000000001
2011-08,1,TVW1,0.75,0.25983366187082213
2011-08,1,TVW2,0.3333333333333333,0.3863021061212529
2011-08,1,TVW2,0.5,0.29999999999999993
2011-08,1,TVW2,0.6666666666666666,0.3136978938787472
2011-08,1,TVW3,0.1,0.02176639446954585
2011-08,1,TVW3,0.25,0.3499999999999999
2011-08,1,TVW3,0.5,0.30000000000000004
2011-08,1,TVW3,0.75,0.3242396202288383
2011-08,1,TVW3,0.9,0.00399398530161596
2011-08,2,TVW1,0.25,0.20000000000000004
2011-08,2,TVW1,0.5,0.598335730629917
2011-08,2,TVW1,0.75,0.20166426937008308
2011-08,2,TVW2,0.3333333333333333,0.2
2011-08,2,TVW2,0.5,0.5
2011-08,2,TVW2,0.6666666666666666,0.3000000000000001
2011-08,2,TVW3,0.1,8.595263536030937e-17
2011-08,2,TVW3,0.25,0.2817188220302643
2011-08,2,TVW3,0.5,0.4999999999999999
2011-08,2,TVW3,0.75,0.15000000000000008
2011-08,2,TVW3,0.9,0.06828117796973569
2011-08,3,TVW1,0.25,0.39999999999999997
2011-08,3,TVW1,0.5,0.4
2011-08,3,TVW1,0.75,0.2
2011-08,3,TVW2,0.3333333333333333,0.4
2011-08,3,TVW2,0.5,0.3999999999999999
2011-08,3,TVW2,0.6666666666666666,0.2
2011-08,3,TVW3,0.1,0.15
2011-08,3,TVW3,0.25,0.18948539135365683
2011-08,3,TVW3,0.5,0.5
2011-08,3,TVW3,0.75,0.15
2011-08,3,TVW3,0.9,0.010514608646343149
2011-08,4,TVW1,0.25,0.4
2011-08,4,TVW1,0.5,0.4
2011-08,4,TVW1,0.75,0.2
2011-08,4,TVW2,0.3333333333333333,0.4
2011-08,4,TVW2,0.5,0.3
2011-08,4,TVW2,0.6666666666666666,0.3
2011-08,4,TVW3,0.1,0.14999999999999988
2011-08,4,TVW3,0.25,0.24351613573791453
2011-08,4,TVW3,0.5,0.30000000000000016
2011-08,4,TVW3,0.75,0.30648386426208524
2011-08,4,TVW3,0.9,1.2083214811165404e-16
2011-08,5,TVW1,0.25,0.4
2011-08,5,TVW1,0.5,0.4
2011-08,5,TVW1,0.75,0.2
2011-08,5,TVW2,0.3333333333333333,0.4
2011-08,5,TVW2,0.5,0.4
2011-08,5,TVW2,0.6666666666666666,0.2
2011-08,5,TVW3,0.1,0.07751770741217108
2011-08,5,TVW3,0.25,0.35
2011-08,5,TVW3,0.5,0.30000000000000004
2011-08,5,TVW3,0.75,0.2724822925878289
2011-08,5,TVW3,0.9,2.400680350166167e-17
2011-08,6,TVW1,0.25,0.2
2011-08,6,TVW1,0.5,0.47428483417662914
2011-08,6,TVW1,0.75,0.3257151658233708
2011-08,6,TVW2,0.3333333333333333,0.2
2011-08,6,TVW2,0.5,0.4000000000000001
2011-08,6,TVW2,0.6666666666666666,0.4
2011-08,6,TVW3,0.1,5.5388872268964444e-17
2011-08,6,TVW3,0.25,0.23613602166924882
2011-08,6,TVW3,0.5,0.4999999999999999
2011-08,6,TVW3,0.75,0.15000000000000008
2011-08,6,TVW3,0.9,0.1138639783307512
2011-08,7,TVW1,0.25,0.2992289109134741
2011-08,7,TVW1,0.5,0.4000000000000001
2011-08,7,TVW1,0.75,0.30077108908652594
2011-08,7,TVW2,0.3333333333333333,0.32765750073358907
2011-08,7,TVW2,0.5,0.3
2011-08,7,TVW2,0.6666666666666666,0.37234249926641105
2011-08,7,TVW3,0.1,1.299523390987273e-16
2011-08,7,TVW3,0.25,0.3499999999999998
2011-08,7,TVW3,0.5,0.37906175695783967
2011-08,7,TVW3,0.75,0.15000000000000058
2011-08,7,TVW3,0.9,0.1209382430421598
2011-08,8,TVW1,0.25,0.3305009791458684
2011-08,8,TVW1,0.5,0.3999999999999999
2011-08,8,TVW1,0.75,0.2694990208541317
2011-08,8,TVW2,0.3333333333333333,0.3552557268881706
2011-08,8,TVW2,0.5,0.3
2011-08,8,TVW2,0.6666666666666666,0.3447442731118294
2011-08,8,TVW3,0.1,0.0749451171425775
2011-08,8,TVW3,0.25,0.3499999999999998
2011-08,8,TVW3,0.5,0.30000000000000027
2011-08,8,TVW3,0.75,0.15000000000000016
2011-08,8,TVW3,0.9,0.12505488285742244
2011-08,9,TVW1,0.25,0.3999999999999999
2011-08,9,TVW1,0.5,0.4
2011-08,9,TVW1,0.75,0.2
2011-08,9,TVW2,0.3333333333333333,0.4
2011-08,9,TVW2,0.5,0.349828212735277
2011-08,9,TVW2,0.6666666666666666,0.25017178726472294
2011-08,9,TVW3,0.1,1.7277107898794532e-16
2011-08,9,TVW3,0.25,0.3499999999999998
2011-08,9,TVW3,0.5,0.4663183454052287
2011-08,9,TVW3,0.75,0.15000000000000008
2011-08,9,TVW3,0.9,0.033681654594771106
2011-08,10,TVW1,0.25,0.32825096077180593
2011-08,10,TVW1,0.5,0.47174903922819406
2011-08,10,TVW1,0.75,0.2
2011-08,10,TVW2,0.3333333333333333,0.29999999999999993
2011-08,10,TVW2,0.5,0.5
2011-08,10,TVW2,0.6666666666666666,0.2
2011-08,10,TVW3,0.1,0.15
2011-08,10,TVW3,0.25,0.16176729133025253
2011-08,10,TVW3,0.5,0.49999999999999994
2011-08,10,TVW3,0.75,0.18823270866974753
2011-08,10,TVW3,0.9,1.8815095565281435e-17
2011-08,11,TVW1,0.25,0.4
2011-08,11,TVW1,0.5,0.4
2011-08,11,TVW1,0.75,0.2
2011-08,11,TVW2,0.3333333333333333,0.39999999999999997
2011-08,11,TVW2,0.5,0.30089902238401617
2011-08,11,TVW2,0.6666666666666666,0.29910097761598387
2011-08,11,TVW3,0.1,0.14999999999999997
2011-08,11,TVW3,0.25,0.31350649592334745
2011-08,11,TVW3,0.5,0.29999999999999993
2011-08,11,TVW3,0.75,0.1935621774711043
2011-08,11,TVW3,0.9,0.04293132660554837
2011-08,12,TVW1,0.25,0.4
2011-08,12,TVW1,0.5,0.4
2011-08,12,TVW1,0.75,0.2
2011-08,12,TVW2,0.3333333333333333,0.3656898171324915
2011-08,12,TVW2,0.5,0.3
2011-08,12,TVW2,0.6666666666666666,0.3343101828675087
2011-08,12,TVW3,0.1,0.1047238585219547
2011-08,12,TVW3,0.25,0.3499999999999999
2011-08,12,TVW3,0.5,0.30000000000000004
2011-08,12,TVW3,0.75,0.15000000000000005
2011-08,12,TVW3,0.9,0.09527614147804539
2011-08,13,TVW1,0.25,0.4
2011-08,13,TVW1,0.5,0.4
2011-08,13,TVW1,0.75,0.2
2011-08,13,TVW2,0.3333333333333333,0.4
2011-08,13,TVW2,0.5,0.4000000000000001
2011-08,13,TVW2,0.6666666666666666,0.20000000000000004
2011-08,13,TVW3,0.1,0.15
2011-08,13,TVW3,0.25,0.2801283615928996
2011-08,13,TVW3,0.5,0.3
2011-08,13,TVW3,0.75,0.26987163840710054
2011-08,13,TVW3,0.9,0.0
2011-09,1,TVW1,0.25,0.37669232676734904
2011-09,1,TVW1,0.5,0.40000000000000013
2011-09,1,TVW1,0.75,0.22330767323265088
2011-09,1,TVW2,0.3333333333333333,0.3999999999999999
2011-09,1,TVW2,0.5,0.3070717429923559
2011-09,1,TVW2,0.6666666666666666,0.29292825700764413
2011-09,1,TVW3,0.1,4.575020556735325e-17
2011-09,1,TVW3,0.25,0.35000000000000003
2011-09,1,TVW3,0.5,0.42473038571354843
2011-09,1,TVW3,0.75,0.2252696142864516
2011-09,1,TVW3,0.9,9.571339958178836e-18
2011-09,2,TVW1,0.25,0.24978001321129567
2011-09,2,TVW1,0.5,0.5502199867887043
2011-09,2,TVW1,0.75,0.19999999999999996
2011-09,2,TVW2,0.3333333333333333,0.20000000000000004
2011-09,2,TVW2,0.5,0.49999999999999994
2011-09,2,TVW2,0.6666666666666666,0.3
2011-09,2,TVW3,0.1,0.023981219139449537
2011-09,2,TVW3,0.25,0.3499999999999997
2011-09,2,TVW3,0.5,0.3684790361894515
2011-09,2,TVW3,0.75,0.15000000000000016
2011-09,2,TVW3,0.9,0.10753974467109904
2011-09,3,TVW1,0.25,0.4
2011-09,3,TVW1,0.5,0.4
2011-09,3,TVW1,0.75,0.20000000000000007
2011-09,3,TVW2,0.3333333333333333,0.3999999999999998
2011-09,3,TVW2,0.5,0.40000000000000013
2011-09,3,TVW2,0.6666666666666666,0.19999999999999996
2011-09,3,TVW3,0.1,0.05373554534767719
2011-09,3,TVW3,0.25,0.35
2011-09,3,TVW3,0.5,0.44626445465232273
2011-09,3,TVW3,0.75,0.1500000000000001
2011-09,3,TVW3,0.9,0.0
2011-09,4,TVW1,0.25,0.4
2011-09,4,TVW1,0.5,0.4
2011-09,4,TVW1,0.75,0.2
2011-09,4,TVW2,0.3333333333333333,0.4
2011-09,4,TVW2,0.5,0.39999999999999997
2011-09,4,TVW2,0.6666666666666666,0.2
2011-09,4,TVW3,0.1,0.14999999999999997
2011-09,4,TVW3,0.25,0.32160318865885623
2011-09,4,TVW3,0.5,0.29999999999999993
2011-09,4,TVW3,0.75,0.2283968113411438
2011-09,4,TVW3,0.9,1.439425136630678e-18
2011-09,5,TVW1,0.25,0.4
2011-09,5,TVW1,0.5,0.4
2011-09,5,TVW1,0.75,0.2
2011-09,5,TVW2,0.3333333333333333,0.39999999999999986
2011-09,5,TVW2,0.5,0.4000000000000002
2011-09,5,TVW2,0.6666666666666666,0.20000000000000004
2011-09,5,TVW3,0.1,0.08118904071619379
2011-09,5,TVW3,0.25,0.3499999999999999
2011-09,5,TVW3,0.5,0.35131660526957786
2011-09,5,TVW3,0.75,0.21749435401422854
2011-09,5,TVW3,0.9,0.0
2011-09,6,TVW1,0.25,0.2
2011-09,6,TVW1,0.5,0.5275718765292795
2011-09,6,TVW1,0.75,0.27242812347072043
2011-09,6,TVW2,0.3333333333333333,0.20000000000000004
2011-09,6,TVW2,0.5,0.3999999999999999
2011-09,6,TVW2,0.6666666666666666,0.4000000000000001
2011-09,6,TVW3,0.1,7.242784423536903e-17
2011-09,6,TVW3,0.25,0.35000000000000003
2011-09,6,TVW3,0.5,0.36475585928319904
2011-09,6,TVW3,0.75,0.15000000000000002
2011-09,6,TVW3,0.9,0.13524414071680074
2011-09,7,TVW1,0.25,0.3567599201731818
2011-09,7,TVW1,0.5,0.4
2011-09,7,TVW1,0.75,0.2432400798268182
2011-09,7,TVW2,0.3333333333333333,0.388936731550375
2011-09,7,TVW2,0.5,0.3
2011-09,7,TVW2,0.6666666666666666,0.311063268449625
2011-09,7,TVW3,0.1,0.019993149217736296
2011-09,7,TVW3,0.25,0.35000000000000003
2011-09,7,TVW3,0.5,0.3000000000000001
2011-09,7,TVW3,0.75,0.33000685078226355
2011-09,7,TVW3,0.9,0.0
2011-09,8,TVW1,0.25,0.29594653652683717
2011-09,8,TVW1,0.5,0.4
2011-09,8,TVW1,0.75,0.30405346347316287
2011-09,8,TVW2,0.3333333333333333,0.2
2011-09,8,TVW2,0.5,0.4000000000000001
2011-09,8,TVW2,0.6666666666666666,0.4
2011-09,8,TVW3,0.1,0.14999999999999997
2011-09,8,TVW3,0.25,0.2423334530700781
2011-09,8,TVW3,0.5,0.3
2011-09,8,TVW3,0.75,0.15766654692992216
2011-09,8,TVW3,0.9,0.14999999999999997
2011-09,9,TVW1,0.25,0.4
2011-09,9,TVW1,0.5,0.4000000000000001
2011-09,9,TVW1,0.75,0.2
2011-09,9,TVW2,0.3333333333333333,0.4
2011-09,9,TVW2,0.5,0.3
2011-09,9,TVW2,0.6666666666666666,0.3000000000000001
2011-09,9,TVW3,0.1,1.7071127808254578e-16
2011-09,9,TVW3,0.25,0.34999999999999976
2011-09,9,TVW3,0.5,0.47818762405689696
2011-09,9,TVW3,0.75,0.15000000000000008
2011-09,9,TVW3,0.9,0.021812375943103018
2011-09,10,TVW1,0.25,0.4
2011-09,10,TVW1,0.5,0.4
2011-09,10,TVW1,0.75,0.2
2011-09,10,TVW2,0.3333333333333333,0.34749430044192586
2011-09,10,TVW2,0.5,0.4525056995580741
2011-09,10,TVW2,0.6666666666666666,0.2
2011-09,10,TVW3,0.1,0.14025004651068446
2011-09,10,TVW3,0.25,0.35
2011-09,10,TVW3,0.5,0.3
2011-09,10,TVW3,0.75,0.15
2011-09,10,TVW3,0.9,0.05974995348931564
2011-09,11,TVW1,0.25,0.4
2011-09,11,TVW1,0.5,0.4
2011-09,11,TVW1,0.75,0.2
2011-09,11,TVW2,0.3333333333333333,0.37200506995926563
2011-09,11,TVW2,0.5,0.42799493004073447
2011-09,11,TVW2,0.6666666666666666,0.2
2011-09,11,TVW3,0.1,0.15
2011-09,11,TVW3,0.25,0.3384230354087291
2011-09,11,TVW3,0.5,0.30000000000000004
2011-09,11,TVW3,0.75,0.15000000000000002
2011-09,11,TVW3,0.9,0.06157696459127082
2011-09,12,TVW1,0.25,0.4
2011-09,12,TVW1,0.5,0.4
2011-09,12,TVW1,0.75,0.2
2011-09,12,TVW2,0.3333333333333333,0.30281148674628905
2011-09,12,TVW2,0.5,0.497188513253711
2011-09,12,TVW2,0.6666666666666666,0.2
2011-09,12,TVW3,0.1,0.1499999999999999
2011-09,12,TVW3,0.25,0.2997295564292092
2011-09,12,TVW3,0.5,0.3000000000000001
2011-09,12,TVW3,0.75,0.14999999999999997
2011-09,12,TVW3,0.9,0.10027044357079079
2011-09,13,TVW1,0.25,0.3999999999999999
2011-09,13,TVW1,0.5,0.4000000000000001
2011-09,13,TVW1,0.75,0.2
2011-09,13,TVW2,0.3333333333333333,0.3999999999999999
2011-09,13,TVW2,0.5,0.39999999999999986
2011-09,13,TVW2,0.6666666666666666,0.2000000000000001
2011-09,13,TVW3,0.1,0.14999999999999997
2011-09,13,TVW3,0.25,0.29685305600708056
2011-09,13,TVW3,0.5,0.3
2011-09,13,TVW3,0.75,0.2531469439929196
2011-09,13,TVW3,0.9,1.2410166939794262e-17
2011-10,1,TVW1,0.25,0.2721194419712745
2011-10,1,TVW1,0.5,0.4000000000000001
2011-10,1,TVW1,0.75,0.3278805580287253
2011-10,1,TVW2,0.3333333333333333,0.30000000000000004
2011-10,1,TVW2,0.5,0.30000000000000004
2011-10,1,TVW2,0.6666666666666666,0.4
2011-10,1,TVW3,0.1,4.1425413929660485e-17
2011-10,1,TVW3,0.25,0.35
2011-10,1,TVW3,0.5,0.3
2011-10,1,TVW3,0.75,0.3176336403716765
2011-10,1,TVW3,0.9,0.03236635962832342
2011-10,2,TVW1,0.25,0.20353628300223806
2011-10,2,TVW1,0.5,0.4000000000000001
2011-10,2,TVW1,0.75,0.39646371699776184
2011-10,2,TVW2,0.3333333333333333,0.20000000000000004
2011-10,2,TVW2,0.5,0.39999999999999997
2011-10,2,TVW2,0.6666666666666666,0.4
2011-10,2,TVW3,0.1,0.0
2011-10,2,TVW3,0.25,0.29755776106312537
2011-10,2,TVW3,0.5,0.3
2011-10,2,TVW3,0.75,0.35
2011-10,2,TVW3,0.9,0.052442238936874754
2011-10,3,TVW1,0.25,0.3701318441819012
2011-10,3,TVW1,0.5,0.39999999999999997
2011-10,3,TVW1,0.75,0.22986815581809872
2011-10,3,TVW2,0.3333333333333333,0.3971453722726049
2011-10,3,TVW2,0.5,0.40285462772739505
2011-10,3,TVW2,0.6666666666666666,0.2
2011-10,3,TVW3,0.1,0.13212986723889367
2011-10,3,TVW3,0.25,0.29777132233408793
2011-10,3,TVW3,0.5,0.3
2011-10,3,TVW3,0.75,0.15
2011-10,3,TVW3,0.9,0.12009881042701828
2011-10,4,TVW1,0.25,0.3983034092700137
2011-10,4,TVW1,0.5,0.4
2011-10,4,TVW1,0.75,0.2016965907299863
2011-10,4,TVW2,0.3333333333333333,0.4000000000000001
2011-10,4,TVW2,0.5,0.38181210344361616
2011-10,4,TVW2,0.6666666666666666,0.21818789655638388
2011-10,4,TVW3,0.1,0.14999999999999997
2011-10,4,TVW3,0.25,0.23551454681975
2011-10,4,TVW3,0.5,0.30000000000000004
2011-10,4,TVW3,0.75,0.31448545318025006
2011-10,4,TVW3,0.9,1.121210364029863e-17
2011-10,5,TVW1,0.25,0.3561454937558457
2011-10,5,TVW1,0.5,0.4
2011-10,5,TVW1,0.75,0.24385450624415433
2011-10,5,TVW2,0.3333333333333333,0.4
2011-10,5,TVW2,0.5,0.3
2011-10,5,TVW2,0.6666666666666666,0.30000000000000004
2011-10,5,TVW3,0.1,0.07838573544280501
2011-10,5,TVW3,0.25,0.35
2011-10,5,TVW3,0.5,0.30000000000000004
2011-10,5,TVW3,0.75,0.15
2011-10,5,TVW3,0.9,0.12161426455719497
2011-10,6,TVW1,0.25,0.2
2011-10,6,TVW1,0.5,0.4
2011-10,6,TVW1,0.75,0.4
2011-10,6,TVW2,0.3333333333333333,0.2
2011-10,6,TVW2,0.5,0.40000000000000013
2011-10,6,TVW2,0.6666666666666666,0.4
2011-10,6,TVW3,0.1,1.32952486931252e-17
2011-10,6,TVW3,0.25,0.15000000000000002
2011-10,6,TVW3,0.5,0.5
2011-10,6,TVW3,0.75,0.2970446135855701
2011-10,6,TVW3,0.9,0.05295538641442984
2011-10,7,TVW1,0.25,0.22873307097963136
2011-10,7,TVW1,0.5,0.4
2011-10,7,TVW1,0.75,0.37126692902036873
2011-10,7,TVW2,0.3333333333333333,0.30000000000000016
2011-10,7,TVW2,0.5,0.3
2011-10,7,TVW2,0.6666666666666666,0.4
2011-10,7,TVW3,0.1,0.046781130632947615
2011-10,7,TVW3,0.25,0.30100011319672476
2011-10,7,TVW3,0.5,0.30000000000000004
2011-10,7,TVW3,0.75,0.20221875617032767
2011-10,7,TVW3,0.9,0.15000000000000002
2011-10,8,TVW1,0.25,0.2
2011-10,8,TVW1,0.5,0.4
2011-10,8,TVW1,0.75,0.4
2011-10,8,TVW2,0.3333333333333333,0.2
2011-10,8,TVW2,0.5,0.4000000000000001
2011-10,8,TVW2,0.6666666666666666,0.4
2011-10,8,TVW3,0.1,0.14388979966905224
2011-10,8,TVW3,0.25,0.15000000000000002
2011-10,8,TVW3,0.5,0.3
2011-10,8,TVW3,0.75,0.25611020033094783
2011-10,8,TVW3,0.9,0.15
2011-10,9,TVW1,0.25,0.24734236819765956
2011-10,9,TVW1,0.5,0.4
2011-10,9,TVW1,0.75,0.35265763180234055
2011-10,9,TVW2,0.3333333333333333,0.29494274794636965
2011-10,9,TVW2,0.5,0.30505725205363043
2011-10,9,TVW2,0.6666666666666666,0.4
2011-10,9,TVW3,0.1,0.0
2011-10,9,TVW3,0.25,0.35
2011-10,9,TVW3,0.5,0.34612726959383977
2011-10,9,TVW3,0.75,0.15387273040616037
2011-10,9,TVW3,0.9,0.14999999999999997
2011-10,10,TVW1,0.25,0.39180922312588073
2011-10,10,TVW1,0.5,0.4
2011-10,10,TVW1,0.75,0.2081907768741193
2011-10,10,TVW2,0.3333333333333333,0.3033075175480938
2011-10,10,TVW2,0.5,0.4966924824519062
2011-10,10,TVW2,0.6666666666666666,0.20000000000000004
2011-10,10,TVW3,0.1,0.11349598545010589
2011-10,10,TVW3,0.25,0.3499999999999998
2011-10,10,TVW3,0.5,0.2999999999999999
2011-10,10,TVW3,0.75,0.14999999999999994
2011-10,10,TVW3,0.9,0.08650401454989431
2011-10,11,TVW1,0.25,0.39999999999999997
2011-10,11,TVW1,0.5,0.4
2011-10,11,TVW1,0.75,0.2
2011-10,11,TVW2,0.3333333333333333,0.3639748139057979
2011-10,11,TVW2,0.5,0.3732286948831722
2011-10,11,TVW2,0.6666666666666666,0.26279649121102994
2011-10,11,TVW3,0.1,0.10304826066107017
2011-10,11,TVW3,0.25,0.35
2011-10,11,TVW3,0.5,0.3193440898698149
2011-10,11,TVW3,0.75,0.17230106243982016
2011-10,11,TVW3,0.9,0.0553065870292949
2011-10,12,TVW1,0.25,0.26664400533600646
2011-10,12,TVW1,0.5,0.4
2011-10,12,TVW1,0.75,0.33335599466399346
2011-10,12,TVW2,0.3333333333333333,0.30000000000000004
2011-10,12,TVW2,0.5,0.3
2011-10,12,TVW2,0.6666666666666666,0.4
2011-10,12,TVW3,0.1,0.030030751971397034
2011-10,12,TVW3,0.25,0.35
2011-10,12,TVW3,0.5,0.3
2011-10,12,TVW3,0.75,0.16996924802860297
2011-10,12,TVW3,0.9,0.15
2011-10,13,TVW1,0.25,0.3433700514231615
2011-10,13,TVW1,0.5,0.4
2011-10,13,TVW1,0.75,0.25662994857683846
2011-10,13,TVW2,0.3333333333333333,0.4
2011-10,13,TVW2,0.5,0.3
2011-10,13,TVW2,0.6666666666666666,0.3
2011-10,13,TVW3,0.1,0.15
2011-10,13,TVW3,0.25,0.20005370363202798
2011-10,13,TVW3,0.5,0.3
2011-10,13,TVW3,0.75,0.34994629636797214
2011-10,13,TVW3,0.9,4.5722007341683815e-17
2011-11,1,TVW1,0.25,0.2
2011-11,1,TVW1,0.5,0.4
2011-11,1,TVW1,0.75,0.4
2011-11,1,TVW2,0.3333333333333333,0.2
2011-11,1,TVW2,0.5,0.4000000000000001
2011-11,1,TVW2,0.6666666666666666,0.4
2011-11,1,TVW3,0.1,0.0
2011-11,1,TVW3,0.25,0.15
2011-11,1,TVW3,0.5,0.4795821597826914
2011-11,1,TVW3,0.75,0.35
2011-11,1,TVW3,0.9,0.020417840217308712
2011-11,2,TVW1,0.25,0.2
2011-11,2,TVW1,0.5,0.4
2011-11,2,TVW1,0.75,0.4
2011-11,2,TVW2,0.3333333333333333,0.20000000000000004
2011-11,2,TVW2,0.5,0.39999999999999997
2011-11,2,TVW2,0.6666666666666666,0.4000000000000001
2011-11,2,TVW3,0.1,0.0899983129155034
2011-11,2,TVW3,0.25,0.15000000000000008
2011-11,2,TVW3,0.5,0.29999999999999993
2011-11,2,TVW3,0.75,0.32353289941272706
2011-11,2,TVW3,0.9,0.13646878767176962
2011-11,3,TVW1,0.25,0.3347698537194392
2011-11,3,TVW1,0.5,0.4
2011-11,3,TVW1,0.75,0.26523014628056096
2011-11,3,TVW2,0.3333333333333333,0.3935902653740898
2011-11,3,TVW2,0.5,0.30000000000000004
2011-11,3,TVW2,0.6666666666666666,0.30640973462591026
2011-11,3,TVW3,0.1,0.0
2011-11,3,TVW3,0.25,0.35000000000000003
2011-11,3,TVW3,0.5,0.4126030629488887
2011-11,3,TVW3,0.75,0.1652470875546744
2011-11,3,TVW3,0.9,0.07214984949643691
2011-11,4,TVW1,0.25,0.32164785121949313
2011-11,4,TVW1,0.5,0.4000000000000001
2011-11,4,TVW1,0.75,0.2783521487805069
2011-11,4,TVW2,0.3333333333333333,0.4
2011-11,4,TVW2,0.5,0.3
2011-11,4,TVW2,0.6666666666666666,0.3
2011-11,4,TVW3,0.1,0.015601031320105978
2011-11,4,TVW3,0.25,0.35
2011-11,4,TVW3,0.5,0.3
2011-11,4,TVW3,0.75,0.33439896867989405
2011-11,4,TVW3,0.9,0.0
2011-11,5,TVW1,0.25,0.3077495227421625
2011-11,5,TVW1,0.5,0.49225047725783755
2011-11,5,TVW1,0.75,0.2
2011-11,5,TVW2,0.3333333333333333,0.3309621390090809
2011-11,5,TVW2,0.5,0.46903786099091915
2011-11,5,TVW2,0.6666666666666666,0.20000000000000004
2011-11,5,TVW3,0.1,4.745129694969189e-18
2011-11,5,TVW3,0.25,0.3064757755042172
2011-11,5,TVW3,0.5,0.5000000000000001
2011-11,5,TVW3,0.75,0.19352422449578272
2011-11,5,TVW3,0.9,8.31657814360073e-17
2011-11,6,TVW1,0.25,0.2
2011-11,6,TVW1,0.5,0.4000000000000001
2011-11,6,TVW1,0.75,0.39999999999999997
2011-11,6,TVW2,0.3333333333333333,0.2
2011-11,6,TVW2,0.5,0.4000000000000001
2011-11,6,TVW2,0.6666666666666666,0.4
2011-11,6,TVW3,0.1,0.0
2011-11,6,TVW3,0.25,0.16599868056063546
2011-11,6,TVW3,0.5,0.5
2011-11,6,TVW3,0.75,0.18400131943936449
2011-11,6,TVW3,0.9,0.15
2011-11,7,TVW1,0.25,0.2
2011-11,7,TVW1,0.5,0.4
2011-11,7,TVW1,0.75,0.4
2011-11,7,TVW2,0.3333333333333333,0.2
2011-11,7,TVW2,0.5,0.4
2011-11,7,TVW2,0.6666666666666666,0.4
2011-11,7,TVW3,0.1,1.2585836626874953e-17
2011-11,7,TVW3,0.25,0.15
2011-11,7,TVW3,0.5,0.4168795267678954
2011-11,7,TVW3,0.75,0.35
2011-11,7,TVW3,0.9,0.08312047323210466
2011-11,8,TVW1,0.25,0.20000000000000004
2011-11,8,TVW1,0.5,0.4
2011-11,8,TVW1,0.75,0.4
2011-11,8,TVW2,0.3333333333333333,0.25421563883752674
2011-11,8,TVW2,0.5,0.3457843611624734
2011-11,8,TVW2,0.6666666666666666,0.39999999999999974
2011-11,8,TVW3,0.1,0.09693522838137637
2011-11,8,TVW3,0.25,0.15000000000000008
2011-11,8,TVW3,0.5,0.3
2011-11,8,TVW3,0.75,0.35
2011-11,8,TVW3,0.9,0.10306477161862355
2011-11,9,TVW1,0.25,0.20000000000000004
2011-11,9,TVW1,0.5,0.4
2011-11,9,TVW1,0.75,0.4
2011-11,9,TVW2,0.3333333333333333,0.2
2011-11,9,TVW2,0.5,0.4000000000000001
2011-11,9,TVW2,0.6666666666666666,0.4
2011-11,9,TVW3,0.1,0.11219739990647953
2011-11,9,TVW3,0.25,0.15
2011-11,9,TVW3,0.5,0.30000000000000004
2011-11,9,TVW3,0.75,0.28780260009352054
2011-11,9,TVW3,0.9,0.15
2011-11,10,TVW1,0.25,0.3410236403790112
2011-11,10,TVW1,0.5,0.40000000000000013
2011-11,10,TVW1,0.75,0.25897635962098864
2011-11,10,TVW2,0.3333333333333333,0.31206943552456917
2011-11,10,TVW2,0.5,0.3
2011-11,10,TVW2,0.6666666666666666,0.3879305644754309
2011-11,10,TVW3,0.1,0.09387108506029941
2011-11,10,TVW3,0.25,0.3499999999999999
2011-11,10,TVW3,0.5,0.3
2011-11,10,TVW3,0.75,0.15000000000000002
2011-11,10,TVW3,0.9,0.10612891493970063
2011-11,11,TVW1,0.25,0.3355084408029494
2011-11,11,TVW1,0.5,0.4000000000000002
2011-11,11,TVW1,0.75,0.2644915591970504
2011-11,11,TVW2,0.3333333333333333,0.2
2011-11,11,TVW2,0.5,0.4388685323635853
2011-11,11,TVW2,0.6666666666666666,0.36113146763641474
2011-11,11,TVW3,0.1,0.08788396065897985
2011-11,11,TVW3,0.25,0.35
2011-11,11,TVW3,0.5,0.3
2011-11,11,TVW3,0.75,0.15
2011-11,11,TVW3,0.9,0.11211603934102023
2011-11,12,TVW1,0.25,0.2531707849102102
2011-11,12,TVW1,0.5,0.4
2011-11,12,TVW1,0.75,0.3468292150897898
2011-11,12,TVW2,0.3333333333333333,0.286885282922927
2011-11,12,TVW2,0.5,0.313114717077073
2011-11,12,TVW2,0.6666666666666666,0.4
2011-11,12,TVW3,0.1,0.011851591136031875
2011-11,12,TVW3,0.25,0.3499999999999999
2011-11,12,TVW3,0.5,0.3
2011-11,12,TVW3,0.75,0.1881484088639682
2011-11,12,TVW3,0.9,0.15
2011-11,13,TVW1,0.25,0.28902460221408544
2011-11,13,TVW1,0.5,0.4
2011-11,13,TVW1,0.75,0.3109753977859146
2011-11,13,TVW2,0.3333333333333333,0.3
2011-11,13,TVW2,0.5,0.3
2011-11,13,TVW2,0.6666666666666666,0.4
2011-11,13,TVW3,0.1,9.709383457113257e-17
2011-11,13,TVW3,0.25,0.3499999999999998
2011-11,13,TVW3,0.5,0.3000000000000001
2011-11,13,TVW3,0.75,0.34999999999999976
2011-11,13,TVW3,0.9,1.2316536679435328e-16
2011-12,1,TVW1,0.25,0.2
2011-12,1,TVW1,0.5,0.40985348180726017
2011-12,1,TVW1,0.75,0.39014651819273977
2011-12,1,TVW2,0.3333333333333333,0.2
2011-12,1,TVW2,0.5,0.40000000000000013
2011-12,1,TVW2,0.6666666666666666,0.4
2011-12,1,TVW3,0.1,0.0
2011-12,1,TVW3,0.25,0.15000000000000008
2011-12,1,TVW3,0.5,0.5000000000000001
2011-12,1,TVW3,0.75,0.33901149232621974
2011-12,1,TVW3,0.9,0.010988507673780115
2011-12,2,TVW1,0.25,0.2
2011-12,2,TVW1,0.5,0.4000000000000001
2011-12,2,TVW1,0.75,0.39999999999999997
2011-12,2,TVW2,0.3333333333333333,0.2
2011-12,2,TVW2,0.5,0.4000000000000001
2011-12,2,TVW2,0.6666666666666666,0.4
2011-12,2,TVW3,0.1,6.457113789081525e-18
2011-12,2,TVW3,0.25,0.15000000000000002
2011-12,2,TVW3,0.5,0.47357833137622524
2011-12,2,TVW3,0.75,0.35000000000000003
2011-12,2,TVW3,0.9,0.026421668623774736
2011-12,3,TVW1,0.25,0.26316455165299496
2011-12,3,TVW1,0.5,0.4
2011-12,3,TVW1,0.75,0.3368354483470051
2011-12,3,TVW2,0.3333333333333333,0.3190430414075739
2011-12,3,TVW2,0.5,0.30000000000000004
2011-12,3,TVW2,0.6666666666666666,0.38095695859242606
2011-12,3,TVW3,0.1,0.1287390333719176
2011-12,3,TVW3,0.25,0.16076729314044702
2011-12,3,TVW3,0.5,0.29999999999999993
2011-12,3,TVW3,0.75,0.3499999999999999
2011-12,3,TVW3,0.9,0.060493673487635645
2011-12,4,TVW1,0.25,0.23570569886416526
2011-12,4,TVW1,0.5,0.4000000000000001
2011-12,4,TVW1,0.75,0.36429430113583466
2011-12,4,TVW2,0.3333333333333333,0.32067082316703316
2011-12,4,TVW2,0.5,0.3
2011-12,4,TVW2,0.6666666666666666,0.37932917683296696
2011-12,4,TVW3,0.1,0.15000000000000005
2011-12,4,TVW3,0.25,0.15000000000000005
2011-12,4,TVW3,0.5,0.3139394027739641
2011-12,4,TVW3,0.75,0.3500000000000001
2011-12,4,TVW3,0.9,0.036060597226035766
2011-12,5,TVW1,0.25,0.33339708167209336
2011-12,5,TVW1,0.5,0.40000000000000013
2011-12,5,TVW1,0.75,0.26660291832790656
2011-12,5,TVW2,0.3333333333333333,0.2428449862685669
2011-12,5,TVW2,0.5,0.5000000000000001
2011-12,5,TVW2,0.6666666666666666,0.25715501373143307
2011-12,5,TVW3,0.1,3.997199043052583e-17
2011-12,5,TVW3,0.25,0.3499999999999999
2011-12,5,TVW3,0.5,0.34997824517493703
2011-12,5,TVW3,0.75,0.3000217548250631
2011-12,5,TVW3,0.9,2.1576831642786483e-17
2011-12,6,TVW1,0.25,0.2
2011-12,6,TVW1,0.5,0.4
2011-12,6,TVW1,0.75,0.4
2011-12,6,TVW2,0.3333333333333333,0.20000000000000007
2011-12,6,TVW2,0.5,0.39999999999999986
2011-12,6,TVW2,0.6666666666666666,0.4000000000000001
2011-12,6,TVW3,0.1,0.0
2011-12,6,TVW3,0.25,0.17265237561416028
2011-12,6,TVW3,0.5,0.49999999999999994
2011-12,6,TVW3,0.75,0.17734762438583976
2011-12,6,TVW3,0.9,0.15
2011-12,7,TVW1,0.25,0.2
2011-12,7,TVW1,0.5,0.4
2011-12,7,TVW1,0.75,0.4
2011-12,7,TVW2,0.3333333333333333,0.19999999999999998
2011-12,7,TVW2,0.5,0.4
2011-12,7,TVW2,0.6666666666666666,0.3999999999999999
2011-12,7,TVW3,0.1,5.56493902350124e-19
2011-12,7,TVW3,0.25,0.15000000000000002
2011-12,7,TVW3,0.5,0.5
2011-12,7,TVW3,0.75,0.2718359993577263
2011-12,7,TVW3,0.9,0.07816400064227372
2011-12,8,TVW1,0.25,0.2
2011-12,8,TVW1,0.5,0.4
2011-12,8,TVW1,0.75,0.4
2011-12,8,TVW2,0.3333333333333333,0.29999999999999993
2011-12,8,TVW2,0.5,0.30000000000000004
2011-12,8,TVW2,0.6666666666666666,0.4000000000000001
2011-12,8,TVW3,0.1,0.14186737022576476
2011-12,8,TVW3,0.25,0.15000000000000005
2011-12,8,TVW3,0.5,0.3
2011-12,8,TVW3,0.75,0.25813262977423523
2011-12,8,TVW3,0.9,0.14999999999999997
2011-12,9,TVW1,0.25,0.2
2011-12,9,TVW1,0.5,0.4
2011-12,9,TVW1,0.75,0.4
2011-12,9,TVW2,0.3333333333333333,0.30000000000000004
2011-12,9,TVW2,0.5,0.3
2011-12,9,TVW2,0.6666666666666666,0.4
2011-12,9,TVW3,0.1,0.0
2011-12,9,TVW3,0.25,0.24755589084533758
2011-12,9,TVW3,0.5,0.29999999999999993
2011-12,9,TVW3,0.75,0.3024441091546626
2011-12,9,TVW3,0.9,0.14999999999999997
2011-12,10,TVW1,0.25,0.3216461694854286
2011-12,10,TVW1,0.5,0.4
2011-12,10,TVW1,0.75,0.2783538305145713
2011-12,10,TVW2,0.3333333333333333,0.35930550580326315
2011-12,10,TVW2,0.5,0.3
2011-12,10,TVW2,0.6666666666666666,0.3406944941967369
2011-12,10,TVW3,0.1,0.15000000000000002
2011-12,10,TVW3,0.25,0.26572017943141824
2011-12,10,TVW3,0.5,0.3000000000000001
2011-12,10,TVW3,0.75,0.15000000000000005
2011-12,10,TVW3,0.9,0.13427982056858165
2011-12,11,TVW1,0.25,0.2837412813975769
2011-12,11,TVW1,0.5,0.3999999999999999
2011-12,11,TVW1,0.75,0.31625871860242327
2011-12,11,TVW2,0.3333333333333333,0.2
2011-12,11,TVW2,0.5,0.43474022234602955
2011-12,11,TVW2,0.6666666666666666,0.3652597776539705
2011-12,11,TVW3,0.1,0.14562866865570168
2011-12,11,TVW3,0.25,0.2632098509396671
2011-12,11,TVW3,0.5,0.3
2011-12,11,TVW3,0.75,0.15
2011-12,11,TVW3,0.9,0.14116148040463117
2011-12,12,TVW1,0.25,0.28300549049523643
2011-12,12,TVW1,0.5,0.44346078947806133
2011-12,12,TVW1,0.75,0.27353372002670234
2011-12,12,TVW2,0.3333333333333333,0.2
2011-12,12,TVW2,0.5,0.5
2011-12,12,TVW2,0.6666666666666666,0.30000000000000004
2011-12,12,TVW3,0.1,0.029177371978311804
2011-12,12,TVW3,0.25,0.3499999999999999
2011-12,12,TVW3,0.5,0.3208226280216882
2011-12,12,TVW3,0.75,0.15
2011-12,12,TVW3,0.9,0.15
2011-12,13,TVW1,0.25,0.2954873088198189
2011-12,13,TVW1,0.5,0.3999999999999999
2011-12,13,TVW1,0.75,0.3045126911801811
2011-12,13,TVW2,0.3333333333333333,0.30000000000000004
2011-12,13,TVW2,0.5,0.3
2011-12,13,TVW2,0.6666666666666666,0.39999999999999997
2011-12,13,TVW3,0.1,0.05000000000000015
2011-12,13,TVW3,0.25,0.3499999999999999
2011-12,13,TVW3,0.5,0.29999999999999993
2011-12,13,TVW3,0.75,0.14999999999999997
2011-12,13,TVW3,0.9,0.14999999999999997
2012-01,1,TVW1,0.25,0.2
2012-01,1,TVW1,0.5,0.4
2012-01,1,TVW1,0.75,0.39999999999999997
2012-01,1,TVW2,0.3333333333333333,0.2
2012-01,1,TVW2,0.5,0.4000000000000001
2012-01,1,TVW2,0.6666666666666666,0.4
2012-01,1,TVW3,0.1,0.0
2012-01,1,TVW3,0.25,0.1500000000000001
2012-01,1,TVW3,0.5,0.35000000000000003
2012-01,1,TVW3,0.75,0.35000000000000003
2012-01,1,TVW3,0.9,0.14999999999999994
2012-01,2,TVW1,0.25,0.20000000000000007
2012-01,2,TVW1,0.5,0.4
2012-01,2,TVW1,0.75,0.4
2012-01,2,TVW2,0.3333333333333333,0.2
2012-01,2,TVW2,0.5,0.40000000000000013
2012-01,2,TVW2,0.6666666666666666,0.4
2012-01,2,TVW3,0.1,0.0
2012-01,2,TVW3,0.25,0.15000000000000005
2012-01,2,TVW3,0.5,0.3499999999999999
2012-01,2,TVW3,0.75,0.35000000000000003
2012-01,2,TVW3,0.9,0.15000000000000002
2012-01,3,TVW1,0.25,0.2
2012-01,3,TVW1,0.5,0.4
2012-01,3,TVW1,0.75,0.3999999999999999
2012-01,3,TVW2,0.3333333333333333,0.19999999999999996
2012-01,3,TVW2,0.5,0.4000000000000001
2012-01,3,TVW2,0.6666666666666666,0.39999999999999986
2012-01,3,TVW3,0.1,0.0
2012-01,3,TVW3,0.25,0.15
2012-01,3,TVW3,0.5,0.35000000000000003
2012-01,3,TVW3,0.75,0.35
2012-01,3,TVW3,0.9,0.14999999999999997
2012-01,4,TVW1,0.25,0.2
2012-01,4,TVW1,0.5,0.4
2012-01,4,TVW1,0.75,0.4
2012-01,4,TVW2,0.3333333333333333,0.2000000000000001
2012-01,4,TVW2,0.5,0.39999999999999997
2012-01,4,TVW2,0.6666666666666666,0.4
2012-01,4,TVW3,0.1,1.539518235620183e-17
2012-01,4,TVW3,0.25,0.15
2012-01,4,TVW3,0.5,0.3500000000000001
2012-01,4,TVW3,0.75,0.3499999999999999
2012-01,4,TVW3,0.9,0.15
2012-01,5,TVW1,0.25,0.2
2012-01,5,TVW1,0.5,0.4
2012-01,5,TVW1,0.75,0.4
2012-01,5,TVW2,0.3333333333333333,0.2000000000000001
2012-01,5,TVW2,0.5,0.4000000000000001
2012-01,5,TVW2,0.6666666666666666,0.3999999999999999
2012-01,5,TVW3,0.1,1.4438010196109482e-17
2012-01,5,TVW3,0.25,0.15
2012-01,5,TVW3,0.5,0.35
2012-01,5,TVW3,0.75,0.35
2012-01,5,TVW3,0.9,0.14999999999999997
2012-01,6,TVW1,0.25,0.20000000000000004
2012-01,6,TVW1,0.5,0.4
2012-01,6,TVW1,0.75,0.4
2012-01,6,TVW2,0.3333333333333333,0.2
2012-01,6,TVW2,0.5,0.4000000000000001
2012-01,6,TVW2,0.6666666666666666,0.4
2012-01,6,TVW3,0.1,3.324915115155919e-19
2012-01,6,TVW3,0.25,0.15000000000000002
2012-01,6,TVW3,0.5,0.35000000000000003
2012-01,6,TVW3,0.75,0.35
2012-01,6,TVW3,0.9,0.15000000000000002
2012-01,7,TVW1,0.25,0.2000000000000001
2012-01,7,TVW1,0.5,0.4
2012-01,7,TVW1,0.75,0.3999999999999999
2012-01,7,TVW2,0.3333333333333333,0.2
2012-01,7,TVW2,0.5,0.40000000000000013
2012-01,7,TVW2,0.6666666666666666,0.39999999999999997
2012-01,7,TVW3,0.1,1.1176967595230336e-17
2012-01,7,TVW3,0.25,0.15000000000000002
2012-01,7,TVW3,0.5,0.35
2012-01,7,TVW3,0.75,0.35000000000000003
2012-01,7,TVW3,0.9,0.15000000000000002
2012-01,8,TVW1,0.25,0.2
2012-01,8,TVW1,0.5,0.4
2012-01,8,TVW1,0.75,0.4
2012-01,8,TVW2,0.3333333333333333,0.2
2012-01,8,TVW2,0.5,0.40000000000000013
2012-01,8,TVW2,0.6666666666666666,0.4
2012-01,8,TVW3,0.1,0.0
2012-01,8,TVW3,0.25,0.15
2012-01,8,TVW3,0.5,0.35000000000000003
2012-01,8,TVW3,0.75,0.35
2012-01,8,TVW3,0.9,0.15
2012-01,9,TVW1,0.25,0.20000000000000012
2012-01,9,TVW1,0.5,0.4
2012-01,9,TVW1,0.75,0.39999999999999986
2012-01,9,TVW2,0.3333333333333333,0.2
2012-01,9,TVW2,0.5,0.40000000000000013
2012-01,9,TVW2,0.6666666666666666,0.39999999999999997
2012-01,9,TVW3,0.1,4.1633363423443376e-17
2012-01,9,TVW3,0.25,0.15000000000000002
2012-01,9,TVW3,0.5,0.35
2012-01,9,TVW3,0.75,0.35000000000000003
2012-01,9,TVW3,0.9,0.15000000000000002
2012-01,10,TVW1,0.25,0.2
2012-01,10,TVW1,0.5,0.4
2012-01,10,TVW1,0.75,0.39999999999999997
2012-01,10,TVW2,0.3333333333333333,0.20000000000000012
2012-01,10,TVW2,0.5,0.4
2012-01,10,TVW2,0.6666666666666666,0.39999999999999997
2012-01,10,TVW3,0.1,0.01619288737484535
2012-01,10,TVW3,0.25,0.15
2012-01,10,TVW3,0.5,0.3338071126251547
2012-01,10,TVW3,0.75,0.35
2012-01,10,TVW3,0.9,0.15
2012-01,11,TVW1,0.25,0.2
2012-01,11,TVW1,0.5,0.4
2012-01,11,TVW1,0.75,0.39999999999999997
2012-01,11,TVW2,0.3333333333333333,0.2
2012-01,11,TVW2,0.5,0.4000000000000001
2012-01,11,TVW2,0.6666666666666666,0.4
2012-01,11,TVW3,0.1,0.014382929293344357
2012-01,11,TVW3,0.25,0.15
2012-01,11,TVW3,0.5,0.3356170707066557
2012-01,11,TVW3,0.75,0.35
2012-01,11,TVW3,0.9,0.15
2012-01,12,TVW1,0.25,0.2000000000000001
2012-01,12,TVW1,0.5,0.4
2012-01,12,TVW1,0.75,0.4
2012-01,12,TVW2,0.3333333333333333,0.2
2012-01,12,TVW2,0.5,0.40000000000000013
2012-01,12,TVW2,0.6666666666666666,0.4
2012-01,12,TVW3,0.1,0.0
2012-01,12,TVW3,0.25,0.15
2012-01,12,TVW3,0.5,0.35
2012-01,12,TVW3,0.75,0.35
2012-01,12,TVW3,0.9,0.15
2012-01,13,TVW1,0.25,0.2
2012-01,13,TVW1,0.5,0.4
2012-01,13,TVW1,0.75,0.39999999999999997
2012-01,13,TVW2,0.3333333333333333,0.2
2012-01,13,TVW2,0.5,0.4000000000000002
2012-01,13,TVW2,0.6666666666666666,0.3999999999999999
2012-01,13,TVW3,0.1,0.0
2012-01,13,TVW3,0.25,0.15
2012-01,13,TVW3,0.5,0.35000000000000003
2012-01,13,TVW3,0.75,0.35
2012-01,13,TVW3,0.9,0.15
2012-02,1,TVW1,0.25,0.2
2012-02,1,TVW1,0.5,0.4
2012-02,1,TVW1,0.75,0.4
2012-02,1,TVW2,0.3333333333333333,0.2
2012-02,1,TVW2,0.5,0.4000000000000001
2012-02,1,TVW2,0.6666666666666666,0.4
2012-02,1,TVW3,0.1,0.0
2012-02,1,TVW3,0.25,0.15000000000000002
2012-02,1,TVW3,0.5,0.35
2012-02,1,TVW3,0.75,0.35000000000000003
2012-02,1,TVW3,0.9,0.15000000000000002
2012-02,2,TVW1,0.25,0.20000000000000004
2012-02,2,TVW1,0.5,0.4
2012-02,2,TVW1,0.75,0.4
2012-02,2,TVW2,0.3333333333333333,0.20000000000000012
2012-02,2,TVW2,0.5,0.4000000000000001
2012-02,2,TVW2,0.6666666666666666,0.3999999999999999
2012-02,2,TVW3,0.1,1.5265566588595902e-16
2012-02,2,TVW3,0.25,0.15
2012-02,2,TVW3,0.5,0.35
2012-02,2,TVW3,0.75,0.35
2012-02,2,TVW3,0.9,0.14999999999999986
2012-02,3,TVW1,0.25,0.20000000000000004
2012-02,3,TVW1,0.5,0.4
2012-02,3,TVW1,0.75,0.39999999999999997
2012-02,3,TVW2,0.3333333333333333,0.19999999999999996
2012-02,3,TVW2,0.5,0.4000000000000001
2012-02,3,TVW2,0.6666666666666666,0.3999999999999999
2012-02,3,TVW3,0.1,0.0
2012-02,3,TVW3,0.25,0.15
2012-02,3,TVW3,0.5,0.35
2012-02,3,TVW3,0.75,0.35
2012-02,3,TVW3,0.9,0.15
2012-02,4,TVW1,0.25,0.2
2012-02,4,TVW1,0.5,0.4
2012-02,4,TVW1,0.75,0.4
2012-02,4,TVW2,0.3333333333333333,0.2
2012-02,4,TVW2,0.5,0.4000000000000001
2012-02,4,TVW2,0.6666666666666666,0.4
2012-02,4,TVW3,0.1,0.0
2012-02,4,TVW3,0.25,0.15000000000000002
2012-02,4,TVW3,0.5,0.35714479999539545
2012-02,4,TVW3,0.75,0.35000000000000003
2012-02,4,TVW3,0.9,0.14285520000460447
2012-02,5,TVW1,0.25,0.2
2012-02,5,TVW1,0.5,0.4
2012-02,5,TVW1,0.75,0.4
2012-02,5,TVW2,0.3333333333333333,0.20000000000000012
2012-02,5,TVW2,0.5,0.39999999999999997
2012-02,5,TVW2,0.6666666666666666,0.4000000000000001
2012-02,5,TVW3,0.1,3.428503867241353e-17
2012-02,5,TVW3,0.25,0.15000000000000002
2012-02,5,TVW3,0.5,0.35
2012-02,5,TVW3,0.75,0.35000000000000003
2012-02,5,TVW3,0.9,0.15000000000000002
2012-02,6,TVW1,0.25,0.2
2012-02,6,TVW1,0.5,0.4000000000000001
2012-02,6,TVW1,0.75,0.4
2012-02,6,TVW2,0.3333333333333333,0.20000000000000007
2012-02,6,TVW2,0.5,0.39999999999999997
2012-02,6,TVW2,0.6666666666666666,0.4
2012-02,6,TVW3,0.1,1.3841520167176432e-17
2012-02,6,TVW3,0.25,0.15000000000000002
2012-02,6,TVW3,0.5,0.3500000000000002
2012-02,6,TVW3,0.75,0.3499999999999999
2012-02,6,TVW3,0.9,0.1499999999999999
2012-02,7,TVW1,0.25,0.20000000000000007
2012-02,7,TVW1,0.5,0.4
2012-02,7,TVW1,0.75,0.39999999999999997
2012-02,7,TVW2,0.3333333333333333,0.19999999999999998
2012-02,7,TVW2,0.5,0.4
2012-02,7,TVW2,0.6666666666666666,0.39999999999999986
2012-02,7,TVW3,0.1,2.7755575615628914e-17
2012-02,7,TVW3,0.25,0.15000000000000002
2012-02,7,TVW3,0.5,0.3499999999999999
2012-02,7,TVW3,0.75,0.35
2012-02,7,TVW3,0.9,0.15
2012-02,8,TVW1,0.25,0.20000000000000007
2012-02,8,TVW1,0.5,0.4000000000000001
2012-02,8,TVW1,0.75,0.39999999999999986
2012-02,8,TVW2,0.3333333333333333,0.2000000000000001
2012-02,8,TVW2,0.5,0.4000000000000002
2012-02,8,TVW2,0.6666666666666666,0.3999999999999998
2012-02,8,TVW3,0.1,2.7755575615628914e-17
2012-02,8,TVW3,0.25,0.15000000000000002
2012-02,8,TVW3,0.5,0.35
2012-02,8,TVW3,0.75,0.35
2012-02,8,TVW3,0.9,0.15
2012-02,9,TVW1,0.25,0.2
2012-02,9,TVW1,0.5,0.4
2012-02,9,TVW1,0.75,0.4
2012-02,9,TVW2,0.3333333333333333,0.19999999999999998
2012-02,9,TVW2,0.5,0.4
2012-02,9,TVW2,0.6666666666666666,0.39999999999999986
2012-02,9,TVW3,0.1,0.0
2012-02,9,TVW3,0.25,0.15000000000000002
2012-02,9,TVW3,0.5,0.35
2012-02,9,TVW3,0.75,0.35
2012-02,9,TVW3,0.9,0.15
2012-02,10,TVW1,0.25,0.20000000000000004
2012-02,10,TVW1,0.5,0.4
2012-02,10,TVW1,0.75,0.4
2012-02,10,TVW2,0.3333333333333333,0.20000000000000004
2012-02,10,TVW2,0.5,0.4000000000000001
2012-02,10,TVW2,0.6666666666666666,0.39999999999999997
2012-02,10,TVW3,0.1,0.07410562697633782
2012-02,10,TVW3,0.25,0.15
2012-02,10,TVW3,0.5,0.3
2012-02,10,TVW3,0.75,0.35
2012-02,10,TVW3,0.9,0.12589437302366224
2012-02,11,TVW1,0.25,0.20000000000000004
2012-02,11,TVW1,0.5,0.4
2012-02,11,TVW1,0.75,0.39999999999999997
2012-02,11,TVW2,0.3333333333333333,0.20000000000000015
2012-02,11,TVW2,0.5,0.4000000000000001
2012-02,11,TVW2,0.6666666666666666,0.3999999999999999
2012-02,11,TVW3,0.1,0.04766997198798303
2012-02,11,TVW3,0.25,0.15000000000000002
2012-02,11,TVW3,0.5,0.30233002801201697
2012-02,11,TVW3,0.75,0.35000000000000003
2012-02,11,TVW3,0.9,0.15000000000000002
2012-02,12,TVW1,0.25,0.2000000000000001
2012-02,12,TVW1,0.5,0.40000000000000013
2012-02,12,TVW1,0.75,0.39999999999999986
2012-02,12,TVW2,0.3333333333333333,0.2
2012-02,12,TVW2,0.5,0.4
2012-02,12,TVW2,0.6666666666666666,0.4
2012-02,12,TVW3,0.1,0.0
2012-02,12,TVW3,0.25,0.15
2012-02,12,TVW3,0.5,0.3500000000000001
2012-02,12,TVW3,0.75,0.35
2012-02,12,TVW3,0.9,0.15
2012-02,13,TVW1,0.25,0.2
2012-02,13,TVW1,0.5,0.4
2012-02,13,TVW1,0.75,0.4
2012-02,13,TVW2,0.3333333333333333,0.20000000000000015
2012-02,13,TVW2,0.5,0.4000000000000001
2012-02,13,TVW2,0.6666666666666666,0.3999999999999999
2012-02,13,TVW3,0.1,0.0
2012-02,13,TVW3,0.25,0.15
2012-02,13,TVW3,0.5,0.35
2012-02,13,TVW3,0.75,0.35
2012-02,13,TVW3,0.9,0.15
2012-03,1,TVW1,0.25,0.20000000000000004
2012-03,1,TVW1,0.5,0.4
2012-03,1,TVW1,0.75,0.3999999999999999
2012-03,1,TVW2,0.3333333333333333,0.2
2012-03,1,TVW2,0.5,0.40000000000000013
2012-03,1,TVW2,0.6666666666666666,0.4
2012-03,1,TVW3,0.1,5.551115123125784e-17
2012-03,1,TVW3,0.25,0.15000000000000002
2012-03,1,TVW3,0.5,0.35000000000000003
2012-03,1,TVW3,0.75,0.35000000000000003
2012-03,1,TVW3,0.9,0.14999999999999994
2012-03,2,TVW1,0.25,0.20000000000000004
2012-03,2,TVW1,0.5,0.4
2012-03,2,TVW1,0.75,0.4
2012-03,2,TVW2,0.3333333333333333,0.2
2012-03,2,TVW2,0.5,0.4000000000000001
2012-03,2,TVW2,0.6666666666666666,0.4
2012-03,2,TVW3,0.1,0.0
2012-03,2,TVW3,0.25,0.15
2012-03,2,TVW3,0.5,0.35
2012-03,2,TVW3,0.75,0.35
2012-03,2,TVW3,0.9,0.15
2012-03,3,TVW1,0.25,0.2000000000000001
2012-03,3,TVW1,0.5,0.4
2012-03,3,TVW1,0.75,0.3999999999999999
2012-03,3,TVW2,0.3333333333333333,0.2
2012-03,3,TVW2,0.5,0.4
2012-03,3,TVW2,0.6666666666666666,0.4
2012-03,3,TVW3,0.1,3.3924905538250167e-18
2012-03,3,TVW3,0.25,0.15
2012-03,3,TVW3,0.5,0.35000000000000003
2012-03,3,TVW3,0.75,0.35
2012-03,3,TVW3,0.9,0.15
2012-03,4,TVW1,0.25,0.2
2012-03,4,TVW1,0.5,0.4
2012-03,4,TVW1,0.75,0.4
2012-03,4,TVW2,0.3333333333333333,0.2
2012-03,4,TVW2,0.5,0.4
2012-03,4,TVW2,0.6666666666666666,0.4
2012-03,4,TVW3,0.1,0.0
2012-03,4,TVW3,0.25,0.15
2012-03,4,TVW3,0.5,0.37101861099733385
2012-03,4,TVW3,0.75,0.35
2012-03,4,TVW3,0.9,0.1289813890026662
2012-03,5,TVW1,0.25,0.20000000000000007
2012-03,5,TVW1,0.5,0.4
2012-03,5,TVW1,0.75,0.39999999999999997
2012-03,5,TVW2,0.3333333333333333,0.2
2012-03,5,TVW2,0.5,0.4
2012-03,5,TVW2,0.6666666666666666,0.4
2012-03,5,TVW3,0.1,0.0
2012-03,5,TVW3,0.25,0.2000000000000001
2012-03,5,TVW3,0.5,0.3
2012-03,5,TVW3,0.75,0.35
2012-03,5,TVW3,0.9,0.14999999999999997
2012-03,6,TVW1,0.25,0.2000000000000001
2012-03,6,TVW1,0.5,0.4
2012-03,6,TVW1,0.75,0.4
2012-03,6,TVW2,0.3333333333333333,0.19999999999999996
2012-03,6,TVW2,0.5,0.4000000000000001
2012-03,6,TVW2,0.6666666666666666,0.3999999999999999
2012-03,6,TVW3,0.1,0.0
2012-03,6,TVW3,0.25,0.15
2012-03,6,TVW3,0.5,0.35
2012-03,6,TVW3,0.75,0.35
2012-03,6,TVW3,0.9,0.14999999999999997
2012-03,7,TVW1,0.25,0.2000000000000001
2012-03,7,TVW1,0.5,0.4
2012-03,7,TVW1,0.75,0.4
2012-03,7,TVW2,0.3333333333333333,0.2
2012-03,7,TVW2,0.5,0.4000000000000001
2012-03,7,TVW2,0.6666666666666666,0.4
2012-03,7,TVW3,0.1,2.536433053522863e-17
2012-03,7,TVW3,0.25,0.15000000000000002
2012-03,7,TVW3,0.5,0.35
2012-03,7,TVW3,0.75,0.35000000000000003
2012-03,7,TVW3,0.9,0.15000000000000002
2012-03,8,TVW1,0.25,0.2000000000000001
2012-03,8,TVW1,0.5,0.40000000000000013
2012-03,8,TVW1,0.75,0.39999999999999986
2012-03,8,TVW2,0.3333333333333333,0.2
2012-03,8,TVW2,0.5,0.4000000000000001
2012-03,8,TVW2,0.6666666666666666,0.4
2012-03,8,TVW3,0.1,0.0
2012-03,8,TVW3,0.25,0.15
2012-03,8,TVW3,0.5,0.35000000000000003
2012-03,8,TVW3,0.75,0.35
2012-03,8,TVW3,0.9,0.14999999999999997
2012-03,9,TVW1,0.25,0.2
2012-03,9,TVW1,0.5,0.4
2012-03,9,TVW1,0.75,0.4
2012-03,9,TVW2,0.3333333333333333,0.19999999999999996
2012-03,9,TVW2,0.5,0.4000000000000001
2012-03,9,TVW2,0.6666666666666666,0.3999999999999999
2012-03,9,TVW3,0.1,0.0
2012-03,9,TVW3,0.25,0.15000000000000002
2012-03,9,TVW3,0.5,0.35000000000000003
2012-03,9,TVW3,0.75,0.35
2012-03,9,TVW3,0.9,0.14999999999999997
2012-03,10,TVW1,0.25,0.2
2012-03,10,TVW1,0.5,0.4
2012-03,10,TVW1,0.75,0.39999999999999997
2012-03,10,TVW2,0.3333333333333333,0.2
2012-03,10,TVW2,0.5,0.4000000000000001
2012-03,10,TVW2,0.6666666666666666,0.4
2012-03,10,TVW3,0.1,6.907589573867718e-17
2012-03,10,TVW3,0.25,0.19091386808687952
2012-03,10,TVW3,0.5,0.4999999999999998
2012-03,10,TVW3,0.75,0.15908613191312074
2012-03,10,TVW3,0.9,0.15
2012-03,11,TVW1,0.25,0.2
2012-03,11,TVW1,0.5,0.4
2012-03,11,TVW1,0.75,0.4
2012-03,11,TVW2,0.3333333333333333,0.20000000000000004
2012-03,11,TVW2,0.5,0.4000000000000001
2012-03,11,TVW2,0.6666666666666666,0.4
2012-03,11,TVW3,0.1,0.05314732258082877
2012-03,11,TVW3,0.25,0.15
2012-03,11,TVW3,0.5,0.30000000000000004
2012-03,11,TVW3,0.75,0.35
2012-03,11,TVW3,0.9,0.1468526774191712
2012-03,12,TVW1,0.25,0.2
2012-03,12,TVW1,0.5,0.4
2012-03,12,TVW1,0.75,0.4
2012-03,12,TVW2,0.3333333333333333,0.2
2012-03,12,TVW2,0.5,0.4
2012-03,12,TVW2,0.6666666666666666,0.4
2012-03,12,TVW3,0.1,2.775557561562892e-17
2012-03,12,TVW3,0.25,0.15000000000000002
2012-03,12,TVW3,0.5,0.35
2012-03,12,TVW3,0.75,0.35000000000000003
2012-03,12,TVW3,0.9,0.15000000000000002
2012-03,13,TVW1,0.25,0.2
2012-03,13,TVW1,0.5,0.4
2012-03,13,TVW1,0.75,0.3999999999999999
2012-03,13,TVW2,0.3333333333333333,0.2
2012-03,13,TVW2,0.5,0.40000000000000013
2012-03,13,TVW2,0.6666666666666666,0.39999999999999997
2012-03,13,TVW3,0.1,5.551115123125784e-17
2012-03,13,TVW3,0.25,0.15000000000000002
2012-03,13,TVW3,0.5,0.35
2012-03,13,TVW3,0.75,0.35000000000000003
2012-03,13,TVW3,0.9,0.14999999999999994
2012-04,1,TVW1,0.25,0.2
2012-04,1,TVW1,0.5,0.4
2012-04,1,TVW1,0.75,0.4
2012-04,1,TVW2,0.3333333333333333,0.2
2012-04,1,TVW2,0.5,0.40000000000000013
2012-04,1,TVW2,0.6666666666666666,0.4
2012-04,1,TVW3,0.1,5.551115123125784e-17
2012-04,1,TVW3,0.25,0.15000000000000005
2012-04,1,TVW3,0.5,0.35000000000000003
2012-04,1,TVW3,0.75,0.35000000000000003
2012-04,1,TVW3,0.9,0.14999999999999994
2012-04,2,TVW1,0.25,0.2
2012-04,2,TVW1,0.5,0.4
2012-04,2,TVW1,0.75,0.39999999999999997
2012-04,2,TVW2,0.3333333333333333,0.20000000000000004
2012-04,2,TVW2,0.5,0.3999999999999999
2012-04,2,TVW2,0.6666666666666666,0.39999999999999997
2012-04,2,TVW3,0.1,0.0
2012-04,2,TVW3,0.25,0.15
2012-04,2,TVW3,0.5,0.3500000000000001
2012-04,2,TVW3,0.75,0.35
2012-04,2,TVW3,0.9,0.14999999999999997
2012-04,3,TVW1,0.25,0.2
2012-04,3,TVW1,0.5,0.4000000000000001
2012-04,3,TVW1,0.75,0.4
2012-04,3,TVW2,0.3333333333333333,0.20000000000000004
2012-04,3,TVW2,0.5,0.3999999999999999
2012-04,3,TVW2,0.6666666666666666,0.4
2012-04,3,TVW3,0.1,0.0
2012-04,3,TVW3,0.25,0.15
2012-04,3,TVW3,0.5,0.4254123962490523
2012-04,3,TVW3,0.75,0.35
2012-04,3,TVW3,0.9,0.07458760375094772
2012-04,4,TVW1,0.25,0.2
2012-04,4,TVW1,0.5,0.4
2012-04,4,TVW1,0.75,0.4
2012-04,4,TVW2,0.3333333333333333,0.2
2012-04,4,TVW2,0.5,0.4000000000000001
2012-04,4,TVW2,0.6666666666666666,0.4
2012-04,4,TVW3,0.1,0.0
2012-04,4,TVW3,0.25,0.15
2012-04,4,TVW3,0.5,0.4531981750116364
2012-04,4,TVW3,0.75,0.35
2012-04,4,TVW3,0.9,0.04680182498836364
2012-04,5,TVW1,0.25,0.2
2012-04,5,TVW1,0.5,0.4
2012-04,5,TVW1,0.75,0.4
2012-04,5,TVW2,0.3333333333333333,0.2
2012-04,5,TVW2,0.5,0.4
2012-04,5,TVW2,0.6666666666666666,0.4
2012-04,5,TVW3,0.1,7.413841162462128e-18
2012-04,5,TVW3,0.25,0.15
2012-04,5,TVW3,0.5,0.3500000000000001
2012-04,5,TVW3,0.75,0.35
2012-04,5,TVW3,0.9,0.14999999999999997
2012-04,6,TVW1,0.25,0.20000000000000007
2012-04,6,TVW1,0.5,0.4
2012-04,6,TVW1,0.75,0.4
2012-04,6,TVW2,0.3333333333333333,0.20000000000000004
2012-04,6,TVW2,0.5,0.4000000000000001
2012-04,6,TVW2,0.6666666666666666,0.39999999999999997
2012-04,6,TVW3,0.1,0.0
2012-04,6,TVW3,0.25,0.15
2012-04,6,TVW3,0.5,0.35000000000000003
2012-04,6,TVW3,0.75,0.35
2012-04,6,TVW3,0.9,0.15
2012-04,7,TVW1,0.25,0.20000000000000004
2012-04,7,TVW1,0.5,0.4
2012-04,7,TVW1,0.75,0.39999999999999997
2012-04,7,TVW2,0.3333333333333333,0.20000000000000007
2012-04,7,TVW2,0.5,0.3999999999999999
2012-04,7,TVW2,0.6666666666666666,0.4000000000000001
2012-04,7,TVW3,0.1,0.0
2012-04,7,TVW3,0.25,0.15
2012-04,7,TVW3,0.5,0.35000000000000003
2012-04,7,TVW3,0.75,0.35
2012-04,7,TVW3,0.9,0.15
2012-04,8,TVW1,0.25,0.2
2012-04,8,TVW1,0.5,0.4
2012-04,8,TVW1,0.75,0.4
2012-04,8,TVW2,0.3333333333333333,0.20000000000000015
2012-04,8,TVW2,0.5,0.4
2012-04,8,TVW2,0.6666666666666666,0.3999999999999999
2012-04,8,TVW3,0.1,0.0
2012-04,8,TVW3,0.25,0.15
2012-04,8,TVW3,0.5,0.3500000000000001
2012-04,8,TVW3,0.75,0.35
2012-04,8,TVW3,0.9,0.15
2012-04,9,TVW1,0.25,0.20000000000000004
2012-04,9,TVW1,0.5,0.4
2012-04,9,TVW1,0.75,0.4
2012-04,9,TVW2,0.3333333333333333,0.2
2012-04,9,TVW2,0.5,0.4000000000000001
2012-04,9,TVW2,0.6666666666666666,0.4
2012-04,9,TVW3,0.1,3.892834945190849e-18
2012-04,9,TVW3,0.25,0.15
2012-04,9,TVW3,0.5,0.35000000000000003
2012-04,9,TVW3,0.75,0.35
2012-04,9,TVW3,0.9,0.15
2012-04,10,TVW1,0.25,0.2
2012-04,10,TVW1,0.5,0.4
2012-04,10,TVW1,0.75,0.4
2012-04,10,TVW2,0.3333333333333333,0.2
2012-04,10,TVW2,0.5,0.4
2012-04,10,TVW2,0.6666666666666666,0.4
2012-04,10,TVW3,0.1,0.0778547697352718
2012-04,10,TVW3,0.25,0.15
2012-04,10,TVW3,0.5,0.30000000000000016
2012-04,10,TVW3,0.75,0.35
2012-04,10,TVW3,0.9,0.1221452302647281
2012-04,11,TVW1,0.25,0.2
2012-04,11,TVW1,0.5,0.4
2012-04,11,TVW1,0.75,0.4
2012-04,11,TVW2,0.3333333333333333,0.2000000000000001
2012-04,11,TVW2,0.5,0.4000000000000001
2012-04,11,TVW2,0.6666666666666666,0.39999999999999997
2012-04,11,TVW3,0.1,0.07181293947447089
2012-04,11,TVW3,0.25,0.15
2012-04,11,TVW3,0.5,0.3
2012-04,11,TVW3,0.75,0.35
2012-04,11,TVW3,0.9,0.12818706052552925
2012-04,12,TVW1,0.25,0.20000000000000004
2012-04,12,TVW1,0.5,0.4
2012-04,12,TVW1,0.75,0.39999999999999997
2012-04,12,TVW2,0.3333333333333333,0.20000000000000007
2012-04,12,TVW2,0.5,0.39999999999999997
2012-04,12,TVW2,0.6666666666666666,0.4000000000000001
2012-04,12,TVW3,0.1,1.2155843924273368e-17
2012-04,12,TVW3,0.25,0.15
2012-04,12,TVW3,0.5,0.3500000000000001
2012-04,12,TVW3,0.75,0.35
2012-04,12,TVW3,0.9,0.15
2012-04,13,TVW1,0.25,0.2
2012-04,13,TVW1,0.5,0.4
2012-04,13,TVW1,0.75,0.4
2012-04,13,TVW2,0.3333333333333333,0.2
2012-04,13,TVW2,0.5,0.40000000000000013
2012-04,13,TVW2,0.6666666666666666,0.39999999999999997
2012-04,13,TVW3,0.1,0.0
2012-04,13,TVW3,0.25,0.15
2012-04,13,TVW3,0.5,0.35000000000000003
2012-04,13,TVW3,0.75,0.35
2012-04,13,TVW3,0.9,0.15
2012-05,1,TVW1,0.25,0.2
2012-05,1,TVW1,0.5,0.4
2012-05,1,TVW1,0.75,0.4
2012-05,1,TVW2,0.3333333333333333,0.20000000000000007
2012-05,1,TVW2,0.5,0.4000000000000001
2012-05,1,TVW2,0.6666666666666666,0.39999999999999997
2012-05,1,TVW3,0.1,3.3834089954931767e-18
2012-05,1,TVW3,0.25,0.15
2012-05,1,TVW3,0.5,0.3500000000000001
2012-05,1,TVW3,0.75,0.35
2012-05,1,TVW3,0.9,0.15
2012-05,2,TVW1,0.25,0.2
2012-05,2,TVW1,0.5,0.4
2012-05,2,TVW1,0.75,0.4
2012-05,2,TVW2,0.3333333333333333,0.19999999999999996
2012-05,2,TVW2,0.5,0.4000000000000001
2012-05,2,TVW2,0.6666666666666666,0.3999999999999999
2012-05,2,TVW3,0.1,0.0
2012-05,2,TVW3,0.25,0.17298447055483307
2012-05,2,TVW3,0.5,0.3270155294451669
2012-05,2,TVW3,0.75,0.35000000000000003
2012-05,2,TVW3,0.9,0.15000000000000002
2012-05,3,TVW1,0.25,0.2
2012-05,3,TVW1,0.5,0.4
2012-05,3,TVW1,0.75,0.4
2012-05,3,TVW2,0.3333333333333333,0.22633898440275477
2012-05,3,TVW2,0.5,0.37366101559724535
2012-05,3,TVW2,0.6666666666666666,0.4
2012-05,3,TVW3,0.1,0.11905114543411695
2012-05,3,TVW3,0.25,0.15000000000000005
2012-05,3,TVW3,0.5,0.30000000000000004
2012-05,3,TVW3,0.75,0.35000000000000003
2012-05,3,TVW3,0.9,0.080948854565883
2012-05,4,TVW1,0.25,0.2
2012-05,4,TVW1,0.5,0.4
2012-05,4,TVW1,0.75,0.39999999999999997
2012-05,4,TVW2,0.3333333333333333,0.2
2012-05,4,TVW2,0.5,0.4000000000000001
2012-05,4,TVW2,0.6666666666666666,0.4
2012-05,4,TVW3,0.1,2.2836591795014568e-18
2012-05,4,TVW3,0.25,0.15
2012-05,4,TVW3,0.5,0.5
2012-05,4,TVW3,0.75,0.35
2012-05,4,TVW3,0.9,0.0
2012-05,5,TVW1,0.25,0.2
2012-05,5,TVW1,0.5,0.4000000000000001
2012-05,5,TVW1,0.75,0.39999999999999997
2012-05,5,TVW2,0.3333333333333333,0.2
2012-05,5,TVW2,0.5,0.4
2012-05,5,TVW2,0.6666666666666666,0.4
2012-05,5,TVW3,0.1,3.2654142146422935e-18
2012-05,5,TVW3,0.25,0.2200001311478552
2012-05,5,TVW3,0.5,0.3
2012-05,5,TVW3,0.75,0.32999986885214483
2012-05,5,TVW3,0.9,0.15
2012-05,6,TVW1,0.25,0.2
2012-05,6,TVW1,0.5,0.4
2012-05,6,TVW1,0.75,0.4
2012-05,6,TVW2,0.3333333333333333,0.20000000000000004
2012-05,6,TVW2,0.5,0.3999999999999999
2012-05,6,TVW2,0.6666666666666666,0.4000000000000001
2012-05,6,TVW3,0.1,0.0
2012-05,6,TVW3,0.25,0.15
2012-05,6,TVW3,0.5,0.35
2012-05,6,TVW3,0.75,0.35
2012-05,6,TVW3,0.9,0.15
2012-05,7,TVW1,0.25,0.2
2012-05,7,TVW1,0.5,0.4
2012-05,7,TVW1,0.75,0.4
2012-05,7,TVW2,0.3333333333333333,0.2
2012-05,7,TVW2,0.5,0.39999999999999997
2012-05,7,TVW2,0.6666666666666666,0.4
2012-05,7,TVW3,0.1,0.0
2012-05,7,TVW3,0.25,0.15000000000000002
2012-05,7,TVW3,0.5,0.4592629997774215
2012-05,7,TVW3,0.75,0.24073700022257855
2012-05,7,TVW3,0.9,0.15
2012-05,8,TVW1,0.25,0.20000000000000007
2012-05,8,TVW1,0.5,0.4
2012-05,8,TVW1,0.75,0.39999999999999997
2012-05,8,TVW2,0.3333333333333333,0.2
2012-05,8,TVW2,0.5,0.4
2012-05,8,TVW2,0.6666666666666666,0.4
2012-05,8,TVW3,0.1,0.0
2012-05,8,TVW3,0.25,0.15
2012-05,8,TVW3,0.5,0.3500000000000001
2012-05,8,TVW3,0.75,0.35
2012-05,8,TVW3,0.9,0.15
2012-05,9,TVW1,0.25,0.2
2012-05,9,TVW1,0.5,0.4
2012-05,9,TVW1,0.75,0.4
2012-05,9,TVW2,0.3333333333333333,0.2
2012-05,9,TVW2,0.5,0.4000000000000001
2012-05,9,TVW2,0.6666666666666666,0.4
2012-05,9,TVW3,0.1,0.0
2012-05,9,TVW3,0.25,0.15
2012-05,9,TVW3,0.5,0.35000000000000003
2012-05,9,TVW3,0.75,0.35
2012-05,9,TVW3,0.9,0.15
2012-05,10,TVW1,0.25,0.2
2012-05,10,TVW1,0.5,0.4
2012-05,10,TVW1,0.75,0.39999999999999997
2012-05,10,TVW2,0.3333333333333333,0.2
2012-05,10,TVW2,0.5,0.40000000000000024
2012-05,10,TVW2,0.6666666666666666,0.39999999999999974
2012-05,10,TVW3,0.1,0.10284406389804134
2012-05,10,TVW3,0.25,0.15
2012-05,10,TVW3,0.5,0.3
2012-05,10,TVW3,0.75,0.35
2012-05,10,TVW3,0.9,0.09715593610195876
2012-05,11,TVW1,0.25,0.2
2012-05,11,TVW1,0.5,0.4
2012-05,11,TVW1,0.75,0.39999999999999997
2012-05,11,TVW2,0.3333333333333333,0.2
2012-05,11,TVW2,0.5,0.4000000000000001
2012-05,11,TVW2,0.6666666666666666,0.39999999999999997
2012-05,11,TVW3,0.1,0.09958698524029277
2012-05,11,TVW3,0.25,0.15
2012-05,11,TVW3,0.5,0.29999999999999993
2012-05,11,TVW3,0.75,0.3499999999999999
2012-05,11,TVW3,0.9,0.10041301475970738
2012-05,12,TVW1,0.25,0.2
2012-05,12,TVW1,0.5,0.4
2012-05,12,TVW1,0.75,0.4
2012-05,12,TVW2,0.3333333333333333,0.2000000000000001
2012-05,12,TVW2,0.5,0.4
2012-05,12,TVW2,0.6666666666666666,0.39999999999999997
2012-05,12,TVW3,0.1,0.03733663793756863
2012-05,12,TVW3,0.25,0.16266336206243145
2012-05,12,TVW3,0.5,0.30000000000000004
2012-05,12,TVW3,0.75,0.3499999999999999
2012-05,12,TVW3,0.9,0.15
2012-05,13,TVW1,0.25,0.2
2012-05,13,TVW1,0.5,0.4000000000000001
2012-05,13,TVW1,0.75,0.3999999999999999
2012-05,13,TVW2,0.3333333333333333,0.2000000000000001
2012-05,13,TVW2,0.5,0.39999999999999997
2012-05,13,TVW2,0.6666666666666666,0.4000000000000001
2012-05,13,TVW3,0.1,0.03494147109417755
2012-05,13,TVW3,0.25,0.15
2012-05,13,TVW3,0.5,0.31505852890582253
2012-05,13,TVW3,0.75,0.35
2012-05,13,TVW3,0.9,0.14999999999999997
2012-06,1,TVW1,0.25,0.2
2012-06,1,TVW1,0.5,0.4
2012-06,1,TVW1,0.75,0.4
2012-06,1,TVW2,0.3333333333333333,0.2
2012-06,1,TVW2,0.5,0.4
2012-06,1,TVW2,0.6666666666666666,0.4
2012-06,1,TVW3,0.1,0.0
2012-06,1,TVW3,0.25,0.15
2012-06,1,TVW3,0.5,0.35000000000000014
2012-06,1,TVW3,0.75,0.35
2012-06,1,TVW3,0.9,0.14999999999999997
2012-06,2,TVW1,0.25,0.2
2012-06,2,TVW1,0.5,0.4
2012-06,2,TVW1,0.75,0.4
2012-06,2,TVW2,0.3333333333333333,0.2
2012-06,2,TVW2,0.5,0.40000000000000013
2012-06,2,TVW2,0.6666666666666666,0.39999999999999997
2012-06,2,TVW3,0.1,1.2948098787760695e-17
2012-06,2,TVW3,0.25,0.15000000000000002
2012-06,2,TVW3,0.5,0.35
2012-06,2,TVW3,0.75,0.35
2012-06,2,TVW3,0.9,0.15
2012-06,3,TVW1,0.25,0.2
2012-06,3,TVW1,0.5,0.4
2012-06,3,TVW1,0.75,0.4
2012-06,3,TVW2,0.3333333333333333,0.2
2012-06,3,TVW2,0.5,0.4000000000000009
2012-06,3,TVW2,0.6666666666666666,0.399999999999999
2012-06,3,TVW3,0.1,1.9276461394018122e-18
2012-06,3,TVW3,0.25,0.15
2012-06,3,TVW3,0.5,0.46968590996578746
2012-06,3,TVW3,0.75,0.35
2012-06,3,TVW3,0.9,0.030314090034212572
2012-06,4,TVW1,0.25,0.20000000000000004
2012-06,4,TVW1,0.5,0.4
2012-06,4,TVW1,0.75,0.39999999999999997
2012-06,4,TVW2,0.3333333333333333,0.2
2012-06,4,TVW2,0.5,0.4000000000000001
2012-06,4,TVW2,0.6666666666666666,0.4
2012-06,4,TVW3,0.1,0.06717291638594335
2012-06,4,TVW3,0.25,0.15000000000000002
2012-06,4,TVW3,0.5,0.30000000000000004
2012-06,4,TVW3,0.75,0.35000000000000003
2012-06,4,TVW3,0.9,0.13282708361405665
2012-06,5,TVW1,0.25,0.20000000000000007
2012-06,5,TVW1,0.5,0.4
2012-06,5,TVW1,0.75,0.4
2012-06,5,TVW2,0.3333333333333333,0.20000000000000015
2012-06,5,TVW2,0.5,0.3999999999999999
2012-06,5,TVW2,0.6666666666666666,0.4
2012-06,5,TVW3,0.1,0.0
2012-06,5,TVW3,0.25,0.15
2012-06,5,TVW3,0.5,0.35
2012-06,5,TVW3,0.75,0.35
2012-06,5,TVW3,0.9,0.15
2012-06,6,TVW1,0.25,0.2000000000000001
2012-06,6,TVW1,0.5,0.4
2012-06,6,TVW1,0.75,0.4
2012-06,6,TVW2,0.3333333333333333,0.20000000000000012
2012-06,6,TVW2,0.5,0.39999999999999997
2012-06,6,TVW2,0.6666666666666666,0.39999999999999997
2012-06,6,TVW3,0.1,0.0
2012-06,6,TVW3,0.25,0.15
2012-06,6,TVW3,0.5,0.3500000000000001
2012-06,6,TVW3,0.75,0.35
2012-06,6,TVW3,0.9,0.15
2012-06,7,TVW1,0.25,0.20000000000000004
2012-06,7,TVW1,0.5,0.4
2012-06,7,TVW1,0.75,0.4
2012-06,7,TVW2,0.3333333333333333,0.20000000000000007
2012-06,7,TVW2,0.5,0.4
2012-06,7,TVW2,0.6666666666666666,0.39999999999999997
2012-06,7,TVW3,0.1,0.0
2012-06,7,TVW3,0.25,0.14999999999999997
2012-06,7,TVW3,0.5,0.35000000000000014
2012-06,7,TVW3,0.75,0.3499999999999999
2012-06,7,TVW3,0.9,0.14999999999999997
2012-06,8,TVW1,0.25,0.2
2012-06,8,TVW1,0.5,0.4
2012-06,8,TVW1,0.75,0.4
2012-06,8,TVW2,0.3333333333333333,0.19999999999999996
2012-06,8,TVW2,0.5,0.4000000000000001
2012-06,8,TVW2,0.6666666666666666,0.3999999999999999
2012-06,8,TVW3,0.1,2.882727551528509e-17
2012-06,8,TVW3,0.25,0.15
2012-06,8,TVW3,0.5,0.3500000000000001
2012-06,8,TVW3,0.75,0.3499999999999999
2012-06,8,TVW3,0.9,0.15
2012-06,9,TVW1,0.25,0.20000000000000007
2012-06,9,TVW1,0.5,0.4
2012-06,9,TVW1,0.75,0.4
2012-06,9,TVW2,0.3333333333333333,0.19999999999999996
2012-06,9,TVW2,0.5,0.40000000000000013
2012-06,9,TVW2,0.6666666666666666,0.39999999999999986
2012-06,9,TVW3,0.1,1.4757148412460048e-17
2012-06,9,TVW3,0.25,0.20000000000000007
2012-06,9,TVW3,0.5,0.3
2012-06,9,TVW3,0.75,0.35
2012-06,9,TVW3,0.9,0.15
2012-06,10,TVW1,0.25,0.20000000000000004
2012-06,10,TVW1,0.5,0.4000000000000001
2012-06,10,TVW1,0.75,0.3999999999999999
2012-06,10,TVW2,0.3333333333333333,0.2
2012-06,10,TVW2,0.5,0.4000000000000001
2012-06,10,TVW2,0.6666666666666666,0.4
2012-06,10,TVW3,0.1,0.07786788211742993
2012-06,10,TVW3,0.25,0.15
2012-06,10,TVW3,0.5,0.3000000000000001
2012-06,10,TVW3,0.75,0.34999999999999987
2012-06,10,TVW3,0.9,0.12213211788257011
2012-06,11,TVW1,0.25,0.20000000000000007
2012-06,11,TVW1,0.5,0.4
2012-06,11,TVW1,0.75,0.39999999999999997
2012-06,11,TVW2,0.3333333333333333,0.20000000000000004
2012-06,11,TVW2,0.5,0.4
2012-06,11,TVW2,0.6666666666666666,0.4
2012-06,11,TVW3,0.1,0.07253208237634358
2012-06,11,TVW3,0.25,0.15
2012-06,11,TVW3,0.5,0.3
2012-06,11,TVW3,0.75,0.35
2012-06,11,TVW3,0.9,0.1274679176236565
2012-06,12,TVW1,0.25,0.2
2012-06,12,TVW1,0.5,0.4
2012-06,12,TVW1,0.75,0.39999999999999997
2012-06,12,TVW2,0.3333333333333333,0.20000000000000004
2012-06,12,TVW2,0.5,0.39999999999999997
2012-06,12,TVW2,0.6666666666666666,0.4
2012-06,12,TVW3,0.1,7.756823288335911e-19
2012-06,12,TVW3,0.25,0.15
2012-06,12,TVW3,0.5,0.35
2012-06,12,TVW3,0.75,0.35
2012-06,12,TVW3,0.9,0.15
2012-06,13,TVW1,0.25,0.20000000000000012
2012-06,13,TVW1,0.5,0.4
2012-06,13,TVW1,0.75,0.3999999999999999
2012-06,13,TVW2,0.3333333333333333,0.20000000000000012
2012-06,13,TVW2,0.5,0.4000000000000004
2012-06,13,TVW2,0.6666666666666666,0.3999999999999995
2012-06,13,TVW3,0.1,0.01624136143882473
2012-06,13,TVW3,0.25,0.15
2012-06,13,TVW3,0.5,0.33375863856117544
2012-06,13,TVW3,0.75,0.3499999999999999
2012-06,13,TVW3,0.9,0.15
2012-07,1,TVW1,0.25,0.2
2012-07,1,TVW1,0.5,0.4
2012-07,1,TVW1,0.75,0.4
2012-07,1,TVW2,0.3333333333333333,0.20000000000000004
2012-07,1,TVW2,0.5,0.39999999999999997
2012-07,1,TVW2,0.6666666666666666,0.4
2012-07,1,TVW3,0.1,0.0
2012-07,1,TVW3,0.25,0.15
2012-07,1,TVW3,0.5,0.35
2012-07,1,TVW3,0.75,0.35
2012-07,1,TVW3,0.9,0.15
2012-07,2,TVW1,0.25,0.2
2012-07,2,TVW1,0.5,0.4000000000000001
2012-07,2,TVW1,0.75,0.39999999999999997
2012-07,2,TVW2,0.3333333333333333,0.20000000000000004
2012-07,2,TVW2,0.5,0.39999999999999986
2012-07,2,TVW2,0.6666666666666666,0.4000000000000001
2012-07,2,TVW3,0.1,0.02880388475801327
2012-07,2,TVW3,0.25,0.15000000000000044
2012-07,2,TVW3,0.5,0.3211961152419864
2012-07,2,TVW3,0.75,0.3499999999999999
2012-07,2,TVW3,0.9,0.1499999999999999
2012-07,3,TVW1,0.25,0.2341843560140677
2012-07,3,TVW1,0.5,0.4
2012-07,3,TVW1,0.75,0.36581564398593236
2012-07,3,TVW2,0.3333333333333333,0.2197969949335698
2012-07,3,TVW2,0.5,0.38020300506643023
2012-07,3,TVW2,0.6666666666666666,0.4
2012-07,3,TVW3,0.1,0.01644796629771475
2012-07,3,TVW3,0.25,0.35000000000000003
2012-07,3,TVW3,0.5,0.30000000000000004
2012-07,3,TVW3,0.75,0.18355203370228515
2012-07,3,TVW3,0.9,0.15000000000000002
2012-07,4,TVW1,0.25,0.2
2012-07,4,TVW1,0.5,0.4
2012-07,4,TVW1,0.75,0.4
2012-07,4,TVW2,0.3333333333333333,0.2
2012-07,4,TVW2,0.5,0.4
2012-07,4,TVW2,0.6666666666666666,0.4
2012-07,4,TVW3,0.1,1.0728429794397177e-16
2012-07,4,TVW3,0.25,0.1500000000000001
2012-07,4,TVW3,0.5,0.49999999999999994
2012-07,4,TVW3,0.75,0.3499999999999998
2012-07,4,TVW3,0.9,7.574343749536359e-17
2012-07,5,TVW1,0.25,0.2
2012-07,5,TVW1,0.5,0.4
2012-07,5,TVW1,0.75,0.39999999999999997
2012-07,5,TVW2,0.3333333333333333,0.2
2012-07,5,TVW2,0.5,0.4
2012-07,5,TVW2,0.6666666666666666,0.4
2012-07,5,TVW3,0.1,0.055044168425857985
2012-07,5,TVW3,0.25,0.15000000000000002
2012-07,5,TVW3,0.5,0.3
2012-07,5,TVW3,0.75,0.34495583157414217
2012-07,5,TVW3,0.9,0.15
2012-07,6,TVW1,0.25,0.2
2012-07,6,TVW1,0.5,0.4
2012-07,6,TVW1,0.75,0.4
2012-07,6,TVW2,0.3333333333333333,0.2
2012-07,6,TVW2,0.5,0.4
2012-07,6,TVW2,0.6666666666666666,0.4
2012-07,6,TVW3,0.1,0.0
2012-07,6,TVW3,0.25,0.15
2012-07,6,TVW3,0.5,0.4127499125003713
2012-07,6,TVW3,0.75,0.2872500874996288
2012-07,6,TVW3,0.9,0.15
2012-07,7,TVW1,0.25,0.2
2012-07,7,TVW1,0.5,0.4
2012-07,7,TVW1,0.75,0.4
2012-07,7,TVW2,0.3333333333333333,0.20000000000000007
2012-07,7,TVW2,0.5,0.4
2012-07,7,TVW2,0.6666666666666666,0.39999999999999997
2012-07,7,TVW3,0.1,8.70876238276383e-19
2012-07,7,TVW3,0.25,0.15
2012-07,7,TVW3,0.5,0.41458990259003514
2012-07,7,TVW3,0.75,0.285410097409965
2012-07,7,TVW3,0.9,0.15
2012-07,8,TVW1,0.25,0.2
2012-07,8,TVW1,0.5,0.4
2012-07,8,TVW1,0.75,0.4
2012-07,8,TVW2,0.3333333333333333,0.2
2012-07,8,TVW2,0.5,0.4000000000000001
2012-07,8,TVW2,0.6666666666666666,0.4
2012-07,8,TVW3,0.1,7.442661875398765e-18
2012-07,8,TVW3,0.25,0.15
2012-07,8,TVW3,0.5,0.35000000000000003
2012-07,8,TVW3,0.75,0.35
2012-07,8,TVW3,0.9,0.15
2012-07,9,TVW1,0.25,0.20000000000000007
2012-07,9,TVW1,0.5,0.4
2012-07,9,TVW1,0.75,0.4
2012-07,9,TVW2,0.3333333333333333,0.2
2012-07,9,TVW2,0.5,0.4
2012-07,9,TVW2,0.6666666666666666,0.4
2012-07,9,TVW3,0.1,5.350672686919891e-18
2012-07,9,TVW3,0.25,0.15
2012-07,9,TVW3,0.5,0.3500000000000001
2012-07,9,TVW3,0.75,0.35
2012-07,9,TVW3,0.9,0.15
2012-07,10,TVW1,0.25,0.2
2012-07,10,TVW1,0.5,0.4
2012-07,10,TVW1,0.75,0.4
2012-07,10,TVW2,0.3333333333333333,0.20000000000000004
2012-07,10,TVW2,0.5,0.3999999999999999
2012-07,10,TVW2,0.6666666666666666,0.4000000000000001
2012-07,10,TVW3,0.1,0.03221698754515308
2012-07,10,TVW3,0.25,0.1500000000000001
2012-07,10,TVW3,0.5,0.5
2012-07,10,TVW3,0.75,0.1677830124548469
2012-07,10,TVW3,0.9,0.15
2012-07,11,TVW1,0.25,0.2
2012-07,11,TVW1,0.5,0.4
2012-07,11,TVW1,0.75,0.4
2012-07,11,TVW2,0.3333333333333333,0.2
2012-07,11,TVW2,0.5,0.40000000000000013
2012-07,11,TVW2,0.6666666666666666,0.4
2012-07,11,TVW3,0.1,0.15
2012-07,11,TVW3,0.25,0.15
2012-07,11,TVW3,0.5,0.3
2012-07,11,TVW3,0.75,0.2500000000000003
2012-07,11,TVW3,0.9,0.14999999999999977
2012-07,12,TVW1,0.25,0.20000000000000004
2012-07,12,TVW1,0.5,0.4
2012-07,12,TVW1,0.75,0.4
2012-07,12,TVW2,0.3333333333333333,0.20000000000000004
2012-07,12,TVW2,0.5,0.39999999999999997
2012-07,12,TVW2,0.6666666666666666,0.4000000000000001
2012-07,12,TVW3,0.1,1.0911945321814627e-17
2012-07,12,TVW3,0.25,0.15000000000000002
2012-07,12,TVW3,0.5,0.36488973002974023
2012-07,12,TVW3,0.75,0.34999999999999987
2012-07,12,TVW3,0.9,0.1351102699702599
2012-07,13,TVW1,0.25,0.2000000000000001
2012-07,13,TVW1,0.5,0.4
2012-07,13,TVW1,0.75,0.39999999999999997
2012-07,13,TVW2,0.3333333333333333,0.20000000000000004
2012-07,13,TVW2,0.5,0.3999999999999999
2012-07,13,TVW2,0.6666666666666666,0.4000000000000001
2012-07,13,TVW3,0.1,0.060440935467999515
2012-07,13,TVW3,0.25,0.15000000000000002
2012-07,13,TVW3,0.5,0.30000000000000016
2012-07,13,TVW3,0.75,0.35
2012-07,13,TVW3,0.9,0.13955906453200037
2012-08,1,TVW1,0.25,0.20000000000000004
2012-08,1,TVW1,0.5,0.40000000000000013
2012-08,1,TVW1,0.75,0.39999999999999986
2012-08,1,TVW2,0.3333333333333333,0.2
2012-08,1,TVW2,0.5,0.4000000000000001
2012-08,1,TVW2,0.6666666666666666,0.4
2012-08,1,TVW3,0.1,2.3184155828187598e-18
2012-08,1,TVW3,0.25,0.15000000000000002
2012-08,1,TVW3,0.5,0.35000000000000003
2012-08,1,TVW3,0.75,0.35
2012-08,1,TVW3,0.9,0.15000000000000002
2012-08,2,TVW1,0.25,0.2
2012-08,2,TVW1,0.5,0.4
2012-08,2,TVW1,0.75,0.4
2012-08,2,TVW2,0.3333333333333333,0.20000000000000004
2012-08,2,TVW2,0.5,0.4
2012-08,2,TVW2,0.6666666666666666,0.4
2012-08,2,TVW3,0.1,0.018152049522169384
2012-08,2,TVW3,0.25,0.18184795047783073
2012-08,2,TVW3,0.5,0.3
2012-08,2,TVW3,0.75,0.35
2012-08,2,TVW3,0.9,0.15
2012-08,3,TVW1,0.25,0.20000000000000004
2012-08,3,TVW1,0.5,0.46794572117772104
2012-08,3,TVW1,0.75,0.3320542788222789
2012-08,3,TVW2,0.3333333333333333,0.2
2012-08,3,TVW2,0.5,0.47351315869932253
2012-08,3,TVW2,0.6666666666666666,0.32648684130067746
2012-08,3,TVW3,0.1,0.0783772839911219
2012-08,3,TVW3,0.25,0.15000000000000008
2012-08,3,TVW3,0.5,0.47162271600887795
2012-08,3,TVW3,0.75,0.15000000000000005
2012-08,3,TVW3,0.9,0.15
2012-08,4,TVW1,0.25,0.2
2012-08,4,TVW1,0.5,0.4
2012-08,4,TVW1,0.75,0.4
2012-08,4,TVW2,0.3333333333333333,0.2
2012-08,4,TVW2,0.5,0.4000000000000001
2012-08,4,TVW2,0.6666666666666666,0.4
2012-08,4,TVW3,0.1,0.0
2012-08,4,TVW3,0.25,0.1500000000000001
2012-08,4,TVW3,0.5,0.49149149755304394
2012-08,4,TVW3,0.75,0.20850850244695604
2012-08,4,TVW3,0.9,0.15000000000000002
2012-08,5,TVW1,0.25,0.2
2012-08,5,TVW1,0.5,0.4
2012-08,5,TVW1,0.75,0.4
2012-08,5,TVW2,0.3333333333333333,0.20000000000000007
2012-08,5,TVW2,0.5,0.39999999999999997
2012-08,5,TVW2,0.6666666666666666,0.4
2012-08,5,TVW3,0.1,1.899104995285323e-18
2012-08,5,TVW3,0.25,0.21295979023228787
2012-08,5,TVW3,0.5,0.3000000000000001
2012-08,5,TVW3,0.75,0.34999999999999987
2012-08,5,TVW3,0.9,0.13704020976771214
2012-08,6,TVW1,0.25,0.20000000000000004
2012-08,6,TVW1,0.5,0.4
2012-08,6,TVW1,0.75,0.4
2012-08,6,TVW2,0.3333333333333333,0.2
2012-08,6,TVW2,0.5,0.4000000000000002
2012-08,6,TVW2,0.6666666666666666,0.3999999999999999
2012-08,6,TVW3,0.1,3.1328180459976644e-19
2012-08,6,TVW3,0.25,0.15
2012-08,6,TVW3,0.5,0.35088783923663114
2012-08,6,TVW3,0.75,0.35
2012-08,6,TVW3,0.9,0.14911216076336892
2012-08,7,TVW1,0.25,0.20000000000000004
2012-08,7,TVW1,0.5,0.4
2012-08,7,TVW1,0.75,0.39999999999999997
2012-08,7,TVW2,0.3333333333333333,0.20000000000000004
2012-08,7,TVW2,0.5,0.3999999999999999
2012-08,7,TVW2,0.6666666666666666,0.4000000000000001
2012-08,7,TVW3,0.1,1.0823875091937147e-17
2012-08,7,TVW3,0.25,0.15
2012-08,7,TVW3,0.5,0.36678255379463537
2012-08,7,TVW3,0.75,0.35
2012-08,7,TVW3,0.9,0.13321744620536471
2012-08,8,TVW1,0.25,0.20000000000000004
2012-08,8,TVW1,0.5,0.4
2012-08,8,TVW1,0.75,0.4
2012-08,8,TVW2,0.3333333333333333,0.20000000000000007
2012-08,8,TVW2,0.5,0.3999999999999999
2012-08,8,TVW2,0.6666666666666666,0.39999999999999997
2012-08,8,TVW3,0.1,0.0
2012-08,8,TVW3,0.25,0.15
2012-08,8,TVW3,0.5,0.35000000000000003
2012-08,8,TVW3,0.75,0.35
2012-08,8,TVW3,0.9,0.15
2012-08,9,TVW1,0.25,0.2
2012-08,9,TVW1,0.5,0.4
2012-08,9,TVW1,0.75,0.4
2012-08,9,TVW2,0.3333333333333333,0.2
2012-08,9,TVW2,0.5,0.4000000000000001
2012-08,9,TVW2,0.6666666666666666,0.4
2012-08,9,TVW3,0.1,8.233789014019957e-19
2012-08,9,TVW3,0.25,0.20000000000000015
2012-08,9,TVW3,0.5,0.3
2012-08,9,TVW3,0.75,0.35
2012-08,9,TVW3,0.9,0.15
2012-08,10,TVW1,0.25,0.2
2012-08,10,TVW1,0.5,0.4
2012-08,10,TVW1,0.75,0.4
2012-08,10,TVW2,0.3333333333333333,0.20000000000000007
2012-08,10,TVW2,0.5,0.39999999999999974
2012-08,10,TVW2,0.6666666666666666,0.40000000000000013
2012-08,10,TVW3,0.1,0.04260725308849581
2012-08,10,TVW3,0.25,0.15
2012-08,10,TVW3,0.5,0.5
2012-08,10,TVW3,0.75,0.15739274691150423
2012-08,10,TVW3,0.9,0.15
2012-08,11,TVW1,0.25,0.20000000000000007
2012-08,11,TVW1,0.5,0.4
2012-08,11,TVW1,0.75,0.4
2012-08,11,TVW2,0.3333333333333333,0.2
2012-08,11,TVW2,0.5,0.4
2012-08,11,TVW2,0.6666666666666666,0.4
2012-08,11,TVW3,0.1,0.1086513698715938
2012-08,11,TVW3,0.25,0.14999999999999997
2012-08,11,TVW3,0.5,0.30000000000000016
2012-08,11,TVW3,0.75,0.2913486301284061
2012-08,11,TVW3,0.9,0.14999999999999994
2012-08,12,TVW1,0.25,0.2
2012-08,12,TVW1,0.5,0.4
2012-08,12,TVW1,0.75,0.4
2012-08,12,TVW2,0.3333333333333333,0.2
2012-08,12,TVW2,0.5,0.4
2012-08,12,TVW2,0.6666666666666666,0.4
2012-08,12,TVW3,0.1,0.0
2012-08,12,TVW3,0.25,0.15000000000000002
2012-08,12,TVW3,0.5,0.396851420226358
2012-08,12,TVW3,0.75,0.35000000000000003
2012-08,12,TVW3,0.9,0.10314857977364203
2012-08,13,TVW1,0.25,0.2
2012-08,13,TVW1,0.5,0.4
2012-08,13,TVW1,0.75,0.4
2012-08,13,TVW2,0.3333333333333333,0.20000000000000007
2012-08,13,TVW2,0.5,0.3999999999999999
2012-08,13,TVW2,0.6666666666666666,0.4000000000000001
2012-08,13,TVW3,0.1,5.094320719863803e-18
2012-08,13,TVW3,0.25,0.15000000000000002
2012-08,13,TVW3,0.5,0.42654004050938776
2012-08,13,TVW3,0.75,0.27345995949061225
2012-08,13,TVW3,0.9,0.14999999999999997
2012-09,1,TVW1,0.25,0.2000000000000001
2012-09,1,TVW1,0.5,0.4
2012-09,1,TVW1,0.75,0.39999999999999997
2012-09,1,TVW2,0.3333333333333333,0.20000000000000004
2012-09,1,TVW2,0.5,0.3999999999999999
2012-09,1,TVW2,0.6666666666666666,0.4000000000000001
2012-09,1,TVW3,0.1,0.0
2012-09,1,TVW3,0.25,0.20000000000000004
2012-09,1,TVW3,0.5,0.3000000000000001
2012-09,1,TVW3,0.75,0.35
2012-09,1,TVW3,0.9,0.15000000000000002
2012-09,2,TVW1,0.25,0.2
2012-09,2,TVW1,0.5,0.4
2012-09,2,TVW1,0.75,0.4
2012-09,2,TVW2,0.3333333333333333,0.2
2012-09,2,TVW2,0.5,0.4
2012-09,2,TVW2,0.6666666666666666,0.4
2012-09,2,TVW3,0.1,1.626303258728257e-18
2012-09,2,TVW3,0.25,0.2
2012-09,2,TVW3,0.5,0.30000000000000004
2012-09,2,TVW3,0.75,0.35000000000000003
2012-09,2,TVW3,0.9,0.15
2012-09,3,TVW1,0.25,0.2
2012-09,3,TVW1,0.5,0.46994747400091996
2012-09,3,TVW1,0.75,0.3300525259990801
2012-09,3,TVW2,0.3333333333333333,0.2
2012-09,3,TVW2,0.5,0.48958301461363596
2012-09,3,TVW2,0.6666666666666666,0.31041698538636403
2012-09,3,TVW3,0.1,0.00696857548728255
2012-09,3,TVW3,0.25,0.15154587797681424
2012-09,3,TVW3,0.5,0.5
2012-09,3,TVW3,0.75,0.34148554653590324
2012-09,3,TVW3,0.9,1.214069556170635e-17
2012-09,4,TVW1,0.25,0.2
2012-09,4,TVW1,0.5,0.4
2012-09,4,TVW1,0.75,0.4
2012-09,4,TVW2,0.3333333333333333,0.2
2012-09,4,TVW2,0.5,0.4000000000000001
2012-09,4,TVW2,0.6666666666666666,0.4
2012-09,4,TVW3,0.1,3.585854242164783e-18
2012-09,4,TVW3,0.25,0.24268335492997348
2012-09,4,TVW3,0.5,0.3
2012-09,4,TVW3,0.75,0.30731664507002654
2012-09,4,TVW3,0.9,0.15
2012-09,5,TVW1,0.25,0.2
2012-09,5,TVW1,0.5,0.4
2012-09,5,TVW1,0.75,0.4
2012-09,5,TVW2,0.3333333333333333,0.20000000000000004
2012-09,5,TVW2,0.5,0.39999999999999997
2012-09,5,TVW2,0.6666666666666666,0.4000000000000001
2012-09,5,TVW3,0.1,5.242150582045394e-19
2012-09,5,TVW3,0.25,0.15000000000000005
2012-09,5,TVW3,0.5,0.45157458661750566
2012-09,5,TVW3,0.75,0.24842541338249421
2012-09,5,TVW3,0.9,0.15
2012-09,6,TVW1,0.25,0.2
2012-09,6,TVW1,0.5,0.4
2012-09,6,TVW1,0.75,0.4
2012-09,6,TVW2,0.3333333333333333,0.2000000000000001
2012-09,6,TVW2,0.5,0.3999999999999999
2012-09,6,TVW2,0.6666666666666666,0.4000000000000001
2012-09,6,TVW3,0.1,1.203294226418857e-17
2012-09,6,TVW3,0.25,0.15
2012-09,6,TVW3,0.5,0.35000000000000014
2012-09,6,TVW3,0.75,0.35
2012-09,6,TVW3,0.9,0.15
2012-09,7,TVW1,0.25,0.20000000000000004
2012-09,7,TVW1,0.5,0.4000000000000001
2012-09,7,TVW1,0.75,0.39999999999999997
2012-09,7,TVW2,0.3333333333333333,0.2
2012-09,7,TVW2,0.5,0.39999999999999997
2012-09,7,TVW2,0.6666666666666666,0.4
2012-09,7,TVW3,0.1,0.0
2012-09,7,TVW3,0.25,0.15
2012-09,7,TVW3,0.5,0.35000000000000014
2012-09,7,TVW3,0.75,0.35
2012-09,7,TVW3,0.9,0.14999999999999997
2012-09,8,TVW1,0.25,0.2000000000000001
2012-09,8,TVW1,0.5,0.4
2012-09,8,TVW1,0.75,0.39999999999999997
2012-09,8,TVW2,0.3333333333333333,0.20000000000000004
2012-09,8,TVW2,0.5,0.39999999999999997
2012-09,8,TVW2,0.6666666666666666,0.4000000000000001
2012-09,8,TVW3,0.1,1.0494139562391339e-17
2012-09,8,TVW3,0.25,0.15
2012-09,8,TVW3,0.5,0.35000000000000003
2012-09,8,TVW3,0.75,0.35
2012-09,8,TVW3,0.9,0.14999999999999997
2012-09,9,TVW1,0.25,0.2
2012-09,9,TVW1,0.5,0.4
2012-09,9,TVW1,0.75,0.4
2012-09,9,TVW2,0.3333333333333333,0.2
2012-09,9,TVW2,0.5,0.39999999999999997
2012-09,9,TVW2,0.6666666666666666,0.4
2012-09,9,TVW3,0.1,1.3281166682037694e-18
2012-09,9,TVW3,0.25,0.2000000000000001
2012-09,9,TVW3,0.5,0.3
2012-09,9,TVW3,0.75,0.35
2012-09,9,TVW3,0.9,0.15
2012-09,10,TVW1,0.25,0.2
2012-09,10,TVW1,0.5,0.4
2012-09,10,TVW1,0.75,0.39999999999999997
2012-09,10,TVW2,0.3333333333333333,0.20000000000000004
2012-09,10,TVW2,0.5,0.3999999999999999
2012-09,10,TVW2,0.6666666666666666,0.4000000000000001
2012-09,10,TVW3,0.1,6.16112861972766e-17
2012-09,10,TVW3,0.25,0.15000000000000027
2012-09,10,TVW3,0.5,0.49999999999999956
2012-09,10,TVW3,0.75,0.24176210673388576
2012-09,10,TVW3,0.9,0.10823789326611438
2012-09,11,TVW1,0.25,0.2
2012-09,11,TVW1,0.5,0.4
2012-09,11,TVW1,0.75,0.4
2012-09,11,TVW2,0.3333333333333333,0.20000000000000004
2012-09,11,TVW2,0.5,0.3999999999999999
2012-09,11,TVW2,0.6666666666666666,0.4000000000000001
2012-09,11,TVW3,0.1,0.1078212192350577
2012-09,11,TVW3,0.25,0.15
2012-09,11,TVW3,0.5,0.3
2012-09,11,TVW3,0.75,0.35
2012-09,11,TVW3,0.9,0.09217878076494239
2012-09,12,TVW1,0.25,0.2
2012-09,12,TVW1,0.5,0.4
2012-09,12,TVW1,0.75,0.39999999999999997
2012-09,12,TVW2,0.3333333333333333,0.20000000000000004
2012-09,12,TVW2,0.5,0.39999999999999997
2012-09,12,TVW2,0.6666666666666666,0.4000000000000001
2012-09,12,TVW3,0.1,4.332119598933743e-18
2012-09,12,TVW3,0.25,0.15
2012-09,12,TVW3,0.5,0.4067799722628654
2012-09,12,TVW3,0.75,0.35
2012-09,12,TVW3,0.9,0.09322002773713473
2012-09,13,TVW1,0.25,0.2
2012-09,13,TVW1,0.5,0.4
2012-09,13,TVW1,0.75,0.4
2012-09,13,TVW2,0.3333333333333333,0.2
2012-09,13,TVW2,0.5,0.4000000000000001
2012-09,13,TVW2,0.6666666666666666,0.4
2012-09,13,TVW3,0.1,0.09359132502946105
2012-09,13,TVW3,0.25,0.15
2012-09,13,TVW3,0.5,0.3
2012-09,13,TVW3,0.75,0.3499999999999999
2012-09,13,TVW3,0.9,0.10640867497053907
2012-10,1,TVW1,0.25,0.2000000000000001
2012-10,1,TVW1,0.5,0.4
2012-10,1,TVW1,0.75,0.39999999999999997
2012-10,1,TVW2,0.3333333333333333,0.2
2012-10,1,TVW2,0.5,0.4000000000000001
2012-10,1,TVW2,0.6666666666666666,0.4
2012-10,1,TVW3,0.1,0.0
2012-10,1,TVW3,0.25,0.15
2012-10,1,TVW3,0.5,0.35
2012-10,1,TVW3,0.75,0.35
2012-10,1,TVW3,0.9,0.15
2012-10,2,TVW1,0.25,0.2
2012-10,2,TVW1,0.5,0.4
2012-10,2,TVW1,0.75,0.4
2012-10,2,TVW2,0.3333333333333333,0.20000000000000004
2012-10,2,TVW2,0.5,0.3999999999999999
2012-10,2,TVW2,0.6666666666666666,0.4000000000000001
2012-10,2,TVW3,0.1,0.0
2012-10,2,TVW3,0.25,0.15
2012-10,2,TVW3,0.5,0.3500000000000001
2012-10,2,TVW3,0.75,0.35
2012-10,2,TVW3,0.9,0.15
2012-10,3,TVW1,0.25,0.2
2012-10,3,TVW1,0.5,0.4104984101151497
2012-10,3,TVW1,0.75,0.3895015898848503
2012-10,3,TVW2,0.3333333333333333,0.19999999999999993
2012-10,3,TVW2,0.5,0.4000000000000001
2012-10,3,TVW2,0.6666666666666666,0.39999999999999986
2012-10,3,TVW3,0.1,4.76680199172932e-18
2012-10,3,TVW3,0.25,0.15000000000000002
2012-10,3,TVW3,0.5,0.5
2012-10,3,TVW3,0.75,0.29981644070106384
2012-10,3,TVW3,0.9,0.05018355929893628
2012-10,4,TVW1,0.25,0.2
2012-10,4,TVW1,0.5,0.4
2012-10,4,TVW1,0.75,0.4
2012-10,4,TVW2,0.3333333333333333,0.2
2012-10,4,TVW2,0.5,0.4000000000000001
2012-10,4,TVW2,0.6666666666666666,0.4
2012-10,4,TVW3,0.1,1.3877787807814457e-17
2012-10,4,TVW3,0.25,0.20000000000000007
2012-10,4,TVW3,0.5,0.3
2012-10,4,TVW3,0.75,0.35
2012-10,4,TVW3,0.9,0.15
2012-10,5,TVW1,0.25,0.20000000000000004
2012-10,5,TVW1,0.5,0.4
2012-10,5,TVW1,0.75,0.4
2012-10,5,TVW2,0.3333333333333333,0.2
2012-10,5,TVW2,0.5,0.39999999999999997
2012-10,5,TVW2,0.6666666666666666,0.4
2012-10,5,TVW3,0.1,0.0
2012-10,5,TVW3,0.25,0.15000000000000002
2012-10,5,TVW3,0.5,0.430832400868442
2012-10,5,TVW3,0.75,0.35000000000000003
2012-10,5,TVW3,0.9,0.06916759913155804
2012-10,6,TVW1,0.25,0.2
2012-10,6,TVW1,0.5,0.4
2012-10,6,TVW1,0.75,0.4
2012-10,6,TVW2,0.3333333333333333,0.2
2012-10,6,TVW2,0.5,0.4000000000000001
2012-10,6,TVW2,0.6666666666666666,0.4
2012-10,6,TVW3,0.1,0.0
2012-10,6,TVW3,0.25,0.15
2012-10,6,TVW3,0.5,0.35000000000000164
2012-10,6,TVW3,0.75,0.34999999999999837
2012-10,6,TVW3,0.9,0.15
2012-10,7,TVW1,0.25,0.2
2012-10,7,TVW1,0.5,0.4
2012-10,7,TVW1,0.75,0.4
2012-10,7,TVW2,0.3333333333333333,0.20000000000000007
2012-10,7,TVW2,0.5,0.4
2012-10,7,TVW2,0.6666666666666666,0.4000000000000001
2012-10,7,TVW3,0.1,0.0
2012-10,7,TVW3,0.25,0.15
2012-10,7,TVW3,0.5,0.35000000000000003
2012-10,7,TVW3,0.75,0.35
2012-10,7,TVW3,0.9,0.15
2012-10,8,TVW1,0.25,0.20000000000000004
2012-10,8,TVW1,0.5,0.4
2012-10,8,TVW1,0.75,0.39999999999999997
2012-10,8,TVW2,0.3333333333333333,0.2
2012-10,8,TVW2,0.5,0.4000000000000001
2012-10,8,TVW2,0.6666666666666666,0.4
2012-10,8,TVW3,0.1,0.0
2012-10,8,TVW3,0.25,0.15000000000000002
2012-10,8,TVW3,0.5,0.35
2012-10,8,TVW3,0.75,0.35000000000000003
2012-10,8,TVW3,0.9,0.15000000000000002
2012-10,9,TVW1,0.25,0.2
2012-10,9,TVW1,0.5,0.4000000000000001
2012-10,9,TVW1,0.75,0.39999999999999997
2012-10,9,TVW2,0.3333333333333333,0.2
2012-10,9,TVW2,0.5,0.4
2012-10,9,TVW2,0.6666666666666666,0.4
2012-10,9,TVW3,0.1,0.0
2012-10,9,TVW3,0.25,0.15
2012-10,9,TVW3,0.5,0.35000000000000003
2012-10,9,TVW3,0.75,0.35
2012-10,9,TVW3,0.9,0.15
2012-10,10,TVW1,0.25,0.2
2012-10,10,TVW1,0.5,0.4
2012-10,10,TVW1,0.75,0.4
2012-10,10,TVW2,0.3333333333333333,0.2
2012-10,10,TVW2,0.5,0.4
2012-10,10,TVW2,0.6666666666666666,0.4
2012-10,10,TVW3,0.1,0.053485175623503016
2012-10,10,TVW3,0.25,0.15000000000000008
2012-10,10,TVW3,0.5,0.5
2012-10,10,TVW3,0.75,0.15
2012-10,10,TVW3,0.9,0.1465148243764969
2012-10,11,TVW1,0.25,0.20000000000000004
2012-10,11,TVW1,0.5,0.4
2012-10,11,TVW1,0.75,0.4
2012-10,11,TVW2,0.3333333333333333,0.20000000000000007
2012-10,11,TVW2,0.5,0.4
2012-10,11,TVW2,0.6666666666666666,0.39999999999999997
2012-10,11,TVW3,0.1,0.04999999999999999
2012-10,11,TVW3,0.25,0.15000000000000002
2012-10,11,TVW3,0.5,0.30000000000000004
2012-10,11,TVW3,0.75,0.35000000000000003
2012-10,11,TVW3,0.9,0.15
2012-10,12,TVW1,0.25,0.20000000000000004
2012-10,12,TVW1,0.5,0.4000000000000001
2012-10,12,TVW1,0.75,0.39999999999999986
2012-10,12,TVW2,0.3333333333333333,0.2
2012-10,12,TVW2,0.5,0.4
2012-10,12,TVW2,0.6666666666666666,0.39999999999999997
2012-10,12,TVW3,0.1,0.012786563517902597
2012-10,12,TVW3,0.25,0.15
2012-10,12,TVW3,0.5,0.3372134364820975
2012-10,12,TVW3,0.75,0.35
2012-10,12,TVW3,0.9,0.15
2012-10,13,TVW1,0.25,0.2
2012-10,13,TVW1,0.5,0.4
2012-10,13,TVW1,0.75,0.39999999999999997
2012-10,13,TVW2,0.3333333333333333,0.2
2012-10,13,TVW2,0.5,0.4
2012-10,13,TVW2,0.6666666666666666,0.4
2012-10,13,TVW3,0.1,0.09591620578289765
2012-10,13,TVW3,0.25,0.15
2012-10,13,TVW3,0.5,0.3000000000000001
2012-10,13,TVW3,0.75,0.35
2012-10,13,TVW3,0.9,0.1040837942171023
2012-11,1,TVW1,0.25,0.20000000000000004
2012-11,1,TVW1,0.5,0.4000000000000001
2012-11,1,TVW1,0.75,0.39999999999999997
2012-11,1,TVW2,0.3333333333333333,0.20000000000000004
2012-11,1,TVW2,0.5,0.4
2012-11,1,TVW2,0.6666666666666666,0.4
2012-11,1,TVW3,0.1,0.07860107292907856
2012-11,1,TVW3,0.25,0.14999999999999997
2012-11,1,TVW3,0.5,0.30000000000000004
2012-11,1,TVW3,0.75,0.34999999999999987
2012-11,1,TVW3,0.9,0.12139892707092158
2012-11,2,TVW1,0.25,0.2
2012-11,2,TVW1,0.5,0.4
2012-11,2,TVW1,0.75,0.4
2012-11,2,TVW2,0.3333333333333333,0.2
2012-11,2,TVW2,0.5,0.470743249084494
2012-11,2,TVW2,0.6666666666666666,0.3292567509155061
2012-11,2,TVW3,0.1,0.0
2012-11,2,TVW3,0.25,0.34398207072152925
2012-11,2,TVW3,0.5,0.2999999999999999
2012-11,2,TVW3,0.75,0.20601792927847104
2012-11,2,TVW3,0.9,0.14999999999999994
2012-11,3,TVW1,0.25,0.3858041481856391
2012-11,3,TVW1,0.5,0.41419585181436097
2012-11,3,TVW1,0.75,0.2
2012-11,3,TVW2,0.3333333333333333,0.29999999999999993
2012-11,3,TVW2,0.5,0.5
2012-11,3,TVW2,0.6666666666666666,0.2000000000000001
2012-11,3,TVW3,0.1,1.1758970635148573e-16
2012-11,3,TVW3,0.25,0.3451476466531877
2012-11,3,TVW3,0.5,0.5000000000000001
2012-11,3,TVW3,0.75,0.15000000000000002
2012-11,3,TVW3,0.9,0.004852353346812105
2012-11,4,TVW1,0.25,0.20352240485650427
2012-11,4,TVW1,0.5,0.4
2012-11,4,TVW1,0.75,0.39647759514349573
2012-11,4,TVW2,0.3333333333333333,0.22539296706094392
2012-11,4,TVW2,0.5,0.5
2012-11,4,TVW2,0.6666666666666666,0.27460703293905603
2012-11,4,TVW3,0.1,0.0
2012-11,4,TVW3,0.25,0.30415412412552967
2012-11,4,TVW3,0.5,0.3
2012-11,4,TVW3,0.75,0.35
2012-11,4,TVW3,0.9,0.045845875874470386
2012-11,5,TVW1,0.25,0.3186977218697875
2012-11,5,TVW1,0.5,0.3999999999999999
2012-11,5,TVW1,0.75,0.2813022781302126
2012-11,5,TVW2,0.3333333333333333,0.2
2012-11,5,TVW2,0.5,0.5
2012-11,5,TVW2,0.6666666666666666,0.30000000000000004
2012-11,5,TVW3,0.1,0.05000000000000021
2012-11,5,TVW3,0.25,0.3499999999999999
2012-11,5,TVW3,0.5,0.3
2012-11,5,TVW3,0.75,0.15
2012-11,5,TVW3,0.9,0.1499999999999999
2012-11,6,TVW1,0.25,0.2
2012-11,6,TVW1,0.5,0.4
2012-11,6,TVW1,0.75,0.4
2012-11,6,TVW2,0.3333333333333333,0.2
2012-11,6,TVW2,0.5,0.4000000000000001
2012-11,6,TVW2,0.6666666666666666,0.4
2012-11,6,TVW3,0.1,0.0
2012-11,6,TVW3,0.25,0.2569099802803562
2012-11,6,TVW3,0.5,0.3000000000000001
2012-11,6,TVW3,0.75,0.2954288508763518
2012-11,6,TVW3,0.9,0.14766116884329197
2012-11,7,TVW1,0.25,0.2
2012-11,7,TVW1,0.5,0.4
2012-11,7,TVW1,0.75,0.4
2012-11,7,TVW2,0.3333333333333333,0.2
2012-11,7,TVW2,0.5,0.39999999999999997
2012-11,7,TVW2,0.6666666666666666,0.4
2012-11,7,TVW3,0.1,2.4271340307398107e-17
2012-11,7,TVW3,0.25,0.15
2012-11,7,TVW3,0.5,0.47354936560325117
2012-11,7,TVW3,0.75,0.35
2012-11,7,TVW3,0.9,0.026450634396748874
2012-11,8,TVW1,0.25,0.2
2012-11,8,TVW1,0.5,0.4
2012-11,8,TVW1,0.75,0.4
2012-11,8,TVW2,0.3333333333333333,0.30000000000000027
2012-11,8,TVW2,0.5,0.3
2012-11,8,TVW2,0.6666666666666666,0.3999999999999998
2012-11,8,TVW3,0.1,0.1289079434403108
2012-11,8,TVW3,0.25,0.15000000000000002
2012-11,8,TVW3,0.5,0.30000000000000016
2012-11,8,TVW3,0.75,0.2710920565596891
2012-11,8,TVW3,0.9,0.15
2012-11,9,TVW1,0.25,0.2
2012-11,9,TVW1,0.5,0.4866582973932799
2012-11,9,TVW1,0.75,0.31334170260672006
2012-11,9,TVW2,0.3333333333333333,0.2
2012-11,9,TVW2,0.5,0.5
2012-11,9,TVW2,0.6666666666666666,0.3
2012-11,9,TVW3,0.1,0.021381062660444896
2012-11,9,TVW3,0.25,0.14999999999999997
2012-11,9,TVW3,0.5,0.4999999999999999
2012-11,9,TVW3,0.75,0.3286189373395553
2012-11,9,TVW3,0.9,0.0
2012-11,10,TVW1,0.25,0.35171922504845965
2012-11,10,TVW1,0.5,0.4
2012-11,10,TVW1,0.75,0.24828077495154025
2012-11,10,TVW2,0.3333333333333333,0.39999999999999997
2012-11,10,TVW2,0.5,0.39999999999999997
2012-11,10,TVW2,0.6666666666666666,0.2
2012-11,10,TVW3,0.1,0.15
2012-11,10,TVW3,0.25,0.20648817082491333
2012-11,10,TVW3,0.5,0.3
2012-11,10,TVW3,0.75,0.3435118291750867
2012-11,10,TVW3,0.9,0.0
2012-11,11,TVW1,0.25,0.2643938098294579
2012-11,11,TVW1,0.5,0.4
2012-11,11,TVW1,0.75,0.3356061901705421
2012-11,11,TVW2,0.3333333333333333,0.20000000000000007
2012-11,11,TVW2,0.5,0.39999999999999997
2012-11,11,TVW2,0.6666666666666666,0.4
2012-11,11,TVW3,0.1,0.15000000000000002
2012-11,11,TVW3,0.25,0.19999999999999998
2012-11,11,TVW3,0.5,0.30000000000000004
2012-11,11,TVW3,0.75,0.35000000000000003
2012-11,11,TVW3,0.9,1.7183429694769968e-17
2012-11,12,TVW1,0.25,0.2
2012-11,12,TVW1,0.5,0.4
2012-11,12,TVW1,0.75,0.39999999999999997
2012-11,12,TVW2,0.3333333333333333,0.2
2012-11,12,TVW2,0.5,0.4
2012-11,12,TVW2,0.6666666666666666,0.4
2012-11,12,TVW3,0.1,0.008098443169492492
2012-11,12,TVW3,0.25,0.15
2012-11,12,TVW3,0.5,0.4919015568305077
2012-11,12,TVW3,0.75,0.35
2012-11,12,TVW3,0.9,4.355931684550056e-17
2012-11,13,TVW1,0.25,0.29257275160383056
2012-11,13,TVW1,0.5,0.3999999999999999
2012-11,13,TVW1,0.75,0.3074272483961695
2012-11,13,TVW2,0.3333333333333333,0.3
2012-11,13,TVW2,0.5,0.30000000000000004
2012-11,13,TVW2,0.6666666666666666,0.4
2012-11,13,TVW3,0.1,0.14999999999999997
2012-11,13,TVW3,0.25,0.19000210899360187
2012-11,13,TVW3,0.5,0.30000000000000004
2012-11,13,TVW3,0.75,0.3499999999999998
2012-11,13,TVW3,0.9,0.00999789100639824
2012-12,1,TVW1,0.25,0.2054183865617737
2012-12,1,TVW1,0.5,0.4
2012-12,1,TVW1,0.75,0.39458161343822623
2012-12,1,TVW2,0.3333333333333333,0.30000000000000016
2012-12,1,TVW2,0.5,0.3
2012-12,1,TVW2,0.6666666666666666,0.3999999999999999
2012-12,1,TVW3,0.1,0.1485854752276803
2012-12,1,TVW3,0.25,0.15
2012-12,1,TVW3,0.5,0.30000000000000027
2012-12,1,TVW3,0.75,0.25141452477231946
2012-12,1,TVW3,0.9,0.15
2012-12,2,TVW1,0.25,0.20000000000000004
2012-12,2,TVW1,0.5,0.5925585504819827
2012-12,2,TVW1,0.75,0.20744144951801738
2012-12,2,TVW2,0.3333333333333333,0.2312144217526704
2012-12,2,TVW2,0.5,0.5000000000000001
2012-12,2,TVW2,0.6666666666666666,0.26878557824732957
2012-12,2,TVW3,0.1,0.0708036700998526
2012-12,2,TVW3,0.25,0.32919632990014747
2012-12,2,TVW3,0.5,0.3
2012-12,2,TVW3,0.75,0.15
2012-12,2,TVW3,0.9,0.15
2012-12,3,TVW1,0.25,0.4
2012-12,3,TVW1,0.5,0.4
2012-12,3,TVW1,0.75,0.2
2012-12,3,TVW2,0.3333333333333333,0.30000000000000004
2012-12,3,TVW2,0.5,0.49999999999999994
2012-12,3,TVW2,0.6666666666666666,0.20000000000000007
2012-12,3,TVW3,0.1,5.204170427930422e-18
2012-12,3,TVW3,0.25,0.35000000000000003
2012-12,3,TVW3,0.5,0.5
2012-12,3,TVW3,0.75,0.15000000000000005
2012-12,3,TVW3,0.9,1.725979336720774e-17
2012-12,4,TVW1,0.25,0.20000000000000004
2012-12,4,TVW1,0.5,0.6
2012-12,4,TVW1,0.75,0.20000000000000007
2012-12,4,TVW2,0.3333333333333333,0.29309137318483575
2012-12,4,TVW2,0.5,0.5
2012-12,4,TVW2,0.6666666666666666,0.20690862681516434
2012-12,4,TVW3,0.1,0.12390362458233974
2012-12,4,TVW3,0.25,0.15000000000000005
2012-12,4,TVW3,0.5,0.49999999999999994
2012-12,4,TVW3,0.75,0.15
2012-12,4,TVW3,0.9,0.07609637541766032
2012-12,5,TVW1,0.25,0.38486036659109446
2012-12,5,TVW1,0.5,0.4000000000000001
2012-12,5,TVW1,0.75,0.21513963340890546
2012-12,5,TVW2,0.3333333333333333,0.3504453562053684
2012-12,5,TVW2,0.5,0.30000000000000016
2012-12,5,TVW2,0.6666666666666666,0.34955464379463147
2012-12,5,TVW3,0.1,0.08246765037434774
2012-12,5,TVW3,0.25,0.35
2012-12,5,TVW3,0.5,0.3000000000000001
2012-12,5,TVW3,0.75,0.15000000000000008
2012-12,5,TVW3,0.9,0.11753234962565218
2012-12,6,TVW1,0.25,0.2
2012-12,6,TVW1,0.5,0.4
2012-12,6,TVW1,0.75,0.39999999999999997
2012-12,6,TVW2,0.3333333333333333,0.2
2012-12,6,TVW2,0.5,0.40000000000000013
2012-12,6,TVW2,0.6666666666666666,0.4
2012-12,6,TVW3,0.1,0.15
2012-12,6,TVW3,0.25,0.15223267405610097
2012-12,6,TVW3,0.5,0.30000000000000004
2012-12,6,TVW3,0.75,0.24776732594389914
2012-12,6,TVW3,0.9,0.15000000000000002
2012-12,7,TVW1,0.25,0.2
2012-12,7,TVW1,0.5,0.41032538894188725
2012-12,7,TVW1,0.75,0.38967461105811274
2012-12,7,TVW2,0.3333333333333333,0.2
2012-12,7,TVW2,0.5,0.39999999999999997
2012-12,7,TVW2,0.6666666666666666,0.4
2012-12,7,TVW3,0.1,5.570153079713477e-17
2012-12,7,TVW3,0.25,0.15000000000000008
2012-12,7,TVW3,0.5,0.49999999999999983
2012-12,7,TVW3,0.75,0.3499999999999998
2012-12,7,TVW3,0.9,1.1492543028346345e-16
2012-12,8,TVW1,0.25,0.22721859386315185
2012-12,8,TVW1,0.5,0.4000000000000001
2012-12,8,TVW1,0.75,0.37278140613684807
2012-12,8,TVW2,0.3333333333333333,0.20000000000000004
2012-12,8,TVW2,0.5,0.4000000000000001
2012-12,8,TVW2,0.6666666666666666,0.4
2012-12,8,TVW3,0.1,0.15
2012-12,8,TVW3,0.25,0.1543601546258424
2012-12,8,TVW3,0.5,0.3
2012-12,8,TVW3,0.75,0.24563984537415764
2012-12,8,TVW3,0.9,0.15
2012-12,9,TVW1,0.25,0.3711537648106234
2012-12,9,TVW1,0.5,0.4000000000000001
2012-12,9,TVW1,0.75,0.2288462351893766
2012-12,9,TVW2,0.3333333333333333,0.33877892601258025
2012-12,9,TVW2,0.5,0.3
2012-12,9,TVW2,0.6666666666666666,0.36122107398741987
2012-12,9,TVW3,0.1,0.14999999999999997
2012-12,9,TVW3,0.25,0.2719488893201424
2012-12,9,TVW3,0.5,0.29999999999999993
2012-12,9,TVW3,0.75,0.15
2012-12,9,TVW3,0.9,0.12805111067985764
2012-12,10,TVW1,0.25,0.4
2012-12,10,TVW1,0.5,0.4
2012-12,10,TVW1,0.75,0.2
2012-12,10,TVW2,0.3333333333333333,0.3999999999999999
2012-12,10,TVW2,0.5,0.3999999999999997
2012-12,10,TVW2,0.6666666666666666,0.20000000000000026
2012-12,10,TVW3,0.1,0.15
2012-12,10,TVW3,0.25,0.20000000000000012
2012-12,10,TVW3,0.5,0.5
2012-12,10,TVW3,0.75,0.15
2012-12,10,TVW3,0.9,0.0
2012-12,11,TVW1,0.25,0.35575803606435386
2012-12,11,TVW1,0.5,0.4
2012-12,11,TVW1,0.75,0.24424196393564618
2012-12,11,TVW2,0.3333333333333333,0.3223168904499431
2012-12,11,TVW2,0.5,0.29999999999999993
2012-12,11,TVW2,0.6666666666666666,0.37768310955005685
2012-12,11,TVW3,0.1,0.15
2012-12,11,TVW3,0.25,0.21195721771928852
2012-12,11,TVW3,0.5,0.3
2012-12,11,TVW3,0.75,0.33804278228071155
2012-12,11,TVW3,0.9,2.754533191269205e-17
2012-12,12,TVW1,0.25,0.2564301976636054
2012-12,12,TVW1,0.5,0.3999999999999999
2012-12,12,TVW1,0.75,0.34356980233639456
2012-12,12,TVW2,0.3333333333333333,0.3
2012-12,12,TVW2,0.5,0.3
2012-12,12,TVW2,0.6666666666666666,0.4
2012-12,12,TVW3,0.1,1.3165964585848818e-16
2012-12,12,TVW3,0.25,0.33040582659334033
2012-12,12,TVW3,0.5,0.30000000000000004
2012-12,12,TVW3,0.75,0.35
2012-12,12,TVW3,0.9,0.01959417340665962
2012-12,13,TVW1,0.25,0.33708648656733314
2012-12,13,TVW1,0.5,0.4
2012-12,13,TVW1,0.75,0.2629135134326669
2012-12,13,TVW2,0.3333333333333333,0.30872620753375385
2012-12,13,TVW2,0.5,0.4912737924662462
2012-12,13,TVW2,0.6666666666666666,0.20000000000000004
2012-12,13,TVW3,0.1,0.15
2012-12,13,TVW3,0.25,0.20000000000000012
2012-12,13,TVW3,0.5,0.3
2012-12,13,TVW3,0.75,0.35
2012-12,13,TVW3,0.9,0.0
2013-01,1,TVW1,0.25,0.2
2013-01,1,TVW1,0.5,0.4
2013-01,1,TVW1,0.75,0.4
2013-01,1,TVW2,0.3333333333333333,0.20000000000000004
2013-01,1,TVW2,0.5,0.4
2013-01,1,TVW2,0.6666666666666666,0.4
2013-01,1,TVW3,0.1,8.13182503176311e-17
2013-01,1,TVW3,0.25,0.15000000000000008
2013-01,1,TVW3,0.5,0.47852780585694077
2013-01,1,TVW3,0.75,0.35
2013-01,1,TVW3,0.9,0.021472194143059176
2013-01,2,TVW1,0.25,0.20000000000000018
2013-01,2,TVW1,0.5,0.4
2013-01,2,TVW1,0.75,0.3999999999999999
2013-01,2,TVW2,0.3333333333333333,0.30000000000000004
2013-01,2,TVW2,0.5,0.30000000000000004
2013-01,2,TVW2,0.6666666666666666,0.39999999999999986
2013-01,2,TVW3,0.1,0.04999999999999969
2013-01,2,TVW3,0.25,0.15000000000000036
2013-01,2,TVW3,0.5,0.30000000000000016
2013-01,2,TVW3,0.75,0.3499999999999998
2013-01,2,TVW3,0.9,0.14999999999999997
2013-01,3,TVW1,0.25,0.20000000000000004
2013-01,3,TVW1,0.5,0.4
2013-01,3,TVW1,0.75,0.4
2013-01,3,TVW2,0.3333333333333333,0.30000000000000004
2013-01,3,TVW2,0.5,0.30000000000000004
2013-01,3,TVW2,0.6666666666666666,0.39999999999999997
2013-01,3,TVW3,0.1,0.11668334456977122
2013-01,3,TVW3,0.25,0.14999999999999997
2013-01,3,TVW3,0.5,0.3
2013-01,3,TVW3,0.75,0.2833166554302288
2013-01,3,TVW3,0.9,0.14999999999999997
2013-01,4,TVW1,0.25,0.2
2013-01,4,TVW1,0.5,0.4
2013-01,4,TVW1,0.75,0.4
2013-01,4,TVW2,0.3333333333333333,0.2
2013-01,4,TVW2,0.5,0.40000000000000013
2013-01,4,TVW2,0.6666666666666666,0.4
2013-01,4,TVW3,0.1,0.0
2013-01,4,TVW3,0.25,0.2062949666351748
2013-01,4,TVW3,0.5,0.4937050333648253
2013-01,4,TVW3,0.75,0.15
2013-01,4,TVW3,0.9,0.15
2013-01,5,TVW1,0.25,0.2
2013-01,5,TVW1,0.5,0.4
2013-01,5,TVW1,0.75,0.39999999999999997
2013-01,5,TVW2,0.3333333333333333,0.3
2013-01,5,TVW2,0.5,0.30000000000000004
2013-01,5,TVW2,0.6666666666666666,0.4
2013-01,5,TVW3,0.1,0.15
2013-01,5,TVW3,0.25,0.20168112724079829
2013-01,5,TVW3,0.5,0.3
2013-01,5,TVW3,0.75,0.19831887275920182
2013-01,5,TVW3,0.9,0.15
2013-01,6,TVW1,0.25,0.20000000000000012
2013-01,6,TVW1,0.5,0.4
2013-01,6,TVW1,0.75,0.3999999999999999
2013-01,6,TVW2,0.3333333333333333,0.2
2013-01,6,TVW2,0.5,0.4000000000000001
2013-01,6,TVW2,0.6666666666666666,0.39999999999999997
2013-01,6,TVW3,0.1,0.050000000000000065
2013-01,6,TVW3,0.25,0.15
2013-01,6,TVW3,0.5,0.3
2013-01,6,TVW3,0.75,0.35
2013-01,6,TVW3,0.9,0.15
2013-01,7,TVW1,0.25,0.2
2013-01,7,TVW1,0.5,0.41428612046940416
2013-01,7,TVW1,0.75,0.3857138795305958
2013-01,7,TVW2,0.3333333333333333,0.2
2013-01,7,TVW2,0.5,0.4
2013-01,7,TVW2,0.6666666666666666,0.4
2013-01,7,TVW3,0.1,0.0
2013-01,7,TVW3,0.25,0.18608629169425792
2013-01,7,TVW3,0.5,0.5000000000000002
2013-01,7,TVW3,0.75,0.16391370830574192
2013-01,7,TVW3,0.9,0.15000000000000005
2013-01,8,TVW1,0.25,0.2
2013-01,8,TVW1,0.5,0.456102444813533
2013-01,8,TVW1,0.75,0.343897555186467
2013-01,8,TVW2,0.3333333333333333,0.20000000000000004
2013-01,8,TVW2,0.5,0.39999999999999997
2013-01,8,TVW2,0.6666666666666666,0.4
2013-01,8,TVW3,0.1,0.04929127397932637
2013-01,8,TVW3,0.25,0.15000000000000002
2013-01,8,TVW3,0.5,0.49999999999999994
2013-01,8,TVW3,0.75,0.15070872602067376
2013-01,8,TVW3,0.9,0.15
2013-01,9,TVW1,0.25,0.20000000000000007
2013-01,9,TVW1,0.5,0.4
2013-01,9,TVW1,0.75,0.4
2013-01,9,TVW2,0.3333333333333333,0.2
2013-01,9,TVW2,0.5,0.4
2013-01,9,TVW2,0.6666666666666666,0.4
2013-01,9,TVW3,0.1,0.09372648328594281
2013-01,9,TVW3,0.25,0.15
2013-01,9,TVW3,0.5,0.3
2013-01,9,TVW3,0.75,0.30627351671405734
2013-01,9,TVW3,0.9,0.15
2013-01,10,TVW1,0.25,0.2000000000000001
2013-01,10,TVW1,0.5,0.5999999999999999
2013-01,10,TVW1,0.75,0.19999999999999996
2013-01,10,TVW2,0.3333333333333333,0.2807839276801186
2013-01,10,TVW2,0.5,0.4999999999999999
2013-01,10,TVW2,0.6666666666666666,0.2192160723198815
2013-01,10,TVW3,0.1,0.14999999999999994
2013-01,10,TVW3,0.25,0.1500000000000001
2013-01,10,TVW3,0.5,0.42027382593299434
2013-01,10,TVW3,0.75,0.2679440737204565
2013-01,10,TVW3,0.9,0.011782100346548972
2013-01,11,TVW1,0.25,0.20702546059733862
2013-01,11,TVW1,0.5,0.4
2013-01,11,TVW1,0.75,0.39297453940266147
2013-01,11,TVW2,0.3333333333333333,0.20000000000000007
2013-01,11,TVW2,0.5,0.39999999999999997
2013-01,11,TVW2,0.6666666666666666,0.4
2013-01,11,TVW3,0.1,0.15
2013-01,11,TVW3,0.25,0.15
2013-01,11,TVW3,0.5,0.3500000000000001
2013-01,11,TVW3,0.75,0.35
2013-01,11,TVW3,0.9,0.0
2013-01,12,TVW1,0.25,0.2
2013-01,12,TVW1,0.5,0.4
2013-01,12,TVW1,0.75,0.4
2013-01,12,TVW2,0.3333333333333333,0.2651600023498967
2013-01,12,TVW2,0.5,0.33483999765010336
2013-01,12,TVW2,0.6666666666666666,0.4000000000000001
2013-01,12,TVW3,0.1,7.892991815694474e-17
2013-01,12,TVW3,0.25,0.15000000000000013
2013-01,12,TVW3,0.5,0.4999999999999999
2013-01,12,TVW3,0.75,0.3499999999999999
2013-01,12,TVW3,0.9,4.3801767768414385e-17
2013-01,13,TVW1,0.25,0.2
2013-01,13,TVW1,0.5,0.4
2013-01,13,TVW1,0.75,0.4
2013-01,13,TVW2,0.3333333333333333,0.19999999999999996
2013-01,13,TVW2,0.5,0.40000000000000013
2013-01,13,TVW2,0.6666666666666666,0.39999999999999986
2013-01,13,TVW3,0.1,0.13265587375521806
2013-01,13,TVW3,0.25,0.15
2013-01,13,TVW3,0.5,0.3
2013-01,13,TVW3,0.75,0.35
2013-01,13,TVW3,0.9,0.06734412624478199
2013-02,1,TVW1,0.25,0.2
2013-02,1,TVW1,0.5,0.4
2013-02,1,TVW1,0.75,0.4
2013-02,1,TVW2,0.3333333333333333,0.2836620417164152
2013-02,1,TVW2,0.5,0.31633795828358485
2013-02,1,TVW2,0.6666666666666666,0.4
2013-02,1,TVW3,0.1,0.11610744686973239
2013-02,1,TVW3,0.25,0.15000000000000002
2013-02,1,TVW3,0.5,0.30000000000000004
2013-02,1,TVW3,0.75,0.35000000000000003
2013-02,1,TVW3,0.9,0.08389255313026744
2013-02,2,TVW1,0.25,0.20000000000000004
2013-02,2,TVW1,0.5,0.4
2013-02,2,TVW1,0.75,0.39999999999999997
2013-02,2,TVW2,0.3333333333333333,0.24202025933122695
2013-02,2,TVW2,0.5,0.35797974066877314
2013-02,2,TVW2,0.6666666666666666,0.4
2013-02,2,TVW3,0.1,0.07976314441329105
2013-02,2,TVW3,0.25,0.14999999999999997
2013-02,2,TVW3,0.5,0.29999999999999993
2013-02,2,TVW3,0.75,0.32023685558670917
2013-02,2,TVW3,0.9,0.14999999999999997
2013-02,3,TVW1,0.25,0.2
2013-02,3,TVW1,0.5,0.4
2013-02,3,TVW1,0.75,0.4
2013-02,3,TVW2,0.3333333333333333,0.3000000000000001
2013-02,3,TVW2,0.5,0.3
2013-02,3,TVW2,0.6666666666666666,0.39999999999999997
2013-02,3,TVW3,0.1,0.14999999999999997
2013-02,3,TVW3,0.25,0.15
2013-02,3,TVW3,0.5,0.29999999999999993
2013-02,3,TVW3,0.75,0.25000000000000006
2013-02,3,TVW3,0.9,0.14999999999999997
2013-02,4,TVW1,0.25,0.2
2013-02,4,TVW1,0.5,0.5321105997128927
2013-02,4,TVW1,0.75,0.26788940028710734
2013-02,4,TVW2,0.3333333333333333,0.20000000000000004
2013-02,4,TVW2,0.5,0.4292956458579834
2013-02,4,TVW2,0.6666666666666666,0.37070435414201663
2013-02,4,TVW3,0.1,0.0
2013-02,4,TVW3,0.25,0.3499999999999999
2013-02,4,TVW3,0.5,0.3599627700033208
2013-02,4,TVW3,0.75,0.14999999999999997
2013-02,4,TVW3,0.9,0.1400372299966793
2013-02,5,TVW1,0.25,0.20000000000000004
2013-02,5,TVW1,0.5,0.5237315905123814
2013-02,5,TVW1,0.75,0.27626840948761866
2013-02,5,TVW2,0.3333333333333333,0.23230233711231124
2013-02,5,TVW2,0.5,0.5
2013-02,5,TVW2,0.6666666666666666,0.2676976628876889
2013-02,5,TVW3,0.1,0.15
2013-02,5,TVW3,0.25,0.25000000000000006
2013-02,5,TVW3,0.5,0.3
2013-02,5,TVW3,0.75,0.15
2013-02,5,TVW3,0.9,0.15
2013-02,6,TVW1,0.25,0.20000000000000004
2013-02,6,TVW1,0.5,0.4
2013-02,6,TVW1,0.75,0.4
2013-02,6,TVW2,0.3333333333333333,0.2
2013-02,6,TVW2,0.5,0.4000000000000001
2013-02,6,TVW2,0.6666666666666666,0.4
2013-02,6,TVW3,0.1,0.05000000000000017
2013-02,6,TVW3,0.25,0.14999999999999997
2013-02,6,TVW3,0.5,0.29999999999999993
2013-02,6,TVW3,0.75,0.3499999999999999
2013-02,6,TVW3,0.9,0.14999999999999997
2013-02,7,TVW1,0.25,0.2
2013-02,7,TVW1,0.5,0.4449064281564273
2013-02,7,TVW1,0.75,0.3550935718435727
2013-02,7,TVW2,0.3333333333333333,0.2
2013-02,7,TVW2,0.5,0.39999999999999997
2013-02,7,TVW2,0.6666666666666666,0.39999999999999997
2013-02,7,TVW3,0.1,8.09092575582142e-19
2013-02,7,TVW3,0.25,0.1500000000000001
2013-02,7,TVW3,0.5,0.49999999999999994
2013-02,7,TVW3,0.75,0.32965617283557525
2013-02,7,TVW3,0.9,0.020343827164424875
2013-02,8,TVW1,0.25,0.2
2013-02,8,TVW1,0.5,0.4
2013-02,8,TVW1,0.75,0.39999999999999997
2013-02,8,TVW2,0.3333333333333333,0.278118741033656
2013-02,8,TVW2,0.5,0.32188125896634395
2013-02,8,TVW2,0.6666666666666666,0.4
2013-02,8,TVW3,0.1,0.03284827185583136
2013-02,8,TVW3,0.25,0.15
2013-02,8,TVW3,0.5,0.49999999999999983
2013-02,8,TVW3,0.75,0.16715172814416876
2013-02,8,TVW3,0.9,0.15
2013-02,9,TVW1,0.25,0.20000000000000004
2013-02,9,TVW1,0.5,0.4
2013-02,9,TVW1,0.75,0.4
2013-02,9,TVW2,0.3333333333333333,0.20000000000000004
2013-02,9,TVW2,0.5,0.4000000000000001
2013-02,9,TVW2,0.6666666666666666,0.4
2013-02,9,TVW3,0.1,0.10678096781997184
2013-02,9,TVW3,0.25,0.15000000000000002
2013-02,9,TVW3,0.5,0.3
2013-02,9,TVW3,0.75,0.2932190321800283
2013-02,9,TVW3,0.9,0.15
2013-02,10,TVW1,0.25,0.39126315479613166
2013-02,10,TVW1,0.5,0.4
2013-02,10,TVW1,0.75,0.20873684520386834
2013-02,10,TVW2,0.3333333333333333,0.29999999999999993
2013-02,10,TVW2,0.5,0.5
2013-02,10,TVW2,0.6666666666666666,0.2
2013-02,10,TVW3,0.1,0.15
2013-02,10,TVW3,0.25,0.26698041506159104
2013-02,10,TVW3,0.5,0.3
2013-02,10,TVW3,0.75,0.28301958493840895
2013-02,10,TVW3,0.9,4.407627266408193e-18
2013-02,11,TVW1,0.25,0.20436406062952764
2013-02,11,TVW1,0.5,0.3999999999999999
2013-02,11,TVW1,0.75,0.3956359393704723
2013-02,11,TVW2,0.3333333333333333,0.21464785520960694
2013-02,11,TVW2,0.5,0.38535214479039304
2013-02,11,TVW2,0.6666666666666666,0.4
2013-02,11,TVW3,0.1,0.15
2013-02,11,TVW3,0.25,0.15000000000000027
2013-02,11,TVW3,0.5,0.34999999999999976
2013-02,11,TVW3,0.75,0.35
2013-02,11,TVW3,0.9,0.0
2013-02,12,TVW1,0.25,0.20519395090989923
2013-02,12,TVW1,0.5,0.4
2013-02,12,TVW1,0.75,0.39480604909010086
2013-02,12,TVW2,0.3333333333333333,0.2853571521788674
2013-02,12,TVW2,0.5,0.31464284782113267
2013-02,12,TVW2,0.6666666666666666,0.39999999999999997
2013-02,12,TVW3,0.1,0.12568830600709802
2013-02,12,TVW3,0.25,0.1500000000000001
2013-02,12,TVW3,0.5,0.3
2013-02,12,TVW3,0.75,0.3499999999999999
2013-02,12,TVW3,0.9,0.07431169399290213
2013-02,13,TVW1,0.25,0.2765340950832741
2013-02,13,TVW1,0.5,0.4
2013-02,13,TVW1,0.75,0.3234659049167259
2013-02,13,TVW2,0.3333333333333333,0.30000000000000004
2013-02,13,TVW2,0.5,0.30000000000000004
2013-02,13,TVW2,0.6666666666666666,0.39999999999999997
2013-02,13,TVW3,0.1,0.14999999999999994
2013-02,13,TVW3,0.25,0.17963211054959025
2013-02,13,TVW3,0.5,0.3000000000000001
2013-02,13,TVW3,0.75,0.35000000000000003
2013-02,13,TVW3,0.9,0.020367889450409685
2013-03,1,TVW1,0.25,0.2
2013-03,1,TVW1,0.5,0.4000000000000001
2013-03,1,TVW1,0.75,0.39999999999999997
2013-03,1,TVW2,0.3333333333333333,0.2
2013-03,1,TVW2,0.5,0.40000000000000013
2013-03,1,TVW2,0.6666666666666666,0.4
2013-03,1,TVW3,0.1,0.0631962849653727
2013-03,1,TVW3,0.25,0.15
2013-03,1,TVW3,0.5,0.389980553554154
2013-03,1,TVW3,0.75,0.35
2013-03,1,TVW3,0.9,0.04682316148047336
2013-03,2,TVW1,0.25,0.2
2013-03,2,TVW1,0.5,0.4
2013-03,2,TVW1,0.75,0.4
2013-03,2,TVW2,0.3333333333333333,0.2895515570923123
2013-03,2,TVW2,0.5,0.3104484429076878
2013-03,2,TVW2,0.6666666666666666,0.39999999999999997
2013-03,2,TVW3,0.1,0.10264473904421476
2013-03,2,TVW3,0.25,0.15
2013-03,2,TVW3,0.5,0.3
2013-03,2,TVW3,0.75,0.2973552609557854
2013-03,2,TVW3,0.9,0.15
2013-03,3,TVW1,0.25,0.20000000000000004
2013-03,3,TVW1,0.5,0.4
2013-03,3,TVW1,0.75,0.39999999999999997
2013-03,3,TVW2,0.3333333333333333,0.3
2013-03,3,TVW2,0.5,0.30000000000000004
2013-03,3,TVW2,0.6666666666666666,0.4000000000000001
2013-03,3,TVW3,0.1,0.14935969752678566
2013-03,3,TVW3,0.25,0.14999999999999997
2013-03,3,TVW3,0.5,0.29999999999999993
2013-03,3,TVW3,0.75,0.2506403024732145
2013-03,3,TVW3,0.9,0.14999999999999997
2013-03,4,TVW1,0.25,0.21598015405375906
2013-03,4,TVW1,0.5,0.4
2013-03,4,TVW1,0.75,0.384019845946241
2013-03,4,TVW2,0.3333333333333333,0.3000000000000001
2013-03,4,TVW2,0.5,0.3
2013-03,4,TVW2,0.6666666666666666,0.4
2013-03,4,TVW3,0.1,0.14999999999999997
2013-03,4,TVW3,0.25,0.14999999999999997
2013-03,4,TVW3,0.5,0.29999999999999993
2013-03,4,TVW3,0.75,0.3499999999999999
2013-03,4,TVW3,0.9,0.05000000000000029
2013-03,5,TVW1,0.25,0.20000000000000007
2013-03,5,TVW1,0.5,0.6
2013-03,5,TVW1,0.75,0.20000000000000007
2013-03,5,TVW2,0.3333333333333333,0.2
2013-03,5,TVW2,0.5,0.5
2013-03,5,TVW2,0.6666666666666666,0.3
2013-03,5,TVW3,0.1,0.14999999999999994
2013-03,5,TVW3,0.25,0.189263568679913
2013-03,5,TVW3,0.5,0.36073643132008704
2013-03,5,TVW3,0.75,0.14999999999999997
2013-03,5,TVW3,0.9,0.14999999999999997
2013-03,6,TVW1,0.25,0.2
2013-03,6,TVW1,0.5,0.4
2013-03,6,TVW1,0.75,0.4
2013-03,6,TVW2,0.3333333333333333,0.20000000000000004
2013-03,6,TVW2,0.5,0.4000000000000001
2013-03,6,TVW2,0.6666666666666666,0.39999999999999997
2013-03,6,TVW3,0.1,0.007861093183611546
2013-03,6,TVW3,0.25,0.15
2013-03,6,TVW3,0.5,0.3421389068163885
2013-03,6,TVW3,0.75,0.35
2013-03,6,TVW3,0.9,0.15
2013-03,7,TVW1,0.25,0.2
2013-03,7,TVW1,0.5,0.4
2013-03,7,TVW1,0.75,0.4
2013-03,7,TVW2,0.3333333333333333,0.20000000000000004
2013-03,7,TVW2,0.5,0.3999999999999999
2013-03,7,TVW2,0.6666666666666666,0.4000000000000001
2013-03,7,TVW3,0.1,0.0
2013-03,7,TVW3,0.25,0.31052490792535503
2013-03,7,TVW3,0.5,0.30000000000000004
2013-03,7,TVW3,0.75,0.23947509207464496
2013-03,7,TVW3,0.9,0.15
2013-03,8,TVW1,0.25,0.2
2013-03,8,TVW1,0.5,0.4
2013-03,8,TVW1,0.75,0.4
2013-03,8,TVW2,0.3333333333333333,0.3000000000000001
2013-03,8,TVW2,0.5,0.30000000000000004
2013-03,8,TVW2,0.6666666666666666,0.3999999999999999
2013-03,8,TVW3,0.1,0.10146672646702226
2013-03,8,TVW3,0.25,0.1500000000000001
2013-03,8,TVW3,0.5,0.3000000000000001
2013-03,8,TVW3,0.75,0.35000000000000003
2013-03,8,TVW3,0.9,0.09853327353297753
2013-03,9,TVW1,0.25,0.20000000000000004
2013-03,9,TVW1,0.5,0.4
2013-03,9,TVW1,0.75,0.4
2013-03,9,TVW2,0.3333333333333333,0.2000000000000001
2013-03,9,TVW2,0.5,0.39999999999999986
2013-03,9,TVW2,0.6666666666666666,0.4000000000000001
2013-03,9,TVW3,0.1,0.09456640971570288
2013-03,9,TVW3,0.25,0.14999999999999997
2013-03,9,TVW3,0.5,0.29999999999999993
2013-03,9,TVW3,0.75,0.30543359028429734
2013-03,9,TVW3,0.9,0.14999999999999997
2013-03,10,TVW1,0.25,0.32918504534932147
2013-03,10,TVW1,0.5,0.4
2013-03,10,TVW1,0.75,0.2708149546506786
2013-03,10,TVW2,0.3333333333333333,0.25037614576754635
2013-03,10,TVW2,0.5,0.5
2013-03,10,TVW2,0.6666666666666666,0.2496238542324537
2013-03,10,TVW3,0.1,0.15
2013-03,10,TVW3,0.25,0.200337692140434
2013-03,10,TVW3,0.5,0.3
2013-03,10,TVW3,0.75,0.3496623078595661
2013-03,10,TVW3,0.9,2.3862144572360688e-17
2013-03,11,TVW1,0.25,0.2
2013-03,11,TVW1,0.5,0.4
2013-03,11,TVW1,0.75,0.4
2013-03,11,TVW2,0.3333333333333333,0.2
2013-03,11,TVW2,0.5,0.4
2013-03,11,TVW2,0.6666666666666666,0.4
2013-03,11,TVW3,0.1,0.15000000000000002
2013-03,11,TVW3,0.25,0.1500000000000001
2013-03,11,TVW3,0.5,0.35
2013-03,11,TVW3,0.75,0.35
2013-03,11,TVW3,0.9,1.3417656596470105e-17
2013-03,12,TVW1,0.25,0.21212420320141898
2013-03,12,TVW1,0.5,0.4
2013-03,12,TVW1,0.75,0.38787579679858103
2013-03,12,TVW2,0.3333333333333333,0.30000000000000016
2013-03,12,TVW2,0.5,0.29999999999999993
2013-03,12,TVW2,0.6666666666666666,0.3999999999999999
2013-03,12,TVW3,0.1,0.03590808758102034
2013-03,12,TVW3,0.25,0.15000000000000005
2013-03,12,TVW3,0.5,0.46409191241897974
2013-03,12,TVW3,0.75,0.34999999999999987
2013-03,12,TVW3,0.9,1.0888134703256721e-16
2013-03,13,TVW1,0.25,0.27273975795700345
2013-03,13,TVW1,0.5,0.4000000000000001
2013-03,13,TVW1,0.75,0.3272602420429966
2013-03,13,TVW2,0.3333333333333333,0.3000000000000001
2013-03,13,TVW2,0.5,0.3
2013-03,13,TVW2,0.6666666666666666,0.39999999999999997
2013-03,13,TVW3,0.1,0.15
2013-03,13,TVW3,0.25,0.19020382039154343
2013-03,13,TVW3,0.5,0.3000000000000002
2013-03,13,TVW3,0.75,0.3499999999999998
2013-03,13,TVW3,0.9,0.009796179608456577
2013-04,1,TVW1,0.25,0.2
2013-04,1,TVW1,0.5,0.4
2013-04,1,TVW1,0.75,0.39999999999999997
2013-04,1,TVW2,0.3333333333333333,0.2
2013-04,1,TVW2,0.5,0.4000000000000001
2013-04,1,TVW2,0.6666666666666666,0.4
2013-04,1,TVW3,0.1,0.0
2013-04,1,TVW3,0.25,0.15000000000000013
2013-04,1,TVW3,0.5,0.5
2013-04,1,TVW3,0.75,0.35
2013-04,1,TVW3,0.9,0.0
2013-04,2,TVW1,0.25,0.2
2013-04,2,TVW1,0.5,0.4
2013-04,2,TVW1,0.75,0.4
2013-04,2,TVW2,0.3333333333333333,0.19999999999999996
2013-04,2,TVW2,0.5,0.4000000000000001
2013-04,2,TVW2,0.6666666666666666,0.3999999999999999
2013-04,2,TVW3,0.1,0.10419018471784719
2013-04,2,TVW3,0.25,0.15
2013-04,2,TVW3,0.5,0.3
2013-04,2,TVW3,0.75,0.29580981528215294
2013-04,2,TVW3,0.9,0.15
2013-04,3,TVW1,0.25,0.2
2013-04,3,TVW1,0.5,0.4
2013-04,3,TVW1,0.75,0.39999999999999997
2013-04,3,TVW2,0.3333333333333333,0.30000000000000004
2013-04,3,TVW2,0.5,0.3
2013-04,3,TVW2,0.6666666666666666,0.4
2013-04,3,TVW3,0.1,0.15
2013-04,3,TVW3,0.25,0.15
2013-04,3,TVW3,0.5,0.3
2013-04,3,TVW3,0.75,0.25000000000000006
2013-04,3,TVW3,0.9,0.15
2013-04,4,TVW1,0.25,0.22656490039156366
2013-04,4,TVW1,0.5,0.4
2013-04,4,TVW1,0.75,0.37343509960843635
2013-04,4,TVW2,0.3333333333333333,0.23550599885638998
2013-04,4,TVW2,0.5,0.36449400114361
2013-04,4,TVW2,0.6666666666666666,0.4
2013-04,4,TVW3,0.1,0.15000000000000002
2013-04,4,TVW3,0.25,0.17212690501146802
2013-04,4,TVW3,0.5,0.30000000000000004
2013-04,4,TVW3,0.75,0.22787309498853192
2013-04,4,TVW3,0.9,0.15000000000000002
2013-04,5,TVW1,0.25,0.2
2013-04,5,TVW1,0.5,0.6
2013-04,5,TVW1,0.75,0.2
2013-04,5,TVW2,0.3333333333333333,0.3774002340987727
2013-04,5,TVW2,0.5,0.3
2013-04,5,TVW2,0.6666666666666666,0.3225997659012274
2013-04,5,TVW3,0.1,0.0
2013-04,5,TVW3,0.25,0.3024476003029613
2013-04,5,TVW3,0.5,0.5000000000000001
2013-04,5,TVW3,0.75,0.15000000000000002
2013-04,5,TVW3,0.9,0.047552399697038575
2013-04,6,TVW1,0.25,0.2
2013-04,6,TVW1,0.5,0.4
2013-04,6,TVW1,0.75,0.4
2013-04,6,TVW2,0.3333333333333333,0.20000000000000007
2013-04,6,TVW2,0.5,0.4
2013-04,6,TVW2,0.6666666666666666,0.39999999999999997
2013-04,6,TVW3,0.1,0.050000000000000024
2013-04,6,TVW3,0.25,0.15000000000000002
2013-04,6,TVW3,0.5,0.30000000000000004
2013-04,6,TVW3,0.75,0.35
2013-04,6,TVW3,0.9,0.15000000000000002
2013-04,7,TVW1,0.25,0.2
2013-04,7,TVW1,0.5,0.4
2013-04,7,TVW1,0.75,0.4
2013-04,7,TVW2,0.3333333333333333,0.20000000000000004
2013-04,7,TVW2,0.5,0.39999999999999997
2013-04,7,TVW2,0.6666666666666666,0.4000000000000001
2013-04,7,TVW3,0.1,0.0
2013-04,7,TVW3,0.25,0.2744910835327062
2013-04,7,TVW3,0.5,0.30000000000000004
2013-04,7,TVW3,0.75,0.27550891646729375
2013-04,7,TVW3,0.9,0.14999999999999994
2013-04,8,TVW1,0.25,0.20146020754416077
2013-04,8,TVW1,0.5,0.4000000000000001
2013-04,8,TVW1,0.75,0.3985397924558392
2013-04,8,TVW2,0.3333333333333333,0.29999999999999993
2013-04,8,TVW2,0.5,0.3000000000000001
2013-04,8,TVW2,0.6666666666666666,0.4
2013-04,8,TVW3,0.1,0.1499999999999997
2013-04,8,TVW3,0.25,0.16062794164975225
2013-04,8,TVW3,0.5,0.30000000000000043
2013-04,8,TVW3,0.75,0.2393720583502478
2013-04,8,TVW3,0.9,0.14999999999999994
2013-04,9,TVW1,0.25,0.2
2013-04,9,TVW1,0.5,0.4
2013-04,9,TVW1,0.75,0.4
2013-04,9,TVW2,0.3333333333333333,0.2
2013-04,9,TVW2,0.5,0.4000000000000001
2013-04,9,TVW2,0.6666666666666666,0.4
2013-04,9,TVW3,0.1,0.10844284651489222
2013-04,9,TVW3,0.25,0.14999999999999997
2013-04,9,TVW3,0.5,0.29999999999999993
2013-04,9,TVW3,0.75,0.2915571534851079
2013-04,9,TVW3,0.9,0.14999999999999997
2013-04,10,TVW1,0.25,0.30993416288006037
2013-04,10,TVW1,0.5,0.4000000000000002
2013-04,10,TVW1,0.75,0.29006583711993944
2013-04,10,TVW2,0.3333333333333333,0.27282928995617706
2013-04,10,TVW2,0.5,0.4999999999999999
2013-04,10,TVW2,0.6666666666666666,0.22717071004382303
2013-04,10,TVW3,0.1,0.15
2013-04,10,TVW3,0.25,0.19933436850455216
2013-04,10,TVW3,0.5,0.30066563149544795
2013-04,10,TVW3,0.75,0.35
2013-04,10,TVW3,0.9,0.0
2013-04,11,TVW1,0.25,0.2287587733165207
2013-04,11,TVW1,0.5,0.40000000000000013
2013-04,11,TVW1,0.75,0.37124122668347914
2013-04,11,TVW2,0.3333333333333333,0.20000000000000007
2013-04,11,TVW2,0.5,0.39999999999999997
2013-04,11,TVW2,0.6666666666666666,0.4
2013-04,11,TVW3,0.1,0.14832440603875552
2013-04,11,TVW3,0.25,0.15000000000000005
2013-04,11,TVW3,0.5,0.35167559396124454
2013-04,11,TVW3,0.75,0.35
2013-04,11,TVW3,0.9,1.986068588917599e-17
2013-04,12,TVW1,0.25,0.2
2013-04,12,TVW1,0.5,0.41171586905990565
2013-04,12,TVW1,0.75,0.38828413094009434
2013-04,12,TVW2,0.3333333333333333,0.20000000000000015
2013-04,12,TVW2,0.5,0.39999999999999997
2013-04,12,TVW2,0.6666666666666666,0.4
2013-04,12,TVW3,0.1,0.024953506962640468
2013-04,12,TVW3,0.25,0.15000000000000002
2013-04,12,TVW3,0.5,0.4750464930373596
2013-04,12,TVW3,0.75,0.35
2013-04,12,TVW3,0.9,7.318324383314555e-17
2013-04,13,TVW1,0.25,0.2296914722217902
2013-04,13,TVW1,0.5,0.4
2013-04,13,TVW1,0.75,0.3703085277782099
2013-04,13,TVW2,0.3333333333333333,0.3
2013-04,13,TVW2,0.5,0.3
2013-04,13,TVW2,0.6666666666666666,0.4
2013-04,13,TVW3,0.1,0.14999999999999997
2013-04,13,TVW3,0.25,0.15000000000000013
2013-04,13,TVW3,0.5,0.3373602240419444
2013-04,13,TVW3,0.75,0.35000000000000003
2013-04,13,TVW3,0.9,0.012639775958055426
2013-05,1,TVW1,0.25,0.24711243109554015
2013-05,1,TVW1,0.5,0.3999999999999999
2013-05,1,TVW1,0.75,0.35288756890445994
2013-05,1,TVW2,0.3333333333333333,0.20000000000000004
2013-05,1,TVW2,0.5,0.4236726537055723
2013-05,1,TVW2,0.6666666666666666,0.37632734629442777
2013-05,1,TVW3,0.1,0.10164939101663342
2013-05,1,TVW3,0.25,0.15000000000000002
2013-05,1,TVW3,0.5,0.3983506089833667
2013-05,1,TVW3,0.75,0.34999999999999987
2013-05,1,TVW3,0.9,6.772274710062872e-17
2013-05,2,TVW1,0.25,0.2469483080382224
2013-05,2,TVW1,0.5,0.4
2013-05,2,TVW1,0.75,0.35305169196177755
2013-05,2,TVW2,0.3333333333333333,0.3
2013-05,2,TVW2,0.5,0.3
2013-05,2,TVW2,0.6666666666666666,0.4
2013-05,2,TVW3,0.1,0.14999999999999994
2013-05,2,TVW3,0.25,0.21628344857657752
2013-05,2,TVW3,0.5,0.3
2013-05,2,TVW3,0.75,0.1837165514234226
2013-05,2,TVW3,0.9,0.15
2013-05,3,TVW1,0.25,0.3134742381135608
2013-05,3,TVW1,0.5,0.4
2013-05,3,TVW1,0.75,0.2865257618864393
2013-05,3,TVW2,0.3333333333333333,0.3687812308507159
2013-05,3,TVW2,0.5,0.2999999999999999
2013-05,3,TVW2,0.6666666666666666,0.33121876914928416
2013-05,3,TVW3,0.1,0.15
2013-05,3,TVW3,0.25,0.24999999999999997
2013-05,3,TVW3,0.5,0.3
2013-05,3,TVW3,0.75,0.15
2013-05,3,TVW3,0.9,0.15
2013-05,4,TVW1,0.25,0.4
2013-05,4,TVW1,0.5,0.4
2013-05,4,TVW1,0.75,0.2
2013-05,4,TVW2,0.3333333333333333,0.4000000000000001
2013-05,4,TVW2,0.5,0.3999999999999999
2013-05,4,TVW2,0.6666666666666666,0.2000000000000001
2013-05,4,TVW3,0.1,0.10192931910973237
2013-05,4,TVW3,0.25,0.35
2013-05,4,TVW3,0.5,0.3
2013-05,4,TVW3,0.75,0.15
2013-05,4,TVW3,0.9,0.09807068089026778
2013-05,5,TVW1,0.25,0.39999999999999997
2013-05,5,TVW1,0.5,0.4000000000000001
2013-05,5,TVW1,0.75,0.2
2013-05,5,TVW2,0.3333333333333333,0.4
2013-05,5,TVW2,0.5,0.3999999999999998
2013-05,5,TVW2,0.6666666666666666,0.20000000000000012
2013-05,5,TVW3,0.1,0.12353234017711132
2013-05,5,TVW3,0.25,0.3499999999999997
2013-05,5,TVW3,0.5,0.3000000000000001
2013-05,5,TVW3,0.75,0.15000000000000005
2013-05,5,TVW3,0.9,0.07646765982288892
2013-05,6,TVW1,0.25,0.2
2013-05,6,TVW1,0.5,0.4
2013-05,6,TVW1,0.75,0.4
2013-05,6,TVW2,0.3333333333333333,0.2
2013-05,6,TVW2,0.5,0.39999999999999997
2013-05,6,TVW2,0.6666666666666666,0.4
2013-05,6,TVW3,0.1,0.09941455131132308
2013-05,6,TVW3,0.25,0.14999999999999997
2013-05,6,TVW3,0.5,0.3
2013-05,6,TVW3,0.75,0.30058544868867704
2013-05,6,TVW3,0.9,0.14999999999999997
2013-05,7,TVW1,0.25,0.20770183954404242
2013-05,7,TVW1,0.5,0.4
2013-05,7,TVW1,0.75,0.3922981604559576
2013-05,7,TVW2,0.3333333333333333,0.2
2013-05,7,TVW2,0.5,0.4
2013-05,7,TVW2,0.6666666666666666,0.4
2013-05,7,TVW3,0.1,9.431693778800229e-18
2013-05,7,TVW3,0.25,0.3130358907012127
2013-05,7,TVW3,0.5,0.29999999999999993
2013-05,7,TVW3,0.75,0.3499999999999999
2013-05,7,TVW3,0.9,0.03696410929878738
2013-05,8,TVW1,0.25,0.4
2013-05,8,TVW1,0.5,0.4
2013-05,8,TVW1,0.75,0.2
2013-05,8,TVW2,0.3333333333333333,0.4
2013-05,8,TVW2,0.5,0.3
2013-05,8,TVW2,0.6666666666666666,0.3000000000000001
2013-05,8,TVW3,0.1,0.09781367127195771
2013-05,8,TVW3,0.25,0.35
2013-05,8,TVW3,0.5,0.3
2013-05,8,TVW3,0.75,0.15
2013-05,8,TVW3,0.9,0.10218632872804238
2013-05,9,TVW1,0.25,0.20585796960621175
2013-05,9,TVW1,0.5,0.4
2013-05,9,TVW1,0.75,0.3941420303937882
2013-05,9,TVW2,0.3333333333333333,0.2
2013-05,9,TVW2,0.5,0.4
2013-05,9,TVW2,0.6666666666666666,0.4
2013-05,9,TVW3,0.1,0.15
2013-05,9,TVW3,0.25,0.16895807872072008
2013-05,9,TVW3,0.5,0.3
2013-05,9,TVW3,0.75,0.23104192127928
2013-05,9,TVW3,0.9,0.15
2013-05,10,TVW1,0.25,0.36872993687085137
2013-05,10,TVW1,0.5,0.4
2013-05,10,TVW1,0.75,0.23127006312914877
2013-05,10,TVW2,0.3333333333333333,0.4
2013-05,10,TVW2,0.5,0.4
2013-05,10,TVW2,0.6666666666666666,0.20000000000000004
2013-05,10,TVW3,0.1,0.15
2013-05,10,TVW3,0.25,0.23536011032863752
2013-05,10,TVW3,0.5,0.30000000000000004
2013-05,10,TVW3,0.75,0.3146398896713626
2013-05,10,TVW3,0.9,1.7335490440039374e-17
2013-05,11,TVW1,0.25,0.2846870895910272
2013-05,11,TVW1,0.5,0.4
2013-05,11,TVW1,0.75,0.31531291040897286
2013-05,11,TVW2,0.3333333333333333,0.3000000000000001
2013-05,11,TVW2,0.5,0.3
2013-05,11,TVW2,0.6666666666666666,0.4
2013-05,11,TVW3,0.1,0.14999999999999997
2013-05,11,TVW3,0.25,0.20000000000000015
2013-05,11,TVW3,0.5,0.3
2013-05,11,TVW3,0.75,0.35
2013-05,11,TVW3,0.9,7.531546196599739e-18
2013-05,12,TVW1,0.25,0.2
2013-05,12,TVW1,0.5,0.5655538093074443
2013-05,12,TVW1,0.75,0.23444619069255576
2013-05,12,TVW2,0.3333333333333333,0.3296579904144299
2013-05,12,TVW2,0.5,0.3
2013-05,12,TVW2,0.6666666666666666,0.37034200958557006
2013-05,12,TVW3,0.1,0.12110425256456951
2013-05,12,TVW3,0.25,0.15000000000000005
2013-05,12,TVW3,0.5,0.3788957474354306
2013-05,12,TVW3,0.75,0.3499999999999999
2013-05,12,TVW3,0.9,3.12850814192274e-17
2013-05,13,TVW1,0.25,0.300171673038472
2013-05,13,TVW1,0.5,0.4000000000000001
2013-05,13,TVW1,0.75,0.29982832696152795
2013-05,13,TVW2,0.3333333333333333,0.34454929576399235
2013-05,13,TVW2,0.5,0.29999999999999977
2013-05,13,TVW2,0.6666666666666666,0.3554507042360079
2013-05,13,TVW3,0.1,0.14999999999999994
2013-05,13,TVW3,0.25,0.20000000000000018
2013-05,13,TVW3,0.5,0.3
2013-05,13,TVW3,0.75,0.34999999999999987
2013-05,13,TVW3,0.9,6.056618399765624e-17
2013-06,1,TVW1,0.25,0.20983137455345713
2013-06,1,TVW1,0.5,0.4000000000000001
2013-06,1,TVW1,0.75,0.39016862544654285
2013-06,1,TVW2,0.3333333333333333,0.2
2013-06,1,TVW2,0.5,0.4000000000000001
2013-06,1,TVW2,0.6666666666666666,0.4
2013-06,1,TVW3,0.1,0.0
2013-06,1,TVW3,0.25,0.2567283640443167
2013-06,1,TVW3,0.5,0.3932716359556835
2013-06,1,TVW3,0.75,0.35
2013-06,1,TVW3,0.9,0.0
2013-06,2,TVW1,0.25,0.2
2013-06,2,TVW1,0.5,0.4
2013-06,2,TVW1,0.75,0.4
2013-06,2,TVW2,0.3333333333333333,0.3000000000000001
2013-06,2,TVW2,0.5,0.30000000000000004
2013-06,2,TVW2,0.6666666666666666,0.39999999999999974
2013-06,2,TVW3,0.1,0.08998691038167839
2013-06,2,TVW3,0.25,0.14999999999999997
2013-06,2,TVW3,0.5,0.29999999999999993
2013-06,2,TVW3,0.75,0.3499999999999999
2013-06,2,TVW3,0.9,0.11001308961832179
2013-06,3,TVW1,0.25,0.28674040684316293
2013-06,3,TVW1,0.5,0.4
2013-06,3,TVW1,0.75,0.31325959315683716
2013-06,3,TVW2,0.3333333333333333,0.30000000000000004
2013-06,3,TVW2,0.5,0.3
2013-06,3,TVW2,0.6666666666666666,0.4
2013-06,3,TVW3,0.1,0.15000000000000002
2013-06,3,TVW3,0.25,0.22167315188870568
2013-06,3,TVW3,0.5,0.3000000000000001
2013-06,3,TVW3,0.75,0.17832684811129426
2013-06,3,TVW3,0.9,0.15000000000000002
2013-06,4,TVW1,0.25,0.2
2013-06,4,TVW1,0.5,0.5999999999999999
2013-06,4,TVW1,0.75,0.2000000000000002
2013-06,4,TVW2,0.3333333333333333,0.2000000000000001
2013-06,4,TVW2,0.5,0.5000000000000001
2013-06,4,TVW2,0.6666666666666666,0.2999999999999999
2013-06,4,TVW3,0.1,0.05850875259158428
2013-06,4,TVW3,0.25,0.21526522252578342
2013-06,4,TVW3,0.5,0.4999999999999998
2013-06,4,TVW3,0.75,0.15
2013-06,4,TVW3,0.9,0.07622602488263257
2013-06,5,TVW1,0.25,0.3293892515597652
2013-06,5,TVW1,0.5,0.4706107484402348
2013-06,5,TVW1,0.75,0.2
2013-06,5,TVW2,0.3333333333333333,0.31112586327654046
2013-06,5,TVW2,0.5,0.48887413672345964
2013-06,5,TVW2,0.6666666666666666,0.2
2013-06,5,TVW3,0.1,0.10885000504717662
2013-06,5,TVW3,0.25,0.35
2013-06,5,TVW3,0.5,0.3
2013-06,5,TVW3,0.75,0.15000000000000005
2013-06,5,TVW3,0.9,0.09114999495282335
2013-06,6,TVW1,0.25,0.2
2013-06,6,TVW1,0.5,0.4
2013-06,6,TVW1,0.75,0.39999999999999997
2013-06,6,TVW2,0.3333333333333333,0.20000000000000004
2013-06,6,TVW2,0.5,0.39999999999999997
2013-06,6,TVW2,0.6666666666666666,0.4000000000000001
2013-06,6,TVW3,0.1,0.018088469526104448
2013-06,6,TVW3,0.25,0.15000000000000005
2013-06,6,TVW3,0.5,0.5
2013-06,6,TVW3,0.75,0.18191153047389558
2013-06,6,TVW3,0.9,0.14999999999999997
2013-06,7,TVW1,0.25,0.2
2013-06,7,TVW1,0.5,0.4
2013-06,7,TVW1,0.75,0.4
2013-06,7,TVW2,0.3333333333333333,0.2
2013-06,7,TVW2,0.5,0.40000000000000013
2013-06,7,TVW2,0.6666666666666666,0.39999999999999997
2013-06,7,TVW3,0.1,0.0
2013-06,7,TVW3,0.25,0.21923193106933953
2013-06,7,TVW3,0.5,0.4344693915064492
2013-06,7,TVW3,0.75,0.19629867742421137
2013-06,7,TVW3,0.9,0.15
2013-06,8,TVW1,0.25,0.3552890189991139
2013-06,8,TVW1,0.5,0.4
2013-06,8,TVW1,0.75,0.24471098100088612
2013-06,8,TVW2,0.3333333333333333,0.3000000000000001
2013-06,8,TVW2,0.5,0.3
2013-06,8,TVW2,0.6666666666666666,0.4
2013-06,8,TVW3,0.1,2.3174937132615376e-17
2013-06,8,TVW3,0.25,0.3499999999999998
2013-06,8,TVW3,0.5,0.41984180091099754
2013-06,8,TVW3,0.75,0.15000000000000013
2013-06,8,TVW3,0.9,0.08015819908900253
2013-06,9,TVW1,0.25,0.2
2013-06,9,TVW1,0.5,0.4
2013-06,9,TVW1,0.75,0.4
2013-06,9,TVW2,0.3333333333333333,0.2
2013-06,9,TVW2,0.5,0.39999999999999997
2013-06,9,TVW2,0.6666666666666666,0.39999999999999997
2013-06,9,TVW3,0.1,0.12989592817139586
2013-06,9,TVW3,0.25,0.15000000000000005
2013-06,9,TVW3,0.5,0.3
2013-06,9,TVW3,0.75,0.27010407182860424
2013-06,9,TVW3,0.9,0.15
2013-06,10,TVW1,0.25,0.3645221114549413
2013-06,10,TVW1,0.5,0.3999999999999999
2013-06,10,TVW1,0.75,0.2354778885450588
2013-06,10,TVW2,0.3333333333333333,0.4
2013-06,10,TVW2,0.5,0.4000000000000001
2013-06,10,TVW2,0.6666666666666666,0.2
2013-06,10,TVW3,0.1,0.15
2013-06,10,TVW3,0.25,0.23377363436336016
2013-06,10,TVW3,0.5,0.3
2013-06,10,TVW3,0.75,0.3162263656366398
2013-06,10,TVW3,0.9,0.0
2013-06,11,TVW1,0.25,0.25802266191265305
2013-06,11,TVW1,0.5,0.4
2013-06,11,TVW1,0.75,0.3419773380873469
2013-06,11,TVW2,0.3333333333333333,0.3
2013-06,11,TVW2,0.5,0.3
2013-06,11,TVW2,0.6666666666666666,0.4
2013-06,11,TVW3,0.1,0.15
2013-06,11,TVW3,0.25,0.15
2013-06,11,TVW3,0.5,0.3500000000000001
2013-06,11,TVW3,0.75,0.35
2013-06,11,TVW3,0.9,0.0
2013-06,12,TVW1,0.25,0.2445160100059043
2013-06,12,TVW1,0.5,0.4
2013-06,12,TVW1,0.75,0.3554839899940957
2013-06,12,TVW2,0.3333333333333333,0.3259970895331273
2013-06,12,TVW2,0.5,0.2999999999999999
2013-06,12,TVW2,0.6666666666666666,0.3740029104668727
2013-06,12,TVW3,0.1,0.1434320256940651
2013-06,12,TVW3,0.25,0.15000000000000002
2013-06,12,TVW3,0.5,0.29999999999999993
2013-06,12,TVW3,0.75,0.34999999999999987
2013-06,12,TVW3,0.9,0.05656797430593503
2013-06,13,TVW1,0.25,0.26185203214571545
2013-06,13,TVW1,0.5,0.4
2013-06,13,TVW1,0.75,0.3381479678542845
2013-06,13,TVW2,0.3333333333333333,0.30000000000000004
2013-06,13,TVW2,0.5,0.3
2013-06,13,TVW2,0.6666666666666666,0.4
2013-06,13,TVW3,0.1,0.14999999999999997
2013-06,13,TVW3,0.25,0.190129324581834
2013-06,13,TVW3,0.5,0.3
2013-06,13,TVW3,0.75,0.35
2013-06,13,TVW3,0.9,0.009870675418166027
2013-07,1,TVW1,0.25,0.2628559730662691
2013-07,1,TVW1,0.5,0.4
2013-07,1,TVW1,0.75,0.3371440269337309
2013-07,1,TVW2,0.3333333333333333,0.2777614311335567
2013-07,1,TVW2,0.5,0.3222385688664433
2013-07,1,TVW2,0.6666666666666666,0.4
2013-07,1,TVW3,0.1,0.06808874736913478
2013-07,1,TVW3,0.25,0.28191125263086525
2013-07,1,TVW3,0.5,0.30000000000000004
2013-07,1,TVW3,0.75,0.35
2013-07,1,TVW3,0.9,1.6396057888001643e-17
2013-07,2,TVW1,0.25,0.2
2013-07,2,TVW1,0.5,0.4
2013-07,2,TVW1,0.75,0.4
2013-07,2,TVW2,0.3333333333333333,0.29999999999999993
2013-07,2,TVW2,0.5,0.3000000000000001
2013-07,2,TVW2,0.6666666666666666,0.3999999999999999
2013-07,2,TVW3,0.1,0.13640825066989726
2013-07,2,TVW3,0.25,0.14999999999999997
2013-07,2,TVW3,0.5,0.29999999999999993
2013-07,2,TVW3,0.75,0.263591749330103
2013-07,2,TVW3,0.9,0.1499999999999999
2013-07,3,TVW1,0.25,0.21040567651580813
2013-07,3,TVW1,0.5,0.4
2013-07,3,TVW1,0.75,0.3895943234841918
2013-07,3,TVW2,0.3333333333333333,0.30000000000000004
2013-07,3,TVW2,0.5,0.3
2013-07,3,TVW2,0.6666666666666666,0.4
2013-07,3,TVW3,0.1,0.15
2013-07,3,TVW3,0.25,0.17145192786940278
2013-07,3,TVW3,0.5,0.3
2013-07,3,TVW3,0.75,0.22854807213059727
2013-07,3,TVW3,0.9,0.14999999999999997
2013-07,4,TVW1,0.25,0.20196306614689327
2013-07,4,TVW1,0.5,0.5980369338531067
2013-07,4,TVW1,0.75,0.19999999999999996
2013-07,4,TVW2,0.3333333333333333,0.291367409438749
2013-07,4,TVW2,0.5,0.5000000000000001
2013-07,4,TVW2,0.6666666666666666,0.20863259056125089
2013-07,4,TVW3,0.1,0.13386514690341889
2013-07,4,TVW3,0.25,0.15000000000000024
2013-07,4,TVW3,0.5,0.5000000000000001
2013-07,4,TVW3,0.75,0.2161348530965809
2013-07,4,TVW3,0.9,0.0
2013-07,5,TVW1,0.25,0.3999999999999998
2013-07,5,TVW1,0.5,0.40000000000000024
2013-07,5,TVW1,0.75,0.2
2013-07,5,TVW2,0.3333333333333333,0.3000000000000001
2013-07,5,TVW2,0.5,0.5
2013-07,5,TVW2,0.6666666666666666,0.20000000000000007
2013-07,5,TVW3,0.1,0.12010430937392938
2013-07,5,TVW3,0.25,0.3499999999999999
2013-07,5,TVW3,0.5,0.29999999999999993
2013-07,5,TVW3,0.75,0.14999999999999997
2013-07,5,TVW3,0.9,0.07989569062607074
2013-07,6,TVW1,0.25,0.20000000000000004
2013-07,6,TVW1,0.5,0.4000000000000001
2013-07,6,TVW1,0.75,0.4
2013-07,6,TVW2,0.3333333333333333,0.20000000000000004
2013-07,6,TVW2,0.5,0.39999999999999997
2013-07,6,TVW2,0.6666666666666666,0.39999999999999997
2013-07,6,TVW3,0.1,0.015787271150311352
2013-07,6,TVW3,0.25,0.15
2013-07,6,TVW3,0.5,0.49999999999999994
2013-07,6,TVW3,0.75,0.18421272884968884
2013-07,6,TVW3,0.9,0.15
2013-07,7,TVW1,0.25,0.2582506333527634
2013-07,7,TVW1,0.5,0.4000000000000001
2013-07,7,TVW1,0.75,0.3417493666472365
2013-07,7,TVW2,0.3333333333333333,0.2
2013-07,7,TVW2,0.5,0.4743228211121247
2013-07,7,TVW2,0.6666666666666666,0.3256771788878754
2013-07,7,TVW3,0.1,0.03107195201717971
2013-07,7,TVW3,0.25,0.35
2013-07,7,TVW3,0.5,0.3
2013-07,7,TVW3,0.75,0.16892804798282035
2013-07,7,TVW3,0.9,0.15
2013-07,8,TVW1,0.25,0.20000000000000007
2013-07,8,TVW1,0.5,0.6
2013-07,8,TVW1,0.75,0.2
2013-07,8,TVW2,0.3333333333333333,0.2604921230907642
2013-07,8,TVW2,0.5,0.45838958232230237
2013-07,8,TVW2,0.6666666666666666,0.28111829458693344
2013-07,8,TVW3,0.1,0.06711130803874915
2013-07,8,TVW3,0.25,0.2729734010655086
2013-07,8,TVW3,0.5,0.3992569712796118
2013-07,8,TVW3,0.75,0.15000000000000002
2013-07,8,TVW3,0.9,0.11065831961613054
2013-07,9,TVW1,0.25,0.21164500584204785
2013-07,9,TVW1,0.5,0.4
2013-07,9,TVW1,0.75,0.38835499415795216
2013-07,9,TVW2,0.3333333333333333,0.2
2013-07,9,TVW2,0.5,0.4
2013-07,9,TVW2,0.6666666666666666,0.4
2013-07,9,TVW3,0.1,0.15
2013-07,9,TVW3,0.25,0.17674461291315702
2013-07,9,TVW3,0.5,0.3000000000000001
2013-07,9,TVW3,0.75,0.22325538708684295
2013-07,9,TVW3,0.9,0.15000000000000002
2013-07,10,TVW1,0.25,0.3999999999999999
2013-07,10,TVW1,0.5,0.4
2013-07,10,TVW1,0.75,0.2
2013-07,10,TVW2,0.3333333333333333,0.4
2013-07,10,TVW2,0.5,0.3999999999999999
2013-07,10,TVW2,0.6666666666666666,0.2
2013-07,10,TVW3,0.1,0.14999999999999994
2013-07,10,TVW3,0.25,0.17565798329072715
2013-07,10,TVW3,0.5,0.4999999999999999
2013-07,10,TVW3,0.75,0.15000000000000005
2013-07,10,TVW3,0.9,0.024342016709272826
2013-07,11,TVW1,0.25,0.3393267866261051
2013-07,11,TVW1,0.5,0.4
2013-07,11,TVW1,0.75,0.2606732133738949
2013-07,11,TVW2,0.3333333333333333,0.3508115773469238
2013-07,11,TVW2,0.5,0.2999999999999999
2013-07,11,TVW2,0.6666666666666666,0.34918842265307637
2013-07,11,TVW3,0.1,0.14999999999999997
2013-07,11,TVW3,0.25,0.20424197161329963
2013-07,11,TVW3,0.5,0.29999999999999993
2013-07,11,TVW3,0.75,0.34575802838670044
2013-07,11,TVW3,0.9,4.236205846133902e-17
2013-07,12,TVW1,0.25,0.2596587793146368
2013-07,12,TVW1,0.5,0.43720149556426535
2013-07,12,TVW1,0.75,0.3031397251210979
2013-07,12,TVW2,0.3333333333333333,0.3
2013-07,12,TVW2,0.5,0.30000000000000004
2013-07,12,TVW2,0.6666666666666666,0.39999999999999997
2013-07,12,TVW3,0.1,0.14999999999999997
2013-07,12,TVW3,0.25,0.15000000000000022
2013-07,12,TVW3,0.5,0.3131359152555078
2013-07,12,TVW3,0.75,0.35
2013-07,12,TVW3,0.9,0.03686408474449198
2013-07,13,TVW1,0.25,0.2
2013-07,13,TVW1,0.5,0.5567246988895739
2013-07,13,TVW1,0.75,0.24327530111042617
2013-07,13,TVW2,0.3333333333333333,0.3167050313504859
2013-07,13,TVW2,0.5,0.3
2013-07,13,TVW2,0.6666666666666666,0.3832949686495142
2013-07,13,TVW3,0.1,0.1499999999999999
2013-07,13,TVW3,0.25,0.15000000000000005
2013-07,13,TVW3,0.5,0.35000000000000014
2013-07,13,TVW3,0.75,0.34999999999999987
2013-07,13,TVW3,0.9,3.676875254395992e-17
2013-08,1,TVW1,0.25,0.2584560982500714
2013-08,1,TVW1,0.5,0.4
2013-08,1,TVW1,0.75,0.3415439017499286
2013-08,1,TVW2,0.3333333333333333,0.3
2013-08,1,TVW2,0.5,0.30000000000000004
2013-08,1,TVW2,0.6666666666666666,0.4000000000000001
2013-08,1,TVW3,0.1,0.14999999999999988
2013-08,1,TVW3,0.25,0.17851119935974158
2013-08,1,TVW3,0.5,0.30000000000000027
2013-08,1,TVW3,0.75,0.34999999999999976
2013-08,1,TVW3,0.9,0.021488800640258515
2013-08,2,TVW1,0.25,0.2077591226082409
2013-08,2,TVW1,0.5,0.4
2013-08,2,TVW1,0.75,0.3922408773917591
2013-08,2,TVW2,0.3333333333333333,0.30000000000000004
2013-08,2,TVW2,0.5,0.3000000000000001
2013-08,2,TVW2,0.6666666666666666,0.3999999999999999
2013-08,2,TVW3,0.1,0.15000000000000005
2013-08,2,TVW3,0.25,0.19214178206164526
2013-08,2,TVW3,0.5,0.3000000000000001
2013-08,2,TVW3,0.75,0.20785821793835452
2013-08,2,TVW3,0.9,0.15000000000000005
2013-08,3,TVW1,0.25,0.2
2013-08,3,TVW1,0.5,0.5527603038497566
2013-08,3,TVW1,0.75,0.24723969615024347
2013-08,3,TVW2,0.3333333333333333,0.20000000000000004
2013-08,3,TVW2,0.5,0.47282089656898907
2013-08,3,TVW2,0.6666666666666666,0.32717910343101086
2013-08,3,TVW3,0.1,0.15000000000000002
2013-08,3,TVW3,0.25,0.20667432471697791
2013-08,3,TVW3,0.5,0.343325675283022
2013-08,3,TVW3,0.75,0.15000000000000005
2013-08,3,TVW3,0.9,0.15000000000000002
2013-08,4,TVW1,0.25,0.3209397322721897
2013-08,4,TVW1,0.5,0.47663985615490795
2013-08,4,TVW1,0.75,0.2024204115729024
2013-08,4,TVW2,0.3333333333333333,0.3999999999999999
2013-08,4,TVW2,0.5,0.4
2013-08,4,TVW2,0.6666666666666666,0.19999999999999996
2013-08,4,TVW3,0.1,0.14999999999999997
2013-08,4,TVW3,0.25,0.17527665014197494
2013-08,4,TVW3,0.5,0.36859051380851515
2013-08,4,TVW3,0.75,0.30613283604950997
2013-08,4,TVW3,0.9,5.1838220306284153e-17
2013-08,5,TVW1,0.25,0.4
2013-08,5,TVW1,0.5,0.4
2013-08,5,TVW1,0.75,0.2
2013-08,5,TVW2,0.3333333333333333,0.4
2013-08,5,TVW2,0.5,0.39999999999999997
2013-08,5,TVW2,0.6666666666666666,0.2
2013-08,5,TVW3,0.1,0.14999999999999997
2013-08,5,TVW3,0.25,0.319814435776183
2013-08,5,TVW3,0.5,0.29999999999999993
2013-08,5,TVW3,0.75,0.15000000000000005
2013-08,5,TVW3,0.9,0.080185564223817
2013-08,6,TVW1,0.25,0.2
2013-08,6,TVW1,0.5,0.4
2013-08,6,TVW1,0.75,0.39999999999999997
2013-08,6,TVW2,0.3333333333333333,0.2616483279982608
2013-08,6,TVW2,0.5,0.33835167200173916
2013-08,6,TVW2,0.6666666666666666,0.39999999999999997
2013-08,6,TVW3,0.1,0.14947080621220837
2013-08,6,TVW3,0.25,0.14999999999999997
2013-08,6,TVW3,0.5,0.29999999999999993
2013-08,6,TVW3,0.75,0.25052919378779187
2013-08,6,TVW3,0.9,0.14999999999999988
2013-08,7,TVW1,0.25,0.23402974176233363
2013-08,7,TVW1,0.5,0.4
2013-08,7,TVW1,0.75,0.3659702582376665
2013-08,7,TVW2,0.3333333333333333,0.20000000000000004
2013-08,7,TVW2,0.5,0.4763264251508124
2013-08,7,TVW2,0.6666666666666666,0.3236735748491876
2013-08,7,TVW3,0.1,1.5745400574554874e-16
2013-08,7,TVW3,0.25,0.32248464881231925
2013-08,7,TVW3,0.5,0.3
2013-08,7,TVW3,0.75,0.34999999999999987
2013-08,7,TVW3,0.9,0.027515351187680726
2013-08,8,TVW1,0.25,0.31803233454315255
2013-08,8,TVW1,0.5,0.4
2013-08,8,TVW1,0.75,0.2819676654568474
2013-08,8,TVW2,0.3333333333333333,0.39999999999999997
2013-08,8,TVW2,0.5,0.3
2013-08,8,TVW2,0.6666666666666666,0.3
2013-08,8,TVW3,0.1,0.14999999999999994
2013-08,8,TVW3,0.25,0.1884466778532875
2013-08,8,TVW3,0.5,0.3000000000000002
2013-08,8,TVW3,0.75,0.34999999999999987
2013-08,8,TVW3,0.9,0.011553322146712555
2013-08,9,TVW1,0.25,0.23095447433387978
2013-08,9,TVW1,0.5,0.4
2013-08,9,TVW1,0.75,0.36904552566612026
2013-08,9,TVW2,0.3333333333333333,0.3000000000000001
2013-08,9,TVW2,0.5,0.3
2013-08,9,TVW2,0.6666666666666666,0.3999999999999999
2013-08,9,TVW3,0.1,0.14999999999999997
2013-08,9,TVW3,0.25,0.2030601686821233
2013-08,9,TVW3,0.5,0.30000000000000004
2013-08,9,TVW3,0.75,0.1969398313178768
2013-08,9,TVW3,0.9,0.15000000000000002
2013-08,10,TVW1,0.25,0.4
2013-08,10,TVW1,0.5,0.4
2013-08,10,TVW1,0.75,0.2
2013-08,10,TVW2,0.3333333333333333,0.4
2013-08,10,TVW2,0.5,0.4000000000000001
2013-08,10,TVW2,0.6666666666666666,0.2
2013-08,10,TVW3,0.1,0.14999999999999997
2013-08,10,TVW3,0.25,0.3099046428984914
2013-08,10,TVW3,0.5,0.29999999999999993
2013-08,10,TVW3,0.75,0.24009535710150864
2013-08,10,TVW3,0.9,6.3839626899352834e-18
2013-08,11,TVW1,0.25,0.3261301193040763
2013-08,11,TVW1,0.5,0.3999999999999999
2013-08,11,TVW1,0.75,0.2738698806959238
2013-08,11,TVW2,0.3333333333333333,0.20000000000000004
2013-08,11,TVW2,0.5,0.5
2013-08,11,TVW2,0.6666666666666666,0.3
2013-08,11,TVW3,0.1,0.14999999999999958
2013-08,11,TVW3,0.25,0.20000000000000073
2013-08,11,TVW3,0.5,0.2999999999999999
2013-08,11,TVW3,0.75,0.3499999999999998
2013-08,11,TVW3,0.9,7.531546196599736e-18
2013-08,12,TVW1,0.25,0.2
2013-08,12,TVW1,0.5,0.6
2013-08,12,TVW1,0.75,0.20000000000000007
2013-08,12,TVW2,0.3333333333333333,0.3682718413808847
2013-08,12,TVW2,0.5,0.29999999999999993
2013-08,12,TVW2,0.6666666666666666,0.33172815861911537
2013-08,12,TVW3,0.1,0.14999999999999997
2013-08,12,TVW3,0.25,0.14999999999999997
2013-08,12,TVW3,0.5,0.3500000000000002
2013-08,12,TVW3,0.75,0.3499999999999999
2013-08,12,TVW3,0.9,1.8828865491499346e-17
2013-08,13,TVW1,0.25,0.3032435269392673
2013-08,13,TVW1,0.5,0.4000000000000001
2013-08,13,TVW1,0.75,0.29675647306073266
2013-08,13,TVW2,0.3333333333333333,0.30584299274815413
2013-08,13,TVW2,0.5,0.37586065821332115
2013-08,13,TVW2,0.6666666666666666,0.3182963490385247
2013-08,13,TVW3,0.1,0.14999999999999986
2013-08,13,TVW3,0.25,0.16032331701852529
2013-08,13,TVW3,0.5,0.3396766829814749
2013-08,13,TVW3,0.75,0.35
2013-08,13,TVW3,0.9,1.655580084505332e-17
2013-09,1,TVW1,0.25,0.36173484849343557
2013-09,1,TVW1,0.5,0.4
2013-09,1,TVW1,0.75,0.2382651515065644
2013-09,1,TVW2,0.3333333333333333,0.4000000000000001
2013-09,1,TVW2,0.5,0.30000000000000004
2013-09,1,TVW2,0.6666666666666666,0.3
2013-09,1,TVW3,0.1,0.053683055607968586
2013-09,1,TVW3,0.25,0.3499999999999998
2013-09,1,TVW3,0.5,0.30000000000000027
2013-09,1,TVW3,0.75,0.29631694439203127
2013-09,1,TVW3,0.9,4.8191915908282947e-17
2013-09,2,TVW1,0.25,0.32404000532951316
2013-09,2,TVW1,0.5,0.40000000000000013
2013-09,2,TVW1,0.75,0.2759599946704867
2013-09,2,TVW2,0.3333333333333333,0.3999999999999999
2013-09,2,TVW2,0.5,0.40000000000000013
2013-09,2,TVW2,0.6666666666666666,0.19999999999999996
2013-09,2,TVW3,0.1,0.14999999999999997
2013-09,2,TVW3,0.25,0.2622945194351503
2013-09,2,TVW3,0.5,0.29999999999999993
2013-09,2,TVW3,0.75,0.14999999999999997
2013-09,2,TVW3,0.9,0.13770548056484974
2013-09,3,TVW1,0.25,0.39999999999999997
2013-09,3,TVW1,0.5,0.4
2013-09,3,TVW1,0.75,0.2
2013-09,3,TVW2,0.3333333333333333,0.2777441301221621
2013-09,3,TVW2,0.5,0.5
2013-09,3,TVW2,0.6666666666666666,0.22225586987783782
2013-09,3,TVW3,0.1,0.15
2013-09,3,TVW3,0.25,0.2499999999999998
2013-09,3,TVW3,0.5,0.3000000000000001
2013-09,3,TVW3,0.75,0.15000000000000002
2013-09,3,TVW3,0.9,0.15
2013-09,4,TVW1,0.25,0.3999999999999999
2013-09,4,TVW1,0.5,0.3999999999999999
2013-09,4,TVW1,0.75,0.20000000000000007
2013-09,4,TVW2,0.3333333333333333,0.4
2013-09,4,TVW2,0.5,0.3
2013-09,4,TVW2,0.6666666666666666,0.30000000000000016
2013-09,4,TVW3,0.1,0.15
2013-09,4,TVW3,0.25,0.3264016913057157
2013-09,4,TVW3,0.5,0.3
2013-09,4,TVW3,0.75,0.22359830869428426
2013-09,4,TVW3,0.9,0.0
2013-09,5,TVW1,0.25,0.3999999999999999
2013-09,5,TVW1,0.5,0.4
2013-09,5,TVW1,0.75,0.20000000000000004
2013-09,5,TVW2,0.3333333333333333,0.4
2013-09,5,TVW2,0.5,0.4000000000000001
2013-09,5,TVW2,0.6666666666666666,0.2
2013-09,5,TVW3,0.1,0.15
2013-09,5,TVW3,0.25,0.35
2013-09,5,TVW3,0.5,0.3075616552189934
2013-09,5,TVW3,0.75,0.15
2013-09,5,TVW3,0.9,0.042438344781006464
2013-09,6,TVW1,0.25,0.3373058952734198
2013-09,6,TVW1,0.5,0.4
2013-09,6,TVW1,0.75,0.26269410472658017
2013-09,6,TVW2,0.3333333333333333,0.3999999999999999
2013-09,6,TVW2,0.5,0.3000000000000001
2013-09,6,TVW2,0.6666666666666666,0.30000000000000004
2013-09,6,TVW3,0.1,0.0545941388002064
2013-09,6,TVW3,0.25,0.35
2013-09,6,TVW3,0.5,0.30000000000000004
2013-09,6,TVW3,0.75,0.15
2013-09,6,TVW3,0.9,0.1454058611997936
2013-09,7,TVW1,0.25,0.3834957281117887
2013-09,7,TVW1,0.5,0.4
2013-09,7,TVW1,0.75,0.21650427188821125
2013-09,7,TVW2,0.3333333333333333,0.22985066380640143
2013-09,7,TVW2,0.5,0.5
2013-09,7,TVW2,0.6666666666666666,0.27014933619359854
2013-09,7,TVW3,0.1,0.0828756569265743
2013-09,7,TVW3,0.25,0.35
2013-09,7,TVW3,0.5,0.30000000000000004
2013-09,7,TVW3,0.75,0.15000000000000005
2013-09,7,TVW3,0.9,0.11712434307342565
2013-09,8,TVW1,0.25,0.35599759929157515
2013-09,8,TVW1,0.5,0.3999999999999999
2013-09,8,TVW1,0.75,0.2440024007084248
2013-09,8,TVW2,0.3333333333333333,0.39999999999999997
2013-09,8,TVW2,0.5,0.3
2013-09,8,TVW2,0.6666666666666666,0.30000000000000016
2013-09,8,TVW3,0.1,0.14999999999999994
2013-09,8,TVW3,0.25,0.2828832458522627
2013-09,8,TVW3,0.5,0.3
2013-09,8,TVW3,0.75,0.15000000000000002
2013-09,8,TVW3,0.9,0.11711675414773734
2013-09,9,TVW1,0.25,0.2533717473773089
2013-09,9,TVW1,0.5,0.4
2013-09,9,TVW1,0.75,0.34662825262269115
2013-09,9,TVW2,0.3333333333333333,0.29999999999999993
2013-09,9,TVW2,0.5,0.30000000000000004
2013-09,9,TVW2,0.6666666666666666,0.4000000000000001
2013-09,9,TVW3,0.1,0.14999999999999997
2013-09,9,TVW3,0.25,0.21834745570025765
2013-09,9,TVW3,0.5,0.30000000000000004
2013-09,9,TVW3,0.75,0.18165254429974234
2013-09,9,TVW3,0.9,0.15000000000000002
2013-09,10,TVW1,0.25,0.4
2013-09,10,TVW1,0.5,0.4
2013-09,10,TVW1,0.75,0.2
2013-09,10,TVW2,0.3333333333333333,0.4
2013-09,10,TVW2,0.5,0.4000000000000001
2013-09,10,TVW2,0.6666666666666666,0.2
2013-09,10,TVW3,0.1,0.14999999999999997
2013-09,10,TVW3,0.25,0.3499999999999999
2013-09,10,TVW3,0.5,0.3
2013-09,10,TVW3,0.75,0.20000000000000023
2013-09,10,TVW3,0.9,1.1772220799740726e-17
2013-09,11,TVW1,0.25,0.39459348731768973
2013-09,11,TVW1,0.5,0.4
2013-09,11,TVW1,0.75,0.2054065126823102
2013-09,11,TVW2,0.3333333333333333,0.3267958143833565
2013-09,11,TVW2,0.5,0.46331605254059743
2013-09,11,TVW2,0.6666666666666666,0.20988813307604612
2013-09,11,TVW3,0.1,0.15000000000000002
2013-09,11,TVW3,0.25,0.2606570978254026
2013-09,11,TVW3,0.5,0.3000000000000003
2013-09,11,TVW3,0.75,0.2893429021745972
2013-09,11,TVW3,0.9,3.614920731716661e-18
2013-09,12,TVW1,0.25,0.39999999999999997
2013-09,12,TVW1,0.5,0.4
2013-09,12,TVW1,0.75,0.2
2013-09,12,TVW2,0.3333333333333333,0.4
2013-09,12,TVW2,0.5,0.39999999999999997
2013-09,12,TVW2,0.6666666666666666,0.2
2013-09,12,TVW3,0.1,0.15
2013-09,12,TVW3,0.25,0.2044521401334869
2013-09,12,TVW3,0.5,0.41115521006723055
2013-09,12,TVW3,0.75,0.23439264979928265
2013-09,12,TVW3,0.9,0.0
2013-09,13,TVW1,0.25,0.20000000000000004
2013-09,13,TVW1,0.5,0.6
2013-09,13,TVW1,0.75,0.2
2013-09,13,TVW2,0.3333333333333333,0.2999999999999999
2013-09,13,TVW2,0.5,0.5000000000000001
2013-09,13,TVW2,0.6666666666666666,0.20000000000000007
2013-09,13,TVW3,0.1,0.15
2013-09,13,TVW3,0.25,0.15000000000000002
2013-09,13,TVW3,0.5,0.41641066030758583
2013-09,13,TVW3,0.75,0.283589339692414
2013-09,13,TVW3,0.9,5.0210307977331596e-18
2013-10,1,TVW1,0.25,0.34232269547112004
2013-10,1,TVW1,0.5,0.4
2013-10,1,TVW1,0.75,0.25767730452888
2013-10,1,TVW2,0.3333333333333333,0.3800379374818812
2013-10,1,TVW2,0.5,0.3
2013-10,1,TVW2,0.6666666666666666,0.31996206251811876
2013-10,1,TVW3,0.1,0.14999999999999997
2013-10,1,TVW3,0.25,0.2030495467783108
2013-10,1,TVW3,0.5,0.30000000000000004
2013-10,1,TVW3,0.75,0.3469504532216892
2013-10,1,TVW3,0.9,3.9394966805868726e-17
2013-10,2,TVW1,0.25,0.31640397608432425
2013-10,2,TVW1,0.5,0.4000000000000001
2013-10,2,TVW1,0.75,0.2835960239156758
2013-10,2,TVW2,0.3333333333333333,0.4
2013-10,2,TVW2,0.5,0.3
2013-10,2,TVW2,0.6666666666666666,0.30000000000000004
2013-10,2,TVW3,0.1,0.14999999999999997
2013-10,2,TVW3,0.25,0.2555792583182993
2013-10,2,TVW3,0.5,0.29999999999999993
2013-10,2,TVW3,0.75,0.14999999999999997
2013-10,2,TVW3,0.9,0.14442074168170072
2013-10,3,TVW1,0.25,0.3835347741566855
2013-10,3,TVW1,0.5,0.4
2013-10,3,TVW1,0.75,0.21646522584331446
2013-10,3,TVW2,0.3333333333333333,0.40000000000000013
2013-10,3,TVW2,0.5,0.39999999999999997
2013-10,3,TVW2,0.6666666666666666,0.20000000000000007
2013-10,3,TVW3,0.1,0.14999999999999997
2013-10,3,TVW3,0.25,0.25978309527322463
2013-10,3,TVW3,0.5,0.3
2013-10,3,TVW3,0.75,0.15000000000000002
2013-10,3,TVW3,0.9,0.1402169047267755
2013-10,4,TVW1,0.25,0.4
2013-10,4,TVW1,0.5,0.4
2013-10,4,TVW1,0.75,0.2
2013-10,4,TVW2,0.3333333333333333,0.39173731296071745
2013-10,4,TVW2,0.5,0.29999999999999993
2013-10,4,TVW2,0.6666666666666666,0.3082626870392825
2013-10,4,TVW3,0.1,0.019213662571309853
2013-10,4,TVW3,0.25,0.3499999999999999
2013-10,4,TVW3,0.5,0.4807863374286901
2013-10,4,TVW3,0.75,0.1500000000000001
2013-10,4,TVW3,0.9,5.979916868767334e-17
2013-10,5,TVW1,0.25,0.4
2013-10,5,TVW1,0.5,0.4
2013-10,5,TVW1,0.75,0.20000000000000004
2013-10,5,TVW2,0.3333333333333333,0.4000000000000001
2013-10,5,TVW2,0.5,0.3999999999999999
2013-10,5,TVW2,0.6666666666666666,0.20000000000000012
2013-10,5,TVW3,0.1,0.14999999999999997
2013-10,5,TVW3,0.25,0.35
2013-10,5,TVW3,0.5,0.3186576301691953
2013-10,5,TVW3,0.75,0.15000000000000008
2013-10,5,TVW3,0.9,0.031342369830804635
2013-10,6,TVW1,0.25,0.26523427070357375
2013-10,6,TVW1,0.5,0.5347657292964262
2013-10,6,TVW1,0.75,0.2
2013-10,6,TVW2,0.3333333333333333,0.3268405971720216
2013-10,6,TVW2,0.5,0.4731594028279784
2013-10,6,TVW2,0.6666666666666666,0.19999999999999996
2013-10,6,TVW3,0.1,3.017539914918626e-17
2013-10,6,TVW3,0.25,0.32428446847946557
2013-10,6,TVW3,0.5,0.49999999999999983
2013-10,6,TVW3,0.75,0.1500000000000001
2013-10,6,TVW3,0.9,0.025715531520534317
2013-10,7,TVW1,0.25,0.3500344529688193
2013-10,7,TVW1,0.5,0.4
2013-10,7,TVW1,0.75,0.24996554703118068
2013-10,7,TVW2,0.3333333333333333,0.2053662656694136
2013-10,7,TVW2,0.5,0.5
2013-10,7,TVW2,0.6666666666666666,0.2946337343305864
2013-10,7,TVW3,0.1,0.02650831241825772
2013-10,7,TVW3,0.25,0.35
2013-10,7,TVW3,0.5,0.30000000000000004
2013-10,7,TVW3,0.75,0.32349168758174207
2013-10,7,TVW3,0.9,5.766549050149355e-17
2013-10,8,TVW1,0.25,0.39407309455120143
2013-10,8,TVW1,0.5,0.40000000000000013
2013-10,8,TVW1,0.75,0.20592690544879838
2013-10,8,TVW2,0.3333333333333333,0.3999999999999999
2013-10,8,TVW2,0.5,0.3
2013-10,8,TVW2,0.6666666666666666,0.30000000000000016
2013-10,8,TVW3,0.1,0.15
2013-10,8,TVW3,0.25,0.3015260955214937
2013-10,8,TVW3,0.5,0.3
2013-10,8,TVW3,0.75,0.15000000000000002
2013-10,8,TVW3,0.9,0.0984739044785063
2013-10,9,TVW1,0.25,0.2625180685048402
2013-10,9,TVW1,0.5,0.4000000000000001
2013-10,9,TVW1,0.75,0.3374819314951598
2013-10,9,TVW2,0.3333333333333333,0.3
2013-10,9,TVW2,0.5,0.30000000000000016
2013-10,9,TVW2,0.6666666666666666,0.39999999999999997
2013-10,9,TVW3,0.1,0.15
2013-10,9,TVW3,0.25,0.2443701408196399
2013-10,9,TVW3,0.5,0.3
2013-10,9,TVW3,0.75,0.15562985918036018
2013-10,9,TVW3,0.9,0.15
2013-10,10,TVW1,0.25,0.39999999999999997
2013-10,10,TVW1,0.5,0.4
2013-10,10,TVW1,0.75,0.2
2013-10,10,TVW2,0.3333333333333333,0.4
2013-10,10,TVW2,0.5,0.4000000000000001
2013-10,10,TVW2,0.6666666666666666,0.2
2013-10,10,TVW3,0.1,0.15
2013-10,10,TVW3,0.25,0.3499999999999999
2013-10,10,TVW3,0.5,0.34654314843481526
2013-10,10,TVW3,0.75,0.15000000000000002
2013-10,10,TVW3,0.9,0.0034568515651847882
2013-10,11,TVW1,0.25,0.4
2013-10,11,TVW1,0.5,0.4
2013-10,11,TVW1,0.75,0.2
2013-10,11,TVW2,0.3333333333333333,0.4000000000000001
2013-10,11,TVW2,0.5,0.30000000000000004
2013-10,11,TVW2,0.6666666666666666,0.3
2013-10,11,TVW3,0.1,0.14999999999999997
2013-10,11,TVW3,0.25,0.27629023047114126
2013-10,11,TVW3,0.5,0.29999999999999993
2013-10,11,TVW3,0.75,0.27370976952885884
2013-10,11,TVW3,0.9,0.0
2013-10,12,TVW1,0.25,0.26273089627526025
2013-10,12,TVW1,0.5,0.5372691037247398
2013-10,12,TVW1,0.75,0.2
2013-10,12,TVW2,0.3333333333333333,0.4
2013-10,12,TVW2,0.5,0.3999999999999999
2013-10,12,TVW2,0.6666666666666666,0.2
2013-10,12,TVW3,0.1,0.14999999999999988
2013-10,12,TVW3,0.25,0.15000000000000005
2013-10,12,TVW3,0.5,0.4304305407718321
2013-10,12,TVW3,0.75,0.2695694592281679
2013-10,12,TVW3,0.9,0.0
2013-10,13,TVW1,0.25,0.3381483952234727
2013-10,13,TVW1,0.5,0.4
2013-10,13,TVW1,0.75,0.2618516047765274
2013-10,13,TVW2,0.3333333333333333,0.4
2013-10,13,TVW2,0.5,0.30631404659300526
2013-10,13,TVW2,0.6666666666666666,0.2936859534069947
2013-10,13,TVW3,0.1,0.15000000000000002
2013-10,13,TVW3,0.25,0.20283183474932054
2013-10,13,TVW3,0.5,0.30000000000000016
2013-10,13,TVW3,0.75,0.3471681652506794
2013-10,13,TVW3,0.9,0.0
2013-11,1,TVW1,0.25,0.3378840645032792
2013-11,1,TVW1,0.5,0.39999999999999986
2013-11,1,TVW1,0.75,0.26211593549672085
2013-11,1,TVW2,0.3333333333333333,0.3919238369691814
2013-11,1,TVW2,0.5,0.2999999999999997
2013-11,1,TVW2,0.6666666666666666,0.3080761630308187
2013-11,1,TVW3,0.1,0.14999999999999997
2013-11,1,TVW3,0.25,0.2000000000000002
2013-11,1,TVW3,0.5,0.30000000000000016
2013-11,1,TVW3,0.75,0.34999999999999976
2013-11,1,TVW3,0.9,0.0
2013-11,2,TVW1,0.25,0.3421016155673592
2013-11,2,TVW1,0.5,0.4
2013-11,2,TVW1,0.75,0.25789838443264085
2013-11,2,TVW2,0.3333333333333333,0.4
2013-11,2,TVW2,0.5,0.34003311482019466
2013-11,2,TVW2,0.6666666666666666,0.2599668851798054
2013-11,2,TVW3,0.1,0.14999999999999988
2013-11,2,TVW3,0.25,0.2608520080787061
2013-11,2,TVW3,0.5,0.30000000000000004
2013-11,2,TVW3,0.75,0.15000000000000005
2013-11,2,TVW3,0.9,0.1391479919212939
2013-11,3,TVW1,0.25,0.3631486080073053
2013-11,3,TVW1,0.5,0.4
2013-11,3,TVW1,0.75,0.2368513919926947
2013-11,3,TVW2,0.3333333333333333,0.37114872785480557
2013-11,3,TVW2,0.5,0.29999999999999993
2013-11,3,TVW2,0.6666666666666666,0.3288512721451946
2013-11,3,TVW3,0.1,0.15
2013-11,3,TVW3,0.25,0.2499999999999999
2013-11,3,TVW3,0.5,0.3
2013-11,3,TVW3,0.75,0.15
2013-11,3,TVW3,0.9,0.15
2013-11,4,TVW1,0.25,0.20360242462861528
2013-11,4,TVW1,0.5,0.5963975753713847
2013-11,4,TVW1,0.75,0.2
2013-11,4,TVW2,0.3333333333333333,0.2947416852703595
2013-11,4,TVW2,0.5,0.4999999999999999
2013-11,4,TVW2,0.6666666666666666,0.20525831472964062
2013-11,4,TVW3,0.1,0.14262415704280984
2013-11,4,TVW3,0.25,0.14999999999999997
2013-11,4,TVW3,0.5,0.4999999999999999
2013-11,4,TVW3,0.75,0.14999999999999997
2013-11,4,TVW3,0.9,0.05737584295719036
2013-11,5,TVW1,0.25,0.39999999999999997
2013-11,5,TVW1,0.5,0.40000000000000013
2013-11,5,TVW1,0.75,0.2
2013-11,5,TVW2,0.3333333333333333,0.4
2013-11,5,TVW2,0.5,0.4
2013-11,5,TVW2,0.6666666666666666,0.2
2013-11,5,TVW3,0.1,0.11151997996490953
2013-11,5,TVW3,0.25,0.34999999999999976
2013-11,5,TVW3,0.5,0.2999999999999999
2013-11,5,TVW3,0.75,0.15000000000000022
2013-11,5,TVW3,0.9,0.08848002003509056
2013-11,6,TVW1,0.25,0.2
2013-11,6,TVW1,0.5,0.5858776843108537
2013-11,6,TVW1,0.75,0.21412231568914625
2013-11,6,TVW2,0.3333333333333333,0.3363249935978993
2013-11,6,TVW2,0.5,0.3000000000000001
2013-11,6,TVW2,0.6666666666666666,0.3636750064021006
2013-11,6,TVW3,0.1,0.09050216910850954
2013-11,6,TVW3,0.25,0.1500000000000001
2013-11,6,TVW3,0.5,0.5
2013-11,6,TVW3,0.75,0.1500000000000002
2013-11,6,TVW3,0.9,0.10949783089149023
2013-11,7,TVW1,0.25,0.20000000000000007
2013-11,7,TVW1,0.5,0.6
2013-11,7,TVW1,0.75,0.2
2013-11,7,TVW2,0.3333333333333333,0.2321122391862628
2013-11,7,TVW2,0.5,0.49999999999999983
2013-11,7,TVW2,0.6666666666666666,0.26788776081373733
2013-11,7,TVW3,0.1,0.14999999999999997
2013-11,7,TVW3,0.25,0.15
2013-11,7,TVW3,0.5,0.4466681166706021
2013-11,7,TVW3,0.75,0.15
2013-11,7,TVW3,0.9,0.10333188332939804
2013-11,8,TVW1,0.25,0.31790076126497563
2013-11,8,TVW1,0.5,0.4
2013-11,8,TVW1,0.75,0.28209923873502435
2013-11,8,TVW2,0.3333333333333333,0.3659011048685887
2013-11,8,TVW2,0.5,0.30000000000000016
2013-11,8,TVW2,0.6666666666666666,0.33409889513141117
2013-11,8,TVW3,0.1,0.15
2013-11,8,TVW3,0.25,0.183078997599839
2013-11,8,TVW3,0.5,0.3
2013-11,8,TVW3,0.75,0.35
2013-11,8,TVW3,0.9,0.01692100240016114
2013-11,9,TVW1,0.25,0.2937777544411329
2013-11,9,TVW1,0.5,0.3999999999999999
2013-11,9,TVW1,0.75,0.3062222455588671
2013-11,9,TVW2,0.3333333333333333,0.4
2013-11,9,TVW2,0.5,0.3
2013-11,9,TVW2,0.6666666666666666,0.3
2013-11,9,TVW3,0.1,0.15
2013-11,9,TVW3,0.25,0.24598800375844684
2013-11,9,TVW3,0.5,0.3
2013-11,9,TVW3,0.75,0.15401199624155332
2013-11,9,TVW3,0.9,0.15
2013-11,10,TVW1,0.25,0.4
2013-11,10,TVW1,0.5,0.4
2013-11,10,TVW1,0.75,0.20000000000000004
2013-11,10,TVW2,0.3333333333333333,0.4
2013-11,10,TVW2,0.5,0.4000000000000001
2013-11,10,TVW2,0.6666666666666666,0.2
2013-11,10,TVW3,0.1,0.15
2013-11,10,TVW3,0.25,0.3499999999999999
2013-11,10,TVW3,0.5,0.33961016337638605
2013-11,10,TVW3,0.75,0.15
2013-11,10,TVW3,0.9,0.01038983662361406
2013-11,11,TVW1,0.25,0.364416941062117
2013-11,11,TVW1,0.5,0.3999999999999999
2013-11,11,TVW1,0.75,0.23558305893788298
2013-11,11,TVW2,0.3333333333333333,0.34836739409972484
2013-11,11,TVW2,0.5,0.3
2013-11,11,TVW2,0.6666666666666666,0.35163260590027523
2013-11,11,TVW3,0.1,0.15
2013-11,11,TVW3,0.25,0.22347557950730457
2013-11,11,TVW3,0.5,0.30000000000000004
2013-11,11,TVW3,0.75,0.3265244204926954
2013-11,11,TVW3,0.9,0.0
2013-11,12,TVW1,0.25,0.3287593107808717
2013-11,12,TVW1,0.5,0.4712406892191283
2013-11,12,TVW1,0.75,0.2
2013-11,12,TVW2,0.3333333333333333,0.3999999999999999
2013-11,12,TVW2,0.5,0.4
2013-11,12,TVW2,0.6666666666666666,0.19999999999999996
2013-11,12,TVW3,0.1,0.15000000000000002
2013-11,12,TVW3,0.25,0.15000000000000002
2013-11,12,TVW3,0.5,0.46978576316274406
2013-11,12,TVW3,0.75,0.23021423683725586
2013-11,12,TVW3,0.9,9.176981993329122e-18
2013-11,13,TVW1,0.25,0.3267468376763907
2013-11,13,TVW1,0.5,0.4
2013-11,13,TVW1,0.75,0.27325316232360936
2013-11,13,TVW2,0.3333333333333333,0.3939991778365245
2013-11,13,TVW2,0.5,0.29999999999999993
2013-11,13,TVW2,0.6666666666666666,0.3060008221634755
2013-11,13,TVW3,0.1,0.15
2013-11,13,TVW3,0.25,0.2
2013-11,13,TVW3,0.5,0.30000000000000016
2013-11,13,TVW3,0.75,0.35
2013-11,13,TVW3,0.9,0.0
2013-12,1,TVW1,0.25,0.22657579477399387
2013-12,1,TVW1,0.5,0.4
2013-12,1,TVW1,0.75,0.3734242052260061
2013-12,1,TVW2,0.3333333333333333,0.30000000000000004
2013-12,1,TVW2,0.5,0.3
2013-12,1,TVW2,0.6666666666666666,0.4
2013-12,1,TVW3,0.1,0.14999999999999988
2013-12,1,TVW3,0.25,0.15000000000000016
2013-12,1,TVW3,0.5,0.3233390252920551
2013-12,1,TVW3,0.75,0.35
2013-12,1,TVW3,0.9,0.026660974707944814
2013-12,2,TVW1,0.25,0.24059748507102008
2013-12,2,TVW1,0.5,0.4
2013-12,2,TVW1,0.75,0.3594025149289799
2013-12,2,TVW2,0.3333333333333333,0.3181135895264372
2013-12,2,TVW2,0.5,0.30000000000000016
2013-12,2,TVW2,0.6666666666666666,0.38188641047356264
2013-12,2,TVW3,0.1,0.15
2013-12,2,TVW3,0.25,0.20723059759887708
2013-12,2,TVW3,0.5,0.3
2013-12,2,TVW3,0.75,0.19276940240112295
2013-12,2,TVW3,0.9,0.14999999999999997
2013-12,3,TVW1,0.25,0.2109364936789349
2013-12,3,TVW1,0.5,0.5558473865342008
2013-12,3,TVW1,0.75,0.2332161197868643
2013-12,3,TVW2,0.3333333333333333,0.27807254495845307
2013-12,3,TVW2,0.5,0.5
2013-12,3,TVW2,0.6666666666666666,0.22192745504154687
2013-12,3,TVW3,0.1,0.15000000000000002
2013-12,3,TVW3,0.25,0.2444223679436931
2013-12,3,TVW3,0.5,0.30557763205630684
2013-12,3,TVW3,0.75,0.15000000000000005
2013-12,3,TVW3,0.9,0.15000000000000002
2013-12,4,TVW1,0.25,0.21961579661325056
2013-12,4,TVW1,0.5,0.4000000000000001
2013-12,4,TVW1,0.75,0.38038420338674944
2013-12,4,TVW2,0.3333333333333333,0.2809233436339684
2013-12,4,TVW2,0.5,0.3190766563660316
2013-12,4,TVW2,0.6666666666666666,0.4
2013-12,4,TVW3,0.1,0.1418044386995525
2013-12,4,TVW3,0.25,0.15000000000000002
2013-12,4,TVW3,0.5,0.30000000000000004
2013-12,4,TVW3,0.75,0.3499999999999999
2013-12,4,TVW3,0.9,0.05819556130044753
2013-12,5,TVW1,0.25,0.2
2013-12,5,TVW1,0.5,0.6
2013-12,5,TVW1,0.75,0.2
2013-12,5,TVW2,0.3333333333333333,0.27122425609848927
2013-12,5,TVW2,0.5,0.5000000000000001
2013-12,5,TVW2,0.6666666666666666,0.22877574390151068
2013-12,5,TVW3,0.1,0.0
2013-12,5,TVW3,0.25,0.2887714869015327
2013-12,5,TVW3,0.5,0.5
2013-12,5,TVW3,0.75,0.15000000000000074
2013-12,5,TVW3,0.9,0.061228513098466546
2013-12,6,TVW1,0.25,0.20000000000000004
2013-12,6,TVW1,0.5,0.4
2013-12,6,TVW1,0.75,0.4
2013-12,6,TVW2,0.3333333333333333,0.2
2013-12,6,TVW2,0.5,0.40000000000000013
2013-12,6,TVW2,0.6666666666666666,0.39999999999999997
2013-12,6,TVW3,0.1,5.500333772350698e-19
2013-12,6,TVW3,0.25,0.23902758926998297
2013-12,6,TVW3,0.5,0.30000000000000004
2013-12,6,TVW3,0.75,0.3109724107300172
2013-12,6,TVW3,0.9,0.15
2013-12,7,TVW1,0.25,0.21355624804795575
2013-12,7,TVW1,0.5,0.4
2013-12,7,TVW1,0.75,0.3864437519520443
2013-12,7,TVW2,0.3333333333333333,0.2860352936619296
2013-12,7,TVW2,0.5,0.3139647063380704
2013-12,7,TVW2,0.6666666666666666,0.4
2013-12,7,TVW3,0.1,5.898059818321144e-17
2013-12,7,TVW3,0.25,0.35
2013-12,7,TVW3,0.5,0.3
2013-12,7,TVW3,0.75,0.2000000000000001
2013-12,7,TVW3,0.9,0.15
2013-12,8,TVW1,0.25,0.2
2013-12,8,TVW1,0.5,0.4
2013-12,8,TVW1,0.75,0.3999999999999999
2013-12,8,TVW2,0.3333333333333333,0.29999999999999993
2013-12,8,TVW2,0.5,0.30000000000000004
2013-12,8,TVW2,0.6666666666666666,0.4000000000000001
2013-12,8,TVW3,0.1,0.13250019705919544
2013-12,8,TVW3,0.25,0.15
2013-12,8,TVW3,0.5,0.3
2013-12,8,TVW3,0.75,0.35
2013-12,8,TVW3,0.9,0.0674998029408046
2013-12,9,TVW1,0.25,0.2
2013-12,9,TVW1,0.5,0.4
2013-12,9,TVW1,0.75,0.4
2013-12,9,TVW2,0.3333333333333333,0.30000000000000016
2013-12,9,TVW2,0.5,0.3
2013-12,9,TVW2,0.6666666666666666,0.4
2013-12,9,TVW3,0.1,0.0
2013-12,9,TVW3,0.25,0.32676295134804434
2013-12,9,TVW3,0.5,0.30000000000000004
2013-12,9,TVW3,0.75,0.22323704865195557
2013-12,9,TVW3,0.9,0.15
2013-12,10,TVW1,0.25,0.3999999999999999
2013-12,10,TVW1,0.5,0.4
2013-12,10,TVW1,0.75,0.2
2013-12,10,TVW2,0.3333333333333333,0.3000000000000001
2013-12,10,TVW2,0.5,0.5
2013-12,10,TVW2,0.6666666666666666,0.20000000000000004
2013-12,10,TVW3,0.1,0.15
2013-12,10,TVW3,0.25,0.2595241201300448
2013-12,10,TVW3,0.5,0.3000000000000002
2013-12,10,TVW3,0.75,0.2904758798699551
2013-12,10,TVW3,0.9,0.0
2013-12,11,TVW1,0.25,0.30040275102643726
2013-12,11,TVW1,0.5,0.3999999999999997
2013-12,11,TVW1,0.75,0.29959724897356305
2013-12,11,TVW2,0.3333333333333333,0.2000000000000001
2013-12,11,TVW2,0.5,0.49999999999999994
2013-12,11,TVW2,0.6666666666666666,0.3
2013-12,11,TVW3,0.1,0.1499999999999999
2013-12,11,TVW3,0.25,0.19899035834954748
2013-12,11,TVW3,0.5,0.29999999999999993
2013-12,11,TVW3,0.75,0.3499999999999999
2013-12,11,TVW3,0.9,0.001009641650452669
2013-12,12,TVW1,0.25,0.20000000000000004
2013-12,12,TVW1,0.5,0.5999999999999999
2013-12,12,TVW1,0.75,0.20000000000000018
2013-12,12,TVW2,0.3333333333333333,0.26829347059509745
2013-12,12,TVW2,0.5,0.49999999999999994
2013-12,12,TVW2,0.6666666666666666,0.2317065294049026
2013-12,12,TVW3,0.1,0.06222359077363471
2013-12,12,TVW3,0.25,0.15
2013-12,12,TVW3,0.5,0.5
2013-12,12,TVW3,0.75,0.2877764092263654
2013-12,12,TVW3,0.9,0.0
2013-12,13,TVW1,0.25,0.3054724625666396
2013-12,13,TVW1,0.5,0.4000000000000005
2013-12,13,TVW1,0.75,0.2945275374333598
2013-12,13,TVW2,0.3333333333333333,0.3857758281993527
2013-12,13,TVW2,0.5,0.3
2013-12,13,TVW2,0.6666666666666666,0.3142241718006474
2013-12,13,TVW3,0.1,0.09340042815142775
2013-12,13,TVW3,0.25,0.25659957184857224
2013-12,13,TVW3,0.5,0.3000000000000001
2013-12,13,TVW3,0.75,0.3499999999999999
2013-12,13,TVW3,0.9,5.919533582267788e-17
2014-01,1,TVW1,0.25,0.4
2014-01,1,TVW1,0.5,0.4
2014-01,1,TVW1,0.75,0.2
2014-01,1,TVW2,0.3333333333333333,0.4000000000000001
2014-01,1,TVW2,0.5,0.3999999999999997
2014-01,1,TVW2,0.6666666666666666,0.2000000000000003
2014-01,1,TVW3,0.1,0.15
2014-01,1,TVW3,0.25,0.35
2014-01,1,TVW3,0.5,0.35000000000000003
2014-01,1,TVW3,0.75,0.15
2014-01,1,TVW3,0.9,0.0
2014-01,2,TVW1,0.25,0.4
2014-01,2,TVW1,0.5,0.4
2014-01,2,TVW1,0.75,0.2
2014-01,2,TVW2,0.3333333333333333,0.4
2014-01,2,TVW2,0.5,0.39999999999999997
2014-01,2,TVW2,0.6666666666666666,0.20000000000000007
2014-01,2,TVW3,0.1,0.15000000000000002
2014-01,2,TVW3,0.25,0.35
2014-01,2,TVW3,0.5,0.3500000000000001
2014-01,2,TVW3,0.75,0.15000000000000005
2014-01,2,TVW3,0.9,0.0
2014-01,3,TVW1,0.25,0.39999999999999986
2014-01,3,TVW1,0.5,0.39999999999999986
2014-01,3,TVW1,0.75,0.2000000000000003
2014-01,3,TVW2,0.3333333333333333,0.4
2014-01,3,TVW2,0.5,0.3999999999999998
2014-01,3,TVW2,0.6666666666666666,0.20000000000000012
2014-01,3,TVW3,0.1,0.15
2014-01,3,TVW3,0.25,0.35
2014-01,3,TVW3,0.5,0.3500000000000001
2014-01,3,TVW3,0.75,0.15000000000000002
2014-01,3,TVW3,0.9,0.0
2014-01,4,TVW1,0.25,0.4
2014-01,4,TVW1,0.5,0.4000000000000001
2014-01,4,TVW1,0.75,0.2
2014-01,4,TVW2,0.3333333333333333,0.4
2014-01,4,TVW2,0.5,0.39999999999999997
2014-01,4,TVW2,0.6666666666666666,0.2
2014-01,4,TVW3,0.1,0.15
2014-01,4,TVW3,0.25,0.20986490140428743
2014-01,4,TVW3,0.5,0.49013509859571275
2014-01,4,TVW3,0.75,0.15
2014-01,4,TVW3,0.9,1.25525769943329e-17
2014-01,5,TVW1,0.25,0.39999999999999997
2014-01,5,TVW1,0.5,0.4
2014-01,5,TVW1,0.75,0.20000000000000004
2014-01,5,TVW2,0.3333333333333333,0.4
2014-01,5,TVW2,0.5,0.3999999999999999
2014-01,5,TVW2,0.6666666666666666,0.2
2014-01,5,TVW3,0.1,0.15
2014-01,5,TVW3,0.25,0.35
2014-01,5,TVW3,0.5,0.35000000000000014
2014-01,5,TVW3,0.75,0.15
2014-01,5,TVW3,0.9,0.0
2014-01,6,TVW1,0.25,0.2
2014-01,6,TVW1,0.5,0.51268344005917
2014-01,6,TVW1,0.75,0.2873165599408301
2014-01,6,TVW2,0.3333333333333333,0.3053782254145304
2014-01,6,TVW2,0.5,0.30000000000000004
2014-01,6,TVW2,0.6666666666666666,0.3946217745854696
2014-01,6,TVW3,0.1,0.04319912205083956
2014-01,6,TVW3,0.25,0.15000000000000002
2014-01,6,TVW3,0.5,0.49999999999999994
2014-01,6,TVW3,0.75,0.3068008779491605
2014-01,6,TVW3,0.9,1.3700684468055929e-17
2014-01,7,TVW1,0.25,0.4
2014-01,7,TVW1,0.5,0.4
2014-01,7,TVW1,0.75,0.2
2014-01,7,TVW2,0.3333333333333333,0.40000000000000013
2014-01,7,TVW2,0.5,0.3798191721873006
2014-01,7,TVW2,0.6666666666666666,0.22018082781269943
2014-01,7,TVW3,0.1,0.04301271026912534
2014-01,7,TVW3,0.25,0.30698728973087464
2014-01,7,TVW3,0.5,0.5
2014-01,7,TVW3,0.75,0.15
2014-01,7,TVW3,0.9,2.4791339563807476e-17
2014-01,8,TVW1,0.25,0.4
2014-01,8,TVW1,0.5,0.4
2014-01,8,TVW1,0.75,0.2
2014-01,8,TVW2,0.3333333333333333,0.379077060428399
2014-01,8,TVW2,0.5,0.42092293957160104
2014-01,8,TVW2,0.6666666666666666,0.19999999999999996
2014-01,8,TVW3,0.1,0.15
2014-01,8,TVW3,0.25,0.21090399405264826
2014-01,8,TVW3,0.5,0.48909600594735186
2014-01,8,TVW3,0.75,0.15
2014-01,8,TVW3,0.9,0.0
2014-01,9,TVW1,0.25,0.39999999999999986
2014-01,9,TVW1,0.5,0.4000000000000001
2014-01,9,TVW1,0.75,0.20000000000000004
2014-01,9,TVW2,0.3333333333333333,0.4
2014-01,9,TVW2,0.5,0.3999999999999998
2014-01,9,TVW2,0.6666666666666666,0.2000000000000003
2014-01,9,TVW3,0.1,0.14999999999999997
2014-01,9,TVW3,0.25,0.35
2014-01,9,TVW3,0.5,0.35000000000000003
2014-01,9,TVW3,0.75,0.15
2014-01,9,TVW3,0.9,0.0
2014-01,10,TVW1,0.25,0.3999999999999998
2014-01,10,TVW1,0.5,0.4000000000000002
2014-01,10,TVW1,0.75,0.20000000000000007
2014-01,10,TVW2,0.3333333333333333,0.40000000000000013
2014-01,10,TVW2,0.5,0.3999999999999999
2014-01,10,TVW2,0.6666666666666666,0.20000000000000007
2014-01,10,TVW3,0.1,0.15
2014-01,10,TVW3,0.25,0.35
2014-01,10,TVW3,0.5,0.35000000000000014
2014-01,10,TVW3,0.75,0.15
2014-01,10,TVW3,0.9,5.899711187336463e-17
2014-01,11,TVW1,0.25,0.3999999999999998
2014-01,11,TVW1,0.5,0.4000000000000002
2014-01,11,TVW1,0.75,0.20000000000000004
2014-01,11,TVW2,0.3333333333333333,0.4
2014-01,11,TVW2,0.5,0.4
2014-01,11,TVW2,0.6666666666666666,0.20000000000000004
2014-01,11,TVW3,0.1,0.14999999999999977
2014-01,11,TVW3,0.25,0.35
2014-01,11,TVW3,0.5,0.35000000000000037
2014-01,11,TVW3,0.75,0.15
2014-01,11,TVW3,0.9,5.551115123125783e-17
2014-01,12,TVW1,0.25,0.4
2014-01,12,TVW1,0.5,0.4
2014-01,12,TVW1,0.75,0.2
2014-01,12,TVW2,0.3333333333333333,0.3999999999999999
2014-01,12,TVW2,0.5,0.4000000000000001
2014-01,12,TVW2,0.6666666666666666,0.19999999999999996
2014-01,12,TVW3,0.1,0.15
2014-01,12,TVW3,0.25,0.3499999999999999
2014-01,12,TVW3,0.5,0.3499999999999999
2014-01,12,TVW3,0.75,0.15000000000000008
2014-01,12,TVW3,0.9,0.0
2014-01,13,TVW1,0.25,0.4
2014-01,13,TVW1,0.5,0.4
2014-01,13,TVW1,0.75,0.2
2014-01,13,TVW2,0.3333333333333333,0.4
2014-01,13,TVW2,0.5,0.4
2014-01,13,TVW2,0.6666666666666666,0.20000000000000004
2014-01,13,TVW3,0.1,0.1499999999999999
2014-01,13,TVW3,0.25,0.35
2014-01,13,TVW3,0.5,0.35000000000000014
2014-01,13,TVW3,0.75,0.15
2014-01,13,TVW3,0.9,6.938893903907228e-17
2014-02,1,TVW1,0.25,0.4
2014-02,1,TVW1,0.5,0.4
2014-02,1,TVW1,0.75,0.2
2014-02,1,TVW2,0.3333333333333333,0.39999999999999997
2014-02,1,TVW2,0.5,0.4000000000000001
2014-02,1,TVW2,0.6666666666666666,0.20000000000000007
2014-02,1,TVW3,0.1,0.15
2014-02,1,TVW3,0.25,0.34999999999999987
2014-02,1,TVW3,0.5,0.35000000000000014
2014-02,1,TVW3,0.75,0.15000000000000002
2014-02,1,TVW3,0.9,0.0
2014-02,2,TVW1,0.25,0.3999999999999999
2014-02,2,TVW1,0.5,0.40000000000000013
2014-02,2,TVW1,0.75,0.2
2014-02,2,TVW2,0.3333333333333333,0.39999999999999997
2014-02,2,TVW2,0.5,0.39999999999999997
2014-02,2,TVW2,0.6666666666666666,0.2
2014-02,2,TVW3,0.1,0.15
2014-02,2,TVW3,0.25,0.3499999999999999
2014-02,2,TVW3,0.5,0.3500000000000001
2014-02,2,TVW3,0.75,0.15
2014-02,2,TVW3,0.9,0.0
2014-02,3,TVW1,0.25,0.3999999999999999
2014-02,3,TVW1,0.5,0.40000000000000013
2014-02,3,TVW1,0.75,0.2
2014-02,3,TVW2,0.3333333333333333,0.40000000000000013
2014-02,3,TVW2,0.5,0.3999999999999997
2014-02,3,TVW2,0.6666666666666666,0.20000000000000015
2014-02,3,TVW3,0.1,0.15
2014-02,3,TVW3,0.25,0.35
2014-02,3,TVW3,0.5,0.3500000000000001
2014-02,3,TVW3,0.75,0.15
2014-02,3,TVW3,0.9,0.0
2014-02,4,TVW1,0.25,0.4
2014-02,4,TVW1,0.5,0.4000000000000001
2014-02,4,TVW1,0.75,0.2
2014-02,4,TVW2,0.3333333333333333,0.4
2014-02,4,TVW2,0.5,0.4000000000000001
2014-02,4,TVW2,0.6666666666666666,0.2
2014-02,4,TVW3,0.1,0.15
2014-02,4,TVW3,0.25,0.2909914624070271
2014-02,4,TVW3,0.5,0.40900853759297295
2014-02,4,TVW3,0.75,0.15
2014-02,4,TVW3,0.9,0.0
2014-02,5,TVW1,0.25,0.39999999999999997
2014-02,5,TVW1,0.5,0.4000000000000001
2014-02,5,TVW1,0.75,0.2
2014-02,5,TVW2,0.3333333333333333,0.4
2014-02,5,TVW2,0.5,0.4000000000000001
2014-02,5,TVW2,0.6666666666666666,0.2
2014-02,5,TVW3,0.1,0.10109421672362014
2014-02,5,TVW3,0.25,0.35
2014-02,5,TVW3,0.5,0.39890578327637993
2014-02,5,TVW3,0.75,0.15
2014-02,5,TVW3,0.9,1.0333518922627633e-17
2014-02,6,TVW1,0.25,0.2
2014-02,6,TVW1,0.5,0.4532450718840552
2014-02,6,TVW1,0.75,0.34675492811594477
2014-02,6,TVW2,0.3333333333333333,0.19999999999999996
2014-02,6,TVW2,0.5,0.4213100689041944
2014-02,6,TVW2,0.6666666666666666,0.37868993109580545
2014-02,6,TVW3,0.1,0.009180646818246745
2014-02,6,TVW3,0.25,0.15000000000000002
2014-02,6,TVW3,0.5,0.4999999999999996
2014-02,6,TVW3,0.75,0.3408193531817534
2014-02,6,TVW3,0.9,1.1419131377909888e-16
2014-02,7,TVW1,0.25,0.37691838606182393
2014-02,7,TVW1,0.5,0.4230816139381761
2014-02,7,TVW1,0.75,0.2
2014-02,7,TVW2,0.3333333333333333,0.4
2014-02,7,TVW2,0.5,0.4
2014-02,7,TVW2,0.6666666666666666,0.2
2014-02,7,TVW3,0.1,0.015243610304728776
2014-02,7,TVW3,0.25,0.3347563896952714
2014-02,7,TVW3,0.5,0.4999999999999999
2014-02,7,TVW3,0.75,0.15
2014-02,7,TVW3,0.9,5.695118892380001e-17
2014-02,8,TVW1,0.25,0.3999999999999999
2014-02,8,TVW1,0.5,0.3999999999999999
2014-02,8,TVW1,0.75,0.2000000000000001
2014-02,8,TVW2,0.3333333333333333,0.3999999999999999
2014-02,8,TVW2,0.5,0.4
2014-02,8,TVW2,0.6666666666666666,0.19999999999999996
2014-02,8,TVW3,0.1,0.14999999999999994
2014-02,8,TVW3,0.25,0.35000000000000003
2014-02,8,TVW3,0.5,0.3056546923480621
2014-02,8,TVW3,0.75,0.15000000000000002
2014-02,8,TVW3,0.9,0.04434530765193802
2014-02,9,TVW1,0.25,0.4
2014-02,9,TVW1,0.5,0.4
2014-02,9,TVW1,0.75,0.20000000000000007
2014-02,9,TVW2,0.3333333333333333,0.40000000000000013
2014-02,9,TVW2,0.5,0.39999999999999997
2014-02,9,TVW2,0.6666666666666666,0.20000000000000007
2014-02,9,TVW3,0.1,0.15
2014-02,9,TVW3,0.25,0.3499999999999999
2014-02,9,TVW3,0.5,0.35000000000000014
2014-02,9,TVW3,0.75,0.15000000000000002
2014-02,9,TVW3,0.9,0.0
2014-02,10,TVW1,0.25,0.4
2014-02,10,TVW1,0.5,0.4000000000000001
2014-02,10,TVW1,0.75,0.2
2014-02,10,TVW2,0.3333333333333333,0.3999999999999998
2014-02,10,TVW2,0.5,0.39999999999999997
2014-02,10,TVW2,0.6666666666666666,0.20000000000000007
2014-02,10,TVW3,0.1,0.1499999999999999
2014-02,10,TVW3,0.25,0.35
2014-02,10,TVW3,0.5,0.35
2014-02,10,TVW3,0.75,0.15
2014-02,10,TVW3,0.9,7.226204112495918e-17
2014-02,11,TVW1,0.25,0.4
2014-02,11,TVW1,0.5,0.4
2014-02,11,TVW1,0.75,0.2
2014-02,11,TVW2,0.3333333333333333,0.39999999999999986
2014-02,11,TVW2,0.5,0.40000000000000024
2014-02,11,TVW2,0.6666666666666666,0.19999999999999993
2014-02,11,TVW3,0.1,0.14999999999999988
2014-02,11,TVW3,0.25,0.35000000000000003
2014-02,11,TVW3,0.5,0.3499999999999999
2014-02,11,TVW3,0.75,0.15000000000000016
2014-02,11,TVW3,0.9,0.0
2014-02,12,TVW1,0.25,0.4
2014-02,12,TVW1,0.5,0.4
2014-02,12,TVW1,0.75,0.2
2014-02,12,TVW2,0.3333333333333333,0.3999999999999998
2014-02,12,TVW2,0.5,0.39999999999999997
2014-02,12,TVW2,0.6666666666666666,0.20000000000000015
2014-02,12,TVW3,0.1,0.1499999999999998
2014-02,12,TVW3,0.25,0.35
2014-02,12,TVW3,0.5,0.3500000000000002
2014-02,12,TVW3,0.75,0.15000000000000013
2014-02,12,TVW3,0.9,0.0
2014-02,13,TVW1,0.25,0.4
2014-02,13,TVW1,0.5,0.4
2014-02,13,TVW1,0.75,0.20000000000000007
2014-02,13,TVW2,0.3333333333333333,0.3999999999999998
2014-02,13,TVW2,0.5,0.39999999999999974
2014-02,13,TVW2,0.6666666666666666,0.20000000000000026
2014-02,13,TVW3,0.1,0.15000000000000005
2014-02,13,TVW3,0.25,0.3499999999999997
2014-02,13,TVW3,0.5,0.3500000000000002
2014-02,13,TVW3,0.75,0.15000000000000005
2014-02,13,TVW3,0.9,4.163336342344338e-17
2014-03,1,TVW1,0.25,0.39999999999999997
2014-03,1,TVW1,0.5,0.4
2014-03,1,TVW1,0.75,0.2
2014-03,1,TVW2,0.3333333333333333,0.4000000000000001
2014-03,1,TVW2,0.5,0.3999999999999999
2014-03,1,TVW2,0.6666666666666666,0.2000000000000001
2014-03,1,TVW3,0.1,0.15
2014-03,1,TVW3,0.25,0.35
2014-03,1,TVW3,0.5,0.3500000000000001
2014-03,1,TVW3,0.75,0.15
2014-03,1,TVW3,0.9,3.4757037486836013e-17
2014-03,2,TVW1,0.25,0.3999999999999999
2014-03,2,TVW1,0.5,0.3999999999999999
2014-03,2,TVW1,0.75,0.20000000000000004
2014-03,2,TVW2,0.3333333333333333,0.4
2014-03,2,TVW2,0.5,0.4
2014-03,2,TVW2,0.6666666666666666,0.20000000000000004
2014-03,2,TVW3,0.1,0.15
2014-03,2,TVW3,0.25,0.35
2014-03,2,TVW3,0.5,0.35
2014-03,2,TVW3,0.75,0.15000000000000005
2014-03,2,TVW3,0.9,0.0
2014-03,3,TVW1,0.25,0.4
2014-03,3,TVW1,0.5,0.4
2014-03,3,TVW1,0.75,0.2
2014-03,3,TVW2,0.3333333333333333,0.3999999999999999
2014-03,3,TVW2,0.5,0.39999999999999974
2014-03,3,TVW2,0.6666666666666666,0.2000000000000004
2014-03,3,TVW3,0.1,0.15
2014-03,3,TVW3,0.25,0.35
2014-03,3,TVW3,0.5,0.35
2014-03,3,TVW3,0.75,0.15000000000000002
2014-03,3,TVW3,0.9,0.0
2014-03,4,TVW1,0.25,0.39999999999999997
2014-03,4,TVW1,0.5,0.4
2014-03,4,TVW1,0.75,0.20000000000000007
2014-03,4,TVW2,0.3333333333333333,0.4000000000000001
2014-03,4,TVW2,0.5,0.3999999999999999
2014-03,4,TVW2,0.6666666666666666,0.20000000000000012
2014-03,4,TVW3,0.1,0.15
2014-03,4,TVW3,0.25,0.35
2014-03,4,TVW3,0.5,0.35000000000000014
2014-03,4,TVW3,0.75,0.15
2014-03,4,TVW3,0.9,3.138144248583225e-18
2014-03,5,TVW1,0.25,0.4
2014-03,5,TVW1,0.5,0.4
2014-03,5,TVW1,0.75,0.20000000000000004
2014-03,5,TVW2,0.3333333333333333,0.4
2014-03,5,TVW2,0.5,0.4
2014-03,5,TVW2,0.6666666666666666,0.20000000000000004
2014-03,5,TVW3,0.1,0.14510291977244133
2014-03,5,TVW3,0.25,0.3320356028068606
2014-03,5,TVW3,0.5,0.3728614774206982
2014-03,5,TVW3,0.75,0.15000000000000002
2014-03,5,TVW3,0.9,0.0
2014-03,6,TVW1,0.25,0.2
2014-03,6,TVW1,0.5,0.5257929167018182
2014-03,6,TVW1,0.75,0.2742070832981819
2014-03,6,TVW2,0.3333333333333333,0.20000000000000004
2014-03,6,TVW2,0.5,0.4523905001544847
2014-03,6,TVW2,0.6666666666666666,0.34760949984551537
2014-03,6,TVW3,0.1,3.3235325203838616e-17
2014-03,6,TVW3,0.25,0.19684867370184042
2014-03,6,TVW3,0.5,0.4999999999999999
2014-03,6,TVW3,0.75,0.3031513262981598
2014-03,6,TVW3,0.9,0.0
2014-03,7,TVW1,0.25,0.38684179284603654
2014-03,7,TVW1,0.5,0.41315820715396345
2014-03,7,TVW1,0.75,0.2
2014-03,7,TVW2,0.3333333333333333,0.39999999999999997
2014-03,7,TVW2,0.5,0.4
2014-03,7,TVW2,0.6666666666666666,0.20000000000000004
2014-03,7,TVW3,0.1,0.14999999999999994
2014-03,7,TVW3,0.25,0.18284440426736898
2014-03,7,TVW3,0.5,0.5
2014-03,7,TVW3,0.75,0.1500000000000001
2014-03,7,TVW3,0.9,0.01715559573263099
2014-03,8,TVW1,0.25,0.4
2014-03,8,TVW1,0.5,0.4
2014-03,8,TVW1,0.75,0.20000000000000004
2014-03,8,TVW2,0.3333333333333333,0.39999999999999997
2014-03,8,TVW2,0.5,0.4000000000000001
2014-03,8,TVW2,0.6666666666666666,0.2
2014-03,8,TVW3,0.1,0.08724808065489902
2014-03,8,TVW3,0.25,0.35000000000000003
2014-03,8,TVW3,0.5,0.4127519193451008
2014-03,8,TVW3,0.75,0.1500000000000001
2014-03,8,TVW3,0.9,8.808222700423455e-18
2014-03,9,TVW1,0.25,0.4
2014-03,9,TVW1,0.5,0.4
2014-03,9,TVW1,0.75,0.2
2014-03,9,TVW2,0.3333333333333333,0.4
2014-03,9,TVW2,0.5,0.39999999999999997
2014-03,9,TVW2,0.6666666666666666,0.2
2014-03,9,TVW3,0.1,0.15
2014-03,9,TVW3,0.25,0.3499999999999999
2014-03,9,TVW3,0.5,0.3500000000000001
2014-03,9,TVW3,0.75,0.15
2014-03,9,TVW3,0.9,3.295051461012386e-18
2014-03,10,TVW1,0.25,0.4
2014-03,10,TVW1,0.5,0.4
2014-03,10,TVW1,0.75,0.2
2014-03,10,TVW2,0.3333333333333333,0.39999999999999997
2014-03,10,TVW2,0.5,0.39999999999999997
2014-03,10,TVW2,0.6666666666666666,0.20000000000000015
2014-03,10,TVW3,0.1,0.14999999999999983
2014-03,10,TVW3,0.25,0.35
2014-03,10,TVW3,0.5,0.35000000000000014
2014-03,10,TVW3,0.75,0.15
2014-03,10,TVW3,0.9,1.177439518775297e-16
2014-03,11,TVW1,0.25,0.4
2014-03,11,TVW1,0.5,0.4
2014-03,11,TVW1,0.75,0.20000000000000007
2014-03,11,TVW2,0.3333333333333333,0.3999999999999999
2014-03,11,TVW2,0.5,0.4
2014-03,11,TVW2,0.6666666666666666,0.19999999999999996
2014-03,11,TVW3,0.1,0.15000000000000005
2014-03,11,TVW3,0.25,0.3500000000000001
2014-03,11,TVW3,0.5,0.3499999999999998
2014-03,11,TVW3,0.75,0.15000000000000005
2014-03,11,TVW3,0.9,1.3877787807814463e-17
2014-03,12,TVW1,0.25,0.39999999999999997
2014-03,12,TVW1,0.5,0.4000000000000001
2014-03,12,TVW1,0.75,0.2
2014-03,12,TVW2,0.3333333333333333,0.4
2014-03,12,TVW2,0.5,0.3999999999999997
2014-03,12,TVW2,0.6666666666666666,0.2000000000000004
2014-03,12,TVW3,0.1,0.15000000000000002
2014-03,12,TVW3,0.25,0.35000000000000003
2014-03,12,TVW3,0.5,0.34999999999999976
2014-03,12,TVW3,0.75,0.1500000000000002
2014-03,12,TVW3,0.9,0.0
2014-03,13,TVW1,0.25,0.4
2014-03,13,TVW1,0.5,0.4
2014-03,13,TVW1,0.75,0.20000000000000007
2014-03,13,TVW2,0.3333333333333333,0.39999999999999997
2014-03,13,TVW2,0.5,0.39999999999999997
2014-03,13,TVW2,0.6666666666666666,0.2
2014-03,13,TVW3,0.1,0.14999999999999997
2014-03,13,TVW3,0.25,0.35
2014-03,13,TVW3,0.5,0.35000000000000003
2014-03,13,TVW3,0.75,0.15
2014-03,13,TVW3,0.9,7.154968886769752e-17
2014-04,1,TVW1,0.25,0.4
2014-04,1,TVW1,0.5,0.4
2014-04,1,TVW1,0.75,0.20000000000000004
2014-04,1,TVW2,0.3333333333333333,0.4000000000000001
2014-04,1,TVW2,0.5,0.3999999999999999
2014-04,1,TVW2,0.6666666666666666,0.20000000000000007
2014-04,1,TVW3,0.1,0.15
2014-04,1,TVW3,0.25,0.35
2014-04,1,TVW3,0.5,0.35
2014-04,1,TVW3,0.75,0.15
2014-04,1,TVW3,0.9,0.0
2014-04,2,TVW1,0.25,0.39999999999999986
2014-04,2,TVW1,0.5,0.3999999999999999
2014-04,2,TVW1,0.75,0.2000000000000001
2014-04,2,TVW2,0.3333333333333333,0.4
2014-04,2,TVW2,0.5,0.4000000000000001
2014-04,2,TVW2,0.6666666666666666,0.2
2014-04,2,TVW3,0.1,0.15
2014-04,2,TVW3,0.25,0.35
2014-04,2,TVW3,0.5,0.35000000000000014
2014-04,2,TVW3,0.75,0.15000000000000002
2014-04,2,TVW3,0.9,0.0
2014-04,3,TVW1,0.25,0.3999999999999996
2014-04,3,TVW1,0.5,0.4000000000000005
2014-04,3,TVW1,0.75,0.2
2014-04,3,TVW2,0.3333333333333333,0.4
2014-04,3,TVW2,0.5,0.39999999999999997
2014-04,3,TVW2,0.6666666666666666,0.2
2014-04,3,TVW3,0.1,0.15
2014-04,3,TVW3,0.25,0.35
2014-04,3,TVW3,0.5,0.35000000000000003
2014-04,3,TVW3,0.75,0.15000000000000002
2014-04,3,TVW3,0.9,0.0
2014-04,4,TVW1,0.25,0.39999999999999986
2014-04,4,TVW1,0.5,0.3999999999999999
2014-04,4,TVW1,0.75,0.20000000000000007
2014-04,4,TVW2,0.3333333333333333,0.39999999999999997
2014-04,4,TVW2,0.5,0.40000000000000013
2014-04,4,TVW2,0.6666666666666666,0.20000000000000004
2014-04,4,TVW3,0.1,0.15
2014-04,4,TVW3,0.25,0.35
2014-04,4,TVW3,0.5,0.35000000000000003
2014-04,4,TVW3,0.75,0.15
2014-04,4,TVW3,0.9,8.316082258745546e-18
2014-04,5,TVW1,0.25,0.39999999999999997
2014-04,5,TVW1,0.5,0.4
2014-04,5,TVW1,0.75,0.2
2014-04,5,TVW2,0.3333333333333333,0.4
2014-04,5,TVW2,0.5,0.4
2014-04,5,TVW2,0.6666666666666666,0.2
2014-04,5,TVW3,0.1,0.14999999999999997
2014-04,5,TVW3,0.25,0.3499999999999999
2014-04,5,TVW3,0.5,0.35000000000000026
2014-04,5,TVW3,0.75,0.15
2014-04,5,TVW3,0.9,0.0
2014-04,6,TVW1,0.25,0.26215756469152435
2014-04,6,TVW1,0.5,0.4
2014-04,6,TVW1,0.75,0.33784243530847574
2014-04,6,TVW2,0.3333333333333333,0.30000000000000004
2014-04,6,TVW2,0.5,0.3
2014-04,6,TVW2,0.6666666666666666,0.4
2014-04,6,TVW3,0.1,4.420536189988296e-18
2014-04,6,TVW3,0.25,0.3183563299297316
2014-04,6,TVW3,0.5,0.33164367007026846
2014-04,6,TVW3,0.75,0.35
2014-04,6,TVW3,0.9,0.0
2014-04,7,TVW1,0.25,0.3999999999999997
2014-04,7,TVW1,0.5,0.40000000000000024
2014-04,7,TVW1,0.75,0.2
2014-04,7,TVW2,0.3333333333333333,0.4
2014-04,7,TVW2,0.5,0.4
2014-04,7,TVW2,0.6666666666666666,0.2
2014-04,7,TVW3,0.1,0.15000000000000002
2014-04,7,TVW3,0.25,0.18413123586002433
2014-04,7,TVW3,0.5,0.49999999999999994
2014-04,7,TVW3,0.75,0.15000000000000002
2014-04,7,TVW3,0.9,0.015868764139975764
2014-04,8,TVW1,0.25,0.39999999999999997
2014-04,8,TVW1,0.5,0.4
2014-04,8,TVW1,0.75,0.2
2014-04,8,TVW2,0.3333333333333333,0.39999999999999997
2014-04,8,TVW2,0.5,0.4000000000000001
2014-04,8,TVW2,0.6666666666666666,0.2
2014-04,8,TVW3,0.1,0.15000000000000002
2014-04,8,TVW3,0.25,0.35000000000000003
2014-04,8,TVW3,0.5,0.3239021099853761
2014-04,8,TVW3,0.75,0.15000000000000005
2014-04,8,TVW3,0.9,0.026097890014623756
2014-04,9,TVW1,0.25,0.4
2014-04,9,TVW1,0.5,0.4
2014-04,9,TVW1,0.75,0.20000000000000004
2014-04,9,TVW2,0.3333333333333333,0.39999999999999986
2014-04,9,TVW2,0.5,0.3999999999999999
2014-04,9,TVW2,0.6666666666666666,0.20000000000000004
2014-04,9,TVW3,0.1,0.14999999999999997
2014-04,9,TVW3,0.25,0.35
2014-04,9,TVW3,0.5,0.35000000000000003
2014-04,9,TVW3,0.75,0.15
2014-04,9,TVW3,0.9,2.2673092196013798e-17
2014-04,10,TVW1,0.25,0.4
2014-04,10,TVW1,0.5,0.4
2014-04,10,TVW1,0.75,0.2
2014-04,10,TVW2,0.3333333333333333,0.39999999999999997
2014-04,10,TVW2,0.5,0.39999999999999997
2014-04,10,TVW2,0.6666666666666666,0.2
2014-04,10,TVW3,0.1,0.14999999999999997
2014-04,10,TVW3,0.25,0.35000000000000003
2014-04,10,TVW3,0.5,0.35
2014-04,10,TVW3,0.75,0.15000000000000002
2014-04,10,TVW3,0.9,3.919864866877837e-17
2014-04,11,TVW1,0.25,0.4
2014-04,11,TVW1,0.5,0.4000000000000001
2014-04,11,TVW1,0.75,0.2
2014-04,11,TVW2,0.3333333333333333,0.4
2014-04,11,TVW2,0.5,0.3999999999999996
2014-04,11,TVW2,0.6666666666666666,0.20000000000000046
2014-04,11,TVW3,0.1,0.15
2014-04,11,TVW3,0.25,0.35
2014-04,11,TVW3,0.5,0.35
2014-04,11,TVW3,0.75,0.15
2014-04,11,TVW3,0.9,8.326672684688674e-17
2014-04,12,TVW1,0.25,0.4
2014-04,12,TVW1,0.5,0.4
2014-04,12,TVW1,0.75,0.2
2014-04,12,TVW2,0.3333333333333333,0.39999999999999986
2014-04,12,TVW2,0.5,0.4000000000000003
2014-04,12,TVW2,0.6666666666666666,0.19999999999999993
2014-04,12,TVW3,0.1,0.15000000000000002
2014-04,12,TVW3,0.25,0.35000000000000003
2014-04,12,TVW3,0.5,0.3499999999999998
2014-04,12,TVW3,0.75,0.15000000000000013
2014-04,12,TVW3,0.9,0.0
2014-04,13,TVW1,0.25,0.3999999999999999
2014-04,13,TVW1,0.5,0.3999999999999999
2014-04,13,TVW1,0.75,0.20000000000000012
2014-04,13,TVW2,0.3333333333333333,0.4
2014-04,13,TVW2,0.5,0.4000000000000001
2014-04,13,TVW2,0.6666666666666666,0.2
2014-04,13,TVW3,0.1,0.15
2014-04,13,TVW3,0.25,0.35
2014-04,13,TVW3,0.5,0.35
2014-04,13,TVW3,0.75,0.15
2014-04,13,TVW3,0.9,0.0
2014-05,1,TVW1,0.25,0.3999999999999999
2014-05,1,TVW1,0.5,0.3999999999999999
2014-05,1,TVW1,0.75,0.2000000000000001
2014-05,1,TVW2,0.3333333333333333,0.4
2014-05,1,TVW2,0.5,0.4
2014-05,1,TVW2,0.6666666666666666,0.2
2014-05,1,TVW3,0.1,0.15
2014-05,1,TVW3,0.25,0.35
2014-05,1,TVW3,0.5,0.35000000000000003
2014-05,1,TVW3,0.75,0.15
2014-05,1,TVW3,0.9,0.0
2014-05,2,TVW1,0.25,0.3999999999999999
2014-05,2,TVW1,0.5,0.3999999999999999
2014-05,2,TVW1,0.75,0.20000000000000004
2014-05,2,TVW2,0.3333333333333333,0.4
2014-05,2,TVW2,0.5,0.4
2014-05,2,TVW2,0.6666666666666666,0.2
2014-05,2,TVW3,0.1,0.11690552169141408
2014-05,2,TVW3,0.25,0.3499999999999999
2014-05,2,TVW3,0.5,0.38309447830858606
2014-05,2,TVW3,0.75,0.15
2014-05,2,TVW3,0.9,0.0
2014-05,3,TVW1,0.25,0.39999999999999986
2014-05,3,TVW1,0.5,0.4000000000000001
2014-05,3,TVW1,0.75,0.2
2014-05,3,TVW2,0.3333333333333333,0.3999999999999998
2014-05,3,TVW2,0.5,0.40000000000000013
2014-05,3,TVW2,0.6666666666666666,0.19999999999999996
2014-05,3,TVW3,0.1,0.11311624711152526
2014-05,3,TVW3,0.25,0.35
2014-05,3,TVW3,0.5,0.37995428313263574
2014-05,3,TVW3,0.75,0.15
2014-05,3,TVW3,0.9,0.006929469755839001
2014-05,4,TVW1,0.25,0.3999999999999999
2014-05,4,TVW1,0.5,0.40000000000000013
2014-05,4,TVW1,0.75,0.2
2014-05,4,TVW2,0.3333333333333333,0.4
2014-05,4,TVW2,0.5,0.4
2014-05,4,TVW2,0.6666666666666666,0.2
2014-05,4,TVW3,0.1,0.07700720271765375
2014-05,4,TVW3,0.25,0.35
2014-05,4,TVW3,0.5,0.4229927972823463
2014-05,4,TVW3,0.75,0.15
2014-05,4,TVW3,0.9,0.0
2014-05,5,TVW1,0.25,0.39999999999999997
2014-05,5,TVW1,0.5,0.40000000000000013
2014-05,5,TVW1,0.75,0.2
2014-05,5,TVW2,0.3333333333333333,0.39999999999999974
2014-05,5,TVW2,0.5,0.4000000000000003
2014-05,5,TVW2,0.6666666666666666,0.19999999999999987
2014-05,5,TVW3,0.1,0.046024307206577394
2014-05,5,TVW3,0.25,0.3499999999999999
2014-05,5,TVW3,0.5,0.45397569279342276
2014-05,5,TVW3,0.75,0.15
2014-05,5,TVW3,0.9,2.0623023534424236e-18
2014-05,6,TVW1,0.25,0.2
2014-05,6,TVW1,0.5,0.42918498181988196
2014-05,6,TVW1,0.75,0.3708150181801181
2014-05,6,TVW2,0.3333333333333333,0.2
2014-05,6,TVW2,0.5,0.4000000000000001
2014-05,6,TVW2,0.6666666666666666,0.4
2014-05,6,TVW3,0.1,0.0
2014-05,6,TVW3,0.25,0.15222037830839671
2014-05,6,TVW3,0.5,0.5
2014-05,6,TVW3,0.75,0.3477796216916032
2014-05,6,TVW3,0.9,5.563957215830503e-17
2014-05,7,TVW1,0.25,0.3321305172189496
2014-05,7,TVW1,0.5,0.46786948278105034
2014-05,7,TVW1,0.75,0.2
2014-05,7,TVW2,0.3333333333333333,0.40000000000000013
2014-05,7,TVW2,0.5,0.39999999999999997
2014-05,7,TVW2,0.6666666666666666,0.20000000000000007
2014-05,7,TVW3,0.1,0.14999999999999997
2014-05,7,TVW3,0.25,0.1660065388488756
2014-05,7,TVW3,0.5,0.5
2014-05,7,TVW3,0.75,0.15000000000000005
2014-05,7,TVW3,0.9,0.03399346115112443
2014-05,8,TVW1,0.25,0.4
2014-05,8,TVW1,0.5,0.4
2014-05,8,TVW1,0.75,0.2
2014-05,8,TVW2,0.3333333333333333,0.3
2014-05,8,TVW2,0.5,0.5000000000000001
2014-05,8,TVW2,0.6666666666666666,0.20000000000000007
2014-05,8,TVW3,0.1,0.08758613363831659
2014-05,8,TVW3,0.25,0.24841222597796386
2014-05,8,TVW3,0.5,0.4999999999999998
2014-05,8,TVW3,0.75,0.15000000000000008
2014-05,8,TVW3,0.9,0.014001640383719616
2014-05,9,TVW1,0.25,0.4
2014-05,9,TVW1,0.5,0.4
2014-05,9,TVW1,0.75,0.20000000000000004
2014-05,9,TVW2,0.3333333333333333,0.4
2014-05,9,TVW2,0.5,0.3999999999999999
2014-05,9,TVW2,0.6666666666666666,0.20000000000000012
2014-05,9,TVW3,0.1,0.15
2014-05,9,TVW3,0.25,0.2562137847319874
2014-05,9,TVW3,0.5,0.44378621526801265
2014-05,9,TVW3,0.75,0.15
2014-05,9,TVW3,0.9,1.1534770047320164e-17
2014-05,10,TVW1,0.25,0.39999999999999997
2014-05,10,TVW1,0.5,0.4
2014-05,10,TVW1,0.75,0.2
2014-05,10,TVW2,0.3333333333333333,0.4
2014-05,10,TVW2,0.5,0.4000000000000001
2014-05,10,TVW2,0.6666666666666666,0.20000000000000004
2014-05,10,TVW3,0.1,0.15
2014-05,10,TVW3,0.25,0.35
2014-05,10,TVW3,0.5,0.35
2014-05,10,TVW3,0.75,0.15
2014-05,10,TVW3,0.9,4.233484374064382e-17
2014-05,11,TVW1,0.25,0.4
2014-05,11,TVW1,0.5,0.4000000000000001
2014-05,11,TVW1,0.75,0.2
2014-05,11,TVW2,0.3333333333333333,0.39999999999999986
2014-05,11,TVW2,0.5,0.40000000000000024
2014-05,11,TVW2,0.6666666666666666,0.19999999999999993
2014-05,11,TVW3,0.1,0.14999999999999994
2014-05,11,TVW3,0.25,0.35
2014-05,11,TVW3,0.5,0.3500000000000001
2014-05,11,TVW3,0.75,0.15
2014-05,11,TVW3,0.9,5.1465565676764885e-17
2014-05,12,TVW1,0.25,0.39999999999999986
2014-05,12,TVW1,0.5,0.3999999999999999
2014-05,12,TVW1,0.75,0.20000000000000004
2014-05,12,TVW2,0.3333333333333333,0.4
2014-05,12,TVW2,0.5,0.4000000000000001
2014-05,12,TVW2,0.6666666666666666,0.2
2014-05,12,TVW3,0.1,0.15
2014-05,12,TVW3,0.25,0.3499999999999999
2014-05,12,TVW3,0.5,0.35000000000000003
2014-05,12,TVW3,0.75,0.15000000000000005
2014-05,12,TVW3,0.9,1.9914676375842603e-17
2014-05,13,TVW1,0.25,0.39999999999999986
2014-05,13,TVW1,0.5,0.4000000000000001
2014-05,13,TVW1,0.75,0.20000000000000004
2014-05,13,TVW2,0.3333333333333333,0.39999999999999986
2014-05,13,TVW2,0.5,0.3999999999999999
2014-05,13,TVW2,0.6666666666666666,0.20000000000000007
2014-05,13,TVW3,0.1,0.15
2014-05,13,TVW3,0.25,0.35
2014-05,13,TVW3,0.5,0.35000000000000003
2014-05,13,TVW3,0.75,0.15
2014-05,13,TVW3,0.9,0.0
2014-06,1,TVW1,0.25,0.3999999999999996
2014-06,1,TVW1,0.5,0.4000000000000004
2014-06,1,TVW1,0.75,0.2
2014-06,1,TVW2,0.3333333333333333,0.39999999999999997
2014-06,1,TVW2,0.5,0.39999999999999997
2014-06,1,TVW2,0.6666666666666666,0.2
2014-06,1,TVW3,0.1,0.15000000000000002
2014-06,1,TVW3,0.25,0.35000000000000003
2014-06,1,TVW3,0.5,0.35
2014-06,1,TVW3,0.75,0.15000000000000002
2014-06,1,TVW3,0.9,2.51051539886658e-18
2014-06,2,TVW1,0.25,0.39999999999999974
2014-06,2,TVW1,0.5,0.4000000000000003
2014-06,2,TVW1,0.75,0.2
2014-06,2,TVW2,0.3333333333333333,0.4
2014-06,2,TVW2,0.5,0.4000000000000001
2014-06,2,TVW2,0.6666666666666666,0.2
2014-06,2,TVW3,0.1,0.14999999999999997
2014-06,2,TVW3,0.25,0.35
2014-06,2,TVW3,0.5,0.35000000000000014
2014-06,2,TVW3,0.75,0.15
2014-06,2,TVW3,0.9,2.1339380890365927e-17
2014-06,3,TVW1,0.25,0.39999999999999936
2014-06,3,TVW1,0.5,0.40000000000000063
2014-06,3,TVW1,0.75,0.20000000000000004
2014-06,3,TVW2,0.3333333333333333,0.3999999999999999
2014-06,3,TVW2,0.5,0.39999999999999997
2014-06,3,TVW2,0.6666666666666666,0.2000000000000002
2014-06,3,TVW3,0.1,0.15
2014-06,3,TVW3,0.25,0.35
2014-06,3,TVW3,0.5,0.3500000000000001
2014-06,3,TVW3,0.75,0.15
2014-06,3,TVW3,0.9,0.0
2014-06,4,TVW1,0.25,0.4
2014-06,4,TVW1,0.5,0.4
2014-06,4,TVW1,0.75,0.20000000000000004
2014-06,4,TVW2,0.3333333333333333,0.4
2014-06,4,TVW2,0.5,0.4000000000000001
2014-06,4,TVW2,0.6666666666666666,0.2
2014-06,4,TVW3,0.1,0.15
2014-06,4,TVW3,0.25,0.35
2014-06,4,TVW3,0.5,0.3500000000000001
2014-06,4,TVW3,0.75,0.15
2014-06,4,TVW3,0.9,7.531546196599739e-18
2014-06,5,TVW1,0.25,0.4
2014-06,5,TVW1,0.5,0.4000000000000001
2014-06,5,TVW1,0.75,0.2
2014-06,5,TVW2,0.3333333333333333,0.4
2014-06,5,TVW2,0.5,0.4
2014-06,5,TVW2,0.6666666666666666,0.20000000000000007
2014-06,5,TVW3,0.1,0.15
2014-06,5,TVW3,0.25,0.3364155671967406
2014-06,5,TVW3,0.5,0.36358443280325947
2014-06,5,TVW3,0.75,0.15
2014-06,5,TVW3,0.9,0.0
2014-06,6,TVW1,0.25,0.3075834884293852
2014-06,6,TVW1,0.5,0.4924165115706148
2014-06,6,TVW1,0.75,0.2
2014-06,6,TVW2,0.3333333333333333,0.3509061166520031
2014-06,6,TVW2,0.5,0.44909388334799694
2014-06,6,TVW2,0.6666666666666666,0.2
2014-06,6,TVW3,0.1,0.12253314196646596
2014-06,6,TVW3,0.25,0.15000000000000005
2014-06,6,TVW3,0.5,0.5000000000000002
2014-06,6,TVW3,0.75,0.22746685803353384
2014-06,6,TVW3,0.9,4.2561081371410005e-17
2014-06,7,TVW1,0.25,0.4
2014-06,7,TVW1,0.5,0.4
2014-06,7,TVW1,0.75,0.20000000000000004
2014-06,7,TVW2,0.3333333333333333,0.4
2014-06,7,TVW2,0.5,0.4
2014-06,7,TVW2,0.6666666666666666,0.20000000000000004
2014-06,7,TVW3,0.1,0.15
2014-06,7,TVW3,0.25,0.1999999999999999
2014-06,7,TVW3,0.5,0.5000000000000001
2014-06,7,TVW3,0.75,0.15000000000000002
2014-06,7,TVW3,0.9,1.796378588936216e-17
2014-06,8,TVW1,0.25,0.39999999999999986
2014-06,8,TVW1,0.5,0.4000000000000001
2014-06,8,TVW1,0.75,0.20000000000000007
2014-06,8,TVW2,0.3333333333333333,0.39999999999999997
2014-06,8,TVW2,0.5,0.39999999999999997
2014-06,8,TVW2,0.6666666666666666,0.20000000000000004
2014-06,8,TVW3,0.1,0.15
2014-06,8,TVW3,0.25,0.34300793129894147
2014-06,8,TVW3,0.5,0.3569920687010586
2014-06,8,TVW3,0.75,0.15
2014-06,8,TVW3,0.9,0.0
2014-06,9,TVW1,0.25,0.39999999999999963
2014-06,9,TVW1,0.5,0.40000000000000036
2014-06,9,TVW1,0.75,0.2
2014-06,9,TVW2,0.3333333333333333,0.39999999999999997
2014-06,9,TVW2,0.5,0.39999999999999997
2014-06,9,TVW2,0.6666666666666666,0.20000000000000012
2014-06,9,TVW3,0.1,0.14999999999999997
2014-06,9,TVW3,0.25,0.3499999999999999
2014-06,9,TVW3,0.5,0.35
2014-06,9,TVW3,0.75,0.15000000000000002
2014-06,9,TVW3,0.9,0.0
2014-06,10,TVW1,0.25,0.4
2014-06,10,TVW1,0.5,0.4
2014-06,10,TVW1,0.75,0.20000000000000004
2014-06,10,TVW2,0.3333333333333333,0.4000000000000001
2014-06,10,TVW2,0.5,0.39999999999999974
2014-06,10,TVW2,0.6666666666666666,0.2000000000000002
2014-06,10,TVW3,0.1,0.14999999999999997
2014-06,10,TVW3,0.25,0.35
2014-06,10,TVW3,0.5,0.34999999999999987
2014-06,10,TVW3,0.75,0.15
2014-06,10,TVW3,0.9,7.907287532919002e-17
2014-06,11,TVW1,0.25,0.4
2014-06,11,TVW1,0.5,0.4
2014-06,11,TVW1,0.75,0.20000000000000007
2014-06,11,TVW2,0.3333333333333333,0.3999999999999999
2014-06,11,TVW2,0.5,0.4
2014-06,11,TVW2,0.6666666666666666,0.19999999999999996
2014-06,11,TVW3,0.1,0.14999999999999997
2014-06,11,TVW3,0.25,0.3499999999999998
2014-06,11,TVW3,0.5,0.3500000000000001
2014-06,11,TVW3,0.75,0.1500000000000001
2014-06,11,TVW3,0.9,0.0
2014-06,12,TVW1,0.25,0.4
2014-06,12,TVW1,0.5,0.4
2014-06,12,TVW1,0.75,0.20000000000000004
2014-06,12,TVW2,0.3333333333333333,0.40000000000000013
2014-06,12,TVW2,0.5,0.39999999999999997
2014-06,12,TVW2,0.6666666666666666,0.20000000000000007
2014-06,12,TVW3,0.1,0.14999999999999994
2014-06,12,TVW3,0.25,0.35000000000000003
2014-06,12,TVW3,0.5,0.3499999999999999
2014-06,12,TVW3,0.75,0.15000000000000002
2014-06,12,TVW3,0.9,4.851583982643099e-18
2014-06,13,TVW1,0.25,0.3999999999999999
2014-06,13,TVW1,0.5,0.3999999999999999
2014-06,13,TVW1,0.75,0.20000000000000004
2014-06,13,TVW2,0.3333333333333333,0.4000000000000001
2014-06,13,TVW2,0.5,0.3999999999999999
2014-06,13,TVW2,0.6666666666666666,0.20000000000000007
2014-06,13,TVW3,0.1,0.15
2014-06,13,TVW3,0.25,0.35
2014-06,13,TVW3,0.5,0.35000000000000003
2014-06,13,TVW3,0.75,0.15000000000000002
2014-06,13,TVW3,0.9,0.0
2014-07,1,TVW1,0.25,0.39999999999999997
2014-07,1,TVW1,0.5,0.4
2014-07,1,TVW1,0.75,0.20000000000000007
2014-07,1,TVW2,0.3333333333333333,0.4
2014-07,1,TVW2,0.5,0.3999999999999999
2014-07,1,TVW2,0.6666666666666666,0.2
2014-07,1,TVW3,0.1,0.07764340562555164
2014-07,1,TVW3,0.25,0.3499999999999999
2014-07,1,TVW3,0.5,0.42235659437444845
2014-07,1,TVW3,0.75,0.15
2014-07,1,TVW3,0.9,3.715654055865158e-17
2014-07,2,TVW1,0.25,0.4
2014-07,2,TVW1,0.5,0.4
2014-07,2,TVW1,0.75,0.2
2014-07,2,TVW2,0.3333333333333333,0.3611673577612216
2014-07,2,TVW2,0.5,0.4388326422387784
2014-07,2,TVW2,0.6666666666666666,0.20000000000000007
2014-07,2,TVW3,0.1,0.07142959903285968
2014-07,2,TVW3,0.25,0.35000000000000003
2014-07,2,TVW3,0.5,0.4285704009671403
2014-07,2,TVW3,0.75,0.15000000000000002
2014-07,2,TVW3,0.9,0.0
2014-07,3,TVW1,0.25,0.4
2014-07,3,TVW1,0.5,0.4
2014-07,3,TVW1,0.75,0.20000000000000004
2014-07,3,TVW2,0.3333333333333333,0.4
2014-07,3,TVW2,0.5,0.3999999999999999
2014-07,3,TVW2,0.6666666666666666,0.2
2014-07,3,TVW3,0.1,0.14999999999999997
2014-07,3,TVW3,0.25,0.22428991958037856
2014-07,3,TVW3,0.5,0.47571008041962154
2014-07,3,TVW3,0.75,0.15
2014-07,3,TVW3,0.9,0.0
2014-07,4,TVW1,0.25,0.3397471416747179
2014-07,4,TVW1,0.5,0.460252858325282
2014-07,4,TVW1,0.75,0.2
2014-07,4,TVW2,0.3333333333333333,0.4000000000000001
2014-07,4,TVW2,0.5,0.3999999999999999
2014-07,4,TVW2,0.6666666666666666,0.20000000000000007
2014-07,4,TVW3,0.1,0.1290566703086133
2014-07,4,TVW3,0.25,0.15
2014-07,4,TVW3,0.5,0.49999999999999994
2014-07,4,TVW3,0.75,0.22094332969138678
2014-07,4,TVW3,0.9,0.0
2014-07,5,TVW1,0.25,0.20000000000000007
2014-07,5,TVW1,0.5,0.6
2014-07,5,TVW1,0.75,0.20000000000000007
2014-07,5,TVW2,0.3333333333333333,0.36313347905199383
2014-07,5,TVW2,0.5,0.30000000000000016
2014-07,5,TVW2,0.6666666666666666,0.336866520948006
2014-07,5,TVW3,0.1,0.08398827084504507
2014-07,5,TVW3,0.25,0.15
2014-07,5,TVW3,0.5,0.49999999999999994
2014-07,5,TVW3,0.75,0.266011729154955
2014-07,5,TVW3,0.9,1.396474190619535e-17
2014-07,6,TVW1,0.25,0.2
2014-07,6,TVW1,0.5,0.4
2014-07,6,TVW1,0.75,0.4
2014-07,6,TVW2,0.3333333333333333,0.2
2014-07,6,TVW2,0.5,0.4000000000000001
2014-07,6,TVW2,0.6666666666666666,0.4
2014-07,6,TVW3,0.1,1.524111880352209e-18
2014-07,6,TVW3,0.25,0.15000000000000005
2014-07,6,TVW3,0.5,0.491414712093348
2014-07,6,TVW3,0.75,0.3499999999999999
2014-07,6,TVW3,0.9,0.008585287906651948
2014-07,7,TVW1,0.25,0.35707175818609266
2014-07,7,TVW1,0.5,0.40000000000000013
2014-07,7,TVW1,0.75,0.2429282418139073
2014-07,7,TVW2,0.3333333333333333,0.38882050776949345
2014-07,7,TVW2,0.5,0.29999999999999993
2014-07,7,TVW2,0.6666666666666666,0.31117949223050667
2014-07,7,TVW3,0.1,0.14999999999999988
2014-07,7,TVW3,0.25,0.209851766108636
2014-07,7,TVW3,0.5,0.29999999999999993
2014-07,7,TVW3,0.75,0.34014823389136406
2014-07,7,TVW3,0.9,0.0
2014-07,8,TVW1,0.25,0.2772199456459871
2014-07,8,TVW1,0.5,0.5227800543540129
2014-07,8,TVW1,0.75,0.2
2014-07,8,TVW2,0.3333333333333333,0.3046469879431025
2014-07,8,TVW2,0.5,0.4953530120568975
2014-07,8,TVW2,0.6666666666666666,0.2
2014-07,8,TVW3,0.1,0.14341905406836944
2014-07,8,TVW3,0.25,0.15000000000000013
2014-07,8,TVW3,0.5,0.4999999999999999
2014-07,8,TVW3,0.75,0.2065809459316305
2014-07,8,TVW3,0.9,0.0
2014-07,9,TVW1,0.25,0.4
2014-07,9,TVW1,0.5,0.4
2014-07,9,TVW1,0.75,0.2
2014-07,9,TVW2,0.3333333333333333,0.39999999999999986
2014-07,9,TVW2,0.5,0.3999999999999997
2014-07,9,TVW2,0.6666666666666666,0.20000000000000032
2014-07,9,TVW3,0.1,0.11323088043087198
2014-07,9,TVW3,0.25,0.35
2014-07,9,TVW3,0.5,0.38676911956912813
2014-07,9,TVW3,0.75,0.15000000000000002
2014-07,9,TVW3,0.9,0.0
2014-07,10,TVW1,0.25,0.4
2014-07,10,TVW1,0.5,0.4
2014-07,10,TVW1,0.75,0.2
2014-07,10,TVW2,0.3333333333333333,0.4
2014-07,10,TVW2,0.5,0.4000000000000001
2014-07,10,TVW2,0.6666666666666666,0.2
2014-07,10,TVW3,0.1,0.14999999999999997
2014-07,10,TVW3,0.25,0.35
2014-07,10,TVW3,0.5,0.35000000000000014
2014-07,10,TVW3,0.75,0.15
2014-07,10,TVW3,0.9,2.887092708696567e-17
2014-07,11,TVW1,0.25,0.4
2014-07,11,TVW1,0.5,0.4
2014-07,11,TVW1,0.75,0.20000000000000004
2014-07,11,TVW2,0.3333333333333333,0.39999999999999986
2014-07,11,TVW2,0.5,0.3999999999999995
2014-07,11,TVW2,0.6666666666666666,0.2000000000000007
2014-07,11,TVW3,0.1,0.15
2014-07,11,TVW3,0.25,0.35
2014-07,11,TVW3,0.5,0.3500000000000001
2014-07,11,TVW3,0.75,0.15
2014-07,11,TVW3,0.9,2.887092708696567e-17
2014-07,12,TVW1,0.25,0.39999999999999997
2014-07,12,TVW1,0.5,0.4000000000000001
2014-07,12,TVW1,0.75,0.2
2014-07,12,TVW2,0.3333333333333333,0.39999999999999986
2014-07,12,TVW2,0.5,0.4000000000000002
2014-07,12,TVW2,0.6666666666666666,0.19999999999999996
2014-07,12,TVW3,0.1,0.15
2014-07,12,TVW3,0.25,0.35
2014-07,12,TVW3,0.5,0.34999999999999987
2014-07,12,TVW3,0.75,0.15
2014-07,12,TVW3,0.9,1.8954391261442677e-16
2014-07,13,TVW1,0.25,0.3999999999999998
2014-07,13,TVW1,0.5,0.40000000000000024
2014-07,13,TVW1,0.75,0.19999999999999996
2014-07,13,TVW2,0.3333333333333333,0.39999999999999986
2014-07,13,TVW2,0.5,0.4000000000000002
2014-07,13,TVW2,0.6666666666666666,0.19999999999999993
2014-07,13,TVW3,0.1,0.15
2014-07,13,TVW3,0.25,0.35
2014-07,13,TVW3,0.5,0.35000000000000003
2014-07,13,TVW3,0.75,0.15
2014-07,13,TVW3,0.9,2.311190179841284e-17
2014-08,1,TVW1,0.25,0.4
2014-08,1,TVW1,0.5,0.4
2014-08,1,TVW1,0.75,0.2
2014-08,1,TVW2,0.3333333333333333,0.39999999999999997
2014-08,1,TVW2,0.5,0.39999999999999997
2014-08,1,TVW2,0.6666666666666666,0.2
2014-08,1,TVW3,0.1,0.14999999999999997
2014-08,1,TVW3,0.25,0.19999999999999998
2014-08,1,TVW3,0.5,0.5
2014-08,1,TVW3,0.75,0.15
2014-08,1,TVW3,0.9,0.0
2014-08,2,TVW1,0.25,0.3999999999999999
2014-08,2,TVW1,0.5,0.4
2014-08,2,TVW1,0.75,0.2
2014-08,2,TVW2,0.3333333333333333,0.4
2014-08,2,TVW2,0.5,0.3846970037143301
2014-08,2,TVW2,0.6666666666666666,0.21530299628566993
2014-08,2,TVW3,0.1,0.1499999999999999
2014-08,2,TVW3,0.25,0.27924966389135475
2014-08,2,TVW3,0.5,0.3
2014-08,2,TVW3,0.75,0.2707503361086454
2014-08,2,TVW3,0.9,0.0
2014-08,3,TVW1,0.25,0.4
2014-08,3,TVW1,0.5,0.4
2014-08,3,TVW1,0.75,0.20000000000000007
2014-08,3,TVW2,0.3333333333333333,0.4
2014-08,3,TVW2,0.5,0.4
2014-08,3,TVW2,0.6666666666666666,0.2
2014-08,3,TVW3,0.1,0.14528634891918898
2014-08,3,TVW3,0.25,0.35000000000000003
2014-08,3,TVW3,0.5,0.30000000000000004
2014-08,3,TVW3,0.75,0.15000000000000002
2014-08,3,TVW3,0.9,0.054713651080810895
2014-08,4,TVW1,0.25,0.2
2014-08,4,TVW1,0.5,0.6
2014-08,4,TVW1,0.75,0.20000000000000004
2014-08,4,TVW2,0.3333333333333333,0.28377750657949435
2014-08,4,TVW2,0.5,0.49999999999999994
2014-08,4,TVW2,0.6666666666666666,0.21622249342050576
2014-08,4,TVW3,0.1,0.11158062695658921
2014-08,4,TVW3,0.25,0.15000000000000002
2014-08,4,TVW3,0.5,0.49999999999999983
2014-08,4,TVW3,0.75,0.23841937304341085
2014-08,4,TVW3,0.9,0.0
2014-08,5,TVW1,0.25,0.2
2014-08,5,TVW1,0.5,0.6
2014-08,5,TVW1,0.75,0.2
2014-08,5,TVW2,0.3333333333333333,0.31633236711452767
2014-08,5,TVW2,0.5,0.29999999999999993
2014-08,5,TVW2,0.6666666666666666,0.3836676328854724
2014-08,5,TVW3,0.1,0.08445308913488438
2014-08,5,TVW3,0.25,0.15
2014-08,5,TVW3,0.5,0.5
2014-08,5,TVW3,0.75,0.26554691086511567
2014-08,5,TVW3,0.9,0.0
2014-08,6,TVW1,0.25,0.2
2014-08,6,TVW1,0.5,0.4
2014-08,6,TVW1,0.75,0.4
2014-08,6,TVW2,0.3333333333333333,0.2
2014-08,6,TVW2,0.5,0.4000000000000001
2014-08,6,TVW2,0.6666666666666666,0.4
2014-08,6,TVW3,0.1,0.0
2014-08,6,TVW3,0.25,0.31163483277363135
2014-08,6,TVW3,0.5,0.3650126654660204
2014-08,6,TVW3,0.75,0.17335250176034844
2014-08,6,TVW3,0.9,0.14999999999999997
2014-08,7,TVW1,0.25,0.21234340995558385
2014-08,7,TVW1,0.5,0.5876565900444161
2014-08,7,TVW1,0.75,0.2
2014-08,7,TVW2,0.3333333333333333,0.39999999999999997
2014-08,7,TVW2,0.5,0.3000000000000001
2014-08,7,TVW2,0.6666666666666666,0.3
2014-08,7,TVW3,0.1,7.520810818495188e-17
2014-08,7,TVW3,0.25,0.27182508912160613
2014-08,7,TVW3,0.5,0.5000000000000001
2014-08,7,TVW3,0.75,0.2281749108783937
2014-08,7,TVW3,0.9,1.235861904455902e-16
2014-08,8,TVW1,0.25,0.29677824264809843
2014-08,8,TVW1,0.5,0.5032217573519016
2014-08,8,TVW1,0.75,0.2
2014-08,8,TVW2,0.3333333333333333,0.3098117939052596
2014-08,8,TVW2,0.5,0.49018820609474034
2014-08,8,TVW2,0.6666666666666666,0.2
2014-08,8,TVW3,0.1,0.14999999999999997
2014-08,8,TVW3,0.25,0.15
2014-08,8,TVW3,0.5,0.49656917989392746
2014-08,8,TVW3,0.75,0.15
2014-08,8,TVW3,0.9,0.05343082010607266
2014-08,9,TVW1,0.25,0.4
2014-08,9,TVW1,0.5,0.4000000000000001
2014-08,9,TVW1,0.75,0.2
2014-08,9,TVW2,0.3333333333333333,0.40000000000000013
2014-08,9,TVW2,0.5,0.3999999999999995
2014-08,9,TVW2,0.6666666666666666,0.2000000000000005
2014-08,9,TVW3,0.1,0.09171330515349155
2014-08,9,TVW3,0.25,0.35000000000000003
2014-08,9,TVW3,0.5,0.4082866948465085
2014-08,9,TVW3,0.75,0.15000000000000002
2014-08,9,TVW3,0.9,0.0
2014-08,10,TVW1,0.25,0.4
2014-08,10,TVW1,0.5,0.4
2014-08,10,TVW1,0.75,0.2
2014-08,10,TVW2,0.3333333333333333,0.4
2014-08,10,TVW2,0.5,0.4000000000000001
2014-08,10,TVW2,0.6666666666666666,0.2
2014-08,10,TVW3,0.1,0.15000000000000002
2014-08,10,TVW3,0.25,0.35000000000000003
2014-08,10,TVW3,0.5,0.3499999999999999
2014-08,10,TVW3,0.75,0.15000000000000002
2014-08,10,TVW3,0.9,1.4592089241793912e-17
2014-08,11,TVW1,0.25,0.3999999999999999
2014-08,11,TVW1,0.5,0.3999999999999999
2014-08,11,TVW1,0.75,0.20000000000000004
2014-08,11,TVW2,0.3333333333333333,0.39999999999999997
2014-08,11,TVW2,0.5,0.3999999999999994
2014-08,11,TVW2,0.6666666666666666,0.20000000000000068
2014-08,11,TVW3,0.1,0.15
2014-08,11,TVW3,0.25,0.34999999999999987
2014-08,11,TVW3,0.5,0.3500000000000001
2014-08,11,TVW3,0.75,0.15000000000000002
2014-08,11,TVW3,0.9,0.0
2014-08,12,TVW1,0.25,0.3999999999999999
2014-08,12,TVW1,0.5,0.4000000000000001
2014-08,12,TVW1,0.75,0.19999999999999996
2014-08,12,TVW2,0.3333333333333333,0.3999999999999999
2014-08,12,TVW2,0.5,0.3999999999999997
2014-08,12,TVW2,0.6666666666666666,0.20000000000000026
2014-08,12,TVW3,0.1,0.15000000000000002
2014-08,12,TVW3,0.25,0.35000000000000003
2014-08,12,TVW3,0.5,0.3499999999999999
2014-08,12,TVW3,0.75,0.15000000000000008
2014-08,12,TVW3,0.9,0.0
2014-08,13,TVW1,0.25,0.3999999999999999
2014-08,13,TVW1,0.5,0.3999999999999999
2014-08,13,TVW1,0.75,0.20000000000000012
2014-08,13,TVW2,0.3333333333333333,0.4000000000000001
2014-08,13,TVW2,0.5,0.3999999999999999
2014-08,13,TVW2,0.6666666666666666,0.2000000000000001
2014-08,13,TVW3,0.1,0.15
2014-08,13,TVW3,0.25,0.35
2014-08,13,TVW3,0.5,0.35000000000000003
2014-08,13,TVW3,0.75,0.15000000000000002
2014-08,13,TVW3,0.9,0.0
2014-09,1,TVW1,0.25,0.4
2014-09,1,TVW1,0.5,0.4
2014-09,1,TVW1,0.75,0.2
2014-09,1,TVW2,0.3333333333333333,0.4
2014-09,1,TVW2,0.5,0.4000000000000001
2014-09,1,TVW2,0.6666666666666666,0.2
2014-09,1,TVW3,0.1,0.03234192199504025
2014-09,1,TVW3,0.25,0.35
2014-09,1,TVW3,0.5,0.46765807800495973
2014-09,1,TVW3,0.75,0.15
2014-09,1,TVW3,0.9,3.573834934609429e-19
2014-09,2,TVW1,0.25,0.3863059205273437
2014-09,2,TVW1,0.5,0.4
2014-09,2,TVW1,0.75,0.2136940794726564
2014-09,2,TVW2,0.3333333333333333,0.4
2014-09,2,TVW2,0.5,0.3990866149484201
2014-09,2,TVW2,0.6666666666666666,0.20091338505157988
2014-09,2,TVW3,0.1,0.15
2014-09,2,TVW3,0.25,0.26152983596714124
2014-09,2,TVW3,0.5,0.3
2014-09,2,TVW3,0.75,0.2884701640328588
2014-09,2,TVW3,0.9,5.6322256047189924e-18
2014-09,3,TVW1,0.25,0.39999999999999997
2014-09,3,TVW1,0.5,0.4
2014-09,3,TVW1,0.75,0.2
2014-09,3,TVW2,0.3333333333333333,0.4
2014-09,3,TVW2,0.5,0.39999999999999997
2014-09,3,TVW2,0.6666666666666666,0.2
2014-09,3,TVW3,0.1,0.15
2014-09,3,TVW3,0.25,0.19217931814498188
2014-09,3,TVW3,0.5,0.5
2014-09,3,TVW3,0.75,0.15
2014-09,3,TVW3,0.9,0.007820681855018108
2014-09,4,TVW1,0.25,0.19999999999999996
2014-09,4,TVW1,0.5,0.5918597653392522
2014-09,4,TVW1,0.75,0.20814023466074785
2014-09,4,TVW2,0.3333333333333333,0.3229595103233287
2014-09,4,TVW2,0.5,0.3
2014-09,4,TVW2,0.6666666666666666,0.3770404896766713
2014-09,4,TVW3,0.1,0.10395537214606773
2014-09,4,TVW3,0.25,0.15
2014-09,4,TVW3,0.5,0.4461122657300321
2014-09,4,TVW3,0.75,0.2999323621239002
2014-09,4,TVW3,0.9,0.0
2014-09,5,TVW1,0.25,0.2958914957240847
2014-09,5,TVW1,0.5,0.5041085042759154
2014-09,5,TVW1,0.75,0.20000000000000007
2014-09,5,TVW2,0.3333333333333333,0.3512619590711574
2014-09,5,TVW2,0.5,0.3
2014-09,5,TVW2,0.6666666666666666,0.3487380409288426
2014-09,5,TVW3,0.1,0.15
2014-09,5,TVW3,0.25,0.15
2014-09,5,TVW3,0.5,0.4247725619398688
2014-09,5,TVW3,0.75,0.27522743806013117
2014-09,5,TVW3,0.9,0.0
2014-09,6,TVW1,0.25,0.2
2014-09,6,TVW1,0.5,0.4
2014-09,6,TVW1,0.75,0.4
2014-09,6,TVW2,0.3333333333333333,0.20000000000000007
2014-09,6,TVW2,0.5,0.4
2014-09,6,TVW2,0.6666666666666666,0.39999999999999997
2014-09,6,TVW3,0.1,0.15
2014-09,6,TVW3,0.25,0.1625932657906921
2014-09,6,TVW3,0.5,0.30000000000000004
2014-09,6,TVW3,0.75,0.23740673420930788
2014-09,6,TVW3,0.9,0.15000000000000002
2014-09,7,TVW1,0.25,0.3470284088144127
2014-09,7,TVW1,0.5,0.4
2014-09,7,TVW1,0.75,0.2529715911855872
2014-09,7,TVW2,0.3333333333333333,0.4
2014-09,7,TVW2,0.5,0.3
2014-09,7,TVW2,0.6666666666666666,0.3
2014-09,7,TVW3,0.1,1.799544453237155e-17
2014-09,7,TVW3,0.25,0.35
2014-09,7,TVW3,0.5,0.3735679212798098
2014-09,7,TVW3,0.75,0.2764320787201901
2014-09,7,TVW3,0.9,1.631835009263277e-17
2014-09,8,TVW1,0.25,0.3449948456463444
2014-09,8,TVW1,0.5,0.4000000000000001
2014-09,8,TVW1,0.75,0.25500515435365556
2014-09,8,TVW2,0.3333333333333333,0.3517967780342123
2014-09,8,TVW2,0.5,0.30000000000000093
2014-09,8,TVW2,0.6666666666666666,0.34820322196578685
2014-09,8,TVW3,0.1,0.15
2014-09,8,TVW3,0.25,0.2732556256933873
2014-09,8,TVW3,0.5,0.30000000000000004
2014-09,8,TVW3,0.75,0.1675862746745796
2014-09,8,TVW3,0.9,0.10915809963203325
2014-09,9,TVW1,0.25,0.3999999999999997
2014-09,9,TVW1,0.5,0.4000000000000003
2014-09,9,TVW1,0.75,0.20000000000000004
2014-09,9,TVW2,0.3333333333333333,0.3999999999999999
2014-09,9,TVW2,0.5,0.4
2014-09,9,TVW2,0.6666666666666666,0.19999999999999996
2014-09,9,TVW3,0.1,0.15000000000000002
2014-09,9,TVW3,0.25,0.35
2014-09,9,TVW3,0.5,0.3500000000000001
2014-09,9,TVW3,0.75,0.15000000000000005
2014-09,9,TVW3,0.9,0.0
2014-09,10,TVW1,0.25,0.3999999999999999
2014-09,10,TVW1,0.5,0.4
2014-09,10,TVW1,0.75,0.19999999999999996
2014-09,10,TVW2,0.3333333333333333,0.4
2014-09,10,TVW2,0.5,0.3999999999999999
2014-09,10,TVW2,0.6666666666666666,0.2
2014-09,10,TVW3,0.1,0.15000000000000002
2014-09,10,TVW3,0.25,0.34999999999999976
2014-09,10,TVW3,0.5,0.3499999999999999
2014-09,10,TVW3,0.75,0.1500000000000001
2014-09,10,TVW3,0.9,2.359223927328458e-16
2014-09,11,TVW1,0.25,0.3999999999999999
2014-09,11,TVW1,0.5,0.4
2014-09,11,TVW1,0.75,0.19999999999999996
2014-09,11,TVW2,0.3333333333333333,0.4000000000000001
2014-09,11,TVW2,0.5,0.3999999999999999
2014-09,11,TVW2,0.6666666666666666,0.2000000000000001
2014-09,11,TVW3,0.1,0.14999999999999997
2014-09,11,TVW3,0.25,0.3499999999999997
2014-09,11,TVW3,0.5,0.34626106518828254
2014-09,11,TVW3,0.75,0.14999999999999997
2014-09,11,TVW3,0.9,0.0037389348117177674
2014-09,12,TVW1,0.25,0.4
2014-09,12,TVW1,0.5,0.4
2014-09,12,TVW1,0.75,0.2
2014-09,12,TVW2,0.3333333333333333,0.39999999999999986
2014-09,12,TVW2,0.5,0.4000000000000001
2014-09,12,TVW2,0.6666666666666666,0.19999999999999996
2014-09,12,TVW3,0.1,0.14999999999999997
2014-09,12,TVW3,0.25,0.34999999999999976
2014-09,12,TVW3,0.5,0.3500000000000003
2014-09,12,TVW3,0.75,0.15000000000000005
2014-09,12,TVW3,0.9,0.0
2014-09,13,TVW1,0.25,0.4
2014-09,13,TVW1,0.5,0.4000000000000001
2014-09,13,TVW1,0.75,0.2
2014-09,13,TVW2,0.3333333333333333,0.39999999999999997
2014-09,13,TVW2,0.5,0.40000000000000013
2014-09,13,TVW2,0.6666666666666666,0.20000000000000007
2014-09,13,TVW3,0.1,0.14999999999999997
2014-09,13,TVW3,0.25,0.35
2014-09,13,TVW3,0.5,0.35000000000000003
2014-09,13,TVW3,0.75,0.15
2014-09,13,TVW3,0.9,1.882886549149935e-17
2014-10,1,TVW1,0.25,0.38806766537121895
2014-10,1,TVW1,0.5,0.41193233462878115
2014-10,1,TVW1,0.75,0.2
2014-10,1,TVW2,0.3333333333333333,0.3999999999999999
2014-10,1,TVW2,0.5,0.4
2014-10,1,TVW2,0.6666666666666666,0.19999999999999996
2014-10,1,TVW3,0.1,0.15
2014-10,1,TVW3,0.25,0.18065605537806764
2014-10,1,TVW3,0.5,0.49999999999999983
2014-10,1,TVW3,0.75,0.1500000000000001
2014-10,1,TVW3,0.9,0.01934394462193245
2014-10,2,TVW1,0.25,0.2558472361499087
2014-10,2,TVW1,0.5,0.5441527638500914
2014-10,2,TVW1,0.75,0.2
2014-10,2,TVW2,0.3333333333333333,0.4
2014-10,2,TVW2,0.5,0.3
2014-10,2,TVW2,0.6666666666666666,0.30000000000000004
2014-10,2,TVW3,0.1,0.14999999999999997
2014-10,2,TVW3,0.25,0.14999999999999997
2014-10,2,TVW3,0.5,0.41454982633311627
2014-10,2,TVW3,0.75,0.28545017366688374
2014-10,2,TVW3,0.9,0.0
2014-10,3,TVW1,0.25,0.4
2014-10,3,TVW1,0.5,0.4
2014-10,3,TVW1,0.75,0.2
2014-10,3,TVW2,0.3333333333333333,0.3999999999999999
2014-10,3,TVW2,0.5,0.4
2014-10,3,TVW2,0.6666666666666666,0.19999999999999996
2014-10,3,TVW3,0.1,0.14999999999999997
2014-10,3,TVW3,0.25,0.23100326649514885
2014-10,3,TVW3,0.5,0.4247037507220916
2014-10,3,TVW3,0.75,0.14999999999999997
2014-10,3,TVW3,0.9,0.04429298278275948
2014-10,4,TVW1,0.25,0.2
2014-10,4,TVW1,0.5,0.6
2014-10,4,TVW1,0.75,0.2
2014-10,4,TVW2,0.3333333333333333,0.26247082107632086
2014-10,4,TVW2,0.5,0.5
2014-10,4,TVW2,0.6666666666666666,0.2375291789236792
2014-10,4,TVW3,0.1,0.08066351432818969
2014-10,4,TVW3,0.25,0.14999999999999997
2014-10,4,TVW3,0.5,0.4999999999999999
2014-10,4,TVW3,0.75,0.26933648567181045
2014-10,4,TVW3,0.9,0.0
2014-10,5,TVW1,0.25,0.2
2014-10,5,TVW1,0.5,0.6
2014-10,5,TVW1,0.75,0.2
2014-10,5,TVW2,0.3333333333333333,0.2514337242733525
2014-10,5,TVW2,0.5,0.49999999999999994
2014-10,5,TVW2,0.6666666666666666,0.24856627572664758
2014-10,5,TVW3,0.1,0.0924373628623423
2014-10,5,TVW3,0.25,0.15
2014-10,5,TVW3,0.5,0.4999999999999999
2014-10,5,TVW3,0.75,0.2575626371376578
2014-10,5,TVW3,0.9,1.1554855754327433e-17
2014-10,6,TVW1,0.25,0.2
2014-10,6,TVW1,0.5,0.411736898636296
2014-10,6,TVW1,0.75,0.388263101363704
2014-10,6,TVW2,0.3333333333333333,0.20000000000000004
2014-10,6,TVW2,0.5,0.4000000000000001
2014-10,6,TVW2,0.6666666666666666,0.4
2014-10,6,TVW3,0.1,1.5037387341834568e-17
2014-10,6,TVW3,0.25,0.15000000000000002
2014-10,6,TVW3,0.5,0.5
2014-10,6,TVW3,0.75,0.33650592722485456
2014-10,6,TVW3,0.9,0.01349407277514546
2014-10,7,TVW1,0.25,0.24000444932530765
2014-10,7,TVW1,0.5,0.5599955506746923
2014-10,7,TVW1,0.75,0.2
2014-10,7,TVW2,0.3333333333333333,0.37149694650256765
2014-10,7,TVW2,0.5,0.3
2014-10,7,TVW2,0.6666666666666666,0.3285030534974324
2014-10,7,TVW3,0.1,0.0
2014-10,7,TVW3,0.25,0.2876153497885559
2014-10,7,TVW3,0.5,0.4999999999999999
2014-10,7,TVW3,0.75,0.2123846502114442
2014-10,7,TVW3,0.9,0.0
2014-10,8,TVW1,0.25,0.39999999999999997
2014-10,8,TVW1,0.5,0.4
2014-10,8,TVW1,0.75,0.2
2014-10,8,TVW2,0.3333333333333333,0.4
2014-10,8,TVW2,0.5,0.3120463359322035
2014-10,8,TVW2,0.6666666666666666,0.2879536640677965
2014-10,8,TVW3,0.1,0.017790995044149847
2014-10,8,TVW3,0.25,0.35
2014-10,8,TVW3,0.5,0.45754809061199714
2014-10,8,TVW3,0.75,0.15
2014-10,8,TVW3,0.9,0.02466091434385306
2014-10,9,TVW1,0.25,0.39999999999999936
2014-10,9,TVW1,0.5,0.40000000000000063
2014-10,9,TVW1,0.75,0.2
2014-10,9,TVW2,0.3333333333333333,0.39999999999999997
2014-10,9,TVW2,0.5,0.40000000000000013
2014-10,9,TVW2,0.6666666666666666,0.2
2014-10,9,TVW3,0.1,0.14999999999999997
2014-10,9,TVW3,0.25,0.3499999999999999
2014-10,9,TVW3,0.5,0.3500000000000002
2014-10,9,TVW3,0.75,0.14999999999999997
2014-10,9,TVW3,0.9,0.0
2014-10,10,TVW1,0.25,0.3999999999999999
2014-10,10,TVW1,0.5,0.3999999999999999
2014-10,10,TVW1,0.75,0.20000000000000007
2014-10,10,TVW2,0.3333333333333333,0.3999999999999999
2014-10,10,TVW2,0.5,0.4
2014-10,10,TVW2,0.6666666666666666,0.19999999999999996
2014-10,10,TVW3,0.1,0.15
2014-10,10,TVW3,0.25,0.3499999999999999
2014-10,10,TVW3,0.5,0.35
2014-10,10,TVW3,0.75,0.15
2014-10,10,TVW3,0.9,9.345259302388514e-17
2014-10,11,TVW1,0.25,0.3999999999999999
2014-10,11,TVW1,0.5,0.3999999999999999
2014-10,11,TVW1,0.75,0.20000000000000018
2014-10,11,TVW2,0.3333333333333333,0.3999999999999999
2014-10,11,TVW2,0.5,0.3999999999999997
2014-10,11,TVW2,0.6666666666666666,0.2000000000000003
2014-10,11,TVW3,0.1,0.15
2014-10,11,TVW3,0.25,0.35
2014-10,11,TVW3,0.5,0.3296184055254116
2014-10,11,TVW3,0.75,0.15
2014-10,11,TVW3,0.9,0.020381594474588396
2014-10,12,TVW1,0.25,0.39999999999999997
2014-10,12,TVW1,0.5,0.4
2014-10,12,TVW1,0.75,0.2
2014-10,12,TVW2,0.3333333333333333,0.40000000000000013
2014-10,12,TVW2,0.5,0.39999999999999997
2014-10,12,TVW2,0.6666666666666666,0.20000000000000007
2014-10,12,TVW3,0.1,0.15
2014-10,12,TVW3,0.25,0.35
2014-10,12,TVW3,0.5,0.35000000000000014
2014-10,12,TVW3,0.75,0.15
2014-10,12,TVW3,0.9,1.3807834693766188e-17
2014-10,13,TVW1,0.25,0.4
2014-10,13,TVW1,0.5,0.4
2014-10,13,TVW1,0.75,0.2
2014-10,13,TVW2,0.3333333333333333,0.4
2014-10,13,TVW2,0.5,0.4000000000000001
2014-10,13,TVW2,0.6666666666666666,0.2
2014-10,13,TVW3,0.1,0.15
2014-10,13,TVW3,0.25,0.3499999999999999
2014-10,13,TVW3,0.5,0.3500000000000001
2014-10,13,TVW3,0.75,0.15
2014-10,13,TVW3,0.9,1.562661565902113e-18
2014-11,1,TVW1,0.25,0.4
2014-11,1,TVW1,0.5,0.4
2014-11,1,TVW1,0.75,0.20000000000000004
2014-11,1,TVW2,0.3333333333333333,0.4
2014-11,1,TVW2,0.5,0.39999999999999997
2014-11,1,TVW2,0.6666666666666666,0.20000000000000007
2014-11,1,TVW3,0.1,0.14999999999999994
2014-11,1,TVW3,0.25,0.20000000000000018
2014-11,1,TVW3,0.5,0.5
2014-11,1,TVW3,0.75,0.15
2014-11,1,TVW3,0.9,0.0
2014-11,2,TVW1,0.25,0.4
2014-11,2,TVW1,0.5,0.4
2014-11,2,TVW1,0.75,0.2
2014-11,2,TVW2,0.3333333333333333,0.4
2014-11,2,TVW2,0.5,0.39999999999999986
2014-11,2,TVW2,0.6666666666666666,0.20000000000000015
2014-11,2,TVW3,0.1,0.15
2014-11,2,TVW3,0.25,0.19999999999999996
2014-11,2,TVW3,0.5,0.5
2014-11,2,TVW3,0.75,0.15000000000000005
2014-11,2,TVW3,0.9,7.745973438873014e-18
2014-11,3,TVW1,0.25,0.3999999999999999
2014-11,3,TVW1,0.5,0.3999999999999999
2014-11,3,TVW1,0.75,0.2000000000000001
2014-11,3,TVW2,0.3333333333333333,0.3999999999999999
2014-11,3,TVW2,0.5,0.40000000000000013
2014-11,3,TVW2,0.6666666666666666,0.19999999999999996
2014-11,3,TVW3,0.1,0.15
2014-11,3,TVW3,0.25,0.27455673071018927
2014-11,3,TVW3,0.5,0.42544326928981074
2014-11,3,TVW3,0.75,0.15
2014-11,3,TVW3,0.9,9.488706484410634e-18
2014-11,4,TVW1,0.25,0.2012447539826555
2014-11,4,TVW1,0.5,0.5987552460173445
2014-11,4,TVW1,0.75,0.2
2014-11,4,TVW2,0.3333333333333333,0.29999999999999993
2014-11,4,TVW2,0.5,0.5
2014-11,4,TVW2,0.6666666666666666,0.2
2014-11,4,TVW3,0.1,0.028158328544120894
2014-11,4,TVW3,0.25,0.295680067032915
2014-11,4,TVW3,0.5,0.5
2014-11,4,TVW3,0.75,0.15000000000000008
2014-11,4,TVW3,0.9,0.026161604422964006
2014-11,5,TVW1,0.25,0.3608109726749362
2014-11,5,TVW1,0.5,0.4391890273250638
2014-11,5,TVW1,0.75,0.2
2014-11,5,TVW2,0.3333333333333333,0.29999999999999993
2014-11,5,TVW2,0.5,0.5
2014-11,5,TVW2,0.6666666666666666,0.2
2014-11,5,TVW3,0.1,0.1492457157127133
2014-11,5,TVW3,0.25,0.15
2014-11,5,TVW3,0.5,0.5
2014-11,5,TVW3,0.75,0.2007542842872867
2014-11,5,TVW3,0.9,0.0
2014-11,6,TVW1,0.25,0.28220373031829354
2014-11,6,TVW1,0.5,0.4000000000000001
2014-11,6,TVW1,0.75,0.31779626968170643
2014-11,6,TVW2,0.3333333333333333,0.2507989794082903
2014-11,6,TVW2,0.5,0.5000000000000001
2014-11,6,TVW2,0.6666666666666666,0.24920102059170957
2014-11,6,TVW3,0.1,0.15
2014-11,6,TVW3,0.25,0.2528482271640391
2014-11,6,TVW3,0.5,0.3
2014-11,6,TVW3,0.75,0.15
2014-11,6,TVW3,0.9,0.14715177283596095
2014-11,7,TVW1,0.25,0.4
2014-11,7,TVW1,0.5,0.4
2014-11,7,TVW1,0.75,0.20000000000000004
2014-11,7,TVW2,0.3333333333333333,0.4
2014-11,7,TVW2,0.5,0.39999999999999947
2014-11,7,TVW2,0.6666666666666666,0.2000000000000005
2014-11,7,TVW3,0.1,0.055955605520189536
2014-11,7,TVW3,0.25,0.35
2014-11,7,TVW3,0.5,0.4440443944798105
2014-11,7,TVW3,0.75,0.15
2014-11,7,TVW3,0.9,2.005028302910189e-17
2014-11,8,TVW1,0.25,0.4
2014-11,8,TVW1,0.5,0.4
2014-11,8,TVW1,0.75,0.2
2014-11,8,TVW2,0.3333333333333333,0.4
2014-11,8,TVW2,0.5,0.39999999999999947
2014-11,8,TVW2,0.6666666666666666,0.20000000000000057
2014-11,8,TVW3,0.1,0.15
2014-11,8,TVW3,0.25,0.23502407137014467
2014-11,8,TVW3,0.5,0.43838594078197607
2014-11,8,TVW3,0.75,0.1500000000000001
2014-11,8,TVW3,0.9,0.026589987847879193
2014-11,9,TVW1,0.25,0.39999999999999997
2014-11,9,TVW1,0.5,0.4
2014-11,9,TVW1,0.75,0.2
2014-11,9,TVW2,0.3333333333333333,0.4
2014-11,9,TVW2,0.5,0.3999999999999999
2014-11,9,TVW2,0.6666666666666666,0.2000000000000001
2014-11,9,TVW3,0.1,0.15
2014-11,9,TVW3,0.25,0.34999999999999987
2014-11,9,TVW3,0.5,0.35000000000000014
2014-11,9,TVW3,0.75,0.15
2014-11,9,TVW3,0.9,1.9693945093636548e-17
2014-11,10,TVW1,0.25,0.4
2014-11,10,TVW1,0.5,0.4
2014-11,10,TVW1,0.75,0.2
2014-11,10,TVW2,0.3333333333333333,0.4
2014-11,10,TVW2,0.5,0.39999999999999997
2014-11,10,TVW2,0.6666666666666666,0.2
2014-11,10,TVW3,0.1,0.15
2014-11,10,TVW3,0.25,0.35
2014-11,10,TVW3,0.5,0.35
2014-11,10,TVW3,0.75,0.15
2014-11,10,TVW3,0.9,5.809356892089044e-17
2014-11,11,TVW1,0.25,0.3999999999999998
2014-11,11,TVW1,0.5,0.39999999999999986
2014-11,11,TVW1,0.75,0.2000000000000003
2014-11,11,TVW2,0.3333333333333333,0.4
2014-11,11,TVW2,0.5,0.4000000000000001
2014-11,11,TVW2,0.6666666666666666,0.20000000000000007
2014-11,11,TVW3,0.1,0.15
2014-11,11,TVW3,0.25,0.34999999999999987
2014-11,11,TVW3,0.5,0.35000000000000014
2014-11,11,TVW3,0.75,0.15000000000000002
2014-11,11,TVW3,0.9,0.0
2014-11,12,TVW1,0.25,0.4
2014-11,12,TVW1,0.5,0.4000000000000001
2014-11,12,TVW1,0.75,0.2
2014-11,12,TVW2,0.3333333333333333,0.4
2014-11,12,TVW2,0.5,0.39999999999999997
2014-11,12,TVW2,0.6666666666666666,0.2
2014-11,12,TVW3,0.1,0.14999999999999997
2014-11,12,TVW3,0.25,0.3499999999999999
2014-11,12,TVW3,0.5,0.35
2014-11,12,TVW3,0.75,0.15000000000000005
2014-11,12,TVW3,0.9,0.0
2014-11,13,TVW1,0.25,0.3999999999999999
2014-11,13,TVW1,0.5,0.3999999999999999
2014-11,13,TVW1,0.75,0.20000000000000004
2014-11,13,TVW2,0.3333333333333333,0.39999999999999997
2014-11,13,TVW2,0.5,0.39999999999999963
2014-11,13,TVW2,0.6666666666666666,0.2000000000000004
2014-11,13,TVW3,0.1,0.14999999999999997
2014-11,13,TVW3,0.25,0.35
2014-11,13,TVW3,0.5,0.3500000000000001
2014-11,13,TVW3,0.75,0.15000000000000002
2014-11,13,TVW3,0.9,0.0
2014-12,1,TVW1,0.25,0.4
2014-12,1,TVW1,0.5,0.4
2014-12,1,TVW1,0.75,0.20000000000000004
2014-12,1,TVW2,0.3333333333333333,0.40000000000000013
2014-12,1,TVW2,0.5,0.39999999999999997
2014-12,1,TVW2,0.6666666666666666,0.20000000000000007
2014-12,1,TVW3,0.1,0.15
2014-12,1,TVW3,0.25,0.23512558912249393
2014-12,1,TVW3,0.5,0.4648744108775061
2014-12,1,TVW3,0.75,0.15
2014-12,1,TVW3,0.9,2.79294838123907e-17
2014-12,2,TVW1,0.25,0.4
2014-12,2,TVW1,0.5,0.4
2014-12,2,TVW1,0.75,0.2
2014-12,2,TVW2,0.3333333333333333,0.39999999999999997
2014-12,2,TVW2,0.5,0.39999999999999997
2014-12,2,TVW2,0.6666666666666666,0.20000000000000004
2014-12,2,TVW3,0.1,0.15
2014-12,2,TVW3,0.25,0.21549575481292063
2014-12,2,TVW3,0.5,0.48450424518707946
2014-12,2,TVW3,0.75,0.15
2014-12,2,TVW3,0.9,0.0
2014-12,3,TVW1,0.25,0.4
2014-12,3,TVW1,0.5,0.4
2014-12,3,TVW1,0.75,0.2
2014-12,3,TVW2,0.3333333333333333,0.39999999999999997
2014-12,3,TVW2,0.5,0.39999999999999997
2014-12,3,TVW2,0.6666666666666666,0.2
2014-12,3,TVW3,0.1,0.15
2014-12,3,TVW3,0.25,0.30541277232925296
2014-12,3,TVW3,0.5,0.39458722767074705
2014-12,3,TVW3,0.75,0.15000000000000005
2014-12,3,TVW3,0.9,0.0
2014-12,4,TVW1,0.25,0.39999999999999986
2014-12,4,TVW1,0.5,0.4000000000000001
2014-12,4,TVW1,0.75,0.2
2014-12,4,TVW2,0.3333333333333333,0.4
2014-12,4,TVW2,0.5,0.3999999999999999
2014-12,4,TVW2,0.6666666666666666,0.2
2014-12,4,TVW3,0.1,0.15000000000000002
2014-12,4,TVW3,0.25,0.19672395733063186
2014-12,4,TVW3,0.5,0.5000000000000001
2014-12,4,TVW3,0.75,0.15000000000000002
2014-12,4,TVW3,0.9,0.003276042669368148
2014-12,5,TVW1,0.25,0.4
2014-12,5,TVW1,0.5,0.4
2014-12,5,TVW1,0.75,0.20000000000000004
2014-12,5,TVW2,0.3333333333333333,0.4
2014-12,5,TVW2,0.5,0.39999999999999997
2014-12,5,TVW2,0.6666666666666666,0.20000000000000004
2014-12,5,TVW3,0.1,0.15000000000000002
2014-12,5,TVW3,0.25,0.35000000000000003
2014-12,5,TVW3,0.5,0.32923899440314397
2014-12,5,TVW3,0.75,0.17076100559685597
2014-12,5,TVW3,0.9,0.0
2014-12,6,TVW1,0.25,0.38535858919216576
2014-12,6,TVW1,0.5,0.41464141080783423
2014-12,6,TVW1,0.75,0.2
2014-12,6,TVW2,0.3333333333333333,0.39999999999999997
2014-12,6,TVW2,0.5,0.4
2014-12,6,TVW2,0.6666666666666666,0.2
2014-12,6,TVW3,0.1,0.15
2014-12,6,TVW3,0.25,0.15919362648383187
2014-12,6,TVW3,0.5,0.5000000000000001
2014-12,6,TVW3,0.75,0.15000000000000016
2014-12,6,TVW3,0.9,0.040806373516167956
2014-12,7,TVW1,0.25,0.3999999999999999
2014-12,7,TVW1,0.5,0.3999999999999999
2014-12,7,TVW1,0.75,0.20000000000000007
2014-12,7,TVW2,0.3333333333333333,0.4
2014-12,7,TVW2,0.5,0.3999999999999998
2014-12,7,TVW2,0.6666666666666666,0.2000000000000003
2014-12,7,TVW3,0.1,0.14999999999999997
2014-12,7,TVW3,0.25,0.35
2014-12,7,TVW3,0.5,0.3500000000000001
2014-12,7,TVW3,0.75,0.15
2014-12,7,TVW3,0.9,7.531546196599739e-18
2014-12,8,TVW1,0.25,0.4
2014-12,8,TVW1,0.5,0.4
2014-12,8,TVW1,0.75,0.2
2014-12,8,TVW2,0.3333333333333333,0.39999999999999986
2014-12,8,TVW2,0.5,0.39999999999999947
2014-12,8,TVW2,0.6666666666666666,0.20000000000000048
2014-12,8,TVW3,0.1,0.15
2014-12,8,TVW3,0.25,0.348532094169124
2014-12,8,TVW3,0.5,0.3514679058308761
2014-12,8,TVW3,0.75,0.15
2014-12,8,TVW3,0.9,7.141368099303643e-18
2014-12,9,TVW1,0.25,0.39999999999999986
2014-12,9,TVW1,0.5,0.4000000000000001
2014-12,9,TVW1,0.75,0.19999999999999996
2014-12,9,TVW2,0.3333333333333333,0.3999999999999999
2014-12,9,TVW2,0.5,0.4
2014-12,9,TVW2,0.6666666666666666,0.19999999999999996
2014-12,9,TVW3,0.1,0.15
2014-12,9,TVW3,0.25,0.35
2014-12,9,TVW3,0.5,0.35
2014-12,9,TVW3,0.75,0.15
2014-12,9,TVW3,0.9,5.004922089734881e-17
2014-12,10,TVW1,0.25,0.3999999999999999
2014-12,10,TVW1,0.5,0.3999999999999999
2014-12,10,TVW1,0.75,0.20000000000000012
2014-12,10,TVW2,0.3333333333333333,0.3999999999999999
2014-12,10,TVW2,0.5,0.3999999999999999
2014-12,10,TVW2,0.6666666666666666,0.20000000000000004
2014-12,10,TVW3,0.1,0.14999999999999983
2014-12,10,TVW3,0.25,0.34999999999999987
2014-12,10,TVW3,0.5,0.35000000000000037
2014-12,10,TVW3,0.75,0.15
2014-12,10,TVW3,0.9,0.0
2014-12,11,TVW1,0.25,0.4
2014-12,11,TVW1,0.5,0.4
2014-12,11,TVW1,0.75,0.2
2014-12,11,TVW2,0.3333333333333333,0.3999999999999999
2014-12,11,TVW2,0.5,0.4
2014-12,11,TVW2,0.6666666666666666,0.19999999999999996
2014-12,11,TVW3,0.1,0.14999999999999997
2014-12,11,TVW3,0.25,0.35
2014-12,11,TVW3,0.5,0.35000000000000014
2014-12,11,TVW3,0.75,0.15
2014-12,11,TVW3,0.9,0.0
2014-12,12,TVW1,0.25,0.4
2014-12,12,TVW1,0.5,0.4
2014-12,12,TVW1,0.75,0.2
2014-12,12,TVW2,0.3333333333333333,0.4
2014-12,12,TVW2,0.5,0.4
2014-12,12,TVW2,0.6666666666666666,0.2
2014-12,12,TVW3,0.1,0.14999999999999994
2014-12,12,TVW3,0.25,0.3499999999999999
2014-12,12,TVW3,0.5,0.3500000000000002
2014-12,12,TVW3,0.75,0.15000000000000002
2014-12,12,TVW3,0.9,0.0
2014-12,13,TVW1,0.25,0.4
2014-12,13,TVW1,0.5,0.4
2014-12,13,TVW1,0.75,0.2
2014-12,13,TVW2,0.3333333333333333,0.4
2014-12,13,TVW2,0.5,0.4
2014-12,13,TVW2,0.6666666666666666,0.2
2014-12,13,TVW3,0.1,0.15
2014-12,13,TVW3,0.25,0.35
2014-12,13,TVW3,0.5,0.3500000000000001
2014-12,13,TVW3,0.75,0.15
2014-12,13,TVW3,0.9,2.6046597263240765e-17
2015-01,1,TVW1,0.25,0.39999999999999974
2015-01,1,TVW1,0.5,0.40000000000000036
2015-01,1,TVW1,0.75,0.2
2015-01,1,TVW2,0.3333333333333333,0.4
2015-01,1,TVW2,0.5,0.3999999999999999
2015-01,1,TVW2,0.6666666666666666,0.20000000000000012
2015-01,1,TVW3,0.1,0.15
2015-01,1,TVW3,0.25,0.3499999999999997
2015-01,1,TVW3,0.5,0.35000000000000037
2015-01,1,TVW3,0.75,0.15000000000000002
2015-01,1,TVW3,0.9,0.0
2015-01,2,TVW1,0.25,0.39999999999999997
2015-01,2,TVW1,0.5,0.4
2015-01,2,TVW1,0.75,0.20000000000000004
2015-01,2,TVW2,0.3333333333333333,0.39999999999999986
2015-01,2,TVW2,0.5,0.3999999999999999
2015-01,2,TVW2,0.6666666666666666,0.20000000000000004
2015-01,2,TVW3,0.1,0.15
2015-01,2,TVW3,0.25,0.35
2015-01,2,TVW3,0.5,0.35
2015-01,2,TVW3,0.75,0.15
2015-01,2,TVW3,0.9,2.0084123190932638e-17
2015-01,3,TVW1,0.25,0.3999999999999999
2015-01,3,TVW1,0.5,0.3999999999999999
2015-01,3,TVW1,0.75,0.20000000000000007
2015-01,3,TVW2,0.3333333333333333,0.3999999999999999
2015-01,3,TVW2,0.5,0.4000000000000002
2015-01,3,TVW2,0.6666666666666666,0.19999999999999996
2015-01,3,TVW3,0.1,0.15
2015-01,3,TVW3,0.25,0.35000000000000003
2015-01,3,TVW3,0.5,0.3499999999999999
2015-01,3,TVW3,0.75,0.15000000000000002
2015-01,3,TVW3,0.9,0.0
2015-01,4,TVW1,0.25,0.4
2015-01,4,TVW1,0.5,0.4
2015-01,4,TVW1,0.75,0.20000000000000007
2015-01,4,TVW2,0.3333333333333333,0.4
2015-01,4,TVW2,0.5,0.4000000000000001
2015-01,4,TVW2,0.6666666666666666,0.2
2015-01,4,TVW3,0.1,0.10231754920188722
2015-01,4,TVW3,0.25,0.35
2015-01,4,TVW3,0.5,0.3976824507981128
2015-01,4,TVW3,0.75,0.15
2015-01,4,TVW3,0.9,0.0
2015-01,5,TVW1,0.25,0.39999999999999997
2015-01,5,TVW1,0.5,0.4
2015-01,5,TVW1,0.75,0.20000000000000007
2015-01,5,TVW2,0.3333333333333333,0.39999999999999986
2015-01,5,TVW2,0.5,0.4000000000000002
2015-01,5,TVW2,0.6666666666666666,0.19999999999999993
2015-01,5,TVW3,0.1,0.15
2015-01,5,TVW3,0.25,0.35
2015-01,5,TVW3,0.5,0.3255297147797968
2015-01,5,TVW3,0.75,0.17447028522020316
2015-01,5,TVW3,0.9,6.276288497166449e-19
2015-01,6,TVW1,0.25,0.4
2015-01,6,TVW1,0.5,0.4
2015-01,6,TVW1,0.75,0.2
2015-01,6,TVW2,0.3333333333333333,0.4
2015-01,6,TVW2,0.5,0.39999999999999974
2015-01,6,TVW2,0.6666666666666666,0.20000000000000018
2015-01,6,TVW3,0.1,0.15
2015-01,6,TVW3,0.25,0.3144975368986854
2015-01,6,TVW3,0.5,0.3
2015-01,6,TVW3,0.75,0.15
2015-01,6,TVW3,0.9,0.08550246310131458
2015-01,7,TVW1,0.25,0.3999999999999999
2015-01,7,TVW1,0.5,0.3999999999999999
2015-01,7,TVW1,0.75,0.20000000000000015
2015-01,7,TVW2,0.3333333333333333,0.4
2015-01,7,TVW2,0.5,0.39999999999999986
2015-01,7,TVW2,0.6666666666666666,0.20000000000000012
2015-01,7,TVW3,0.1,0.15
2015-01,7,TVW3,0.25,0.35
2015-01,7,TVW3,0.5,0.3500000000000001
2015-01,7,TVW3,0.75,0.15
2015-01,7,TVW3,0.9,1.2552576994332899e-18
2015-01,8,TVW1,0.25,0.4
2015-01,8,TVW1,0.5,0.4
2015-01,8,TVW1,0.75,0.2
2015-01,8,TVW2,0.3333333333333333,0.39999999999999997
2015-01,8,TVW2,0.5,0.40000000000000013
2015-01,8,TVW2,0.6666666666666666,0.2
2015-01,8,TVW3,0.1,0.15
2015-01,8,TVW3,0.25,0.35
2015-01,8,TVW3,0.5,0.35000000000000003
2015-01,8,TVW3,0.75,0.15
2015-01,8,TVW3,0.9,0.0
2015-01,9,TVW1,0.25,0.3999999999999999
2015-01,9,TVW1,0.5,0.3999999999999999
2015-01,9,TVW1,0.75,0.20000000000000012
2015-01,9,TVW2,0.3333333333333333,0.4
2015-01,9,TVW2,0.5,0.3999999999999999
2015-01,9,TVW2,0.6666666666666666,0.2
2015-01,9,TVW3,0.1,0.15
2015-01,9,TVW3,0.25,0.35
2015-01,9,TVW3,0.5,0.35
2015-01,9,TVW3,0.75,0.15000000000000005
2015-01,9,TVW3,0.9,1.213480748676105e-17
2015-01,10,TVW1,0.25,0.3999999999999999
2015-01,10,TVW1,0.5,0.4
2015-01,10,TVW1,0.75,0.20000000000000012
2015-01,10,TVW2,0.3333333333333333,0.4
2015-01,10,TVW2,0.5,0.39999999999999997
2015-01,10,TVW2,0.6666666666666666,0.20000000000000007
2015-01,10,TVW3,0.1,0.14999999999999986
2015-01,10,TVW3,0.25,0.35
2015-01,10,TVW3,0.5,0.35000000000000014
2015-01,10,TVW3,0.75,0.15000000000000002
2015-01,10,TVW3,0.9,0.0
2015-01,11,TVW1,0.25,0.4
2015-01,11,TVW1,0.5,0.4000000000000001
2015-01,11,TVW1,0.75,0.2
2015-01,11,TVW2,0.3333333333333333,0.4
2015-01,11,TVW2,0.5,0.3999999999999999
2015-01,11,TVW2,0.6666666666666666,0.2
2015-01,11,TVW3,0.1,0.1499999999999999
2015-01,11,TVW3,0.25,0.35000000000000003
2015-01,11,TVW3,0.5,0.3499999999999999
2015-01,11,TVW3,0.75,0.15000000000000005
2015-01,11,TVW3,0.9,5.094384108647954e-17
2015-01,12,TVW1,0.25,0.4
2015-01,12,TVW1,0.5,0.4000000000000001
2015-01,12,TVW1,0.75,0.2
2015-01,12,TVW2,0.3333333333333333,0.3999999999999999
2015-01,12,TVW2,0.5,0.4
2015-01,12,TVW2,0.6666666666666666,0.19999999999999996
2015-01,12,TVW3,0.1,0.15000000000000002
2015-01,12,TVW3,0.25,0.35000000000000003
2015-01,12,TVW3,0.5,0.3499999999999999
2015-01,12,TVW3,0.75,0.15000000000000002
2015-01,12,TVW3,0.9,1.387778780781446e-17
2015-01,13,TVW1,0.25,0.3999999999999999
2015-01,13,TVW1,0.5,0.4000000000000001
2015-01,13,TVW1,0.75,0.2
2015-01,13,TVW2,0.3333333333333333,0.4
2015-01,13,TVW2,0.5,0.4000000000000001
2015-01,13,TVW2,0.6666666666666666,0.20000000000000007
2015-01,13,TVW3,0.1,0.14999999999999994
2015-01,13,TVW3,0.25,0.35
2015-01,13,TVW3,0.5,0.3500000000000001
2015-01,13,TVW3,0.75,0.15
2015-01,13,TVW3,0.9,8.750432679169401e-17
2015-02,1,TVW1,0.25,0.4
2015-02,1,TVW1,0.5,0.4
2015-02,1,TVW1,0.75,0.2
2015-02,1,TVW2,0.3333333333333333,0.39999999999999997
2015-02,1,TVW2,0.5,0.40000000000000013
2015-02,1,TVW2,0.6666666666666666,0.2
2015-02,1,TVW3,0.1,0.1499999999999999
2015-02,1,TVW3,0.25,0.2000000000000001
2015-02,1,TVW3,0.5,0.5
2015-02,1,TVW3,0.75,0.15
2015-02,1,TVW3,0.9,6.276288497166451e-19
2015-02,2,TVW1,0.25,0.4
2015-02,2,TVW1,0.5,0.4
2015-02,2,TVW1,0.75,0.20000000000000007
2015-02,2,TVW2,0.3333333333333333,0.40000000000000013
2015-02,2,TVW2,0.5,0.39999999999999997
2015-02,2,TVW2,0.6666666666666666,0.20000000000000007
2015-02,2,TVW3,0.1,0.15
2015-02,2,TVW3,0.25,0.32954791796040483
2015-02,2,TVW3,0.5,0.3704520820395952
2015-02,2,TVW3,0.75,0.15
2015-02,2,TVW3,0.9,8.708350289818448e-18
2015-02,3,TVW1,0.25,0.4
2015-02,3,TVW1,0.5,0.4000000000000001
2015-02,3,TVW1,0.75,0.2
2015-02,3,TVW2,0.3333333333333333,0.39999999999999997
2015-02,3,TVW2,0.5,0.4
2015-02,3,TVW2,0.6666666666666666,0.20000000000000007
2015-02,3,TVW3,0.1,0.09163949357466375
2015-02,3,TVW3,0.25,0.35000000000000003
2015-02,3,TVW3,0.5,0.4083605064253363
2015-02,3,TVW3,0.75,0.15000000000000005
2015-02,3,TVW3,0.9,8.913510110709512e-18
2015-02,4,TVW1,0.25,0.4
2015-02,4,TVW1,0.5,0.4
2015-02,4,TVW1,0.75,0.20000000000000004
2015-02,4,TVW2,0.3333333333333333,0.4
2015-02,4,TVW2,0.5,0.39999999999999997
2015-02,4,TVW2,0.6666666666666666,0.20000000000000004
2015-02,4,TVW3,0.1,0.04157290139015873
2015-02,4,TVW3,0.25,0.3499999999999998
2015-02,4,TVW3,0.5,0.4584270986098413
2015-02,4,TVW3,0.75,0.15000000000000008
2015-02,4,TVW3,0.9,0.0
2015-02,5,TVW1,0.25,0.39999999999999997
2015-02,5,TVW1,0.5,0.4
2015-02,5,TVW1,0.75,0.2
2015-02,5,TVW2,0.3333333333333333,0.4
2015-02,5,TVW2,0.5,0.3999999999999999
2015-02,5,TVW2,0.6666666666666666,0.2
2015-02,5,TVW3,0.1,0.15
2015-02,5,TVW3,0.25,0.18255184973577776
2015-02,5,TVW3,0.5,0.5
2015-02,5,TVW3,0.75,0.16744815026422222
2015-02,5,TVW3,0.9,0.0
2015-02,6,TVW1,0.25,0.2838714733823102
2015-02,6,TVW1,0.5,0.5161285266176898
2015-02,6,TVW1,0.75,0.2
2015-02,6,TVW2,0.3333333333333333,0.3406056898285978
2015-02,6,TVW2,0.5,0.45939431017140225
2015-02,6,TVW2,0.6666666666666666,0.2
2015-02,6,TVW3,0.1,0.13283635236580466
2015-02,6,TVW3,0.25,0.15
2015-02,6,TVW3,0.5,0.5
2015-02,6,TVW3,0.75,0.21716364763419532
2015-02,6,TVW3,0.9,0.0
2015-02,7,TVW1,0.25,0.4
2015-02,7,TVW1,0.5,0.4
2015-02,7,TVW1,0.75,0.2
2015-02,7,TVW2,0.3333333333333333,0.4
2015-02,7,TVW2,0.5,0.39999999999999997
2015-02,7,TVW2,0.6666666666666666,0.2
2015-02,7,TVW3,0.1,0.1457572191280549
2015-02,7,TVW3,0.25,0.35000000000000003
2015-02,7,TVW3,0.5,0.3402595410144854
2015-02,7,TVW3,0.75,0.15000000000000002
2015-02,7,TVW3,0.9,0.013983239857459778
2015-02,8,TVW1,0.25,0.4
2015-02,8,TVW1,0.5,0.4
2015-02,8,TVW1,0.75,0.20000000000000007
2015-02,8,TVW2,0.3333333333333333,0.4
2015-02,8,TVW2,0.5,0.4
2015-02,8,TVW2,0.6666666666666666,0.2
2015-02,8,TVW3,0.1,0.14999999999999997
2015-02,8,TVW3,0.25,0.3499999999999999
2015-02,8,TVW3,0.5,0.35000000000000014
2015-02,8,TVW3,0.75,0.14999999999999997
2015-02,8,TVW3,0.9,0.0
2015-02,9,TVW1,0.25,0.3999999999999998
2015-02,9,TVW1,0.5,0.4000000000000003
2015-02,9,TVW1,0.75,0.19999999999999993
2015-02,9,TVW2,0.3333333333333333,0.4000000000000001
2015-02,9,TVW2,0.5,0.4
2015-02,9,TVW2,0.6666666666666666,0.20000000000000007
2015-02,9,TVW3,0.1,0.14999999999999997
2015-02,9,TVW3,0.25,0.3499999999999999
2015-02,9,TVW3,0.5,0.35000000000000014
2015-02,9,TVW3,0.75,0.14999999999999997
2015-02,9,TVW3,0.9,0.0
2015-02,10,TVW1,0.25,0.4
2015-02,10,TVW1,0.5,0.4
2015-02,10,TVW1,0.75,0.20000000000000004
2015-02,10,TVW2,0.3333333333333333,0.3999999999999999
2015-02,10,TVW2,0.5,0.4
2015-02,10,TVW2,0.6666666666666666,0.19999999999999996
2015-02,10,TVW3,0.1,0.15
2015-02,10,TVW3,0.25,0.35
2015-02,10,TVW3,0.5,0.3500000000000001
2015-02,10,TVW3,0.75,0.15
2015-02,10,TVW3,0.9,0.0
2015-02,11,TVW1,0.25,0.4
2015-02,11,TVW1,0.5,0.4000000000000001
2015-02,11,TVW1,0.75,0.2
2015-02,11,TVW2,0.3333333333333333,0.4
2015-02,11,TVW2,0.5,0.4
2015-02,11,TVW2,0.6666666666666666,0.2
2015-02,11,TVW3,0.1,0.1499999999999999
2015-02,11,TVW3,0.25,0.35
2015-02,11,TVW3,0.5,0.3499999999999999
2015-02,11,TVW3,0.75,0.15
2015-02,11,TVW3,0.9,6.25825662165132e-17
2015-02,12,TVW1,0.25,0.3999999999999999
2015-02,12,TVW1,0.5,0.3999999999999999
2015-02,12,TVW1,0.75,0.20000000000000012
2015-02,12,TVW2,0.3333333333333333,0.3999999999999999
2015-02,12,TVW2,0.5,0.4
2015-02,12,TVW2,0.6666666666666666,0.19999999999999996
2015-02,12,TVW3,0.1,0.14999999999999997
2015-02,12,TVW3,0.25,0.3499999999999999
2015-02,12,TVW3,0.5,0.35000000000000003
2015-02,12,TVW3,0.75,0.15000000000000022
2015-02,12,TVW3,0.9,0.0
2015-02,13,TVW1,0.25,0.39999999999999974
2015-02,13,TVW1,0.5,0.4000000000000003
2015-02,13,TVW1,0.75,0.2
2015-02,13,TVW2,0.3333333333333333,0.3999999999999999
2015-02,13,TVW2,0.5,0.3999999999999999
2015-02,13,TVW2,0.6666666666666666,0.20000000000000004
2015-02,13,TVW3,0.1,0.1499999999999999
2015-02,13,TVW3,0.25,0.3499999999999997
2015-02,13,TVW3,0.5,0.3500000000000004
2015-02,13,TVW3,0.75,0.15000000000000002
2015-02,13,TVW3,0.9,0.0
2015-03,1,TVW1,0.25,0.39999999999999936
2015-03,1,TVW1,0.5,0.40000000000000063
2015-03,1,TVW1,0.75,0.20000000000000004
2015-03,1,TVW2,0.3333333333333333,0.3999999999999999
2015-03,1,TVW2,0.5,0.4000000000000001
2015-03,1,TVW2,0.6666666666666666,0.2
2015-03,1,TVW3,0.1,0.14999999999999997
2015-03,1,TVW3,0.25,0.2548752564887871
2015-03,1,TVW3,0.5,0.44512474351121306
2015-03,1,TVW3,0.75,0.15
2015-03,1,TVW3,0.9,0.0
2015-03,2,TVW1,0.25,0.39999999999999986
2015-03,2,TVW1,0.5,0.4000000000000002
2015-03,2,TVW1,0.75,0.2
2015-03,2,TVW2,0.3333333333333333,0.39999999999999997
2015-03,2,TVW2,0.5,0.4000000000000001
2015-03,2,TVW2,0.6666666666666666,0.20000000000000004
2015-03,2,TVW3,0.1,0.15
2015-03,2,TVW3,0.25,0.3141971970516836
2015-03,2,TVW3,0.5,0.3
2015-03,2,TVW3,0.75,0.2358028029483164
2015-03,2,TVW3,0.9,4.467321705101128e-18
2015-03,3,TVW1,0.25,0.4
2015-03,3,TVW1,0.5,0.4
2015-03,3,TVW1,0.75,0.2
2015-03,3,TVW2,0.3333333333333333,0.4
2015-03,3,TVW2,0.5,0.3999999999999999
2015-03,3,TVW2,0.6666666666666666,0.2
2015-03,3,TVW3,0.1,0.15
2015-03,3,TVW3,0.25,0.19999999999999998
2015-03,3,TVW3,0.5,0.5
2015-03,3,TVW3,0.75,0.15
2015-03,3,TVW3,0.9,6.903917346883094e-18
2015-03,4,TVW1,0.25,0.4
2015-03,4,TVW1,0.5,0.4
2015-03,4,TVW1,0.75,0.20000000000000004
2015-03,4,TVW2,0.3333333333333333,0.4
2015-03,4,TVW2,0.5,0.3999999999999999
2015-03,4,TVW2,0.6666666666666666,0.20000000000000007
2015-03,4,TVW3,0.1,0.15
2015-03,4,TVW3,0.25,0.18959529464433858
2015-03,4,TVW3,0.5,0.5
2015-03,4,TVW3,0.75,0.15
2015-03,4,TVW3,0.9,0.010404705355661415
2015-03,5,TVW1,0.25,0.4
2015-03,5,TVW1,0.5,0.4
2015-03,5,TVW1,0.75,0.2
2015-03,5,TVW2,0.3333333333333333,0.39999999999999986
2015-03,5,TVW2,0.5,0.4000000000000002
2015-03,5,TVW2,0.6666666666666666,0.19999999999999993
2015-03,5,TVW3,0.1,0.08399279481024799
2015-03,5,TVW3,0.25,0.35000000000000003
2015-03,5,TVW3,0.5,0.37632280819349306
2015-03,5,TVW3,0.75,0.18968439699625897
2015-03,5,TVW3,0.9,6.2762884971664514e-18
2015-03,6,TVW1,0.25,0.21249055269664052
2015-03,6,TVW1,0.5,0.5875094473033594
2015-03,6,TVW1,0.75,0.20000000000000004
2015-03,6,TVW2,0.3333333333333333,0.3999999999999999
2015-03,6,TVW2,0.5,0.40000000000000013
2015-03,6,TVW2,0.6666666666666666,0.2
2015-03,6,TVW3,0.1,0.11410857400599753
2015-03,6,TVW3,0.25,0.15
2015-03,6,TVW3,0.5,0.5
2015-03,6,TVW3,0.75,0.23589142599400248
2015-03,6,TVW3,0.9,0.0
2015-03,7,TVW1,0.25,0.4
2015-03,7,TVW1,0.5,0.4
2015-03,7,TVW1,0.75,0.2
2015-03,7,TVW2,0.3333333333333333,0.4
2015-03,7,TVW2,0.5,0.3999999999999999
2015-03,7,TVW2,0.6666666666666666,0.2000000000000001
2015-03,7,TVW3,0.1,0.1374596658974956
2015-03,7,TVW3,0.25,0.35
2015-03,7,TVW3,0.5,0.3
2015-03,7,TVW3,0.75,0.19277118285515701
2015-03,7,TVW3,0.9,0.01976915124734749
2015-03,8,TVW1,0.25,0.39999999999999974
2015-03,8,TVW1,0.5,0.40000000000000036
2015-03,8,TVW1,0.75,0.19999999999999996
2015-03,8,TVW2,0.3333333333333333,0.4000000000000001
2015-03,8,TVW2,0.5,0.3999999999999999
2015-03,8,TVW2,0.6666666666666666,0.20000000000000007
2015-03,8,TVW3,0.1,0.15
2015-03,8,TVW3,0.25,0.344394933510828
2015-03,8,TVW3,0.5,0.3556050664891721
2015-03,8,TVW3,0.75,0.15
2015-03,8,TVW3,0.9,8.650796021371988e-19
2015-03,9,TVW1,0.25,0.3999999999999998
2015-03,9,TVW1,0.5,0.40000000000000013
2015-03,9,TVW1,0.75,0.2000000000000001
2015-03,9,TVW2,0.3333333333333333,0.3999999999999999
2015-03,9,TVW2,0.5,0.4000000000000002
2015-03,9,TVW2,0.6666666666666666,0.19999999999999996
2015-03,9,TVW3,0.1,0.15
2015-03,9,TVW3,0.25,0.3499999999999999
2015-03,9,TVW3,0.5,0.3500000000000001
2015-03,9,TVW3,0.75,0.15
2015-03,9,TVW3,0.9,0.0
2015-03,10,TVW1,0.25,0.4
2015-03,10,TVW1,0.5,0.4
2015-03,10,TVW1,0.75,0.20000000000000004
2015-03,10,TVW2,0.3333333333333333,0.40000000000000013
2015-03,10,TVW2,0.5,0.39999999999999925
2015-03,10,TVW2,0.6666666666666666,0.20000000000000073
2015-03,10,TVW3,0.1,0.14999999999999994
2015-03,10,TVW3,0.25,0.34999999999999976
2015-03,10,TVW3,0.5,0.35000000000000026
2015-03,10,TVW3,0.75,0.15000000000000002
2015-03,10,TVW3,0.9,0.0
2015-03,11,TVW1,0.25,0.3999999999999998
2015-03,11,TVW1,0.5,0.4000000000000002
2015-03,11,TVW1,0.75,0.20000000000000007
2015-03,11,TVW2,0.3333333333333333,0.40000000000000013
2015-03,11,TVW2,0.5,0.3999999999999999
2015-03,11,TVW2,0.6666666666666666,0.20000000000000007
2015-03,11,TVW3,0.1,0.14999999999999997
2015-03,11,TVW3,0.25,0.3499999999999999
2015-03,11,TVW3,0.5,0.35000000000000014
2015-03,11,TVW3,0.75,0.15000000000000002
2015-03,11,TVW3,0.9,0.0
2015-03,12,TVW1,0.25,0.39999999999999986
2015-03,12,TVW1,0.5,0.3999999999999999
2015-03,12,TVW1,0.75,0.20000000000000012
2015-03,12,TVW2,0.3333333333333333,0.4
2015-03,12,TVW2,0.5,0.39999999999999997
2015-03,12,TVW2,0.6666666666666666,0.2
2015-03,12,TVW3,0.1,0.14999999999999997
2015-03,12,TVW3,0.25,0.3499999999999999
2015-03,12,TVW3,0.5,0.35000000000000003
2015-03,12,TVW3,0.75,0.15000000000000002
2015-03,12,TVW3,0.9,0.0
2015-03,13,TVW1,0.25,0.4
2015-03,13,TVW1,0.5,0.4
2015-03,13,TVW1,0.75,0.2
2015-03,13,TVW2,0.3333333333333333,0.39999999999999997
2015-03,13,TVW2,0.5,0.40000000000000013
2015-03,13,TVW2,0.6666666666666666,0.2
2015-03,13,TVW3,0.1,0.15
2015-03,13,TVW3,0.25,0.34999999999999976
2015-03,13,TVW3,0.5,0.3500000000000002
2015-03,13,TVW3,0.75,0.15
2015-03,13,TVW3,0.9,0.0
2015-04,1,TVW1,0.25,0.4
2015-04,1,TVW1,0.5,0.4
2015-04,1,TVW1,0.75,0.20000000000000007
2015-04,1,TVW2,0.3333333333333333,0.3999999999999998
2015-04,1,TVW2,0.5,0.4000000000000003
2015-04,1,TVW2,0.6666666666666666,0.2
2015-04,1,TVW3,0.1,0.05073559969624465
2015-04,1,TVW3,0.25,0.35
2015-04,1,TVW3,0.5,0.4492644003037555
2015-04,1,TVW3,0.75,0.15
2015-04,1,TVW3,0.9,2.182164981249167e-18
2015-04,2,TVW1,0.25,0.23464856692717634
2015-04,2,TVW1,0.5,0.5653514330728237
2015-04,2,TVW1,0.75,0.2
2015-04,2,TVW2,0.3333333333333333,0.4
2015-04,2,TVW2,0.5,0.39999999999999997
2015-04,2,TVW2,0.6666666666666666,0.2
2015-04,2,TVW3,0.1,1.2895615959471517e-16
2015-04,2,TVW3,0.25,0.29180454718855964
2015-04,2,TVW3,0.5,0.49999999999999994
2015-04,2,TVW3,0.75,0.20819545281144025
2015-04,2,TVW3,0.9,0.0
2015-04,3,TVW1,0.25,0.24826138514933743
2015-04,3,TVW1,0.5,0.5517386148506627
2015-04,3,TVW1,0.75,0.2
2015-04,3,TVW2,0.3333333333333333,0.40000000000000013
2015-04,3,TVW2,0.5,0.3999999999999999
2015-04,3,TVW2,0.6666666666666666,0.20000000000000007
2015-04,3,TVW3,0.1,0.11814660746494633
2015-04,3,TVW3,0.25,0.15
2015-04,3,TVW3,0.5,0.5
2015-04,3,TVW3,0.75,0.23185339253505374
2015-04,3,TVW3,0.9,0.0
2015-04,4,TVW1,0.25,0.30069926743724273
2015-04,4,TVW1,0.5,0.49930073256275737
2015-04,4,TVW1,0.75,0.2
2015-04,4,TVW2,0.3333333333333333,0.4
2015-04,4,TVW2,0.5,0.3
2015-04,4,TVW2,0.6666666666666666,0.3
2015-04,4,TVW3,0.1,0.15
2015-04,4,TVW3,0.25,0.2741034308013545
2015-04,4,TVW3,0.5,0.3
2015-04,4,TVW3,0.75,0.15
2015-04,4,TVW3,0.9,0.12589656919864545
2015-04,5,TVW1,0.25,0.32726582442740976
2015-04,5,TVW1,0.5,0.39999999999999997
2015-04,5,TVW1,0.75,0.27273417557259017
2015-04,5,TVW2,0.3333333333333333,0.34485481171396354
2015-04,5,TVW2,0.5,0.30000000000000004
2015-04,5,TVW2,0.6666666666666666,0.3551451882860365
2015-04,5,TVW3,0.1,0.1499999999999999
2015-04,5,TVW3,0.25,0.2556107654866615
2015-04,5,TVW3,0.5,0.30000000000000004
2015-04,5,TVW3,0.75,0.1500000000000002
2015-04,5,TVW3,0.9,0.14438923451333854
2015-04,6,TVW1,0.25,0.2
2015-04,6,TVW1,0.5,0.5257384163050204
2015-04,6,TVW1,0.75,0.27426158369497955
2015-04,6,TVW2,0.3333333333333333,0.29670794042737514
2015-04,6,TVW2,0.5,0.5
2015-04,6,TVW2,0.6666666666666666,0.20329205957262494
2015-04,6,TVW3,0.1,0.031207565911016304
2015-04,6,TVW3,0.25,0.15000000000000002
2015-04,6,TVW3,0.5,0.4999999999999997
2015-04,6,TVW3,0.75,0.3187924340889837
2015-04,6,TVW3,0.9,1.319951604453973e-16
2015-04,7,TVW1,0.25,0.3388628452761953
2015-04,7,TVW1,0.5,0.4
2015-04,7,TVW1,0.75,0.2611371547238046
2015-04,7,TVW2,0.3333333333333333,0.38146175782263375
2015-04,7,TVW2,0.5,0.3
2015-04,7,TVW2,0.6666666666666666,0.31853824217736637
2015-04,7,TVW3,0.1,0.15000000000000002
2015-04,7,TVW3,0.25,0.19999999999999993
2015-04,7,TVW3,0.5,0.30000000000000004
2015-04,7,TVW3,0.75,0.35000000000000003
2015-04,7,TVW3,0.9,0.0
2015-04,8,TVW1,0.25,0.38408959489404193
2015-04,8,TVW1,0.5,0.415910405105958
2015-04,8,TVW1,0.75,0.20000000000000004
2015-04,8,TVW2,0.3333333333333333,0.4
2015-04,8,TVW2,0.5,0.3747645456295226
2015-04,8,TVW2,0.6666666666666666,0.22523545437047737
2015-04,8,TVW3,0.1,0.030087893180410785
2015-04,8,TVW3,0.25,0.3199121068195891
2015-04,8,TVW3,0.5,0.5000000000000001
2015-04,8,TVW3,0.75,0.15000000000000002
2015-04,8,TVW3,0.9,1.4265212730830455e-17
2015-04,9,TVW1,0.25,0.3999999999999999
2015-04,9,TVW1,0.5,0.3999999999999999
2015-04,9,TVW1,0.75,0.20000000000000004
2015-04,9,TVW2,0.3333333333333333,0.39999999999999997
2015-04,9,TVW2,0.5,0.39999999999999997
2015-04,9,TVW2,0.6666666666666666,0.2
2015-04,9,TVW3,0.1,0.13010108076411556
2015-04,9,TVW3,0.25,0.35000000000000003
2015-04,9,TVW3,0.5,0.3698989192358844
2015-04,9,TVW3,0.75,0.15000000000000002
2015-04,9,TVW3,0.9,2.929602498977652e-17
2015-04,10,TVW1,0.25,0.3999999999999997
2015-04,10,TVW1,0.5,0.40000000000000036
2015-04,10,TVW1,0.75,0.2
2015-04,10,TVW2,0.3333333333333333,0.4000000000000001
2015-04,10,TVW2,0.5,0.3999999999999999
2015-04,10,TVW2,0.6666666666666666,0.20000000000000007
2015-04,10,TVW3,0.1,0.1499999999999999
2015-04,10,TVW3,0.25,0.35000000000000003
2015-04,10,TVW3,0.5,0.3499999999999999
2015-04,10,TVW3,0.75,0.15000000000000002
2015-04,10,TVW3,0.9,0.0
2015-04,11,TVW1,0.25,0.39999999999999997
2015-04,11,TVW1,0.5,0.4000000000000001
2015-04,11,TVW1,0.75,0.2
2015-04,11,TVW2,0.3333333333333333,0.39999999999999997
2015-04,11,TVW2,0.5,0.39999999999999997
2015-04,11,TVW2,0.6666666666666666,0.20000000000000012
2015-04,11,TVW3,0.1,0.15
2015-04,11,TVW3,0.25,0.3499999999999999
2015-04,11,TVW3,0.5,0.3500000000000002
2015-04,11,TVW3,0.75,0.15
2015-04,11,TVW3,0.9,0.0
2015-04,12,TVW1,0.25,0.4
2015-04,12,TVW1,0.5,0.4
2015-04,12,TVW1,0.75,0.2
2015-04,12,TVW2,0.3333333333333333,0.40000000000000013
2015-04,12,TVW2,0.5,0.39999999999999997
2015-04,12,TVW2,0.6666666666666666,0.20000000000000007
2015-04,12,TVW3,0.1,0.14999999999999997
2015-04,12,TVW3,0.25,0.3499999999999999
2015-04,12,TVW3,0.5,0.35000000000000003
2015-04,12,TVW3,0.75,0.15000000000000002
2015-04,12,TVW3,0.9,0.0
2015-04,13,TVW1,0.25,0.3999999999999994
2015-04,13,TVW1,0.5,0.4000000000000005
2015-04,13,TVW1,0.75,0.20000000000000007
2015-04,13,TVW2,0.3333333333333333,0.4
2015-04,13,TVW2,0.5,0.4000000000000001
2015-04,13,TVW2,0.6666666666666666,0.2
2015-04,13,TVW3,0.1,0.15
2015-04,13,TVW3,0.25,0.3499999999999999
2015-04,13,TVW3,0.5,0.35000000000000014
2015-04,13,TVW3,0.75,0.15
2015-04,13,TVW3,0.9,0.0
2015-05,1,TVW1,0.25,0.4
2015-05,1,TVW1,0.5,0.4
2015-05,1,TVW1,0.75,0.20000000000000004
2015-05,1,TVW2,0.3333333333333333,0.33289169216573616
2015-05,1,TVW2,0.5,0.4671083078342638
2015-05,1,TVW2,0.6666666666666666,0.19999999999999996
2015-05,1,TVW3,0.1,0.0
2015-05,1,TVW3,0.25,0.3499999999999999
2015-05,1,TVW3,0.5,0.5
2015-05,1,TVW3,0.75,0.15000000000000008
2015-05,1,TVW3,0.9,0.0
2015-05,2,TVW1,0.25,0.27488231565500004
2015-05,2,TVW1,0.5,0.479884164996538
2015-05,2,TVW1,0.75,0.2452335193484619
2015-05,2,TVW2,0.3333333333333333,0.3820490474126734
2015-05,2,TVW2,0.5,0.3
2015-05,2,TVW2,0.6666666666666666,0.3179509525873265
2015-05,2,TVW3,0.1,0.0
2015-05,2,TVW3,0.25,0.2748823156550004
2015-05,2,TVW3,0.5,0.4798841649965375
2015-05,2,TVW3,0.75,0.24523351934846205
2015-05,2,TVW3,0.9,0.0
2015-05,3,TVW1,0.25,0.20000000000000004
2015-05,3,TVW1,0.5,0.5999999999999999
2015-05,3,TVW1,0.75,0.20000000000000012
2015-05,3,TVW2,0.3333333333333333,0.34247221485330076
2015-05,3,TVW2,0.5,0.45752778514669934
2015-05,3,TVW2,0.6666666666666666,0.2
2015-05,3,TVW3,0.1,0.07560483735458921
2015-05,3,TVW3,0.25,0.14999999999999972
2015-05,3,TVW3,0.5,0.4999999999999991
2015-05,3,TVW3,0.75,0.27439516264541197
2015-05,3,TVW3,0.9,1.3736454886444363e-17
2015-05,4,TVW1,0.25,0.26845477667717016
2015-05,4,TVW1,0.5,0.4
2015-05,4,TVW1,0.75,0.33154522332282976
2015-05,4,TVW2,0.3333333333333333,0.22489309139666844
2015-05,4,TVW2,0.5,0.3751069086033316
2015-05,4,TVW2,0.6666666666666666,0.4
2015-05,4,TVW3,0.1,1.3887985692944235e-16
2015-05,4,TVW3,0.25,0.3499999999999998
2015-05,4,TVW3,0.5,0.3
2015-05,4,TVW3,0.75,0.293546571922746
2015-05,4,TVW3,0.9,0.056453428077254016
2015-05,5,TVW1,0.25,0.28569193511994817
2015-05,5,TVW1,0.5,0.4
2015-05,5,TVW1,0.75,0.31430806488005186
2015-05,5,TVW2,0.3333333333333333,0.23610051622364772
2015-05,5,TVW2,0.5,0.5
2015-05,5,TVW2,0.6666666666666666,0.2638994837763523
2015-05,5,TVW3,0.1,3.1347273246955854e-17
2015-05,5,TVW3,0.25,0.3499999999999999
2015-05,5,TVW3,0.5,0.3000000000000001
2015-05,5,TVW3,0.75,0.35000000000000003
2015-05,5,TVW3,0.9,0.0
2015-05,6,TVW1,0.25,0.2
2015-05,6,TVW1,0.5,0.4
2015-05,6,TVW1,0.75,0.4
2015-05,6,TVW2,0.3333333333333333,0.31097677006255425
2015-05,6,TVW2,0.5,0.3
2015-05,6,TVW2,0.6666666666666666,0.3890232299374458
2015-05,6,TVW3,0.1,0.0
2015-05,6,TVW3,0.25,0.344588681394453
2015-05,6,TVW3,0.5,0.3
2015-05,6,TVW3,0.75,0.20541131860554704
2015-05,6,TVW3,0.9,0.14999999999999994
2015-05,7,TVW1,0.25,0.3094759508235025
2015-05,7,TVW1,0.5,0.3999999999999999
2015-05,7,TVW1,0.75,0.29052404917649766
2015-05,7,TVW2,0.3333333333333333,0.2
2015-05,7,TVW2,0.5,0.47950581237905476
2015-05,7,TVW2,0.6666666666666666,0.3204941876209453
2015-05,7,TVW3,0.1,0.007827892495476127
2015-05,7,TVW3,0.25,0.35
2015-05,7,TVW3,0.5,0.30000000000000004
2015-05,7,TVW3,0.75,0.3421721075045238
2015-05,7,TVW3,0.9,3.624556607113624e-17
2015-05,8,TVW1,0.25,0.2
2015-05,8,TVW1,0.5,0.6
2015-05,8,TVW1,0.75,0.2
2015-05,8,TVW2,0.3333333333333333,0.21099621128690335
2015-05,8,TVW2,0.5,0.5
2015-05,8,TVW2,0.6666666666666666,0.2890037887130967
2015-05,8,TVW3,0.1,0.003489453296174973
2015-05,8,TVW3,0.25,0.316502845993945
2015-05,8,TVW3,0.5,0.5000000000000001
2015-05,8,TVW3,0.75,0.15000000000000005
2015-05,8,TVW3,0.9,0.030007700709879955
2015-05,9,TVW1,0.25,0.4
2015-05,9,TVW1,0.5,0.4
2015-05,9,TVW1,0.75,0.20000000000000004
2015-05,9,TVW2,0.3333333333333333,0.4
2015-05,9,TVW2,0.5,0.4000000000000001
2015-05,9,TVW2,0.6666666666666666,0.2
2015-05,9,TVW3,0.1,0.0825577524554393
2015-05,9,TVW3,0.25,0.35000000000000003
2015-05,9,TVW3,0.5,0.4174422475445607
2015-05,9,TVW3,0.75,0.15000000000000002
2015-05,9,TVW3,0.9,2.5137455212113362e-18
2015-05,10,TVW1,0.25,0.4
2015-05,10,TVW1,0.5,0.4
2015-05,10,TVW1,0.75,0.2
2015-05,10,TVW2,0.3333333333333333,0.4
2015-05,10,TVW2,0.5,0.39999999999999997
2015-05,10,TVW2,0.6666666666666666,0.20000000000000004
2015-05,10,TVW3,0.1,0.15000000000000002
2015-05,10,TVW3,0.25,0.20000000000000004
2015-05,10,TVW3,0.5,0.49999999999999994
2015-05,10,TVW3,0.75,0.15000000000000005
2015-05,10,TVW3,0.9,0.0
2015-05,11,TVW1,0.25,0.3999999999999996
2015-05,11,TVW1,0.5,0.40000000000000047
2015-05,11,TVW1,0.75,0.2
2015-05,11,TVW2,0.3333333333333333,0.39999999999999974
2015-05,11,TVW2,0.5,0.4000000000000003
2015-05,11,TVW2,0.6666666666666666,0.2
2015-05,11,TVW3,0.1,2.4980018054066017e-16
2015-05,11,TVW3,0.25,0.34999999999999976
2015-05,11,TVW3,0.5,0.49999999999999983
2015-05,11,TVW3,0.75,0.14999999999999997
2015-05,11,TVW3,0.9,2.558361753066273e-16
2015-05,12,TVW1,0.25,0.3999999999999999
2015-05,12,TVW1,0.5,0.3999999999999999
2015-05,12,TVW1,0.75,0.2000000000000002
2015-05,12,TVW2,0.3333333333333333,0.4
2015-05,12,TVW2,0.5,0.4
2015-05,12,TVW2,0.6666666666666666,0.2
2015-05,12,TVW3,0.1,0.14999999999999997
2015-05,12,TVW3,0.25,0.35
2015-05,12,TVW3,0.5,0.35000000000000014
2015-05,12,TVW3,0.75,0.15000000000000002
2015-05,12,TVW3,0.9,0.0
2015-05,13,TVW1,0.25,0.39999999999999963
2015-05,13,TVW1,0.5,0.40000000000000036
2015-05,13,TVW1,0.75,0.2
2015-05,13,TVW2,0.3333333333333333,0.4
2015-05,13,TVW2,0.5,0.4000000000000001
2015-05,13,TVW2,0.6666666666666666,0.2
2015-05,13,TVW3,0.1,0.12310260149911484
2015-05,13,TVW3,0.25,0.3499999999999998
2015-05,13,TVW3,0.5,0.37689739850088533
2015-05,13,TVW3,0.75,0.15
2015-05,13,TVW3,0.9,1.6768916769492812e-17
2015-06,1,TVW1,0.25,0.2898813722312724
2015-06,1,TVW1,0.5,0.5101186277687276
2015-06,1,TVW1,0.75,0.20000000000000007
2015-06,1,TVW2,0.3333333333333333,0.30000000000000004
2015-06,1,TVW2,0.5,0.5
2015-06,1,TVW2,0.6666666666666666,0.2
2015-06,1,TVW3,0.1,0.0
2015-06,1,TVW3,0.25,0.35
2015-06,1,TVW3,0.5,0.5
2015-06,1,TVW3,0.75,0.15000000000000013
2015-06,1,TVW3,0.9,2.3230627174623123e-17
2015-06,2,TVW1,0.25,0.28177549279197167
2015-06,2,TVW1,0.5,0.40000000000000013
2015-06,2,TVW1,0.75,0.3182245072080282
2015-06,2,TVW2,0.3333333333333333,0.3082783748755341
2015-06,2,TVW2,0.5,0.3
2015-06,2,TVW2,0.6666666666666666,0.391721625124466
2015-06,2,TVW3,0.1,0.0
2015-06,2,TVW3,0.25,0.35
2015-06,2,TVW3,0.5,0.3
2015-06,2,TVW3,0.75,0.35
2015-06,2,TVW3,0.9,1.0254095325623368e-16
2015-06,3,TVW1,0.25,0.2
2015-06,3,TVW1,0.5,0.5085204899097377
2015-06,3,TVW1,0.75,0.29147951009026224
2015-06,3,TVW2,0.3333333333333333,0.2
2015-06,3,TVW2,0.5,0.4075803093184164
2015-06,3,TVW2,0.6666666666666666,0.39241969068158367
2015-06,3,TVW3,0.1,0.039868155265402376
2015-06,3,TVW3,0.25,0.15000000000000038
2015-06,3,TVW3,0.5,0.5
2015-06,3,TVW3,0.75,0.31013184473459715
2015-06,3,TVW3,0.9,1.0979325002487667e-17
2015-06,4,TVW1,0.25,0.2
2015-06,4,TVW1,0.5,0.4
2015-06,4,TVW1,0.75,0.4
2015-06,4,TVW2,0.3333333333333333,0.2
2015-06,4,TVW2,0.5,0.4
2015-06,4,TVW2,0.6666666666666666,0.39999999999999997
2015-06,4,TVW3,0.1,2.805029228268823e-17
2015-06,4,TVW3,0.25,0.27980989096798387
2015-06,4,TVW3,0.5,0.30000000000000004
2015-06,4,TVW3,0.75,0.3499999999999999
2015-06,4,TVW3,0.9,0.07019010903201614
2015-06,5,TVW1,0.25,0.2287664228161262
2015-06,5,TVW1,0.5,0.3999999999999999
2015-06,5,TVW1,0.75,0.37123357718387384
2015-06,5,TVW2,0.3333333333333333,0.2
2015-06,5,TVW2,0.5,0.45220632431600993
2015-06,5,TVW2,0.6666666666666666,0.34779367568399017
2015-06,5,TVW3,0.1,0.0
2015-06,5,TVW3,0.25,0.21751552309612351
2015-06,5,TVW3,0.5,0.4324844769038766
2015-06,5,TVW3,0.75,0.35
2015-06,5,TVW3,0.9,0.0
2015-06,6,TVW1,0.25,0.2
2015-06,6,TVW1,0.5,0.4000000000000001
2015-06,6,TVW1,0.75,0.39999999999999997
2015-06,6,TVW2,0.3333333333333333,0.2494361681644211
2015-06,6,TVW2,0.5,0.35056383183557893
2015-06,6,TVW2,0.6666666666666666,0.4
2015-06,6,TVW3,0.1,1.3521455520434044e-17
2015-06,6,TVW3,0.25,0.1814102788334322
2015-06,6,TVW3,0.5,0.49999999999999994
2015-06,6,TVW3,0.75,0.16858972116656792
2015-06,6,TVW3,0.9,0.15
2015-06,7,TVW1,0.25,0.27461393892315283
2015-06,7,TVW1,0.5,0.4
2015-06,7,TVW1,0.75,0.32538606107684714
2015-06,7,TVW2,0.3333333333333333,0.20000000000000004
2015-06,7,TVW2,0.5,0.39999999999999997
2015-06,7,TVW2,0.6666666666666666,0.4000000000000001
2015-06,7,TVW3,0.1,0.02909213620639767
2015-06,7,TVW3,0.25,0.35
2015-06,7,TVW3,0.5,0.3000000000000001
2015-06,7,TVW3,0.75,0.2260921138798884
2015-06,7,TVW3,0.9,0.09481574991371393
2015-06,8,TVW1,0.25,0.2000000000000001
2015-06,8,TVW1,0.5,0.5999999999999999
2015-06,8,TVW1,0.75,0.19999999999999998
2015-06,8,TVW2,0.3333333333333333,0.20000000000000004
2015-06,8,TVW2,0.5,0.49999999999999994
2015-06,8,TVW2,0.6666666666666666,0.3000000000000001
2015-06,8,TVW3,0.1,0.07698077617934629
2015-06,8,TVW3,0.25,0.15000000000000008
2015-06,8,TVW3,0.5,0.49999999999999994
2015-06,8,TVW3,0.75,0.2730192238206537
2015-06,8,TVW3,0.9,4.5816906029315084e-17
2015-06,9,TVW1,0.25,0.4
2015-06,9,TVW1,0.5,0.4
2015-06,9,TVW1,0.75,0.20000000000000004
2015-06,9,TVW2,0.3333333333333333,0.4
2015-06,9,TVW2,0.5,0.38102580280705795
2015-06,9,TVW2,0.6666666666666666,0.21897419719294206
2015-06,9,TVW3,0.1,0.045095866639639666
2015-06,9,TVW3,0.25,0.35
2015-06,9,TVW3,0.5,0.45490413336036045
2015-06,9,TVW3,0.75,0.15000000000000002
2015-06,9,TVW3,0.9,0.0
2015-06,10,TVW1,0.25,0.39999999999999997
2015-06,10,TVW1,0.5,0.4
2015-06,10,TVW1,0.75,0.2
2015-06,10,TVW2,0.3333333333333333,0.3999999999999999
2015-06,10,TVW2,0.5,0.40000000000000013
2015-06,10,TVW2,0.6666666666666666,0.19999999999999996
2015-06,10,TVW3,0.1,0.11703967595158653
2015-06,10,TVW3,0.25,0.2329603240484135
2015-06,10,TVW3,0.5,0.5
2015-06,10,TVW3,0.75,0.15
2015-06,10,TVW3,0.9,0.0
2015-06,11,TVW1,0.25,0.3999999999999999
2015-06,11,TVW1,0.5,0.3999999999999999
2015-06,11,TVW1,0.75,0.20000000000000007
2015-06,11,TVW2,0.3333333333333333,0.4
2015-06,11,TVW2,0.5,0.3999999999999999
2015-06,11,TVW2,0.6666666666666666,0.2
2015-06,11,TVW3,0.1,0.0
2015-06,11,TVW3,0.25,0.35
2015-06,11,TVW3,0.5,0.5
2015-06,11,TVW3,0.75,0.15
2015-06,11,TVW3,0.9,0.0
2015-06,12,TVW1,0.25,0.3999999999999999
2015-06,12,TVW1,0.5,0.4
2015-06,12,TVW1,0.75,0.20000000000000012
2015-06,12,TVW2,0.3333333333333333,0.39999999999999997
2015-06,12,TVW2,0.5,0.40000000000000013
2015-06,12,TVW2,0.6666666666666666,0.20000000000000004
2015-06,12,TVW3,0.1,0.1449081249839111
2015-06,12,TVW3,0.25,0.35
2015-06,12,TVW3,0.5,0.3550918750160891
2015-06,12,TVW3,0.75,0.15000000000000002
2015-06,12,TVW3,0.9,0.0
2015-06,13,TVW1,0.25,0.39999999999999997
2015-06,13,TVW1,0.5,0.4
2015-06,13,TVW1,0.75,0.2
2015-06,13,TVW2,0.3333333333333333,0.4
2015-06,13,TVW2,0.5,0.3999999999999999
2015-06,13,TVW2,0.6666666666666666,0.2
2015-06,13,TVW3,0.1,0.07157257621911156
2015-06,13,TVW3,0.25,0.35
2015-06,13,TVW3,0.5,0.4284274237808885
2015-06,13,TVW3,0.75,0.15000000000000002
2015-06,13,TVW3,0.9,0.0
2015-07,1,TVW1,0.25,0.3999999999999998
2015-07,1,TVW1,0.5,0.4000000000000003
2015-07,1,TVW1,0.75,0.2
2015-07,1,TVW2,0.3333333333333333,0.4
2015-07,1,TVW2,0.5,0.4
2015-07,1,TVW2,0.6666666666666666,0.2
2015-07,1,TVW3,0.1,0.06529086930236067
2015-07,1,TVW3,0.25,0.35
2015-07,1,TVW3,0.5,0.43470913069763945
2015-07,1,TVW3,0.75,0.15000000000000002
2015-07,1,TVW3,0.9,0.0
2015-07,2,TVW1,0.25,0.4
2015-07,2,TVW1,0.5,0.4000000000000001
2015-07,2,TVW1,0.75,0.2
2015-07,2,TVW2,0.3333333333333333,0.39999999999999997
2015-07,2,TVW2,0.5,0.4000000000000001
2015-07,2,TVW2,0.6666666666666666,0.2
2015-07,2,TVW3,0.1,4.5422861662585375e-19
2015-07,2,TVW3,0.25,0.35
2015-07,2,TVW3,0.5,0.49602445394128397
2015-07,2,TVW3,0.75,0.15000000000000022
2015-07,2,TVW3,0.9,0.0039755460587159765
2015-07,3,TVW1,0.25,0.35010991369201616
2015-07,3,TVW1,0.5,0.4
2015-07,3,TVW1,0.75,0.24989008630798387
2015-07,3,TVW2,0.3333333333333333,0.4
2015-07,3,TVW2,0.5,0.32834460136169186
2015-07,3,TVW2,0.6666666666666666,0.2716553986383082
2015-07,3,TVW3,0.1,0.1490617255647074
2015-07,3,TVW3,0.25,0.2009382744352925
2015-07,3,TVW3,0.5,0.30000000000000016
2015-07,3,TVW3,0.75,0.3499999999999999
2015-07,3,TVW3,0.9,0.0
2015-07,4,TVW1,0.25,0.35730866996028116
2015-07,4,TVW1,0.5,0.4
2015-07,4,TVW1,0.75,0.2426913300397189
2015-07,4,TVW2,0.3333333333333333,0.4
2015-07,4,TVW2,0.5,0.3931769655717676
2015-07,4,TVW2,0.6666666666666666,0.20682303442823244
2015-07,4,TVW3,0.1,0.03591703102575888
2015-07,4,TVW3,0.25,0.34999999999999987
2015-07,4,TVW3,0.5,0.3
2015-07,4,TVW3,0.75,0.3059625575853074
2015-07,4,TVW3,0.9,0.008120411388933968
2015-07,5,TVW1,0.25,0.28511141979520405
2015-07,5,TVW1,0.5,0.5148885802047959
2015-07,5,TVW1,0.75,0.20000000000000004
2015-07,5,TVW2,0.3333333333333333,0.29999999999999993
2015-07,5,TVW2,0.5,0.5
2015-07,5,TVW2,0.6666666666666666,0.20000000000000007
2015-07,5,TVW3,0.1,0.0
2015-07,5,TVW3,0.25,0.33057123097659524
2015-07,5,TVW3,0.5,0.5
2015-07,5,TVW3,0.75,0.1500000000000008
2015-07,5,TVW3,0.9,0.019428769023404045
2015-07,6,TVW1,0.25,0.3903145880366912
2015-07,6,TVW1,0.5,0.4
2015-07,6,TVW1,0.75,0.2096854119633088
2015-07,6,TVW2,0.3333333333333333,0.39999999999999997
2015-07,6,TVW2,0.5,0.4000000000000001
2015-07,6,TVW2,0.6666666666666666,0.20000000000000004
2015-07,6,TVW3,0.1,4.532761577431422e-17
2015-07,6,TVW3,0.25,0.34999999999999987
2015-07,6,TVW3,0.5,0.461111769001705
2015-07,6,TVW3,0.75,0.15000000000000016
2015-07,6,TVW3,0.9,0.038888230998295005
2015-07,7,TVW1,0.25,0.38946791436026923
2015-07,7,TVW1,0.5,0.4000000000000001
2015-07,7,TVW1,0.75,0.21053208563973072
2015-07,7,TVW2,0.3333333333333333,0.38721296256322507
2015-07,7,TVW2,0.5,0.30000000000000004
2015-07,7,TVW2,0.6666666666666666,0.312787037436775
2015-07,7,TVW3,0.1,0.06332346573181274
2015-07,7,TVW3,0.25,0.34999999999999976
2015-07,7,TVW3,0.5,0.29999999999999977
2015-07,7,TVW3,0.75,0.2866765342681877
2015-07,7,TVW3,0.9,0.0
2015-07,8,TVW1,0.25,0.3999999999999999
2015-07,8,TVW1,0.5,0.4000000000000002
2015-07,8,TVW1,0.75,0.2
2015-07,8,TVW2,0.3333333333333333,0.4
2015-07,8,TVW2,0.5,0.39999999999999997
2015-07,8,TVW2,0.6666666666666666,0.20000000000000007
2015-07,8,TVW3,0.1,0.0995234770702177
2015-07,8,TVW3,0.25,0.25047652292978234
2015-07,8,TVW3,0.5,0.5
2015-07,8,TVW3,0.75,0.15000000000000002
2015-07,8,TVW3,0.9,0.0
2015-07,9,TVW1,0.25,0.4
2015-07,9,TVW1,0.5,0.4
2015-07,9,TVW1,0.75,0.20000000000000007
2015-07,9,TVW2,0.3333333333333333,0.4
2015-07,9,TVW2,0.5,0.4
2015-07,9,TVW2,0.6666666666666666,0.2
2015-07,9,TVW3,0.1,0.15
2015-07,9,TVW3,0.25,0.3499999999999999
2015-07,9,TVW3,0.5,0.35000000000000014
2015-07,9,TVW3,0.75,0.15
2015-07,9,TVW3,0.9,0.0
2015-07,10,TVW1,0.25,0.4
2015-07,10,TVW1,0.5,0.4
2015-07,10,TVW1,0.75,0.20000000000000004
2015-07,10,TVW2,0.3333333333333333,0.3999999999999999
2015-07,10,TVW2,0.5,0.4
2015-07,10,TVW2,0.6666666666666666,0.19999999999999996
2015-07,10,TVW3,0.1,0.15000000000000005
2015-07,10,TVW3,0.25,0.3500000000000002
2015-07,10,TVW3,0.5,0.34999999999999964
2015-07,10,TVW3,0.75,0.15000000000000008
2015-07,10,TVW3,0.9,1.019478894034185e-17
2015-07,11,TVW1,0.25,0.4
2015-07,11,TVW1,0.5,0.4
2015-07,11,TVW1,0.75,0.20000000000000004
2015-07,11,TVW2,0.3333333333333333,0.3999999999999999
2015-07,11,TVW2,0.5,0.4
2015-07,11,TVW2,0.6666666666666666,0.19999999999999996
2015-07,11,TVW3,0.1,0.14999999999999997
2015-07,11,TVW3,0.25,0.35
2015-07,11,TVW3,0.5,0.3500000000000002
2015-07,11,TVW3,0.75,0.15
2015-07,11,TVW3,0.9,0.0
2015-07,12,TVW1,0.25,0.3999999999999999
2015-07,12,TVW1,0.5,0.3999999999999999
2015-07,12,TVW1,0.75,0.20000000000000012
2015-07,12,TVW2,0.3333333333333333,0.4
2015-07,12,TVW2,0.5,0.4000000000000001
2015-07,12,TVW2,0.6666666666666666,0.2
2015-07,12,TVW3,0.1,0.15000000000000002
2015-07,12,TVW3,0.25,0.35
2015-07,12,TVW3,0.5,0.35
2015-07,12,TVW3,0.75,0.15000000000000005
2015-07,12,TVW3,0.9,0.0
2015-07,13,TVW1,0.25,0.4
2015-07,13,TVW1,0.5,0.4
2015-07,13,TVW1,0.75,0.20000000000000004
2015-07,13,TVW2,0.3333333333333333,0.40000000000000013
2015-07,13,TVW2,0.5,0.39999999999999986
2015-07,13,TVW2,0.6666666666666666,0.20000000000000007
2015-07,13,TVW3,0.1,0.15
2015-07,13,TVW3,0.25,0.23885286324949634
2015-07,13,TVW3,0.5,0.4611471367505038
2015-07,13,TVW3,0.75,0.15
2015-07,13,TVW3,0.9,1.0669690445182964e-17
2015-08,1,TVW1,0.25,0.4
2015-08,1,TVW1,0.5,0.4
2015-08,1,TVW1,0.75,0.2
2015-08,1,TVW2,0.3333333333333333,0.4
2015-08,1,TVW2,0.5,0.4000000000000001
2015-08,1,TVW2,0.6666666666666666,0.2
2015-08,1,TVW3,0.1,0.07732527486944789
2015-08,1,TVW3,0.25,0.35
2015-08,1,TVW3,0.5,0.4226747251305521
2015-08,1,TVW3,0.75,0.15
2015-08,1,TVW3,0.9,0.0
2015-08,2,TVW1,0.25,0.39338928757456487
2015-08,2,TVW1,0.5,0.40661071242543506
2015-08,2,TVW1,0.75,0.2
2015-08,2,TVW2,0.3333333333333333,0.3999999999999999
2015-08,2,TVW2,0.5,0.4000000000000002
2015-08,2,TVW2,0.6666666666666666,0.19999999999999996
2015-08,2,TVW3,0.1,5.898059818321144e-17
2015-08,2,TVW3,0.25,0.34999999999999987
2015-08,2,TVW3,0.5,0.5
2015-08,2,TVW3,0.75,0.15000000000000008
2015-08,2,TVW3,0.9,0.0
2015-08,3,TVW1,0.25,0.4
2015-08,3,TVW1,0.5,0.4
2015-08,3,TVW1,0.75,0.2
2015-08,3,TVW2,0.3333333333333333,0.4
2015-08,3,TVW2,0.5,0.3
2015-08,3,TVW2,0.6666666666666666,0.30000000000000004
2015-08,3,TVW3,0.1,0.07252533937612772
2015-08,3,TVW3,0.25,0.35
2015-08,3,TVW3,0.5,0.3
2015-08,3,TVW3,0.75,0.2774746606238724
2015-08,3,TVW3,0.9,0.0
2015-08,4,TVW1,0.25,0.3959477709639224
2015-08,4,TVW1,0.5,0.4
2015-08,4,TVW1,0.75,0.20405222903607767
2015-08,4,TVW2,0.3333333333333333,0.4
2015-08,4,TVW2,0.5,0.39999999999999997
2015-08,4,TVW2,0.6666666666666666,0.20000000000000007
2015-08,4,TVW3,0.1,0.10646818574213926
2015-08,4,TVW3,0.25,0.35000000000000003
2015-08,4,TVW3,0.5,0.30000000000000004
2015-08,4,TVW3,0.75,0.15000000000000008
2015-08,4,TVW3,0.9,0.09353181425786065
2015-08,5,TVW1,0.25,0.4
2015-08,5,TVW1,0.5,0.4
2015-08,5,TVW1,0.75,0.2
2015-08,5,TVW2,0.3333333333333333,0.4
2015-08,5,TVW2,0.5,0.3999999999999999
2015-08,5,TVW2,0.6666666666666666,0.2
2015-08,5,TVW3,0.1,0.07315170092240131
2015-08,5,TVW3,0.25,0.3499999999999999
2015-08,5,TVW3,0.5,0.42684829907759864
2015-08,5,TVW3,0.75,0.15000000000000022
2015-08,5,TVW3,0.9,0.0
2015-08,6,TVW1,0.25,0.280239700605326
2015-08,6,TVW1,0.5,0.4
2015-08,6,TVW1,0.75,0.3197602993946741
2015-08,6,TVW2,0.3333333333333333,0.4000000000000001
2015-08,6,TVW2,0.5,0.374821381829556
2015-08,6,TVW2,0.6666666666666666,0.225178618170444
2015-08,6,TVW3,0.1,2.5133243272772312e-17
2015-08,6,TVW3,0.25,0.34999999999999987
2015-08,6,TVW3,0.5,0.30000000000000004
2015-08,6,TVW3,0.75,0.31965099435777866
2015-08,6,TVW3,0.9,0.030349005642221386
2015-08,7,TVW1,0.25,0.3999999999999999
2015-08,7,TVW1,0.5,0.3999999999999999
2015-08,7,TVW1,0.75,0.20000000000000004
2015-08,7,TVW2,0.3333333333333333,0.4
2015-08,7,TVW2,0.5,0.30000000000000004
2015-08,7,TVW2,0.6666666666666666,0.30000000000000004
2015-08,7,TVW3,0.1,0.15
2015-08,7,TVW3,0.25,0.27483813223568526
2015-08,7,TVW3,0.5,0.30000000000000004
2015-08,7,TVW3,0.75,0.27516186776431467
2015-08,7,TVW3,0.9,0.0
2015-08,8,TVW1,0.25,0.3999999999999999
2015-08,8,TVW1,0.5,0.3999999999999999
2015-08,8,TVW1,0.75,0.20000000000000004
2015-08,8,TVW2,0.3333333333333333,0.3999999999999999
2015-08,8,TVW2,0.5,0.39999999999999986
2015-08,8,TVW2,0.6666666666666666,0.20000000000000007
2015-08,8,TVW3,0.1,0.15
2015-08,8,TVW3,0.25,0.28492099041252417
2015-08,8,TVW3,0.5,0.4150790095874758
2015-08,8,TVW3,0.75,0.15
2015-08,8,TVW3,0.9,6.903917346883094e-18
2015-08,9,TVW1,0.25,0.3999999999999999
2015-08,9,TVW1,0.5,0.4000000000000002
2015-08,9,TVW1,0.75,0.2
2015-08,9,TVW2,0.3333333333333333,0.4
2015-08,9,TVW2,0.5,0.4
2015-08,9,TVW2,0.6666666666666666,0.2
2015-08,9,TVW3,0.1,0.15
2015-08,9,TVW3,0.25,0.35
2015-08,9,TVW3,0.5,0.35000000000000014
2015-08,9,TVW3,0.75,0.15
2015-08,9,TVW3,0.9,0.0
2015-08,10,TVW1,0.25,0.4
2015-08,10,TVW1,0.5,0.4
2015-08,10,TVW1,0.75,0.2
2015-08,10,TVW2,0.3333333333333333,0.4
2015-08,10,TVW2,0.5,0.4
2015-08,10,TVW2,0.6666666666666666,0.2
2015-08,10,TVW3,0.1,0.14999999999999994
2015-08,10,TVW3,0.25,0.35
2015-08,10,TVW3,0.5,0.35000000000000026
2015-08,10,TVW3,0.75,0.15
2015-08,10,TVW3,0.9,2.522283439798767e-17
2015-08,11,TVW1,0.25,0.3999999999999994
2015-08,11,TVW1,0.5,0.4000000000000006
2015-08,11,TVW1,0.75,0.2
2015-08,11,TVW2,0.3333333333333333,0.4
2015-08,11,TVW2,0.5,0.39999999999999997
2015-08,11,TVW2,0.6666666666666666,0.20000000000000007
2015-08,11,TVW3,0.1,0.15
2015-08,11,TVW3,0.25,0.35
2015-08,11,TVW3,0.5,0.35000000000000003
2015-08,11,TVW3,0.75,0.15
2015-08,11,TVW3,0.9,1.3947740921862722e-17
2015-08,12,TVW1,0.25,0.39999999999999997
2015-08,12,TVW1,0.5,0.4
2015-08,12,TVW1,0.75,0.2
2015-08,12,TVW2,0.3333333333333333,0.4
2015-08,12,TVW2,0.5,0.4
2015-08,12,TVW2,0.6666666666666666,0.20000000000000007
2015-08,12,TVW3,0.1,0.14999999999999997
2015-08,12,TVW3,0.25,0.35
2015-08,12,TVW3,0.5,0.35000000000000014
2015-08,12,TVW3,0.75,0.15
2015-08,12,TVW3,0.9,0.0
2015-08,13,TVW1,0.25,0.39999999999999997
2015-08,13,TVW1,0.5,0.4
2015-08,13,TVW1,0.75,0.20000000000000007
2015-08,13,TVW2,0.3333333333333333,0.3999999999999998
2015-08,13,TVW2,0.5,0.39999999999999997
2015-08,13,TVW2,0.6666666666666666,0.2000000000000001
2015-08,13,TVW3,0.1,0.14999999999999994
2015-08,13,TVW3,0.25,0.3382131346824063
2015-08,13,TVW3,0.5,0.36178686531759385
2015-08,13,TVW3,0.75,0.15
2015-08,13,TVW3,0.9,1.6945978942349415e-17
2015-09,1,TVW1,0.25,0.3999999999999999
2015-09,1,TVW1,0.5,0.3999999999999999
2015-09,1,TVW1,0.75,0.20000000000000018
2015-09,1,TVW2,0.3333333333333333,0.4
2015-09,1,TVW2,0.5,0.4
2015-09,1,TVW2,0.6666666666666666,0.2
2015-09,1,TVW3,0.1,0.08361231076281032
2015-09,1,TVW3,0.25,0.35
2015-09,1,TVW3,0.5,0.4163876892371897
2015-09,1,TVW3,0.75,0.15
2015-09,1,TVW3,0.9,0.0
2015-09,2,TVW1,0.25,0.2907462597291429
2015-09,2,TVW1,0.5,0.5092537402708571
2015-09,2,TVW1,0.75,0.2
2015-09,2,TVW2,0.3333333333333333,0.4
2015-09,2,TVW2,0.5,0.4000000000000001
2015-09,2,TVW2,0.6666666666666666,0.2
2015-09,2,TVW3,0.1,2.6266677387890877e-16
2015-09,2,TVW3,0.25,0.3272038165510929
2015-09,2,TVW3,0.5,0.49999999999999994
2015-09,2,TVW3,0.75,0.17279618344890693
2015-09,2,TVW3,0.9,1.770622568427033e-17
2015-09,3,TVW1,0.25,0.4
2015-09,3,TVW1,0.5,0.4
2015-09,3,TVW1,0.75,0.2
2015-09,3,TVW2,0.3333333333333333,0.4
2015-09,3,TVW2,0.5,0.4
2015-09,3,TVW2,0.6666666666666666,0.2
2015-09,3,TVW3,0.1,0.018269764101398595
2015-09,3,TVW3,0.25,0.3317302358986014
2015-09,3,TVW3,0.5,0.5
2015-09,3,TVW3,0.75,0.15
2015-09,3,TVW3,0.9,0.0
2015-09,4,TVW1,0.25,0.3999999999999999
2015-09,4,TVW1,0.5,0.3999999999999999
2015-09,4,TVW1,0.75,0.20000000000000007
2015-09,4,TVW2,0.3333333333333333,0.39999999999999986
2015-09,4,TVW2,0.5,0.40000000000000024
2015-09,4,TVW2,0.6666666666666666,0.2
2015-09,4,TVW3,0.1,0.1318723150730544
2015-09,4,TVW3,0.25,0.35
2015-09,4,TVW3,0.5,0.3000000000000002
2015-09,4,TVW3,0.75,0.15843146429708957
2015-09,4,TVW3,0.9,0.059696220629855905
2015-09,5,TVW1,0.25,0.39999999999999986
2015-09,5,TVW1,0.5,0.40000000000000013
2015-09,5,TVW1,0.75,0.20000000000000004
2015-09,5,TVW2,0.3333333333333333,0.4
2015-09,5,TVW2,0.5,0.3999999999999999
2015-09,5,TVW2,0.6666666666666666,0.20000000000000004
2015-09,5,TVW3,0.1,0.15
2015-09,5,TVW3,0.25,0.35
2015-09,5,TVW3,0.5,0.3107180270618916
2015-09,5,TVW3,0.75,0.15
2015-09,5,TVW3,0.9,0.03928197293810833
2015-09,6,TVW1,0.25,0.2825968532169841
2015-09,6,TVW1,0.5,0.4
2015-09,6,TVW1,0.75,0.31740314678301595
2015-09,6,TVW2,0.3333333333333333,0.4000000000000001
2015-09,6,TVW2,0.5,0.3768618731325917
2015-09,6,TVW2,0.6666666666666666,0.22313812686740833
2015-09,6,TVW3,0.1,7.750216816485659e-17
2015-09,6,TVW3,0.25,0.35000000000000003
2015-09,6,TVW3,0.5,0.3000000000000002
2015-09,6,TVW3,0.75,0.3249267779476854
2015-09,6,TVW3,0.9,0.025073222052314468
2015-09,7,TVW1,0.25,0.3754661717011662
2015-09,7,TVW1,0.5,0.3999999999999999
2015-09,7,TVW1,0.75,0.2245338282988338
2015-09,7,TVW2,0.3333333333333333,0.2668033324814646
2015-09,7,TVW2,0.5,0.5
2015-09,7,TVW2,0.6666666666666666,0.23319666751853543
2015-09,7,TVW3,0.1,0.15000000000000002
2015-09,7,TVW3,0.25,0.28823346175778997
2015-09,7,TVW3,0.5,0.30000000000000004
2015-09,7,TVW3,0.75,0.15000000000000005
2015-09,7,TVW3,0.9,0.11176653824220993
2015-09,8,TVW1,0.25,0.3999999999999998
2015-09,8,TVW1,0.5,0.40000000000000024
2015-09,8,TVW1,0.75,0.2
2015-09,8,TVW2,0.3333333333333333,0.39999999999999997
2015-09,8,TVW2,0.5,0.4
2015-09,8,TVW2,0.6666666666666666,0.20000000000000007
2015-09,8,TVW3,0.1,0.06434688819586193
2015-09,8,TVW3,0.25,0.35
2015-09,8,TVW3,0.5,0.43565311180413807
2015-09,8,TVW3,0.75,0.15
2015-09,8,TVW3,0.9,3.843816298456781e-17
2015-09,9,TVW1,0.25,0.4
2015-09,9,TVW1,0.5,0.4
2015-09,9,TVW1,0.75,0.20000000000000007
2015-09,9,TVW2,0.3333333333333333,0.39999999999999986
2015-09,9,TVW2,0.5,0.4000000000000002
2015-09,9,TVW2,0.6666666666666666,0.19999999999999993
2015-09,9,TVW3,0.1,0.15
2015-09,9,TVW3,0.25,0.35
2015-09,9,TVW3,0.5,0.35000000000000003
2015-09,9,TVW3,0.75,0.15
2015-09,9,TVW3,0.9,1.129731929489961e-17
2015-09,10,TVW1,0.25,0.4
2015-09,10,TVW1,0.5,0.4
2015-09,10,TVW1,0.75,0.2
2015-09,10,TVW2,0.3333333333333333,0.4
2015-09,10,TVW2,0.5,0.4000000000000001
2015-09,10,TVW2,0.6666666666666666,0.2
2015-09,10,TVW3,0.1,0.15
2015-09,10,TVW3,0.25,0.35
2015-09,10,TVW3,0.5,0.35000000000000014
2015-09,10,TVW3,0.75,0.15
2015-09,10,TVW3,0.9,9.651883498170226e-18
2015-09,11,TVW1,0.25,0.4
2015-09,11,TVW1,0.5,0.4
2015-09,11,TVW1,0.75,0.2
2015-09,11,TVW2,0.3333333333333333,0.4
2015-09,11,TVW2,0.5,0.3999999999999999
2015-09,11,TVW2,0.6666666666666666,0.20000000000000007
2015-09,11,TVW3,0.1,0.1183799299388099
2015-09,11,TVW3,0.25,0.3499999999999999
2015-09,11,TVW3,0.5,0.38162007006119025
2015-09,11,TVW3,0.75,0.15
2015-09,11,TVW3,0.9,0.0
2015-09,12,TVW1,0.25,0.3999999999999999
2015-09,12,TVW1,0.5,0.3999999999999999
2015-09,12,TVW1,0.75,0.20000000000000007
2015-09,12,TVW2,0.3333333333333333,0.4
2015-09,12,TVW2,0.5,0.3999999999999999
2015-09,12,TVW2,0.6666666666666666,0.2
2015-09,12,TVW3,0.1,0.14999999999999994
2015-09,12,TVW3,0.25,0.35
2015-09,12,TVW3,0.5,0.3500000000000001
2015-09,12,TVW3,0.75,0.15000000000000002
2015-09,12,TVW3,0.9,2.5105153988665798e-18
2015-09,13,TVW1,0.25,0.4
2015-09,13,TVW1,0.5,0.4
2015-09,13,TVW1,0.75,0.2
2015-09,13,TVW2,0.3333333333333333,0.39999999999999997
2015-09,13,TVW2,0.5,0.4000000000000001
2015-09,13,TVW2,0.6666666666666666,0.20000000000000007
2015-09,13,TVW3,0.1,0.09498270621503785
2015-09,13,TVW3,0.25,0.35
2015-09,13,TVW3,0.5,0.4050172937849622
2015-09,13,TVW3,0.75,0.15
2015-09,13,TVW3,0.9,0.0
2015-10,1,TVW1,0.25,0.4
2015-10,1,TVW1,0.5,0.4
2015-10,1,TVW1,0.75,0.2
2015-10,1,TVW2,0.3333333333333333,0.4
2015-10,1,TVW2,0.5,0.3999999999999999
2015-10,1,TVW2,0.6666666666666666,0.2
2015-10,1,TVW3,0.1,0.08277336092552091
2015-10,1,TVW3,0.25,0.3499999999999999
2015-10,1,TVW3,0.5,0.41722663907447927
2015-10,1,TVW3,0.75,0.15
2015-10,1,TVW3,0.9,0.0
2015-10,2,TVW1,0.25,0.39999999999999986
2015-10,2,TVW1,0.5,0.4000000000000002
2015-10,2,TVW1,0.75,0.2
2015-10,2,TVW2,0.3333333333333333,0.39999999999999997
2015-10,2,TVW2,0.5,0.4
2015-10,2,TVW2,0.6666666666666666,0.2
2015-10,2,TVW3,0.1,0.01834238519909269
2015-10,2,TVW3,0.25,0.3316576148009073
2015-10,2,TVW3,0.5,0.5
2015-10,2,TVW3,0.75,0.15
2015-10,2,TVW3,0.9,1.412164911862451e-17
2015-10,3,TVW1,0.25,0.4
2015-10,3,TVW1,0.5,0.4
2015-10,3,TVW1,0.75,0.2
2015-10,3,TVW2,0.3333333333333333,0.39999999999999986
2015-10,3,TVW2,0.5,0.3999999999999997
2015-10,3,TVW2,0.6666666666666666,0.2000000000000003
2015-10,3,TVW3,0.1,0.15
2015-10,3,TVW3,0.25,0.266097954871731
2015-10,3,TVW3,0.5,0.31965034452620394
2015-10,3,TVW3,0.75,0.26425170060206515
2015-10,3,TVW3,0.9,1.4927084518538478e-18
2015-10,4,TVW1,0.25,0.4
2015-10,4,TVW1,0.5,0.4
2015-10,4,TVW1,0.75,0.2
2015-10,4,TVW2,0.3333333333333333,0.4
2015-10,4,TVW2,0.5,0.3999999999999999
2015-10,4,TVW2,0.6666666666666666,0.20000000000000007
2015-10,4,TVW3,0.1,0.1476999161504266
2015-10,4,TVW3,0.25,0.3499999999999999
2015-10,4,TVW3,0.5,0.3
2015-10,4,TVW3,0.75,0.15
2015-10,4,TVW3,0.9,0.05230008384957348
2015-10,5,TVW1,0.25,0.4
2015-10,5,TVW1,0.5,0.4000000000000001
2015-10,5,TVW1,0.75,0.2
2015-10,5,TVW2,0.3333333333333333,0.4
2015-10,5,TVW2,0.5,0.4
2015-10,5,TVW2,0.6666666666666666,0.2
2015-10,5,TVW3,0.1,0.11391376679742922
2015-10,5,TVW3,0.25,0.34999999999999964
2015-10,5,TVW3,0.5,0.2999999999999998
2015-10,5,TVW3,0.75,0.2360862332025713
2015-10,5,TVW3,0.9,0.0
2015-10,6,TVW1,0.25,0.2581129805594258
2015-10,6,TVW1,0.5,0.5418870194405743
2015-10,6,TVW1,0.75,0.20000000000000004
2015-10,6,TVW2,0.3333333333333333,0.39999999999999997
2015-10,6,TVW2,0.5,0.4
2015-10,6,TVW2,0.6666666666666666,0.2
2015-10,6,TVW3,0.1,0.0
2015-10,6,TVW3,0.25,0.3073638276617353
2015-10,6,TVW3,0.5,0.4999999999999997
2015-10,6,TVW3,0.75,0.15000000000000144
2015-10,6,TVW3,0.9,0.04263617233826345
2015-10,7,TVW1,0.25,0.4
2015-10,7,TVW1,0.5,0.4
2015-10,7,TVW1,0.75,0.2
2015-10,7,TVW2,0.3333333333333333,0.4
2015-10,7,TVW2,0.5,0.4000000000000001
2015-10,7,TVW2,0.6666666666666666,0.2
2015-10,7,TVW3,0.1,0.15
2015-10,7,TVW3,0.25,0.26457144113576037
2015-10,7,TVW3,0.5,0.3
2015-10,7,TVW3,0.75,0.2854285588642397
2015-10,7,TVW3,0.9,9.604660632275637e-19
2015-10,8,TVW1,0.25,0.39999999999999974
2015-10,8,TVW1,0.5,0.40000000000000036
2015-10,8,TVW1,0.75,0.2
2015-10,8,TVW2,0.3333333333333333,0.4
2015-10,8,TVW2,0.5,0.3999999999999999
2015-10,8,TVW2,0.6666666666666666,0.2
2015-10,8,TVW3,0.1,0.15
2015-10,8,TVW3,0.25,0.21971998536624693
2015-10,8,TVW3,0.5,0.48028001463375314
2015-10,8,TVW3,0.75,0.15
2015-10,8,TVW3,0.9,0.0
2015-10,9,TVW1,0.25,0.4
2015-10,9,TVW1,0.5,0.4
2015-10,9,TVW1,0.75,0.2
2015-10,9,TVW2,0.3333333333333333,0.4
2015-10,9,TVW2,0.5,0.39999999999999997
2015-10,9,TVW2,0.6666666666666666,0.20000000000000007
2015-10,9,TVW3,0.1,0.15
2015-10,9,TVW3,0.25,0.35
2015-10,9,TVW3,0.5,0.3500000000000001
2015-10,9,TVW3,0.75,0.15
2015-10,9,TVW3,0.9,4.982012988003549e-17
2015-10,10,TVW1,0.25,0.39999999999999986
2015-10,10,TVW1,0.5,0.39999999999999986
2015-10,10,TVW1,0.75,0.2000000000000003
2015-10,10,TVW2,0.3333333333333333,0.3999999999999999
2015-10,10,TVW2,0.5,0.4
2015-10,10,TVW2,0.6666666666666666,0.19999999999999996
2015-10,10,TVW3,0.1,0.14999999999999997
2015-10,10,TVW3,0.25,0.3499999999999999
2015-10,10,TVW3,0.5,0.35
2015-10,10,TVW3,0.75,0.15000000000000008
2015-10,10,TVW3,0.9,0.0
2015-10,11,TVW1,0.25,0.3999999999999999
2015-10,11,TVW1,0.5,0.4000000000000001
2015-10,11,TVW1,0.75,0.19999999999999996
2015-10,11,TVW2,0.3333333333333333,0.4
2015-10,11,TVW2,0.5,0.39999999999999997
2015-10,11,TVW2,0.6666666666666666,0.2
2015-10,11,TVW3,0.1,0.14454443582577908
2015-10,11,TVW3,0.25,0.3499999999999999
2015-10,11,TVW3,0.5,0.35545556417422086
2015-10,11,TVW3,0.75,0.15000000000000002
2015-10,11,TVW3,0.9,0.0
2015-10,12,TVW1,0.25,0.3999999999999999
2015-10,12,TVW1,0.5,0.4
2015-10,12,TVW1,0.75,0.19999999999999996
2015-10,12,TVW2,0.3333333333333333,0.40000000000000013
2015-10,12,TVW2,0.5,0.39999999999999997
2015-10,12,TVW2,0.6666666666666666,0.20000000000000007
2015-10,12,TVW3,0.1,0.14999999999999997
2015-10,12,TVW3,0.25,0.35
2015-10,12,TVW3,0.5,0.35000000000000003
2015-10,12,TVW3,0.75,0.15
2015-10,12,TVW3,0.9,4.864123585303998e-17
2015-10,13,TVW1,0.25,0.3999999999999999
2015-10,13,TVW1,0.5,0.3999999999999999
2015-10,13,TVW1,0.75,0.2000000000000001
2015-10,13,TVW2,0.3333333333333333,0.4
2015-10,13,TVW2,0.5,0.4000000000000001
2015-10,13,TVW2,0.6666666666666666,0.2
2015-10,13,TVW3,0.1,0.14999999999999997
2015-10,13,TVW3,0.25,0.34999999999999987
2015-10,13,TVW3,0.5,0.35000000000000026
2015-10,13,TVW3,0.75,0.14999999999999997
2015-10,13,TVW3,0.9,0.0
2015-11,1,TVW1,0.25,0.3999999999999999
2015-11,1,TVW1,0.5,0.3999999999999999
2015-11,1,TVW1,0.75,0.2000000000000001
2015-11,1,TVW2,0.3333333333333333,0.39999999999999986
2015-11,1,TVW2,0.5,0.4000000000000001
2015-11,1,TVW2,0.6666666666666666,0.19999999999999996
2015-11,1,TVW3,0.1,0.15
2015-11,1,TVW3,0.25,0.3499999999999999
2015-11,1,TVW3,0.5,0.3500000000000002
2015-11,1,TVW3,0.75,0.15
2015-11,1,TVW3,0.9,4.149345719534684e-17
2015-11,2,TVW1,0.25,0.4
2015-11,2,TVW1,0.5,0.4
2015-11,2,TVW1,0.75,0.20000000000000004
2015-11,2,TVW2,0.3333333333333333,0.4
2015-11,2,TVW2,0.5,0.39999999999999947
2015-11,2,TVW2,0.6666666666666666,0.2000000000000005
2015-11,2,TVW3,0.1,0.14806568611752757
2015-11,2,TVW3,0.25,0.35
2015-11,2,TVW3,0.5,0.30024521948563776
2015-11,2,TVW3,0.75,0.2016890943968347
2015-11,2,TVW3,0.9,3.765773098299869e-18
2015-11,3,TVW1,0.25,0.3999999999999998
2015-11,3,TVW1,0.5,0.40000000000000024
2015-11,3,TVW1,0.75,0.19999999999999993
2015-11,3,TVW2,0.3333333333333333,0.4
2015-11,3,TVW2,0.5,0.4
2015-11,3,TVW2,0.6666666666666666,0.2
2015-11,3,TVW3,0.1,0.12267101106531358
2015-11,3,TVW3,0.25,0.35
2015-11,3,TVW3,0.5,0.3773289889346864
2015-11,3,TVW3,0.75,0.15
2015-11,3,TVW3,0.9,0.0
2015-11,4,TVW1,0.25,0.3999999999999999
2015-11,4,TVW1,0.5,0.3999999999999999
2015-11,4,TVW1,0.75,0.2000000000000001
2015-11,4,TVW2,0.3333333333333333,0.4
2015-11,4,TVW2,0.5,0.4000000000000001
2015-11,4,TVW2,0.6666666666666666,0.2
2015-11,4,TVW3,0.1,0.15
2015-11,4,TVW3,0.25,0.35
2015-11,4,TVW3,0.5,0.35000000000000014
2015-11,4,TVW3,0.75,0.15
2015-11,4,TVW3,0.9,5.0210307977331596e-18
2015-11,5,TVW1,0.25,0.39999999999999986
2015-11,5,TVW1,0.5,0.3999999999999999
2015-11,5,TVW1,0.75,0.20000000000000007
2015-11,5,TVW2,0.3333333333333333,0.4
2015-11,5,TVW2,0.5,0.4000000000000001
2015-11,5,TVW2,0.6666666666666666,0.2
2015-11,5,TVW3,0.1,0.1499999999999999
2015-11,5,TVW3,0.25,0.35
2015-11,5,TVW3,0.5,0.3152549311278572
2015-11,5,TVW3,0.75,0.15
2015-11,5,TVW3,0.9,0.03474506887214286
2015-11,6,TVW1,0.25,0.4
2015-11,6,TVW1,0.5,0.4
2015-11,6,TVW1,0.75,0.2
2015-11,6,TVW2,0.3333333333333333,0.39999999999999986
2015-11,6,TVW2,0.5,0.40000000000000024
2015-11,6,TVW2,0.6666666666666666,0.19999999999999993
2015-11,6,TVW3,0.1,0.10242666748705333
2015-11,6,TVW3,0.25,0.35
2015-11,6,TVW3,0.5,0.30000000000000004
2015-11,6,TVW3,0.75,0.15
2015-11,6,TVW3,0.9,0.0975733325129467
2015-11,7,TVW1,0.25,0.4
2015-11,7,TVW1,0.5,0.4
2015-11,7,TVW1,0.75,0.20000000000000007
2015-11,7,TVW2,0.3333333333333333,0.3999999999999999
2015-11,7,TVW2,0.5,0.4
2015-11,7,TVW2,0.6666666666666666,0.19999999999999996
2015-11,7,TVW3,0.1,0.15
2015-11,7,TVW3,0.25,0.35
2015-11,7,TVW3,0.5,0.3124893647218714
2015-11,7,TVW3,0.75,0.1875106352781286
2015-11,7,TVW3,0.9,0.0
2015-11,8,TVW1,0.25,0.3999999999999999
2015-11,8,TVW1,0.5,0.3999999999999999
2015-11,8,TVW1,0.75,0.20000000000000004
2015-11,8,TVW2,0.3333333333333333,0.3999999999999999
2015-11,8,TVW2,0.5,0.3999999999999999
2015-11,8,TVW2,0.6666666666666666,0.20000000000000004
2015-11,8,TVW3,0.1,0.15
2015-11,8,TVW3,0.25,0.35
2015-11,8,TVW3,0.5,0.35
2015-11,8,TVW3,0.75,0.15
2015-11,8,TVW3,0.9,2.824329823724902e-17
2015-11,9,TVW1,0.25,0.4
2015-11,9,TVW1,0.5,0.4
2015-11,9,TVW1,0.75,0.20000000000000004
2015-11,9,TVW2,0.3333333333333333,0.4
2015-11,9,TVW2,0.5,0.4000000000000001
2015-11,9,TVW2,0.6666666666666666,0.2
2015-11,9,TVW3,0.1,0.14999999999999988
2015-11,9,TVW3,0.25,0.35000000000000003
2015-11,9,TVW3,0.5,0.35000000000000014
2015-11,9,TVW3,0.75,0.15000000000000002
2015-11,9,TVW3,0.9,0.0
2015-11,10,TVW1,0.25,0.3999999999999999
2015-11,10,TVW1,0.5,0.3999999999999999
2015-11,10,TVW1,0.75,0.20000000000000007
2015-11,10,TVW2,0.3333333333333333,0.4
2015-11,10,TVW2,0.5,0.3999999999999999
2015-11,10,TVW2,0.6666666666666666,0.20000000000000007
2015-11,10,TVW3,0.1,0.15
2015-11,10,TVW3,0.25,0.3499999999999999
2015-11,10,TVW3,0.5,0.3293977987956593
2015-11,10,TVW3,0.75,0.17060220120434083
2015-11,10,TVW3,0.9,0.0
2015-11,11,TVW1,0.25,0.3999999999999999
2015-11,11,TVW1,0.5,0.3999999999999999
2015-11,11,TVW1,0.75,0.20000000000000012
2015-11,11,TVW2,0.3333333333333333,0.4000000000000001
2015-11,11,TVW2,0.5,0.3999999999999999
2015-11,11,TVW2,0.6666666666666666,0.2000000000000001
2015-11,11,TVW3,0.1,0.14999999999999997
2015-11,11,TVW3,0.25,0.35
2015-11,11,TVW3,0.5,0.3500000000000001
2015-11,11,TVW3,0.75,0.15
2015-11,11,TVW3,0.9,1.4098358204279557e-17
2015-11,12,TVW1,0.25,0.3999999999999999
2015-11,12,TVW1,0.5,0.3999999999999999
2015-11,12,TVW1,0.75,0.20000000000000007
2015-11,12,TVW2,0.3333333333333333,0.39999999999999997
2015-11,12,TVW2,0.5,0.40000000000000013
2015-11,12,TVW2,0.6666666666666666,0.2
2015-11,12,TVW3,0.1,0.15
2015-11,12,TVW3,0.25,0.3499999999999999
2015-11,12,TVW3,0.5,0.35000000000000014
2015-11,12,TVW3,0.75,0.15
2015-11,12,TVW3,0.9,3.601229518626932e-17
2015-11,13,TVW1,0.25,0.4
2015-11,13,TVW1,0.5,0.4
2015-11,13,TVW1,0.75,0.20000000000000004
2015-11,13,TVW2,0.3333333333333333,0.4
2015-11,13,TVW2,0.5,0.4
2015-11,13,TVW2,0.6666666666666666,0.2
2015-11,13,TVW3,0.1,0.15
2015-11,13,TVW3,0.25,0.35
2015-11,13,TVW3,0.5,0.35000000000000014
2015-11,13,TVW3,0.75,0.15
2015-11,13,TVW3,0.9,0.0
2015-12,1,TVW1,0.25,0.39999999999999997
2015-12,1,TVW1,0.5,0.4000000000000001
2015-12,1,TVW1,0.75,0.20000000000000004
2015-12,1,TVW2,0.3333333333333333,0.3999999999999999
2015-12,1,TVW2,0.5,0.4
2015-12,1,TVW2,0.6666666666666666,0.19999999999999996
2015-12,1,TVW3,0.1,0.15
2015-12,1,TVW3,0.25,0.3499999999999999
2015-12,1,TVW3,0.5,0.3500000000000001
2015-12,1,TVW3,0.75,0.15000000000000002
2015-12,1,TVW3,0.9,0.0
2015-12,2,TVW1,0.25,0.39999999999999997
2015-12,2,TVW1,0.5,0.4000000000000001
2015-12,2,TVW1,0.75,0.2
2015-12,2,TVW2,0.3333333333333333,0.3999999999999999
2015-12,2,TVW2,0.5,0.3999999999999998
2015-12,2,TVW2,0.6666666666666666,0.20000000000000032
2015-12,2,TVW3,0.1,0.15000000000000002
2015-12,2,TVW3,0.25,0.35000000000000003
2015-12,2,TVW3,0.5,0.34144506645713385
2015-12,2,TVW3,0.75,0.15000000000000002
2015-12,2,TVW3,0.9,0.008554933542866072
2015-12,3,TVW1,0.25,0.3999999999999999
2015-12,3,TVW1,0.5,0.3999999999999999
2015-12,3,TVW1,0.75,0.20000000000000007
2015-12,3,TVW2,0.3333333333333333,0.39999999999999997
2015-12,3,TVW2,0.5,0.4
2015-12,3,TVW2,0.6666666666666666,0.2
2015-12,3,TVW3,0.1,0.12740335073253128
2015-12,3,TVW3,0.25,0.35
2015-12,3,TVW3,0.5,0.37259664926746877
2015-12,3,TVW3,0.75,0.15
2015-12,3,TVW3,0.9,2.1781007211494184e-18
2015-12,4,TVW1,0.25,0.39999999999999997
2015-12,4,TVW1,0.5,0.40000000000000013
2015-12,4,TVW1,0.75,0.2
2015-12,4,TVW2,0.3333333333333333,0.40000000000000013
2015-12,4,TVW2,0.5,0.39999999999999997
2015-12,4,TVW2,0.6666666666666666,0.20000000000000007
2015-12,4,TVW3,0.1,0.15
2015-12,4,TVW3,0.25,0.35
2015-12,4,TVW3,0.5,0.35000000000000003
2015-12,4,TVW3,0.75,0.15
2015-12,4,TVW3,0.9,6.276288497166459e-19
2015-12,5,TVW1,0.25,0.4
2015-12,5,TVW1,0.5,0.4
2015-12,5,TVW1,0.75,0.20000000000000004
2015-12,5,TVW2,0.3333333333333333,0.3999999999999999
2015-12,5,TVW2,0.5,0.4000000000000001
2015-12,5,TVW2,0.6666666666666666,0.20000000000000004
2015-12,5,TVW3,0.1,0.15000000000000002
2015-12,5,TVW3,0.25,0.35000000000000003
2015-12,5,TVW3,0.5,0.32745763933894206
2015-12,5,TVW3,0.75,0.15000000000000002
2015-12,5,TVW3,0.9,0.022542360661057904
2015-12,6,TVW1,0.25,0.4
2015-12,6,TVW1,0.5,0.4
2015-12,6,TVW1,0.75,0.2
2015-12,6,TVW2,0.3333333333333333,0.4
2015-12,6,TVW2,0.5,0.4000000000000001
2015-12,6,TVW2,0.6666666666666666,0.2
2015-12,6,TVW3,0.1,0.0993813257535706
2015-12,6,TVW3,0.25,0.34999999999999987
2015-12,6,TVW3,0.5,0.30000000000000016
2015-12,6,TVW3,0.75,0.25061867424642864
2015-12,6,TVW3,0.9,9.203939148403525e-16
2015-12,7,TVW1,0.25,0.39999999999999986
2015-12,7,TVW1,0.5,0.4000000000000001
2015-12,7,TVW1,0.75,0.19999999999999996
2015-12,7,TVW2,0.3333333333333333,0.4
2015-12,7,TVW2,0.5,0.4000000000000001
2015-12,7,TVW2,0.6666666666666666,0.2
2015-12,7,TVW3,0.1,0.15
2015-12,7,TVW3,0.25,0.35
2015-12,7,TVW3,0.5,0.35000000000000014
2015-12,7,TVW3,0.75,0.15
2015-12,7,TVW3,0.9,0.0
2015-12,8,TVW1,0.25,0.4
2015-12,8,TVW1,0.5,0.4
2015-12,8,TVW1,0.75,0.2
2015-12,8,TVW2,0.3333333333333333,0.39999999999999997
2015-12,8,TVW2,0.5,0.40000000000000013
2015-12,8,TVW2,0.6666666666666666,0.2
2015-12,8,TVW3,0.1,0.15
2015-12,8,TVW3,0.25,0.35
2015-12,8,TVW3,0.5,0.35000000000000003
2015-12,8,TVW3,0.75,0.15
2015-12,8,TVW3,0.9,7.76899694902029e-18
2015-12,9,TVW1,0.25,0.4
2015-12,9,TVW1,0.5,0.4
2015-12,9,TVW1,0.75,0.2
2015-12,9,TVW2,0.3333333333333333,0.39999999999999997
2015-12,9,TVW2,0.5,0.40000000000000013
2015-12,9,TVW2,0.6666666666666666,0.2
2015-12,9,TVW3,0.1,0.14999999999999983
2015-12,9,TVW3,0.25,0.34999999999999987
2015-12,9,TVW3,0.5,0.35000000000000037
2015-12,9,TVW3,0.75,0.15
2015-12,9,TVW3,0.9,7.782597736486397e-17
2015-12,10,TVW1,0.25,0.3999999999999999
2015-12,10,TVW1,0.5,0.3999999999999999
2015-12,10,TVW1,0.75,0.20000000000000007
2015-12,10,TVW2,0.3333333333333333,0.4
2015-12,10,TVW2,0.5,0.3999999999999999
2015-12,10,TVW2,0.6666666666666666,0.2
2015-12,10,TVW3,0.1,0.14999999999999997
2015-12,10,TVW3,0.25,0.3499999999999999
2015-12,10,TVW3,0.5,0.35
2015-12,10,TVW3,0.75,0.15000000000000002
2015-12,10,TVW3,0.9,0.0
2015-12,11,TVW1,0.25,0.39999999999999875
2015-12,11,TVW1,0.5,0.4000000000000012
2015-12,11,TVW1,0.75,0.19999999999999996
2015-12,11,TVW2,0.3333333333333333,0.4
2015-12,11,TVW2,0.5,0.39999999999999997
2015-12,11,TVW2,0.6666666666666666,0.2
2015-12,11,TVW3,0.1,0.14999999999999997
2015-12,11,TVW3,0.25,0.3500000000000001
2015-12,11,TVW3,0.5,0.34999999999999987
2015-12,11,TVW3,0.75,0.15000000000000005
2015-12,11,TVW3,0.9,2.8396025582124575e-17
2015-12,12,TVW1,0.25,0.39999999999999997
2015-12,12,TVW1,0.5,0.4000000000000001
2015-12,12,TVW1,0.75,0.2
2015-12,12,TVW2,0.3333333333333333,0.4000000000000001
2015-12,12,TVW2,0.5,0.3999999999999999
2015-12,12,TVW2,0.6666666666666666,0.2000000000000001
2015-12,12,TVW3,0.1,0.15
2015-12,12,TVW3,0.25,0.3499999999999999
2015-12,12,TVW3,0.5,0.3500000000000001
2015-12,12,TVW3,0.75,0.15000000000000005
2015-12,12,TVW3,0.9,0.0
2015-12,13,TVW1,0.25,0.3999999999999999
2015-12,13,TVW1,0.5,0.4
2015-12,13,TVW1,0.75,0.19999999999999996
2015-12,13,TVW2,0.3333333333333333,0.4
2015-12,13,TVW2,0.5,0.4
2015-12,13,TVW2,0.6666666666666666,0.2
2015-12,13,TVW3,0.1,0.15
2015-12,13,TVW3,0.25,0.35
2015-12,13,TVW3,0.5,0.35000000000000003
2015-12,13,TVW3,0.75,0.15
2015-12,13,TVW3,0.9,0.0
2016-01,1,TVW1,0.25,0.23422352240758929
2016-01,1,TVW1,0.5,0.4
2016-01,1,TVW1,0.75,0.36577647759241066
2016-01,1,TVW2,0.3333333333333333,0.3000000000000001
2016-01,1,TVW2,0.5,0.3
2016-01,1,TVW2,0.6666666666666666,0.4
2016-01,1,TVW3,0.1,0.15000000000000008
2016-01,1,TVW3,0.25,0.15184412684758225
2016-01,1,TVW3,0.5,0.30000000000000016
2016-01,1,TVW3,0.75,0.3500000000000002
2016-01,1,TVW3,0.9,0.048155873152417324
2016-01,2,TVW1,0.25,0.20794574392514176
2016-01,2,TVW1,0.5,0.4
2016-01,2,TVW1,0.75,0.3920542560748583
2016-01,2,TVW2,0.3333333333333333,0.19999999999999996
2016-01,2,TVW2,0.5,0.4000000000000001
2016-01,2,TVW2,0.6666666666666666,0.39999999999999986
2016-01,2,TVW3,0.1,0.15
2016-01,2,TVW3,0.25,0.20013853520303215
2016-01,2,TVW3,0.5,0.3
2016-01,2,TVW3,0.75,0.19986146479696773
2016-01,2,TVW3,0.9,0.15
2016-01,3,TVW1,0.25,0.3228295177925169
2016-01,3,TVW1,0.5,0.3999999999999999
2016-01,3,TVW1,0.75,0.2771704822074832
2016-01,3,TVW2,0.3333333333333333,0.3134206614068037
2016-01,3,TVW2,0.5,0.3
2016-01,3,TVW2,0.6666666666666666,0.3865793385931965
2016-01,3,TVW3,0.1,0.050000000000000176
2016-01,3,TVW3,0.25,0.3499999999999998
2016-01,3,TVW3,0.5,0.3
2016-01,3,TVW3,0.75,0.15
2016-01,3,TVW3,0.9,0.15
2016-01,4,TVW1,0.25,0.39286616899220383
2016-01,4,TVW1,0.5,0.4
2016-01,4,TVW1,0.75,0.20713383100779623
2016-01,4,TVW2,0.3333333333333333,0.40000000000000013
2016-01,4,TVW2,0.5,0.3958374543621419
2016-01,4,TVW2,0.6666666666666666,0.20416254563785807
2016-01,4,TVW3,0.1,0.08300298983923483
2016-01,4,TVW3,0.25,0.35
2016-01,4,TVW3,0.5,0.30000000000000004
2016-01,4,TVW3,0.75,0.15000000000000005
2016-01,4,TVW3,0.9,0.11699701016076519
2016-01,5,TVW1,0.25,0.3426087544843968
2016-01,5,TVW1,0.5,0.4
2016-01,5,TVW1,0.75,0.2573912455156032
2016-01,5,TVW2,0.3333333333333333,0.2944170406730253
2016-01,5,TVW2,0.5,0.5
2016-01,5,TVW2,0.6666666666666666,0.20558295932697468
2016-01,5,TVW3,0.1,0.049999999999999975
2016-01,5,TVW3,0.25,0.3499999999999999
2016-01,5,TVW3,0.5,0.3
2016-01,5,TVW3,0.75,0.15
2016-01,5,TVW3,0.9,0.15
2016-01,6,TVW1,0.25,0.24718306972018883
2016-01,6,TVW1,0.5,0.4
2016-01,6,TVW1,0.75,0.35281693027981115
2016-01,6,TVW2,0.3333333333333333,0.3232741994932881
2016-01,6,TVW2,0.5,0.3000000000000003
2016-01,6,TVW2,0.6666666666666666,0.3767258005067116
2016-01,6,TVW3,0.1,0.008377076421861255
2016-01,6,TVW3,0.25,0.35
2016-01,6,TVW3,0.5,0.30000000000000004
2016-01,6,TVW3,0.75,0.19162292357813876
2016-01,6,TVW3,0.9,0.14999999999999997
2016-01,7,TVW1,0.25,0.4
2016-01,7,TVW1,0.5,0.4
2016-01,7,TVW1,0.75,0.20000000000000004
2016-01,7,TVW2,0.3333333333333333,0.4000000000000001
2016-01,7,TVW2,0.5,0.30000000000000004
2016-01,7,TVW2,0.6666666666666666,0.3
2016-01,7,TVW3,0.1,0.08954001615539117
2016-01,7,TVW3,0.25,0.3499999999999999
2016-01,7,TVW3,0.5,0.30000000000000004
2016-01,7,TVW3,0.75,0.15
2016-01,7,TVW3,0.9,0.11045998384460881
2016-01,8,TVW1,0.25,0.2
2016-01,8,TVW1,0.5,0.6
2016-01,8,TVW1,0.75,0.20000000000000007
2016-01,8,TVW2,0.3333333333333333,0.2448092983015763
2016-01,8,TVW2,0.5,0.5
2016-01,8,TVW2,0.6666666666666666,0.2551907016984237
2016-01,8,TVW3,0.1,0.13381566731334488
2016-01,8,TVW3,0.25,0.14999999999999997
2016-01,8,TVW3,0.5,0.3661843326866553
2016-01,8,TVW3,0.75,0.3499999999999999
2016-01,8,TVW3,0.9,0.0
2016-01,9,TVW1,0.25,0.4
2016-01,9,TVW1,0.5,0.4
2016-01,9,TVW1,0.75,0.2
2016-01,9,TVW2,0.3333333333333333,0.3999999999999997
2016-01,9,TVW2,0.5,0.4000000000000005
2016-01,9,TVW2,0.6666666666666666,0.19999999999999987
2016-01,9,TVW3,0.1,0.05326791992095791
2016-01,9,TVW3,0.25,0.35
2016-01,9,TVW3,0.5,0.44673208007904225
2016-01,9,TVW3,0.75,0.15
2016-01,9,TVW3,0.9,0.0
2016-01,10,TVW1,0.25,0.34115469209160826
2016-01,10,TVW1,0.5,0.4
2016-01,10,TVW1,0.75,0.2588453079083916
2016-01,10,TVW2,0.3333333333333333,0.4
2016-01,10,TVW2,0.5,0.30000000000000004
2016-01,10,TVW2,0.6666666666666666,0.2999999999999999
2016-01,10,TVW3,0.1,0.15
2016-01,10,TVW3,0.25,0.25629985466249927
2016-01,10,TVW3,0.5,0.3
2016-01,10,TVW3,0.75,0.15000000000000002
2016-01,10,TVW3,0.9,0.14370014533750078
2016-01,11,TVW1,0.25,0.4
2016-01,11,TVW1,0.5,0.4
2016-01,11,TVW1,0.75,0.2
2016-01,11,TVW2,0.3333333333333333,0.3999999999999999
2016-01,11,TVW2,0.5,0.4
2016-01,11,TVW2,0.6666666666666666,0.19999999999999996
2016-01,11,TVW3,0.1,0.14999999999999994
2016-01,11,TVW3,0.25,0.3366221196678837
2016-01,11,TVW3,0.5,0.2999999999999999
2016-01,11,TVW3,0.75,0.2133778803321167
2016-01,11,TVW3,0.9,0.0
2016-01,12,TVW1,0.25,0.29098757974991624
2016-01,12,TVW1,0.5,0.3999999999999999
2016-01,12,TVW1,0.75,0.3090124202500838
2016-01,12,TVW2,0.3333333333333333,0.37808086389164774
2016-01,12,TVW2,0.5,0.3
2016-01,12,TVW2,0.6666666666666666,0.32191913610835227
2016-01,12,TVW3,0.1,0.15
2016-01,12,TVW3,0.25,0.18309576095186947
2016-01,12,TVW3,0.5,0.3
2016-01,12,TVW3,0.75,0.35
2016-01,12,TVW3,0.9,0.0169042390481305
2016-01,13,TVW1,0.25,0.2963872046894771
2016-01,13,TVW1,0.5,0.4000000000000001
2016-01,13,TVW1,0.75,0.3036127953105228
2016-01,13,TVW2,0.3333333333333333,0.2
2016-01,13,TVW2,0.5,0.41402897796576477
2016-01,13,TVW2,0.6666666666666666,0.38597102203423517
2016-01,13,TVW3,0.1,0.14999999999999997
2016-01,13,TVW3,0.25,0.25
2016-01,13,TVW3,0.5,0.3
2016-01,13,TVW3,0.75,0.15
2016-01,13,TVW3,0.9,0.15
2016-02,1,TVW1,0.25,0.2782699701275099
2016-02,1,TVW1,0.5,0.4
2016-02,1,TVW1,0.75,0.3217300298724901
2016-02,1,TVW2,0.3333333333333333,0.3
2016-02,1,TVW2,0.5,0.30000000000000004
2016-02,1,TVW2,0.6666666666666666,0.4000000000000001
2016-02,1,TVW3,0.1,0.1499999999999999
2016-02,1,TVW3,0.25,0.23961788808811807
2016-02,1,TVW3,0.5,0.3000000000000001
2016-02,1,TVW3,0.75,0.160382111911882
2016-02,1,TVW3,0.9,0.14999999999999994
2016-02,2,TVW1,0.25,0.2517867252666177
2016-02,2,TVW1,0.5,0.4000000000000001
2016-02,2,TVW1,0.75,0.34821327473338215
2016-02,2,TVW2,0.3333333333333333,0.24247457714182438
2016-02,2,TVW2,0.5,0.3575254228581756
2016-02,2,TVW2,0.6666666666666666,0.39999999999999997
2016-02,2,TVW3,0.1,0.08757252147897922
2016-02,2,TVW3,0.25,0.3124274785210206
2016-02,2,TVW3,0.5,0.3000000000000001
2016-02,2,TVW3,0.75,0.15000000000000002
2016-02,2,TVW3,0.9,0.15000000000000002
2016-02,3,TVW1,0.25,0.3274612239635066
2016-02,3,TVW1,0.5,0.4
2016-02,3,TVW1,0.75,0.27253877603649357
2016-02,3,TVW2,0.3333333333333333,0.36325354965259976
2016-02,3,TVW2,0.5,0.30000000000000004
2016-02,3,TVW2,0.6666666666666666,0.33674645034740025
2016-02,3,TVW3,0.1,0.049999999999999864
2016-02,3,TVW3,0.25,0.35000000000000003
2016-02,3,TVW3,0.5,0.30000000000000004
2016-02,3,TVW3,0.75,0.15000000000000002
2016-02,3,TVW3,0.9,0.15000000000000002
2016-02,4,TVW1,0.25,0.3887167351722362
2016-02,4,TVW1,0.5,0.4
2016-02,4,TVW1,0.75,0.21128326482776394
2016-02,4,TVW2,0.3333333333333333,0.4
2016-02,4,TVW2,0.5,0.3999999999999998
2016-02,4,TVW2,0.6666666666666666,0.20000000000000018
2016-02,4,TVW3,0.1,0.14999999999999986
2016-02,4,TVW3,0.25,0.26013107627585375
2016-02,4,TVW3,0.5,0.29999999999999993
2016-02,4,TVW3,0.75,0.14999999999999997
2016-02,4,TVW3,0.9,0.13986892372414653
2016-02,5,TVW1,0.25,0.38537341831383576
2016-02,5,TVW1,0.5,0.4
2016-02,5,TVW1,0.75,0.21462658168616433
2016-02,5,TVW2,0.3333333333333333,0.3
2016-02,5,TVW2,0.5,0.5
2016-02,5,TVW2,0.6666666666666666,0.2
2016-02,5,TVW3,0.1,0.05566467913824154
2016-02,5,TVW3,0.25,0.35
2016-02,5,TVW3,0.5,0.30000000000000004
2016-02,5,TVW3,0.75,0.15000000000000002
2016-02,5,TVW3,0.9,0.14433532086175843
2016-02,6,TVW1,0.25,0.314262540714305
2016-02,6,TVW1,0.5,0.4
2016-02,6,TVW1,0.75,0.28573745928569505
2016-02,6,TVW2,0.3333333333333333,0.35115769125533675
2016-02,6,TVW2,0.5,0.3000000000000001
2016-02,6,TVW2,0.6666666666666666,0.3488423087446632
2016-02,6,TVW3,0.1,0.012994980853607948
2016-02,6,TVW3,0.25,0.35000000000000003
2016-02,6,TVW3,0.5,0.30000000000000004
2016-02,6,TVW3,0.75,0.18700501914639195
2016-02,6,TVW3,0.9,0.15000000000000002
2016-02,7,TVW1,0.25,0.2797167194976944
2016-02,7,TVW1,0.5,0.5202832805023055
2016-02,7,TVW1,0.75,0.20000000000000004
2016-02,7,TVW2,0.3333333333333333,0.2957718963393537
2016-02,7,TVW2,0.5,0.4999999999999999
2016-02,7,TVW2,0.6666666666666666,0.20422810366064648
2016-02,7,TVW3,0.1,0.0
2016-02,7,TVW3,0.25,0.32551770519915474
2016-02,7,TVW3,0.5,0.5
2016-02,7,TVW3,0.75,0.15
2016-02,7,TVW3,0.9,0.02448229480084536
2016-02,8,TVW1,0.25,0.34574264897000134
2016-02,8,TVW1,0.5,0.3999999999999999
2016-02,8,TVW1,0.75,0.2542573510299987
2016-02,8,TVW2,0.3333333333333333,0.3000000000000001
2016-02,8,TVW2,0.5,0.5
2016-02,8,TVW2,0.6666666666666666,0.2
2016-02,8,TVW3,0.1,0.14999999999999983
2016-02,8,TVW3,0.25,0.15809983655281634
2016-02,8,TVW3,0.5,0.34190016344718416
2016-02,8,TVW3,0.75,0.34999999999999964
2016-02,8,TVW3,0.9,0.0
2016-02,9,TVW1,0.25,0.3999999999999999
2016-02,9,TVW1,0.5,0.3999999999999999
2016-02,9,TVW1,0.75,0.2000000000000001
2016-02,9,TVW2,0.3333333333333333,0.39999999999999997
2016-02,9,TVW2,0.5,0.3000000000000001
2016-02,9,TVW2,0.6666666666666666,0.29999999999999993
2016-02,9,TVW3,0.1,0.14538266669266325
2016-02,9,TVW3,0.25,0.35000000000000003
2016-02,9,TVW3,0.5,0.3344807513279745
2016-02,9,TVW3,0.75,0.15000000000000002
2016-02,9,TVW3,0.9,0.020136581979362172
2016-02,10,TVW1,0.25,0.4
2016-02,10,TVW1,0.5,0.4
2016-02,10,TVW1,0.75,0.20000000000000007
2016-02,10,TVW2,0.3333333333333333,0.39999999999999997
2016-02,10,TVW2,0.5,0.3
2016-02,10,TVW2,0.6666666666666666,0.3000000000000001
2016-02,10,TVW3,0.1,0.15
2016-02,10,TVW3,0.25,0.27525505882472495
2016-02,10,TVW3,0.5,0.30000000000000004
2016-02,10,TVW3,0.75,0.15000000000000002
2016-02,10,TVW3,0.9,0.12474494117527501
2016-02,11,TVW1,0.25,0.3999999999999999
2016-02,11,TVW1,0.5,0.4
2016-02,11,TVW1,0.75,0.2
2016-02,11,TVW2,0.3333333333333333,0.4000000000000001
2016-02,11,TVW2,0.5,0.3999999999999999
2016-02,11,TVW2,0.6666666666666666,0.2000000000000001
2016-02,11,TVW3,0.1,0.1499999999999999
2016-02,11,TVW3,0.25,0.3435958772757135
2016-02,11,TVW3,0.5,0.3
2016-02,11,TVW3,0.75,0.20640412272428665
2016-02,11,TVW3,0.9,1.401759349628456e-17
2016-02,12,TVW1,0.25,0.3104621813394533
2016-02,12,TVW1,0.5,0.40000000000000024
2016-02,12,TVW1,0.75,0.2895378186605464
2016-02,12,TVW2,0.3333333333333333,0.37932377861755534
2016-02,12,TVW2,0.5,0.3
2016-02,12,TVW2,0.6666666666666666,0.32067622138244467
2016-02,12,TVW3,0.1,0.14999999999999997
2016-02,12,TVW3,0.25,0.26109196358509723
2016-02,12,TVW3,0.5,0.3000000000000001
2016-02,12,TVW3,0.75,0.15000000000000036
2016-02,12,TVW3,0.9,0.13890803641490237
2016-02,13,TVW1,0.25,0.30387337237337797
2016-02,13,TVW1,0.5,0.40000000000000036
2016-02,13,TVW1,0.75,0.2961266276266218
2016-02,13,TVW2,0.3333333333333333,0.20000000000000004
2016-02,13,TVW2,0.5,0.5
2016-02,13,TVW2,0.6666666666666666,0.30000000000000004
2016-02,13,TVW3,0.1,0.15
2016-02,13,TVW3,0.25,0.25
2016-02,13,TVW3,0.5,0.3
2016-02,13,TVW3,0.75,0.15000000000000002
2016-02,13,TVW3,0.9,0.15
2016-03,1,TVW1,0.25,0.29621305793658537
2016-03,1,TVW1,0.5,0.4
2016-03,1,TVW1,0.75,0.3037869420634147
2016-03,1,TVW2,0.3333333333333333,0.30000000000000004
2016-03,1,TVW2,0.5,0.3
2016-03,1,TVW2,0.6666666666666666,0.4
2016-03,1,TVW3,0.1,0.14999999999999994
2016-03,1,TVW3,0.25,0.24778863813740284
2016-03,1,TVW3,0.5,0.30000000000000016
2016-03,1,TVW3,0.75,0.15221136186259704
2016-03,1,TVW3,0.9,0.15
2016-03,2,TVW1,0.25,0.30773004687281486
2016-03,2,TVW1,0.5,0.3999999999999999
2016-03,2,TVW1,0.75,0.2922699531271852
2016-03,2,TVW2,0.3333333333333333,0.3099011951254021
2016-03,2,TVW2,0.5,0.30000000000000004
2016-03,2,TVW2,0.6666666666666666,0.3900988048745979
2016-03,2,TVW3,0.1,0.15000000000000002
2016-03,2,TVW3,0.25,0.2500000000000001
2016-03,2,TVW3,0.5,0.30000000000000004
2016-03,2,TVW3,0.75,0.15000000000000008
2016-03,2,TVW3,0.9,0.14999999999999994
2016-03,3,TVW1,0.25,0.39614224782980195
2016-03,3,TVW1,0.5,0.3999999999999999
2016-03,3,TVW1,0.75,0.203857752170198
2016-03,3,TVW2,0.3333333333333333,0.4
2016-03,3,TVW2,0.5,0.4
2016-03,3,TVW2,0.6666666666666666,0.2
2016-03,3,TVW3,0.1,0.14092677664531295
2016-03,3,TVW3,0.25,0.25907322335468713
2016-03,3,TVW3,0.5,0.30000000000000016
2016-03,3,TVW3,0.75,0.15000000000000024
2016-03,3,TVW3,0.9,0.14999999999999952
2016-03,4,TVW1,0.25,0.3999999999999998
2016-03,4,TVW1,0.5,0.40000000000000013
2016-03,4,TVW1,0.75,0.2
2016-03,4,TVW2,0.3333333333333333,0.4
2016-03,4,TVW2,0.5,0.39999999999999997
2016-03,4,TVW2,0.6666666666666666,0.20000000000000004
2016-03,4,TVW3,0.1,0.12140480371557968
2016-03,4,TVW3,0.25,0.34999999999999987
2016-03,4,TVW3,0.5,0.30000000000000016
2016-03,4,TVW3,0.75,0.15000000000000016
2016-03,4,TVW3,0.9,0.07859519628442012
2016-03,5,TVW1,0.25,0.4
2016-03,5,TVW1,0.5,0.4
2016-03,5,TVW1,0.75,0.2
2016-03,5,TVW2,0.3333333333333333,0.3503390713794466
2016-03,5,TVW2,0.5,0.4496609286205535
2016-03,5,TVW2,0.6666666666666666,0.2
2016-03,5,TVW3,0.1,0.07270341817109427
2016-03,5,TVW3,0.25,0.3499999999999999
2016-03,5,TVW3,0.5,0.29999999999999993
2016-03,5,TVW3,0.75,0.14999999999999997
2016-03,5,TVW3,0.9,0.12729658182890582
2016-03,6,TVW1,0.25,0.4
2016-03,6,TVW1,0.5,0.4
2016-03,6,TVW1,0.75,0.2
2016-03,6,TVW2,0.3333333333333333,0.361575797079271
2016-03,6,TVW2,0.5,0.4384242029207289
2016-03,6,TVW2,0.6666666666666666,0.2
2016-03,6,TVW3,0.1,0.06609315801791453
2016-03,6,TVW3,0.25,0.3499999999999999
2016-03,6,TVW3,0.5,0.3
2016-03,6,TVW3,0.75,0.15000000000000002
2016-03,6,TVW3,0.9,0.1339068419820856
2016-03,7,TVW1,0.25,0.39999999999999997
2016-03,7,TVW1,0.5,0.4
2016-03,7,TVW1,0.75,0.20000000000000004
2016-03,7,TVW2,0.3333333333333333,0.39999999999999997
2016-03,7,TVW2,0.5,0.39999999999999997
2016-03,7,TVW2,0.6666666666666666,0.2
2016-03,7,TVW3,0.1,0.05621574465264001
2016-03,7,TVW3,0.25,0.35
2016-03,7,TVW3,0.5,0.4437842553473601
2016-03,7,TVW3,0.75,0.15
2016-03,7,TVW3,0.9,5.153290691715391e-18
2016-03,8,TVW1,0.25,0.39999999999999986
2016-03,8,TVW1,0.5,0.4000000000000001
2016-03,8,TVW1,0.75,0.20000000000000004
2016-03,8,TVW2,0.3333333333333333,0.4
2016-03,8,TVW2,0.5,0.30000000000000004
2016-03,8,TVW2,0.6666666666666666,0.30000000000000004
2016-03,8,TVW3,0.1,0.15
2016-03,8,TVW3,0.25,0.3172706329912632
2016-03,8,TVW3,0.5,0.3
2016-03,8,TVW3,0.75,0.15000000000000002
2016-03,8,TVW3,0.9,0.08272936700873687
2016-03,9,TVW1,0.25,0.4
2016-03,9,TVW1,0.5,0.4
2016-03,9,TVW1,0.75,0.2
2016-03,9,TVW2,0.3333333333333333,0.4
2016-03,9,TVW2,0.5,0.39999999999999997
2016-03,9,TVW2,0.6666666666666666,0.20000000000000007
2016-03,9,TVW3,0.1,0.13771965557092639
2016-03,9,TVW3,0.25,0.35
2016-03,9,TVW3,0.5,0.3622803444290737
2016-03,9,TVW3,0.75,0.15
2016-03,9,TVW3,0.9,0.0
2016-03,10,TVW1,0.25,0.4
2016-03,10,TVW1,0.5,0.4
2016-03,10,TVW1,0.75,0.2
2016-03,10,TVW2,0.3333333333333333,0.3999999999999999
2016-03,10,TVW2,0.5,0.40000000000000013
2016-03,10,TVW2,0.6666666666666666,0.19999999999999996
2016-03,10,TVW3,0.1,0.15
2016-03,10,TVW3,0.25,0.3183745324468889
2016-03,10,TVW3,0.5,0.3
2016-03,10,TVW3,0.75,0.15
2016-03,10,TVW3,0.9,0.08162546755311115
2016-03,11,TVW1,0.25,0.39999999999999997
2016-03,11,TVW1,0.5,0.4000000000000001
2016-03,11,TVW1,0.75,0.2
2016-03,11,TVW2,0.3333333333333333,0.4
2016-03,11,TVW2,0.5,0.39999999999999997
2016-03,11,TVW2,0.6666666666666666,0.2
2016-03,11,TVW3,0.1,0.14999999999999997
2016-03,11,TVW3,0.25,0.3499999999999999
2016-03,11,TVW3,0.5,0.29999999999999993
2016-03,11,TVW3,0.75,0.20000000000000004
2016-03,11,TVW3,0.9,0.0
2016-03,12,TVW1,0.25,0.3381868083960215
2016-03,12,TVW1,0.5,0.4000000000000001
2016-03,12,TVW1,0.75,0.2618131916039785
2016-03,12,TVW2,0.3333333333333333,0.4
2016-03,12,TVW2,0.5,0.30000000000000004
2016-03,12,TVW2,0.6666666666666666,0.29999999999999993
2016-03,12,TVW3,0.1,0.14999999999999997
2016-03,12,TVW3,0.25,0.21088277713425096
2016-03,12,TVW3,0.5,0.3
2016-03,12,TVW3,0.75,0.3391172228657492
2016-03,12,TVW3,0.9,0.0
2016-03,13,TVW1,0.25,0.4
2016-03,13,TVW1,0.5,0.4000000000000001
2016-03,13,TVW1,0.75,0.2
2016-03,13,TVW2,0.3333333333333333,0.4
2016-03,13,TVW2,0.5,0.39999999999999997
2016-03,13,TVW2,0.6666666666666666,0.2
2016-03,13,TVW3,0.1,0.15
2016-03,13,TVW3,0.25,0.3499999999999999
2016-03,13,TVW3,0.5,0.3000000000000001
2016-03,13,TVW3,0.75,0.19999999999999996
2016-03,13,TVW3,0.9,0.0
2016-04,1,TVW1,0.25,0.2
2016-04,1,TVW1,0.5,0.4
2016-04,1,TVW1,0.75,0.4
2016-04,1,TVW2,0.3333333333333333,0.20000000000000004
2016-04,1,TVW2,0.5,0.39999999999999997
2016-04,1,TVW2,0.6666666666666666,0.4000000000000001
2016-04,1,TVW3,0.1,0.15000000000000002
2016-04,1,TVW3,0.25,0.1686970396696863
2016-04,1,TVW3,0.5,0.30000000000000004
2016-04,1,TVW3,0.75,0.23130296033031364
2016-04,1,TVW3,0.9,0.15000000000000002
2016-04,2,TVW1,0.25,0.2
2016-04,2,TVW1,0.5,0.4
2016-04,2,TVW1,0.75,0.4
2016-04,2,TVW2,0.3333333333333333,0.2
2016-04,2,TVW2,0.5,0.39999999999999997
2016-04,2,TVW2,0.6666666666666666,0.4
2016-04,2,TVW3,0.1,0.05240236388328325
2016-04,2,TVW3,0.25,0.14999999999999997
2016-04,2,TVW3,0.5,0.4975976361167168
2016-04,2,TVW3,0.75,0.14999999999999997
2016-04,2,TVW3,0.9,0.14999999999999997
2016-04,3,TVW1,0.25,0.23695380512175035
2016-04,3,TVW1,0.5,0.4
2016-04,3,TVW1,0.75,0.36304619487824963
2016-04,3,TVW2,0.3333333333333333,0.25576626045739037
2016-04,3,TVW2,0.5,0.35661258656579214
2016-04,3,TVW2,0.6666666666666666,0.38762115297681754
2016-04,3,TVW3,0.1,6.320898665590491e-17
2016-04,3,TVW3,0.25,0.35
2016-04,3,TVW3,0.5,0.3
2016-04,3,TVW3,0.75,0.19999999999999993
2016-04,3,TVW3,0.9,0.15
2016-04,4,TVW1,0.25,0.2150271846589401
2016-04,4,TVW1,0.5,0.5849728153410599
2016-04,4,TVW1,0.75,0.20000000000000004
2016-04,4,TVW2,0.3333333333333333,0.30000000000000004
2016-04,4,TVW2,0.5,0.5
2016-04,4,TVW2,0.6666666666666666,0.2
2016-04,4,TVW3,0.1,0.0
2016-04,4,TVW3,0.25,0.3499999999999999
2016-04,4,TVW3,0.5,0.39834741334463936
2016-04,4,TVW3,0.75,0.15
2016-04,4,TVW3,0.9,0.10165258665536073
2016-04,5,TVW1,0.25,0.3238495283811946
2016-04,5,TVW1,0.5,0.4
2016-04,5,TVW1,0.75,0.2761504716188054
2016-04,5,TVW2,0.3333333333333333,0.2
2016-04,5,TVW2,0.5,0.40000000000000013
2016-04,5,TVW2,0.6666666666666666,0.4
2016-04,5,TVW3,0.1,0.04999999999999988
2016-04,5,TVW3,0.25,0.35000000000000003
2016-04,5,TVW3,0.5,0.30000000000000004
2016-04,5,TVW3,0.75,0.1500000000000001
2016-04,5,TVW3,0.9,0.14999999999999997
2016-04,6,TVW1,0.25,0.3044432509993264
2016-04,6,TVW1,0.5,0.40000000000000013
2016-04,6,TVW1,0.75,0.2955567490006734
2016-04,6,TVW2,0.3333333333333333,0.20000000000000004
2016-04,6,TVW2,0.5,0.39999999999999997
2016-04,6,TVW2,0.6666666666666666,0.4000000000000001
2016-04,6,TVW3,0.1,0.0
2016-04,6,TVW3,0.25,0.3499999999999999
2016-04,6,TVW3,0.5,0.35000000000000003
2016-04,6,TVW3,0.75,0.15000000000000005
2016-04,6,TVW3,0.9,0.14999999999999997
2016-04,7,TVW1,0.25,0.30600113298136944
2016-04,7,TVW1,0.5,0.4
2016-04,7,TVW1,0.75,0.2939988670186305
2016-04,7,TVW2,0.3333333333333333,0.23947724887254715
2016-04,7,TVW2,0.5,0.3605227511274528
2016-04,7,TVW2,0.6666666666666666,0.39999999999999997
2016-04,7,TVW3,0.1,0.0
2016-04,7,TVW3,0.25,0.3499999999999999
2016-04,7,TVW3,0.5,0.32014598961636076
2016-04,7,TVW3,0.75,0.3298540103836393
2016-04,7,TVW3,0.9,0.0
2016-04,8,TVW1,0.25,0.2782795812988524
2016-04,8,TVW1,0.5,0.3999999999999999
2016-04,8,TVW1,0.75,0.3217204187011477
2016-04,8,TVW2,0.3333333333333333,0.22476668555171148
2016-04,8,TVW2,0.5,0.49999999999999994
2016-04,8,TVW2,0.6666666666666666,0.27523331444828864
2016-04,8,TVW3,0.1,0.15000000000000002
2016-04,8,TVW3,0.25,0.19487395930163903
2016-04,8,TVW3,0.5,0.30000000000000004
2016-04,8,TVW3,0.75,0.20512604069836088
2016-04,8,TVW3,0.9,0.15000000000000002
2016-04,9,TVW1,0.25,0.3461469687877454
2016-04,9,TVW1,0.5,0.4538530312122545
2016-04,9,TVW1,0.75,0.20000000000000007
2016-04,9,TVW2,0.3333333333333333,0.4
2016-04,9,TVW2,0.5,0.4
2016-04,9,TVW2,0.6666666666666666,0.2
2016-04,9,TVW3,0.1,0.0
2016-04,9,TVW3,0.25,0.3499999999999999
2016-04,9,TVW3,0.5,0.4999999999999999
2016-04,9,TVW3,0.75,0.14999999999999997
2016-04,9,TVW3,0.9,1.554745915344213e-16
2016-04,10,TVW1,0.25,0.23885735410651263
2016-04,10,TVW1,0.5,0.5560410801523124
2016-04,10,TVW1,0.75,0.2051015657411751
2016-04,10,TVW2,0.3333333333333333,0.22438410799775904
2016-04,10,TVW2,0.5,0.5000000000000001
2016-04,10,TVW2,0.6666666666666666,0.27561589200224096
2016-04,10,TVW3,0.1,0.15
2016-04,10,TVW3,0.25,0.24999999999999992
2016-04,10,TVW3,0.5,0.30000000000000004
2016-04,10,TVW3,0.75,0.15
2016-04,10,TVW3,0.9,0.15
2016-04,11,TVW1,0.25,0.4
2016-04,11,TVW1,0.5,0.4
2016-04,11,TVW1,0.75,0.2
2016-04,11,TVW2,0.3333333333333333,0.4
2016-04,11,TVW2,0.5,0.4000000000000001
2016-04,11,TVW2,0.6666666666666666,0.2
2016-04,11,TVW3,0.1,0.15
2016-04,11,TVW3,0.25,0.3081558055389749
2016-04,11,TVW3,0.5,0.30000000000000004
2016-04,11,TVW3,0.75,0.24184419446102517
2016-04,11,TVW3,0.9,0.0
2016-04,12,TVW1,0.25,0.2802563631400075
2016-04,12,TVW1,0.5,0.4
2016-04,12,TVW1,0.75,0.31974363685999246
2016-04,12,TVW2,0.3333333333333333,0.3
2016-04,12,TVW2,0.5,0.3
2016-04,12,TVW2,0.6666666666666666,0.4
2016-04,12,TVW3,0.1,0.04853210902174084
2016-04,12,TVW3,0.25,0.35000000000000003
2016-04,12,TVW3,0.5,0.30000000000000004
2016-04,12,TVW3,0.75,0.15146789097825916
2016-04,12,TVW3,0.9,0.15000000000000002
2016-04,13,TVW1,0.25,0.36126098735915274
2016-04,13,TVW1,0.5,0.4
2016-04,13,TVW1,0.75,0.23873901264084732
2016-04,13,TVW2,0.3333333333333333,0.2
2016-04,13,TVW2,0.5,0.5
2016-04,13,TVW2,0.6666666666666666,0.30000000000000004
2016-04,13,TVW3,0.1,0.05384536707420835
2016-04,13,TVW3,0.25,0.3499999999999999
2016-04,13,TVW3,0.5,0.30000000000000004
2016-04,13,TVW3,0.75,0.29615463292579175
2016-04,13,TVW3,0.9,0.0
2016-05,1,TVW1,0.25,0.31753701117013433
2016-05,1,TVW1,0.5,0.4000000000000001
2016-05,1,TVW1,0.75,0.2824629888298657
2016-05,1,TVW2,0.3333333333333333,0.30000000000000004
2016-05,1,TVW2,0.5,0.3
2016-05,1,TVW2,0.6666666666666666,0.4
2016-05,1,TVW3,0.1,0.14999999999999997
2016-05,1,TVW3,0.25,0.25000000000000006
2016-05,1,TVW3,0.5,0.29999999999999993
2016-05,1,TVW3,0.75,0.14999999999999997
2016-05,1,TVW3,0.9,0.14999999999999997
2016-05,2,TVW1,0.25,0.302279685783438
2016-05,2,TVW1,0.5,0.4000000000000002
2016-05,2,TVW1,0.75,0.2977203142165618
2016-05,2,TVW2,0.3333333333333333,0.24196308767017416
2016-05,2,TVW2,0.5,0.5
2016-05,2,TVW2,0.6666666666666666,0.2580369123298258
2016-05,2,TVW3,0.1,0.15
2016-05,2,TVW3,0.25,0.25
2016-05,2,TVW3,0.5,0.3
2016-05,2,TVW3,0.75,0.15
2016-05,2,TVW3,0.9,0.15
2016-05,3,TVW1,0.25,0.31681074043607993
2016-05,3,TVW1,0.5,0.48318925956392017
2016-05,3,TVW1,0.75,0.2
2016-05,3,TVW2,0.3333333333333333,0.30000000000000004
2016-05,3,TVW2,0.5,0.4999999999999999
2016-05,3,TVW2,0.6666666666666666,0.20000000000000007
2016-05,3,TVW3,0.1,0.15
2016-05,3,TVW3,0.25,0.2499999999999999
2016-05,3,TVW3,0.5,0.3
2016-05,3,TVW3,0.75,0.15000000000000002
2016-05,3,TVW3,0.9,0.15
2016-05,4,TVW1,0.25,0.4
2016-05,4,TVW1,0.5,0.4
2016-05,4,TVW1,0.75,0.2
2016-05,4,TVW2,0.3333333333333333,0.4
2016-05,4,TVW2,0.5,0.3999999999999999
2016-05,4,TVW2,0.6666666666666666,0.20000000000000012
2016-05,4,TVW3,0.1,0.05403105297875006
2016-05,4,TVW3,0.25,0.35
2016-05,4,TVW3,0.5,0.44596894702124995
2016-05,4,TVW3,0.75,0.1500000000000001
2016-05,4,TVW3,0.9,0.0
2016-05,5,TVW1,0.25,0.39999999999999997
2016-05,5,TVW1,0.5,0.4000000000000001
2016-05,5,TVW1,0.75,0.2
2016-05,5,TVW2,0.3333333333333333,0.4000000000000001
2016-05,5,TVW2,0.5,0.39999999999999986
2016-05,5,TVW2,0.6666666666666666,0.20000000000000007
2016-05,5,TVW3,0.1,0.14999999999999997
2016-05,5,TVW3,0.25,0.28137571118145027
2016-05,5,TVW3,0.5,0.3000000000000001
2016-05,5,TVW3,0.75,0.15
2016-05,5,TVW3,0.9,0.11862428881854968
2016-05,6,TVW1,0.25,0.4
2016-05,6,TVW1,0.5,0.4
2016-05,6,TVW1,0.75,0.2
2016-05,6,TVW2,0.3333333333333333,0.4
2016-05,6,TVW2,0.5,0.36722221378467945
2016-05,6,TVW2,0.6666666666666666,0.23277778621532055
2016-05,6,TVW3,0.1,0.15
2016-05,6,TVW3,0.25,0.3211092059281671
2016-05,6,TVW3,0.5,0.3000000000000001
2016-05,6,TVW3,0.75,0.15000000000000008
2016-05,6,TVW3,0.9,0.07889079407183262
2016-05,7,TVW1,0.25,0.3999999999999999
2016-05,7,TVW1,0.5,0.40000000000000013
2016-05,7,TVW1,0.75,0.19999999999999996
2016-05,7,TVW2,0.3333333333333333,0.4
2016-05,7,TVW2,0.5,0.3
2016-05,7,TVW2,0.6666666666666666,0.3
2016-05,7,TVW3,0.1,0.14999999999999988
2016-05,7,TVW3,0.25,0.34017753899184694
2016-05,7,TVW3,0.5,0.2999999999999999
2016-05,7,TVW3,0.75,0.2098224610081533
2016-05,7,TVW3,0.9,5.853695556879664e-18
2016-05,8,TVW1,0.25,0.4
2016-05,8,TVW1,0.5,0.4
2016-05,8,TVW1,0.75,0.2
2016-05,8,TVW2,0.3333333333333333,0.4
2016-05,8,TVW2,0.5,0.4000000000000001
2016-05,8,TVW2,0.6666666666666666,0.2
2016-05,8,TVW3,0.1,0.15
2016-05,8,TVW3,0.25,0.35
2016-05,8,TVW3,0.5,0.30034496250489817
2016-05,8,TVW3,0.75,0.15
2016-05,8,TVW3,0.9,0.04965503749510187
2016-05,9,TVW1,0.25,0.39999999999999974
2016-05,9,TVW1,0.5,0.4000000000000003
2016-05,9,TVW1,0.75,0.2
2016-05,9,TVW2,0.3333333333333333,0.4000000000000001
2016-05,9,TVW2,0.5,0.3999999999999999
2016-05,9,TVW2,0.6666666666666666,0.2000000000000001
2016-05,9,TVW3,0.1,0.009122334585187956
2016-05,9,TVW3,0.25,0.3499999999999999
2016-05,9,TVW3,0.5,0.49087766541481226
2016-05,9,TVW3,0.75,0.15
2016-05,9,TVW3,0.9,1.0381011295484205e-17
2016-05,10,TVW1,0.25,0.3999999999999999
2016-05,10,TVW1,0.5,0.3999999999999999
2016-05,10,TVW1,0.75,0.2000000000000002
2016-05,10,TVW2,0.3333333333333333,0.4
2016-05,10,TVW2,0.5,0.4000000000000001
2016-05,10,TVW2,0.6666666666666666,0.2
2016-05,10,TVW3,0.1,0.14999999999999997
2016-05,10,TVW3,0.25,0.3487182311228573
2016-05,10,TVW3,0.5,0.29999999999999993
2016-05,10,TVW3,0.75,0.14999999999999997
2016-05,10,TVW3,0.9,0.05128176887714281
2016-05,11,TVW1,0.25,0.4
2016-05,11,TVW1,0.5,0.4
2016-05,11,TVW1,0.75,0.20000000000000004
2016-05,11,TVW2,0.3333333333333333,0.40000000000000013
2016-05,11,TVW2,0.5,0.39999999999999997
2016-05,11,TVW2,0.6666666666666666,0.20000000000000007
2016-05,11,TVW3,0.1,0.14999999999999986
2016-05,11,TVW3,0.25,0.2531276207869032
2016-05,11,TVW3,0.5,0.446872379213097
2016-05,11,TVW3,0.75,0.15
2016-05,11,TVW3,0.9,0.0
2016-05,12,TVW1,0.25,0.3558299989816109
2016-05,12,TVW1,0.5,0.4
2016-05,12,TVW1,0.75,0.24417000101838926
2016-05,12,TVW2,0.3333333333333333,0.4
2016-05,12,TVW2,0.5,0.3243884374771162
2016-05,12,TVW2,0.6666666666666666,0.27561156252288377
2016-05,12,TVW3,0.1,0.15
2016-05,12,TVW3,0.25,0.28205698455580036
2016-05,12,TVW3,0.5,0.3
2016-05,12,TVW3,0.75,0.15
2016-05,12,TVW3,0.9,0.11794301544419969
2016-05,13,TVW1,0.25,0.4
2016-05,13,TVW1,0.5,0.4
2016-05,13,TVW1,0.75,0.2
2016-05,13,TVW2,0.3333333333333333,0.39999999999999986
2016-05,13,TVW2,0.5,0.3999999999999997
2016-05,13,TVW2,0.6666666666666666,0.20000000000000026
2016-05,13,TVW3,0.1,0.14969005167946262
2016-05,13,TVW3,0.25,0.35
2016-05,13,TVW3,0.5,0.3
2016-05,13,TVW3,0.75,0.2003099483205376
2016-05,13,TVW3,0.9,0.0
2016-06,1,TVW1,0.25,0.29477625929145274
2016-06,1,TVW1,0.5,0.4
2016-06,1,TVW1,0.75,0.3052237407085473
2016-06,1,TVW2,0.3333333333333333,0.3000000000000001
2016-06,1,TVW2,0.5,0.30000000000000004
2016-06,1,TVW2,0.6666666666666666,0.39999999999999997
2016-06,1,TVW3,0.1,0.15000000000000008
2016-06,1,TVW3,0.25,0.24032597837727634
2016-06,1,TVW3,0.5,0.30000000000000016
2016-06,1,TVW3,0.75,0.1596740216227233
2016-06,1,TVW3,0.9,0.15000000000000008
2016-06,2,TVW1,0.25,0.27427762998797883
2016-06,2,TVW1,0.5,0.4000000000000002
2016-06,2,TVW1,0.75,0.325722370012021
2016-06,2,TVW2,0.3333333333333333,0.3635328027148948
2016-06,2,TVW2,0.5,0.3
2016-06,2,TVW2,0.6666666666666666,0.3364671972851052
2016-06,2,TVW3,0.1,0.14999999999999988
2016-06,2,TVW3,0.25,0.23910054699433816
2016-06,2,TVW3,0.5,0.2999999999999999
2016-06,2,TVW3,0.75,0.1608994530056621
2016-06,2,TVW3,0.9,0.14999999999999988
2016-06,3,TVW1,0.25,0.3804257926709962
2016-06,3,TVW1,0.5,0.4
2016-06,3,TVW1,0.75,0.2195742073290039
2016-06,3,TVW2,0.3333333333333333,0.4
2016-06,3,TVW2,0.5,0.3000000000000001
2016-06,3,TVW2,0.6666666666666666,0.3
2016-06,3,TVW3,0.1,0.14999999999999988
2016-06,3,TVW3,0.25,0.25
2016-06,3,TVW3,0.5,0.30000000000000004
2016-06,3,TVW3,0.75,0.15
2016-06,3,TVW3,0.9,0.15
2016-06,4,TVW1,0.25,0.39999999999999986
2016-06,4,TVW1,0.5,0.39999999999999986
2016-06,4,TVW1,0.75,0.20000000000000023
2016-06,4,TVW2,0.3333333333333333,0.4
2016-06,4,TVW2,0.5,0.3999999999999999
2016-06,4,TVW2,0.6666666666666666,0.20000000000000004
2016-06,4,TVW3,0.1,0.015201481373259947
2016-06,4,TVW3,0.25,0.34999999999999987
2016-06,4,TVW3,0.5,0.48479851862674006
2016-06,4,TVW3,0.75,0.15000000000000002
2016-06,4,TVW3,0.9,8.008609122208245e-17
2016-06,5,TVW1,0.25,0.36346029608326147
2016-06,5,TVW1,0.5,0.3999999999999999
2016-06,5,TVW1,0.75,0.23653970391673868
2016-06,5,TVW2,0.3333333333333333,0.2817460060830787
2016-06,5,TVW2,0.5,0.5
2016-06,5,TVW2,0.6666666666666666,0.2182539939169213
2016-06,5,TVW3,0.1,0.14999999999999997
2016-06,5,TVW3,0.25,0.2499999999999998
2016-06,5,TVW3,0.5,0.30000000000000016
2016-06,5,TVW3,0.75,0.15000000000000016
2016-06,5,TVW3,0.9,0.14999999999999997
2016-06,6,TVW1,0.25,0.3999999999999999
2016-06,6,TVW1,0.5,0.40000000000000013
2016-06,6,TVW1,0.75,0.2
2016-06,6,TVW2,0.3333333333333333,0.3352801521575799
2016-06,6,TVW2,0.5,0.4647198478424201
2016-06,6,TVW2,0.6666666666666666,0.2
2016-06,6,TVW3,0.1,0.14999999999999997
2016-06,6,TVW3,0.25,0.3104059390362931
2016-06,6,TVW3,0.5,0.29999999999999993
2016-06,6,TVW3,0.75,0.14999999999999997
2016-06,6,TVW3,0.9,0.08959406096370705
2016-06,7,TVW1,0.25,0.4
2016-06,7,TVW1,0.5,0.4
2016-06,7,TVW1,0.75,0.20000000000000007
2016-06,7,TVW2,0.3333333333333333,0.4
2016-06,7,TVW2,0.5,0.39999999999999947
2016-06,7,TVW2,0.6666666666666666,0.20000000000000054
2016-06,7,TVW3,0.1,0.12715055158248928
2016-06,7,TVW3,0.25,0.3499999999999999
2016-06,7,TVW3,0.5,0.30000000000000004
2016-06,7,TVW3,0.75,0.2228494484175105
2016-06,7,TVW3,0.9,1.8211803962855897e-16
2016-06,8,TVW1,0.25,0.3999999999999998
2016-06,8,TVW1,0.5,0.40000000000000013
2016-06,8,TVW1,0.75,0.19999999999999996
2016-06,8,TVW2,0.3333333333333333,0.4
2016-06,8,TVW2,0.5,0.4
2016-06,8,TVW2,0.6666666666666666,0.2
2016-06,8,TVW3,0.1,0.13394564424716707
2016-06,8,TVW3,0.25,0.35
2016-06,8,TVW3,0.5,0.30000000000000004
2016-06,8,TVW3,0.75,0.15000000000000013
2016-06,8,TVW3,0.9,0.0660543557528328
2016-06,9,TVW1,0.25,0.4
2016-06,9,TVW1,0.5,0.4
2016-06,9,TVW1,0.75,0.20000000000000004
2016-06,9,TVW2,0.3333333333333333,0.3999999999999999
2016-06,9,TVW2,0.5,0.4
2016-06,9,TVW2,0.6666666666666666,0.19999999999999996
2016-06,9,TVW3,0.1,4.5102810375396984e-17
2016-06,9,TVW3,0.25,0.3499999999999999
2016-06,9,TVW3,0.5,0.5
2016-06,9,TVW3,0.75,0.15000000000000008
2016-06,9,TVW3,0.9,5.292387336312135e-18
2016-06,10,TVW1,0.25,0.3999999999999999
2016-06,10,TVW1,0.5,0.3999999999999999
2016-06,10,TVW1,0.75,0.20000000000000015
2016-06,10,TVW2,0.3333333333333333,0.4
2016-06,10,TVW2,0.5,0.39999999999999997
2016-06,10,TVW2,0.6666666666666666,0.2
2016-06,10,TVW3,0.1,0.14999999999999997
2016-06,10,TVW3,0.25,0.3401646321370609
2016-06,10,TVW3,0.5,0.3000000000000001
2016-06,10,TVW3,0.75,0.15
2016-06,10,TVW3,0.9,0.05983536786293893
2016-06,11,TVW1,0.25,0.4
2016-06,11,TVW1,0.5,0.4
2016-06,11,TVW1,0.75,0.2
2016-06,11,TVW2,0.3333333333333333,0.4
2016-06,11,TVW2,0.5,0.4
2016-06,11,TVW2,0.6666666666666666,0.2
2016-06,11,TVW3,0.1,0.14999999999999997
2016-06,11,TVW3,0.25,0.3499999999999999
2016-06,11,TVW3,0.5,0.3151696628822972
2016-06,11,TVW3,0.75,0.1848303371177028
2016-06,11,TVW3,0.9,0.0
2016-06,12,TVW1,0.25,0.39999999999999997
2016-06,12,TVW1,0.5,0.4
2016-06,12,TVW1,0.75,0.20000000000000004
2016-06,12,TVW2,0.3333333333333333,0.4
2016-06,12,TVW2,0.5,0.34245774623716074
2016-06,12,TVW2,0.6666666666666666,0.2575422537628393
2016-06,12,TVW3,0.1,0.15
2016-06,12,TVW3,0.25,0.27181774245403967
2016-06,12,TVW3,0.5,0.3
2016-06,12,TVW3,0.75,0.2781822575459604
2016-06,12,TVW3,0.9,2.1072551679498607e-17
2016-06,13,TVW1,0.25,0.4
2016-06,13,TVW1,0.5,0.4
2016-06,13,TVW1,0.75,0.2
2016-06,13,TVW2,0.3333333333333333,0.4
2016-06,13,TVW2,0.5,0.4
2016-06,13,TVW2,0.6666666666666666,0.2
2016-06,13,TVW3,0.1,0.15
2016-06,13,TVW3,0.25,0.34999999999999987
2016-06,13,TVW3,0.5,0.30000000000000004
2016-06,13,TVW3,0.75,0.20000000000000007
2016-06,13,TVW3,0.9,0.0
2016-07,1,TVW1,0.25,0.24550138744250902
2016-07,1,TVW1,0.5,0.4
2016-07,1,TVW1,0.75,0.354498612557491
2016-07,1,TVW2,0.3333333333333333,0.2
2016-07,1,TVW2,0.5,0.4
2016-07,1,TVW2,0.6666666666666666,0.4
2016-07,1,TVW3,0.1,0.15000000000000002
2016-07,1,TVW3,0.25,0.19490698053339583
2016-07,1,TVW3,0.5,0.30000000000000004
2016-07,1,TVW3,0.75,0.20509301946660416
2016-07,1,TVW3,0.9,0.15000000000000002
2016-07,2,TVW1,0.25,0.2397567935076862
2016-07,2,TVW1,0.5,0.4
2016-07,2,TVW1,0.75,0.36024320649231384
2016-07,2,TVW2,0.3333333333333333,0.2
2016-07,2,TVW2,0.5,0.4
2016-07,2,TVW2,0.6666666666666666,0.4
2016-07,2,TVW3,0.1,0.026268289806646705
2016-07,2,TVW3,0.25,0.3499999999999999
2016-07,2,TVW3,0.5,0.3
2016-07,2,TVW3,0.75,0.17373171019335337
2016-07,2,TVW3,0.9,0.1499999999999999
2016-07,3,TVW1,0.25,0.29147666888555956
2016-07,3,TVW1,0.5,0.4000000000000002
2016-07,3,TVW1,0.75,0.30852333111444014
2016-07,3,TVW2,0.3333333333333333,0.2155815642676989
2016-07,3,TVW2,0.5,0.399330680634129
2016-07,3,TVW2,0.6666666666666666,0.38508775509817217
2016-07,3,TVW3,0.1,0.037003376856038016
2016-07,3,TVW3,0.25,0.35
2016-07,3,TVW3,0.5,0.3
2016-07,3,TVW3,0.75,0.16299662314396202
2016-07,3,TVW3,0.9,0.15
2016-07,4,TVW1,0.25,0.23587650811979377
2016-07,4,TVW1,0.5,0.5641234918802062
2016-07,4,TVW1,0.75,0.2
2016-07,4,TVW2,0.3333333333333333,0.3882573305504113
2016-07,4,TVW2,0.5,0.3
2016-07,4,TVW2,0.6666666666666666,0.3117426694495887
2016-07,4,TVW3,0.1,0.0
2016-07,4,TVW3,0.25,0.30966768785688514
2016-07,4,TVW3,0.5,0.49999999999999994
2016-07,4,TVW3,0.75,0.15000000000000047
2016-07,4,TVW3,0.9,0.04033231214311445
2016-07,5,TVW1,0.25,0.2318719833193246
2016-07,5,TVW1,0.5,0.4
2016-07,5,TVW1,0.75,0.3681280166806754
2016-07,5,TVW2,0.3333333333333333,0.2
2016-07,5,TVW2,0.5,0.4
2016-07,5,TVW2,0.6666666666666666,0.4
2016-07,5,TVW3,0.1,0.14999999999999986
2016-07,5,TVW3,0.25,0.15278838865593966
2016-07,5,TVW3,0.5,0.30000000000000493
2016-07,5,TVW3,0.75,0.24721161134405553
2016-07,5,TVW3,0.9,0.14999999999999997
2016-07,6,TVW1,0.25,0.2022517340799054
2016-07,6,TVW1,0.5,0.4
2016-07,6,TVW1,0.75,0.39774826592009455
2016-07,6,TVW2,0.3333333333333333,0.2
2016-07,6,TVW2,0.5,0.4
2016-07,6,TVW2,0.6666666666666666,0.4
2016-07,6,TVW3,0.1,0.14261927726812842
2016-07,6,TVW3,0.25,0.15000000000000002
2016-07,6,TVW3,0.5,0.3000000000000001
2016-07,6,TVW3,0.75,0.25738072273187146
2016-07,6,TVW3,0.9,0.15000000000000002
2016-07,7,TVW1,0.25,0.36364490031082936
2016-07,7,TVW1,0.5,0.4000000000000002
2016-07,7,TVW1,0.75,0.2363550996891704
2016-07,7,TVW2,0.3333333333333333,0.20410509343457514
2016-07,7,TVW2,0.5,0.5000000000000001
2016-07,7,TVW2,0.6666666666666666,0.2958949065654248
2016-07,7,TVW3,0.1,0.03288894729462118
2016-07,7,TVW3,0.25,0.3499999999999999
2016-07,7,TVW3,0.5,0.30000000000000016
2016-07,7,TVW3,0.75,0.31711105270537865
2016-07,7,TVW3,0.9,9.657638925014874e-17
2016-07,8,TVW1,0.25,0.2
2016-07,8,TVW1,0.5,0.6
2016-07,8,TVW1,0.75,0.2
2016-07,8,TVW2,0.3333333333333333,0.26643864089466024
2016-07,8,TVW2,0.5,0.5000000000000001
2016-07,8,TVW2,0.6666666666666666,0.2335613591053396
2016-07,8,TVW3,0.1,0.05273242970441426
2016-07,8,TVW3,0.25,0.14999999999999997
2016-07,8,TVW3,0.5,0.4999999999999999
2016-07,8,TVW3,0.75,0.2972675702955858
2016-07,8,TVW3,0.9,0.0
2016-07,9,TVW1,0.25,0.31809108320578044
2016-07,9,TVW1,0.5,0.4819089167942196
2016-07,9,TVW1,0.75,0.2
2016-07,9,TVW2,0.3333333333333333,0.3662302366230559
2016-07,9,TVW2,0.5,0.433769763376944
2016-07,9,TVW2,0.6666666666666666,0.2
2016-07,9,TVW3,0.1,0.0
2016-07,9,TVW3,0.25,0.35
2016-07,9,TVW3,0.5,0.5
2016-07,9,TVW3,0.75,0.15
2016-07,9,TVW3,0.9,8.52678492835976e-18
2016-07,10,TVW1,0.25,0.3224803360903637
2016-07,10,TVW1,0.5,0.4
2016-07,10,TVW1,0.75,0.27751966390963634
2016-07,10,TVW2,0.3333333333333333,0.4
2016-07,10,TVW2,0.5,0.3
2016-07,10,TVW2,0.6666666666666666,0.3
2016-07,10,TVW3,0.1,0.1499999999999999
2016-07,10,TVW3,0.25,0.2545656210012072
2016-07,10,TVW3,0.5,0.3
2016-07,10,TVW3,0.75,0.15
2016-07,10,TVW3,0.9,0.1454343789987929
2016-07,11,TVW1,0.25,0.39999999999999997
2016-07,11,TVW1,0.5,0.4
2016-07,11,TVW1,0.75,0.2
2016-07,11,TVW2,0.3333333333333333,0.3597635834268364
2016-07,11,TVW2,0.5,0.44023641657316365
2016-07,11,TVW2,0.6666666666666666,0.2
2016-07,11,TVW3,0.1,6.245004513516506e-17
2016-07,11,TVW3,0.25,0.35
2016-07,11,TVW3,0.5,0.5
2016-07,11,TVW3,0.75,0.15
2016-07,11,TVW3,0.9,2.4320617926519994e-18
2016-07,12,TVW1,0.25,0.29711042373179397
2016-07,12,TVW1,0.5,0.4
2016-07,12,TVW1,0.75,0.302889576268206
2016-07,12,TVW2,0.3333333333333333,0.30000000000000004
2016-07,12,TVW2,0.5,0.3
2016-07,12,TVW2,0.6666666666666666,0.4
2016-07,12,TVW3,0.1,0.15
2016-07,12,TVW3,0.25,0.20300094543093156
2016-07,12,TVW3,0.5,0.3
2016-07,12,TVW3,0.75,0.2886761445799651
2016-07,12,TVW3,0.9,0.05832290998910335
2016-07,13,TVW1,0.25,0.37086596162684
2016-07,13,TVW1,0.5,0.4000000000000002
2016-07,13,TVW1,0.75,0.22913403837315988
2016-07,13,TVW2,0.3333333333333333,0.20000000000000004
2016-07,13,TVW2,0.5,0.49999999999999994
2016-07,13,TVW2,0.6666666666666666,0.3
2016-07,13,TVW3,0.1,0.025273383385586854
2016-07,13,TVW3,0.25,0.3499999999999999
2016-07,13,TVW3,0.5,0.37305909544263044
2016-07,13,TVW3,0.75,0.25166752117178265
2016-07,13,TVW3,0.9,0.0
2016-08,1,TVW1,0.25,0.25124975469796834
2016-08,1,TVW1,0.5,0.4000000000000001
2016-08,1,TVW1,0.75,0.34875024530203164
2016-08,1,TVW2,0.3333333333333333,0.3000000000000001
2016-08,1,TVW2,0.5,0.3
2016-08,1,TVW2,0.6666666666666666,0.39999999999999997
2016-08,1,TVW3,0.1,0.15000000000000002
2016-08,1,TVW3,0.25,0.2161418197181904
2016-08,1,TVW3,0.5,0.30000000000000004
2016-08,1,TVW3,0.75,0.1838581802818096
2016-08,1,TVW3,0.9,0.15000000000000002
2016-08,2,TVW1,0.25,0.2
2016-08,2,TVW1,0.5,0.44361523779728396
2016-08,2,TVW1,0.75,0.35638476220271603
2016-08,2,TVW2,0.3333333333333333,0.2
2016-08,2,TVW2,0.5,0.4000000000000001
2016-08,2,TVW2,0.6666666666666666,0.4
2016-08,2,TVW3,0.1,0.15
2016-08,2,TVW3,0.25,0.15
2016-08,2,TVW3,0.5,0.3591858444939244
2016-08,2,TVW3,0.75,0.19081415550607567
2016-08,2,TVW3,0.9,0.15
2016-08,3,TVW1,0.25,0.22460654089919446
2016-08,3,TVW1,0.5,0.4
2016-08,3,TVW1,0.75,0.37539345910080557
2016-08,3,TVW2,0.3333333333333333,0.2
2016-08,3,TVW2,0.5,0.4
2016-08,3,TVW2,0.6666666666666666,0.4
2016-08,3,TVW3,0.1,5.984882569653986e-19
2016-08,3,TVW3,0.25,0.3239896299516331
2016-08,3,TVW3,0.5,0.37601037004836696
2016-08,3,TVW3,0.75,0.15000000000000002
2016-08,3,TVW3,0.9,0.15
2016-08,4,TVW1,0.25,0.3170634247513433
2016-08,4,TVW1,0.5,0.4
2016-08,4,TVW1,0.75,0.2829365752486567
2016-08,4,TVW2,0.3333333333333333,0.2
2016-08,4,TVW2,0.5,0.5
2016-08,4,TVW2,0.6666666666666666,0.3
2016-08,4,TVW3,0.1,0.02340528946790289
2016-08,4,TVW3,0.25,0.3499999999999999
2016-08,4,TVW3,0.5,0.3395372097772034
2016-08,4,TVW3,0.75,0.15
2016-08,4,TVW3,0.9,0.13705750075489387
2016-08,5,TVW1,0.25,0.20000000000000004
2016-08,5,TVW1,0.5,0.52853392375098
2016-08,5,TVW1,0.75,0.27146607624901997
2016-08,5,TVW2,0.3333333333333333,0.2
2016-08,5,TVW2,0.5,0.4159520335670874
2016-08,5,TVW2,0.6666666666666666,0.38404796643291267
2016-08,5,TVW3,0.1,0.0185388751890202
2016-08,5,TVW3,0.25,0.35
2016-08,5,TVW3,0.5,0.3314611248109797
2016-08,5,TVW3,0.75,0.15000000000000005
2016-08,5,TVW3,0.9,0.14999999999999997
2016-08,6,TVW1,0.25,0.24532082534696184
2016-08,6,TVW1,0.5,0.4000000000000001
2016-08,6,TVW1,0.75,0.35467917465303817
2016-08,6,TVW2,0.3333333333333333,0.20000000000000004
2016-08,6,TVW2,0.5,0.4
2016-08,6,TVW2,0.6666666666666666,0.4
2016-08,6,TVW3,0.1,0.014449096956678505
2016-08,6,TVW3,0.25,0.3482263388834264
2016-08,6,TVW3,0.5,0.3000000000000002
2016-08,6,TVW3,0.75,0.18732456415989504
2016-08,6,TVW3,0.9,0.14999999999999986
2016-08,7,TVW1,0.25,0.28351255132657416
2016-08,7,TVW1,0.5,0.4000000000000001
2016-08,7,TVW1,0.75,0.3164874486734258
2016-08,7,TVW2,0.3333333333333333,0.20000000000000004
2016-08,7,TVW2,0.5,0.49753017329730037
2016-08,7,TVW2,0.6666666666666666,0.30246982670269956
2016-08,7,TVW3,0.1,0.14999999999999994
2016-08,7,TVW3,0.25,0.1608091532720633
2016-08,7,TVW3,0.5,0.30000000000000004
2016-08,7,TVW3,0.75,0.35000000000000003
2016-08,7,TVW3,0.9,0.039190846727936754
2016-08,8,TVW1,0.25,0.262118033437208
2016-08,8,TVW1,0.5,0.4
2016-08,8,TVW1,0.75,0.33788196656279185
2016-08,8,TVW2,0.3333333333333333,0.2
2016-08,8,TVW2,0.5,0.44408260486231327
2016-08,8,TVW2,0.6666666666666666,0.3559173951376868
2016-08,8,TVW3,0.1,0.0
2016-08,8,TVW3,0.25,0.34059126755872454
2016-08,8,TVW3,0.5,0.3
2016-08,8,TVW3,0.75,0.35
2016-08,8,TVW3,0.9,0.00940873244127546
2016-08,9,TVW1,0.25,0.20000000000000007
2016-08,9,TVW1,0.5,0.6
2016-08,9,TVW1,0.75,0.2
2016-08,9,TVW2,0.3333333333333333,0.4000000000000001
2016-08,9,TVW2,0.5,0.316366963555897
2016-08,9,TVW2,0.6666666666666666,0.28363303644410304
2016-08,9,TVW3,0.1,2.1294633424117835e-17
2016-08,9,TVW3,0.25,0.32325399620026835
2016-08,9,TVW3,0.5,0.5
2016-08,9,TVW3,0.75,0.15000000000000002
2016-08,9,TVW3,0.9,0.026746003799731615
2016-08,10,TVW1,0.25,0.2554352605346011
2016-08,10,TVW1,0.5,0.4
2016-08,10,TVW1,0.75,0.3445647394653989
2016-08,10,TVW2,0.3333333333333333,0.30000000000000027
2016-08,10,TVW2,0.5,0.3
2016-08,10,TVW2,0.6666666666666666,0.3999999999999998
2016-08,10,TVW3,0.1,0.15000000000000002
2016-08,10,TVW3,0.25,0.2300502329233086
2016-08,10,TVW3,0.5,0.30000000000000004
2016-08,10,TVW3,0.75,0.16994976707669143
2016-08,10,TVW3,0.9,0.15000000000000002
2016-08,11,TVW1,0.25,0.37376930713210205
2016-08,11,TVW1,0.5,0.426230692867898
2016-08,11,TVW1,0.75,0.2
2016-08,11,TVW2,0.3333333333333333,0.4
2016-08,11,TVW2,0.5,0.4
2016-08,11,TVW2,0.6666666666666666,0.2
2016-08,11,TVW3,0.1,0.03149149214732831
2016-08,11,TVW3,0.25,0.29554470963916685
2016-08,11,TVW3,0.5,0.5
2016-08,11,TVW3,0.75,0.17296379821350494
2016-08,11,TVW3,0.9,9.414432745749673e-19
2016-08,12,TVW1,0.25,0.2993260610719284
2016-08,12,TVW1,0.5,0.4
2016-08,12,TVW1,0.75,0.3006739389280716
2016-08,12,TVW2,0.3333333333333333,0.3525855824967465
2016-08,12,TVW2,0.5,0.3
2016-08,12,TVW2,0.6666666666666666,0.3474144175032535
2016-08,12,TVW3,0.1,0.15000000000000002
2016-08,12,TVW3,0.25,0.18186152947481318
2016-08,12,TVW3,0.5,0.30000000000000004
2016-08,12,TVW3,0.75,0.3499999999999999
2016-08,12,TVW3,0.9,0.018138470525186936
2016-08,13,TVW1,0.25,0.33354567022317316
2016-08,13,TVW1,0.5,0.4664543297768268
2016-08,13,TVW1,0.75,0.2
2016-08,13,TVW2,0.3333333333333333,0.21131514182064984
2016-08,13,TVW2,0.5,0.49999999999999994
2016-08,13,TVW2,0.6666666666666666,0.2886848581793503
2016-08,13,TVW3,0.1,2.556065200091199e-17
2016-08,13,TVW3,0.25,0.3148221610890804
2016-08,13,TVW3,0.5,0.5
2016-08,13,TVW3,0.75,0.1851778389109196
2016-08,13,TVW3,0.9,2.949437606912869e-17
2016-09,1,TVW1,0.25,0.295077074644841
2016-09,1,TVW1,0.5,0.3999999999999999
2016-09,1,TVW1,0.75,0.3049229253551591
2016-09,1,TVW2,0.3333333333333333,0.3000000000000001
2016-09,1,TVW2,0.5,0.30000000000000004
2016-09,1,TVW2,0.6666666666666666,0.39999999999999997
2016-09,1,TVW3,0.1,0.14999999999999994
2016-09,1,TVW3,0.25,0.25000000000000006
2016-09,1,TVW3,0.5,0.3
2016-09,1,TVW3,0.75,0.15000000000000005
2016-09,1,TVW3,0.9,0.14999999999999997
2016-09,2,TVW1,0.25,0.2
2016-09,2,TVW1,0.5,0.5700002373171814
2016-09,2,TVW1,0.75,0.22999976268281858
2016-09,2,TVW2,0.3333333333333333,0.2629988281290749
2016-09,2,TVW2,0.5,0.4999999999999999
2016-09,2,TVW2,0.6666666666666666,0.23700117187092526
2016-09,2,TVW3,0.1,0.15
2016-09,2,TVW3,0.25,0.1941094157447881
2016-09,2,TVW3,0.5,0.3558905842552119
2016-09,2,TVW3,0.75,0.15
2016-09,2,TVW3,0.9,0.15
2016-09,3,TVW1,0.25,0.29362615891413046
2016-09,3,TVW1,0.5,0.3999999999999999
2016-09,3,TVW1,0.75,0.3063738410858695
2016-09,3,TVW2,0.3333333333333333,0.3000000000000001
2016-09,3,TVW2,0.5,0.3
2016-09,3,TVW2,0.6666666666666666,0.4
2016-09,3,TVW3,0.1,0.012681217044558022
2016-09,3,TVW3,0.25,0.3499999999999997
2016-09,3,TVW3,0.5,0.3373187829554423
2016-09,3,TVW3,0.75,0.15000000000000008
2016-09,3,TVW3,0.9,0.1499999999999999
2016-09,4,TVW1,0.25,0.2
2016-09,4,TVW1,0.5,0.6
2016-09,4,TVW1,0.75,0.2
2016-09,4,TVW2,0.3333333333333333,0.36480124921732204
2016-09,4,TVW2,0.5,0.29999999999999993
2016-09,4,TVW2,0.6666666666666666,0.335198750782678
2016-09,4,TVW3,0.1,9.678248524376083e-17
2016-09,4,TVW3,0.25,0.2885231908290584
2016-09,4,TVW3,0.5,0.49999999999999994
2016-09,4,TVW3,0.75,0.15
2016-09,4,TVW3,0.9,0.06147680917094156
2016-09,5,TVW1,0.25,0.3856204404487224
2016-09,5,TVW1,0.5,0.40000000000000013
2016-09,5,TVW1,0.75,0.21437955955127755
2016-09,5,TVW2,0.3333333333333333,0.3528043115622768
2016-09,5,TVW2,0.5,0.3
2016-09,5,TVW2,0.6666666666666666,0.3471956884377233
2016-09,5,TVW3,0.1,0.14999999999999997
2016-09,5,TVW3,0.25,0.2588334464412756
2016-09,5,TVW3,0.5,0.30000000000000004
2016-09,5,TVW3,0.75,0.15000000000000002
2016-09,5,TVW3,0.9,0.1411665535587244
2016-09,6,TVW1,0.25,0.33752079502095533
2016-09,6,TVW1,0.5,0.3999999999999999
2016-09,6,TVW1,0.75,0.2624792049790447
2016-09,6,TVW2,0.3333333333333333,0.27398810483671043
2016-09,6,TVW2,0.5,0.32601189516328954
2016-09,6,TVW2,0.6666666666666666,0.4
2016-09,6,TVW3,0.1,0.07170033940127492
2016-09,6,TVW3,0.25,0.35
2016-09,6,TVW3,0.5,0.3000000000000001
2016-09,6,TVW3,0.75,0.15000000000000016
2016-09,6,TVW3,0.9,0.1282996605987249
2016-09,7,TVW1,0.25,0.3842057039877438
2016-09,7,TVW1,0.5,0.4000000000000001
2016-09,7,TVW1,0.75,0.21579429601225616
2016-09,7,TVW2,0.3333333333333333,0.21390084155590774
2016-09,7,TVW2,0.5,0.4999999999999999
2016-09,7,TVW2,0.6666666666666666,0.28609915844409234
2016-09,7,TVW3,0.1,0.10910336177353444
2016-09,7,TVW3,0.25,0.32470098780138296
2016-09,7,TVW3,0.5,0.3000000000000001
2016-09,7,TVW3,0.75,0.15000000000000002
2016-09,7,TVW3,0.9,0.11619565042508255
2016-09,8,TVW1,0.25,0.2
2016-09,8,TVW1,0.5,0.5994996550255707
2016-09,8,TVW1,0.75,0.2005003449744293
2016-09,8,TVW2,0.3333333333333333,0.3474702690117738
2016-09,8,TVW2,0.5,0.4525297309882262
2016-09,8,TVW2,0.6666666666666666,0.2
2016-09,8,TVW3,0.1,0.09971441240342803
2016-09,8,TVW3,0.25,0.15
2016-09,8,TVW3,0.5,0.4466170643214969
2016-09,8,TVW3,0.75,0.303668523275075
2016-09,8,TVW3,0.9,0.0
2016-09,9,TVW1,0.25,0.24709144201671251
2016-09,9,TVW1,0.5,0.5529085579832875
2016-09,9,TVW1,0.75,0.2
2016-09,9,TVW2,0.3333333333333333,0.4
2016-09,9,TVW2,0.5,0.3999999999999999
2016-09,9,TVW2,0.6666666666666666,0.2
2016-09,9,TVW3,0.1,0.0
2016-09,9,TVW3,0.25,0.35000000000000003
2016-09,9,TVW3,0.5,0.5
2016-09,9,TVW3,0.75,0.15000000000000002
2016-09,9,TVW3,0.9,5.0905195518485075e-18
2016-09,10,TVW1,0.25,0.3732693144224166
2016-09,10,TVW1,0.5,0.4
2016-09,10,TVW1,0.75,0.22673068557758339
2016-09,10,TVW2,0.3333333333333333,0.3710199302784143
2016-09,10,TVW2,0.5,0.29999999999999993
2016-09,10,TVW2,0.6666666666666666,0.32898006972158583
2016-09,10,TVW3,0.1,0.10887950175165062
2016-09,10,TVW3,0.25,0.34307605859249624
2016-09,10,TVW3,0.5,0.3
2016-09,10,TVW3,0.75,0.14999999999999997
2016-09,10,TVW3,0.9,0.09804443965585312
2016-09,11,TVW1,0.25,0.4
2016-09,11,TVW1,0.5,0.4
2016-09,11,TVW1,0.75,0.20000000000000007
2016-09,11,TVW2,0.3333333333333333,0.4
2016-09,11,TVW2,0.5,0.4
2016-09,11,TVW2,0.6666666666666666,0.2
2016-09,11,TVW3,0.1,0.04736894164769525
2016-09,11,TVW3,0.25,0.34999999999999987
2016-09,11,TVW3,0.5,0.4526310583523049
2016-09,11,TVW3,0.75,0.15
2016-09,11,TVW3,0.9,2.708498662454951e-18
2016-09,12,TVW1,0.25,0.38503695922175296
2016-09,12,TVW1,0.5,0.4
2016-09,12,TVW1,0.75,0.21496304077824702
2016-09,12,TVW2,0.3333333333333333,0.4
2016-09,12,TVW2,0.5,0.3
2016-09,12,TVW2,0.6666666666666666,0.3000000000000001
2016-09,12,TVW3,0.1,0.07410372214862371
2016-09,12,TVW3,0.25,0.35
2016-09,12,TVW3,0.5,0.3
2016-09,12,TVW3,0.75,0.2758962778513762
2016-09,12,TVW3,0.9,0.0
2016-09,13,TVW1,0.25,0.4
2016-09,13,TVW1,0.5,0.4000000000000001
2016-09,13,TVW1,0.75,0.2
2016-09,13,TVW2,0.3333333333333333,0.39999999999999986
2016-09,13,TVW2,0.5,0.4000000000000002
2016-09,13,TVW2,0.6666666666666666,0.2
2016-09,13,TVW3,0.1,0.10469406353926536
2016-09,13,TVW3,0.25,0.34999999999999987
2016-09,13,TVW3,0.5,0.32752913321111365
2016-09,13,TVW3,0.75,0.21777680324962115
2016-09,13,TVW3,0.9,0.0
2016-10,1,TVW1,0.25,0.24725618383010362
2016-10,1,TVW1,0.5,0.4
2016-10,1,TVW1,0.75,0.3527438161698965
2016-10,1,TVW2,0.3333333333333333,0.3000000000000001
2016-10,1,TVW2,0.5,0.3
2016-10,1,TVW2,0.6666666666666666,0.4
2016-10,1,TVW3,0.1,0.03743124714629418
2016-10,1,TVW3,0.25,0.3499999999999999
2016-10,1,TVW3,0.5,0.29999999999999993
2016-10,1,TVW3,0.75,0.16256875285370592
2016-10,1,TVW3,0.9,0.14999999999999997
2016-10,2,TVW1,0.25,0.2
2016-10,2,TVW1,0.5,0.4
2016-10,2,TVW1,0.75,0.4
2016-10,2,TVW2,0.3333333333333333,0.2
2016-10,2,TVW2,0.5,0.5
2016-10,2,TVW2,0.6666666666666666,0.30000000000000016
2016-10,2,TVW3,0.1,3.633241584777108e-17
2016-10,2,TVW3,0.25,0.15000000000000005
2016-10,2,TVW3,0.5,0.49999999999999983
2016-10,2,TVW3,0.75,0.2694070927428217
2016-10,2,TVW3,0.9,0.08059290725717845
2016-10,3,TVW1,0.25,0.2
2016-10,3,TVW1,0.5,0.46140064361315225
2016-10,3,TVW1,0.75,0.3385993563868478
2016-10,3,TVW2,0.3333333333333333,0.19999999999999996
2016-10,3,TVW2,0.5,0.4066300682849804
2016-10,3,TVW2,0.6666666666666666,0.3933699317150195
2016-10,3,TVW3,0.1,5.792314225991972e-17
2016-10,3,TVW3,0.25,0.17226342354644358
2016-10,3,TVW3,0.5,0.5000000000000001
2016-10,3,TVW3,0.75,0.17773657645355614
2016-10,3,TVW3,0.9,0.15000000000000002
2016-10,4,TVW1,0.25,0.2
2016-10,4,TVW1,0.5,0.48464426493169516
2016-10,4,TVW1,0.75,0.3153557350683049
2016-10,4,TVW2,0.3333333333333333,0.20000000000000007
2016-10,4,TVW2,0.5,0.5
2016-10,4,TVW2,0.6666666666666666,0.3
2016-10,4,TVW3,0.1,1.348968176455041e-17
2016-10,4,TVW3,0.25,0.19999999999999998
2016-10,4,TVW3,0.5,0.49999999999999994
2016-10,4,TVW3,0.75,0.15
2016-10,4,TVW3,0.9,0.15
2016-10,5,TVW1,0.25,0.2
2016-10,5,TVW1,0.5,0.5102035745740744
2016-10,5,TVW1,0.75,0.28979642542592554
2016-10,5,TVW2,0.3333333333333333,0.2
2016-10,5,TVW2,0.5,0.4
2016-10,5,TVW2,0.6666666666666666,0.4
2016-10,5,TVW3,0.1,0.1186805101201712
2016-10,5,TVW3,0.25,0.1500000000000001
2016-10,5,TVW3,0.5,0.4313194898798288
2016-10,5,TVW3,0.75,0.15000000000000008
2016-10,5,TVW3,0.9,0.14999999999999994
2016-10,6,TVW1,0.25,0.2
2016-10,6,TVW1,0.5,0.4
2016-10,6,TVW1,0.75,0.39999999999999997
2016-10,6,TVW2,0.3333333333333333,0.20000000000000004
2016-10,6,TVW2,0.5,0.39999999999999997
2016-10,6,TVW2,0.6666666666666666,0.4000000000000001
2016-10,6,TVW3,0.1,0.08634591442166303
2016-10,6,TVW3,0.25,0.15
2016-10,6,TVW3,0.5,0.3000000000000001
2016-10,6,TVW3,0.75,0.35
2016-10,6,TVW3,0.9,0.11365408557833692
2016-10,7,TVW1,0.25,0.2
2016-10,7,TVW1,0.5,0.46103418881420305
2016-10,7,TVW1,0.75,0.338965811185797
2016-10,7,TVW2,0.3333333333333333,0.2
2016-10,7,TVW2,0.5,0.4
2016-10,7,TVW2,0.6666666666666666,0.4
2016-10,7,TVW3,0.1,3.682492820056394e-17
2016-10,7,TVW3,0.25,0.23184933362836682
2016-10,7,TVW3,0.5,0.49999999999999994
2016-10,7,TVW3,0.75,0.15000000000000005
2016-10,7,TVW3,0.9,0.11815066637163317
2016-10,8,TVW1,0.25,0.2
2016-10,8,TVW1,0.5,0.4
2016-10,8,TVW1,0.75,0.4
2016-10,8,TVW2,0.3333333333333333,0.4000000000000001
2016-10,8,TVW2,0.5,0.30000000000000004
2016-10,8,TVW2,0.6666666666666666,0.3
2016-10,8,TVW3,0.1,0.065551012131134
2016-10,8,TVW3,0.25,0.2178944244977541
2016-10,8,TVW3,0.5,0.30000000000000004
2016-10,8,TVW3,0.75,0.3499999999999999
2016-10,8,TVW3,0.9,0.06655456337111205
2016-10,9,TVW1,0.25,0.19999999999999996
2016-10,9,TVW1,0.5,0.5999999999999999
2016-10,9,TVW1,0.75,0.2000000000000001
2016-10,9,TVW2,0.3333333333333333,0.2
2016-10,9,TVW2,0.5,0.5
2016-10,9,TVW2,0.6666666666666666,0.3
2016-10,9,TVW3,0.1,0.0
2016-10,9,TVW3,0.25,0.2860225770167043
2016-10,9,TVW3,0.5,0.5000000000000001
2016-10,9,TVW3,0.75,0.16391996506925577
2016-10,9,TVW3,0.9,0.05005745791403996
2016-10,10,TVW1,0.25,0.2
2016-10,10,TVW1,0.5,0.4
2016-10,10,TVW1,0.75,0.4
2016-10,10,TVW2,0.3333333333333333,0.26339757243209966
2016-10,10,TVW2,0.5,0.3366024275679004
2016-10,10,TVW2,0.6666666666666666,0.4
2016-10,10,TVW3,0.1,0.15
2016-10,10,TVW3,0.25,0.15
2016-10,10,TVW3,0.5,0.3
2016-10,10,TVW3,0.75,0.2500000000000001
2016-10,10,TVW3,0.9,0.15
2016-10,11,TVW1,0.25,0.20950011583011902
2016-10,11,TVW1,0.5,0.5904998841698811
2016-10,11,TVW1,0.75,0.2
2016-10,11,TVW2,0.3333333333333333,0.2520881412654036
2016-10,11,TVW2,0.5,0.5000000000000001
2016-10,11,TVW2,0.6666666666666666,0.24791185873459642
2016-10,11,TVW3,0.1,0.02678415608295273
2016-10,11,TVW3,0.25,0.24811368532516145
2016-10,11,TVW3,0.5,0.5000000000000001
2016-10,11,TVW3,0.75,0.22510215859188576
2016-10,11,TVW3,0.9,3.3335547812848825e-18
2016-10,12,TVW1,0.25,0.3012056519652173
2016-10,12,TVW1,0.5,0.3999999999999999
2016-10,12,TVW1,0.75,0.2987943480347828
2016-10,12,TVW2,0.3333333333333333,0.29999999999999993
2016-10,12,TVW2,0.5,0.30000000000000004
2016-10,12,TVW2,0.6666666666666666,0.4
2016-10,12,TVW3,0.1,0.002431405513538509
2016-10,12,TVW3,0.25,0.3499999999999999
2016-10,12,TVW3,0.5,0.29999999999999993
2016-10,12,TVW3,0.75,0.34756859448646166
2016-10,12,TVW3,0.9,0.0
2016-10,13,TVW1,0.25,0.39117855665936224
2016-10,13,TVW1,0.5,0.4000000000000001
2016-10,13,TVW1,0.75,0.20882144334063768
2016-10,13,TVW2,0.3333333333333333,0.2634357999296358
2016-10,13,TVW2,0.5,0.4999999999999999
2016-10,13,TVW2,0.6666666666666666,0.23656420007036436
2016-10,13,TVW3,0.1,4.5997095668072034e-17
2016-10,13,TVW3,0.25,0.34999999999999987
2016-10,13,TVW3,0.5,0.4557558292491595
2016-10,13,TVW3,0.75,0.19424417075084055
2016-10,13,TVW3,0.9,0.0
2016-11,1,TVW1,0.25,0.2
2016-11,1,TVW1,0.5,0.4
2016-11,1,TVW1,0.75,0.4
2016-11,1,TVW2,0.3333333333333333,0.2
2016-11,1,TVW2,0.5,0.4
2016-11,1,TVW2,0.6666666666666666,0.4
2016-11,1,TVW3,0.1,1.559538989234542e-18
2016-11,1,TVW3,0.25,0.1631776747811253
2016-11,1,TVW3,0.5,0.43502657895636665
2016-11,1,TVW3,0.75,0.25179574626250817
2016-11,1,TVW3,0.9,0.15
2016-11,2,TVW1,0.25,0.20000000000000015
2016-11,2,TVW1,0.5,0.4
2016-11,2,TVW1,0.75,0.3999999999999999
2016-11,2,TVW2,0.3333333333333333,0.20000000000000007
2016-11,2,TVW2,0.5,0.4
2016-11,2,TVW2,0.6666666666666666,0.3999999999999999
2016-11,2,TVW3,0.1,0.0
2016-11,2,TVW3,0.25,0.15
2016-11,2,TVW3,0.5,0.3500000000000001
2016-11,2,TVW3,0.75,0.3499999999999999
2016-11,2,TVW3,0.9,0.14999999999999997
2016-11,3,TVW1,0.25,0.20000000000000004
2016-11,3,TVW1,0.5,0.4
2016-11,3,TVW1,0.75,0.39999999999999997
2016-11,3,TVW2,0.3333333333333333,0.2
2016-11,3,TVW2,0.5,0.40000000000000013
2016-11,3,TVW2,0.6666666666666666,0.4
2016-11,3,TVW3,0.1,1.5792116549821368e-18
2016-11,3,TVW3,0.25,0.15000000000000002
2016-11,3,TVW3,0.5,0.3499999999999999
2016-11,3,TVW3,0.75,0.35000000000000003
2016-11,3,TVW3,0.9,0.15000000000000002
2016-11,4,TVW1,0.25,0.2
2016-11,4,TVW1,0.5,0.4000000000000001
2016-11,4,TVW1,0.75,0.4
2016-11,4,TVW2,0.3333333333333333,0.2
2016-11,4,TVW2,0.5,0.4000000000000001
2016-11,4,TVW2,0.6666666666666666,0.4
2016-11,4,TVW3,0.1,2.097539945936344e-17
2016-11,4,TVW3,0.25,0.15
2016-11,4,TVW3,0.5,0.35000000000000003
2016-11,4,TVW3,0.75,0.35
2016-11,4,TVW3,0.9,0.15
2016-11,5,TVW1,0.25,0.2
2016-11,5,TVW1,0.5,0.4
2016-11,5,TVW1,0.75,0.4
2016-11,5,TVW2,0.3333333333333333,0.2
2016-11,5,TVW2,0.5,0.4000000000000001
2016-11,5,TVW2,0.6666666666666666,0.4
2016-11,5,TVW3,0.1,6.3308173190478286e-18
2016-11,5,TVW3,0.25,0.15
2016-11,5,TVW3,0.5,0.39028864512492567
2016-11,5,TVW3,0.75,0.30971135487507434
2016-11,5,TVW3,0.9,0.15
2016-11,6,TVW1,0.25,0.2
2016-11,6,TVW1,0.5,0.4
2016-11,6,TVW1,0.75,0.39999999999999997
2016-11,6,TVW2,0.3333333333333333,0.2
2016-11,6,TVW2,0.5,0.4
2016-11,6,TVW2,0.6666666666666666,0.4
2016-11,6,TVW3,0.1,0.0
2016-11,6,TVW3,0.25,0.14999999999999997
2016-11,6,TVW3,0.5,0.35000000000000014
2016-11,6,TVW3,0.75,0.3499999999999999
2016-11,6,TVW3,0.9,0.14999999999999997
2016-11,7,TVW1,0.25,0.20000000000000004
2016-11,7,TVW1,0.5,0.4
2016-11,7,TVW1,0.75,0.4
2016-11,7,TVW2,0.3333333333333333,0.20000000000000004
2016-11,7,TVW2,0.5,0.3999999999999999
2016-11,7,TVW2,0.6666666666666666,0.4000000000000001
2016-11,7,TVW3,0.1,0.0
2016-11,7,TVW3,0.25,0.15000000000000005
2016-11,7,TVW3,0.5,0.35000000000000003
2016-11,7,TVW3,0.75,0.35
2016-11,7,TVW3,0.9,0.15
2016-11,8,TVW1,0.25,0.2
2016-11,8,TVW1,0.5,0.4
2016-11,8,TVW1,0.75,0.4
2016-11,8,TVW2,0.3333333333333333,0.2
2016-11,8,TVW2,0.5,0.4000000000000001
2016-11,8,TVW2,0.6666666666666666,0.4
2016-11,8,TVW3,0.1,0.0
2016-11,8,TVW3,0.25,0.15000000000000005
2016-11,8,TVW3,0.5,0.35000000000000014
2016-11,8,TVW3,0.75,0.3499999999999999
2016-11,8,TVW3,0.9,0.15
2016-11,9,TVW1,0.25,0.2
2016-11,9,TVW1,0.5,0.4
2016-11,9,TVW1,0.75,0.3999999999999999
2016-11,9,TVW2,0.3333333333333333,0.2601414672793503
2016-11,9,TVW2,0.5,0.33985853272064975
2016-11,9,TVW2,0.6666666666666666,0.4
2016-11,9,TVW3,0.1,1.9949659793067797e-17
2016-11,9,TVW3,0.25,0.15
2016-11,9,TVW3,0.5,0.5
2016-11,9,TVW3,0.75,0.30384941005186755
2016-11,9,TVW3,0.9,0.046150589948132446
2016-11,10,TVW1,0.25,0.2
2016-11,10,TVW1,0.5,0.4
2016-11,10,TVW1,0.75,0.4
2016-11,10,TVW2,0.3333333333333333,0.2
2016-11,10,TVW2,0.5,0.4000000000000001
2016-11,10,TVW2,0.6666666666666666,0.39999999999999997
2016-11,10,TVW3,0.1,5.949672250179372e-18
2016-11,10,TVW3,0.25,0.15
2016-11,10,TVW3,0.5,0.3803198262878791
2016-11,10,TVW3,0.75,0.3196801737121209
2016-11,10,TVW3,0.9,0.14999999999999997
2016-11,11,TVW1,0.25,0.2
2016-11,11,TVW1,0.5,0.4
2016-11,11,TVW1,0.75,0.4
2016-11,11,TVW2,0.3333333333333333,0.20000000000000007
2016-11,11,TVW2,0.5,0.4
2016-11,11,TVW2,0.6666666666666666,0.39999999999999997
2016-11,11,TVW3,0.1,0.0
2016-11,11,TVW3,0.25,0.15
2016-11,11,TVW3,0.5,0.45491388098840596
2016-11,11,TVW3,0.75,0.35
2016-11,11,TVW3,0.9,0.04508611901159413
2016-11,12,TVW1,0.25,0.2
2016-11,12,TVW1,0.5,0.4
2016-11,12,TVW1,0.75,0.4
2016-11,12,TVW2,0.3333333333333333,0.2
2016-11,12,TVW2,0.5,0.40000000000000013
2016-11,12,TVW2,0.6666666666666666,0.39999999999999997
2016-11,12,TVW3,0.1,4.270640193777216e-18
2016-11,12,TVW3,0.25,0.15
2016-11,12,TVW3,0.5,0.4145544553132058
2016-11,12,TVW3,0.75,0.35
2016-11,12,TVW3,0.9,0.08544554468679427
2016-11,13,TVW1,0.25,0.2268827917984145
2016-11,13,TVW1,0.5,0.4
2016-11,13,TVW1,0.75,0.37311720820158545
2016-11,13,TVW2,0.3333333333333333,0.3
2016-11,13,TVW2,0.5,0.3
2016-11,13,TVW2,0.6666666666666666,0.4
2016-11,13,TVW3,0.1,7.167824979606515e-17
2016-11,13,TVW3,0.25,0.2528943217639075
2016-11,13,TVW3,0.5,0.3971056782360924
2016-11,13,TVW3,0.75,0.35000000000000003
2016-11,13,TVW3,0.9,1.1249732756685071e-17
2016-12,1,TVW1,0.25,0.20000000000000004
2016-12,1,TVW1,0.5,0.4
2016-12,1,TVW1,0.75,0.4
2016-12,1,TVW2,0.3333333333333333,0.2
2016-12,1,TVW2,0.5,0.39999999999999997
2016-12,1,TVW2,0.6666666666666666,0.4
2016-12,1,TVW3,0.1,5.5294310796760726e-17
2016-12,1,TVW3,0.25,0.19999999999999987
2016-12,1,TVW3,0.5,0.30000000000000004
2016-12,1,TVW3,0.75,0.35
2016-12,1,TVW3,0.9,0.15
2016-12,2,TVW1,0.25,0.2
2016-12,2,TVW1,0.5,0.4
2016-12,2,TVW1,0.75,0.4
2016-12,2,TVW2,0.3333333333333333,0.19999999999999996
2016-12,2,TVW2,0.5,0.4000000000000001
2016-12,2,TVW2,0.6666666666666666,0.3999999999999999
2016-12,2,TVW3,0.1,0.0
2016-12,2,TVW3,0.25,0.15
2016-12,2,TVW3,0.5,0.35000000000000003
2016-12,2,TVW3,0.75,0.35
2016-12,2,TVW3,0.9,0.15
2016-12,3,TVW1,0.25,0.20000000000000004
2016-12,3,TVW1,0.5,0.4
2016-12,3,TVW1,0.75,0.4
2016-12,3,TVW2,0.3333333333333333,0.2
2016-12,3,TVW2,0.5,0.40000000000000013
2016-12,3,TVW2,0.6666666666666666,0.39999999999999997
2016-12,3,TVW3,0.1,0.0
2016-12,3,TVW3,0.25,0.15
2016-12,3,TVW3,0.5,0.35000000000000014
2016-12,3,TVW3,0.75,0.35
2016-12,3,TVW3,0.9,0.15
2016-12,4,TVW1,0.25,0.20000000000000007
2016-12,4,TVW1,0.5,0.4
2016-12,4,TVW1,0.75,0.39999999999999986
2016-12,4,TVW2,0.3333333333333333,0.20000000000000004
2016-12,4,TVW2,0.5,0.4000000000000001
2016-12,4,TVW2,0.6666666666666666,0.4
2016-12,4,TVW3,0.1,2.0386915744924395e-17
2016-12,4,TVW3,0.25,0.15000000000000002
2016-12,4,TVW3,0.5,0.35
2016-12,4,TVW3,0.75,0.35
2016-12,4,TVW3,0.9,0.15
2016-12,5,TVW1,0.25,0.2
2016-12,5,TVW1,0.5,0.4
2016-12,5,TVW1,0.75,0.4
2016-12,5,TVW2,0.3333333333333333,0.2
2016-12,5,TVW2,0.5,0.4000000000000001
2016-12,5,TVW2,0.6666666666666666,0.4
2016-12,5,TVW3,0.1,0.0
2016-12,5,TVW3,0.25,0.15
2016-12,5,TVW3,0.5,0.35000000000000014
2016-12,5,TVW3,0.75,0.35
2016-12,5,TVW3,0.9,0.15
2016-12,6,TVW1,0.25,0.20000000000000007
2016-12,6,TVW1,0.5,0.40000000000000013
2016-12,6,TVW1,0.75,0.39999999999999986
2016-12,6,TVW2,0.3333333333333333,0.2000000000000002
2016-12,6,TVW2,0.5,0.4000000000000002
2016-12,6,TVW2,0.6666666666666666,0.3999999999999997
2016-12,6,TVW3,0.1,0.0
2016-12,6,TVW3,0.25,0.15
2016-12,6,TVW3,0.5,0.3500000000000003
2016-12,6,TVW3,0.75,0.3499999999999998
2016-12,6,TVW3,0.9,0.15
2016-12,7,TVW1,0.25,0.20000000000000012
2016-12,7,TVW1,0.5,0.4
2016-12,7,TVW1,0.75,0.4
2016-12,7,TVW2,0.3333333333333333,0.2
2016-12,7,TVW2,0.5,0.4
2016-12,7,TVW2,0.6666666666666666,0.4
2016-12,7,TVW3,0.1,0.0
2016-12,7,TVW3,0.25,0.15000000000000002
2016-12,7,TVW3,0.5,0.35
2016-12,7,TVW3,0.75,0.35000000000000003
2016-12,7,TVW3,0.9,0.15000000000000002
2016-12,8,TVW1,0.25,0.2
2016-12,8,TVW1,0.5,0.4
2016-12,8,TVW1,0.75,0.4
2016-12,8,TVW2,0.3333333333333333,0.20000000000000004
2016-12,8,TVW2,0.5,0.4
2016-12,8,TVW2,0.6666666666666666,0.4
2016-12,8,TVW3,0.1,0.0
2016-12,8,TVW3,0.25,0.15000000000000008
2016-12,8,TVW3,0.5,0.3500000000000001
2016-12,8,TVW3,0.75,0.3499999999999999
2016-12,8,TVW3,0.9,0.15
2016-12,9,TVW1,0.25,0.2
2016-12,9,TVW1,0.5,0.4
2016-12,9,TVW1,0.75,0.4
2016-12,9,TVW2,0.3333333333333333,0.20000000000000007
2016-12,9,TVW2,0.5,0.39999999999999997
2016-12,9,TVW2,0.6666666666666666,0.4
2016-12,9,TVW3,0.1,0.0
2016-12,9,TVW3,0.25,0.15000000000000002
2016-12,9,TVW3,0.5,0.3882752759976369
2016-12,9,TVW3,0.75,0.35000000000000003
2016-12,9,TVW3,0.9,0.1117247240023631
2016-12,10,TVW1,0.25,0.2
2016-12,10,TVW1,0.5,0.4
2016-12,10,TVW1,0.75,0.4
2016-12,10,TVW2,0.3333333333333333,0.2
2016-12,10,TVW2,0.5,0.39999999999999997
2016-12,10,TVW2,0.6666666666666666,0.39999999999999997
2016-12,10,TVW3,0.1,0.0
2016-12,10,TVW3,0.25,0.15000000000000002
2016-12,10,TVW3,0.5,0.35000000000000003
2016-12,10,TVW3,0.75,0.35
2016-12,10,TVW3,0.9,0.15000000000000002
2016-12,11,TVW1,0.25,0.2
2016-12,11,TVW1,0.5,0.4
2016-12,11,TVW1,0.75,0.4
2016-12,11,TVW2,0.3333333333333333,0.20000000000000007
2016-12,11,TVW2,0.5,0.4
2016-12,11,TVW2,0.6666666666666666,0.39999999999999997
2016-12,11,TVW3,0.1,2.0972246903570158e-19
2016-12,11,TVW3,0.25,0.2010568512280899
2016-12,11,TVW3,0.5,0.33478962975787296
2016-12,11,TVW3,0.75,0.35
2016-12,11,TVW3,0.9,0.11415351901403722
2016-12,12,TVW1,0.25,0.2
2016-12,12,TVW1,0.5,0.4
2016-12,12,TVW1,0.75,0.4
2016-12,12,TVW2,0.3333333333333333,0.2
2016-12,12,TVW2,0.5,0.4
2016-12,12,TVW2,0.6666666666666666,0.4
2016-12,12,TVW3,0.1,1.9701548830678715e-19
2016-12,12,TVW3,0.25,0.15
2016-12,12,TVW3,0.5,0.35000000000000003
2016-12,12,TVW3,0.75,0.35
2016-12,12,TVW3,0.9,0.15
2016-12,13,TVW1,0.25,0.2
2016-12,13,TVW1,0.5,0.4
2016-12,13,TVW1,0.75,0.4
2016-12,13,TVW2,0.3333333333333333,0.2
2016-12,13,TVW2,0.5,0.4000000000000001
2016-12,13,TVW2,0.6666666666666666,0.4
2016-12,13,TVW3,0.1,0.0
2016-12,13,TVW3,0.25,0.14999999999999997
2016-12,13,TVW3,0.5,0.49993506141122623
2016-12,13,TVW3,0.75,0.3499999999999999
2016-12,13,TVW3,0.9,6.493858877378715e-05
2017-01,1,TVW1,0.25,0.2
2017-01,1,TVW1,0.5,0.4
2017-01,1,TVW1,0.75,0.4
2017-01,1,TVW2,0.3333333333333333,0.2
2017-01,1,TVW2,0.5,0.4000000000000001
2017-01,1,TVW2,0.6666666666666666,0.4
2017-01,1,TVW3,0.1,0.0
2017-01,1,TVW3,0.25,0.18753259685366003
2017-01,1,TVW3,0.5,0.5
2017-01,1,TVW3,0.75,0.16246740314633995
2017-01,1,TVW3,0.9,0.15
2017-01,2,TVW1,0.25,0.2
2017-01,2,TVW1,0.5,0.40000000000000013
2017-01,2,TVW1,0.75,0.39999999999999997
2017-01,2,TVW2,0.3333333333333333,0.2000000000000001
2017-01,2,TVW2,0.5,0.39999999999999997
2017-01,2,TVW2,0.6666666666666666,0.4000000000000001
2017-01,2,TVW3,0.1,0.0
2017-01,2,TVW3,0.25,0.15
2017-01,2,TVW3,0.5,0.35000000000000003
2017-01,2,TVW3,0.75,0.35
2017-01,2,TVW3,0.9,0.15
2017-01,3,TVW1,0.25,0.20000000000000012
2017-01,3,TVW1,0.5,0.4
2017-01,3,TVW1,0.75,0.3999999999999999
2017-01,3,TVW2,0.3333333333333333,0.2
2017-01,3,TVW2,0.5,0.40000000000000013
2017-01,3,TVW2,0.6666666666666666,0.3999999999999999
2017-01,3,TVW3,0.1,0.0
2017-01,3,TVW3,0.25,0.15
2017-01,3,TVW3,0.5,0.35
2017-01,3,TVW3,0.75,0.35
2017-01,3,TVW3,0.9,0.15
2017-01,4,TVW1,0.25,0.2
2017-01,4,TVW1,0.5,0.4
2017-01,4,TVW1,0.75,0.4
2017-01,4,TVW2,0.3333333333333333,0.19999999999999998
2017-01,4,TVW2,0.5,0.4
2017-01,4,TVW2,0.6666666666666666,0.39999999999999986
2017-01,4,TVW3,0.1,0.0
2017-01,4,TVW3,0.25,0.15000000000000005
2017-01,4,TVW3,0.5,0.35
2017-01,4,TVW3,0.75,0.35
2017-01,4,TVW3,0.9,0.15
2017-01,5,TVW1,0.25,0.2000000000000001
2017-01,5,TVW1,0.5,0.4
2017-01,5,TVW1,0.75,0.3999999999999999
2017-01,5,TVW2,0.3333333333333333,0.20000000000000004
2017-01,5,TVW2,0.5,0.4
2017-01,5,TVW2,0.6666666666666666,0.4
2017-01,5,TVW3,0.1,1.1696322942762827e-17
2017-01,5,TVW3,0.25,0.15000000000000002
2017-01,5,TVW3,0.5,0.35000000000000003
2017-01,5,TVW3,0.75,0.35
2017-01,5,TVW3,0.9,0.15
2017-01,6,TVW1,0.25,0.2
2017-01,6,TVW1,0.5,0.4000000000000001
2017-01,6,TVW1,0.75,0.4
2017-01,6,TVW2,0.3333333333333333,0.20000000000000007
2017-01,6,TVW2,0.5,0.4000000000000001
2017-01,6,TVW2,0.6666666666666666,0.39999999999999997
2017-01,6,TVW3,0.1,0.0
2017-01,6,TVW3,0.25,0.15
2017-01,6,TVW3,0.5,0.3500000000000002
2017-01,6,TVW3,0.75,0.34999999999999987
2017-01,6,TVW3,0.9,0.15
2017-01,7,TVW1,0.25,0.20000000000000004
2017-01,7,TVW1,0.5,0.4
2017-01,7,TVW1,0.75,0.4
2017-01,7,TVW2,0.3333333333333333,0.20000000000000004
2017-01,7,TVW2,0.5,0.39999999999999997
2017-01,7,TVW2,0.6666666666666666,0.4000000000000001
2017-01,7,TVW3,0.1,0.0
2017-01,7,TVW3,0.25,0.15000000000000005
2017-01,7,TVW3,0.5,0.35000000000000003
2017-01,7,TVW3,0.75,0.3499999999999999
2017-01,7,TVW3,0.9,0.14999999999999994
2017-01,8,TVW1,0.25,0.2
2017-01,8,TVW1,0.5,0.4000000000000001
2017-01,8,TVW1,0.75,0.4
2017-01,8,TVW2,0.3333333333333333,0.20000000000000023
2017-01,8,TVW2,0.5,0.39999999999999986
2017-01,8,TVW2,0.6666666666666666,0.3999999999999998
2017-01,8,TVW3,0.1,1.0945124564816192e-17
2017-01,8,TVW3,0.25,0.15
2017-01,8,TVW3,0.5,0.35000000000000003
2017-01,8,TVW3,0.75,0.35
2017-01,8,TVW3,0.9,0.15
2017-01,9,TVW1,0.25,0.2
2017-01,9,TVW1,0.5,0.4
2017-01,9,TVW1,0.75,0.39999999999999997
2017-01,9,TVW2,0.3333333333333333,0.20000000000000004
2017-01,9,TVW2,0.5,0.4
2017-01,9,TVW2,0.6666666666666666,0.39999999999999997
2017-01,9,TVW3,0.1,5.437127660008074e-17
2017-01,9,TVW3,0.25,0.15
2017-01,9,TVW3,0.5,0.49999999999999994
2017-01,9,TVW3,0.75,0.20000000000000012
2017-01,9,TVW3,0.9,0.14999999999999997
2017-01,10,TVW1,0.25,0.2
2017-01,10,TVW1,0.5,0.4
2017-01,10,TVW1,0.75,0.4
2017-01,10,TVW2,0.3333333333333333,0.20000000000000007
2017-01,10,TVW2,0.5,0.4000000000000001
2017-01,10,TVW2,0.6666666666666666,0.4
2017-01,10,TVW3,0.1,1.3097489441401567e-17
2017-01,10,TVW3,0.25,0.15
2017-01,10,TVW3,0.5,0.3500000000000001
2017-01,10,TVW3,0.75,0.3499999999999999
2017-01,10,TVW3,0.9,0.15
2017-01,11,TVW1,0.25,0.20000000000000004
2017-01,11,TVW1,0.5,0.4
2017-01,11,TVW1,0.75,0.39999999999999997
2017-01,11,TVW2,0.3333333333333333,0.2
2017-01,11,TVW2,0.5,0.39999999999999997
2017-01,11,TVW2,0.6666666666666666,0.4
2017-01,11,TVW3,0.1,0.0
2017-01,11,TVW3,0.25,0.15000000000000002
2017-01,11,TVW3,0.5,0.35000000000000003
2017-01,11,TVW3,0.75,0.35
2017-01,11,TVW3,0.9,0.15
2017-01,12,TVW1,0.25,0.20000000000000012
2017-01,12,TVW1,0.5,0.4
2017-01,12,TVW1,0.75,0.4
2017-01,12,TVW2,0.3333333333333333,0.2
2017-01,12,TVW2,0.5,0.39999999999999997
2017-01,12,TVW2,0.6666666666666666,0.4
2017-01,12,TVW3,0.1,5.011588529064322e-18
2017-01,12,TVW3,0.25,0.15
2017-01,12,TVW3,0.5,0.35
2017-01,12,TVW3,0.75,0.35
2017-01,12,TVW3,0.9,0.14999999999999997
2017-01,13,TVW1,0.25,0.2
2017-01,13,TVW1,0.5,0.4
2017-01,13,TVW1,0.75,0.4
2017-01,13,TVW2,0.3333333333333333,0.2
2017-01,13,TVW2,0.5,0.40000000000000013
2017-01,13,TVW2,0.6666666666666666,0.4
2017-01,13,TVW3,0.1,1.7919989149500422e-18
2017-01,13,TVW3,0.25,0.15
2017-01,13,TVW3,0.5,0.43526019881437894
2017-01,13,TVW3,0.75,0.35
2017-01,13,TVW3,0.9,0.06473980118562113
2017-02,1,TVW1,0.25,0.2
2017-02,1,TVW1,0.5,0.4
2017-02,1,TVW1,0.75,0.3999999999999999
2017-02,1,TVW2,0.3333333333333333,0.2
2017-02,1,TVW2,0.5,0.4000000000000001
2017-02,1,TVW2,0.6666666666666666,0.4
2017-02,1,TVW3,0.1,0.0
2017-02,1,TVW3,0.25,0.31482592139519083
2017-02,1,TVW3,0.5,0.29999999999999993
2017-02,1,TVW3,0.75,0.2351740786048093
2017-02,1,TVW3,0.9,0.14999999999999997
2017-02,2,TVW1,0.25,0.20000000000000004
2017-02,2,TVW1,0.5,0.4
2017-02,2,TVW1,0.75,0.4
2017-02,2,TVW2,0.3333333333333333,0.2
2017-02,2,TVW2,0.5,0.4
2017-02,2,TVW2,0.6666666666666666,0.39999999999999986
2017-02,2,TVW3,0.1,2.960366580160212e-17
2017-02,2,TVW3,0.25,0.15
2017-02,2,TVW3,0.5,0.3500000000000001
2017-02,2,TVW3,0.75,0.34999999999999987
2017-02,2,TVW3,0.9,0.15
2017-02,3,TVW1,0.25,0.20000000000000004
2017-02,3,TVW1,0.5,0.4
2017-02,3,TVW1,0.75,0.4
2017-02,3,TVW2,0.3333333333333333,0.2
2017-02,3,TVW2,0.5,0.40000000000000013
2017-02,3,TVW2,0.6666666666666666,0.39999999999999997
2017-02,3,TVW3,0.1,0.0
2017-02,3,TVW3,0.25,0.15
2017-02,3,TVW3,0.5,0.35000000000000014
2017-02,3,TVW3,0.75,0.3499999999999999
2017-02,3,TVW3,0.9,0.15
2017-02,4,TVW1,0.25,0.2000000000000002
2017-02,4,TVW1,0.5,0.4
2017-02,4,TVW1,0.75,0.39999999999999986
2017-02,4,TVW2,0.3333333333333333,0.2
2017-02,4,TVW2,0.5,0.4
2017-02,4,TVW2,0.6666666666666666,0.4
2017-02,4,TVW3,0.1,1.861323169879847e-17
2017-02,4,TVW3,0.25,0.15000000000000002
2017-02,4,TVW3,0.5,0.3499999999999999
2017-02,4,TVW3,0.75,0.35000000000000003
2017-02,4,TVW3,0.9,0.15000000000000002
2017-02,5,TVW1,0.25,0.2
2017-02,5,TVW1,0.5,0.4
2017-02,5,TVW1,0.75,0.4
2017-02,5,TVW2,0.3333333333333333,0.20000000000000018
2017-02,5,TVW2,0.5,0.39999999999999986
2017-02,5,TVW2,0.6666666666666666,0.4
2017-02,5,TVW3,0.1,0.0
2017-02,5,TVW3,0.25,0.14999999999999997
2017-02,5,TVW3,0.5,0.35000000000000014
2017-02,5,TVW3,0.75,0.3499999999999999
2017-02,5,TVW3,0.9,0.14999999999999997
2017-02,6,TVW1,0.25,0.2
2017-02,6,TVW1,0.5,0.40000000000000013
2017-02,6,TVW1,0.75,0.3999999999999999
2017-02,6,TVW2,0.3333333333333333,0.2
2017-02,6,TVW2,0.5,0.4000000000000001
2017-02,6,TVW2,0.6666666666666666,0.4
2017-02,6,TVW3,0.1,1.1631869692193511e-17
2017-02,6,TVW3,0.25,0.15000000000000005
2017-02,6,TVW3,0.5,0.3500000000000001
2017-02,6,TVW3,0.75,0.35
2017-02,6,TVW3,0.9,0.15000000000000002
2017-02,7,TVW1,0.25,0.2
2017-02,7,TVW1,0.5,0.4
2017-02,7,TVW1,0.75,0.4
2017-02,7,TVW2,0.3333333333333333,0.2
2017-02,7,TVW2,0.5,0.4
2017-02,7,TVW2,0.6666666666666666,0.4
2017-02,7,TVW3,0.1,1.5078207372481293e-17
2017-02,7,TVW3,0.25,0.15
2017-02,7,TVW3,0.5,0.35000000000000003
2017-02,7,TVW3,0.75,0.35
2017-02,7,TVW3,0.9,0.14999999999999997
2017-02,8,TVW1,0.25,0.2
2017-02,8,TVW1,0.5,0.4000000000000001
2017-02,8,TVW1,0.75,0.4
2017-02,8,TVW2,0.3333333333333333,0.2
2017-02,8,TVW2,0.5,0.4
2017-02,8,TVW2,0.6666666666666666,0.4
2017-02,8,TVW3,0.1,3.657894193486496e-17
2017-02,8,TVW3,0.25,0.15000000000000002
2017-02,8,TVW3,0.5,0.35000000000000003
2017-02,8,TVW3,0.75,0.3499999999999999
2017-02,8,TVW3,0.9,0.14999999999999997
2017-02,9,TVW1,0.25,0.20000000000000004
2017-02,9,TVW1,0.5,0.4
2017-02,9,TVW1,0.75,0.39999999999999997
2017-02,9,TVW2,0.3333333333333333,0.2
2017-02,9,TVW2,0.5,0.4000000000000001
2017-02,9,TVW2,0.6666666666666666,0.4
2017-02,9,TVW3,0.1,1.4946696054011763e-18
2017-02,9,TVW3,0.25,0.1500000000000001
2017-02,9,TVW3,0.5,0.4848531104045075
2017-02,9,TVW3,0.75,0.2151468895954923
2017-02,9,TVW3,0.9,0.15
2017-02,10,TVW1,0.25,0.20000000000000007
2017-02,10,TVW1,0.5,0.4
2017-02,10,TVW1,0.75,0.39999999999999997
2017-02,10,TVW2,0.3333333333333333,0.20000000000000007
2017-02,10,TVW2,0.5,0.4000000000000001
2017-02,10,TVW2,0.6666666666666666,0.4
2017-02,10,TVW3,0.1,1.288119705401657e-17
2017-02,10,TVW3,0.25,0.15000000000000005
2017-02,10,TVW3,0.5,0.35000000000000003
2017-02,10,TVW3,0.75,0.35
2017-02,10,TVW3,0.9,0.15000000000000002
2017-02,11,TVW1,0.25,0.2
2017-02,11,TVW1,0.5,0.4
2017-02,11,TVW1,0.75,0.4
2017-02,11,TVW2,0.3333333333333333,0.2000000000000001
2017-02,11,TVW2,0.5,0.40000000000000013
2017-02,11,TVW2,0.6666666666666666,0.39999999999999986
2017-02,11,TVW3,0.1,0.0
2017-02,11,TVW3,0.25,0.15
2017-02,11,TVW3,0.5,0.35
2017-02,11,TVW3,0.75,0.35
2017-02,11,TVW3,0.9,0.14999999999999997
2017-02,12,TVW1,0.25,0.20000000000000015
2017-02,12,TVW1,0.5,0.4
2017-02,12,TVW1,0.75,0.39999999999999986
2017-02,12,TVW2,0.3333333333333333,0.20000000000000004
2017-02,12,TVW2,0.5,0.39999999999999997
2017-02,12,TVW2,0.6666666666666666,0.39999999999999986
2017-02,12,TVW3,0.1,0.0
2017-02,12,TVW3,0.25,0.15
2017-02,12,TVW3,0.5,0.35000000000000003
2017-02,12,TVW3,0.75,0.35
2017-02,12,TVW3,0.9,0.15
2017-02,13,TVW1,0.25,0.2
2017-02,13,TVW1,0.5,0.4
2017-02,13,TVW1,0.75,0.4
2017-02,13,TVW2,0.3333333333333333,0.20000000000000007
2017-02,13,TVW2,0.5,0.3999999999999999
2017-02,13,TVW2,0.6666666666666666,0.4
2017-02,13,TVW3,0.1,0.0
2017-02,13,TVW3,0.25,0.15
2017-02,13,TVW3,0.5,0.3529433028750355
2017-02,13,TVW3,0.75,0.35
2017-02,13,TVW3,0.9,0.14705669712496458
2017-03,1,TVW1,0.25,0.2
2017-03,1,TVW1,0.5,0.4747951390330688
2017-03,1,TVW1,0.75,0.3252048609669312
2017-03,1,TVW2,0.3333333333333333,0.2
2017-03,1,TVW2,0.5,0.39999999999999997
2017-03,1,TVW2,0.6666666666666666,0.4
2017-03,1,TVW3,0.1,0.0
2017-03,1,TVW3,0.25,0.18958512357212648
2017-03,1,TVW3,0.5,0.4927563852419837
2017-03,1,TVW3,0.75,0.3176584911858897
2017-03,1,TVW3,0.9,2.2170571129485124e-16
2017-03,2,TVW1,0.25,0.2
2017-03,2,TVW1,0.5,0.4
2017-03,2,TVW1,0.75,0.4
2017-03,2,TVW2,0.3333333333333333,0.2
2017-03,2,TVW2,0.5,0.40000000000000013
2017-03,2,TVW2,0.6666666666666666,0.3999999999999999
2017-03,2,TVW3,0.1,0.0
2017-03,2,TVW3,0.25,0.15
2017-03,2,TVW3,0.5,0.35000000000000003
2017-03,2,TVW3,0.75,0.35
2017-03,2,TVW3,0.9,0.15
2017-03,3,TVW1,0.25,0.20000000000000004
2017-03,3,TVW1,0.5,0.4
2017-03,3,TVW1,0.75,0.4
2017-03,3,TVW2,0.3333333333333333,0.2
2017-03,3,TVW2,0.5,0.4000000000000001
2017-03,3,TVW2,0.6666666666666666,0.4
2017-03,3,TVW3,0.1,0.0
2017-03,3,TVW3,0.25,0.15
2017-03,3,TVW3,0.5,0.3500000000000001
2017-03,3,TVW3,0.75,0.35
2017-03,3,TVW3,0.9,0.15
2017-03,4,TVW1,0.25,0.20000000000000004
2017-03,4,TVW1,0.5,0.4
2017-03,4,TVW1,0.75,0.4
2017-03,4,TVW2,0.3333333333333333,0.2
2017-03,4,TVW2,0.5,0.4000000000000001
2017-03,4,TVW2,0.6666666666666666,0.4
2017-03,4,TVW3,0.1,0.0
2017-03,4,TVW3,0.25,0.15
2017-03,4,TVW3,0.5,0.35000000000000003
2017-03,4,TVW3,0.75,0.35
2017-03,4,TVW3,0.9,0.15
2017-03,5,TVW1,0.25,0.2
2017-03,5,TVW1,0.5,0.4
2017-03,5,TVW1,0.75,0.39999999999999997
2017-03,5,TVW2,0.3333333333333333,0.20000000000000004
2017-03,5,TVW2,0.5,0.39999999999999986
2017-03,5,TVW2,0.6666666666666666,0.4000000000000001
2017-03,5,TVW3,0.1,2.4117626216309637e-17
2017-03,5,TVW3,0.25,0.15000000000000005
2017-03,5,TVW3,0.5,0.3499999999999999
2017-03,5,TVW3,0.75,0.35
2017-03,5,TVW3,0.9,0.14999999999999997
2017-03,6,TVW1,0.25,0.2
2017-03,6,TVW1,0.5,0.4000000000000001
2017-03,6,TVW1,0.75,0.4
2017-03,6,TVW2,0.3333333333333333,0.2
2017-03,6,TVW2,0.5,0.4
2017-03,6,TVW2,0.6666666666666666,0.4
2017-03,6,TVW3,0.1,0.0
2017-03,6,TVW3,0.25,0.15
2017-03,6,TVW3,0.5,0.35000000000000014
2017-03,6,TVW3,0.75,0.35
2017-03,6,TVW3,0.9,0.15
2017-03,7,TVW1,0.25,0.20000000000000004
2017-03,7,TVW1,0.5,0.4
2017-03,7,TVW1,0.75,0.4
2017-03,7,TVW2,0.3333333333333333,0.2
2017-03,7,TVW2,0.5,0.39999999999999997
2017-03,7,TVW2,0.6666666666666666,0.4
2017-03,7,TVW3,0.1,0.0
2017-03,7,TVW3,0.25,0.15
2017-03,7,TVW3,0.5,0.35000000000000014
2017-03,7,TVW3,0.75,0.35
2017-03,7,TVW3,0.9,0.15
2017-03,8,TVW1,0.25,0.20000000000000004
2017-03,8,TVW1,0.5,0.4
2017-03,8,TVW1,0.75,0.4
2017-03,8,TVW2,0.3333333333333333,0.20000000000000004
2017-03,8,TVW2,0.5,0.39999999999999986
2017-03,8,TVW2,0.6666666666666666,0.4000000000000001
2017-03,8,TVW3,0.1,0.0
2017-03,8,TVW3,0.25,0.15
2017-03,8,TVW3,0.5,0.3500000000000001
2017-03,8,TVW3,0.75,0.35
2017-03,8,TVW3,0.9,0.15
2017-03,9,TVW1,0.25,0.2
2017-03,9,TVW1,0.5,0.4000000000000001
2017-03,9,TVW1,0.75,0.3999999999999999
2017-03,9,TVW2,0.3333333333333333,0.20000000000000004
2017-03,9,TVW2,0.5,0.3999999999999999
2017-03,9,TVW2,0.6666666666666666,0.4000000000000001
2017-03,9,TVW3,0.1,1.9983005427174907e-18
2017-03,9,TVW3,0.25,0.15
2017-03,9,TVW3,0.5,0.5
2017-03,9,TVW3,0.75,0.2
2017-03,9,TVW3,0.9,0.15
2017-03,10,TVW1,0.25,0.2
2017-03,10,TVW1,0.5,0.4
2017-03,10,TVW1,0.75,0.4
2017-03,10,TVW2,0.3333333333333333,0.2
2017-03,10,TVW2,0.5,0.4
2017-03,10,TVW2,0.6666666666666666,0.4
2017-03,10,TVW3,0.1,7.156892945240844e-18
2017-03,10,TVW3,0.25,0.15
2017-03,10,TVW3,0.5,0.35
2017-03,10,TVW3,0.75,0.35
2017-03,10,TVW3,0.9,0.15
2017-03,11,TVW1,0.25,0.2
2017-03,11,TVW1,0.5,0.4
2017-03,11,TVW1,0.75,0.4
2017-03,11,TVW2,0.3333333333333333,0.19999999999999993
2017-03,11,TVW2,0.5,0.4000000000000001
2017-03,11,TVW2,0.6666666666666666,0.39999999999999986
2017-03,11,TVW3,0.1,5.306151343997648e-18
2017-03,11,TVW3,0.25,0.15
2017-03,11,TVW3,0.5,0.35
2017-03,11,TVW3,0.75,0.35
2017-03,11,TVW3,0.9,0.15
2017-03,12,TVW1,0.25,0.20000000000000004
2017-03,12,TVW1,0.5,0.4
2017-03,12,TVW1,0.75,0.3999999999999999
2017-03,12,TVW2,0.3333333333333333,0.2
2017-03,12,TVW2,0.5,0.4000000000000001
2017-03,12,TVW2,0.6666666666666666,0.4
2017-03,12,TVW3,0.1,1.3667847325869335e-17
2017-03,12,TVW3,0.25,0.15000000000000002
2017-03,12,TVW3,0.5,0.3500000000000001
2017-03,12,TVW3,0.75,0.35
2017-03,12,TVW3,0.9,0.14999999999999997
2017-03,13,TVW1,0.25,0.2
2017-03,13,TVW1,0.5,0.4
2017-03,13,TVW1,0.75,0.4
2017-03,13,TVW2,0.3333333333333333,0.2
2017-03,13,TVW2,0.5,0.4000000000000001
2017-03,13,TVW2,0.6666666666666666,0.4
2017-03,13,TVW3,0.1,5.6436870323162336e-18
2017-03,13,TVW3,0.25,0.15
2017-03,13,TVW3,0.5,0.35000000000000003
2017-03,13,TVW3,0.75,0.35
2017-03,13,TVW3,0.9,0.15
2017-04,1,TVW1,0.25,0.2
2017-04,1,TVW1,0.5,0.5420933847250378
2017-04,1,TVW1,0.75,0.2579066152749623
2017-04,1,TVW2,0.3333333333333333,0.3083248425519043
2017-04,1,TVW2,0.5,0.30218082155005005
2017-04,1,TVW2,0.6666666666666666,0.3894943358980457
2017-04,1,TVW3,0.1,0.0
2017-04,1,TVW3,0.25,0.22439214503247742
2017-04,1,TVW3,0.5,0.5
2017-04,1,TVW3,0.75,0.27560785496752255
2017-04,1,TVW3,0.9,0.0
2017-04,2,TVW1,0.25,0.20000000000000004
2017-04,2,TVW1,0.5,0.4
2017-04,2,TVW1,0.75,0.39999999999999997
2017-04,2,TVW2,0.3333333333333333,0.2
2017-04,2,TVW2,0.5,0.4000000000000001
2017-04,2,TVW2,0.6666666666666666,0.4
2017-04,2,TVW3,0.1,0.0235423054258843
2017-04,2,TVW3,0.25,0.15
2017-04,2,TVW3,0.5,0.3264576945741158
2017-04,2,TVW3,0.75,0.35
2017-04,2,TVW3,0.9,0.15
2017-04,3,TVW1,0.25,0.20000000000000004
2017-04,3,TVW1,0.5,0.4
2017-04,3,TVW1,0.75,0.4
2017-04,3,TVW2,0.3333333333333333,0.2
2017-04,3,TVW2,0.5,0.40000000000000013
2017-04,3,TVW2,0.6666666666666666,0.4
2017-04,3,TVW3,0.1,1.993005381998585e-18
2017-04,3,TVW3,0.25,0.15
2017-04,3,TVW3,0.5,0.35000000000000014
2017-04,3,TVW3,0.75,0.35
2017-04,3,TVW3,0.9,0.15
2017-04,4,TVW1,0.25,0.20000000000000007
2017-04,4,TVW1,0.5,0.4
2017-04,4,TVW1,0.75,0.3999999999999999
2017-04,4,TVW2,0.3333333333333333,0.20000000000000004
2017-04,4,TVW2,0.5,0.3999999999999999
2017-04,4,TVW2,0.6666666666666666,0.39999999999999997
2017-04,4,TVW3,0.1,0.0
2017-04,4,TVW3,0.25,0.15000000000000002
2017-04,4,TVW3,0.5,0.3500000000000001
2017-04,4,TVW3,0.75,0.3499999999999999
2017-04,4,TVW3,0.9,0.15
2017-04,5,TVW1,0.25,0.20000000000000007
2017-04,5,TVW1,0.5,0.4
2017-04,5,TVW1,0.75,0.39999999999999997
2017-04,5,TVW2,0.3333333333333333,0.20000000000000004
2017-04,5,TVW2,0.5,0.4000000000000001
2017-04,5,TVW2,0.6666666666666666,0.39999999999999997
2017-04,5,TVW3,0.1,0.0
2017-04,5,TVW3,0.25,0.15000000000000002
2017-04,5,TVW3,0.5,0.3500000000000001
2017-04,5,TVW3,0.75,0.35
2017-04,5,TVW3,0.9,0.15
2017-04,6,TVW1,0.25,0.2
2017-04,6,TVW1,0.5,0.4
2017-04,6,TVW1,0.75,0.4
2017-04,6,TVW2,0.3333333333333333,0.2
2017-04,6,TVW2,0.5,0.4000000000000001
2017-04,6,TVW2,0.6666666666666666,0.4
2017-04,6,TVW3,0.1,2.4947957957616817e-17
2017-04,6,TVW3,0.25,0.15000000000000002
2017-04,6,TVW3,0.5,0.35
2017-04,6,TVW3,0.75,0.35000000000000003
2017-04,6,TVW3,0.9,0.15000000000000002
2017-04,7,TVW1,0.25,0.20000000000000004
2017-04,7,TVW1,0.5,0.4
2017-04,7,TVW1,0.75,0.4
2017-04,7,TVW2,0.3333333333333333,0.20000000000000012
2017-04,7,TVW2,0.5,0.3999999999999999
2017-04,7,TVW2,0.6666666666666666,0.3999999999999999
2017-04,7,TVW3,0.1,5.7649456623621445e-18
2017-04,7,TVW3,0.25,0.15
2017-04,7,TVW3,0.5,0.35000000000000014
2017-04,7,TVW3,0.75,0.35
2017-04,7,TVW3,0.9,0.15
2017-04,8,TVW1,0.25,0.20000000000000004
2017-04,8,TVW1,0.5,0.4
2017-04,8,TVW1,0.75,0.4
2017-04,8,TVW2,0.3333333333333333,0.20000000000000004
2017-04,8,TVW2,0.5,0.3999999999999999
2017-04,8,TVW2,0.6666666666666666,0.4000000000000001
2017-04,8,TVW3,0.1,0.0
2017-04,8,TVW3,0.25,0.15
2017-04,8,TVW3,0.5,0.3500000000000001
2017-04,8,TVW3,0.75,0.35
2017-04,8,TVW3,0.9,0.15
2017-04,9,TVW1,0.25,0.2
2017-04,9,TVW1,0.5,0.4
2017-04,9,TVW1,0.75,0.4
2017-04,9,TVW2,0.3333333333333333,0.2
2017-04,9,TVW2,0.5,0.4000000000000001
2017-04,9,TVW2,0.6666666666666666,0.4
2017-04,9,TVW3,0.1,5.11298491180812e-18
2017-04,9,TVW3,0.25,0.15000000000000005
2017-04,9,TVW3,0.5,0.3757365669562115
2017-04,9,TVW3,0.75,0.35
2017-04,9,TVW3,0.9,0.12426343304378855
2017-04,10,TVW1,0.25,0.20000000000000004
2017-04,10,TVW1,0.5,0.4000000000000001
2017-04,10,TVW1,0.75,0.3999999999999999
2017-04,10,TVW2,0.3333333333333333,0.20000000000000004
2017-04,10,TVW2,0.5,0.39999999999999997
2017-04,10,TVW2,0.6666666666666666,0.4000000000000001
2017-04,10,TVW3,0.1,9.906914849767665e-18
2017-04,10,TVW3,0.25,0.15000000000000002
2017-04,10,TVW3,0.5,0.3500000000000002
2017-04,10,TVW3,0.75,0.34999999999999987
2017-04,10,TVW3,0.9,0.15
2017-04,11,TVW1,0.25,0.2
2017-04,11,TVW1,0.5,0.4
2017-04,11,TVW1,0.75,0.4
2017-04,11,TVW2,0.3333333333333333,0.20000000000000004
2017-04,11,TVW2,0.5,0.4
2017-04,11,TVW2,0.6666666666666666,0.39999999999999997
2017-04,11,TVW3,0.1,0.004501051289082083
2017-04,11,TVW3,0.25,0.14999999999999997
2017-04,11,TVW3,0.5,0.345498948710918
2017-04,11,TVW3,0.75,0.3499999999999999
2017-04,11,TVW3,0.9,0.14999999999999997
2017-04,12,TVW1,0.25,0.20000000000000007
2017-04,12,TVW1,0.5,0.4
2017-04,12,TVW1,0.75,0.4
2017-04,12,TVW2,0.3333333333333333,0.2
2017-04,12,TVW2,0.5,0.39999999999999997
2017-04,12,TVW2,0.6666666666666666,0.4
2017-04,12,TVW3,0.1,1.8364084456821633e-18
2017-04,12,TVW3,0.25,0.15
2017-04,12,TVW3,0.5,0.3558558264446879
2017-04,12,TVW3,0.75,0.3441441735553121
2017-04,12,TVW3,0.9,0.15
2017-04,13,TVW1,0.25,0.2
2017-04,13,TVW1,0.5,0.41147833556422125
2017-04,13,TVW1,0.75,0.38852166443577874
2017-04,13,TVW2,0.3333333333333333,0.20000000000000007
2017-04,13,TVW2,0.5,0.3999999999999999
2017-04,13,TVW2,0.6666666666666666,0.39999999999999997
2017-04,13,TVW3,0.1,0.0
2017-04,13,TVW3,0.25,0.15000000000000008
2017-04,13,TVW3,0.5,0.5
2017-04,13,TVW3,0.75,0.35
2017-04,13,TVW3,0.9,0.0
2017-05,1,TVW1,0.25,0.2
2017-05,1,TVW1,0.5,0.4472574854266698
2017-05,1,TVW1,0.75,0.35274251457333017
2017-05,1,TVW2,0.3333333333333333,0.2
2017-05,1,TVW2,0.5,0.4000000000000001
2017-05,1,TVW2,0.6666666666666666,0.4
2017-05,1,TVW3,0.1,5.141976095195448e-17
2017-05,1,TVW3,0.25,0.1583506337986328
2017-05,1,TVW3,0.5,0.5000000000000001
2017-05,1,TVW3,0.75,0.341649366201367
2017-05,1,TVW3,0.9,0.0
2017-05,2,TVW1,0.25,0.2
2017-05,2,TVW1,0.5,0.4
2017-05,2,TVW1,0.75,0.4
2017-05,2,TVW2,0.3333333333333333,0.2
2017-05,2,TVW2,0.5,0.4000000000000001
2017-05,2,TVW2,0.6666666666666666,0.4
2017-05,2,TVW3,0.1,0.0
2017-05,2,TVW3,0.25,0.15
2017-05,2,TVW3,0.5,0.3500000000000001
2017-05,2,TVW3,0.75,0.35
2017-05,2,TVW3,0.9,0.15
2017-05,3,TVW1,0.25,0.2000000000000001
2017-05,3,TVW1,0.5,0.4
2017-05,3,TVW1,0.75,0.39999999999999997
2017-05,3,TVW2,0.3333333333333333,0.20000000000000004
2017-05,3,TVW2,0.5,0.4000000000000001
2017-05,3,TVW2,0.6666666666666666,0.4
2017-05,3,TVW3,0.1,0.0
2017-05,3,TVW3,0.25,0.15
2017-05,3,TVW3,0.5,0.35000000000000014
2017-05,3,TVW3,0.75,0.35
2017-05,3,TVW3,0.9,0.15
2017-05,4,TVW1,0.25,0.2
2017-05,4,TVW1,0.5,0.4
2017-05,4,TVW1,0.75,0.4
2017-05,4,TVW2,0.3333333333333333,0.20000000000000004
2017-05,4,TVW2,0.5,0.4
2017-05,4,TVW2,0.6666666666666666,0.39999999999999986
2017-05,4,TVW3,0.1,0.0
2017-05,4,TVW3,0.25,0.15
2017-05,4,TVW3,0.5,0.3500000000000001
2017-05,4,TVW3,0.75,0.35
2017-05,4,TVW3,0.9,0.15
2017-05,5,TVW1,0.25,0.2
2017-05,5,TVW1,0.5,0.4
2017-05,5,TVW1,0.75,0.4
2017-05,5,TVW2,0.3333333333333333,0.2
2017-05,5,TVW2,0.5,0.39999999999999997
2017-05,5,TVW2,0.6666666666666666,0.4
2017-05,5,TVW3,0.1,9.971275616479609e-18
2017-05,5,TVW3,0.25,0.15
2017-05,5,TVW3,0.5,0.3500000000000001
2017-05,5,TVW3,0.75,0.35
2017-05,5,TVW3,0.9,0.15
2017-05,6,TVW1,0.25,0.2
2017-05,6,TVW1,0.5,0.4
2017-05,6,TVW1,0.75,0.4
2017-05,6,TVW2,0.3333333333333333,0.2
2017-05,6,TVW2,0.5,0.4
2017-05,6,TVW2,0.6666666666666666,0.4
2017-05,6,TVW3,0.1,2.048718242787245e-17
2017-05,6,TVW3,0.25,0.15000000000000002
2017-05,6,TVW3,0.5,0.3499999999999999
2017-05,6,TVW3,0.75,0.35000000000000003
2017-05,6,TVW3,0.9,0.15000000000000002
2017-05,7,TVW1,0.25,0.20000000000000004
2017-05,7,TVW1,0.5,0.4000000000000001
2017-05,7,TVW1,0.75,0.39999999999999997
2017-05,7,TVW2,0.3333333333333333,0.2
2017-05,7,TVW2,0.5,0.4000000000000001
2017-05,7,TVW2,0.6666666666666666,0.4
2017-05,7,TVW3,0.1,0.0
2017-05,7,TVW3,0.25,0.15000000000000002
2017-05,7,TVW3,0.5,0.35
2017-05,7,TVW3,0.75,0.35
2017-05,7,TVW3,0.9,0.15
2017-05,8,TVW1,0.25,0.20000000000000004
2017-05,8,TVW1,0.5,0.4
2017-05,8,TVW1,0.75,0.39999999999999997
2017-05,8,TVW2,0.3333333333333333,0.2
2017-05,8,TVW2,0.5,0.4000000000000001
2017-05,8,TVW2,0.6666666666666666,0.4
2017-05,8,TVW3,0.1,1.6940637895673235e-17
2017-05,8,TVW3,0.25,0.15000000000000005
2017-05,8,TVW3,0.5,0.3500000000000002
2017-05,8,TVW3,0.75,0.3499999999999999
2017-05,8,TVW3,0.9,0.14999999999999997
2017-05,9,TVW1,0.25,0.2
2017-05,9,TVW1,0.5,0.4
2017-05,9,TVW1,0.75,0.4
2017-05,9,TVW2,0.3333333333333333,0.2
2017-05,9,TVW2,0.5,0.4000000000000001
2017-05,9,TVW2,0.6666666666666666,0.4
2017-05,9,TVW3,0.1,4.521164330230908e-17
2017-05,9,TVW3,0.25,0.15000000000000005
2017-05,9,TVW3,0.5,0.49999999999999983
2017-05,9,TVW3,0.75,0.20000000000000015
2017-05,9,TVW3,0.9,0.15
2017-05,10,TVW1,0.25,0.2
2017-05,10,TVW1,0.5,0.4
2017-05,10,TVW1,0.75,0.4
2017-05,10,TVW2,0.3333333333333333,0.2
2017-05,10,TVW2,0.5,0.39999999999999997
2017-05,10,TVW2,0.6666666666666666,0.4
2017-05,10,TVW3,0.1,2.6703124214620356e-17
2017-05,10,TVW3,0.25,0.15
2017-05,10,TVW3,0.5,0.35000000000000014
2017-05,10,TVW3,0.75,0.34999999999999987
2017-05,10,TVW3,0.9,0.15
2017-05,11,TVW1,0.25,0.2000000000000001
2017-05,11,TVW1,0.5,0.4
2017-05,11,TVW1,0.75,0.39999999999999986
2017-05,11,TVW2,0.3333333333333333,0.20000000000000004
2017-05,11,TVW2,0.5,0.4000000000000001
2017-05,11,TVW2,0.6666666666666666,0.4
2017-05,11,TVW3,0.1,1.1773321909354265e-17
2017-05,11,TVW3,0.25,0.15
2017-05,11,TVW3,0.5,0.35
2017-05,11,TVW3,0.75,0.35
2017-05,11,TVW3,0.9,0.15
2017-05,12,TVW1,0.25,0.2
2017-05,12,TVW1,0.5,0.4
2017-05,12,TVW1,0.75,0.4
2017-05,12,TVW2,0.3333333333333333,0.20000000000000007
2017-05,12,TVW2,0.5,0.4
2017-05,12,TVW2,0.6666666666666666,0.39999999999999997
2017-05,12,TVW3,0.1,8.884446354413589e-19
2017-05,12,TVW3,0.25,0.15
2017-05,12,TVW3,0.5,0.35000000000000003
2017-05,12,TVW3,0.75,0.35
2017-05,12,TVW3,0.9,0.15
2017-05,13,TVW1,0.25,0.2
2017-05,13,TVW1,0.5,0.4
2017-05,13,TVW1,0.75,0.4
2017-05,13,TVW2,0.3333333333333333,0.2
2017-05,13,TVW2,0.5,0.40000000000000013
2017-05,13,TVW2,0.6666666666666666,0.3999999999999999
2017-05,13,TVW3,0.1,5.504845944604561e-18
2017-05,13,TVW3,0.25,0.15000000000000008
2017-05,13,TVW3,0.5,0.49983371980317703
2017-05,13,TVW3,0.75,0.35
2017-05,13,TVW3,0.9,0.00016628019682290085
2017-06,1,TVW1,0.25,0.2
2017-06,1,TVW1,0.5,0.4833053254814943
2017-06,1,TVW1,0.75,0.3166946745185058
2017-06,1,TVW2,0.3333333333333333,0.2
2017-06,1,TVW2,0.5,0.4000000000000001
2017-06,1,TVW2,0.6666666666666666,0.4
2017-06,1,TVW3,0.1,0.0
2017-06,1,TVW3,0.25,0.1728968197758159
2017-06,1,TVW3,0.5,0.5
2017-06,1,TVW3,0.75,0.32710318022418416
2017-06,1,TVW3,0.9,0.0
2017-06,2,TVW1,0.25,0.20000000000000007
2017-06,2,TVW1,0.5,0.4000000000000001
2017-06,2,TVW1,0.75,0.3999999999999999
2017-06,2,TVW2,0.3333333333333333,0.2
2017-06,2,TVW2,0.5,0.4
2017-06,2,TVW2,0.6666666666666666,0.4
2017-06,2,TVW3,0.1,0.041034671241891835
2017-06,2,TVW3,0.25,0.15
2017-06,2,TVW3,0.5,0.30896532875810817
2017-06,2,TVW3,0.75,0.35
2017-06,2,TVW3,0.9,0.15
2017-06,3,TVW1,0.25,0.20000000000000007
2017-06,3,TVW1,0.5,0.4
2017-06,3,TVW1,0.75,0.3999999999999999
2017-06,3,TVW2,0.3333333333333333,0.2
2017-06,3,TVW2,0.5,0.40000000000000013
2017-06,3,TVW2,0.6666666666666666,0.4
2017-06,3,TVW3,0.1,2.513301371637656e-18
2017-06,3,TVW3,0.25,0.15000000000000002
2017-06,3,TVW3,0.5,0.35000000000000014
2017-06,3,TVW3,0.75,0.3499999999999999
2017-06,3,TVW3,0.9,0.15
2017-06,4,TVW1,0.25,0.2
2017-06,4,TVW1,0.5,0.4
2017-06,4,TVW1,0.75,0.4
2017-06,4,TVW2,0.3333333333333333,0.2
2017-06,4,TVW2,0.5,0.4
2017-06,4,TVW2,0.6666666666666666,0.4
2017-06,4,TVW3,0.1,0.0
2017-06,4,TVW3,0.25,0.15
2017-06,4,TVW3,0.5,0.35000000000000003
2017-06,4,TVW3,0.75,0.35
2017-06,4,TVW3,0.9,0.15
2017-06,5,TVW1,0.25,0.20000000000000007
2017-06,5,TVW1,0.5,0.4
2017-06,5,TVW1,0.75,0.4
2017-06,5,TVW2,0.3333333333333333,0.2
2017-06,5,TVW2,0.5,0.40000000000000013
2017-06,5,TVW2,0.6666666666666666,0.39999999999999997
2017-06,5,TVW3,0.1,7.854289988048995e-18
2017-06,5,TVW3,0.25,0.15000000000000002
2017-06,5,TVW3,0.5,0.35
2017-06,5,TVW3,0.75,0.35000000000000003
2017-06,5,TVW3,0.9,0.15000000000000002
2017-06,6,TVW1,0.25,0.2
2017-06,6,TVW1,0.5,0.4
2017-06,6,TVW1,0.75,0.39999999999999997
2017-06,6,TVW2,0.3333333333333333,0.20000000000000004
2017-06,6,TVW2,0.5,0.3999999999999999
2017-06,6,TVW2,0.6666666666666666,0.4000000000000001
2017-06,6,TVW3,0.1,2.0100554881557478e-19
2017-06,6,TVW3,0.25,0.15
2017-06,6,TVW3,0.5,0.35000000000000003
2017-06,6,TVW3,0.75,0.35
2017-06,6,TVW3,0.9,0.15
2017-06,7,TVW1,0.25,0.2
2017-06,7,TVW1,0.5,0.4
2017-06,7,TVW1,0.75,0.4
2017-06,7,TVW2,0.3333333333333333,0.2999999999999999
2017-06,7,TVW2,0.5,0.3000000000000001
2017-06,7,TVW2,0.6666666666666666,0.4000000000000001
2017-06,7,TVW3,0.1,0.0
2017-06,7,TVW3,0.25,0.15
2017-06,7,TVW3,0.5,0.35000000000000014
2017-06,7,TVW3,0.75,0.35
2017-06,7,TVW3,0.9,0.15
2017-06,8,TVW1,0.25,0.20000000000000015
2017-06,8,TVW1,0.5,0.4
2017-06,8,TVW1,0.75,0.3999999999999999
2017-06,8,TVW2,0.3333333333333333,0.20000000000000004
2017-06,8,TVW2,0.5,0.39999999999999997
2017-06,8,TVW2,0.6666666666666666,0.4000000000000001
2017-06,8,TVW3,0.1,1.3750276471704901e-17
2017-06,8,TVW3,0.25,0.15000000000000002
2017-06,8,TVW3,0.5,0.3500000000000001
2017-06,8,TVW3,0.75,0.35
2017-06,8,TVW3,0.9,0.15
2017-06,9,TVW1,0.25,0.2
2017-06,9,TVW1,0.5,0.4
2017-06,9,TVW1,0.75,0.3999999999999999
2017-06,9,TVW2,0.3333333333333333,0.2
2017-06,9,TVW2,0.5,0.4
2017-06,9,TVW2,0.6666666666666666,0.4
2017-06,9,TVW3,0.1,0.0
2017-06,9,TVW3,0.25,0.15
2017-06,9,TVW3,0.5,0.5
2017-06,9,TVW3,0.75,0.19999999999999998
2017-06,9,TVW3,0.9,0.15
2017-06,10,TVW1,0.25,0.2
2017-06,10,TVW1,0.5,0.4000000000000001
2017-06,10,TVW1,0.75,0.4
2017-06,10,TVW2,0.3333333333333333,0.2
2017-06,10,TVW2,0.5,0.4
2017-06,10,TVW2,0.6666666666666666,0.4
2017-06,10,TVW3,0.1,9.73101341414989e-18
2017-06,10,TVW3,0.25,0.15
2017-06,10,TVW3,0.5,0.35000000000000003
2017-06,10,TVW3,0.75,0.35
2017-06,10,TVW3,0.9,0.14999999999999997
2017-06,11,TVW1,0.25,0.2
2017-06,11,TVW1,0.5,0.4
2017-06,11,TVW1,0.75,0.4
2017-06,11,TVW2,0.3333333333333333,0.19999999999999996
2017-06,11,TVW2,0.5,0.40000000000000013
2017-06,11,TVW2,0.6666666666666666,0.39999999999999986
2017-06,11,TVW3,0.1,0.050000000000000155
2017-06,11,TVW3,0.25,0.14999999999999997
2017-06,11,TVW3,0.5,0.29999999999999993
2017-06,11,TVW3,0.75,0.3499999999999999
2017-06,11,TVW3,0.9,0.14999999999999997
2017-06,12,TVW1,0.25,0.2
2017-06,12,TVW1,0.5,0.4
2017-06,12,TVW1,0.75,0.4
2017-06,12,TVW2,0.3333333333333333,0.2000000000000001
2017-06,12,TVW2,0.5,0.39999999999999997
2017-06,12,TVW2,0.6666666666666666,0.4
2017-06,12,TVW3,0.1,5.1786797540335586e-18
2017-06,12,TVW3,0.25,0.15
2017-06,12,TVW3,0.5,0.3500000000000001
2017-06,12,TVW3,0.75,0.3499999999999999
2017-06,12,TVW3,0.9,0.15
2017-06,13,TVW1,0.25,0.2
2017-06,13,TVW1,0.5,0.4
2017-06,13,TVW1,0.75,0.3999999999999999
2017-06,13,TVW2,0.3333333333333333,0.20000000000000004
2017-06,13,TVW2,0.5,0.39999999999999997
2017-06,13,TVW2,0.6666666666666666,0.4000000000000001
2017-06,13,TVW3,0.1,3.612133179003385e-17
2017-06,13,TVW3,0.25,0.14999999999999997
2017-06,13,TVW3,0.5,0.49999999999999983
2017-06,13,TVW3,0.75,0.3499999999999998
2017-06,13,TVW3,0.9,3.6041168708222963e-16
2017-07,1,TVW1,0.25,0.20000000000000004
2017-07,1,TVW1,0.5,0.4
2017-07,1,TVW1,0.75,0.4
2017-07,1,TVW2,0.3333333333333333,0.2
2017-07,1,TVW2,0.5,0.4
2017-07,1,TVW2,0.6666666666666666,0.4
2017-07,1,TVW3,0.1,0.0
2017-07,1,TVW3,0.25,0.15
2017-07,1,TVW3,0.5,0.5
2017-07,1,TVW3,0.75,0.35
2017-07,1,TVW3,0.9,0.0
2017-07,2,TVW1,0.25,0.2
2017-07,2,TVW1,0.5,0.40000000000000013
2017-07,2,TVW1,0.75,0.4
2017-07,2,TVW2,0.3333333333333333,0.20000000000000004
2017-07,2,TVW2,0.5,0.4000000000000001
2017-07,2,TVW2,0.6666666666666666,0.3999999999999999
2017-07,2,TVW3,0.1,0.0
2017-07,2,TVW3,0.25,0.15
2017-07,2,TVW3,0.5,0.35
2017-07,2,TVW3,0.75,0.35
2017-07,2,TVW3,0.9,0.15
2017-07,3,TVW1,0.25,0.2
2017-07,3,TVW1,0.5,0.40000000000000013
2017-07,3,TVW1,0.75,0.4
2017-07,3,TVW2,0.3333333333333333,0.2
2017-07,3,TVW2,0.5,0.4000000000000001
2017-07,3,TVW2,0.6666666666666666,0.4
2017-07,3,TVW3,0.1,1.8192604216099845e-17
2017-07,3,TVW3,0.25,0.15
2017-07,3,TVW3,0.5,0.35000000000000003
2017-07,3,TVW3,0.75,0.35
2017-07,3,TVW3,0.9,0.15
2017-07,4,TVW1,0.25,0.2
2017-07,4,TVW1,0.5,0.4
2017-07,4,TVW1,0.75,0.4
2017-07,4,TVW2,0.3333333333333333,0.20000000000000004
2017-07,4,TVW2,0.5,0.4
2017-07,4,TVW2,0.6666666666666666,0.4
2017-07,4,TVW3,0.1,0.0
2017-07,4,TVW3,0.25,0.15
2017-07,4,TVW3,0.5,0.35000000000000014
2017-07,4,TVW3,0.75,0.3499999999999999
2017-07,4,TVW3,0.9,0.15
2017-07,5,TVW1,0.25,0.20000000000000004
2017-07,5,TVW1,0.5,0.4
2017-07,5,TVW1,0.75,0.4
2017-07,5,TVW2,0.3333333333333333,0.20000000000000018
2017-07,5,TVW2,0.5,0.3999999999999999
2017-07,5,TVW2,0.6666666666666666,0.3999999999999999
2017-07,5,TVW3,0.1,9.88750954950855e-18
2017-07,5,TVW3,0.25,0.15000000000000002
2017-07,5,TVW3,0.5,0.3499999999999999
2017-07,5,TVW3,0.75,0.35000000000000003
2017-07,5,TVW3,0.9,0.15000000000000002
2017-07,6,TVW1,0.25,0.2
2017-07,6,TVW1,0.5,0.4
2017-07,6,TVW1,0.75,0.39999999999999997
2017-07,6,TVW2,0.3333333333333333,0.20000000000000015
2017-07,6,TVW2,0.5,0.3999999999999998
2017-07,6,TVW2,0.6666666666666666,0.39999999999999997
2017-07,6,TVW3,0.1,1.1724407652298902e-17
2017-07,6,TVW3,0.25,0.15000000000000002
2017-07,6,TVW3,0.5,0.3500000000000001
2017-07,6,TVW3,0.75,0.35
2017-07,6,TVW3,0.9,0.14999999999999994
2017-07,7,TVW1,0.25,0.2000000000000001
2017-07,7,TVW1,0.5,0.4
2017-07,7,TVW1,0.75,0.39999999999999997
2017-07,7,TVW2,0.3333333333333333,0.2
2017-07,7,TVW2,0.5,0.4000000000000001
2017-07,7,TVW2,0.6666666666666666,0.4
2017-07,7,TVW3,0.1,0.0
2017-07,7,TVW3,0.25,0.1500000000000001
2017-07,7,TVW3,0.5,0.34999999999999987
2017-07,7,TVW3,0.75,0.35000000000000003
2017-07,7,TVW3,0.9,0.15000000000000002
2017-07,8,TVW1,0.25,0.2
2017-07,8,TVW1,0.5,0.4
2017-07,8,TVW1,0.75,0.4
2017-07,8,TVW2,0.3333333333333333,0.20000000000000007
2017-07,8,TVW2,0.5,0.3999999999999999
2017-07,8,TVW2,0.6666666666666666,0.39999999999999997
2017-07,8,TVW3,0.1,4.4152019719805335e-18
2017-07,8,TVW3,0.25,0.15
2017-07,8,TVW3,0.5,0.35000000000000014
2017-07,8,TVW3,0.75,0.35
2017-07,8,TVW3,0.9,0.15
2017-07,9,TVW1,0.25,0.2
2017-07,9,TVW1,0.5,0.4
2017-07,9,TVW1,0.75,0.4
2017-07,9,TVW2,0.3333333333333333,0.2
2017-07,9,TVW2,0.5,0.4
2017-07,9,TVW2,0.6666666666666666,0.4
2017-07,9,TVW3,0.1,1.1257018103279958e-17
2017-07,9,TVW3,0.25,0.15000000000000002
2017-07,9,TVW3,0.5,0.49999999999999994
2017-07,9,TVW3,0.75,0.20000000000000007
2017-07,9,TVW3,0.9,0.15
2017-07,10,TVW1,0.25,0.2
2017-07,10,TVW1,0.5,0.4
2017-07,10,TVW1,0.75,0.4
2017-07,10,TVW2,0.3333333333333333,0.20000000000000004
2017-07,10,TVW2,0.5,0.3999999999999999
2017-07,10,TVW2,0.6666666666666666,0.4000000000000001
2017-07,10,TVW3,0.1,0.0
2017-07,10,TVW3,0.25,0.15000000000000002
2017-07,10,TVW3,0.5,0.3500000000000001
2017-07,10,TVW3,0.75,0.35
2017-07,10,TVW3,0.9,0.15
2017-07,11,TVW1,0.25,0.20000000000000007
2017-07,11,TVW1,0.5,0.4
2017-07,11,TVW1,0.75,0.39999999999999997
2017-07,11,TVW2,0.3333333333333333,0.2
2017-07,11,TVW2,0.5,0.4000000000000001
2017-07,11,TVW2,0.6666666666666666,0.4
2017-07,11,TVW3,0.1,4.616251180282028e-17
2017-07,11,TVW3,0.25,0.15
2017-07,11,TVW3,0.5,0.35000000000000003
2017-07,11,TVW3,0.75,0.35
2017-07,11,TVW3,0.9,0.15
2017-07,12,TVW1,0.25,0.2
2017-07,12,TVW1,0.5,0.4
2017-07,12,TVW1,0.75,0.4
2017-07,12,TVW2,0.3333333333333333,0.20000000000000004
2017-07,12,TVW2,0.5,0.4000000000000001
2017-07,12,TVW2,0.6666666666666666,0.39999999999999997
2017-07,12,TVW3,0.1,0.0
2017-07,12,TVW3,0.25,0.15000000000000005
2017-07,12,TVW3,0.5,0.35000000000000003
2017-07,12,TVW3,0.75,0.35
2017-07,12,TVW3,0.9,0.15000000000000002
2017-07,13,TVW1,0.25,0.2
2017-07,13,TVW1,0.5,0.4
2017-07,13,TVW1,0.75,0.39999999999999997
2017-07,13,TVW2,0.3333333333333333,0.2
2017-07,13,TVW2,0.5,0.4000000000000001
2017-07,13,TVW2,0.6666666666666666,0.4
2017-07,13,TVW3,0.1,0.0
2017-07,13,TVW3,0.25,0.14999999999999997
2017-07,13,TVW3,0.5,0.4969975597770314
2017-07,13,TVW3,0.75,0.3499999999999999
2017-07,13,TVW3,0.9,0.003002440222968594
2017-08,1,TVW1,0.25,0.2
2017-08,1,TVW1,0.5,0.4
2017-08,1,TVW1,0.75,0.39999999999999997
2017-08,1,TVW2,0.3333333333333333,0.2
2017-08,1,TVW2,0.5,0.452963115134588
2017-08,1,TVW2,0.6666666666666666,0.347036884865412
2017-08,1,TVW3,0.1,0.0
2017-08,1,TVW3,0.25,0.15000000000000002
2017-08,1,TVW3,0.5,0.4999999999999997
2017-08,1,TVW3,0.75,0.3499999999999999
2017-08,1,TVW3,0.9,2.341876692568689e-16
2017-08,2,TVW1,0.25,0.2
2017-08,2,TVW1,0.5,0.4
2017-08,2,TVW1,0.75,0.4
2017-08,2,TVW2,0.3333333333333333,0.2
2017-08,2,TVW2,0.5,0.4000000000000001
2017-08,2,TVW2,0.6666666666666666,0.39999999999999997
2017-08,2,TVW3,0.1,3.989405702254776e-20
2017-08,2,TVW3,0.25,0.15000000000000002
2017-08,2,TVW3,0.5,0.35000000000000003
2017-08,2,TVW3,0.75,0.35
2017-08,2,TVW3,0.9,0.15
2017-08,3,TVW1,0.25,0.2
2017-08,3,TVW1,0.5,0.4
2017-08,3,TVW1,0.75,0.4
2017-08,3,TVW2,0.3333333333333333,0.2
2017-08,3,TVW2,0.5,0.4000000000000001
2017-08,3,TVW2,0.6666666666666666,0.4
2017-08,3,TVW3,0.1,3.603700982328333e-18
2017-08,3,TVW3,0.25,0.15
2017-08,3,TVW3,0.5,0.3500000000000001
2017-08,3,TVW3,0.75,0.3499999999999999
2017-08,3,TVW3,0.9,0.15
2017-08,4,TVW1,0.25,0.2
2017-08,4,TVW1,0.5,0.4
2017-08,4,TVW1,0.75,0.4
2017-08,4,TVW2,0.3333333333333333,0.2
2017-08,4,TVW2,0.5,0.4000000000000001
2017-08,4,TVW2,0.6666666666666666,0.4
2017-08,4,TVW3,0.1,5.164447191835872e-18
2017-08,4,TVW3,0.25,0.15000000000000002
2017-08,4,TVW3,0.5,0.35
2017-08,4,TVW3,0.75,0.35
2017-08,4,TVW3,0.9,0.15
2017-08,5,TVW1,0.25,0.20000000000000004
2017-08,5,TVW1,0.5,0.4
2017-08,5,TVW1,0.75,0.4
2017-08,5,TVW2,0.3333333333333333,0.2
2017-08,5,TVW2,0.5,0.4000000000000001
2017-08,5,TVW2,0.6666666666666666,0.4
2017-08,5,TVW3,0.1,3.929278231831846e-18
2017-08,5,TVW3,0.25,0.15
2017-08,5,TVW3,0.5,0.35000000000000003
2017-08,5,TVW3,0.75,0.35
2017-08,5,TVW3,0.9,0.15
2017-08,6,TVW1,0.25,0.20000000000000004
2017-08,6,TVW1,0.5,0.4
2017-08,6,TVW1,0.75,0.3999999999999999
2017-08,6,TVW2,0.3333333333333333,0.2
2017-08,6,TVW2,0.5,0.40000000000000013
2017-08,6,TVW2,0.6666666666666666,0.4
2017-08,6,TVW3,0.1,0.0
2017-08,6,TVW3,0.25,0.15000000000000002
2017-08,6,TVW3,0.5,0.3499999999999999
2017-08,6,TVW3,0.75,0.35000000000000003
2017-08,6,TVW3,0.9,0.15
2017-08,7,TVW1,0.25,0.2
2017-08,7,TVW1,0.5,0.4
2017-08,7,TVW1,0.75,0.4
2017-08,7,TVW2,0.3333333333333333,0.20000000000000007
2017-08,7,TVW2,0.5,0.4
2017-08,7,TVW2,0.6666666666666666,0.4
2017-08,7,TVW3,0.1,6.90739046581344e-18
2017-08,7,TVW3,0.25,0.15
2017-08,7,TVW3,0.5,0.3500000000000001
2017-08,7,TVW3,0.75,0.3499999999999999
2017-08,7,TVW3,0.9,0.15
2017-08,8,TVW1,0.25,0.2
2017-08,8,TVW1,0.5,0.4
2017-08,8,TVW1,0.75,0.4
2017-08,8,TVW2,0.3333333333333333,0.20000000000000004
2017-08,8,TVW2,0.5,0.40000000000000013
2017-08,8,TVW2,0.6666666666666666,0.3999999999999999
2017-08,8,TVW3,0.1,2.4034564029892586e-17
2017-08,8,TVW3,0.25,0.15
2017-08,8,TVW3,0.5,0.35
2017-08,8,TVW3,0.75,0.35
2017-08,8,TVW3,0.9,0.15
2017-08,9,TVW1,0.25,0.2
2017-08,9,TVW1,0.5,0.4
2017-08,9,TVW1,0.75,0.4
2017-08,9,TVW2,0.3333333333333333,0.2
2017-08,9,TVW2,0.5,0.4
2017-08,9,TVW2,0.6666666666666666,0.4
2017-08,9,TVW3,0.1,1.986899607522435e-18
2017-08,9,TVW3,0.25,0.15000000000000002
2017-08,9,TVW3,0.5,0.451935173785258
2017-08,9,TVW3,0.75,0.24806482621474202
2017-08,9,TVW3,0.9,0.15
2017-08,10,TVW1,0.25,0.2
2017-08,10,TVW1,0.5,0.4
2017-08,10,TVW1,0.75,0.4
2017-08,10,TVW2,0.3333333333333333,0.19999999999999996
2017-08,10,TVW2,0.5,0.4000000000000001
2017-08,10,TVW2,0.6666666666666666,0.3999999999999999
2017-08,10,TVW3,0.1,3.591569277977402e-17
2017-08,10,TVW3,0.25,0.17147228509861173
2017-08,10,TVW3,0.5,0.3285277149013884
2017-08,10,TVW3,0.75,0.35
2017-08,10,TVW3,0.9,0.15
2017-08,11,TVW1,0.25,0.2
2017-08,11,TVW1,0.5,0.4
2017-08,11,TVW1,0.75,0.4
2017-08,11,TVW2,0.3333333333333333,0.2
2017-08,11,TVW2,0.5,0.4000000000000002
2017-08,11,TVW2,0.6666666666666666,0.3999999999999999
2017-08,11,TVW3,0.1,9.974659986866641e-18
2017-08,11,TVW3,0.25,0.20000000000000007
2017-08,11,TVW3,0.5,0.3
2017-08,11,TVW3,0.75,0.35
2017-08,11,TVW3,0.9,0.15
2017-08,12,TVW1,0.25,0.20000000000000007
2017-08,12,TVW1,0.5,0.4
2017-08,12,TVW1,0.75,0.39999999999999997
2017-08,12,TVW2,0.3333333333333333,0.2
2017-08,12,TVW2,0.5,0.4
2017-08,12,TVW2,0.6666666666666666,0.4
2017-08,12,TVW3,0.1,5.800129286595526e-20
2017-08,12,TVW3,0.25,0.15
2017-08,12,TVW3,0.5,0.35
2017-08,12,TVW3,0.75,0.35
2017-08,12,TVW3,0.9,0.15
2017-08,13,TVW1,0.25,0.2
2017-08,13,TVW1,0.5,0.4
2017-08,13,TVW1,0.75,0.4
2017-08,13,TVW2,0.3333333333333333,0.2
2017-08,13,TVW2,0.5,0.4000000000000001
2017-08,13,TVW2,0.6666666666666666,0.4
2017-08,13,TVW3,0.1,1.4224732503009818e-16
2017-08,13,TVW3,0.25,0.15
2017-08,13,TVW3,0.5,0.5
2017-08,13,TVW3,0.75,0.35
2017-08,13,TVW3,0.9,0.0
2017-09,1,TVW1,0.25,0.2
2017-09,1,TVW1,0.5,0.4851817948580326
2017-09,1,TVW1,0.75,0.3148182051419674
2017-09,1,TVW2,0.3333333333333333,0.20000000000000004
2017-09,1,TVW2,0.5,0.39999999999999997
2017-09,1,TVW2,0.6666666666666666,0.4000000000000001
2017-09,1,TVW3,0.1,0.0
2017-09,1,TVW3,0.25,0.22698341375038628
2017-09,1,TVW3,0.5,0.4999999999999999
2017-09,1,TVW3,0.75,0.15000000000000013
2017-09,1,TVW3,0.9,0.1230165862496137
2017-09,2,TVW1,0.25,0.2
2017-09,2,TVW1,0.5,0.4
2017-09,2,TVW1,0.75,0.4
2017-09,2,TVW2,0.3333333333333333,0.2
2017-09,2,TVW2,0.5,0.4000000000000001
2017-09,2,TVW2,0.6666666666666666,0.4
2017-09,2,TVW3,0.1,0.0
2017-09,2,TVW3,0.25,0.15
2017-09,2,TVW3,0.5,0.35000000000000003
2017-09,2,TVW3,0.75,0.35
2017-09,2,TVW3,0.9,0.15
2017-09,3,TVW1,0.25,0.2
2017-09,3,TVW1,0.5,0.4
2017-09,3,TVW1,0.75,0.4
2017-09,3,TVW2,0.3333333333333333,0.2
2017-09,3,TVW2,0.5,0.4
2017-09,3,TVW2,0.6666666666666666,0.4
2017-09,3,TVW3,0.1,0.0
2017-09,3,TVW3,0.25,0.15
2017-09,3,TVW3,0.5,0.35000000000000003
2017-09,3,TVW3,0.75,0.35
2017-09,3,TVW3,0.9,0.15
2017-09,4,TVW1,0.25,0.2
2017-09,4,TVW1,0.5,0.4
2017-09,4,TVW1,0.75,0.4
2017-09,4,TVW2,0.3333333333333333,0.2
2017-09,4,TVW2,0.5,0.4000000000000001
2017-09,4,TVW2,0.6666666666666666,0.4
2017-09,4,TVW3,0.1,0.0
2017-09,4,TVW3,0.25,0.15
2017-09,4,TVW3,0.5,0.3500000000000001
2017-09,4,TVW3,0.75,0.35
2017-09,4,TVW3,0.9,0.15
2017-09,5,TVW1,0.25,0.20000000000000007
2017-09,5,TVW1,0.5,0.4
2017-09,5,TVW1,0.75,0.3999999999999999
2017-09,5,TVW2,0.3333333333333333,0.2
2017-09,5,TVW2,0.5,0.4
2017-09,5,TVW2,0.6666666666666666,0.4
2017-09,5,TVW3,0.1,7.245839237180802e-18
2017-09,5,TVW3,0.25,0.15
2017-09,5,TVW3,0.5,0.3500000000000001
2017-09,5,TVW3,0.75,0.35
2017-09,5,TVW3,0.9,0.15
2017-09,6,TVW1,0.25,0.2
2017-09,6,TVW1,0.5,0.4000000000000001
2017-09,6,TVW1,0.75,0.4
2017-09,6,TVW2,0.3333333333333333,0.2
2017-09,6,TVW2,0.5,0.39999999999999997
2017-09,6,TVW2,0.6666666666666666,0.4
2017-09,6,TVW3,0.1,2.9920160534153414e-19
2017-09,6,TVW3,0.25,0.15
2017-09,6,TVW3,0.5,0.35000000000000014
2017-09,6,TVW3,0.75,0.35
2017-09,6,TVW3,0.9,0.15
2017-09,7,TVW1,0.25,0.2
2017-09,7,TVW1,0.5,0.4
2017-09,7,TVW1,0.75,0.4
2017-09,7,TVW2,0.3333333333333333,0.20000000000000007
2017-09,7,TVW2,0.5,0.4000000000000001
2017-09,7,TVW2,0.6666666666666666,0.39999999999999997
2017-09,7,TVW3,0.1,0.0
2017-09,7,TVW3,0.25,0.15
2017-09,7,TVW3,0.5,0.3500000000000001
2017-09,7,TVW3,0.75,0.3499999999999999
2017-09,7,TVW3,0.9,0.15
2017-09,8,TVW1,0.25,0.2
2017-09,8,TVW1,0.5,0.4
2017-09,8,TVW1,0.75,0.4
2017-09,8,TVW2,0.3333333333333333,0.2
2017-09,8,TVW2,0.5,0.40000000000000013
2017-09,8,TVW2,0.6666666666666666,0.4
2017-09,8,TVW3,0.1,1.879286481575192e-18
2017-09,8,TVW3,0.25,0.15
2017-09,8,TVW3,0.5,0.35000000000000003
2017-09,8,TVW3,0.75,0.35
2017-09,8,TVW3,0.9,0.15
2017-09,9,TVW1,0.25,0.2
2017-09,9,TVW1,0.5,0.4
2017-09,9,TVW1,0.75,0.4
2017-09,9,TVW2,0.3333333333333333,0.2
2017-09,9,TVW2,0.5,0.39999999999999997
2017-09,9,TVW2,0.6666666666666666,0.4
2017-09,9,TVW3,0.1,0.0
2017-09,9,TVW3,0.25,0.15000000000000002
2017-09,9,TVW3,0.5,0.4999999999999999
2017-09,9,TVW3,0.75,0.20000000000000018
2017-09,9,TVW3,0.9,0.15
2017-09,10,TVW1,0.25,0.20000000000000004
2017-09,10,TVW1,0.5,0.4000000000000001
2017-09,10,TVW1,0.75,0.39999999999999997
2017-09,10,TVW2,0.3333333333333333,0.2
2017-09,10,TVW2,0.5,0.4000000000000001
2017-09,10,TVW2,0.6666666666666666,0.4
2017-09,10,TVW3,0.1,0.0
2017-09,10,TVW3,0.25,0.15
2017-09,10,TVW3,0.5,0.4072160694040273
2017-09,10,TVW3,0.75,0.29278393059597274
2017-09,10,TVW3,0.9,0.15
2017-09,11,TVW1,0.25,0.2
2017-09,11,TVW1,0.5,0.4
2017-09,11,TVW1,0.75,0.4
2017-09,11,TVW2,0.3333333333333333,0.2
2017-09,11,TVW2,0.5,0.40000000000000013
2017-09,11,TVW2,0.6666666666666666,0.39999999999999997
2017-09,11,TVW3,0.1,0.0
2017-09,11,TVW3,0.25,0.21506697923793666
2017-09,11,TVW3,0.5,0.3
2017-09,11,TVW3,0.75,0.3349330207620634
2017-09,11,TVW3,0.9,0.15
2017-09,12,TVW1,0.25,0.2
2017-09,12,TVW1,0.5,0.4
2017-09,12,TVW1,0.75,0.4
2017-09,12,TVW2,0.3333333333333333,0.20000000000000007
2017-09,12,TVW2,0.5,0.4
2017-09,12,TVW2,0.6666666666666666,0.4
2017-09,12,TVW3,0.1,2.7097185309337134e-18
2017-09,12,TVW3,0.25,0.15
2017-09,12,TVW3,0.5,0.4016681829991218
2017-09,12,TVW3,0.75,0.29833181700087835
2017-09,12,TVW3,0.9,0.15
2017-09,13,TVW1,0.25,0.2
2017-09,13,TVW1,0.5,0.4
2017-09,13,TVW1,0.75,0.4
2017-09,13,TVW2,0.3333333333333333,0.19999999999999996
2017-09,13,TVW2,0.5,0.4000000000000001
2017-09,13,TVW2,0.6666666666666666,0.39999999999999986
2017-09,13,TVW3,0.1,3.6843685291031135e-18
2017-09,13,TVW3,0.25,0.15000000000000002
2017-09,13,TVW3,0.5,0.5
2017-09,13,TVW3,0.75,0.35
2017-09,13,TVW3,0.9,0.0
2017-10,1,TVW1,0.25,0.2
2017-10,1,TVW1,0.5,0.40851051830239365
2017-10,1,TVW1,0.75,0.39148948169760633
2017-10,1,TVW2,0.3333333333333333,0.20000000000000007
2017-10,1,TVW2,0.5,0.40000000000000013
2017-10,1,TVW2,0.6666666666666666,0.39999999999999974
2017-10,1,TVW3,0.1,0.0
2017-10,1,TVW3,0.25,0.15000000000000005
2017-10,1,TVW3,0.5,0.4999999999999998
2017-10,1,TVW3,0.75,0.35
2017-10,1,TVW3,0.9,2.8102520310824275e-16
2017-10,2,TVW1,0.25,0.2
2017-10,2,TVW1,0.5,0.4
2017-10,2,TVW1,0.75,0.4
2017-10,2,TVW2,0.3333333333333333,0.20000000000000004
2017-10,2,TVW2,0.5,0.3999999999999999
2017-10,2,TVW2,0.6666666666666666,0.4000000000000001
2017-10,2,TVW3,0.1,3.512852081247783e-18
2017-10,2,TVW3,0.25,0.15
2017-10,2,TVW3,0.5,0.3500000000000001
2017-10,2,TVW3,0.75,0.35
2017-10,2,TVW3,0.9,0.15
2017-10,3,TVW1,0.25,0.2
2017-10,3,TVW1,0.5,0.4
2017-10,3,TVW1,0.75,0.4
2017-10,3,TVW2,0.3333333333333333,0.2
2017-10,3,TVW2,0.5,0.4000000000000001
2017-10,3,TVW2,0.6666666666666666,0.4
2017-10,3,TVW3,0.1,1.5241179552424998e-17
2017-10,3,TVW3,0.25,0.14999999999999997
2017-10,3,TVW3,0.5,0.3500000000000001
2017-10,3,TVW3,0.75,0.3499999999999999
2017-10,3,TVW3,0.9,0.14999999999999997
2017-10,4,TVW1,0.25,0.20000000000000004
2017-10,4,TVW1,0.5,0.4
2017-10,4,TVW1,0.75,0.39999999999999997
2017-10,4,TVW2,0.3333333333333333,0.2
2017-10,4,TVW2,0.5,0.4000000000000001
2017-10,4,TVW2,0.6666666666666666,0.4
2017-10,4,TVW3,0.1,2.4414070322160066e-17
2017-10,4,TVW3,0.25,0.15
2017-10,4,TVW3,0.5,0.3500000000000001
2017-10,4,TVW3,0.75,0.35
2017-10,4,TVW3,0.9,0.15
2017-10,5,TVW1,0.25,0.2
2017-10,5,TVW1,0.5,0.4
2017-10,5,TVW1,0.75,0.4
2017-10,5,TVW2,0.3333333333333333,0.2
2017-10,5,TVW2,0.5,0.39999999999999997
2017-10,5,TVW2,0.6666666666666666,0.4
2017-10,5,TVW3,0.1,0.0
2017-10,5,TVW3,0.25,0.15
2017-10,5,TVW3,0.5,0.3500000000000001
2017-10,5,TVW3,0.75,0.35
2017-10,5,TVW3,0.9,0.15
2017-10,6,TVW1,0.25,0.2
2017-10,6,TVW1,0.5,0.4
2017-10,6,TVW1,0.75,0.4
2017-10,6,TVW2,0.3333333333333333,0.2
2017-10,6,TVW2,0.5,0.4000000000000002
2017-10,6,TVW2,0.6666666666666666,0.3999999999999999
2017-10,6,TVW3,0.1,0.0
2017-10,6,TVW3,0.25,0.15
2017-10,6,TVW3,0.5,0.3500000000000001
2017-10,6,TVW3,0.75,0.35
2017-10,6,TVW3,0.9,0.15
2017-10,7,TVW1,0.25,0.19999999999999998
2017-10,7,TVW1,0.5,0.4
2017-10,7,TVW1,0.75,0.39999999999999986
2017-10,7,TVW2,0.3333333333333333,0.20000000000000004
2017-10,7,TVW2,0.5,0.39999999999999997
2017-10,7,TVW2,0.6666666666666666,0.4000000000000001
2017-10,7,TVW3,0.1,0.0
2017-10,7,TVW3,0.25,0.15000000000000002
2017-10,7,TVW3,0.5,0.35000000000000003
2017-10,7,TVW3,0.75,0.35
2017-10,7,TVW3,0.9,0.14999999999999997
2017-10,8,TVW1,0.25,0.2
2017-10,8,TVW1,0.5,0.4
2017-10,8,TVW1,0.75,0.4
2017-10,8,TVW2,0.3333333333333333,0.19999999999999998
2017-10,8,TVW2,0.5,0.4
2017-10,8,TVW2,0.6666666666666666,0.3999999999999999
2017-10,8,TVW3,0.1,0.0
2017-10,8,TVW3,0.25,0.15000000000000005
2017-10,8,TVW3,0.5,0.35
2017-10,8,TVW3,0.75,0.35000000000000003
2017-10,8,TVW3,0.9,0.15000000000000002
2017-10,9,TVW1,0.25,0.20000000000000004
2017-10,9,TVW1,0.5,0.4
2017-10,9,TVW1,0.75,0.4
2017-10,9,TVW2,0.3333333333333333,0.2
2017-10,9,TVW2,0.5,0.4
2017-10,9,TVW2,0.6666666666666666,0.4
2017-10,9,TVW3,0.1,0.0
2017-10,9,TVW3,0.25,0.15
2017-10,9,TVW3,0.5,0.4111789226070812
2017-10,9,TVW3,0.75,0.28882107739291885
2017-10,9,TVW3,0.9,0.14999999999999997
2017-10,10,TVW1,0.25,0.2
2017-10,10,TVW1,0.5,0.4
2017-10,10,TVW1,0.75,0.4
2017-10,10,TVW2,0.3333333333333333,0.20000000000000004
2017-10,10,TVW2,0.5,0.39999999999999997
2017-10,10,TVW2,0.6666666666666666,0.4000000000000001
2017-10,10,TVW3,0.1,0.0
2017-10,10,TVW3,0.25,0.15000000000000002
2017-10,10,TVW3,0.5,0.3500000000000001
2017-10,10,TVW3,0.75,0.35
2017-10,10,TVW3,0.9,0.15
2017-10,11,TVW1,0.25,0.2
2017-10,11,TVW1,0.5,0.4
2017-10,11,TVW1,0.75,0.39999999999999997
2017-10,11,TVW2,0.3333333333333333,0.2
2017-10,11,TVW2,0.5,0.4
2017-10,11,TVW2,0.6666666666666666,0.39999999999999986
2017-10,11,TVW3,0.1,9.871118359665396e-18
2017-10,11,TVW3,0.25,0.15328958141134622
2017-10,11,TVW3,0.5,0.3467104185886539
2017-10,11,TVW3,0.75,0.35
2017-10,11,TVW3,0.9,0.15
2017-10,12,TVW1,0.25,0.2
2017-10,12,TVW1,0.5,0.4000000000000001
2017-10,12,TVW1,0.75,0.3999999999999999
2017-10,12,TVW2,0.3333333333333333,0.2
2017-10,12,TVW2,0.5,0.4
2017-10,12,TVW2,0.6666666666666666,0.4
2017-10,12,TVW3,0.1,0.0
2017-10,12,TVW3,0.25,0.15000000000000002
2017-10,12,TVW3,0.5,0.3500000000000001
2017-10,12,TVW3,0.75,0.35
2017-10,12,TVW3,0.9,0.15
2017-10,13,TVW1,0.25,0.20000000000000004
2017-10,13,TVW1,0.5,0.4
2017-10,13,TVW1,0.75,0.4
2017-10,13,TVW2,0.3333333333333333,0.20000000000000004
2017-10,13,TVW2,0.5,0.3999999999999999
2017-10,13,TVW2,0.6666666666666666,0.4000000000000001
2017-10,13,TVW3,0.1,0.0
2017-10,13,TVW3,0.25,0.15
2017-10,13,TVW3,0.5,0.4579676398551425
2017-10,13,TVW3,0.75,0.35
2017-10,13,TVW3,0.9,0.042032360144857596
2017-11,1,TVW1,0.25,0.24275590695729116
2017-11,1,TVW1,0.5,0.4
2017-11,1,TVW1,0.75,0.3572440930427088
2017-11,1,TVW2,0.3333333333333333,0.2
2017-11,1,TVW2,0.5,0.4613314672104902
2017-11,1,TVW2,0.6666666666666666,0.33866853278950976
2017-11,1,TVW3,0.1,2.508880499124893e-17
2017-11,1,TVW3,0.25,0.3196268224241681
2017-11,1,TVW3,0.5,0.3
2017-11,1,TVW3,0.75,0.328457739156103
2017-11,1,TVW3,0.9,0.051915438419728906
2017-11,2,TVW1,0.25,0.20000000000000004
2017-11,2,TVW1,0.5,0.4
2017-11,2,TVW1,0.75,0.4
2017-11,2,TVW2,0.3333333333333333,0.2000000000000001
2017-11,2,TVW2,0.5,0.4
2017-11,2,TVW2,0.6666666666666666,0.39999999999999974
2017-11,2,TVW3,0.1,7.296343737568002e-18
2017-11,2,TVW3,0.25,0.20000000000000012
2017-11,2,TVW3,0.5,0.3
2017-11,2,TVW3,0.75,0.35
2017-11,2,TVW3,0.9,0.15
2017-11,3,TVW1,0.25,0.20000000000000004
2017-11,3,TVW1,0.5,0.4
2017-11,3,TVW1,0.75,0.4
2017-11,3,TVW2,0.3333333333333333,0.2
2017-11,3,TVW2,0.5,0.4
2017-11,3,TVW2,0.6666666666666666,0.4
2017-11,3,TVW3,0.1,0.0
2017-11,3,TVW3,0.25,0.15
2017-11,3,TVW3,0.5,0.35000000000000014
2017-11,3,TVW3,0.75,0.35
2017-11,3,TVW3,0.9,0.15
2017-11,4,TVW1,0.25,0.2
2017-11,4,TVW1,0.5,0.4
2017-11,4,TVW1,0.75,0.4
2017-11,4,TVW2,0.3333333333333333,0.20000000000000004
2017-11,4,TVW2,0.5,0.3999999999999999
2017-11,4,TVW2,0.6666666666666666,0.4000000000000001
2017-11,4,TVW3,0.1,0.0
2017-11,4,TVW3,0.25,0.15
2017-11,4,TVW3,0.5,0.35000000000000003
2017-11,4,TVW3,0.75,0.35
2017-11,4,TVW3,0.9,0.15
2017-11,5,TVW1,0.25,0.20000000000000004
2017-11,5,TVW1,0.5,0.4
2017-11,5,TVW1,0.75,0.4
2017-11,5,TVW2,0.3333333333333333,0.2000000000000001
2017-11,5,TVW2,0.5,0.3999999999999999
2017-11,5,TVW2,0.6666666666666666,0.4000000000000001
2017-11,5,TVW3,0.1,1.0391411064118489e-17
2017-11,5,TVW3,0.25,0.16137334821849686
2017-11,5,TVW3,0.5,0.33862665178150325
2017-11,5,TVW3,0.75,0.35
2017-11,5,TVW3,0.9,0.15
2017-11,6,TVW1,0.25,0.2
2017-11,6,TVW1,0.5,0.4
2017-11,6,TVW1,0.75,0.4
2017-11,6,TVW2,0.3333333333333333,0.2
2017-11,6,TVW2,0.5,0.4000000000000001
2017-11,6,TVW2,0.6666666666666666,0.4
2017-11,6,TVW3,0.1,5.9630330753655605e-18
2017-11,6,TVW3,0.25,0.15
2017-11,6,TVW3,0.5,0.3500000000000001
2017-11,6,TVW3,0.75,0.35
2017-11,6,TVW3,0.9,0.15
2017-11,7,TVW1,0.25,0.20000000000000004
2017-11,7,TVW1,0.5,0.4
2017-11,7,TVW1,0.75,0.4
2017-11,7,TVW2,0.3333333333333333,0.2
2017-11,7,TVW2,0.5,0.4
2017-11,7,TVW2,0.6666666666666666,0.4
2017-11,7,TVW3,0.1,0.0
2017-11,7,TVW3,0.25,0.14999999999999997
2017-11,7,TVW3,0.5,0.35000000000000014
2017-11,7,TVW3,0.75,0.3499999999999999
2017-11,7,TVW3,0.9,0.14999999999999997
2017-11,8,TVW1,0.25,0.2
2017-11,8,TVW1,0.5,0.4
2017-11,8,TVW1,0.75,0.4
2017-11,8,TVW2,0.3333333333333333,0.20000000000000004
2017-11,8,TVW2,0.5,0.3999999999999999
2017-11,8,TVW2,0.6666666666666666,0.4000000000000001
2017-11,8,TVW3,0.1,4.2857756739446704e-18
2017-11,8,TVW3,0.25,0.15
2017-11,8,TVW3,0.5,0.3500000000000001
2017-11,8,TVW3,0.75,0.35
2017-11,8,TVW3,0.9,0.15
2017-11,9,TVW1,0.25,0.2
2017-11,9,TVW1,0.5,0.4
2017-11,9,TVW1,0.75,0.4
2017-11,9,TVW2,0.3333333333333333,0.2
2017-11,9,TVW2,0.5,0.4000000000000001
2017-11,9,TVW2,0.6666666666666666,0.4
2017-11,9,TVW3,0.1,0.0
2017-11,9,TVW3,0.25,0.15
2017-11,9,TVW3,0.5,0.47123577452975324
2017-11,9,TVW3,0.75,0.22876422547024688
2017-11,9,TVW3,0.9,0.15
2017-11,10,TVW1,0.25,0.2
2017-11,10,TVW1,0.5,0.4
2017-11,10,TVW1,0.75,0.4
2017-11,10,TVW2,0.3333333333333333,0.2
2017-11,10,TVW2,0.5,0.4
2017-11,10,TVW2,0.6666666666666666,0.4
2017-11,10,TVW3,0.1,0.0
2017-11,10,TVW3,0.25,0.15
2017-11,10,TVW3,0.5,0.4132025912707625
2017-11,10,TVW3,0.75,0.2867974087292376
2017-11,10,TVW3,0.9,0.15
2017-11,11,TVW1,0.25,0.2
2017-11,11,TVW1,0.5,0.4
2017-11,11,TVW1,0.75,0.4
2017-11,11,TVW2,0.3333333333333333,0.2
2017-11,11,TVW2,0.5,0.4
2017-11,11,TVW2,0.6666666666666666,0.4
2017-11,11,TVW3,0.1,0.049999999999999954
2017-11,11,TVW3,0.25,0.15000000000000002
2017-11,11,TVW3,0.5,0.3000000000000001
2017-11,11,TVW3,0.75,0.35
2017-11,11,TVW3,0.9,0.15000000000000002
2017-11,12,TVW1,0.25,0.2
2017-11,12,TVW1,0.5,0.4
2017-11,12,TVW1,0.75,0.4
2017-11,12,TVW2,0.3333333333333333,0.19999999999999996
2017-11,12,TVW2,0.5,0.4000000000000001
2017-11,12,TVW2,0.6666666666666666,0.3999999999999999
2017-11,12,TVW3,0.1,0.0
2017-11,12,TVW3,0.25,0.2051520065422797
2017-11,12,TVW3,0.5,0.3000000000000001
2017-11,12,TVW3,0.75,0.34484799345772027
2017-11,12,TVW3,0.9,0.15
2017-11,13,TVW1,0.25,0.2
2017-11,13,TVW1,0.5,0.4
2017-11,13,TVW1,0.75,0.4
2017-11,13,TVW2,0.3333333333333333,0.19999999999999998
2017-11,13,TVW2,0.5,0.4
2017-11,13,TVW2,0.6666666666666666,0.39999999999999986
2017-11,13,TVW3,0.1,0.0
2017-11,13,TVW3,0.25,0.15
2017-11,13,TVW3,0.5,0.49712776015908794
2017-11,13,TVW3,0.75,0.35
2017-11,13,TVW3,0.9,0.002872239840912145
2017-12,1,TVW1,0.25,0.2
2017-12,1,TVW1,0.5,0.4
2017-12,1,TVW1,0.75,0.4
2017-12,1,TVW2,0.3333333333333333,0.2
2017-12,1,TVW2,0.5,0.4008276691381429
2017-12,1,TVW2,0.6666666666666666,0.3991723308618571
2017-12,1,TVW3,0.1,0.0
2017-12,1,TVW3,0.25,0.15
2017-12,1,TVW3,0.5,0.4915397780886975
2017-12,1,TVW3,0.75,0.35
2017-12,1,TVW3,0.9,0.008460221911302555
2017-12,2,TVW1,0.25,0.2
2017-12,2,TVW1,0.5,0.4
2017-12,2,TVW1,0.75,0.4
2017-12,2,TVW2,0.3333333333333333,0.2
2017-12,2,TVW2,0.5,0.40000000000000013
2017-12,2,TVW2,0.6666666666666666,0.4
2017-12,2,TVW3,0.1,1.0553059695331988e-17
2017-12,2,TVW3,0.25,0.25163148816861386
2017-12,2,TVW3,0.5,0.3
2017-12,2,TVW3,0.75,0.29836851183138613
2017-12,2,TVW3,0.9,0.15
2017-12,3,TVW1,0.25,0.20000000000000004
2017-12,3,TVW1,0.5,0.4
2017-12,3,TVW1,0.75,0.4
2017-12,3,TVW2,0.3333333333333333,0.20000000000000004
2017-12,3,TVW2,0.5,0.39999999999999997
2017-12,3,TVW2,0.6666666666666666,0.4
2017-12,3,TVW3,0.1,0.07312185485403468
2017-12,3,TVW3,0.25,0.15000000000000016
2017-12,3,TVW3,0.5,0.30000000000000027
2017-12,3,TVW3,0.75,0.32687814514596497
2017-12,3,TVW3,0.9,0.14999999999999997
2017-12,4,TVW1,0.25,0.2
2017-12,4,TVW1,0.5,0.4
2017-12,4,TVW1,0.75,0.4
2017-12,4,TVW2,0.3333333333333333,0.2
2017-12,4,TVW2,0.5,0.4000000000000001
2017-12,4,TVW2,0.6666666666666666,0.4
2017-12,4,TVW3,0.1,0.0
2017-12,4,TVW3,0.25,0.15
2017-12,4,TVW3,0.5,0.3840156975412152
2017-12,4,TVW3,0.75,0.3159843024587849
2017-12,4,TVW3,0.9,0.15
2017-12,5,TVW1,0.25,0.2
2017-12,5,TVW1,0.5,0.4
2017-12,5,TVW1,0.75,0.4
2017-12,5,TVW2,0.3333333333333333,0.2
2017-12,5,TVW2,0.5,0.4000000000000001
2017-12,5,TVW2,0.6666666666666666,0.4
2017-12,5,TVW3,0.1,0.0
2017-12,5,TVW3,0.25,0.15
2017-12,5,TVW3,0.5,0.5
2017-12,5,TVW3,0.75,0.19999999999999993
2017-12,5,TVW3,0.9,0.15
2017-12,6,TVW1,0.25,0.20000000000000004
2017-12,6,TVW1,0.5,0.4
2017-12,6,TVW1,0.75,0.3999999999999999
2017-12,6,TVW2,0.3333333333333333,0.29999999999999993
2017-12,6,TVW2,0.5,0.30000000000000004
2017-12,6,TVW2,0.6666666666666666,0.4000000000000001
2017-12,6,TVW3,0.1,0.0012697753949379468
2017-12,6,TVW3,0.25,0.1987302246050621
2017-12,6,TVW3,0.5,0.3
2017-12,6,TVW3,0.75,0.35
2017-12,6,TVW3,0.9,0.14999999999999997
2017-12,7,TVW1,0.25,0.2
2017-12,7,TVW1,0.5,0.4
2017-12,7,TVW1,0.75,0.4
2017-12,7,TVW2,0.3333333333333333,0.20000000000000004
2017-12,7,TVW2,0.5,0.4
2017-12,7,TVW2,0.6666666666666666,0.39999999999999997
2017-12,7,TVW3,0.1,0.0
2017-12,7,TVW3,0.25,0.23430170217732707
2017-12,7,TVW3,0.5,0.3
2017-12,7,TVW3,0.75,0.35
2017-12,7,TVW3,0.9,0.11569829782267292
2017-12,8,TVW1,0.25,0.2
2017-12,8,TVW1,0.5,0.4
2017-12,8,TVW1,0.75,0.4
2017-12,8,TVW2,0.3333333333333333,0.2
2017-12,8,TVW2,0.5,0.4000000000000001
2017-12,8,TVW2,0.6666666666666666,0.4
2017-12,8,TVW3,0.1,0.0
2017-12,8,TVW3,0.25,0.15000000000000005
2017-12,8,TVW3,0.5,0.3962683447599975
2017-12,8,TVW3,0.75,0.35
2017-12,8,TVW3,0.9,0.10373165524000252
2017-12,9,TVW1,0.25,0.2
2017-12,9,TVW1,0.5,0.4
2017-12,9,TVW1,0.75,0.4
2017-12,9,TVW2,0.3333333333333333,0.20000000000000004
2017-12,9,TVW2,0.5,0.4
2017-12,9,TVW2,0.6666666666666666,0.4
2017-12,9,TVW3,0.1,0.10620116040591138
2017-12,9,TVW3,0.25,0.15000000000000005
2017-12,9,TVW3,0.5,0.3624337210274091
2017-12,9,TVW3,0.75,0.2313651185666795
2017-12,9,TVW3,0.9,0.15
2017-12,10,TVW1,0.25,0.2
2017-12,10,TVW1,0.5,0.4
2017-12,10,TVW1,0.75,0.4
2017-12,10,TVW2,0.3333333333333333,0.20000000000000004
2017-12,10,TVW2,0.5,0.4
2017-12,10,TVW2,0.6666666666666666,0.4
2017-12,10,TVW3,0.1,0.0
2017-12,10,TVW3,0.25,0.3049442165647849
2017-12,10,TVW3,0.5,0.3
2017-12,10,TVW3,0.75,0.24505578343521522
2017-12,10,TVW3,0.9,0.15
2017-12,11,TVW1,0.25,0.2
2017-12,11,TVW1,0.5,0.4
2017-12,11,TVW1,0.75,0.4
2017-12,11,TVW2,0.3333333333333333,0.2
2017-12,11,TVW2,0.5,0.4000000000000001
2017-12,11,TVW2,0.6666666666666666,0.39999999999999997
2017-12,11,TVW3,0.1,0.08061457944007315
2017-12,11,TVW3,0.25,0.15000000000000002
2017-12,11,TVW3,0.5,0.30000000000000016
2017-12,11,TVW3,0.75,0.3193854205599268
2017-12,11,TVW3,0.9,0.15000000000000002
2017-12,12,TVW1,0.25,0.2
2017-12,12,TVW1,0.5,0.4
2017-12,12,TVW1,0.75,0.4
2017-12,12,TVW2,0.3333333333333333,0.20000000000000004
2017-12,12,TVW2,0.5,0.39999999999999997
2017-12,12,TVW2,0.6666666666666666,0.39999999999999997
2017-12,12,TVW3,0.1,1.443689801729496e-17
2017-12,12,TVW3,0.25,0.28905300353971286
2017-12,12,TVW3,0.5,0.30000000000000004
2017-12,12,TVW3,0.75,0.26094699646028713
2017-12,12,TVW3,0.9,0.14999999999999997
2017-12,13,TVW1,0.25,0.21502820879662443
2017-12,13,TVW1,0.5,0.4
2017-12,13,TVW1,0.75,0.38497179120337555
2017-12,13,TVW2,0.3333333333333333,0.19999999999999998
2017-12,13,TVW2,0.5,0.4
2017-12,13,TVW2,0.6666666666666666,0.3999999999999999
2017-12,13,TVW3,0.1,0.0
2017-12,13,TVW3,0.25,0.19877597670984215
2017-12,13,TVW3,0.5,0.451224023290158
2017-12,13,TVW3,0.75,0.35
2017-12,13,TVW3,0.9,0.0
2018-01,1,TVW1,0.25,0.2
2018-01,1,TVW1,0.5,0.5380433782400957
2018-01,1,TVW1,0.75,0.26195662175990436
2018-01,1,TVW2,0.3333333333333333,0.20000000000000004
2018-01,1,TVW2,0.5,0.5000000000000001
2018-01,1,TVW2,0.6666666666666666,0.3
2018-01,1,TVW3,0.1,0.0
2018-01,1,TVW3,0.25,0.21496071214204135
2018-01,1,TVW3,0.5,0.49999999999999994
2018-01,1,TVW3,0.75,0.2850392878579588
2018-01,1,TVW3,0.9,0.0
2018-01,2,TVW1,0.25,0.2
2018-01,2,TVW1,0.5,0.4
2018-01,2,TVW1,0.75,0.4
2018-01,2,TVW2,0.3333333333333333,0.2
2018-01,2,TVW2,0.5,0.40000000000000013
2018-01,2,TVW2,0.6666666666666666,0.4
2018-01,2,TVW3,0.1,0.0
2018-01,2,TVW3,0.25,0.3072078781055059
2018-01,2,TVW3,0.5,0.30000000000000004
2018-01,2,TVW3,0.75,0.24279212189449403
2018-01,2,TVW3,0.9,0.15
2018-01,3,TVW1,0.25,0.2
2018-01,3,TVW1,0.5,0.4
2018-01,3,TVW1,0.75,0.4
2018-01,3,TVW2,0.3333333333333333,0.20000000000000004
2018-01,3,TVW2,0.5,0.39999999999999997
2018-01,3,TVW2,0.6666666666666666,0.4000000000000001
2018-01,3,TVW3,0.1,0.01894930694777428
2018-01,3,TVW3,0.25,0.18105069305222585
2018-01,3,TVW3,0.5,0.3
2018-01,3,TVW3,0.75,0.35
2018-01,3,TVW3,0.9,0.15
2018-01,4,TVW1,0.25,0.2
2018-01,4,TVW1,0.5,0.4
2018-01,4,TVW1,0.75,0.4
2018-01,4,TVW2,0.3333333333333333,0.2000000000000001
2018-01,4,TVW2,0.5,0.4
2018-01,4,TVW2,0.6666666666666666,0.4
2018-01,4,TVW3,0.1,5.276651610971416e-18
2018-01,4,TVW3,0.25,0.17878807780234454
2018-01,4,TVW3,0.5,0.3212119221976555
2018-01,4,TVW3,0.75,0.35
2018-01,4,TVW3,0.9,0.15
2018-01,5,TVW1,0.25,0.20000000000000007
2018-01,5,TVW1,0.5,0.4
2018-01,5,TVW1,0.75,0.4
2018-01,5,TVW2,0.3333333333333333,0.2
2018-01,5,TVW2,0.5,0.4000000000000001
2018-01,5,TVW2,0.6666666666666666,0.4
2018-01,5,TVW3,0.1,0.0
2018-01,5,TVW3,0.25,0.22235227187240342
2018-01,5,TVW3,0.5,0.3
2018-01,5,TVW3,0.75,0.32764772812759674
2018-01,5,TVW3,0.9,0.15
2018-01,6,TVW1,0.25,0.2
2018-01,6,TVW1,0.5,0.4
2018-01,6,TVW1,0.75,0.4
2018-01,6,TVW2,0.3333333333333333,0.2
2018-01,6,TVW2,0.5,0.4000000000000001
2018-01,6,TVW2,0.6666666666666666,0.4
2018-01,6,TVW3,0.1,4.025258420641994e-05
2018-01,6,TVW3,0.25,0.15
2018-01,6,TVW3,0.5,0.3499597474157936
2018-01,6,TVW3,0.75,0.35
2018-01,6,TVW3,0.9,0.15
2018-01,7,TVW1,0.25,0.2000000000000001
2018-01,7,TVW1,0.5,0.4
2018-01,7,TVW1,0.75,0.4
2018-01,7,TVW2,0.3333333333333333,0.2
2018-01,7,TVW2,0.5,0.4000000000000001
2018-01,7,TVW2,0.6666666666666666,0.4
2018-01,7,TVW3,0.1,1.0930092804037162e-18
2018-01,7,TVW3,0.25,0.2058581084217837
2018-01,7,TVW3,0.5,0.3
2018-01,7,TVW3,0.75,0.34414189157821634
2018-01,7,TVW3,0.9,0.15
2018-01,8,TVW1,0.25,0.2
2018-01,8,TVW1,0.5,0.4
2018-01,8,TVW1,0.75,0.39999999999999997
2018-01,8,TVW2,0.3333333333333333,0.2
2018-01,8,TVW2,0.5,0.4
2018-01,8,TVW2,0.6666666666666666,0.39999999999999997
2018-01,8,TVW3,0.1,0.0
2018-01,8,TVW3,0.25,0.15
2018-01,8,TVW3,0.5,0.35000000000000003
2018-01,8,TVW3,0.75,0.35
2018-01,8,TVW3,0.9,0.15
2018-01,9,TVW1,0.25,0.2
2018-01,9,TVW1,0.5,0.4
2018-01,9,TVW1,0.75,0.4
2018-01,9,TVW2,0.3333333333333333,0.2
2018-01,9,TVW2,0.5,0.4
2018-01,9,TVW2,0.6666666666666666,0.4
2018-01,9,TVW3,0.1,0.0
2018-01,9,TVW3,0.25,0.2767627545481602
2018-01,9,TVW3,0.5,0.30000000000000004
2018-01,9,TVW3,0.75,0.2732372454518398
2018-01,9,TVW3,0.9,0.15
2018-01,10,TVW1,0.25,0.2
2018-01,10,TVW1,0.5,0.4
2018-01,10,TVW1,0.75,0.4
2018-01,10,TVW2,0.3333333333333333,0.2
2018-01,10,TVW2,0.5,0.4000000000000001
2018-01,10,TVW2,0.6666666666666666,0.4
2018-01,10,TVW3,0.1,1.0397974104871758e-16
2018-01,10,TVW3,0.25,0.1999999999999998
2018-01,10,TVW3,0.5,0.49999999999999994
2018-01,10,TVW3,0.75,0.15000000000000016
2018-01,10,TVW3,0.9,0.15
2018-01,11,TVW1,0.25,0.20000000000000004
2018-01,11,TVW1,0.5,0.5391573500756535
2018-01,11,TVW1,0.75,0.2608426499243465
2018-01,11,TVW2,0.3333333333333333,0.2
2018-01,11,TVW2,0.5,0.39999999999999997
2018-01,11,TVW2,0.6666666666666666,0.4
2018-01,11,TVW3,0.1,0.04466152730139302
2018-01,11,TVW3,0.25,0.15000000000000005
2018-01,11,TVW3,0.5,0.4999999999999999
2018-01,11,TVW3,0.75,0.3053384726986071
2018-01,11,TVW3,0.9,2.518569752865719e-17
2018-01,12,TVW1,0.25,0.21847577045972583
2018-01,12,TVW1,0.5,0.4000000000000001
2018-01,12,TVW1,0.75,0.38152422954027415
2018-01,12,TVW2,0.3333333333333333,0.2
2018-01,12,TVW2,0.5,0.4000000000000001
2018-01,12,TVW2,0.6666666666666666,0.4
2018-01,12,TVW3,0.1,0.0
2018-01,12,TVW3,0.25,0.34999999999999987
2018-01,12,TVW3,0.5,0.3267645733059048
2018-01,12,TVW3,0.75,0.1732354266940954
2018-01,12,TVW3,0.9,0.15
2018-01,13,TVW1,0.25,0.3818098835368711
2018-01,13,TVW1,0.5,0.4181901164631288
2018-01,13,TVW1,0.75,0.2
2018-01,13,TVW2,0.3333333333333333,0.4
2018-01,13,TVW2,0.5,0.4
2018-01,13,TVW2,0.6666666666666666,0.2
2018-01,13,TVW3,0.1,0.0
2018-01,13,TVW3,0.25,0.3465139833018878
2018-01,13,TVW3,0.5,0.49999999999999994
2018-01,13,TVW3,0.75,0.1534860166981123
2018-01,13,TVW3,0.9,1.0727206229640333e-17
2018-02,1,TVW1,0.25,0.2
2018-02,1,TVW1,0.5,0.6
2018-02,1,TVW1,0.75,0.20000000000000004
2018-02,1,TVW2,0.3333333333333333,0.24583593609599366
2018-02,1,TVW2,0.5,0.4192584257058569
2018-02,1,TVW2,0.6666666666666666,0.3349056381981495
2018-02,1,TVW3,0.1,0.0
2018-02,1,TVW3,0.25,0.25099277209815407
2018-02,1,TVW3,0.5,0.5
2018-02,1,TVW3,0.75,0.24900722790184604
2018-02,1,TVW3,0.9,0.0
2018-02,2,TVW1,0.25,0.2
2018-02,2,TVW1,0.5,0.5452354354281456
2018-02,2,TVW1,0.75,0.2547645645718544
2018-02,2,TVW2,0.3333333333333333,0.22045114015587175
2018-02,2,TVW2,0.5,0.37954885984412834
2018-02,2,TVW2,0.6666666666666666,0.4
2018-02,2,TVW3,0.1,0.14999999999999994
2018-02,2,TVW3,0.25,0.15
2018-02,2,TVW3,0.5,0.3355175084057985
2018-02,2,TVW3,0.75,0.34999999999999987
2018-02,2,TVW3,0.9,0.01448249159420168
2018-02,3,TVW1,0.25,0.2
2018-02,3,TVW1,0.5,0.4
2018-02,3,TVW1,0.75,0.39999999999999997
2018-02,3,TVW2,0.3333333333333333,0.26078519271116285
2018-02,3,TVW2,0.5,0.3392148072888372
2018-02,3,TVW2,0.6666666666666666,0.4000000000000001
2018-02,3,TVW3,0.1,0.1315851262228383
2018-02,3,TVW3,0.25,0.15
2018-02,3,TVW3,0.5,0.3
2018-02,3,TVW3,0.75,0.2684148737771618
2018-02,3,TVW3,0.9,0.15
2018-02,4,TVW1,0.25,0.23502715789212134
2018-02,4,TVW1,0.5,0.4000000000000001
2018-02,4,TVW1,0.75,0.36497284210787856
2018-02,4,TVW2,0.3333333333333333,0.2
2018-02,4,TVW2,0.5,0.4
2018-02,4,TVW2,0.6666666666666666,0.4
2018-02,4,TVW3,0.1,0.013180906906616068
2018-02,4,TVW3,0.25,0.35000000000000003
2018-02,4,TVW3,0.5,0.30000000000000004
2018-02,4,TVW3,0.75,0.1868190930933839
2018-02,4,TVW3,0.9,0.15000000000000002
2018-02,5,TVW1,0.25,0.21874730523581112
2018-02,5,TVW1,0.5,0.4
2018-02,5,TVW1,0.75,0.3812526947641889
2018-02,5,TVW2,0.3333333333333333,0.20000000000000004
2018-02,5,TVW2,0.5,0.3999999999999999
2018-02,5,TVW2,0.6666666666666666,0.4000000000000001
2018-02,5,TVW3,0.1,0.14999999999999972
2018-02,5,TVW3,0.25,0.15032698319596588
2018-02,5,TVW3,0.5,0.3
2018-02,5,TVW3,0.75,0.2496730168040343
2018-02,5,TVW3,0.9,0.15
2018-02,6,TVW1,0.25,0.2
2018-02,6,TVW1,0.5,0.4
2018-02,6,TVW1,0.75,0.4
2018-02,6,TVW2,0.3333333333333333,0.20000000000000004
2018-02,6,TVW2,0.5,0.39999999999999997
2018-02,6,TVW2,0.6666666666666666,0.4000000000000001
2018-02,6,TVW3,0.1,0.08335183711056406
2018-02,6,TVW3,0.25,0.15000000000000002
2018-02,6,TVW3,0.5,0.29999999999999993
2018-02,6,TVW3,0.75,0.3166481628894361
2018-02,6,TVW3,0.9,0.14999999999999997
2018-02,7,TVW1,0.25,0.2
2018-02,7,TVW1,0.5,0.4
2018-02,7,TVW1,0.75,0.39999999999999997
2018-02,7,TVW2,0.3333333333333333,0.2
2018-02,7,TVW2,0.5,0.39999999999999997
2018-02,7,TVW2,0.6666666666666666,0.4
2018-02,7,TVW3,0.1,0.14849017684004076
2018-02,7,TVW3,0.25,0.15
2018-02,7,TVW3,0.5,0.3000000000000001
2018-02,7,TVW3,0.75,0.2515098231599592
2018-02,7,TVW3,0.9,0.14999999999999997
2018-02,8,TVW1,0.25,0.2
2018-02,8,TVW1,0.5,0.420580980466885
2018-02,8,TVW1,0.75,0.37941901953311497
2018-02,8,TVW2,0.3333333333333333,0.20000000000000007
2018-02,8,TVW2,0.5,0.4
2018-02,8,TVW2,0.6666666666666666,0.4
2018-02,8,TVW3,0.1,0.05669559600458398
2018-02,8,TVW3,0.25,0.1500000000000002
2018-02,8,TVW3,0.5,0.49999999999999944
2018-02,8,TVW3,0.75,0.1500000000000005
2018-02,8,TVW3,0.9,0.1433044039954159
2018-02,9,TVW1,0.25,0.20346061866745177
2018-02,9,TVW1,0.5,0.4
2018-02,9,TVW1,0.75,0.3965393813325481
2018-02,9,TVW2,0.3333333333333333,0.2
2018-02,9,TVW2,0.5,0.4
2018-02,9,TVW2,0.6666666666666666,0.4
2018-02,9,TVW3,0.1,0.017789145445863425
2018-02,9,TVW3,0.25,0.34999999999999987
2018-02,9,TVW3,0.5,0.29999999999999993
2018-02,9,TVW3,0.75,0.18221085455413683
2018-02,9,TVW3,0.9,0.1499999999999999
2018-02,10,TVW1,0.25,0.21950306479110857
2018-02,10,TVW1,0.5,0.4
2018-02,10,TVW1,0.75,0.3804969352088914
2018-02,10,TVW2,0.3333333333333333,0.2
2018-02,10,TVW2,0.5,0.4045267438260887
2018-02,10,TVW2,0.6666666666666666,0.39547325617391127
2018-02,10,TVW3,0.1,0.15
2018-02,10,TVW3,0.25,0.20592409091355537
2018-02,10,TVW3,0.5,0.3
2018-02,10,TVW3,0.75,0.19407590908644468
2018-02,10,TVW3,0.9,0.15
2018-02,11,TVW1,0.25,0.2
2018-02,11,TVW1,0.5,0.5448175652593151
2018-02,11,TVW1,0.75,0.2551824347406849
2018-02,11,TVW2,0.3333333333333333,0.2
2018-02,11,TVW2,0.5,0.4000000000000001
2018-02,11,TVW2,0.6666666666666666,0.4
2018-02,11,TVW3,0.1,0.06754675460588656
2018-02,11,TVW3,0.25,0.15000000000000008
2018-02,11,TVW3,0.5,0.489877330773482
2018-02,11,TVW3,0.75,0.2925759146206312
2018-02,11,TVW3,0.9,2.708197587189555e-16
2018-02,12,TVW1,0.25,0.2954727675033486
2018-02,12,TVW1,0.5,0.3999999999999999
2018-02,12,TVW1,0.75,0.30452723249665137
2018-02,12,TVW2,0.3333333333333333,0.332260699632254
2018-02,12,TVW2,0.5,0.3000000000000001
2018-02,12,TVW2,0.6666666666666666,0.367739300367746
2018-02,12,TVW3,0.1,0.15
2018-02,12,TVW3,0.25,0.24240309106408567
2018-02,12,TVW3,0.5,0.3
2018-02,12,TVW3,0.75,0.15759690893591424
2018-02,12,TVW3,0.9,0.15
2018-02,13,TVW1,0.25,0.4
2018-02,13,TVW1,0.5,0.4
2018-02,13,TVW1,0.75,0.2
2018-02,13,TVW2,0.3333333333333333,0.4
2018-02,13,TVW2,0.5,0.39999999999999997
2018-02,13,TVW2,0.6666666666666666,0.20000000000000004
2018-02,13,TVW3,0.1,0.0432735164478177
2018-02,13,TVW3,0.25,0.35
2018-02,13,TVW3,0.5,0.4567264835521824
2018-02,13,TVW3,0.75,0.15
2018-02,13,TVW3,0.9,9.034538166563154e-18
2018-03,1,TVW1,0.25,0.2
2018-03,1,TVW1,0.5,0.566191163729813
2018-03,1,TVW1,0.75,0.23380883627018692
2018-03,1,TVW2,0.3333333333333333,0.2718894766397153
2018-03,1,TVW2,0.5,0.3281105233602847
2018-03,1,TVW2,0.6666666666666666,0.4
2018-03,1,TVW3,0.1,2.6799673728371654e-16
2018-03,1,TVW3,0.25,0.23092945872361856
2018-03,1,TVW3,0.5,0.5
2018-03,1,TVW3,0.75,0.26907054127638114
2018-03,1,TVW3,0.9,0.0
2018-03,2,TVW1,0.25,0.2
2018-03,2,TVW1,0.5,0.5566195092117956
2018-03,2,TVW1,0.75,0.24338049078820448
2018-03,2,TVW2,0.3333333333333333,0.2946222430728663
2018-03,2,TVW2,0.5,0.3053777569271337
2018-03,2,TVW2,0.6666666666666666,0.4
2018-03,2,TVW3,0.1,0.1499999999999999
2018-03,2,TVW3,0.25,0.15000000000000016
2018-03,2,TVW3,0.5,0.35000000000000003
2018-03,2,TVW3,0.75,0.3499999999999999
2018-03,2,TVW3,0.9,3.8522810585135895e-17
2018-03,3,TVW1,0.25,0.2641893004738751
2018-03,3,TVW1,0.5,0.3999999999999999
2018-03,3,TVW1,0.75,0.33581069952612486
2018-03,3,TVW2,0.3333333333333333,0.23958296480611044
2018-03,3,TVW2,0.5,0.36041703519388957
2018-03,3,TVW2,0.6666666666666666,0.4
2018-03,3,TVW3,0.1,0.14999999999999994
2018-03,3,TVW3,0.25,0.19648055143144164
2018-03,3,TVW3,0.5,0.3000000000000001
2018-03,3,TVW3,0.75,0.20351944856855844
2018-03,3,TVW3,0.9,0.14999999999999994
2018-03,4,TVW1,0.25,0.26911680042903585
2018-03,4,TVW1,0.5,0.4
2018-03,4,TVW1,0.75,0.33088319957096424
2018-03,4,TVW2,0.3333333333333333,0.3
2018-03,4,TVW2,0.5,0.3
2018-03,4,TVW2,0.6666666666666666,0.4
2018-03,4,TVW3,0.1,0.0
2018-03,4,TVW3,0.25,0.35000000000000003
2018-03,4,TVW3,0.5,0.30000000000000004
2018-03,4,TVW3,0.75,0.2922577641708416
2018-03,4,TVW3,0.9,0.057742235829158516
2018-03,5,TVW1,0.25,0.2681715339086513
2018-03,5,TVW1,0.5,0.3999999999999999
2018-03,5,TVW1,0.75,0.3318284660913488
2018-03,5,TVW2,0.3333333333333333,0.2
2018-03,5,TVW2,0.5,0.5
2018-03,5,TVW2,0.6666666666666666,0.3
2018-03,5,TVW3,0.1,0.14999999999999997
2018-03,5,TVW3,0.25,0.19954028459078202
2018-03,5,TVW3,0.5,0.3
2018-03,5,TVW3,0.75,0.200459715409218
2018-03,5,TVW3,0.9,0.14999999999999997
2018-03,6,TVW1,0.25,0.21629205381636768
2018-03,6,TVW1,0.5,0.4
2018-03,6,TVW1,0.75,0.3837079461836324
2018-03,6,TVW2,0.3333333333333333,0.29423520820699406
2018-03,6,TVW2,0.5,0.305764791793006
2018-03,6,TVW2,0.6666666666666666,0.4
2018-03,6,TVW3,0.1,0.15
2018-03,6,TVW3,0.25,0.15
2018-03,6,TVW3,0.5,0.3
2018-03,6,TVW3,0.75,0.2500000000000001
2018-03,6,TVW3,0.9,0.15
2018-03,7,TVW1,0.25,0.2531893170028399
2018-03,7,TVW1,0.5,0.4000000000000001
2018-03,7,TVW1,0.75,0.34681068299715995
2018-03,7,TVW2,0.3333333333333333,0.3
2018-03,7,TVW2,0.5,0.3
2018-03,7,TVW2,0.6666666666666666,0.4
2018-03,7,TVW3,0.1,0.14999999999999988
2018-03,7,TVW3,0.25,0.15000000000000002
2018-03,7,TVW3,0.5,0.3000000000000001
2018-03,7,TVW3,0.75,0.35000000000000003
2018-03,7,TVW3,0.9,0.05000000000000006
2018-03,8,TVW1,0.25,0.20000000000000012
2018-03,8,TVW1,0.5,0.6
2018-03,8,TVW1,0.75,0.2
2018-03,8,TVW2,0.3333333333333333,0.30000000000000004
2018-03,8,TVW2,0.5,0.49999999999999994
2018-03,8,TVW2,0.6666666666666666,0.2
2018-03,8,TVW3,0.1,0.0
2018-03,8,TVW3,0.25,0.2586408500950834
2018-03,8,TVW3,0.5,0.49999999999999944
2018-03,8,TVW3,0.75,0.24135914990491714
2018-03,8,TVW3,0.9,0.0
2018-03,9,TVW1,0.25,0.2
2018-03,9,TVW1,0.5,0.5656890933121875
2018-03,9,TVW1,0.75,0.23431090668781246
2018-03,9,TVW2,0.3333333333333333,0.20000000000000004
2018-03,9,TVW2,0.5,0.5
2018-03,9,TVW2,0.6666666666666666,0.3
2018-03,9,TVW3,0.1,0.14999999999999986
2018-03,9,TVW3,0.25,0.16534215399932684
2018-03,9,TVW3,0.5,0.3864089933921857
2018-03,9,TVW3,0.75,0.14999999999999997
2018-03,9,TVW3,0.9,0.14824885260848752
2018-03,10,TVW1,0.25,0.2
2018-03,10,TVW1,0.5,0.553656423641301
2018-03,10,TVW1,0.75,0.24634357635869902
2018-03,10,TVW2,0.3333333333333333,0.23985991219426553
2018-03,10,TVW2,0.5,0.4999999999999998
2018-03,10,TVW2,0.6666666666666666,0.26014008780573467
2018-03,10,TVW3,0.1,0.15
2018-03,10,TVW3,0.25,0.15
2018-03,10,TVW3,0.5,0.4
2018-03,10,TVW3,0.75,0.15000000000000002
2018-03,10,TVW3,0.9,0.15
2018-03,11,TVW1,0.25,0.33002120635514076
2018-03,11,TVW1,0.5,0.4202400332544068
2018-03,11,TVW1,0.75,0.24973876039045245
2018-03,11,TVW2,0.3333333333333333,0.3347097668405676
2018-03,11,TVW2,0.5,0.3
2018-03,11,TVW2,0.6666666666666666,0.3652902331594325
2018-03,11,TVW3,0.1,0.15
2018-03,11,TVW3,0.25,0.15000000000000002
2018-03,11,TVW3,0.5,0.406178080423068
2018-03,11,TVW3,0.75,0.29382191957693193
2018-03,11,TVW3,0.9,1.2608965523799629e-17
2018-03,12,TVW1,0.25,0.30005846021779636
2018-03,12,TVW1,0.5,0.4
2018-03,12,TVW1,0.75,0.2999415397822036
2018-03,12,TVW2,0.3333333333333333,0.36542799173239854
2018-03,12,TVW2,0.5,0.29999999999999993
2018-03,12,TVW2,0.6666666666666666,0.3345720082676015
2018-03,12,TVW3,0.1,0.15
2018-03,12,TVW3,0.25,0.2469219194840019
2018-03,12,TVW3,0.5,0.303078080515998
2018-03,12,TVW3,0.75,0.15000000000000008
2018-03,12,TVW3,0.9,0.15
2018-03,13,TVW1,0.25,0.4
2018-03,13,TVW1,0.5,0.4000000000000001
2018-03,13,TVW1,0.75,0.2
2018-03,13,TVW2,0.3333333333333333,0.4
2018-03,13,TVW2,0.5,0.4
2018-03,13,TVW2,0.6666666666666666,0.2
2018-03,13,TVW3,0.1,0.030830598438436725
2018-03,13,TVW3,0.25,0.3499999999999998
2018-03,13,TVW3,0.5,0.4691694015615635
2018-03,13,TVW3,0.75,0.15
2018-03,13,TVW3,0.9,2.421387931428786e-17
2018-04,1,TVW1,0.25,0.2937221417703864
2018-04,1,TVW1,0.5,0.4595581708799405
2018-04,1,TVW1,0.75,0.24671968734967314
2018-04,1,TVW2,0.3333333333333333,0.2831896754514372
2018-04,1,TVW2,0.5,0.3168103245485629
2018-04,1,TVW2,0.6666666666666666,0.4
2018-04,1,TVW3,0.1,0.0
2018-04,1,TVW3,0.25,0.35
2018-04,1,TVW3,0.5,0.41278777866619343
2018-04,1,TVW3,0.75,0.15000000000000002
2018-04,1,TVW3,0.9,0.08721222133380657
2018-04,2,TVW1,0.25,0.2151419803089765
2018-04,2,TVW1,0.5,0.4
2018-04,2,TVW1,0.75,0.3848580196910235
2018-04,2,TVW2,0.3333333333333333,0.30000000000000004
2018-04,2,TVW2,0.5,0.3
2018-04,2,TVW2,0.6666666666666666,0.4
2018-04,2,TVW3,0.1,0.0
2018-04,2,TVW3,0.25,0.17418202041603667
2018-04,2,TVW3,0.5,0.4758179795839634
2018-04,2,TVW3,0.75,0.35
2018-04,2,TVW3,0.9,7.531546196599739e-18
2018-04,3,TVW1,0.25,0.2
2018-04,3,TVW1,0.5,0.4
2018-04,3,TVW1,0.75,0.39999999999999997
2018-04,3,TVW2,0.3333333333333333,0.20000000000000007
2018-04,3,TVW2,0.5,0.3999999999999999
2018-04,3,TVW2,0.6666666666666666,0.4000000000000001
2018-04,3,TVW3,0.1,0.09675636169593181
2018-04,3,TVW3,0.25,0.15
2018-04,3,TVW3,0.5,0.3811769136973755
2018-04,3,TVW3,0.75,0.2220667246066927
2018-04,3,TVW3,0.9,0.15
2018-04,4,TVW1,0.25,0.2
2018-04,4,TVW1,0.5,0.4
2018-04,4,TVW1,0.75,0.4
2018-04,4,TVW2,0.3333333333333333,0.2
2018-04,4,TVW2,0.5,0.39999999999999997
2018-04,4,TVW2,0.6666666666666666,0.4
2018-04,4,TVW3,0.1,0.0
2018-04,4,TVW3,0.25,0.34204936213803416
2018-04,4,TVW3,0.5,0.3
2018-04,4,TVW3,0.75,0.20795063786196602
2018-04,4,TVW3,0.9,0.15
2018-04,5,TVW1,0.25,0.2
2018-04,5,TVW1,0.5,0.4
2018-04,5,TVW1,0.75,0.4
2018-04,5,TVW2,0.3333333333333333,0.2
2018-04,5,TVW2,0.5,0.4000000000000001
2018-04,5,TVW2,0.6666666666666666,0.4
2018-04,5,TVW3,0.1,0.12332117439517314
2018-04,5,TVW3,0.25,0.15
2018-04,5,TVW3,0.5,0.3
2018-04,5,TVW3,0.75,0.27667882560482704
2018-04,5,TVW3,0.9,0.1499999999999999
2018-04,6,TVW1,0.25,0.2
2018-04,6,TVW1,0.5,0.4
2018-04,6,TVW1,0.75,0.4
2018-04,6,TVW2,0.3333333333333333,0.2
2018-04,6,TVW2,0.5,0.4000000000000001
2018-04,6,TVW2,0.6666666666666666,0.4
2018-04,6,TVW3,0.1,3.804247619305916e-18
2018-04,6,TVW3,0.25,0.17069289290767098
2018-04,6,TVW3,0.5,0.5000000000000001
2018-04,6,TVW3,0.75,0.17930710709232908
2018-04,6,TVW3,0.9,0.15
2018-04,7,TVW1,0.25,0.2
2018-04,7,TVW1,0.5,0.4549424323570553
2018-04,7,TVW1,0.75,0.34505756764294465
2018-04,7,TVW2,0.3333333333333333,0.20000000000000004
2018-04,7,TVW2,0.5,0.3999999999999999
2018-04,7,TVW2,0.6666666666666666,0.4
2018-04,7,TVW3,0.1,0.0
2018-04,7,TVW3,0.25,0.3499999999999999
2018-04,7,TVW3,0.5,0.35233531889013686
2018-04,7,TVW3,0.75,0.14999999999999997
2018-04,7,TVW3,0.9,0.14766468110986328
2018-04,8,TVW1,0.25,0.22718359827161103
2018-04,8,TVW1,0.5,0.4
2018-04,8,TVW1,0.75,0.37281640172838904
2018-04,8,TVW2,0.3333333333333333,0.20000000000000004
2018-04,8,TVW2,0.5,0.3999999999999999
2018-04,8,TVW2,0.6666666666666666,0.4000000000000001
2018-04,8,TVW3,0.1,0.0
2018-04,8,TVW3,0.25,0.21298535435404561
2018-04,8,TVW3,0.5,0.43701464564595444
2018-04,8,TVW3,0.75,0.35
2018-04,8,TVW3,0.9,0.0
2018-04,9,TVW1,0.25,0.2
2018-04,9,TVW1,0.5,0.4
2018-04,9,TVW1,0.75,0.4
2018-04,9,TVW2,0.3333333333333333,0.2
2018-04,9,TVW2,0.5,0.4000000000000001
2018-04,9,TVW2,0.6666666666666666,0.4
2018-04,9,TVW3,0.1,0.006781549849146089
2018-04,9,TVW3,0.25,0.3499999999999998
2018-04,9,TVW3,0.5,0.30000000000000004
2018-04,9,TVW3,0.75,0.19321845015085412
2018-04,9,TVW3,0.9,0.14999999999999994
2018-04,10,TVW1,0.25,0.2
2018-04,10,TVW1,0.5,0.4701099755605284
2018-04,10,TVW1,0.75,0.3298900244394716
2018-04,10,TVW2,0.3333333333333333,0.2
2018-04,10,TVW2,0.5,0.42434015545913906
2018-04,10,TVW2,0.6666666666666666,0.37565984454086093
2018-04,10,TVW3,0.1,0.12498830853099932
2018-04,10,TVW3,0.25,0.15
2018-04,10,TVW3,0.5,0.42501169146900075
2018-04,10,TVW3,0.75,0.15
2018-04,10,TVW3,0.9,0.15
2018-04,11,TVW1,0.25,0.2960277070026651
2018-04,11,TVW1,0.5,0.4000000000000001
2018-04,11,TVW1,0.75,0.3039722929973349
2018-04,11,TVW2,0.3333333333333333,0.22515235742783943
2018-04,11,TVW2,0.5,0.3748476425721606
2018-04,11,TVW2,0.6666666666666666,0.4
2018-04,11,TVW3,0.1,0.0
2018-04,11,TVW3,0.25,0.3499999999999999
2018-04,11,TVW3,0.5,0.30000000000000016
2018-04,11,TVW3,0.75,0.35
2018-04,11,TVW3,0.9,4.267876178073186e-17
2018-04,12,TVW1,0.25,0.24952422898736
2018-04,12,TVW1,0.5,0.4000000000000001
2018-04,12,TVW1,0.75,0.35047577101264
2018-04,12,TVW2,0.3333333333333333,0.2724552503695973
2018-04,12,TVW2,0.5,0.32754474963040286
2018-04,12,TVW2,0.6666666666666666,0.4
2018-04,12,TVW3,0.1,0.0022082091080203744
2018-04,12,TVW3,0.25,0.35
2018-04,12,TVW3,0.5,0.3
2018-04,12,TVW3,0.75,0.24128785047673235
2018-04,12,TVW3,0.9,0.10650394041524733
2018-04,13,TVW1,0.25,0.2902523212682771
2018-04,13,TVW1,0.5,0.509747678731723
2018-04,13,TVW1,0.75,0.2
2018-04,13,TVW2,0.3333333333333333,0.4
2018-04,13,TVW2,0.5,0.3999999999999999
2018-04,13,TVW2,0.6666666666666666,0.2
2018-04,13,TVW3,0.1,0.0
2018-04,13,TVW3,0.25,0.3096156143890127
2018-04,13,TVW3,0.5,0.5000000000000001
2018-04,13,TVW3,0.75,0.19038438561098728
2018-04,13,TVW3,0.9,1.1484719199817147e-17
2018-05,1,TVW1,0.25,0.20000000000000007
2018-05,1,TVW1,0.5,0.5514176316180428
2018-05,1,TVW1,0.75,0.24858236838195716
2018-05,1,TVW2,0.3333333333333333,0.19999999999999996
2018-05,1,TVW2,0.5,0.448178828089578
2018-05,1,TVW2,0.6666666666666666,0.35182117191042195
2018-05,1,TVW3,0.1,3.7852634933837455e-17
2018-05,1,TVW3,0.25,0.24575820106696783
2018-05,1,TVW3,0.5,0.5
2018-05,1,TVW3,0.75,0.16595311796376588
2018-05,1,TVW3,0.9,0.08828868096926623
2018-05,2,TVW1,0.25,0.2
2018-05,2,TVW1,0.5,0.4
2018-05,2,TVW1,0.75,0.39999999999999997
2018-05,2,TVW2,0.3333333333333333,0.20000000000000004
2018-05,2,TVW2,0.5,0.4000000000000001
2018-05,2,TVW2,0.6666666666666666,0.39999999999999997
2018-05,2,TVW3,0.1,0.0
2018-05,2,TVW3,0.25,0.15
2018-05,2,TVW3,0.5,0.5
2018-05,2,TVW3,0.75,0.35
2018-05,2,TVW3,0.9,3.1008182133085427e-17
2018-05,3,TVW1,0.25,0.2
2018-05,3,TVW1,0.5,0.4000000000000001
2018-05,3,TVW1,0.75,0.39999999999999997
2018-05,3,TVW2,0.3333333333333333,0.2
2018-05,3,TVW2,0.5,0.4000000000000001
2018-05,3,TVW2,0.6666666666666666,0.4
2018-05,3,TVW3,0.1,0.0500000000000001
2018-05,3,TVW3,0.25,0.15
2018-05,3,TVW3,0.5,0.3
2018-05,3,TVW3,0.75,0.35
2018-05,3,TVW3,0.9,0.15
2018-05,4,TVW1,0.25,0.2
2018-05,4,TVW1,0.5,0.4000000000000001
2018-05,4,TVW1,0.75,0.4
2018-05,4,TVW2,0.3333333333333333,0.2000000000000001
2018-05,4,TVW2,0.5,0.39999999999999997
2018-05,4,TVW2,0.6666666666666666,0.39999999999999997
2018-05,4,TVW3,0.1,9.638884998639269e-18
2018-05,4,TVW3,0.25,0.17238740525064847
2018-05,4,TVW3,0.5,0.5
2018-05,4,TVW3,0.75,0.17761259474935162
2018-05,4,TVW3,0.9,0.15
2018-05,5,TVW1,0.25,0.20000000000000004
2018-05,5,TVW1,0.5,0.4
2018-05,5,TVW1,0.75,0.4
2018-05,5,TVW2,0.3333333333333333,0.2
2018-05,5,TVW2,0.5,0.4000000000000001
2018-05,5,TVW2,0.6666666666666666,0.4
2018-05,5,TVW3,0.1,0.061642971834950204
2018-05,5,TVW3,0.25,0.15
2018-05,5,TVW3,0.5,0.3
2018-05,5,TVW3,0.75,0.3383570281650499
2018-05,5,TVW3,0.9,0.15
2018-05,6,TVW1,0.25,0.2
2018-05,6,TVW1,0.5,0.4
2018-05,6,TVW1,0.75,0.39999999999999997
2018-05,6,TVW2,0.3333333333333333,0.2
2018-05,6,TVW2,0.5,0.39999999999999997
2018-05,6,TVW2,0.6666666666666666,0.4
2018-05,6,TVW3,0.1,0.0
2018-05,6,TVW3,0.25,0.15
2018-05,6,TVW3,0.5,0.4554274932494182
2018-05,6,TVW3,0.75,0.2445725067505819
2018-05,6,TVW3,0.9,0.15
2018-05,7,TVW1,0.25,0.20000000000000004
2018-05,7,TVW1,0.5,0.4
2018-05,7,TVW1,0.75,0.4
2018-05,7,TVW2,0.3333333333333333,0.2
2018-05,7,TVW2,0.5,0.4
2018-05,7,TVW2,0.6666666666666666,0.4
2018-05,7,TVW3,0.1,2.7621160710003365e-18
2018-05,7,TVW3,0.25,0.25311154064675223
2018-05,7,TVW3,0.5,0.3
2018-05,7,TVW3,0.75,0.29688845935324787
2018-05,7,TVW3,0.9,0.15
2018-05,8,TVW1,0.25,0.2
2018-05,8,TVW1,0.5,0.4
2018-05,8,TVW1,0.75,0.4
2018-05,8,TVW2,0.3333333333333333,0.20000000000000012
2018-05,8,TVW2,0.5,0.39999999999999997
2018-05,8,TVW2,0.6666666666666666,0.4
2018-05,8,TVW3,0.1,0.0897652569208099
2018-05,8,TVW3,0.25,0.15
2018-05,8,TVW3,0.5,0.3
2018-05,8,TVW3,0.75,0.35
2018-05,8,TVW3,0.9,0.11023474307919019
2018-05,9,TVW1,0.25,0.20000000000000004
2018-05,9,TVW1,0.5,0.4
2018-05,9,TVW1,0.75,0.4
2018-05,9,TVW2,0.3333333333333333,0.2
2018-05,9,TVW2,0.5,0.39999999999999997
2018-05,9,TVW2,0.6666666666666666,0.4
2018-05,9,TVW3,0.1,0.0038411350820572107
2018-05,9,TVW3,0.25,0.15
2018-05,9,TVW3,0.5,0.5
2018-05,9,TVW3,0.75,0.19615886491794288
2018-05,9,TVW3,0.9,0.15
2018-05,10,TVW1,0.25,0.2
2018-05,10,TVW1,0.5,0.4
2018-05,10,TVW1,0.75,0.4
2018-05,10,TVW2,0.3333333333333333,0.2
2018-05,10,TVW2,0.5,0.4000000000000001
2018-05,10,TVW2,0.6666666666666666,0.4
2018-05,10,TVW3,0.1,0.04253506948072486
2018-05,10,TVW3,0.25,0.15000000000000002
2018-05,10,TVW3,0.5,0.49999999999999983
2018-05,10,TVW3,0.75,0.15746493051927538
2018-05,10,TVW3,0.9,0.14999999999999997
2018-05,11,TVW1,0.25,0.2
2018-05,11,TVW1,0.5,0.4090589872550559
2018-05,11,TVW1,0.75,0.3909410127449441
2018-05,11,TVW2,0.3333333333333333,0.2
2018-05,11,TVW2,0.5,0.4000000000000001
2018-05,11,TVW2,0.6666666666666666,0.4
2018-05,11,TVW3,0.1,2.5898937865458103e-17
2018-05,11,TVW3,0.25,0.15000000000000008
2018-05,11,TVW3,0.5,0.49999999999999994
2018-05,11,TVW3,0.75,0.3499999999999999
2018-05,11,TVW3,0.9,8.535752356146371e-17
2018-05,12,TVW1,0.25,0.2
2018-05,12,TVW1,0.5,0.4
2018-05,12,TVW1,0.75,0.4
2018-05,12,TVW2,0.3333333333333333,0.2
2018-05,12,TVW2,0.5,0.4
2018-05,12,TVW2,0.6666666666666666,0.4
2018-05,12,TVW3,0.1,0.0
2018-05,12,TVW3,0.25,0.17890605890101605
2018-05,12,TVW3,0.5,0.5
2018-05,12,TVW3,0.75,0.1710939410989839
2018-05,12,TVW3,0.9,0.15
2018-05,13,TVW1,0.25,0.20000000000000004
2018-05,13,TVW1,0.5,0.6
2018-05,13,TVW1,0.75,0.20000000000000012
2018-05,13,TVW2,0.3333333333333333,0.30000000000000004
2018-05,13,TVW2,0.5,0.5
2018-05,13,TVW2,0.6666666666666666,0.2
2018-05,13,TVW3,0.1,1.0747783720522567e-16
2018-05,13,TVW3,0.25,0.25125366783179764
2018-05,13,TVW3,0.5,0.4999999999999999
2018-05,13,TVW3,0.75,0.24874633216820236
2018-05,13,TVW3,0.9,5.0999756520728136e-17
2018-06,1,TVW1,0.25,0.2
2018-06,1,TVW1,0.5,0.5470404412700464
2018-06,1,TVW1,0.75,0.2529595587299536
2018-06,1,TVW2,0.3333333333333333,0.2
2018-06,1,TVW2,0.5,0.47283363475553686
2018-06,1,TVW2,0.6666666666666666,0.3271663652444632
2018-06,1,TVW3,0.1,3.029880922856219e-17
2018-06,1,TVW3,0.25,0.20540386001326533
2018-06,1,TVW3,0.5,0.5000000000000001
2018-06,1,TVW3,0.75,0.2945961399867347
2018-06,1,TVW3,0.9,1.9719102029282527e-17
2018-06,2,TVW1,0.25,0.20000000000000004
2018-06,2,TVW1,0.5,0.4
2018-06,2,TVW1,0.75,0.3999999999999999
2018-06,2,TVW2,0.3333333333333333,0.2
2018-06,2,TVW2,0.5,0.4000000000000001
2018-06,2,TVW2,0.6666666666666666,0.4
2018-06,2,TVW3,0.1,2.7431763506931185e-18
2018-06,2,TVW3,0.25,0.15
2018-06,2,TVW3,0.5,0.4846860887067483
2018-06,2,TVW3,0.75,0.35
2018-06,2,TVW3,0.9,0.01531391129325179
2018-06,3,TVW1,0.25,0.2
2018-06,3,TVW1,0.5,0.4
2018-06,3,TVW1,0.75,0.4
2018-06,3,TVW2,0.3333333333333333,0.2
2018-06,3,TVW2,0.5,0.39999999999999997
2018-06,3,TVW2,0.6666666666666666,0.4
2018-06,3,TVW3,0.1,6.2710845524139195e-18
2018-06,3,TVW3,0.25,0.15
2018-06,3,TVW3,0.5,0.35000000000000003
2018-06,3,TVW3,0.75,0.35
2018-06,3,TVW3,0.9,0.15
2018-06,4,TVW1,0.25,0.2
2018-06,4,TVW1,0.5,0.4
2018-06,4,TVW1,0.75,0.4
2018-06,4,TVW2,0.3333333333333333,0.2
2018-06,4,TVW2,0.5,0.4000000000000001
2018-06,4,TVW2,0.6666666666666666,0.4
2018-06,4,TVW3,0.1,1.4244683591865577e-18
2018-06,4,TVW3,0.25,0.15
2018-06,4,TVW3,0.5,0.3500000000000001
2018-06,4,TVW3,0.75,0.35
2018-06,4,TVW3,0.9,0.15
2018-06,5,TVW1,0.25,0.2
2018-06,5,TVW1,0.5,0.4
2018-06,5,TVW1,0.75,0.4
2018-06,5,TVW2,0.3333333333333333,0.20000000000000007
2018-06,5,TVW2,0.5,0.4000000000000001
2018-06,5,TVW2,0.6666666666666666,0.39999999999999997
2018-06,5,TVW3,0.1,0.0
2018-06,5,TVW3,0.25,0.15
2018-06,5,TVW3,0.5,0.35000000000000014
2018-06,5,TVW3,0.75,0.3499999999999999
2018-06,5,TVW3,0.9,0.15
2018-06,6,TVW1,0.25,0.20000000000000004
2018-06,6,TVW1,0.5,0.4
2018-06,6,TVW1,0.75,0.39999999999999997
2018-06,6,TVW2,0.3333333333333333,0.19999999999999996
2018-06,6,TVW2,0.5,0.4000000000000001
2018-06,6,TVW2,0.6666666666666666,0.39999999999999986
2018-06,6,TVW3,0.1,1.0629899605158901e-17
2018-06,6,TVW3,0.25,0.15
2018-06,6,TVW3,0.5,0.35000000000000014
2018-06,6,TVW3,0.75,0.3499999999999999
2018-06,6,TVW3,0.9,0.15
2018-06,7,TVW1,0.25,0.2
2018-06,7,TVW1,0.5,0.4
2018-06,7,TVW1,0.75,0.4
2018-06,7,TVW2,0.3333333333333333,0.20000000000000004
2018-06,7,TVW2,0.5,0.39999999999999997
2018-06,7,TVW2,0.6666666666666666,0.4000000000000001
2018-06,7,TVW3,0.1,4.282683941433944e-19
2018-06,7,TVW3,0.25,0.15
2018-06,7,TVW3,0.5,0.37557885063568297
2018-06,7,TVW3,0.75,0.32442114936431715
2018-06,7,TVW3,0.9,0.15
2018-06,8,TVW1,0.25,0.2
2018-06,8,TVW1,0.5,0.4
2018-06,8,TVW1,0.75,0.4
2018-06,8,TVW2,0.3333333333333333,0.2
2018-06,8,TVW2,0.5,0.4000000000000001
2018-06,8,TVW2,0.6666666666666666,0.39999999999999997
2018-06,8,TVW3,0.1,3.990922472255971e-18
2018-06,8,TVW3,0.25,0.15
2018-06,8,TVW3,0.5,0.40181543129928327
2018-06,8,TVW3,0.75,0.35
2018-06,8,TVW3,0.9,0.09818456870071673
2018-06,9,TVW1,0.25,0.2
2018-06,9,TVW1,0.5,0.4
2018-06,9,TVW1,0.75,0.4
2018-06,9,TVW2,0.3333333333333333,0.2
2018-06,9,TVW2,0.5,0.4000000000000001
2018-06,9,TVW2,0.6666666666666666,0.4
2018-06,9,TVW3,0.1,0.033534452758716395
2018-06,9,TVW3,0.25,0.15
2018-06,9,TVW3,0.5,0.31646554724128384
2018-06,9,TVW3,0.75,0.35
2018-06,9,TVW3,0.9,0.1499999999999999
2018-06,10,TVW1,0.25,0.2
2018-06,10,TVW1,0.5,0.4
2018-06,10,TVW1,0.75,0.4
2018-06,10,TVW2,0.3333333333333333,0.2
2018-06,10,TVW2,0.5,0.40000000000000013
2018-06,10,TVW2,0.6666666666666666,0.4
2018-06,10,TVW3,0.1,4.627857607091713e-18
2018-06,10,TVW3,0.25,0.15
2018-06,10,TVW3,0.5,0.4989049722192713
2018-06,10,TVW3,0.75,0.20109502778072874
2018-06,10,TVW3,0.9,0.14999999999999997
2018-06,11,TVW1,0.25,0.2
2018-06,11,TVW1,0.5,0.4
2018-06,11,TVW1,0.75,0.4
2018-06,11,TVW2,0.3333333333333333,0.2
2018-06,11,TVW2,0.5,0.4000000000000001
2018-06,11,TVW2,0.6666666666666666,0.4
2018-06,11,TVW3,0.1,1.314393727716998e-17
2018-06,11,TVW3,0.25,0.15000000000000005
2018-06,11,TVW3,0.5,0.45442749905561586
2018-06,11,TVW3,0.75,0.34999999999999987
2018-06,11,TVW3,0.9,0.045572500944384274
2018-06,12,TVW1,0.25,0.2
2018-06,12,TVW1,0.5,0.4
2018-06,12,TVW1,0.75,0.4
2018-06,12,TVW2,0.3333333333333333,0.2
2018-06,12,TVW2,0.5,0.4000000000000001
2018-06,12,TVW2,0.6666666666666666,0.4
2018-06,12,TVW3,0.1,1.747639753757119e-18
2018-06,12,TVW3,0.25,0.15
2018-06,12,TVW3,0.5,0.35096830386059474
2018-06,12,TVW3,0.75,0.35
2018-06,12,TVW3,0.9,0.1490316961394052
2018-06,13,TVW1,0.25,0.2690871295623168
2018-06,13,TVW1,0.5,0.4000000000000001
2018-06,13,TVW1,0.75,0.3309128704376831
2018-06,13,TVW2,0.3333333333333333,0.3000000000000001
2018-06,13,TVW2,0.5,0.30000000000000004
2018-06,13,TVW2,0.6666666666666666,0.4
2018-06,13,TVW3,0.1,0.0
2018-06,13,TVW3,0.25,0.3499999999999999
2018-06,13,TVW3,0.5,0.3034814768489974
2018-06,13,TVW3,0.75,0.19651852315100277
2018-06,13,TVW3,0.9,0.14999999999999997
2018-07,1,TVW1,0.25,0.2
2018-07,1,TVW1,0.5,0.5937003792526742
2018-07,1,TVW1,0.75,0.20629962074732588
2018-07,1,TVW2,0.3333333333333333,0.2
2018-07,1,TVW2,0.5,0.49999999999999994
2018-07,1,TVW2,0.6666666666666666,0.30000000000000016
2018-07,1,TVW3,0.1,0.0668381601160723
2018-07,1,TVW3,0.25,0.15000000000000002
2018-07,1,TVW3,0.5,0.5
2018-07,1,TVW3,0.75,0.28316183988392774
2018-07,1,TVW3,0.9,2.0039993037436938e-17
2018-07,2,TVW1,0.25,0.20262033977616872
2018-07,2,TVW1,0.5,0.4
2018-07,2,TVW1,0.75,0.3973796602238313
2018-07,2,TVW2,0.3333333333333333,0.2
2018-07,2,TVW2,0.5,0.4
2018-07,2,TVW2,0.6666666666666666,0.4
2018-07,2,TVW3,0.1,4.2884479429421407e-17
2018-07,2,TVW3,0.25,0.16049885808235984
2018-07,2,TVW3,0.5,0.48950114191764027
2018-07,2,TVW3,0.75,0.35
2018-07,2,TVW3,0.9,0.0
2018-07,3,TVW1,0.25,0.2
2018-07,3,TVW1,0.5,0.4
2018-07,3,TVW1,0.75,0.4
2018-07,3,TVW2,0.3333333333333333,0.2
2018-07,3,TVW2,0.5,0.40000000000000013
2018-07,3,TVW2,0.6666666666666666,0.4
2018-07,3,TVW3,0.1,3.53340392114264e-18
2018-07,3,TVW3,0.25,0.23084114436199804
2018-07,3,TVW3,0.5,0.3
2018-07,3,TVW3,0.75,0.319158855638002
2018-07,3,TVW3,0.9,0.15
2018-07,4,TVW1,0.25,0.2
2018-07,4,TVW1,0.5,0.4
2018-07,4,TVW1,0.75,0.4
2018-07,4,TVW2,0.3333333333333333,0.2
2018-07,4,TVW2,0.5,0.4000000000000001
2018-07,4,TVW2,0.6666666666666666,0.4
2018-07,4,TVW3,0.1,7.067346960988562e-19
2018-07,4,TVW3,0.25,0.15
2018-07,4,TVW3,0.5,0.4516959718538431
2018-07,4,TVW3,0.75,0.24830402814615699
2018-07,4,TVW3,0.9,0.15
2018-07,5,TVW1,0.25,0.2
2018-07,5,TVW1,0.5,0.4
2018-07,5,TVW1,0.75,0.4
2018-07,5,TVW2,0.3333333333333333,0.2
2018-07,5,TVW2,0.5,0.4
2018-07,5,TVW2,0.6666666666666666,0.4
2018-07,5,TVW3,0.1,0.0
2018-07,5,TVW3,0.25,0.15000000000000013
2018-07,5,TVW3,0.5,0.4736649259583596
2018-07,5,TVW3,0.75,0.22633507404164036
2018-07,5,TVW3,0.9,0.15
2018-07,6,TVW1,0.25,0.2
2018-07,6,TVW1,0.5,0.4
2018-07,6,TVW1,0.75,0.4
2018-07,6,TVW2,0.3333333333333333,0.20000000000000007
2018-07,6,TVW2,0.5,0.3999999999999999
2018-07,6,TVW2,0.6666666666666666,0.4
2018-07,6,TVW3,0.1,1.3825298226210395e-20
2018-07,6,TVW3,0.25,0.15
2018-07,6,TVW3,0.5,0.38288735572686466
2018-07,6,TVW3,0.75,0.31711264427313546
2018-07,6,TVW3,0.9,0.15
2018-07,7,TVW1,0.25,0.2
2018-07,7,TVW1,0.5,0.4
2018-07,7,TVW1,0.75,0.4
2018-07,7,TVW2,0.3333333333333333,0.2
2018-07,7,TVW2,0.5,0.4
2018-07,7,TVW2,0.6666666666666666,0.4
2018-07,7,TVW3,0.1,0.08704923064898831
2018-07,7,TVW3,0.25,0.15
2018-07,7,TVW3,0.5,0.3
2018-07,7,TVW3,0.75,0.31295076935101174
2018-07,7,TVW3,0.9,0.14999999999999997
2018-07,8,TVW1,0.25,0.2
2018-07,8,TVW1,0.5,0.4
2018-07,8,TVW1,0.75,0.4
2018-07,8,TVW2,0.3333333333333333,0.20000000000000004
2018-07,8,TVW2,0.5,0.39999999999999997
2018-07,8,TVW2,0.6666666666666666,0.4000000000000001
2018-07,8,TVW3,0.1,0.04198414745678381
2018-07,8,TVW3,0.25,0.15000000000000002
2018-07,8,TVW3,0.5,0.5
2018-07,8,TVW3,0.75,0.15801585254321623
2018-07,8,TVW3,0.9,0.1499999999999999
2018-07,9,TVW1,0.25,0.2
2018-07,9,TVW1,0.5,0.4
2018-07,9,TVW1,0.75,0.4
2018-07,9,TVW2,0.3333333333333333,0.2
2018-07,9,TVW2,0.5,0.4
2018-07,9,TVW2,0.6666666666666666,0.4
2018-07,9,TVW3,0.1,0.07463366570748253
2018-07,9,TVW3,0.25,0.15
2018-07,9,TVW3,0.5,0.30000000000000004
2018-07,9,TVW3,0.75,0.32536633429251755
2018-07,9,TVW3,0.9,0.15
2018-07,10,TVW1,0.25,0.2
2018-07,10,TVW1,0.5,0.4
2018-07,10,TVW1,0.75,0.4
2018-07,10,TVW2,0.3333333333333333,0.2
2018-07,10,TVW2,0.5,0.39999999999999997
2018-07,10,TVW2,0.6666666666666666,0.4
2018-07,10,TVW3,0.1,0.0
2018-07,10,TVW3,0.25,0.18694727473247694
2018-07,10,TVW3,0.5,0.5
2018-07,10,TVW3,0.75,0.16305272526752299
2018-07,10,TVW3,0.9,0.14999999999999997
2018-07,11,TVW1,0.25,0.2
2018-07,11,TVW1,0.5,0.4
2018-07,11,TVW1,0.75,0.4
2018-07,11,TVW2,0.3333333333333333,0.2
2018-07,11,TVW2,0.5,0.4000000000000001
2018-07,11,TVW2,0.6666666666666666,0.4
2018-07,11,TVW3,0.1,0.0
2018-07,11,TVW3,0.25,0.15000126542057296
2018-07,11,TVW3,0.5,0.4547705614389362
2018-07,11,TVW3,0.75,0.35000000000000003
2018-07,11,TVW3,0.9,0.04522817314049087
2018-07,12,TVW1,0.25,0.2
2018-07,12,TVW1,0.5,0.4
2018-07,12,TVW1,0.75,0.4
2018-07,12,TVW2,0.3333333333333333,0.2
2018-07,12,TVW2,0.5,0.4000000000000001
2018-07,12,TVW2,0.6666666666666666,0.4
2018-07,12,TVW3,0.1,1.3840774605907851e-17
2018-07,12,TVW3,0.25,0.15000000000000002
2018-07,12,TVW3,0.5,0.3820525608003063
2018-07,12,TVW3,0.75,0.3499999999999999
2018-07,12,TVW3,0.9,0.11794743919969375
2018-07,13,TVW1,0.25,0.20000000000000007
2018-07,13,TVW1,0.5,0.5886981248957517
2018-07,13,TVW1,0.75,0.21130187510424822
2018-07,13,TVW2,0.3333333333333333,0.31370749122947145
2018-07,13,TVW2,0.5,0.3
2018-07,13,TVW2,0.6666666666666666,0.3862925087705286
2018-07,13,TVW3,0.1,0.0
2018-07,13,TVW3,0.25,0.25309905678776684
2018-07,13,TVW3,0.5,0.4999999999999999
2018-07,13,TVW3,0.75,0.15
2018-07,13,TVW3,0.9,0.09690094321223339
2018-08,1,TVW1,0.25,0.2
2018-08,1,TVW1,0.5,0.581697803268214
2018-08,1,TVW1,0.75,0.21830219673178594
2018-08,1,TVW2,0.3333333333333333,0.2
2018-08,1,TVW2,0.5,0.4766980635655037
2018-08,1,TVW2,0.6666666666666666,0.3233019364344962
2018-08,1,TVW3,0.1,0.0712617908777914
2018-08,1,TVW3,0.25,0.14999999999999997
2018-08,1,TVW3,0.5,0.4999999999999999
2018-08,1,TVW3,0.75,0.27873820912220876
2018-08,1,TVW3,0.9,0.0
2018-08,2,TVW1,0.25,0.2
2018-08,2,TVW1,0.5,0.4
2018-08,2,TVW1,0.75,0.39999999999999997
2018-08,2,TVW2,0.3333333333333333,0.2
2018-08,2,TVW2,0.5,0.4000000000000001
2018-08,2,TVW2,0.6666666666666666,0.4
2018-08,2,TVW3,0.1,2.1244288987673125e-18
2018-08,2,TVW3,0.25,0.15000000000000002
2018-08,2,TVW3,0.5,0.4972954614185842
2018-08,2,TVW3,0.75,0.3499999999999999
2018-08,2,TVW3,0.9,0.0027045385814159716
2018-08,3,TVW1,0.25,0.2
2018-08,3,TVW1,0.5,0.4
2018-08,3,TVW1,0.75,0.4
2018-08,3,TVW2,0.3333333333333333,0.2000000000000001
2018-08,3,TVW2,0.5,0.39999999999999997
2018-08,3,TVW2,0.6666666666666666,0.39999999999999997
2018-08,3,TVW3,0.1,7.684914420835521e-18
2018-08,3,TVW3,0.25,0.20000000000000007
2018-08,3,TVW3,0.5,0.3
2018-08,3,TVW3,0.75,0.35
2018-08,3,TVW3,0.9,0.15
2018-08,4,TVW1,0.25,0.20000000000000004
2018-08,4,TVW1,0.5,0.4
2018-08,4,TVW1,0.75,0.39999999999999997
2018-08,4,TVW2,0.3333333333333333,0.2000000000000001
2018-08,4,TVW2,0.5,0.3999999999999999
2018-08,4,TVW2,0.6666666666666666,0.4000000000000001
2018-08,4,TVW3,0.1,4.285222614789649e-18
2018-08,4,TVW3,0.25,0.15
2018-08,4,TVW3,0.5,0.43352949299177845
2018-08,4,TVW3,0.75,0.26647050700822167
2018-08,4,TVW3,0.9,0.15
2018-08,5,TVW1,0.25,0.2
2018-08,5,TVW1,0.5,0.4
2018-08,5,TVW1,0.75,0.4
2018-08,5,TVW2,0.3333333333333333,0.2
2018-08,5,TVW2,0.5,0.4000000000000001
2018-08,5,TVW2,0.6666666666666666,0.4
2018-08,5,TVW3,0.1,0.0
2018-08,5,TVW3,0.25,0.15
2018-08,5,TVW3,0.5,0.40244277087483815
2018-08,5,TVW3,0.75,0.2975572291251619
2018-08,5,TVW3,0.9,0.15
2018-08,6,TVW1,0.25,0.2
2018-08,6,TVW1,0.5,0.4
2018-08,6,TVW1,0.75,0.4
2018-08,6,TVW2,0.3333333333333333,0.2000000000000001
2018-08,6,TVW2,0.5,0.39999999999999997
2018-08,6,TVW2,0.6666666666666666,0.4
2018-08,6,TVW3,0.1,1.0457536975875811e-17
2018-08,6,TVW3,0.25,0.15
2018-08,6,TVW3,0.5,0.35000000000000014
2018-08,6,TVW3,0.75,0.35
2018-08,6,TVW3,0.9,0.15
2018-08,7,TVW1,0.25,0.2
2018-08,7,TVW1,0.5,0.4
2018-08,7,TVW1,0.75,0.4
2018-08,7,TVW2,0.3333333333333333,0.2
2018-08,7,TVW2,0.5,0.40000000000000013
2018-08,7,TVW2,0.6666666666666666,0.4
2018-08,7,TVW3,0.1,0.013825163542186034
2018-08,7,TVW3,0.25,0.15
2018-08,7,TVW3,0.5,0.336174836457814
2018-08,7,TVW3,0.75,0.35
2018-08,7,TVW3,0.9,0.15
2018-08,8,TVW1,0.25,0.2
2018-08,8,TVW1,0.5,0.4
2018-08,8,TVW1,0.75,0.4
2018-08,8,TVW2,0.3333333333333333,0.2
2018-08,8,TVW2,0.5,0.4
2018-08,8,TVW2,0.6666666666666666,0.4
2018-08,8,TVW3,0.1,1.3027200549390754e-17
2018-08,8,TVW3,0.25,0.15000000000000002
2018-08,8,TVW3,0.5,0.5000000000000001
2018-08,8,TVW3,0.75,0.3316925409815801
2018-08,8,TVW3,0.9,0.01830745901841992
2018-08,9,TVW1,0.25,0.2
2018-08,9,TVW1,0.5,0.4
2018-08,9,TVW1,0.75,0.4
2018-08,9,TVW2,0.3333333333333333,0.20000000000000004
2018-08,9,TVW2,0.5,0.39999999999999997
2018-08,9,TVW2,0.6666666666666666,0.4
2018-08,9,TVW3,0.1,0.06513554713999864
2018-08,9,TVW3,0.25,0.15
2018-08,9,TVW3,0.5,0.3
2018-08,9,TVW3,0.75,0.35
2018-08,9,TVW3,0.9,0.13486445286000137
2018-08,10,TVW1,0.25,0.2
2018-08,10,TVW1,0.5,0.4
2018-08,10,TVW1,0.75,0.4
2018-08,10,TVW2,0.3333333333333333,0.20000000000000004
2018-08,10,TVW2,0.5,0.3999999999999999
2018-08,10,TVW2,0.6666666666666666,0.4000000000000001
2018-08,10,TVW3,0.1,0.0
2018-08,10,TVW3,0.25,0.1500000000000001
2018-08,10,TVW3,0.5,0.49999999999999994
2018-08,10,TVW3,0.75,0.2
2018-08,10,TVW3,0.9,0.15
2018-08,11,TVW1,0.25,0.2
2018-08,11,TVW1,0.5,0.4
2018-08,11,TVW1,0.75,0.4
2018-08,11,TVW2,0.3333333333333333,0.2
2018-08,11,TVW2,0.5,0.39999999999999997
2018-08,11,TVW2,0.6666666666666666,0.4
2018-08,11,TVW3,0.1,1.7638265914177604e-17
2018-08,11,TVW3,0.25,0.28455323435697005
2018-08,11,TVW3,0.5,0.3000000000000002
2018-08,11,TVW3,0.75,0.26544676564302977
2018-08,11,TVW3,0.9,0.15000000000000002
2018-08,12,TVW1,0.25,0.20000000000000004
2018-08,12,TVW1,0.5,0.4
2018-08,12,TVW1,0.75,0.4
2018-08,12,TVW2,0.3333333333333333,0.2
2018-08,12,TVW2,0.5,0.4
2018-08,12,TVW2,0.6666666666666666,0.4
2018-08,12,TVW3,0.1,0.0
2018-08,12,TVW3,0.25,0.15
2018-08,12,TVW3,0.5,0.3514093574964308
2018-08,12,TVW3,0.75,0.35
2018-08,12,TVW3,0.9,0.1485906425035693
2018-08,13,TVW1,0.25,0.22003365025468563
2018-08,13,TVW1,0.5,0.40000000000000013
2018-08,13,TVW1,0.75,0.37996634974531424
2018-08,13,TVW2,0.3333333333333333,0.3
2018-08,13,TVW2,0.5,0.30000000000000004
2018-08,13,TVW2,0.6666666666666666,0.4000000000000001
2018-08,13,TVW3,0.1,0.0
2018-08,13,TVW3,0.25,0.3283163513922687
2018-08,13,TVW3,0.5,0.3
2018-08,13,TVW3,0.75,0.22812855736126672
2018-08,13,TVW3,0.9,0.14355509124646468
2018-09,1,TVW1,0.25,0.2
2018-09,1,TVW1,0.5,0.6
2018-09,1,TVW1,0.75,0.2
2018-09,1,TVW2,0.3333333333333333,0.237922166959224
2018-09,1,TVW2,0.5,0.5000000000000001
2018-09,1,TVW2,0.6666666666666666,0.262077833040776
2018-09,1,TVW3,0.1,0.0
2018-09,1,TVW3,0.25,0.27341546705081987
2018-09,1,TVW3,0.5,0.4999999999999999
2018-09,1,TVW3,0.75,0.22658453294918013
2018-09,1,TVW3,0.9,0.0
2018-09,2,TVW1,0.25,0.23825345414822505
2018-09,2,TVW1,0.5,0.40000000000000013
2018-09,2,TVW1,0.75,0.36174654585177485
2018-09,2,TVW2,0.3333333333333333,0.20000000000000004
2018-09,2,TVW2,0.5,0.4000000000000001
2018-09,2,TVW2,0.6666666666666666,0.4
2018-09,2,TVW3,0.1,2.82688523661107e-17
2018-09,2,TVW3,0.25,0.31657604196705325
2018-09,2,TVW3,0.5,0.30000000000000004
2018-09,2,TVW3,0.75,0.35000000000000003
2018-09,2,TVW3,0.9,0.03342395803294671
2018-09,3,TVW1,0.25,0.20000000000000007
2018-09,3,TVW1,0.5,0.5853093933911818
2018-09,3,TVW1,0.75,0.21469060660881817
2018-09,3,TVW2,0.3333333333333333,0.19999999999999996
2018-09,3,TVW2,0.5,0.49928781776870634
2018-09,3,TVW2,0.6666666666666666,0.3007121822312936
2018-09,3,TVW3,0.1,0.054368822711293494
2018-09,3,TVW3,0.25,0.15000000000000022
2018-09,3,TVW3,0.5,0.5
2018-09,3,TVW3,0.75,0.2956311772887064
2018-09,3,TVW3,0.9,0.0
2018-09,4,TVW1,0.25,0.2
2018-09,4,TVW1,0.5,0.4
2018-09,4,TVW1,0.75,0.4
2018-09,4,TVW2,0.3333333333333333,0.2
2018-09,4,TVW2,0.5,0.4
2018-09,4,TVW2,0.6666666666666666,0.4
2018-09,4,TVW3,0.1,3.74634916864204e-18
2018-09,4,TVW3,0.25,0.15
2018-09,4,TVW3,0.5,0.39430390376661056
2018-09,4,TVW3,0.75,0.35
2018-09,4,TVW3,0.9,0.10569609623338955
2018-09,5,TVW1,0.25,0.2
2018-09,5,TVW1,0.5,0.4000000000000001
2018-09,5,TVW1,0.75,0.4
2018-09,5,TVW2,0.3333333333333333,0.20000000000000004
2018-09,5,TVW2,0.5,0.3999999999999999
2018-09,5,TVW2,0.6666666666666666,0.4000000000000001
2018-09,5,TVW3,0.1,0.0
2018-09,5,TVW3,0.25,0.15
2018-09,5,TVW3,0.5,0.5
2018-09,5,TVW3,0.75,0.19999999999999996
2018-09,5,TVW3,0.9,0.15
2018-09,6,TVW1,0.25,0.20000000000000004
2018-09,6,TVW1,0.5,0.4
2018-09,6,TVW1,0.75,0.4
2018-09,6,TVW2,0.3333333333333333,0.20000000000000015
2018-09,6,TVW2,0.5,0.39999999999999997
2018-09,6,TVW2,0.6666666666666666,0.39999999999999986
2018-09,6,TVW3,0.1,0.012440314784654282
2018-09,6,TVW3,0.25,0.15
2018-09,6,TVW3,0.5,0.3375596852153458
2018-09,6,TVW3,0.75,0.35
2018-09,6,TVW3,0.9,0.15
2018-09,7,TVW1,0.25,0.2
2018-09,7,TVW1,0.5,0.4
2018-09,7,TVW1,0.75,0.4
2018-09,7,TVW2,0.3333333333333333,0.2
2018-09,7,TVW2,0.5,0.40000000000000013
2018-09,7,TVW2,0.6666666666666666,0.4
2018-09,7,TVW3,0.1,1.5817835765045992e-17
2018-09,7,TVW3,0.25,0.15
2018-09,7,TVW3,0.5,0.44246824546641544
2018-09,7,TVW3,0.75,0.35
2018-09,7,TVW3,0.9,0.057531754533584556
2018-09,8,TVW1,0.25,0.2
2018-09,8,TVW1,0.5,0.6
2018-09,8,TVW1,0.75,0.20000000000000004
2018-09,8,TVW2,0.3333333333333333,0.20000000000000007
2018-09,8,TVW2,0.5,0.5000000000000001
2018-09,8,TVW2,0.6666666666666666,0.29999999999999993
2018-09,8,TVW3,0.1,0.0
2018-09,8,TVW3,0.25,0.28975777116414925
2018-09,8,TVW3,0.5,0.5
2018-09,8,TVW3,0.75,0.15
2018-09,8,TVW3,0.9,0.06024222883585076
2018-09,9,TVW1,0.25,0.2
2018-09,9,TVW1,0.5,0.4
2018-09,9,TVW1,0.75,0.4
2018-09,9,TVW2,0.3333333333333333,0.20000000000000004
2018-09,9,TVW2,0.5,0.4
2018-09,9,TVW2,0.6666666666666666,0.39999999999999997
2018-09,9,TVW3,0.1,0.11754785428629175
2018-09,9,TVW3,0.25,0.14999999999999997
2018-09,9,TVW3,0.5,0.3
2018-09,9,TVW3,0.75,0.3499999999999999
2018-09,9,TVW3,0.9,0.0824521457137083
2018-09,10,TVW1,0.25,0.20000000000000004
2018-09,10,TVW1,0.5,0.5226094882248163
2018-09,10,TVW1,0.75,0.27739051177518376
2018-09,10,TVW2,0.3333333333333333,0.2
2018-09,10,TVW2,0.5,0.4277681625914899
2018-09,10,TVW2,0.6666666666666666,0.3722318374085101
2018-09,10,TVW3,0.1,0.0
2018-09,10,TVW3,0.25,0.22946667529078538
2018-09,10,TVW3,0.5,0.4999999999999999
2018-09,10,TVW3,0.75,0.15000000000000005
2018-09,10,TVW3,0.9,0.12053332470921453
2018-09,11,TVW1,0.25,0.27302222039507257
2018-09,11,TVW1,0.5,0.4
2018-09,11,TVW1,0.75,0.32697777960492747
2018-09,11,TVW2,0.3333333333333333,0.2907717563289751
2018-09,11,TVW2,0.5,0.30922824367102497
2018-09,11,TVW2,0.6666666666666666,0.4
2018-09,11,TVW3,0.1,6.482218497597162e-17
2018-09,11,TVW3,0.25,0.3499999999999998
2018-09,11,TVW3,0.5,0.37190900532386945
2018-09,11,TVW3,0.75,0.14999999999999997
2018-09,11,TVW3,0.9,0.12809099467613067
2018-09,12,TVW1,0.25,0.2
2018-09,12,TVW1,0.5,0.4
2018-09,12,TVW1,0.75,0.39999999999999997
2018-09,12,TVW2,0.3333333333333333,0.20000000000000004
2018-09,12,TVW2,0.5,0.4000000000000001
2018-09,12,TVW2,0.6666666666666666,0.4
2018-09,12,TVW3,0.1,0.0
2018-09,12,TVW3,0.25,0.2602703604787753
2018-09,12,TVW3,0.5,0.30000000000000004
2018-09,12,TVW3,0.75,0.35000000000000003
2018-09,12,TVW3,0.9,0.08972963952122462
2018-09,13,TVW1,0.25,0.2
2018-09,13,TVW1,0.5,0.49308917643204503
2018-09,13,TVW1,0.75,0.30691082356795496
2018-09,13,TVW2,0.3333333333333333,0.3707901532920262
2018-09,13,TVW2,0.5,0.30000000000000004
2018-09,13,TVW2,0.6666666666666666,0.3292098467079738
2018-09,13,TVW3,0.1,0.08023057936405349
2018-09,13,TVW3,0.25,0.15
2018-09,13,TVW3,0.5,0.4197694206359467
2018-09,13,TVW3,0.75,0.35
2018-09,13,TVW3,0.9,0.0
2018-10,1,TVW1,0.25,0.22618476425221248
2018-10,1,TVW1,0.5,0.5738152357477876
2018-10,1,TVW1,0.75,0.2
2018-10,1,TVW2,0.3333333333333333,0.2
2018-10,1,TVW2,0.5,0.5
2018-10,1,TVW2,0.6666666666666666,0.30000000000000004
2018-10,1,TVW3,0.1,2.3660718123424157e-17
2018-10,1,TVW3,0.25,0.28408028868052154
2018-10,1,TVW3,0.5,0.5
2018-10,1,TVW3,0.75,0.21591971131947846
2018-10,1,TVW3,0.9,0.0
2018-10,2,TVW1,0.25,0.20000000000000004
2018-10,2,TVW1,0.5,0.5678423014220463
2018-10,2,TVW1,0.75,0.23215769857795365
2018-10,2,TVW2,0.3333333333333333,0.20000000000000007
2018-10,2,TVW2,0.5,0.5000000000000001
2018-10,2,TVW2,0.6666666666666666,0.29999999999999993
2018-10,2,TVW3,0.1,0.0
2018-10,2,TVW3,0.25,0.21336363342461412
2018-10,2,TVW3,0.5,0.5
2018-10,2,TVW3,0.75,0.286636366575386
2018-10,2,TVW3,0.9,0.0
2018-10,3,TVW1,0.25,0.323060071068781
2018-10,3,TVW1,0.5,0.4000000000000001
2018-10,3,TVW1,0.75,0.27693992893121905
2018-10,3,TVW2,0.3333333333333333,0.3270682565692629
2018-10,3,TVW2,0.5,0.3
2018-10,3,TVW2,0.6666666666666666,0.3729317434307372
2018-10,3,TVW3,0.1,0.0
2018-10,3,TVW3,0.25,0.35
2018-10,3,TVW3,0.5,0.3375080382590873
2018-10,3,TVW3,0.75,0.3124919617409128
2018-10,3,TVW3,0.9,0.0
2018-10,4,TVW1,0.25,0.20000000000000004
2018-10,4,TVW1,0.5,0.4
2018-10,4,TVW1,0.75,0.4
2018-10,4,TVW2,0.3333333333333333,0.2
2018-10,4,TVW2,0.5,0.39999999999999997
2018-10,4,TVW2,0.6666666666666666,0.4
2018-10,4,TVW3,0.1,0.0
2018-10,4,TVW3,0.25,0.20000000000000015
2018-10,4,TVW3,0.5,0.3
2018-10,4,TVW3,0.75,0.35
2018-10,4,TVW3,0.9,0.15
2018-10,5,TVW1,0.25,0.2
2018-10,5,TVW1,0.5,0.4
2018-10,5,TVW1,0.75,0.4
2018-10,5,TVW2,0.3333333333333333,0.26455015829750134
2018-10,5,TVW2,0.5,0.33544984170249875
2018-10,5,TVW2,0.6666666666666666,0.4
2018-10,5,TVW3,0.1,7.434768514153734e-19
2018-10,5,TVW3,0.25,0.3094312118887345
2018-10,5,TVW3,0.5,0.3
2018-10,5,TVW3,0.75,0.24056878811126559
2018-10,5,TVW3,0.9,0.15
2018-10,6,TVW1,0.25,0.2
2018-10,6,TVW1,0.5,0.4
2018-10,6,TVW1,0.75,0.39999999999999997
2018-10,6,TVW2,0.3333333333333333,0.2
2018-10,6,TVW2,0.5,0.4000000000000001
2018-10,6,TVW2,0.6666666666666666,0.4
2018-10,6,TVW3,0.1,4.9579089221825085e-18
2018-10,6,TVW3,0.25,0.15
2018-10,6,TVW3,0.5,0.4999999999999999
2018-10,6,TVW3,0.75,0.20000000000000095
2018-10,6,TVW3,0.9,0.1499999999999992
2018-10,7,TVW1,0.25,0.2
2018-10,7,TVW1,0.5,0.4
2018-10,7,TVW1,0.75,0.4
2018-10,7,TVW2,0.3333333333333333,0.2
2018-10,7,TVW2,0.5,0.4
2018-10,7,TVW2,0.6666666666666666,0.4
2018-10,7,TVW3,0.1,1.7970181038563294e-17
2018-10,7,TVW3,0.25,0.20669669339733324
2018-10,7,TVW3,0.5,0.3839006076269403
2018-10,7,TVW3,0.75,0.3499999999999999
2018-10,7,TVW3,0.9,0.05940269897572662
2018-10,8,TVW1,0.25,0.20000000000000004
2018-10,8,TVW1,0.5,0.5710999870356201
2018-10,8,TVW1,0.75,0.22890001296437984
2018-10,8,TVW2,0.3333333333333333,0.20000000000000004
2018-10,8,TVW2,0.5,0.4000000000000001
2018-10,8,TVW2,0.6666666666666666,0.4
2018-10,8,TVW3,0.1,0.0
2018-10,8,TVW3,0.25,0.25736259687675134
2018-10,8,TVW3,0.5,0.5000000000000001
2018-10,8,TVW3,0.75,0.1500000000000002
2018-10,8,TVW3,0.9,0.09263740312324846
2018-10,9,TVW1,0.25,0.2
2018-10,9,TVW1,0.5,0.4
2018-10,9,TVW1,0.75,0.4
2018-10,9,TVW2,0.3333333333333333,0.2
2018-10,9,TVW2,0.5,0.4
2018-10,9,TVW2,0.6666666666666666,0.4
2018-10,9,TVW3,0.1,0.0932788286175367
2018-10,9,TVW3,0.25,0.15000000000000002
2018-10,9,TVW3,0.5,0.3
2018-10,9,TVW3,0.75,0.35
2018-10,9,TVW3,0.9,0.10672117138246326
2018-10,10,TVW1,0.25,0.2
2018-10,10,TVW1,0.5,0.4699178491462716
2018-10,10,TVW1,0.75,0.3300821508537284
2018-10,10,TVW2,0.3333333333333333,0.2
2018-10,10,TVW2,0.5,0.4
2018-10,10,TVW2,0.6666666666666666,0.4
2018-10,10,TVW3,0.1,7.898953306379788e-18
2018-10,10,TVW3,0.25,0.30190463072961776
2018-10,10,TVW3,0.5,0.3980953692703822
2018-10,10,TVW3,0.75,0.15000000000000008
2018-10,10,TVW3,0.9,0.15
2018-10,11,TVW1,0.25,0.2
2018-10,11,TVW1,0.5,0.4127141638984714
2018-10,11,TVW1,0.75,0.3872858361015286
2018-10,11,TVW2,0.3333333333333333,0.2
2018-10,11,TVW2,0.5,0.4000000000000001
2018-10,11,TVW2,0.6666666666666666,0.4
2018-10,11,TVW3,0.1,0.0
2018-10,11,TVW3,0.25,0.22995059794187886
2018-10,11,TVW3,0.5,0.47004940205812107
2018-10,11,TVW3,0.75,0.15
2018-10,11,TVW3,0.9,0.15
2018-10,12,TVW1,0.25,0.20000000000000004
2018-10,12,TVW1,0.5,0.4
2018-10,12,TVW1,0.75,0.4
2018-10,12,TVW2,0.3333333333333333,0.20000000000000004
2018-10,12,TVW2,0.5,0.3999999999999999
2018-10,12,TVW2,0.6666666666666666,0.4000000000000001
2018-10,12,TVW3,0.1,0.0
2018-10,12,TVW3,0.25,0.15000000000000002
2018-10,12,TVW3,0.5,0.5000000000000001
2018-10,12,TVW3,0.75,0.21539406172844824
2018-10,12,TVW3,0.9,0.1346059382715517
2018-10,13,TVW1,0.25,0.23494239220193625
2018-10,13,TVW1,0.5,0.4000000000000001
2018-10,13,TVW1,0.75,0.36505760779806373
2018-10,13,TVW2,0.3333333333333333,0.3000000000000001
2018-10,13,TVW2,0.5,0.3
2018-10,13,TVW2,0.6666666666666666,0.4
2018-10,13,TVW3,0.1,7.973266727000688e-17
2018-10,13,TVW3,0.25,0.3066648044368707
2018-10,13,TVW3,0.5,0.2999999999999999
2018-10,13,TVW3,0.75,0.34999999999999976
2018-10,13,TVW3,0.9,0.04333519556312961
2018-11,1,TVW1,0.25,0.4
2018-11,1,TVW1,0.5,0.4
2018-11,1,TVW1,0.75,0.2
2018-11,1,TVW2,0.3333333333333333,0.4
2018-11,1,TVW2,0.5,0.3
2018-11,1,TVW2,0.6666666666666666,0.30000000000000004
2018-11,1,TVW3,0.1,0.11038114829577132
2018-11,1,TVW3,0.25,0.3499999999999999
2018-11,1,TVW3,0.5,0.29999999999999993
2018-11,1,TVW3,0.75,0.14999999999999997
2018-11,1,TVW3,0.9,0.08961885170422879
2018-11,2,TVW1,0.25,0.20000000000000007
2018-11,2,TVW1,0.5,0.6
2018-11,2,TVW1,0.75,0.2
2018-11,2,TVW2,0.3333333333333333,0.26380593717696976
2018-11,2,TVW2,0.5,0.5000000000000002
2018-11,2,TVW2,0.6666666666666666,0.23619406282303013
2018-11,2,TVW3,0.1,0.09852743488880394
2018-11,2,TVW3,0.25,0.15000000000000002
2018-11,2,TVW3,0.5,0.5000000000000001
2018-11,2,TVW3,0.75,0.25147256511119603
2018-11,2,TVW3,0.9,3.3707720503716e-17
2018-11,3,TVW1,0.25,0.24115937419667377
2018-11,3,TVW1,0.5,0.5588406258033263
2018-11,3,TVW1,0.75,0.2
2018-11,3,TVW2,0.3333333333333333,0.4
2018-11,3,TVW2,0.5,0.34267415181711125
2018-11,3,TVW2,0.6666666666666666,0.2573258481828888
2018-11,3,TVW3,0.1,0.12547064348583414
2018-11,3,TVW3,0.25,0.15
2018-11,3,TVW3,0.5,0.49999999999999994
2018-11,3,TVW3,0.75,0.224529356514166
2018-11,3,TVW3,0.9,0.0
2018-11,4,TVW1,0.25,0.2
2018-11,4,TVW1,0.5,0.40952927611984313
2018-11,4,TVW1,0.75,0.3904707238801568
2018-11,4,TVW2,0.3333333333333333,0.20000000000000004
2018-11,4,TVW2,0.5,0.4
2018-11,4,TVW2,0.6666666666666666,0.4
2018-11,4,TVW3,0.1,0.03851582863440854
2018-11,4,TVW3,0.25,0.15000000000000005
2018-11,4,TVW3,0.5,0.5
2018-11,4,TVW3,0.75,0.16148417136559146
2018-11,4,TVW3,0.9,0.14999999999999997
2018-11,5,TVW1,0.25,0.2
2018-11,5,TVW1,0.5,0.45472626461323035
2018-11,5,TVW1,0.75,0.34527373538676964
2018-11,5,TVW2,0.3333333333333333,0.20026755598205956
2018-11,5,TVW2,0.5,0.3997324440179405
2018-11,5,TVW2,0.6666666666666666,0.4
2018-11,5,TVW3,0.1,0.06485034272107487
2018-11,5,TVW3,0.25,0.15
2018-11,5,TVW3,0.5,0.4851496572789252
2018-11,5,TVW3,0.75,0.15
2018-11,5,TVW3,0.9,0.15
2018-11,6,TVW1,0.25,0.2
2018-11,6,TVW1,0.5,0.4
2018-11,6,TVW1,0.75,0.4
2018-11,6,TVW2,0.3333333333333333,0.2000000000000001
2018-11,6,TVW2,0.5,0.4
2018-11,6,TVW2,0.6666666666666666,0.3999999999999999
2018-11,6,TVW3,0.1,0.0
2018-11,6,TVW3,0.25,0.17962000566165473
2018-11,6,TVW3,0.5,0.5000000000000001
2018-11,6,TVW3,0.75,0.1703799943383452
2018-11,6,TVW3,0.9,0.15000000000000002
2018-11,7,TVW1,0.25,0.2376246272997884
2018-11,7,TVW1,0.5,0.3999999999999999
2018-11,7,TVW1,0.75,0.3623753727002116
2018-11,7,TVW2,0.3333333333333333,0.22651443789513898
2018-11,7,TVW2,0.5,0.37348556210486106
2018-11,7,TVW2,0.6666666666666666,0.4
2018-11,7,TVW3,0.1,0.15000000000000002
2018-11,7,TVW3,0.25,0.16670991028354007
2018-11,7,TVW3,0.5,0.30000000000000004
2018-11,7,TVW3,0.75,0.2332900897164598
2018-11,7,TVW3,0.9,0.15000000000000002
2018-11,8,TVW1,0.25,0.36653594946774215
2018-11,8,TVW1,0.5,0.3999999999999999
2018-11,8,TVW1,0.75,0.23346405053225797
2018-11,8,TVW2,0.3333333333333333,0.33036209752394796
2018-11,8,TVW2,0.5,0.4696379024760521
2018-11,8,TVW2,0.6666666666666666,0.2
2018-11,8,TVW3,0.1,0.008637810180434635
2018-11,8,TVW3,0.25,0.35
2018-11,8,TVW3,0.5,0.430734886094369
2018-11,8,TVW3,0.75,0.15
2018-11,8,TVW3,0.9,0.06062730372519639
2018-11,9,TVW1,0.25,0.2813907185772048
2018-11,9,TVW1,0.5,0.39999999999999997
2018-11,9,TVW1,0.75,0.3186092814227951
2018-11,9,TVW2,0.3333333333333333,0.30000000000000016
2018-11,9,TVW2,0.5,0.3
2018-11,9,TVW2,0.6666666666666666,0.4
2018-11,9,TVW3,0.1,0.14999999999999997
2018-11,9,TVW3,0.25,0.15901781005984517
2018-11,9,TVW3,0.5,0.3
2018-11,9,TVW3,0.75,0.35
2018-11,9,TVW3,0.9,0.04098218994015488
2018-11,10,TVW1,0.25,0.20000000000000004
2018-11,10,TVW1,0.5,0.6
2018-11,10,TVW1,0.75,0.2
2018-11,10,TVW2,0.3333333333333333,0.20000000000000004
2018-11,10,TVW2,0.5,0.5000000000000001
2018-11,10,TVW2,0.6666666666666666,0.3
2018-11,10,TVW3,0.1,0.0
2018-11,10,TVW3,0.25,0.28459559371488896
2018-11,10,TVW3,0.5,0.5000000000000001
2018-11,10,TVW3,0.75,0.15000000000000005
2018-11,10,TVW3,0.9,0.06540440628511092
2018-11,11,TVW1,0.25,0.2
2018-11,11,TVW1,0.5,0.5210406722414228
2018-11,11,TVW1,0.75,0.27895932775857724
2018-11,11,TVW2,0.3333333333333333,0.20000000000000007
2018-11,11,TVW2,0.5,0.5000000000000001
2018-11,11,TVW2,0.6666666666666666,0.29999999999999993
2018-11,11,TVW3,0.1,0.021356732298229906
2018-11,11,TVW3,0.25,0.3499999999999998
2018-11,11,TVW3,0.5,0.32864326770177016
2018-11,11,TVW3,0.75,0.15000000000000016
2018-11,11,TVW3,0.9,0.14999999999999986
2018-11,12,TVW1,0.25,0.2
2018-11,12,TVW1,0.5,0.4
2018-11,12,TVW1,0.75,0.39999999999999997
2018-11,12,TVW2,0.3333333333333333,0.20000000000000004
2018-11,12,TVW2,0.5,0.39999999999999997
2018-11,12,TVW2,0.6666666666666666,0.4
2018-11,12,TVW3,0.1,0.0
2018-11,12,TVW3,0.25,0.34196774959154147
2018-11,12,TVW3,0.5,0.3000000000000001
2018-11,12,TVW3,0.75,0.2080322504084584
2018-11,12,TVW3,0.9,0.15000000000000002
2018-11,13,TVW1,0.25,0.19999999999999996
2018-11,13,TVW1,0.5,0.5346155885362109
2018-11,13,TVW1,0.75,0.265384411463789
2018-11,13,TVW2,0.3333333333333333,0.22876262446183215
2018-11,13,TVW2,0.5,0.5000000000000001
2018-11,13,TVW2,0.6666666666666666,0.2712373755381676
2018-11,13,TVW3,0.1,0.0
2018-11,13,TVW3,0.25,0.20904134153168552
2018-11,13,TVW3,0.5,0.5
2018-11,13,TVW3,0.75,0.2909586584683145
2018-11,13,TVW3,0.9,0.0
2018-12,1,TVW1,0.25,0.3496818856515974
2018-12,1,TVW1,0.5,0.4503181143484027
2018-12,1,TVW1,0.75,0.2
2018-12,1,TVW2,0.3333333333333333,0.4
2018-12,1,TVW2,0.5,0.3073077793648947
2018-12,1,TVW2,0.6666666666666666,0.2926922206351053
2018-12,1,TVW3,0.1,0.14999999999999997
2018-12,1,TVW3,0.25,0.22257359454997375
2018-12,1,TVW3,0.5,0.3950022880890138
2018-12,1,TVW3,0.75,0.15
2018-12,1,TVW3,0.9,0.08242411736101247
2018-12,2,TVW1,0.25,0.22890506726851495
2018-12,2,TVW1,0.5,0.571094932731485
2018-12,2,TVW1,0.75,0.2
2018-12,2,TVW2,0.3333333333333333,0.23696025017897
2018-12,2,TVW2,0.5,0.5
2018-12,2,TVW2,0.6666666666666666,0.26303974982102996
2018-12,2,TVW3,0.1,0.0
2018-12,2,TVW3,0.25,0.2968936295227217
2018-12,2,TVW3,0.5,0.5
2018-12,2,TVW3,0.75,0.15
2018-12,2,TVW3,0.9,0.05310637047727824
2018-12,3,TVW1,0.25,0.4
2018-12,3,TVW1,0.5,0.4
2018-12,3,TVW1,0.75,0.2
2018-12,3,TVW2,0.3333333333333333,0.39999999999999986
2018-12,3,TVW2,0.5,0.39999999999999986
2018-12,3,TVW2,0.6666666666666666,0.20000000000000015
2018-12,3,TVW3,0.1,0.14999999999999983
2018-12,3,TVW3,0.25,0.1829238713128403
2018-12,3,TVW3,0.5,0.5
2018-12,3,TVW3,0.75,0.16707612868715987
2018-12,3,TVW3,0.9,2.6801525566088997e-17
2018-12,4,TVW1,0.25,0.2
2018-12,4,TVW1,0.5,0.4
2018-12,4,TVW1,0.75,0.4
2018-12,4,TVW2,0.3333333333333333,0.2
2018-12,4,TVW2,0.5,0.39999999999999997
2018-12,4,TVW2,0.6666666666666666,0.4
2018-12,4,TVW3,0.1,0.1120777013608299
2018-12,4,TVW3,0.25,0.15
2018-12,4,TVW3,0.5,0.3
2018-12,4,TVW3,0.75,0.28792229863917024
2018-12,4,TVW3,0.9,0.15
2018-12,5,TVW1,0.25,0.24313650219557623
2018-12,5,TVW1,0.5,0.4
2018-12,5,TVW1,0.75,0.3568634978044238
2018-12,5,TVW2,0.3333333333333333,0.2977186158790982
2018-12,5,TVW2,0.5,0.30228138412090183
2018-12,5,TVW2,0.6666666666666666,0.4
2018-12,5,TVW3,0.1,0.0
2018-12,5,TVW3,0.25,0.35
2018-12,5,TVW3,0.5,0.35
2018-12,5,TVW3,0.75,0.15
2018-12,5,TVW3,0.9,0.15
2018-12,6,TVW1,0.25,0.2319986996766503
2018-12,6,TVW1,0.5,0.4000000000000001
2018-12,6,TVW1,0.75,0.36800130032334966
2018-12,6,TVW2,0.3333333333333333,0.30000000000000004
2018-12,6,TVW2,0.5,0.3
2018-12,6,TVW2,0.6666666666666666,0.4
2018-12,6,TVW3,0.1,0.0
2018-12,6,TVW3,0.25,0.3138307949293946
2018-12,6,TVW3,0.5,0.29999999999999993
2018-12,6,TVW3,0.75,0.3499999999999998
2018-12,6,TVW3,0.9,0.036169205070605726
2018-12,7,TVW1,0.25,0.23034781082196967
2018-12,7,TVW1,0.5,0.4
2018-12,7,TVW1,0.75,0.36965218917803033
2018-12,7,TVW2,0.3333333333333333,0.2060547848262054
2018-12,7,TVW2,0.5,0.39394521517379455
2018-12,7,TVW2,0.6666666666666666,0.4
2018-12,7,TVW3,0.1,0.09663180579976204
2018-12,7,TVW3,0.25,0.18991051148754917
2018-12,7,TVW3,0.5,0.30000000000000004
2018-12,7,TVW3,0.75,0.35000000000000003
2018-12,7,TVW3,0.9,0.06345768271268873
2018-12,8,TVW1,0.25,0.34030354598276424
2018-12,8,TVW1,0.5,0.45969645401723586
2018-12,8,TVW1,0.75,0.2
2018-12,8,TVW2,0.3333333333333333,0.3126075903332627
2018-12,8,TVW2,0.5,0.48739240966673736
2018-12,8,TVW2,0.6666666666666666,0.2
2018-12,8,TVW3,0.1,0.14999999999999994
2018-12,8,TVW3,0.25,0.1663401524986777
2018-12,8,TVW3,0.5,0.5000000000000001
2018-12,8,TVW3,0.75,0.15000000000000002
2018-12,8,TVW3,0.9,0.03365984750132218
2018-12,9,TVW1,0.25,0.2723676648818885
2018-12,9,TVW1,0.5,0.4
2018-12,9,TVW1,0.75,0.32763233511811146
2018-12,9,TVW2,0.3333333333333333,0.22086959259362846
2018-12,9,TVW2,0.5,0.37913040740637155
2018-12,9,TVW2,0.6666666666666666,0.4000000000000001
2018-12,9,TVW3,0.1,0.1083697826863501
2018-12,9,TVW3,0.25,0.2019434282551506
2018-12,9,TVW3,0.5,0.30000000000000004
2018-12,9,TVW3,0.75,0.3499999999999999
2018-12,9,TVW3,0.9,0.039686789058499365
2018-12,10,TVW1,0.25,0.20000000000000007
2018-12,10,TVW1,0.5,0.6
2018-12,10,TVW1,0.75,0.2
2018-12,10,TVW2,0.3333333333333333,0.225147965024485
2018-12,10,TVW2,0.5,0.5000000000000001
2018-12,10,TVW2,0.6666666666666666,0.27485203497551486
2018-12,10,TVW3,0.1,0.15
2018-12,10,TVW3,0.25,0.15000000000000005
2018-12,10,TVW3,0.5,0.4196906609588102
2018-12,10,TVW3,0.75,0.15000000000000008
2018-12,10,TVW3,0.9,0.1303093390411897
2018-12,11,TVW1,0.25,0.25436523539686495
2018-12,11,TVW1,0.5,0.3999999999999999
2018-12,11,TVW1,0.75,0.34563476460313514
2018-12,11,TVW2,0.3333333333333333,0.2050273157315095
2018-12,11,TVW2,0.5,0.39497268426849047
2018-12,11,TVW2,0.6666666666666666,0.4
2018-12,11,TVW3,0.1,0.0
2018-12,11,TVW3,0.25,0.35
2018-12,11,TVW3,0.5,0.35777375560684205
2018-12,11,TVW3,0.75,0.15
2018-12,11,TVW3,0.9,0.14222624439315812
2018-12,12,TVW1,0.25,0.2
2018-12,12,TVW1,0.5,0.46519202810501714
2018-12,12,TVW1,0.75,0.33480797189498285
2018-12,12,TVW2,0.3333333333333333,0.20000000000000004
2018-12,12,TVW2,0.5,0.3999999999999999
2018-12,12,TVW2,0.6666666666666666,0.4000000000000001
2018-12,12,TVW3,0.1,0.0
2018-12,12,TVW3,0.25,0.24029311696868505
2018-12,12,TVW3,0.5,0.4969243290020445
2018-12,12,TVW3,0.75,0.15
2018-12,12,TVW3,0.9,0.11278255402927051
2018-12,13,TVW1,0.25,0.2
2018-12,13,TVW1,0.5,0.554297110234879
2018-12,13,TVW1,0.75,0.24570288976512103
2018-12,13,TVW2,0.3333333333333333,0.21719575856231846
2018-12,13,TVW2,0.5,0.49999999999999994
2018-12,13,TVW2,0.6666666666666666,0.28280424143768157
2018-12,13,TVW3,0.1,6.854478253749407e-17
2018-12,13,TVW3,0.25,0.22727868215039052
2018-12,13,TVW3,0.5,0.49999999999999983
2018-12,13,TVW3,0.75,0.25613218745393884
2018-12,13,TVW3,0.9,0.016589130395670563
2019-01,1,TVW1,0.25,0.2
2019-01,1,TVW1,0.5,0.40000000000000013
2019-01,1,TVW1,0.75,0.4
2019-01,1,TVW2,0.3333333333333333,0.19999999999999996
2019-01,1,TVW2,0.5,0.40000000000000036
2019-01,1,TVW2,0.6666666666666666,0.3999999999999995
2019-01,1,TVW3,0.1,0.0023138260193901086
2019-01,1,TVW3,0.25,0.14999999999999997
2019-01,1,TVW3,0.5,0.4999999999999999
2019-01,1,TVW3,0.75,0.19768617398060997
2019-01,1,TVW3,0.9,0.14999999999999997
2019-01,2,TVW1,0.25,0.20000000000000004
2019-01,2,TVW1,0.5,0.4
2019-01,2,TVW1,0.75,0.4
2019-01,2,TVW2,0.3333333333333333,0.2
2019-01,2,TVW2,0.5,0.4000000000000002
2019-01,2,TVW2,0.6666666666666666,0.3999999999999999
2019-01,2,TVW3,0.1,2.1684043449710093e-19
2019-01,2,TVW3,0.25,0.15000000000000002
2019-01,2,TVW3,0.5,0.5000000000000001
2019-01,2,TVW3,0.75,0.19999999999999993
2019-01,2,TVW3,0.9,0.15000000000000002
2019-01,3,TVW1,0.25,0.2
2019-01,3,TVW1,0.5,0.4
2019-01,3,TVW1,0.75,0.4
2019-01,3,TVW2,0.3333333333333333,0.20000000000000004
2019-01,3,TVW2,0.5,0.3999999999999999
2019-01,3,TVW2,0.6666666666666666,0.4000000000000001
2019-01,3,TVW3,0.1,0.09106277728896678
2019-01,3,TVW3,0.25,0.15000000000000005
2019-01,3,TVW3,0.5,0.35516361773576083
2019-01,3,TVW3,0.75,0.34999999999999987
2019-01,3,TVW3,0.9,0.05377360497527254
2019-01,4,TVW1,0.25,0.20000000000000004
2019-01,4,TVW1,0.5,0.4000000000000001
2019-01,4,TVW1,0.75,0.3999999999999999
2019-01,4,TVW2,0.3333333333333333,0.20000000000000004
2019-01,4,TVW2,0.5,0.3999999999999999
2019-01,4,TVW2,0.6666666666666666,0.4000000000000001
2019-01,4,TVW3,0.1,0.0
2019-01,4,TVW3,0.25,0.15
2019-01,4,TVW3,0.5,0.35000000000000003
2019-01,4,TVW3,0.75,0.35
2019-01,4,TVW3,0.9,0.15
2019-01,5,TVW1,0.25,0.2
2019-01,5,TVW1,0.5,0.4
2019-01,5,TVW1,0.75,0.4
2019-01,5,TVW2,0.3333333333333333,0.20000000000000007
2019-01,5,TVW2,0.5,0.4000000000000001
2019-01,5,TVW2,0.6666666666666666,0.39999999999999986
2019-01,5,TVW3,0.1,1.0924234719827391e-17
2019-01,5,TVW3,0.25,0.21535440969762182
2019-01,5,TVW3,0.5,0.3
2019-01,5,TVW3,0.75,0.3346455903023783
2019-01,5,TVW3,0.9,0.15
2019-01,6,TVW1,0.25,0.2
2019-01,6,TVW1,0.5,0.4
2019-01,6,TVW1,0.75,0.4
2019-01,6,TVW2,0.3333333333333333,0.2
2019-01,6,TVW2,0.5,0.4
2019-01,6,TVW2,0.6666666666666666,0.4
2019-01,6,TVW3,0.1,0.0
2019-01,6,TVW3,0.25,0.15
2019-01,6,TVW3,0.5,0.3548706084227653
2019-01,6,TVW3,0.75,0.3451293915772347
2019-01,6,TVW3,0.9,0.15
2019-01,7,TVW1,0.25,0.2
2019-01,7,TVW1,0.5,0.4
2019-01,7,TVW1,0.75,0.4
2019-01,7,TVW2,0.3333333333333333,0.20000000000000004
2019-01,7,TVW2,0.5,0.4
2019-01,7,TVW2,0.6666666666666666,0.4
2019-01,7,TVW3,0.1,3.3202233085127177e-18
2019-01,7,TVW3,0.25,0.15
2019-01,7,TVW3,0.5,0.35000000000000003
2019-01,7,TVW3,0.75,0.35
2019-01,7,TVW3,0.9,0.15
2019-01,8,TVW1,0.25,0.2
2019-01,8,TVW1,0.5,0.4497982528985703
2019-01,8,TVW1,0.75,0.35020174710142976
2019-01,8,TVW2,0.3333333333333333,0.3000000000000001
2019-01,8,TVW2,0.5,0.30000000000000004
2019-01,8,TVW2,0.6666666666666666,0.4
2019-01,8,TVW3,0.1,0.0
2019-01,8,TVW3,0.25,0.3208303675638044
2019-01,8,TVW3,0.5,0.37916963243619556
2019-01,8,TVW3,0.75,0.15
2019-01,8,TVW3,0.9,0.15
2019-01,9,TVW1,0.25,0.2
2019-01,9,TVW1,0.5,0.4000000000000001
2019-01,9,TVW1,0.75,0.4
2019-01,9,TVW2,0.3333333333333333,0.2
2019-01,9,TVW2,0.5,0.4
2019-01,9,TVW2,0.6666666666666666,0.4
2019-01,9,TVW3,0.1,0.04823796270094682
2019-01,9,TVW3,0.25,0.15000000000000002
2019-01,9,TVW3,0.5,0.3017620372990532
2019-01,9,TVW3,0.75,0.35000000000000003
2019-01,9,TVW3,0.9,0.15000000000000002
2019-01,10,TVW1,0.25,0.2
2019-01,10,TVW1,0.5,0.4
2019-01,10,TVW1,0.75,0.4
2019-01,10,TVW2,0.3333333333333333,0.2
2019-01,10,TVW2,0.5,0.4
2019-01,10,TVW2,0.6666666666666666,0.4
2019-01,10,TVW3,0.1,2.0816681711721688e-17
2019-01,10,TVW3,0.25,0.15000000000000005
2019-01,10,TVW3,0.5,0.49999999999999994
2019-01,10,TVW3,0.75,0.20000000000000004
2019-01,10,TVW3,0.9,0.15000000000000002
2019-01,11,TVW1,0.25,0.2
2019-01,11,TVW1,0.5,0.4
2019-01,11,TVW1,0.75,0.4
2019-01,11,TVW2,0.3333333333333333,0.20000000000000004
2019-01,11,TVW2,0.5,0.4000000000000001
2019-01,11,TVW2,0.6666666666666666,0.4
2019-01,11,TVW3,0.1,0.05000000000000016
2019-01,11,TVW3,0.25,0.14999999999999997
2019-01,11,TVW3,0.5,0.29999999999999993
2019-01,11,TVW3,0.75,0.3499999999999999
2019-01,11,TVW3,0.9,0.14999999999999997
2019-01,12,TVW1,0.25,0.2
2019-01,12,TVW1,0.5,0.4
2019-01,12,TVW1,0.75,0.4
2019-01,12,TVW2,0.3333333333333333,0.20000000000000004
2019-01,12,TVW2,0.5,0.4
2019-01,12,TVW2,0.6666666666666666,0.4
2019-01,12,TVW3,0.1,0.0
2019-01,12,TVW3,0.25,0.15000000000000002
2019-01,12,TVW3,0.5,0.35
2019-01,12,TVW3,0.75,0.35
2019-01,12,TVW3,0.9,0.15
2019-01,13,TVW1,0.25,0.20000000000000007
2019-01,13,TVW1,0.5,0.4
2019-01,13,TVW1,0.75,0.39999999999999997
2019-01,13,TVW2,0.3333333333333333,0.2000000000000001
2019-01,13,TVW2,0.5,0.39999999999999997
2019-01,13,TVW2,0.6666666666666666,0.39999999999999997
2019-01,13,TVW3,0.1,2.7543261247240988e-18
2019-01,13,TVW3,0.25,0.15
2019-01,13,TVW3,0.5,0.35000000000000014
2019-01,13,TVW3,0.75,0.35
2019-01,13,TVW3,0.9,0.15
2019-02,1,TVW1,0.25,0.20000000000000004
2019-02,1,TVW1,0.5,0.4
2019-02,1,TVW1,0.75,0.3999999999999999
2019-02,1,TVW2,0.3333333333333333,0.19999999999999996
2019-02,1,TVW2,0.5,0.4000000000000001
2019-02,1,TVW2,0.6666666666666666,0.3999999999999999
2019-02,1,TVW3,0.1,0.0
2019-02,1,TVW3,0.25,0.15000000000000002
2019-02,1,TVW3,0.5,0.4688714671006057
2019-02,1,TVW3,0.75,0.2311285328993943
2019-02,1,TVW3,0.9,0.14999999999999997
2019-02,2,TVW1,0.25,0.2
2019-02,2,TVW1,0.5,0.4
2019-02,2,TVW1,0.75,0.4
2019-02,2,TVW2,0.3333333333333333,0.2
2019-02,2,TVW2,0.5,0.4000000000000001
2019-02,2,TVW2,0.6666666666666666,0.39999999999999997
2019-02,2,TVW3,0.1,0.05000000000000017
2019-02,2,TVW3,0.25,0.14999999999999997
2019-02,2,TVW3,0.5,0.29999999999999993
2019-02,2,TVW3,0.75,0.3499999999999999
2019-02,2,TVW3,0.9,0.14999999999999997
2019-02,3,TVW1,0.25,0.2
2019-02,3,TVW1,0.5,0.4000000000000001
2019-02,3,TVW1,0.75,0.4
2019-02,3,TVW2,0.3333333333333333,0.2
2019-02,3,TVW2,0.5,0.39999999999999997
2019-02,3,TVW2,0.6666666666666666,0.4
2019-02,3,TVW3,0.1,1.5214250285542235e-17
2019-02,3,TVW3,0.25,0.15000000000000002
2019-02,3,TVW3,0.5,0.49504363651004585
2019-02,3,TVW3,0.75,0.3499999999999999
2019-02,3,TVW3,0.9,0.004956363489954114
2019-02,4,TVW1,0.25,0.2
2019-02,4,TVW1,0.5,0.4
2019-02,4,TVW1,0.75,0.4
2019-02,4,TVW2,0.3333333333333333,0.20000000000000004
2019-02,4,TVW2,0.5,0.3999999999999999
2019-02,4,TVW2,0.6666666666666666,0.4000000000000001
2019-02,4,TVW3,0.1,1.7136815992752973e-17
2019-02,4,TVW3,0.25,0.15
2019-02,4,TVW3,0.5,0.35
2019-02,4,TVW3,0.75,0.35
2019-02,4,TVW3,0.9,0.15
2019-02,5,TVW1,0.25,0.2
2019-02,5,TVW1,0.5,0.4
2019-02,5,TVW1,0.75,0.4
2019-02,5,TVW2,0.3333333333333333,0.2
2019-02,5,TVW2,0.5,0.4
2019-02,5,TVW2,0.6666666666666666,0.4
2019-02,5,TVW3,0.1,0.0
2019-02,5,TVW3,0.25,0.15000000000000002
2019-02,5,TVW3,0.5,0.35576096157624004
2019-02,5,TVW3,0.75,0.34423903842375997
2019-02,5,TVW3,0.9,0.15
2019-02,6,TVW1,0.25,0.20000000000000004
2019-02,6,TVW1,0.5,0.40000000000000013
2019-02,6,TVW1,0.75,0.3999999999999999
2019-02,6,TVW2,0.3333333333333333,0.20000000000000004
2019-02,6,TVW2,0.5,0.3999999999999999
2019-02,6,TVW2,0.6666666666666666,0.4
2019-02,6,TVW3,0.1,0.0
2019-02,6,TVW3,0.25,0.15000000000000002
2019-02,6,TVW3,0.5,0.35000000000000003
2019-02,6,TVW3,0.75,0.35
2019-02,6,TVW3,0.9,0.15
2019-02,7,TVW1,0.25,0.2
2019-02,7,TVW1,0.5,0.4
2019-02,7,TVW1,0.75,0.4
2019-02,7,TVW2,0.3333333333333333,0.2000000000000002
2019-02,7,TVW2,0.5,0.3999999999999998
2019-02,7,TVW2,0.6666666666666666,0.4
2019-02,7,TVW3,0.1,0.0
2019-02,7,TVW3,0.25,0.15000000000000002
2019-02,7,TVW3,0.5,0.35000000000000003
2019-02,7,TVW3,0.75,0.35
2019-02,7,TVW3,0.9,0.15
2019-02,8,TVW1,0.25,0.2
2019-02,8,TVW1,0.5,0.4
2019-02,8,TVW1,0.75,0.39999999999999997
2019-02,8,TVW2,0.3333333333333333,0.20000000000000007
2019-02,8,TVW2,0.5,0.3999999999999999
2019-02,8,TVW2,0.6666666666666666,0.4
2019-02,8,TVW3,0.1,0.01815569929518909
2019-02,8,TVW3,0.25,0.15
2019-02,8,TVW3,0.5,0.49999999999999983
2019-02,8,TVW3,0.75,0.18184430070481114
2019-02,8,TVW3,0.9,0.14999999999999997
2019-02,9,TVW1,0.25,0.2
2019-02,9,TVW1,0.5,0.4
2019-02,9,TVW1,0.75,0.4
2019-02,9,TVW2,0.3333333333333333,0.20000000000000004
2019-02,9,TVW2,0.5,0.4000000000000001
2019-02,9,TVW2,0.6666666666666666,0.39999999999999997
2019-02,9,TVW3,0.1,1.8562783705056594e-18
2019-02,9,TVW3,0.25,0.15
2019-02,9,TVW3,0.5,0.35000000000000014
2019-02,9,TVW3,0.75,0.35
2019-02,9,TVW3,0.9,0.15
2019-02,10,TVW1,0.25,0.2
2019-02,10,TVW1,0.5,0.4000000000000001
2019-02,10,TVW1,0.75,0.4
2019-02,10,TVW2,0.3333333333333333,0.2
2019-02,10,TVW2,0.5,0.4
2019-02,10,TVW2,0.6666666666666666,0.4
2019-02,10,TVW3,0.1,0.066448933179186
2019-02,10,TVW3,0.25,0.15000000000000005
2019-02,10,TVW3,0.5,0.3
2019-02,10,TVW3,0.75,0.333551066820814
2019-02,10,TVW3,0.9,0.15
2019-02,11,TVW1,0.25,0.20000000000000004
2019-02,11,TVW1,0.5,0.4
2019-02,11,TVW1,0.75,0.4
2019-02,11,TVW2,0.3333333333333333,0.2
2019-02,11,TVW2,0.5,0.4000000000000001
2019-02,11,TVW2,0.6666666666666666,0.4
2019-02,11,TVW3,0.1,0.009917119559798704
2019-02,11,TVW3,0.25,0.15
2019-02,11,TVW3,0.5,0.3400828804402016
2019-02,11,TVW3,0.75,0.3499999999999999
2019-02,11,TVW3,0.9,0.15
2019-02,12,TVW1,0.25,0.2
2019-02,12,TVW1,0.5,0.4
2019-02,12,TVW1,0.75,0.4
2019-02,12,TVW2,0.3333333333333333,0.2
2019-02,12,TVW2,0.5,0.4000000000000001
2019-02,12,TVW2,0.6666666666666666,0.4
2019-02,12,TVW3,0.1,1.6564110660019766e-18
2019-02,12,TVW3,0.25,0.15
2019-02,12,TVW3,0.5,0.3500000000000002
2019-02,12,TVW3,0.75,0.3499999999999999
2019-02,12,TVW3,0.9,0.15
2019-02,13,TVW1,0.25,0.2
2019-02,13,TVW1,0.5,0.4
2019-02,13,TVW1,0.75,0.4
2019-02,13,TVW2,0.3333333333333333,0.19999999999999996
2019-02,13,TVW2,0.5,0.4000000000000001
2019-02,13,TVW2,0.6666666666666666,0.3999999999999999
2019-02,13,TVW3,0.1,0.0
2019-02,13,TVW3,0.25,0.15
2019-02,13,TVW3,0.5,0.3500000000000001
2019-02,13,TVW3,0.75,0.35
2019-02,13,TVW3,0.9,0.15
2019-03,1,TVW1,0.25,0.2
2019-03,1,TVW1,0.5,0.4
2019-03,1,TVW1,0.75,0.4
2019-03,1,TVW2,0.3333333333333333,0.20000000000000012
2019-03,1,TVW2,0.5,0.4
2019-03,1,TVW2,0.6666666666666666,0.39999999999999997
2019-03,1,TVW3,0.1,0.0
2019-03,1,TVW3,0.25,0.15
2019-03,1,TVW3,0.5,0.4803190980884661
2019-03,1,TVW3,0.75,0.21968090191153394
2019-03,1,TVW3,0.9,0.15
2019-03,2,TVW1,0.25,0.2
2019-03,2,TVW1,0.5,0.4000000000000001
2019-03,2,TVW1,0.75,0.39999999999999997
2019-03,2,TVW2,0.3333333333333333,0.20000000000000004
2019-03,2,TVW2,0.5,0.3999999999999999
2019-03,2,TVW2,0.6666666666666666,0.4000000000000001
2019-03,2,TVW3,0.1,8.240467158745168e-18
2019-03,2,TVW3,0.25,0.15
2019-03,2,TVW3,0.5,0.3500000000000001
2019-03,2,TVW3,0.75,0.35
2019-03,2,TVW3,0.9,0.15
2019-03,3,TVW1,0.25,0.2
2019-03,3,TVW1,0.5,0.4
2019-03,3,TVW1,0.75,0.4
2019-03,3,TVW2,0.3333333333333333,0.19999999999999996
2019-03,3,TVW2,0.5,0.4000000000000001
2019-03,3,TVW2,0.6666666666666666,0.39999999999999986
2019-03,3,TVW3,0.1,0.03396674062501114
2019-03,3,TVW3,0.25,0.15000000000000002
2019-03,3,TVW3,0.5,0.5
2019-03,3,TVW3,0.75,0.1660332593749889
2019-03,3,TVW3,0.9,0.15
2019-03,4,TVW1,0.25,0.2
2019-03,4,TVW1,0.5,0.4
2019-03,4,TVW1,0.75,0.39999999999999997
2019-03,4,TVW2,0.3333333333333333,0.2
2019-03,4,TVW2,0.5,0.4
2019-03,4,TVW2,0.6666666666666666,0.4
2019-03,4,TVW3,0.1,6.256993415040696e-18
2019-03,4,TVW3,0.25,0.15000000000000002
2019-03,4,TVW3,0.5,0.3500000000000001
2019-03,4,TVW3,0.75,0.35
2019-03,4,TVW3,0.9,0.15000000000000002
2019-03,5,TVW1,0.25,0.20000000000000007
2019-03,5,TVW1,0.5,0.4
2019-03,5,TVW1,0.75,0.39999999999999997
2019-03,5,TVW2,0.3333333333333333,0.20000000000000004
2019-03,5,TVW2,0.5,0.39999999999999986
2019-03,5,TVW2,0.6666666666666666,0.4000000000000001
2019-03,5,TVW3,0.1,1.500487467770097e-17
2019-03,5,TVW3,0.25,0.15
2019-03,5,TVW3,0.5,0.3500000000000001
2019-03,5,TVW3,0.75,0.35
2019-03,5,TVW3,0.9,0.15
2019-03,6,TVW1,0.25,0.2000000000000001
2019-03,6,TVW1,0.5,0.3999999999999999
2019-03,6,TVW1,0.75,0.39999999999999986
2019-03,6,TVW2,0.3333333333333333,0.20000000000000015
2019-03,6,TVW2,0.5,0.4
2019-03,6,TVW2,0.6666666666666666,0.39999999999999986
2019-03,6,TVW3,0.1,0.0
2019-03,6,TVW3,0.25,0.15000000000000002
2019-03,6,TVW3,0.5,0.3500000000000002
2019-03,6,TVW3,0.75,0.3499999999999999
2019-03,6,TVW3,0.9,0.15
2019-03,7,TVW1,0.25,0.2
2019-03,7,TVW1,0.5,0.4
2019-03,7,TVW1,0.75,0.4
2019-03,7,TVW2,0.3333333333333333,0.2
2019-03,7,TVW2,0.5,0.4000000000000001
2019-03,7,TVW2,0.6666666666666666,0.4
2019-03,7,TVW3,0.1,0.0
2019-03,7,TVW3,0.25,0.15000000000000005
2019-03,7,TVW3,0.5,0.3500000000000001
2019-03,7,TVW3,0.75,0.35
2019-03,7,TVW3,0.9,0.15000000000000002
2019-03,8,TVW1,0.25,0.2
2019-03,8,TVW1,0.5,0.4
2019-03,8,TVW1,0.75,0.4
2019-03,8,TVW2,0.3333333333333333,0.2
2019-03,8,TVW2,0.5,0.39999999999999997
2019-03,8,TVW2,0.6666666666666666,0.4
2019-03,8,TVW3,0.1,0.0
2019-03,8,TVW3,0.25,0.15
2019-03,8,TVW3,0.5,0.5
2019-03,8,TVW3,0.75,0.19999999999999998
2019-03,8,TVW3,0.9,0.15
2019-03,9,TVW1,0.25,0.2
2019-03,9,TVW1,0.5,0.4
2019-03,9,TVW1,0.75,0.3999999999999999
2019-03,9,TVW2,0.3333333333333333,0.2
2019-03,9,TVW2,0.5,0.4000000000000001
2019-03,9,TVW2,0.6666666666666666,0.4
2019-03,9,TVW3,0.1,0.0
2019-03,9,TVW3,0.25,0.15
2019-03,9,TVW3,0.5,0.3500000000000001
2019-03,9,TVW3,0.75,0.35
2019-03,9,TVW3,0.9,0.15
2019-03,10,TVW1,0.25,0.2
2019-03,10,TVW1,0.5,0.4
2019-03,10,TVW1,0.75,0.4
2019-03,10,TVW2,0.3333333333333333,0.2
2019-03,10,TVW2,0.5,0.4
2019-03,10,TVW2,0.6666666666666666,0.4
2019-03,10,TVW3,0.1,0.0
2019-03,10,TVW3,0.25,0.15
2019-03,10,TVW3,0.5,0.35833094004594246
2019-03,10,TVW3,0.75,0.3416690599540576
2019-03,10,TVW3,0.9,0.15
2019-03,11,TVW1,0.25,0.20000000000000004
2019-03,11,TVW1,0.5,0.4000000000000002
2019-03,11,TVW1,0.75,0.39999999999999986
2019-03,11,TVW2,0.3333333333333333,0.2
2019-03,11,TVW2,0.5,0.4000000000000001
2019-03,11,TVW2,0.6666666666666666,0.4
2019-03,11,TVW3,0.1,0.047519379412789435
2019-03,11,TVW3,0.25,0.15
2019-03,11,TVW3,0.5,0.3024806205872107
2019-03,11,TVW3,0.75,0.35
2019-03,11,TVW3,0.9,0.15
2019-03,12,TVW1,0.25,0.20000000000000004
2019-03,12,TVW1,0.5,0.4
2019-03,12,TVW1,0.75,0.4
2019-03,12,TVW2,0.3333333333333333,0.2
2019-03,12,TVW2,0.5,0.4
2019-03,12,TVW2,0.6666666666666666,0.4
2019-03,12,TVW3,0.1,8.877037726127483e-19
2019-03,12,TVW3,0.25,0.15
2019-03,12,TVW3,0.5,0.35
2019-03,12,TVW3,0.75,0.35
2019-03,12,TVW3,0.9,0.15
2019-03,13,TVW1,0.25,0.2000000000000001
2019-03,13,TVW1,0.5,0.4
2019-03,13,TVW1,0.75,0.3999999999999999
2019-03,13,TVW2,0.3333333333333333,0.20000000000000007
2019-03,13,TVW2,0.5,0.39999999999999997
2019-03,13,TVW2,0.6666666666666666,0.4
2019-03,13,TVW3,0.1,0.0
2019-03,13,TVW3,0.25,0.15000000000000002
2019-03,13,TVW3,0.5,0.3500000000000002
2019-03,13,TVW3,0.75,0.34999999999999987
2019-03,13,TVW3,0.9,0.15000000000000002
2019-04,1,TVW1,0.25,0.2
2019-04,1,TVW1,0.5,0.4
2019-04,1,TVW1,0.75,0.4
2019-04,1,TVW2,0.3333333333333333,0.2
2019-04,1,TVW2,0.5,0.40000000000000024
2019-04,1,TVW2,0.6666666666666666,0.3999999999999998
2019-04,1,TVW3,0.1,0.0
2019-04,1,TVW3,0.25,0.14999999999999997
2019-04,1,TVW3,0.5,0.480531336045269
2019-04,1,TVW3,0.75,0.21946866395473108
2019-04,1,TVW3,0.9,0.14999999999999997
2019-04,2,TVW1,0.25,0.2
2019-04,2,TVW1,0.5,0.4
2019-04,2,TVW1,0.75,0.4
2019-04,2,TVW2,0.3333333333333333,0.2
2019-04,2,TVW2,0.5,0.4
2019-04,2,TVW2,0.6666666666666666,0.4
2019-04,2,TVW3,0.1,1.8441840573049903e-17
2019-04,2,TVW3,0.25,0.15
2019-04,2,TVW3,0.5,0.48361118914747403
2019-04,2,TVW3,0.75,0.21638881085252595
2019-04,2,TVW3,0.9,0.15
2019-04,3,TVW1,0.25,0.20000000000000004
2019-04,3,TVW1,0.5,0.5057074604477917
2019-04,3,TVW1,0.75,0.2942925395522084
2019-04,3,TVW2,0.3333333333333333,0.2
2019-04,3,TVW2,0.5,0.4932458706581207
2019-04,3,TVW2,0.6666666666666666,0.30675412934187934
2019-04,3,TVW3,0.1,0.08106287811755931
2019-04,3,TVW3,0.25,0.15000000000000005
2019-04,3,TVW3,0.5,0.5
2019-04,3,TVW3,0.75,0.15000000000000002
2019-04,3,TVW3,0.9,0.11893712188244067
2019-04,4,TVW1,0.25,0.20000000000000004
2019-04,4,TVW1,0.5,0.4
2019-04,4,TVW1,0.75,0.4
2019-04,4,TVW2,0.3333333333333333,0.20000000000000004
2019-04,4,TVW2,0.5,0.3999999999999999
2019-04,4,TVW2,0.6666666666666666,0.4000000000000001
2019-04,4,TVW3,0.1,4.512938826101642e-18
2019-04,4,TVW3,0.25,0.15
2019-04,4,TVW3,0.5,0.35000000000000003
2019-04,4,TVW3,0.75,0.35
2019-04,4,TVW3,0.9,0.14999999999999997
2019-04,5,TVW1,0.25,0.20000000000000004
2019-04,5,TVW1,0.5,0.4
2019-04,5,TVW1,0.75,0.4
2019-04,5,TVW2,0.3333333333333333,0.2
2019-04,5,TVW2,0.5,0.4000000000000001
2019-04,5,TVW2,0.6666666666666666,0.4
2019-04,5,TVW3,0.1,1.1511281952430722e-17
2019-04,5,TVW3,0.25,0.14999999999999997
2019-04,5,TVW3,0.5,0.4135702323351519
2019-04,5,TVW3,0.75,0.2864297676648482
2019-04,5,TVW3,0.9,0.14999999999999994
2019-04,6,TVW1,0.25,0.2
2019-04,6,TVW1,0.5,0.4
2019-04,6,TVW1,0.75,0.4
2019-04,6,TVW2,0.3333333333333333,0.2
2019-04,6,TVW2,0.5,0.4
2019-04,6,TVW2,0.6666666666666666,0.3999999999999999
2019-04,6,TVW3,0.1,0.02008578623527824
2019-04,6,TVW3,0.25,0.15
2019-04,6,TVW3,0.5,0.3299142137647218
2019-04,6,TVW3,0.75,0.35
2019-04,6,TVW3,0.9,0.15
2019-04,7,TVW1,0.25,0.2
2019-04,7,TVW1,0.5,0.4
2019-04,7,TVW1,0.75,0.4
2019-04,7,TVW2,0.3333333333333333,0.20000000000000007
2019-04,7,TVW2,0.5,0.4
2019-04,7,TVW2,0.6666666666666666,0.39999999999999997
2019-04,7,TVW3,0.1,0.0
2019-04,7,TVW3,0.25,0.15
2019-04,7,TVW3,0.5,0.35000000000000003
2019-04,7,TVW3,0.75,0.35
2019-04,7,TVW3,0.9,0.15
2019-04,8,TVW1,0.25,0.2
2019-04,8,TVW1,0.5,0.4
2019-04,8,TVW1,0.75,0.4
2019-04,8,TVW2,0.3333333333333333,0.20000000000000004
2019-04,8,TVW2,0.5,0.39999999999999997
2019-04,8,TVW2,0.6666666666666666,0.4000000000000001
2019-04,8,TVW3,0.1,0.0342585305683538
2019-04,8,TVW3,0.25,0.15000000000000005
2019-04,8,TVW3,0.5,0.4999999999999999
2019-04,8,TVW3,0.75,0.16574146943164633
2019-04,8,TVW3,0.9,0.14999999999999997
2019-04,9,TVW1,0.25,0.20000000000000004
2019-04,9,TVW1,0.5,0.4000000000000001
2019-04,9,TVW1,0.75,0.39999999999999997
2019-04,9,TVW2,0.3333333333333333,0.2
2019-04,9,TVW2,0.5,0.4000000000000002
2019-04,9,TVW2,0.6666666666666666,0.3999999999999999
2019-04,9,TVW3,0.1,0.02026045764979845
2019-04,9,TVW3,0.25,0.15
2019-04,9,TVW3,0.5,0.3297395423502017
2019-04,9,TVW3,0.75,0.3499999999999999
2019-04,9,TVW3,0.9,0.15
2019-04,10,TVW1,0.25,0.20000000000000004
2019-04,10,TVW1,0.5,0.4
2019-04,10,TVW1,0.75,0.4
2019-04,10,TVW2,0.3333333333333333,0.2
2019-04,10,TVW2,0.5,0.39999999999999997
2019-04,10,TVW2,0.6666666666666666,0.4
2019-04,10,TVW3,0.1,3.4354405289272032e-18
2019-04,10,TVW3,0.25,0.15
2019-04,10,TVW3,0.5,0.4157550463300516
2019-04,10,TVW3,0.75,0.2842449536699485
2019-04,10,TVW3,0.9,0.15
2019-04,11,TVW1,0.25,0.2
2019-04,11,TVW1,0.5,0.4
2019-04,11,TVW1,0.75,0.4
2019-04,11,TVW2,0.3333333333333333,0.2
2019-04,11,TVW2,0.5,0.4000000000000001
2019-04,11,TVW2,0.6666666666666666,0.4
2019-04,11,TVW3,0.1,0.05688035176459931
2019-04,11,TVW3,0.25,0.15
2019-04,11,TVW3,0.5,0.3
2019-04,11,TVW3,0.75,0.34311964823540086
2019-04,11,TVW3,0.9,0.15
2019-04,12,TVW1,0.25,0.2
2019-04,12,TVW1,0.5,0.4
2019-04,12,TVW1,0.75,0.4
2019-04,12,TVW2,0.3333333333333333,0.20000000000000004
2019-04,12,TVW2,0.5,0.39999999999999997
2019-04,12,TVW2,0.6666666666666666,0.4000000000000001
2019-04,12,TVW3,0.1,0.0
2019-04,12,TVW3,0.25,0.15000000000000002
2019-04,12,TVW3,0.5,0.35000000000000003
2019-04,12,TVW3,0.75,0.35
2019-04,12,TVW3,0.9,0.15
2019-04,13,TVW1,0.25,0.2
2019-04,13,TVW1,0.5,0.4000000000000001
2019-04,13,TVW1,0.75,0.4
2019-04,13,TVW2,0.3333333333333333,0.2
2019-04,13,TVW2,0.5,0.4000000000000001
2019-04,13,TVW2,0.6666666666666666,0.4
2019-04,13,TVW3,0.1,8.936267544638726e-18
2019-04,13,TVW3,0.25,0.15
2019-04,13,TVW3,0.5,0.3500000000000001
2019-04,13,TVW3,0.75,0.35
2019-04,13,TVW3,0.9,0.14999999999999997
2019-05,1,TVW1,0.25,0.2
2019-05,1,TVW1,0.5,0.4
2019-05,1,TVW1,0.75,0.4
2019-05,1,TVW2,0.3333333333333333,0.20000000000000004
2019-05,1,TVW2,0.5,0.4
2019-05,1,TVW2,0.6666666666666666,0.4
2019-05,1,TVW3,0.1,0.0
2019-05,1,TVW3,0.25,0.15000000000000005
2019-05,1,TVW3,0.5,0.49999999999999983
2019-05,1,TVW3,0.75,0.20000000000000012
2019-05,1,TVW3,0.9,0.14999999999999997
2019-05,2,TVW1,0.25,0.2
2019-05,2,TVW1,0.5,0.4
2019-05,2,TVW1,0.75,0.4
2019-05,2,TVW2,0.3333333333333333,0.20000000000000004
2019-05,2,TVW2,0.5,0.3999999999999999
2019-05,2,TVW2,0.6666666666666666,0.4
2019-05,2,TVW3,0.1,4.6258258185027426e-18
2019-05,2,TVW3,0.25,0.15
2019-05,2,TVW3,0.5,0.35000000000000014
2019-05,2,TVW3,0.75,0.35
2019-05,2,TVW3,0.9,0.15
2019-05,3,TVW1,0.25,0.20000000000000004
2019-05,3,TVW1,0.5,0.4
2019-05,3,TVW1,0.75,0.3999999999999999
2019-05,3,TVW2,0.3333333333333333,0.20000000000000004
2019-05,3,TVW2,0.5,0.4
2019-05,3,TVW2,0.6666666666666666,0.39999999999999997
2019-05,3,TVW3,0.1,0.013840851854108547
2019-05,3,TVW3,0.25,0.15
2019-05,3,TVW3,0.5,0.49999999999999983
2019-05,3,TVW3,0.75,0.18615914814589157
2019-05,3,TVW3,0.9,0.14999999999999997
2019-05,4,TVW1,0.25,0.2
2019-05,4,TVW1,0.5,0.4
2019-05,4,TVW1,0.75,0.4
2019-05,4,TVW2,0.3333333333333333,0.20000000000000007
2019-05,4,TVW2,0.5,0.4000000000000001
2019-05,4,TVW2,0.6666666666666666,0.4
2019-05,4,TVW3,0.1,0.0
2019-05,4,TVW3,0.25,0.15
2019-05,4,TVW3,0.5,0.35000000000000014
2019-05,4,TVW3,0.75,0.35
2019-05,4,TVW3,0.9,0.15
2019-05,5,TVW1,0.25,0.2
2019-05,5,TVW1,0.5,0.40000000000000013
2019-05,5,TVW1,0.75,0.4
2019-05,5,TVW2,0.3333333333333333,0.2
2019-05,5,TVW2,0.5,0.40000000000000013
2019-05,5,TVW2,0.6666666666666666,0.4
2019-05,5,TVW3,0.1,5.458104185657156e-18
2019-05,5,TVW3,0.25,0.15
2019-05,5,TVW3,0.5,0.35000000000000014
2019-05,5,TVW3,0.75,0.35
2019-05,5,TVW3,0.9,0.15
2019-05,6,TVW1,0.25,0.2
2019-05,6,TVW1,0.5,0.4
2019-05,6,TVW1,0.75,0.39999999999999997
2019-05,6,TVW2,0.3333333333333333,0.2
2019-05,6,TVW2,0.5,0.4
2019-05,6,TVW2,0.6666666666666666,0.4
2019-05,6,TVW3,0.1,1.5626219499284293e-17
2019-05,6,TVW3,0.25,0.15
2019-05,6,TVW3,0.5,0.3500000000000002
2019-05,6,TVW3,0.75,0.34999999999999987
2019-05,6,TVW3,0.9,0.14999999999999997
2019-05,7,TVW1,0.25,0.2
2019-05,7,TVW1,0.5,0.40000000000000013
2019-05,7,TVW1,0.75,0.3999999999999999
2019-05,7,TVW2,0.3333333333333333,0.20000000000000004
2019-05,7,TVW2,0.5,0.3999999999999999
2019-05,7,TVW2,0.6666666666666666,0.4000000000000001
2019-05,7,TVW3,0.1,1.3819422294736418e-17
2019-05,7,TVW3,0.25,0.15
2019-05,7,TVW3,0.5,0.35000000000000003
2019-05,7,TVW3,0.75,0.35
2019-05,7,TVW3,0.9,0.15
2019-05,8,TVW1,0.25,0.2
2019-05,8,TVW1,0.5,0.4
2019-05,8,TVW1,0.75,0.4
2019-05,8,TVW2,0.3333333333333333,0.2
2019-05,8,TVW2,0.5,0.4000000000000001
2019-05,8,TVW2,0.6666666666666666,0.4
2019-05,8,TVW3,0.1,0.0
2019-05,8,TVW3,0.25,0.15000000000000005
2019-05,8,TVW3,0.5,0.4893350516920205
2019-05,8,TVW3,0.75,0.21066494830797958
2019-05,8,TVW3,0.9,0.15
2019-05,9,TVW1,0.25,0.2
2019-05,9,TVW1,0.5,0.4
2019-05,9,TVW1,0.75,0.4
2019-05,9,TVW2,0.3333333333333333,0.2
2019-05,9,TVW2,0.5,0.4000000000000001
2019-05,9,TVW2,0.6666666666666666,0.4
2019-05,9,TVW3,0.1,0.0
2019-05,9,TVW3,0.25,0.15
2019-05,9,TVW3,0.5,0.35000000000000014
2019-05,9,TVW3,0.75,0.35
2019-05,9,TVW3,0.9,0.15
2019-05,10,TVW1,0.25,0.20000000000000007
2019-05,10,TVW1,0.5,0.4
2019-05,10,TVW1,0.75,0.39999999999999997
2019-05,10,TVW2,0.3333333333333333,0.20000000000000007
2019-05,10,TVW2,0.5,0.4000000000000001
2019-05,10,TVW2,0.6666666666666666,0.39999999999999997
2019-05,10,TVW3,0.1,1.5326704118334896e-17
2019-05,10,TVW3,0.25,0.15
2019-05,10,TVW3,0.5,0.4218405630343893
2019-05,10,TVW3,0.75,0.27815943696561074
2019-05,10,TVW3,0.9,0.14999999999999997
2019-05,11,TVW1,0.25,0.20000000000000004
2019-05,11,TVW1,0.5,0.4
2019-05,11,TVW1,0.75,0.4
2019-05,11,TVW2,0.3333333333333333,0.20000000000000004
2019-05,11,TVW2,0.5,0.3999999999999999
2019-05,11,TVW2,0.6666666666666666,0.4000000000000001
2019-05,11,TVW3,0.1,5.330794751999567e-18
2019-05,11,TVW3,0.25,0.15
2019-05,11,TVW3,0.5,0.35000000000000003
2019-05,11,TVW3,0.75,0.35
2019-05,11,TVW3,0.9,0.15
2019-05,12,TVW1,0.25,0.2
2019-05,12,TVW1,0.5,0.4
2019-05,12,TVW1,0.75,0.4
2019-05,12,TVW2,0.3333333333333333,0.20000000000000004
2019-05,12,TVW2,0.5,0.3999999999999999
2019-05,12,TVW2,0.6666666666666666,0.4000000000000001
2019-05,12,TVW3,0.1,0.0
2019-05,12,TVW3,0.25,0.15
2019-05,12,TVW3,0.5,0.35
2019-05,12,TVW3,0.75,0.35
2019-05,12,TVW3,0.9,0.15
2019-05,13,TVW1,0.25,0.20000000000000004
2019-05,13,TVW1,0.5,0.4
2019-05,13,TVW1,0.75,0.39999999999999997
2019-05,13,TVW2,0.3333333333333333,0.20000000000000004
2019-05,13,TVW2,0.5,0.39999999999999997
2019-05,13,TVW2,0.6666666666666666,0.4000000000000001
2019-05,13,TVW3,0.1,0.0
2019-05,13,TVW3,0.25,0.15000000000000005
2019-05,13,TVW3,0.5,0.3500000000000001
2019-05,13,TVW3,0.75,0.35
2019-05,13,TVW3,0.9,0.15000000000000002
2019-06,1,TVW1,0.25,0.20000000000000004
2019-06,1,TVW1,0.5,0.4
2019-06,1,TVW1,0.75,0.4
2019-06,1,TVW2,0.3333333333333333,0.20000000000000015
2019-06,1,TVW2,0.5,0.3999999999999998
2019-06,1,TVW2,0.6666666666666666,0.40000000000000013
2019-06,1,TVW3,0.1,0.046953271522466644
2019-06,1,TVW3,0.25,0.15000000000000008
2019-06,1,TVW3,0.5,0.3295182317581512
2019-06,1,TVW3,0.75,0.3235284967193821
2019-06,1,TVW3,0.9,0.15
2019-06,2,TVW1,0.25,0.20000000000000004
2019-06,2,TVW1,0.5,0.4000000000000001
2019-06,2,TVW1,0.75,0.39999999999999997
2019-06,2,TVW2,0.3333333333333333,0.2
2019-06,2,TVW2,0.5,0.4000000000000001
2019-06,2,TVW2,0.6666666666666666,0.4
2019-06,2,TVW3,0.1,7.45931094670027e-17
2019-06,2,TVW3,0.25,0.20000000000000007
2019-06,2,TVW3,0.5,0.3
2019-06,2,TVW3,0.75,0.3499999999999999
2019-06,2,TVW3,0.9,0.15
2019-06,3,TVW1,0.25,0.2
2019-06,3,TVW1,0.5,0.4
2019-06,3,TVW1,0.75,0.4
2019-06,3,TVW2,0.3333333333333333,0.20000000000000004
2019-06,3,TVW2,0.5,0.4
2019-06,3,TVW2,0.6666666666666666,0.4
2019-06,3,TVW3,0.1,0.14698638383874948
2019-06,3,TVW3,0.25,0.15
2019-06,3,TVW3,0.5,0.3
2019-06,3,TVW3,0.75,0.2530136161612506
2019-06,3,TVW3,0.9,0.15
2019-06,4,TVW1,0.25,0.2
2019-06,4,TVW1,0.5,0.4
2019-06,4,TVW1,0.75,0.4
2019-06,4,TVW2,0.3333333333333333,0.20000000000000004
2019-06,4,TVW2,0.5,0.39999999999999997
2019-06,4,TVW2,0.6666666666666666,0.4000000000000001
2019-06,4,TVW3,0.1,0.0
2019-06,4,TVW3,0.25,0.15
2019-06,4,TVW3,0.5,0.3500000000000001
2019-06,4,TVW3,0.75,0.35
2019-06,4,TVW3,0.9,0.15
2019-06,5,TVW1,0.25,0.20000000000000007
2019-06,5,TVW1,0.5,0.4000000000000001
2019-06,5,TVW1,0.75,0.3999999999999999
2019-06,5,TVW2,0.3333333333333333,0.2
2019-06,5,TVW2,0.5,0.4
2019-06,5,TVW2,0.6666666666666666,0.4
2019-06,5,TVW3,0.1,0.0
2019-06,5,TVW3,0.25,0.15
2019-06,5,TVW3,0.5,0.3500000000000001
2019-06,5,TVW3,0.75,0.35
2019-06,5,TVW3,0.9,0.15
2019-06,6,TVW1,0.25,0.2
2019-06,6,TVW1,0.5,0.4
2019-06,6,TVW1,0.75,0.4
2019-06,6,TVW2,0.3333333333333333,0.20000000000000004
2019-06,6,TVW2,0.5,0.3999999999999999
2019-06,6,TVW2,0.6666666666666666,0.4000000000000001
2019-06,6,TVW3,0.1,6.750096870048186e-19
2019-06,6,TVW3,0.25,0.15
2019-06,6,TVW3,0.5,0.3500000000000001
2019-06,6,TVW3,0.75,0.35
2019-06,6,TVW3,0.9,0.15
2019-06,7,TVW1,0.25,0.2
2019-06,7,TVW1,0.5,0.4
2019-06,7,TVW1,0.75,0.4
2019-06,7,TVW2,0.3333333333333333,0.2
2019-06,7,TVW2,0.5,0.4000000000000001
2019-06,7,TVW2,0.6666666666666666,0.4
2019-06,7,TVW3,0.1,0.0
2019-06,7,TVW3,0.25,0.15
2019-06,7,TVW3,0.5,0.3500000000000001
2019-06,7,TVW3,0.75,0.35
2019-06,7,TVW3,0.9,0.15
2019-06,8,TVW1,0.25,0.2
2019-06,8,TVW1,0.5,0.4
2019-06,8,TVW1,0.75,0.4
2019-06,8,TVW2,0.3333333333333333,0.2
2019-06,8,TVW2,0.5,0.4000000000000001
2019-06,8,TVW2,0.6666666666666666,0.4
2019-06,8,TVW3,0.1,0.1148566713842112
2019-06,8,TVW3,0.25,0.15
2019-06,8,TVW3,0.5,0.3
2019-06,8,TVW3,0.75,0.28514332861578884
2019-06,8,TVW3,0.9,0.15
2019-06,9,TVW1,0.25,0.2
2019-06,9,TVW1,0.5,0.4
2019-06,9,TVW1,0.75,0.4
2019-06,9,TVW2,0.3333333333333333,0.2
2019-06,9,TVW2,0.5,0.4000000000000001
2019-06,9,TVW2,0.6666666666666666,0.4
2019-06,9,TVW3,0.1,5.8978027387974064e-18
2019-06,9,TVW3,0.25,0.15000000000000002
2019-06,9,TVW3,0.5,0.38265634469518356
2019-06,9,TVW3,0.75,0.34999999999999987
2019-06,9,TVW3,0.9,0.11734365530481655
2019-06,10,TVW1,0.25,0.20000000000000004
2019-06,10,TVW1,0.5,0.4
2019-06,10,TVW1,0.75,0.39999999999999997
2019-06,10,TVW2,0.3333333333333333,0.2
2019-06,10,TVW2,0.5,0.4
2019-06,10,TVW2,0.6666666666666666,0.4
2019-06,10,TVW3,0.1,8.810734986979583e-18
2019-06,10,TVW3,0.25,0.15000000000000005
2019-06,10,TVW3,0.5,0.5
2019-06,10,TVW3,0.75,0.20000000000000012
2019-06,10,TVW3,0.9,0.15
2019-06,11,TVW1,0.25,0.2
2019-06,11,TVW1,0.5,0.4
2019-06,11,TVW1,0.75,0.4
2019-06,11,TVW2,0.3333333333333333,0.2
2019-06,11,TVW2,0.5,0.4000000000000001
2019-06,11,TVW2,0.6666666666666666,0.4
2019-06,11,TVW3,0.1,2.0535776389693963e-17
2019-06,11,TVW3,0.25,0.19225893609185146
2019-06,11,TVW3,0.5,0.3077410639081487
2019-06,11,TVW3,0.75,0.3499999999999999
2019-06,11,TVW3,0.9,0.15
2019-06,12,TVW1,0.25,0.2
2019-06,12,TVW1,0.5,0.4
2019-06,12,TVW1,0.75,0.4
2019-06,12,TVW2,0.3333333333333333,0.20000000000000018
2019-06,12,TVW2,0.5,0.39999999999999947
2019-06,12,TVW2,0.6666666666666666,0.40000000000000036
2019-06,12,TVW3,0.1,0.0
2019-06,12,TVW3,0.25,0.15
2019-06,12,TVW3,0.5,0.4176309436070883
2019-06,12,TVW3,0.75,0.2823690563929118
2019-06,12,TVW3,0.9,0.15
2019-06,13,TVW1,0.25,0.2
2019-06,13,TVW1,0.5,0.4
2019-06,13,TVW1,0.75,0.4
2019-06,13,TVW2,0.3333333333333333,0.2
2019-06,13,TVW2,0.5,0.4000000000000001
2019-06,13,TVW2,0.6666666666666666,0.4
2019-06,13,TVW3,0.1,1.8224809056731494e-19
2019-06,13,TVW3,0.25,0.15000000000000005
2019-06,13,TVW3,0.5,0.42622312103653254
2019-06,13,TVW3,0.75,0.35000000000000003
2019-06,13,TVW3,0.9,0.0737768789634674
2019-07,1,TVW1,0.25,0.2
2019-07,1,TVW1,0.5,0.4
2019-07,1,TVW1,0.75,0.4
2019-07,1,TVW2,0.3333333333333333,0.20000000000000004
2019-07,1,TVW2,0.5,0.3999999999999999
2019-07,1,TVW2,0.6666666666666666,0.4000000000000001
2019-07,1,TVW3,0.1,0.008284431457296402
2019-07,1,TVW3,0.25,0.15000000000000002
2019-07,1,TVW3,0.5,0.3417155685427037
2019-07,1,TVW3,0.75,0.35
2019-07,1,TVW3,0.9,0.15
2019-07,2,TVW1,0.25,0.2
2019-07,2,TVW1,0.5,0.4
2019-07,2,TVW1,0.75,0.4
2019-07,2,TVW2,0.3333333333333333,0.20000000000000007
2019-07,2,TVW2,0.5,0.3999999999999999
2019-07,2,TVW2,0.6666666666666666,0.4000000000000001
2019-07,2,TVW3,0.1,2.602516724940535e-18
2019-07,2,TVW3,0.25,0.15
2019-07,2,TVW3,0.5,0.3500000000000001
2019-07,2,TVW3,0.75,0.35
2019-07,2,TVW3,0.9,0.15
2019-07,3,TVW1,0.25,0.2
2019-07,3,TVW1,0.5,0.4
2019-07,3,TVW1,0.75,0.4
2019-07,3,TVW2,0.3333333333333333,0.2
2019-07,3,TVW2,0.5,0.4000000000000001
2019-07,3,TVW2,0.6666666666666666,0.4
2019-07,3,TVW3,0.1,0.006611712244710867
2019-07,3,TVW3,0.25,0.15000000000000005
2019-07,3,TVW3,0.5,0.5000000000000001
2019-07,3,TVW3,0.75,0.19338828775528902
2019-07,3,TVW3,0.9,0.15000000000000002
2019-07,4,TVW1,0.25,0.20000000000000015
2019-07,4,TVW1,0.5,0.4
2019-07,4,TVW1,0.75,0.39999999999999986
2019-07,4,TVW2,0.3333333333333333,0.2
2019-07,4,TVW2,0.5,0.4000000000000001
2019-07,4,TVW2,0.6666666666666666,0.4
2019-07,4,TVW3,0.1,1.3052037241406968e-17
2019-07,4,TVW3,0.25,0.15000000000000002
2019-07,4,TVW3,0.5,0.3500000000000001
2019-07,4,TVW3,0.75,0.35
2019-07,4,TVW3,0.9,0.15
2019-07,5,TVW1,0.25,0.2
2019-07,5,TVW1,0.5,0.4
2019-07,5,TVW1,0.75,0.4
2019-07,5,TVW2,0.3333333333333333,0.2
2019-07,5,TVW2,0.5,0.4000000000000001
2019-07,5,TVW2,0.6666666666666666,0.4
2019-07,5,TVW3,0.1,9.664541386997842e-18
2019-07,5,TVW3,0.25,0.16245790962713533
2019-07,5,TVW3,0.5,0.33754209037286476
2019-07,5,TVW3,0.75,0.35
2019-07,5,TVW3,0.9,0.15
2019-07,6,TVW1,0.25,0.2
2019-07,6,TVW1,0.5,0.4
2019-07,6,TVW1,0.75,0.4
2019-07,6,TVW2,0.3333333333333333,0.20000000000000004
2019-07,6,TVW2,0.5,0.4000000000000001
2019-07,6,TVW2,0.6666666666666666,0.4
2019-07,6,TVW3,0.1,0.0
2019-07,6,TVW3,0.25,0.15000000000000002
2019-07,6,TVW3,0.5,0.3500000000000001
2019-07,6,TVW3,0.75,0.3499999999999999
2019-07,6,TVW3,0.9,0.15
2019-07,7,TVW1,0.25,0.20000000000000004
2019-07,7,TVW1,0.5,0.4
2019-07,7,TVW1,0.75,0.4
2019-07,7,TVW2,0.3333333333333333,0.20000000000000004
2019-07,7,TVW2,0.5,0.4000000000000001
2019-07,7,TVW2,0.6666666666666666,0.4
2019-07,7,TVW3,0.1,0.0
2019-07,7,TVW3,0.25,0.15
2019-07,7,TVW3,0.5,0.35000000000000003
2019-07,7,TVW3,0.75,0.35
2019-07,7,TVW3,0.9,0.15
2019-07,8,TVW1,0.25,0.20000000000000004
2019-07,8,TVW1,0.5,0.4
2019-07,8,TVW1,0.75,0.39999999999999997
2019-07,8,TVW2,0.3333333333333333,0.2
2019-07,8,TVW2,0.5,0.4
2019-07,8,TVW2,0.6666666666666666,0.39999999999999986
2019-07,8,TVW3,0.1,0.033352371656547954
2019-07,8,TVW3,0.25,0.15
2019-07,8,TVW3,0.5,0.31664762834345217
2019-07,8,TVW3,0.75,0.35
2019-07,8,TVW3,0.9,0.15
2019-07,9,TVW1,0.25,0.20000000000000004
2019-07,9,TVW1,0.5,0.4000000000000001
2019-07,9,TVW1,0.75,0.39999999999999997
2019-07,9,TVW2,0.3333333333333333,0.2
2019-07,9,TVW2,0.5,0.40000000000000013
2019-07,9,TVW2,0.6666666666666666,0.4
2019-07,9,TVW3,0.1,0.0
2019-07,9,TVW3,0.25,0.15
2019-07,9,TVW3,0.5,0.3500000000000001
2019-07,9,TVW3,0.75,0.35
2019-07,9,TVW3,0.9,0.15
2019-07,10,TVW1,0.25,0.2
2019-07,10,TVW1,0.5,0.4
2019-07,10,TVW1,0.75,0.4
2019-07,10,TVW2,0.3333333333333333,0.2
2019-07,10,TVW2,0.5,0.4000000000000001
2019-07,10,TVW2,0.6666666666666666,0.4
2019-07,10,TVW3,0.1,2.6115821470270727e-18
2019-07,10,TVW3,0.25,0.15
2019-07,10,TVW3,0.5,0.4203441955467944
2019-07,10,TVW3,0.75,0.27965580445320565
2019-07,10,TVW3,0.9,0.15
2019-07,11,TVW1,0.25,0.2
2019-07,11,TVW1,0.5,0.4
2019-07,11,TVW1,0.75,0.4
2019-07,11,TVW2,0.3333333333333333,0.2
2019-07,11,TVW2,0.5,0.4000000000000001
2019-07,11,TVW2,0.6666666666666666,0.4
2019-07,11,TVW3,0.1,9.928633205088381e-19
2019-07,11,TVW3,0.25,0.15
2019-07,11,TVW3,0.5,0.35000000000000003
2019-07,11,TVW3,0.75,0.35
2019-07,11,TVW3,0.9,0.15
2019-07,12,TVW1,0.25,0.2
2019-07,12,TVW1,0.5,0.4
2019-07,12,TVW1,0.75,0.4
2019-07,12,TVW2,0.3333333333333333,0.20000000000000007
2019-07,12,TVW2,0.5,0.4000000000000001
2019-07,12,TVW2,0.6666666666666666,0.39999999999999997
2019-07,12,TVW3,0.1,0.0022551206142748183
2019-07,12,TVW3,0.25,0.14999999999999997
2019-07,12,TVW3,0.5,0.3477448793857253
2019-07,12,TVW3,0.75,0.3499999999999999
2019-07,12,TVW3,0.9,0.14999999999999997
2019-07,13,TVW1,0.25,0.20000000000000004
2019-07,13,TVW1,0.5,0.4
2019-07,13,TVW1,0.75,0.4
2019-07,13,TVW2,0.3333333333333333,0.2
2019-07,13,TVW2,0.5,0.4000000000000001
2019-07,13,TVW2,0.6666666666666666,0.4
2019-07,13,TVW3,0.1,0.0
2019-07,13,TVW3,0.25,0.15000000000000002
2019-07,13,TVW3,0.5,0.3839792974845675
2019-07,13,TVW3,0.75,0.35000000000000003
2019-07,13,TVW3,0.9,0.11602070251543255
2019-08,1,TVW1,0.25,0.2
2019-08,1,TVW1,0.5,0.4
2019-08,1,TVW1,0.75,0.4
2019-08,1,TVW2,0.3333333333333333,0.19999999999999993
2019-08,1,TVW2,0.5,0.4000000000000001
2019-08,1,TVW2,0.6666666666666666,0.39999999999999986
2019-08,1,TVW3,0.1,4.175441341008169e-17
2019-08,1,TVW3,0.25,0.15
2019-08,1,TVW3,0.5,0.35000000000000003
2019-08,1,TVW3,0.75,0.35
2019-08,1,TVW3,0.9,0.15
2019-08,2,TVW1,0.25,0.2
2019-08,2,TVW1,0.5,0.4
2019-08,2,TVW1,0.75,0.4
2019-08,2,TVW2,0.3333333333333333,0.2
2019-08,2,TVW2,0.5,0.4000000000000001
2019-08,2,TVW2,0.6666666666666666,0.4
2019-08,2,TVW3,0.1,0.0
2019-08,2,TVW3,0.25,0.15
2019-08,2,TVW3,0.5,0.35000000000000003
2019-08,2,TVW3,0.75,0.35
2019-08,2,TVW3,0.9,0.15
2019-08,3,TVW1,0.25,0.2
2019-08,3,TVW1,0.5,0.4864678168914837
2019-08,3,TVW1,0.75,0.31353218310851627
2019-08,3,TVW2,0.3333333333333333,0.2
2019-08,3,TVW2,0.5,0.40000000000000013
2019-08,3,TVW2,0.6666666666666666,0.4
2019-08,3,TVW3,0.1,0.022930642625902498
2019-08,3,TVW3,0.25,0.15000000000000002
2019-08,3,TVW3,0.5,0.5
2019-08,3,TVW3,0.75,0.3270693573740975
2019-08,3,TVW3,0.9,2.8470210008741783e-17
2019-08,4,TVW1,0.25,0.20000000000000004
2019-08,4,TVW1,0.5,0.4
2019-08,4,TVW1,0.75,0.4
2019-08,4,TVW2,0.3333333333333333,0.20000000000000004
2019-08,4,TVW2,0.5,0.4000000000000001
2019-08,4,TVW2,0.6666666666666666,0.4
2019-08,4,TVW3,0.1,1.1971183192077909e-17
2019-08,4,TVW3,0.25,0.15
2019-08,4,TVW3,0.5,0.35
2019-08,4,TVW3,0.75,0.35
2019-08,4,TVW3,0.9,0.14999999999999997
2019-08,5,TVW1,0.25,0.2
2019-08,5,TVW1,0.5,0.4
2019-08,5,TVW1,0.75,0.39999999999999997
2019-08,5,TVW2,0.3333333333333333,0.2
2019-08,5,TVW2,0.5,0.4
2019-08,5,TVW2,0.6666666666666666,0.4
2019-08,5,TVW3,0.1,0.0
2019-08,5,TVW3,0.25,0.15
2019-08,5,TVW3,0.5,0.3500000000000001
2019-08,5,TVW3,0.75,0.35
2019-08,5,TVW3,0.9,0.15
2019-08,6,TVW1,0.25,0.2
2019-08,6,TVW1,0.5,0.4
2019-08,6,TVW1,0.75,0.39999999999999997
2019-08,6,TVW2,0.3333333333333333,0.2
2019-08,6,TVW2,0.5,0.4000000000000001
2019-08,6,TVW2,0.6666666666666666,0.4
2019-08,6,TVW3,0.1,1.5436046095442037e-17
2019-08,6,TVW3,0.25,0.15
2019-08,6,TVW3,0.5,0.3500000000000001
2019-08,6,TVW3,0.75,0.35
2019-08,6,TVW3,0.9,0.15
2019-08,7,TVW1,0.25,0.2
2019-08,7,TVW1,0.5,0.40000000000000013
2019-08,7,TVW1,0.75,0.3999999999999999
2019-08,7,TVW2,0.3333333333333333,0.19999999999999993
2019-08,7,TVW2,0.5,0.4000000000000001
2019-08,7,TVW2,0.6666666666666666,0.39999999999999986
2019-08,7,TVW3,0.1,0.0
2019-08,7,TVW3,0.25,0.15
2019-08,7,TVW3,0.5,0.35
2019-08,7,TVW3,0.75,0.35
2019-08,7,TVW3,0.9,0.15
2019-08,8,TVW1,0.25,0.2
2019-08,8,TVW1,0.5,0.4
2019-08,8,TVW1,0.75,0.4
2019-08,8,TVW2,0.3333333333333333,0.2
2019-08,8,TVW2,0.5,0.4000000000000001
2019-08,8,TVW2,0.6666666666666666,0.4
2019-08,8,TVW3,0.1,3.461594640910382e-18
2019-08,8,TVW3,0.25,0.15
2019-08,8,TVW3,0.5,0.383227572143375
2019-08,8,TVW3,0.75,0.3167724278566251
2019-08,8,TVW3,0.9,0.15
2019-08,9,TVW1,0.25,0.2
2019-08,9,TVW1,0.5,0.4
2019-08,9,TVW1,0.75,0.4
2019-08,9,TVW2,0.3333333333333333,0.2
2019-08,9,TVW2,0.5,0.4
2019-08,9,TVW2,0.6666666666666666,0.4
2019-08,9,TVW3,0.1,1.564880215859848e-18
2019-08,9,TVW3,0.25,0.15000000000000005
2019-08,9,TVW3,0.5,0.35000000000000003
2019-08,9,TVW3,0.75,0.3499999999999999
2019-08,9,TVW3,0.9,0.15
2019-08,10,TVW1,0.25,0.2
2019-08,10,TVW1,0.5,0.4
2019-08,10,TVW1,0.75,0.4
2019-08,10,TVW2,0.3333333333333333,0.20000000000000004
2019-08,10,TVW2,0.5,0.4
2019-08,10,TVW2,0.6666666666666666,0.4
2019-08,10,TVW3,0.1,1.3813668389781496e-18
2019-08,10,TVW3,0.25,0.15
2019-08,10,TVW3,0.5,0.3737225427202849
2019-08,10,TVW3,0.75,0.32627745727971513
2019-08,10,TVW3,0.9,0.15
2019-08,11,TVW1,0.25,0.20000000000000004
2019-08,11,TVW1,0.5,0.4
2019-08,11,TVW1,0.75,0.39999999999999997
2019-08,11,TVW2,0.3333333333333333,0.2
2019-08,11,TVW2,0.5,0.4000000000000001
2019-08,11,TVW2,0.6666666666666666,0.4
2019-08,11,TVW3,0.1,4.613613135431844e-19
2019-08,11,TVW3,0.25,0.15
2019-08,11,TVW3,0.5,0.35000000000000003
2019-08,11,TVW3,0.75,0.35
2019-08,11,TVW3,0.9,0.14999999999999997
2019-08,12,TVW1,0.25,0.2
2019-08,12,TVW1,0.5,0.4
2019-08,12,TVW1,0.75,0.4
2019-08,12,TVW2,0.3333333333333333,0.2
2019-08,12,TVW2,0.5,0.40000000000000013
2019-08,12,TVW2,0.6666666666666666,0.4
2019-08,12,TVW3,0.1,1.506286263824128e-18
2019-08,12,TVW3,0.25,0.15
2019-08,12,TVW3,0.5,0.35000000000000003
2019-08,12,TVW3,0.75,0.35
2019-08,12,TVW3,0.9,0.15
2019-08,13,TVW1,0.25,0.2
2019-08,13,TVW1,0.5,0.4
2019-08,13,TVW1,0.75,0.4
2019-08,13,TVW2,0.3333333333333333,0.2
2019-08,13,TVW2,0.5,0.40000000000000013
2019-08,13,TVW2,0.6666666666666666,0.4
2019-08,13,TVW3,0.1,4.827526132346806e-18
2019-08,13,TVW3,0.25,0.15
2019-08,13,TVW3,0.5,0.3779523785266805
2019-08,13,TVW3,0.75,0.35
2019-08,13,TVW3,0.9,0.12204762147331956
2019-09,1,TVW1,0.25,0.2
2019-09,1,TVW1,0.5,0.4000000000000001
2019-09,1,TVW1,0.75,0.4
2019-09,1,TVW2,0.3333333333333333,0.19999999999999996
2019-09,1,TVW2,0.5,0.4625805297496144
2019-09,1,TVW2,0.6666666666666666,0.33741947025038554
2019-09,1,TVW3,0.1,0.019052634871687592
2019-09,1,TVW3,0.25,0.15
2019-09,1,TVW3,0.5,0.5
2019-09,1,TVW3,0.75,0.1809473651283123
2019-09,1,TVW3,0.9,0.15
2019-09,2,TVW1,0.25,0.2
2019-09,2,TVW1,0.5,0.4
2019-09,2,TVW1,0.75,0.4
2019-09,2,TVW2,0.3333333333333333,0.2
2019-09,2,TVW2,0.5,0.4000000000000001
2019-09,2,TVW2,0.6666666666666666,0.4
2019-09,2,TVW3,0.1,0.0
2019-09,2,TVW3,0.25,0.15
2019-09,2,TVW3,0.5,0.35607979950122415
2019-09,2,TVW3,0.75,0.34392020049877586
2019-09,2,TVW3,0.9,0.15
2019-09,3,TVW1,0.25,0.30348783758980685
2019-09,3,TVW1,0.5,0.4
2019-09,3,TVW1,0.75,0.2965121624101933
2019-09,3,TVW2,0.3333333333333333,0.30000000000000004
2019-09,3,TVW2,0.5,0.3
2019-09,3,TVW2,0.6666666666666666,0.4
2019-09,3,TVW3,0.1,0.15
2019-09,3,TVW3,0.25,0.25
2019-09,3,TVW3,0.5,0.3
2019-09,3,TVW3,0.75,0.15
2019-09,3,TVW3,0.9,0.15
2019-09,4,TVW1,0.25,0.20000000000000004
2019-09,4,TVW1,0.5,0.4
2019-09,4,TVW1,0.75,0.4
2019-09,4,TVW2,0.3333333333333333,0.20000000000000004
2019-09,4,TVW2,0.5,0.3999999999999999
2019-09,4,TVW2,0.6666666666666666,0.4
2019-09,4,TVW3,0.1,0.0
2019-09,4,TVW3,0.25,0.15000000000000008
2019-09,4,TVW3,0.5,0.4999999999999999
2019-09,4,TVW3,0.75,0.20000000000000004
2019-09,4,TVW3,0.9,0.14999999999999997
2019-09,5,TVW1,0.25,0.2
2019-09,5,TVW1,0.5,0.43283190746869993
2019-09,5,TVW1,0.75,0.3671680925313001
2019-09,5,TVW2,0.3333333333333333,0.20000000000000004
2019-09,5,TVW2,0.5,0.39999999999999997
2019-09,5,TVW2,0.6666666666666666,0.4
2019-09,5,TVW3,0.1,0.006434302754264119
2019-09,5,TVW3,0.25,0.19356569724573566
2019-09,5,TVW3,0.5,0.5000000000000001
2019-09,5,TVW3,0.75,0.15000000000000002
2019-09,5,TVW3,0.9,0.15000000000000002
2019-09,6,TVW1,0.25,0.20000000000000004
2019-09,6,TVW1,0.5,0.4
2019-09,6,TVW1,0.75,0.4
2019-09,6,TVW2,0.3333333333333333,0.2
2019-09,6,TVW2,0.5,0.4
2019-09,6,TVW2,0.6666666666666666,0.4
2019-09,6,TVW3,0.1,0.0
2019-09,6,TVW3,0.25,0.15000000000000005
2019-09,6,TVW3,0.5,0.42633149429170714
2019-09,6,TVW3,0.75,0.35000000000000003
2019-09,6,TVW3,0.9,0.07366850570829284
2019-09,7,TVW1,0.25,0.2
2019-09,7,TVW1,0.5,0.4
2019-09,7,TVW1,0.75,0.4
2019-09,7,TVW2,0.3333333333333333,0.20000000000000015
2019-09,7,TVW2,0.5,0.3999999999999998
2019-09,7,TVW2,0.6666666666666666,0.39999999999999997
2019-09,7,TVW3,0.1,0.0
2019-09,7,TVW3,0.25,0.15
2019-09,7,TVW3,0.5,0.3745749951783256
2019-09,7,TVW3,0.75,0.3499999999999999
2019-09,7,TVW3,0.9,0.12542500482167446
2019-09,8,TVW1,0.25,0.2
2019-09,8,TVW1,0.5,0.4000000000000001
2019-09,8,TVW1,0.75,0.4
2019-09,8,TVW2,0.3333333333333333,0.20000000000000004
2019-09,8,TVW2,0.5,0.39999999999999997
2019-09,8,TVW2,0.6666666666666666,0.4
2019-09,8,TVW3,0.1,0.1254442269196293
2019-09,8,TVW3,0.25,0.14999999999999997
2019-09,8,TVW3,0.5,0.29999999999999993
2019-09,8,TVW3,0.75,0.2745557730803709
2019-09,8,TVW3,0.9,0.14999999999999997
2019-09,9,TVW1,0.25,0.2
2019-09,9,TVW1,0.5,0.4
2019-09,9,TVW1,0.75,0.4
2019-09,9,TVW2,0.3333333333333333,0.2
2019-09,9,TVW2,0.5,0.39999999999999997
2019-09,9,TVW2,0.6666666666666666,0.4
2019-09,9,TVW3,0.1,1.6010000287619873e-17
2019-09,9,TVW3,0.25,0.15000000000000002
2019-09,9,TVW3,0.5,0.3983662798043165
2019-09,9,TVW3,0.75,0.3499999999999999
2019-09,9,TVW3,0.9,0.10163372019568372
2019-09,10,TVW1,0.25,0.2
2019-09,10,TVW1,0.5,0.4
2019-09,10,TVW1,0.75,0.39999999999999997
2019-09,10,TVW2,0.3333333333333333,0.2
2019-09,10,TVW2,0.5,0.39999999999999997
2019-09,10,TVW2,0.6666666666666666,0.4
2019-09,10,TVW3,0.1,0.12397195215221923
2019-09,10,TVW3,0.25,0.15000000000000005
2019-09,10,TVW3,0.5,0.29999999999999993
2019-09,10,TVW3,0.75,0.2760280478477809
2019-09,10,TVW3,0.9,0.1499999999999999
2019-09,11,TVW1,0.25,0.2
2019-09,11,TVW1,0.5,0.4
2019-09,11,TVW1,0.75,0.4
2019-09,11,TVW2,0.3333333333333333,0.20000000000000004
2019-09,11,TVW2,0.5,0.39999999999999997
2019-09,11,TVW2,0.6666666666666666,0.39999999999999997
2019-09,11,TVW3,0.1,0.0
2019-09,11,TVW3,0.25,0.15000000000000005
2019-09,11,TVW3,0.5,0.42127173217705444
2019-09,11,TVW3,0.75,0.35000000000000003
2019-09,11,TVW3,0.9,0.07872826782294555
2019-09,12,TVW1,0.25,0.2
2019-09,12,TVW1,0.5,0.4
2019-09,12,TVW1,0.75,0.3999999999999999
2019-09,12,TVW2,0.3333333333333333,0.19999999999999996
2019-09,12,TVW2,0.5,0.4999999999999998
2019-09,12,TVW2,0.6666666666666666,0.3000000000000002
2019-09,12,TVW3,0.1,0.11097303326281371
2019-09,12,TVW3,0.25,0.14999999999999994
2019-09,12,TVW3,0.5,0.2999999999999999
2019-09,12,TVW3,0.75,0.28902696673718653
2019-09,12,TVW3,0.9,0.14999999999999994
2019-09,13,TVW1,0.25,0.2
2019-09,13,TVW1,0.5,0.4
2019-09,13,TVW1,0.75,0.4
2019-09,13,TVW2,0.3333333333333333,0.2
2019-09,13,TVW2,0.5,0.4
2019-09,13,TVW2,0.6666666666666666,0.4
2019-09,13,TVW3,0.1,0.11886157903939552
2019-09,13,TVW3,0.25,0.15
2019-09,13,TVW3,0.5,0.3
2019-09,13,TVW3,0.75,0.2811384209606046
2019-09,13,TVW3,0.9,0.15
2019-10,1,TVW1,0.25,0.2
2019-10,1,TVW1,0.5,0.4000000000000001
2019-10,1,TVW1,0.75,0.39999999999999997
2019-10,1,TVW2,0.3333333333333333,0.2
2019-10,1,TVW2,0.5,0.4000000000000001
2019-10,1,TVW2,0.6666666666666666,0.3999999999999999
2019-10,1,TVW3,0.1,1.3732353995465015e-19
2019-10,1,TVW3,0.25,0.15
2019-10,1,TVW3,0.5,0.39409198393710804
2019-10,1,TVW3,0.75,0.30590801606289203
2019-10,1,TVW3,0.9,0.15
2019-10,2,TVW1,0.25,0.2
2019-10,2,TVW1,0.5,0.4
2019-10,2,TVW1,0.75,0.4
2019-10,2,TVW2,0.3333333333333333,0.20000000000000004
2019-10,2,TVW2,0.5,0.4
2019-10,2,TVW2,0.6666666666666666,0.4
2019-10,2,TVW3,0.1,1.2636318868717071e-17
2019-10,2,TVW3,0.25,0.15000000000000002
2019-10,2,TVW3,0.5,0.35000000000000003
2019-10,2,TVW3,0.75,0.35
2019-10,2,TVW3,0.9,0.15000000000000002
2019-10,3,TVW1,0.25,0.2
2019-10,3,TVW1,0.5,0.4
2019-10,3,TVW1,0.75,0.4
2019-10,3,TVW2,0.3333333333333333,0.2
2019-10,3,TVW2,0.5,0.4
2019-10,3,TVW2,0.6666666666666666,0.4
2019-10,3,TVW3,0.1,0.13880371419411222
2019-10,3,TVW3,0.25,0.15000000000000005
2019-10,3,TVW3,0.5,0.3
2019-10,3,TVW3,0.75,0.2611962858058877
2019-10,3,TVW3,0.9,0.15
2019-10,4,TVW1,0.25,0.2
2019-10,4,TVW1,0.5,0.4
2019-10,4,TVW1,0.75,0.4
2019-10,4,TVW2,0.3333333333333333,0.20000000000000004
2019-10,4,TVW2,0.5,0.4000000000000001
2019-10,4,TVW2,0.6666666666666666,0.4
2019-10,4,TVW3,0.1,4.741053135484232e-18
2019-10,4,TVW3,0.25,0.15
2019-10,4,TVW3,0.5,0.4484111334617944
2019-10,4,TVW3,0.75,0.25158886653820567
2019-10,4,TVW3,0.9,0.15
2019-10,5,TVW1,0.25,0.20000000000000007
2019-10,5,TVW1,0.5,0.4
2019-10,5,TVW1,0.75,0.39999999999999997
2019-10,5,TVW2,0.3333333333333333,0.2
2019-10,5,TVW2,0.5,0.4000000000000001
2019-10,5,TVW2,0.6666666666666666,0.4
2019-10,5,TVW3,0.1,0.0
2019-10,5,TVW3,0.25,0.15000000000000002
2019-10,5,TVW3,0.5,0.4399454113866714
2019-10,5,TVW3,0.75,0.26005458861332864
2019-10,5,TVW3,0.9,0.15
2019-10,6,TVW1,0.25,0.2
2019-10,6,TVW1,0.5,0.4
2019-10,6,TVW1,0.75,0.4
2019-10,6,TVW2,0.3333333333333333,0.2
2019-10,6,TVW2,0.5,0.4000000000000001
2019-10,6,TVW2,0.6666666666666666,0.4
2019-10,6,TVW3,0.1,0.0
2019-10,6,TVW3,0.25,0.15
2019-10,6,TVW3,0.5,0.3534422211041201
2019-10,6,TVW3,0.75,0.34655777889587996
2019-10,6,TVW3,0.9,0.15
2019-10,7,TVW1,0.25,0.2
2019-10,7,TVW1,0.5,0.4
2019-10,7,TVW1,0.75,0.4
2019-10,7,TVW2,0.3333333333333333,0.2
2019-10,7,TVW2,0.5,0.4
2019-10,7,TVW2,0.6666666666666666,0.4
2019-10,7,TVW3,0.1,9.259340755184187e-18
2019-10,7,TVW3,0.25,0.15
2019-10,7,TVW3,0.5,0.35
2019-10,7,TVW3,0.75,0.35
2019-10,7,TVW3,0.9,0.15
2019-10,8,TVW1,0.25,0.2
2019-10,8,TVW1,0.5,0.4
2019-10,8,TVW1,0.75,0.4
2019-10,8,TVW2,0.3333333333333333,0.20000000000000007
2019-10,8,TVW2,0.5,0.39999999999999997
2019-10,8,TVW2,0.6666666666666666,0.39999999999999997
2019-10,8,TVW3,0.1,0.050000000000000065
2019-10,8,TVW3,0.25,0.15000000000000002
2019-10,8,TVW3,0.5,0.30000000000000004
2019-10,8,TVW3,0.75,0.35
2019-10,8,TVW3,0.9,0.15000000000000002
2019-10,9,TVW1,0.25,0.2
2019-10,9,TVW1,0.5,0.4
2019-10,9,TVW1,0.75,0.4
2019-10,9,TVW2,0.3333333333333333,0.2
2019-10,9,TVW2,0.5,0.4
2019-10,9,TVW2,0.6666666666666666,0.4
2019-10,9,TVW3,0.1,0.0
2019-10,9,TVW3,0.25,0.15
2019-10,9,TVW3,0.5,0.3785097514305534
2019-10,9,TVW3,0.75,0.35
2019-10,9,TVW3,0.9,0.12149024856944664
2019-10,10,TVW1,0.25,0.2
2019-10,10,TVW1,0.5,0.4
2019-10,10,TVW1,0.75,0.4
2019-10,10,TVW2,0.3333333333333333,0.20000000000000004
2019-10,10,TVW2,0.5,0.39999999999999997
2019-10,10,TVW2,0.6666666666666666,0.4000000000000001
2019-10,10,TVW3,0.1,1.1804855165419428e-18
2019-10,10,TVW3,0.25,0.15000000000000002
2019-10,10,TVW3,0.5,0.4113074631793019
2019-10,10,TVW3,0.75,0.35000000000000003
2019-10,10,TVW3,0.9,0.08869253682069816
2019-10,11,TVW1,0.25,0.2
2019-10,11,TVW1,0.5,0.4
2019-10,11,TVW1,0.75,0.4
2019-10,11,TVW2,0.3333333333333333,0.2
2019-10,11,TVW2,0.5,0.4000000000000001
2019-10,11,TVW2,0.6666666666666666,0.4
2019-10,11,TVW3,0.1,7.470868946109556e-18
2019-10,11,TVW3,0.25,0.15000000000000008
2019-10,11,TVW3,0.5,0.4270411969384828
2019-10,11,TVW3,0.75,0.27295880306151726
2019-10,11,TVW3,0.9,0.15
2019-10,12,TVW1,0.25,0.20000000000000004
2019-10,12,TVW1,0.5,0.4000000000000001
2019-10,12,TVW1,0.75,0.3999999999999999
2019-10,12,TVW2,0.3333333333333333,0.2000000000000001
2019-10,12,TVW2,0.5,0.39999999999999986
2019-10,12,TVW2,0.6666666666666666,0.4000000000000001
2019-10,12,TVW3,0.1,1.0343568878110806e-18
2019-10,12,TVW3,0.25,0.14999999999999997
2019-10,12,TVW3,0.5,0.4913267948900216
2019-10,12,TVW3,0.75,0.20867320510997844
2019-10,12,TVW3,0.9,0.14999999999999997
2019-10,13,TVW1,0.25,0.20000000000000004
2019-10,13,TVW1,0.5,0.4
2019-10,13,TVW1,0.75,0.4
2019-10,13,TVW2,0.3333333333333333,0.2
2019-10,13,TVW2,0.5,0.4000000000000001
2019-10,13,TVW2,0.6666666666666666,0.4
2019-10,13,TVW3,0.1,1.5051065089441886e-17
2019-10,13,TVW3,0.25,0.2297874872889509
2019-10,13,TVW3,0.5,0.3000000000000002
2019-10,13,TVW3,0.75,0.34999999999999987
2019-10,13,TVW3,0.9,0.120212512711049
2019-11,1,TVW1,0.25,0.2
2019-11,1,TVW1,0.5,0.4
2019-11,1,TVW1,0.75,0.4
2019-11,1,TVW2,0.3333333333333333,0.2
2019-11,1,TVW2,0.5,0.4000000000000001
2019-11,1,TVW2,0.6666666666666666,0.4
2019-11,1,TVW3,0.1,2.588438051586313e-18
2019-11,1,TVW3,0.25,0.15
2019-11,1,TVW3,0.5,0.35000000000000003
2019-11,1,TVW3,0.75,0.35
2019-11,1,TVW3,0.9,0.15
2019-11,2,TVW1,0.25,0.2000000000000001
2019-11,2,TVW1,0.5,0.4000000000000001
2019-11,2,TVW1,0.75,0.39999999999999986
2019-11,2,TVW2,0.3333333333333333,0.20000000000000004
2019-11,2,TVW2,0.5,0.4000000000000001
2019-11,2,TVW2,0.6666666666666666,0.4
2019-11,2,TVW3,0.1,7.181572335509832e-18
2019-11,2,TVW3,0.25,0.15000000000000005
2019-11,2,TVW3,0.5,0.35000000000000003
2019-11,2,TVW3,0.75,0.35
2019-11,2,TVW3,0.9,0.15000000000000002
2019-11,3,TVW1,0.25,0.2
2019-11,3,TVW1,0.5,0.4
2019-11,3,TVW1,0.75,0.4
2019-11,3,TVW2,0.3333333333333333,0.2
2019-11,3,TVW2,0.5,0.4000000000000001
2019-11,3,TVW2,0.6666666666666666,0.4
2019-11,3,TVW3,0.1,0.0
2019-11,3,TVW3,0.25,0.15
2019-11,3,TVW3,0.5,0.3832607697761281
2019-11,3,TVW3,0.75,0.35
2019-11,3,TVW3,0.9,0.1167392302238719
2019-11,4,TVW1,0.25,0.2
2019-11,4,TVW1,0.5,0.4
2019-11,4,TVW1,0.75,0.4
2019-11,4,TVW2,0.3333333333333333,0.2
2019-11,4,TVW2,0.5,0.4
2019-11,4,TVW2,0.6666666666666666,0.4
2019-11,4,TVW3,0.1,3.0391637901518583e-18
2019-11,4,TVW3,0.25,0.14999999999999997
2019-11,4,TVW3,0.5,0.35000000000000014
2019-11,4,TVW3,0.75,0.3499999999999999
2019-11,4,TVW3,0.9,0.14999999999999997
2019-11,5,TVW1,0.25,0.2
2019-11,5,TVW1,0.5,0.4
2019-11,5,TVW1,0.75,0.4
2019-11,5,TVW2,0.3333333333333333,0.19999999999999998
2019-11,5,TVW2,0.5,0.4
2019-11,5,TVW2,0.6666666666666666,0.39999999999999986
2019-11,5,TVW3,0.1,0.0
2019-11,5,TVW3,0.25,0.15
2019-11,5,TVW3,0.5,0.3500000000000001
2019-11,5,TVW3,0.75,0.35
2019-11,5,TVW3,0.9,0.15
2019-11,6,TVW1,0.25,0.2
2019-11,6,TVW1,0.5,0.4
2019-11,6,TVW1,0.75,0.4
2019-11,6,TVW2,0.3333333333333333,0.20000000000000007
2019-11,6,TVW2,0.5,0.4
2019-11,6,TVW2,0.6666666666666666,0.4
2019-11,6,TVW3,0.1,8.531335307665996e-18
2019-11,6,TVW3,0.25,0.15
2019-11,6,TVW3,0.5,0.35000000000000014
2019-11,6,TVW3,0.75,0.35
2019-11,6,TVW3,0.9,0.14999999999999997
2019-11,7,TVW1,0.25,0.2
2019-11,7,TVW1,0.5,0.4
2019-11,7,TVW1,0.75,0.4
2019-11,7,TVW2,0.3333333333333333,0.2
2019-11,7,TVW2,0.5,0.4000000000000001
2019-11,7,TVW2,0.6666666666666666,0.4
2019-11,7,TVW3,0.1,0.0
2019-11,7,TVW3,0.25,0.15
2019-11,7,TVW3,0.5,0.3500000000000002
2019-11,7,TVW3,0.75,0.3499999999999999
2019-11,7,TVW3,0.9,0.15
2019-11,8,TVW1,0.25,0.20000000000000004
2019-11,8,TVW1,0.5,0.4
2019-11,8,TVW1,0.75,0.39999999999999997
2019-11,8,TVW2,0.3333333333333333,0.20000000000000012
2019-11,8,TVW2,0.5,0.39999999999999997
2019-11,8,TVW2,0.6666666666666666,0.3999999999999999
2019-11,8,TVW3,0.1,9.744542176259688e-18
2019-11,8,TVW3,0.25,0.15
2019-11,8,TVW3,0.5,0.35000000000000003
2019-11,8,TVW3,0.75,0.35
2019-11,8,TVW3,0.9,0.14999999999999997
2019-11,9,TVW1,0.25,0.2
2019-11,9,TVW1,0.5,0.4
2019-11,9,TVW1,0.75,0.4
2019-11,9,TVW2,0.3333333333333333,0.2
2019-11,9,TVW2,0.5,0.4
2019-11,9,TVW2,0.6666666666666666,0.4
2019-11,9,TVW3,0.1,4.042623783885407e-18
2019-11,9,TVW3,0.25,0.15000000000000002
2019-11,9,TVW3,0.5,0.3500000000000001
2019-11,9,TVW3,0.75,0.3499999999999999
2019-11,9,TVW3,0.9,0.14999999999999997
2019-11,10,TVW1,0.25,0.2
2019-11,10,TVW1,0.5,0.4
2019-11,10,TVW1,0.75,0.4
2019-11,10,TVW2,0.3333333333333333,0.2
2019-11,10,TVW2,0.5,0.4
2019-11,10,TVW2,0.6666666666666666,0.4
2019-11,10,TVW3,0.1,1.6905783218666825e-18
2019-11,10,TVW3,0.25,0.15
2019-11,10,TVW3,0.5,0.3500000000000001
2019-11,10,TVW3,0.75,0.35
2019-11,10,TVW3,0.9,0.15
2019-11,11,TVW1,0.25,0.2
2019-11,11,TVW1,0.5,0.4
2019-11,11,TVW1,0.75,0.39999999999999997
2019-11,11,TVW2,0.3333333333333333,0.20000000000000004
2019-11,11,TVW2,0.5,0.39999999999999997
2019-11,11,TVW2,0.6666666666666666,0.4000000000000001
2019-11,11,TVW3,0.1,1.3525146004354805e-18
2019-11,11,TVW3,0.25,0.15
2019-11,11,TVW3,0.5,0.35000000000000014
2019-11,11,TVW3,0.75,0.3499999999999999
2019-11,11,TVW3,0.9,0.15
2019-11,12,TVW1,0.25,0.2
2019-11,12,TVW1,0.5,0.4
2019-11,12,TVW1,0.75,0.4
2019-11,12,TVW2,0.3333333333333333,0.20000000000000004
2019-11,12,TVW2,0.5,0.39999999999999997
2019-11,12,TVW2,0.6666666666666666,0.4000000000000001
2019-11,12,TVW3,0.1,7.410780065638533e-18
2019-11,12,TVW3,0.25,0.15
2019-11,12,TVW3,0.5,0.35000000000000003
2019-11,12,TVW3,0.75,0.35
2019-11,12,TVW3,0.9,0.15
2019-11,13,TVW1,0.25,0.20000000000000004
2019-11,13,TVW1,0.5,0.4
2019-11,13,TVW1,0.75,0.4
2019-11,13,TVW2,0.3333333333333333,0.20000000000000004
2019-11,13,TVW2,0.5,0.39999999999999986
2019-11,13,TVW2,0.6666666666666666,0.4000000000000001
2019-11,13,TVW3,0.1,0.0
2019-11,13,TVW3,0.25,0.15
2019-11,13,TVW3,0.5,0.3991061151818098
2019-11,13,TVW3,0.75,0.35
2019-11,13,TVW3,0.9,0.10089388481819024
2019-12,1,TVW1,0.25,0.20000000000000004
2019-12,1,TVW1,0.5,0.4000000000000001
2019-12,1,TVW1,0.75,0.39999999999999997
2019-12,1,TVW2,0.3333333333333333,0.20000000000000004
2019-12,1,TVW2,0.5,0.39999999999999986
2019-12,1,TVW2,0.6666666666666666,0.4000000000000001
2019-12,1,TVW3,0.1,0.0
2019-12,1,TVW3,0.25,0.15
2019-12,1,TVW3,0.5,0.35000000000000003
2019-12,1,TVW3,0.75,0.35
2019-12,1,TVW3,0.9,0.15
2019-12,2,TVW1,0.25,0.2
2019-12,2,TVW1,0.5,0.4000000000000001
2019-12,2,TVW1,0.75,0.4
2019-12,2,TVW2,0.3333333333333333,0.2
2019-12,2,TVW2,0.5,0.4
2019-12,2,TVW2,0.6666666666666666,0.4
2019-12,2,TVW3,0.1,4.967460993445515e-19
2019-12,2,TVW3,0.25,0.15
2019-12,2,TVW3,0.5,0.3500000000000001
2019-12,2,TVW3,0.75,0.3499999999999999
2019-12,2,TVW3,0.9,0.15
2019-12,3,TVW1,0.25,0.2
2019-12,3,TVW1,0.5,0.4
2019-12,3,TVW1,0.75,0.4
2019-12,3,TVW2,0.3333333333333333,0.2
2019-12,3,TVW2,0.5,0.4000000000000001
2019-12,3,TVW2,0.6666666666666666,0.4
2019-12,3,TVW3,0.1,1.395815023316674e-17
2019-12,3,TVW3,0.25,0.15
2019-12,3,TVW3,0.5,0.37703838688248337
2019-12,3,TVW3,0.75,0.35
2019-12,3,TVW3,0.9,0.12296161311751667
2019-12,4,TVW1,0.25,0.2
2019-12,4,TVW1,0.5,0.4
2019-12,4,TVW1,0.75,0.4
2019-12,4,TVW2,0.3333333333333333,0.2
2019-12,4,TVW2,0.5,0.4
2019-12,4,TVW2,0.6666666666666666,0.4
2019-12,4,TVW3,0.1,2.603684636073464e-18
2019-12,4,TVW3,0.25,0.1500000000000001
2019-12,4,TVW3,0.5,0.40258203506723145
2019-12,4,TVW3,0.75,0.35000000000000003
2019-12,4,TVW3,0.9,0.09741796493276846
2019-12,5,TVW1,0.25,0.20000000000000004
2019-12,5,TVW1,0.5,0.4
2019-12,5,TVW1,0.75,0.39999999999999997
2019-12,5,TVW2,0.3333333333333333,0.2
2019-12,5,TVW2,0.5,0.39999999999999997
2019-12,5,TVW2,0.6666666666666666,0.4
2019-12,5,TVW3,0.1,0.0
2019-12,5,TVW3,0.25,0.15
2019-12,5,TVW3,0.5,0.35
2019-12,5,TVW3,0.75,0.35
2019-12,5,TVW3,0.9,0.15
2019-12,6,TVW1,0.25,0.2
2019-12,6,TVW1,0.5,0.4
2019-12,6,TVW1,0.75,0.4
2019-12,6,TVW2,0.3333333333333333,0.2
2019-12,6,TVW2,0.5,0.4
2019-12,6,TVW2,0.6666666666666666,0.4
2019-12,6,TVW3,0.1,3.694713847291215e-18
2019-12,6,TVW3,0.25,0.15
2019-12,6,TVW3,0.5,0.3500000000000001
2019-12,6,TVW3,0.75,0.35
2019-12,6,TVW3,0.9,0.15
2019-12,7,TVW1,0.25,0.2
2019-12,7,TVW1,0.5,0.4
2019-12,7,TVW1,0.75,0.4
2019-12,7,TVW2,0.3333333333333333,0.20000000000000007
2019-12,7,TVW2,0.5,0.3999999999999999
2019-12,7,TVW2,0.6666666666666666,0.4
2019-12,7,TVW3,0.1,1.842584915617281e-17
2019-12,7,TVW3,0.25,0.14999999999999997
2019-12,7,TVW3,0.5,0.3500000000000001
2019-12,7,TVW3,0.75,0.3499999999999999
2019-12,7,TVW3,0.9,0.14999999999999997
2019-12,8,TVW1,0.25,0.20000000000000007
2019-12,8,TVW1,0.5,0.4
2019-12,8,TVW1,0.75,0.3999999999999999
2019-12,8,TVW2,0.3333333333333333,0.2
2019-12,8,TVW2,0.5,0.4000000000000001
2019-12,8,TVW2,0.6666666666666666,0.4
2019-12,8,TVW3,0.1,0.0
2019-12,8,TVW3,0.25,0.15
2019-12,8,TVW3,0.5,0.3500000000000001
2019-12,8,TVW3,0.75,0.35
2019-12,8,TVW3,0.9,0.15
2019-12,9,TVW1,0.25,0.20000000000000004
2019-12,9,TVW1,0.5,0.4
2019-12,9,TVW1,0.75,0.39999999999999997
2019-12,9,TVW2,0.3333333333333333,0.2
2019-12,9,TVW2,0.5,0.4000000000000001
2019-12,9,TVW2,0.6666666666666666,0.4
2019-12,9,TVW3,0.1,1.8064320613830956e-18
2019-12,9,TVW3,0.25,0.15
2019-12,9,TVW3,0.5,0.3500000000000001
2019-12,9,TVW3,0.75,0.35
2019-12,9,TVW3,0.9,0.15
2019-12,10,TVW1,0.25,0.2
2019-12,10,TVW1,0.5,0.4
2019-12,10,TVW1,0.75,0.4
2019-12,10,TVW2,0.3333333333333333,0.2
2019-12,10,TVW2,0.5,0.4000000000000001
2019-12,10,TVW2,0.6666666666666666,0.4
2019-12,10,TVW3,0.1,0.0
2019-12,10,TVW3,0.25,0.15000000000000005
2019-12,10,TVW3,0.5,0.35
2019-12,10,TVW3,0.75,0.35000000000000003
2019-12,10,TVW3,0.9,0.15000000000000002
2019-12,11,TVW1,0.25,0.2
2019-12,11,TVW1,0.5,0.4000000000000001
2019-12,11,TVW1,0.75,0.4
2019-12,11,TVW2,0.3333333333333333,0.20000000000000004
2019-12,11,TVW2,0.5,0.3999999999999999
2019-12,11,TVW2,0.6666666666666666,0.4000000000000001
2019-12,11,TVW3,0.1,0.0
2019-12,11,TVW3,0.25,0.15
2019-12,11,TVW3,0.5,0.3583190448116429
2019-12,11,TVW3,0.75,0.3416809551883571
2019-12,11,TVW3,0.9,0.14999999999999997
2019-12,12,TVW1,0.25,0.20000000000000004
2019-12,12,TVW1,0.5,0.4
2019-12,12,TVW1,0.75,0.4
2019-12,12,TVW2,0.3333333333333333,0.2
2019-12,12,TVW2,0.5,0.4000000000000001
2019-12,12,TVW2,0.6666666666666666,0.4
2019-12,12,TVW3,0.1,0.0
2019-12,12,TVW3,0.25,0.15
2019-12,12,TVW3,0.5,0.35000000000000003
2019-12,12,TVW3,0.75,0.35
2019-12,12,TVW3,0.9,0.15
2019-12,13,TVW1,0.25,0.2
2019-12,13,TVW1,0.5,0.4
2019-12,13,TVW1,0.75,0.4
2019-12,13,TVW2,0.3333333333333333,0.20000000000000004
2019-12,13,TVW2,0.5,0.39999999999999997
2019-12,13,TVW2,0.6666666666666666,0.4000000000000001
2019-12,13,TVW3,0.1,0.0
2019-12,13,TVW3,0.25,0.15
2019-12,13,TVW3,0.5,0.39498692152121456
2019-12,13,TVW3,0.75,0.3050130784787855
2019-12,13,TVW3,0.9,0.15
2020-01,1,TVW1,0.25,0.2
2020-01,1,TVW1,0.5,0.40000000000000013
2020-01,1,TVW1,0.75,0.39999999999999986
2020-01,1,TVW2,0.3333333333333333,0.20000000000000004
2020-01,1,TVW2,0.5,0.39999999999999997
2020-01,1,TVW2,0.6666666666666666,0.4000000000000001
2020-01,1,TVW3,0.1,2.775557561562892e-17
2020-01,1,TVW3,0.25,0.15000000000000005
2020-01,1,TVW3,0.5,0.35000000000000003
2020-01,1,TVW3,0.75,0.35
2020-01,1,TVW3,0.9,0.15000000000000002
2020-01,2,TVW1,0.25,0.2
2020-01,2,TVW1,0.5,0.4
2020-01,2,TVW1,0.75,0.39999999999999997
2020-01,2,TVW2,0.3333333333333333,0.2
2020-01,2,TVW2,0.5,0.4000000000000001
2020-01,2,TVW2,0.6666666666666666,0.4
2020-01,2,TVW3,0.1,9.71445146547012e-17
2020-01,2,TVW3,0.25,0.15000000000000002
2020-01,2,TVW3,0.5,0.35
2020-01,2,TVW3,0.75,0.35
2020-01,2,TVW3,0.9,0.14999999999999986
2020-01,3,TVW1,0.25,0.20000000000000004
2020-01,3,TVW1,0.5,0.4000000000000001
2020-01,3,TVW1,0.75,0.39999999999999997
2020-01,3,TVW2,0.3333333333333333,0.2
2020-01,3,TVW2,0.5,0.4
2020-01,3,TVW2,0.6666666666666666,0.4
2020-01,3,TVW3,0.1,5.898686930499847e-18
2020-01,3,TVW3,0.25,0.15
2020-01,3,TVW3,0.5,0.35
2020-01,3,TVW3,0.75,0.35
2020-01,3,TVW3,0.9,0.15
2020-01,4,TVW1,0.25,0.2000000000000001
2020-01,4,TVW1,0.5,0.40000000000000013
2020-01,4,TVW1,0.75,0.39999999999999974
2020-01,4,TVW2,0.3333333333333333,0.2
2020-01,4,TVW2,0.5,0.4000000000000001
2020-01,4,TVW2,0.6666666666666666,0.4
2020-01,4,TVW3,0.1,0.0
2020-01,4,TVW3,0.25,0.15
2020-01,4,TVW3,0.5,0.3500000000000001
2020-01,4,TVW3,0.75,0.35
2020-01,4,TVW3,0.9,0.14999999999999997
2020-01,5,TVW1,0.25,0.20000000000000004
2020-01,5,TVW1,0.5,0.4
2020-01,5,TVW1,0.75,0.3999999999999999
2020-01,5,TVW2,0.3333333333333333,0.19999999999999998
2020-01,5,TVW2,0.5,0.4
2020-01,5,TVW2,0.6666666666666666,0.39999999999999986
2020-01,5,TVW3,0.1,1.6176671805199338e-17
2020-01,5,TVW3,0.25,0.15000000000000002
2020-01,5,TVW3,0.5,0.35
2020-01,5,TVW3,0.75,0.35000000000000003
2020-01,5,TVW3,0.9,0.15
2020-01,6,TVW1,0.25,0.20000000000000007
2020-01,6,TVW1,0.5,0.40000000000000013
2020-01,6,TVW1,0.75,0.39999999999999986
2020-01,6,TVW2,0.3333333333333333,0.2
2020-01,6,TVW2,0.5,0.4000000000000001
2020-01,6,TVW2,0.6666666666666666,0.4
2020-01,6,TVW3,0.1,0.0
2020-01,6,TVW3,0.25,0.15
2020-01,6,TVW3,0.5,0.35
2020-01,6,TVW3,0.75,0.35
2020-01,6,TVW3,0.9,0.15
2020-01,7,TVW1,0.25,0.2
2020-01,7,TVW1,0.5,0.4000000000000001
2020-01,7,TVW1,0.75,0.3999999999999999
2020-01,7,TVW2,0.3333333333333333,0.20000000000000007
2020-01,7,TVW2,0.5,0.4
2020-01,7,TVW2,0.6666666666666666,0.39999999999999974
2020-01,7,TVW3,0.1,0.0
2020-01,7,TVW3,0.25,0.15
2020-01,7,TVW3,0.5,0.3500000000000001
2020-01,7,TVW3,0.75,0.3499999999999999
2020-01,7,TVW3,0.9,0.14999999999999994
2020-01,8,TVW1,0.25,0.2
2020-01,8,TVW1,0.5,0.4
2020-01,8,TVW1,0.75,0.4
2020-01,8,TVW2,0.3333333333333333,0.20000000000000004
2020-01,8,TVW2,0.5,0.3999999999999999
2020-01,8,TVW2,0.6666666666666666,0.4000000000000001
2020-01,8,TVW3,0.1,0.0
2020-01,8,TVW3,0.25,0.15
2020-01,8,TVW3,0.5,0.3500000000000001
2020-01,8,TVW3,0.75,0.3499999999999999
2020-01,8,TVW3,0.9,0.15
2020-01,9,TVW1,0.25,0.2
2020-01,9,TVW1,0.5,0.4
2020-01,9,TVW1,0.75,0.39999999999999997
2020-01,9,TVW2,0.3333333333333333,0.2
2020-01,9,TVW2,0.5,0.4000000000000001
2020-01,9,TVW2,0.6666666666666666,0.4
2020-01,9,TVW3,0.1,0.0
2020-01,9,TVW3,0.25,0.15000000000000002
2020-01,9,TVW3,0.5,0.35
2020-01,9,TVW3,0.75,0.35
2020-01,9,TVW3,0.9,0.15
2020-01,10,TVW1,0.25,0.2
2020-01,10,TVW1,0.5,0.4
2020-01,10,TVW1,0.75,0.4
2020-01,10,TVW2,0.3333333333333333,0.2000000000000001
2020-01,10,TVW2,0.5,0.39999999999999997
2020-01,10,TVW2,0.6666666666666666,0.4
2020-01,10,TVW3,0.1,0.0
2020-01,10,TVW3,0.25,0.15
2020-01,10,TVW3,0.5,0.3500000000000001
2020-01,10,TVW3,0.75,0.35
2020-01,10,TVW3,0.9,0.15
2020-01,11,TVW1,0.25,0.20000000000000004
2020-01,11,TVW1,0.5,0.4
2020-01,11,TVW1,0.75,0.39999999999999997
2020-01,11,TVW2,0.3333333333333333,0.2
2020-01,11,TVW2,0.5,0.40000000000000013
2020-01,11,TVW2,0.6666666666666666,0.39999999999999997
2020-01,11,TVW3,0.1,0.0
2020-01,11,TVW3,0.25,0.15
2020-01,11,TVW3,0.5,0.35000000000000014
2020-01,11,TVW3,0.75,0.35
2020-01,11,TVW3,0.9,0.14999999999999997
2020-01,12,TVW1,0.25,0.2
2020-01,12,TVW1,0.5,0.4
2020-01,12,TVW1,0.75,0.3999999999999999
2020-01,12,TVW2,0.3333333333333333,0.19999999999999996
2020-01,12,TVW2,0.5,0.4000000000000001
2020-01,12,TVW2,0.6666666666666666,0.3999999999999999
2020-01,12,TVW3,0.1,0.0
2020-01,12,TVW3,0.25,0.15000000000000002
2020-01,12,TVW3,0.5,0.3500000000000003
2020-01,12,TVW3,0.75,0.34999999999999964
2020-01,12,TVW3,0.9,0.15
2020-01,13,TVW1,0.25,0.20000000000000004
2020-01,13,TVW1,0.5,0.4
2020-01,13,TVW1,0.75,0.39999999999999997
2020-01,13,TVW2,0.3333333333333333,0.2
2020-01,13,TVW2,0.5,0.4000000000000001
2020-01,13,TVW2,0.6666666666666666,0.4
2020-01,13,TVW3,0.1,0.0
2020-01,13,TVW3,0.25,0.15
2020-01,13,TVW3,0.5,0.3500000000000001
2020-01,13,TVW3,0.75,0.35
2020-01,13,TVW3,0.9,0.15
2020-02,1,TVW1,0.25,0.2000000000000001
2020-02,1,TVW1,0.5,0.4
2020-02,1,TVW1,0.75,0.4
2020-02,1,TVW2,0.3333333333333333,0.19999999999999996
2020-02,1,TVW2,0.5,0.4000000000000001
2020-02,1,TVW2,0.6666666666666666,0.39999999999999986
2020-02,1,TVW3,0.1,0.0
2020-02,1,TVW3,0.25,0.15
2020-02,1,TVW3,0.5,0.35
2020-02,1,TVW3,0.75,0.35
2020-02,1,TVW3,0.9,0.15
2020-02,2,TVW1,0.25,0.2
2020-02,2,TVW1,0.5,0.40000000000000013
2020-02,2,TVW1,0.75,0.3999999999999999
2020-02,2,TVW2,0.3333333333333333,0.2
2020-02,2,TVW2,0.5,0.39999999999999997
2020-02,2,TVW2,0.6666666666666666,0.4
2020-02,2,TVW3,0.1,1.439866506522916e-17
2020-02,2,TVW3,0.25,0.15000000000000005
2020-02,2,TVW3,0.5,0.3499999999999997
2020-02,2,TVW3,0.75,0.3500000000000001
2020-02,2,TVW3,0.9,0.15000000000000005
2020-02,3,TVW1,0.25,0.2
2020-02,3,TVW1,0.5,0.4
2020-02,3,TVW1,0.75,0.4
2020-02,3,TVW2,0.3333333333333333,0.2
2020-02,3,TVW2,0.5,0.4
2020-02,3,TVW2,0.6666666666666666,0.4
2020-02,3,TVW3,0.1,1.3823167432170264e-17
2020-02,3,TVW3,0.25,0.15000000000000002
2020-02,3,TVW3,0.5,0.3500000000000001
2020-02,3,TVW3,0.75,0.35
2020-02,3,TVW3,0.9,0.15000000000000002
2020-02,4,TVW1,0.25,0.2
2020-02,4,TVW1,0.5,0.4
2020-02,4,TVW1,0.75,0.4
2020-02,4,TVW2,0.3333333333333333,0.2
2020-02,4,TVW2,0.5,0.4
2020-02,4,TVW2,0.6666666666666666,0.4
2020-02,4,TVW3,0.1,6.8009334800695374e-18
2020-02,4,TVW3,0.25,0.15000000000000002
2020-02,4,TVW3,0.5,0.35000000000000003
2020-02,4,TVW3,0.75,0.35
2020-02,4,TVW3,0.9,0.15
2020-02,5,TVW1,0.25,0.2
2020-02,5,TVW1,0.5,0.40000000000000013
2020-02,5,TVW1,0.75,0.4
2020-02,5,TVW2,0.3333333333333333,0.19999999999999996
2020-02,5,TVW2,0.5,0.4000000000000001
2020-02,5,TVW2,0.6666666666666666,0.3999999999999999
2020-02,5,TVW3,0.1,9.906339181796677e-18
2020-02,5,TVW3,0.25,0.15
2020-02,5,TVW3,0.5,0.35
2020-02,5,TVW3,0.75,0.35
2020-02,5,TVW3,0.9,0.15
2020-02,6,TVW1,0.25,0.2
2020-02,6,TVW1,0.5,0.4
2020-02,6,TVW1,0.75,0.4
2020-02,6,TVW2,0.3333333333333333,0.2
2020-02,6,TVW2,0.5,0.4000000000000001
2020-02,6,TVW2,0.6666666666666666,0.4
2020-02,6,TVW3,0.1,5.814888610984483e-17
2020-02,6,TVW3,0.25,0.15
2020-02,6,TVW3,0.5,0.35
2020-02,6,TVW3,0.75,0.35
2020-02,6,TVW3,0.9,0.14999999999999997
2020-02,7,TVW1,0.25,0.2
2020-02,7,TVW1,0.5,0.4
2020-02,7,TVW1,0.75,0.4
2020-02,7,TVW2,0.3333333333333333,0.20000000000000007
2020-02,7,TVW2,0.5,0.4
2020-02,7,TVW2,0.6666666666666666,0.4000000000000001
2020-02,7,TVW3,0.1,1.3712041118486436e-17
2020-02,7,TVW3,0.25,0.15
2020-02,7,TVW3,0.5,0.35000000000000014
2020-02,7,TVW3,0.75,0.35
2020-02,7,TVW3,0.9,0.15
2020-02,8,TVW1,0.25,0.20000000000000012
2020-02,8,TVW1,0.5,0.4
2020-02,8,TVW1,0.75,0.3999999999999999
2020-02,8,TVW2,0.3333333333333333,0.2
2020-02,8,TVW2,0.5,0.39999999999999997
2020-02,8,TVW2,0.6666666666666666,0.4
2020-02,8,TVW3,0.1,5.959056535579317e-17
2020-02,8,TVW3,0.25,0.15000000000000005
2020-02,8,TVW3,0.5,0.35
2020-02,8,TVW3,0.75,0.35
2020-02,8,TVW3,0.9,0.1499999999999999
2020-02,9,TVW1,0.25,0.2
2020-02,9,TVW1,0.5,0.4
2020-02,9,TVW1,0.75,0.4
2020-02,9,TVW2,0.3333333333333333,0.2
2020-02,9,TVW2,0.5,0.39999999999999997
2020-02,9,TVW2,0.6666666666666666,0.4
2020-02,9,TVW3,0.1,0.0
2020-02,9,TVW3,0.25,0.15000000000000008
2020-02,9,TVW3,0.5,0.35000000000000003
2020-02,9,TVW3,0.75,0.35
2020-02,9,TVW3,0.9,0.15000000000000002
2020-02,10,TVW1,0.25,0.20000000000000007
2020-02,10,TVW1,0.5,0.40000000000000013
2020-02,10,TVW1,0.75,0.3999999999999998
2020-02,10,TVW2,0.3333333333333333,0.20000000000000023
2020-02,10,TVW2,0.5,0.4000000000000001
2020-02,10,TVW2,0.6666666666666666,0.3999999999999997
2020-02,10,TVW3,0.1,2.3682903372472468e-17
2020-02,10,TVW3,0.25,0.15
2020-02,10,TVW3,0.5,0.3500000000000001
2020-02,10,TVW3,0.75,0.3499999999999999
2020-02,10,TVW3,0.9,0.14999999999999994
2020-02,11,TVW1,0.25,0.2000000000000001
2020-02,11,TVW1,0.5,0.4
2020-02,11,TVW1,0.75,0.4
2020-02,11,TVW2,0.3333333333333333,0.2
2020-02,11,TVW2,0.5,0.40000000000000013
2020-02,11,TVW2,0.6666666666666666,0.4
2020-02,11,TVW3,0.1,0.0
2020-02,11,TVW3,0.25,0.15
2020-02,11,TVW3,0.5,0.35000000000000003
2020-02,11,TVW3,0.75,0.35
2020-02,11,TVW3,0.9,0.15
2020-02,12,TVW1,0.25,0.2
2020-02,12,TVW1,0.5,0.4
2020-02,12,TVW1,0.75,0.4
2020-02,12,TVW2,0.3333333333333333,0.2
2020-02,12,TVW2,0.5,0.4
2020-02,12,TVW2,0.6666666666666666,0.4
2020-02,12,TVW3,0.1,0.0
2020-02,12,TVW3,0.25,0.15000000000000002
2020-02,12,TVW3,0.5,0.35000000000000003
2020-02,12,TVW3,0.75,0.35
2020-02,12,TVW3,0.9,0.14999999999999997
2020-02,13,TVW1,0.25,0.2
2020-02,13,TVW1,0.5,0.4
2020-02,13,TVW1,0.75,0.4
2020-02,13,TVW2,0.3333333333333333,0.2
2020-02,13,TVW2,0.5,0.40000000000000013
2020-02,13,TVW2,0.6666666666666666,0.4
2020-02,13,TVW3,0.1,2.1569087705748907e-17
2020-02,13,TVW3,0.25,0.15
2020-02,13,TVW3,0.5,0.35
2020-02,13,TVW3,0.75,0.35
2020-02,13,TVW3,0.9,0.15
2020-03,1,TVW1,0.25,0.2
2020-03,1,TVW1,0.5,0.4
2020-03,1,TVW1,0.75,0.4
2020-03,1,TVW2,0.3333333333333333,0.20000000000000004
2020-03,1,TVW2,0.5,0.39999999999999997
2020-03,1,TVW2,0.6666666666666666,0.4000000000000001
2020-03,1,TVW3,0.1,0.0
2020-03,1,TVW3,0.25,0.15
2020-03,1,TVW3,0.5,0.35
2020-03,1,TVW3,0.75,0.35
2020-03,1,TVW3,0.9,0.15
2020-03,2,TVW1,0.25,0.2
2020-03,2,TVW1,0.5,0.4
2020-03,2,TVW1,0.75,0.4
2020-03,2,TVW2,0.3333333333333333,0.19999999999999996
2020-03,2,TVW2,0.5,0.4000000000000001
2020-03,2,TVW2,0.6666666666666666,0.3999999999999999
2020-03,2,TVW3,0.1,1.0357630295301737e-17
2020-03,2,TVW3,0.25,0.15000000000000002
2020-03,2,TVW3,0.5,0.3500000000000001
2020-03,2,TVW3,0.75,0.35
2020-03,2,TVW3,0.9,0.15000000000000002
2020-03,3,TVW1,0.25,0.2
2020-03,3,TVW1,0.5,0.4
2020-03,3,TVW1,0.75,0.39999999999999997
2020-03,3,TVW2,0.3333333333333333,0.2
2020-03,3,TVW2,0.5,0.4000000000000001
2020-03,3,TVW2,0.6666666666666666,0.4
2020-03,3,TVW3,0.1,0.0
2020-03,3,TVW3,0.25,0.15
2020-03,3,TVW3,0.5,0.3813284324352685
2020-03,3,TVW3,0.75,0.3206298117400412
2020-03,3,TVW3,0.9,0.14804175582469029
2020-03,4,TVW1,0.25,0.2
2020-03,4,TVW1,0.5,0.4
2020-03,4,TVW1,0.75,0.4
2020-03,4,TVW2,0.3333333333333333,0.2
2020-03,4,TVW2,0.5,0.40000000000000013
2020-03,4,TVW2,0.6666666666666666,0.39999999999999997
2020-03,4,TVW3,0.1,0.0
2020-03,4,TVW3,0.25,0.15
2020-03,4,TVW3,0.5,0.35
2020-03,4,TVW3,0.75,0.35
2020-03,4,TVW3,0.9,0.14999999999999997
2020-03,5,TVW1,0.25,0.2
2020-03,5,TVW1,0.5,0.4
2020-03,5,TVW1,0.75,0.39999999999999997
2020-03,5,TVW2,0.3333333333333333,0.2
2020-03,5,TVW2,0.5,0.4000000000000001
2020-03,5,TVW2,0.6666666666666666,0.4
2020-03,5,TVW3,0.1,2.082391448436204e-17
2020-03,5,TVW3,0.25,0.15000000000000005
2020-03,5,TVW3,0.5,0.35000000000000003
2020-03,5,TVW3,0.75,0.35
2020-03,5,TVW3,0.9,0.15
2020-03,6,TVW1,0.25,0.20000000000000007
2020-03,6,TVW1,0.5,0.4
2020-03,6,TVW1,0.75,0.3999999999999999
2020-03,6,TVW2,0.3333333333333333,0.2
2020-03,6,TVW2,0.5,0.4
2020-03,6,TVW2,0.6666666666666666,0.4
2020-03,6,TVW3,0.1,0.0
2020-03,6,TVW3,0.25,0.15000000000000002
2020-03,6,TVW3,0.5,0.35000000000000003
2020-03,6,TVW3,0.75,0.35
2020-03,6,TVW3,0.9,0.15
2020-03,7,TVW1,0.25,0.2
2020-03,7,TVW1,0.5,0.4
2020-03,7,TVW1,0.75,0.4
2020-03,7,TVW2,0.3333333333333333,0.2000000000000001
2020-03,7,TVW2,0.5,0.39999999999999986
2020-03,7,TVW2,0.6666666666666666,0.39999999999999997
2020-03,7,TVW3,0.1,2.4513930253037237e-17
2020-03,7,TVW3,0.25,0.15
2020-03,7,TVW3,0.5,0.3500000000000001
2020-03,7,TVW3,0.75,0.34999999999999987
2020-03,7,TVW3,0.9,0.15
2020-03,8,TVW1,0.25,0.20000000000000007
2020-03,8,TVW1,0.5,0.4
2020-03,8,TVW1,0.75,0.39999999999999997
2020-03,8,TVW2,0.3333333333333333,0.2
2020-03,8,TVW2,0.5,0.4000000000000001
2020-03,8,TVW2,0.6666666666666666,0.39999999999999997
2020-03,8,TVW3,0.1,1.596906677089057e-17
2020-03,8,TVW3,0.25,0.1500000000000001
2020-03,8,TVW3,0.5,0.35
2020-03,8,TVW3,0.75,0.3499999999999999
2020-03,8,TVW3,0.9,0.14999999999999994
2020-03,9,TVW1,0.25,0.2000000000000001
2020-03,9,TVW1,0.5,0.4
2020-03,9,TVW1,0.75,0.39999999999999997
2020-03,9,TVW2,0.3333333333333333,0.2
2020-03,9,TVW2,0.5,0.4000000000000001
2020-03,9,TVW2,0.6666666666666666,0.4
2020-03,9,TVW3,0.1,0.0
2020-03,9,TVW3,0.25,0.15
2020-03,9,TVW3,0.5,0.3500000000000001
2020-03,9,TVW3,0.75,0.35
2020-03,9,TVW3,0.9,0.14999999999999994
2020-03,10,TVW1,0.25,0.2
2020-03,10,TVW1,0.5,0.4
2020-03,10,TVW1,0.75,0.4
2020-03,10,TVW2,0.3333333333333333,0.20000000000000004
2020-03,10,TVW2,0.5,0.4000000000000001
2020-03,10,TVW2,0.6666666666666666,0.39999999999999997
2020-03,10,TVW3,0.1,1.9812206891328153e-17
2020-03,10,TVW3,0.25,0.15000000000000002
2020-03,10,TVW3,0.5,0.35000000000000003
2020-03,10,TVW3,0.75,0.35
2020-03,10,TVW3,0.9,0.14999999999999997
2020-03,11,TVW1,0.25,0.20000000000000007
2020-03,11,TVW1,0.5,0.4
2020-03,11,TVW1,0.75,0.39999999999999997
2020-03,11,TVW2,0.3333333333333333,0.2000000000000001
2020-03,11,TVW2,0.5,0.4
2020-03,11,TVW2,0.6666666666666666,0.4
2020-03,11,TVW3,0.1,2.0751571905912737e-17
2020-03,11,TVW3,0.25,0.15
2020-03,11,TVW3,0.5,0.35000000000000026
2020-03,11,TVW3,0.75,0.34999999999999987
2020-03,11,TVW3,0.9,0.14999999999999997
2020-03,12,TVW1,0.25,0.20000000000000004
2020-03,12,TVW1,0.5,0.4
2020-03,12,TVW1,0.75,0.4
2020-03,12,TVW2,0.3333333333333333,0.2
2020-03,12,TVW2,0.5,0.4
2020-03,12,TVW2,0.6666666666666666,0.39999999999999986
2020-03,12,TVW3,0.1,1.4758599532724335e-18
2020-03,12,TVW3,0.25,0.15000000000000005
2020-03,12,TVW3,0.5,0.35000000000000014
2020-03,12,TVW3,0.75,0.3499999999999998
2020-03,12,TVW3,0.9,0.15
2020-03,13,TVW1,0.25,0.2000000000000001
2020-03,13,TVW1,0.5,0.4
2020-03,13,TVW1,0.75,0.4
2020-03,13,TVW2,0.3333333333333333,0.20000000000000007
2020-03,13,TVW2,0.5,0.4000000000000001
2020-03,13,TVW2,0.6666666666666666,0.39999999999999997
2020-03,13,TVW3,0.1,1.362466337070952e-17
2020-03,13,TVW3,0.25,0.15000000000000002
2020-03,13,TVW3,0.5,0.35
2020-03,13,TVW3,0.75,0.35000000000000003
2020-03,13,TVW3,0.9,0.15000000000000002
2020-04,1,TVW1,0.25,0.2000000000000001
2020-04,1,TVW1,0.5,0.4
2020-04,1,TVW1,0.75,0.4
2020-04,1,TVW2,0.3333333333333333,0.2
2020-04,1,TVW2,0.5,0.40000000000000013
2020-04,1,TVW2,0.6666666666666666,0.39999999999999997
2020-04,1,TVW3,0.1,1.9241330939624834e-17
2020-04,1,TVW3,0.25,0.15000000000000002
2020-04,1,TVW3,0.5,0.35000000000000003
2020-04,1,TVW3,0.75,0.3499999999999999
2020-04,1,TVW3,0.9,0.14999999999999997
2020-04,2,TVW1,0.25,0.20000000000000018
2020-04,2,TVW1,0.5,0.4
2020-04,2,TVW1,0.75,0.39999999999999986
2020-04,2,TVW2,0.3333333333333333,0.19999999999999996
2020-04,2,TVW2,0.5,0.4000000000000001
2020-04,2,TVW2,0.6666666666666666,0.39999999999999986
2020-04,2,TVW3,0.1,1.239793357752586e-18
2020-04,2,TVW3,0.25,0.15
2020-04,2,TVW3,0.5,0.35000000000000014
2020-04,2,TVW3,0.75,0.3499999999999999
2020-04,2,TVW3,0.9,0.15
2020-04,3,TVW1,0.25,0.20000000000000004
2020-04,3,TVW1,0.5,0.4
2020-04,3,TVW1,0.75,0.39999999999999997
2020-04,3,TVW2,0.3333333333333333,0.2
2020-04,3,TVW2,0.5,0.39999999999999997
2020-04,3,TVW2,0.6666666666666666,0.4
2020-04,3,TVW3,0.1,0.0
2020-04,3,TVW3,0.25,0.15
2020-04,3,TVW3,0.5,0.4892569769965935
2020-04,3,TVW3,0.75,0.2107430230034066
2020-04,3,TVW3,0.9,0.15
2020-04,4,TVW1,0.25,0.19999999999999998
2020-04,4,TVW1,0.5,0.4
2020-04,4,TVW1,0.75,0.39999999999999986
2020-04,4,TVW2,0.3333333333333333,0.2
2020-04,4,TVW2,0.5,0.4000000000000001
2020-04,4,TVW2,0.6666666666666666,0.4
2020-04,4,TVW3,0.1,6.3629329713571195e-18
2020-04,4,TVW3,0.25,0.15
2020-04,4,TVW3,0.5,0.35
2020-04,4,TVW3,0.75,0.35
2020-04,4,TVW3,0.9,0.15
2020-04,5,TVW1,0.25,0.2
2020-04,5,TVW1,0.5,0.4
2020-04,5,TVW1,0.75,0.4
2020-04,5,TVW2,0.3333333333333333,0.2
2020-04,5,TVW2,0.5,0.40000000000000013
2020-04,5,TVW2,0.6666666666666666,0.39999999999999997
2020-04,5,TVW3,0.1,0.0
2020-04,5,TVW3,0.25,0.15
2020-04,5,TVW3,0.5,0.35000000000000003
2020-04,5,TVW3,0.75,0.35
2020-04,5,TVW3,0.9,0.15
2020-04,6,TVW1,0.25,0.2
2020-04,6,TVW1,0.5,0.4
2020-04,6,TVW1,0.75,0.4
2020-04,6,TVW2,0.3333333333333333,0.2
2020-04,6,TVW2,0.5,0.4000000000000001
2020-04,6,TVW2,0.6666666666666666,0.39999999999999997
2020-04,6,TVW3,0.1,2.2411074315205534e-17
2020-04,6,TVW3,0.25,0.15
2020-04,6,TVW3,0.5,0.35
2020-04,6,TVW3,0.75,0.35
2020-04,6,TVW3,0.9,0.15
2020-04,7,TVW1,0.25,0.2
2020-04,7,TVW1,0.5,0.4
2020-04,7,TVW1,0.75,0.4
2020-04,7,TVW2,0.3333333333333333,0.20000000000000004
2020-04,7,TVW2,0.5,0.3999999999999999
2020-04,7,TVW2,0.6666666666666666,0.4000000000000001
2020-04,7,TVW3,0.1,2.5524252121673796e-18
2020-04,7,TVW3,0.25,0.15000000000000002
2020-04,7,TVW3,0.5,0.35
2020-04,7,TVW3,0.75,0.35
2020-04,7,TVW3,0.9,0.14999999999999997
2020-04,8,TVW1,0.25,0.2
2020-04,8,TVW1,0.5,0.40000000000000013
2020-04,8,TVW1,0.75,0.3999999999999999
2020-04,8,TVW2,0.3333333333333333,0.2
2020-04,8,TVW2,0.5,0.39999999999999997
2020-04,8,TVW2,0.6666666666666666,0.4
2020-04,8,TVW3,0.1,5.943627775577443e-18
2020-04,8,TVW3,0.25,0.15
2020-04,8,TVW3,0.5,0.35
2020-04,8,TVW3,0.75,0.35
2020-04,8,TVW3,0.9,0.15
2020-04,9,TVW1,0.25,0.2
2020-04,9,TVW1,0.5,0.4
2020-04,9,TVW1,0.75,0.4
2020-04,9,TVW2,0.3333333333333333,0.19999999999999993
2020-04,9,TVW2,0.5,0.40000000000000013
2020-04,9,TVW2,0.6666666666666666,0.39999999999999986
2020-04,9,TVW3,0.1,1.666835172351956e-19
2020-04,9,TVW3,0.25,0.15000000000000002
2020-04,9,TVW3,0.5,0.3500000000000001
2020-04,9,TVW3,0.75,0.3499999999999999
2020-04,9,TVW3,0.9,0.15
2020-04,10,TVW1,0.25,0.2
2020-04,10,TVW1,0.5,0.4
2020-04,10,TVW1,0.75,0.4
2020-04,10,TVW2,0.3333333333333333,0.2
2020-04,10,TVW2,0.5,0.4
2020-04,10,TVW2,0.6666666666666666,0.4
2020-04,10,TVW3,0.1,0.0
2020-04,10,TVW3,0.25,0.15
2020-04,10,TVW3,0.5,0.35
2020-04,10,TVW3,0.75,0.35
2020-04,10,TVW3,0.9,0.15
2020-04,11,TVW1,0.25,0.20000000000000007
2020-04,11,TVW1,0.5,0.4
2020-04,11,TVW1,0.75,0.3999999999999999
2020-04,11,TVW2,0.3333333333333333,0.2000000000000001
2020-04,11,TVW2,0.5,0.3999999999999999
2020-04,11,TVW2,0.6666666666666666,0.39999999999999986
2020-04,11,TVW3,0.1,1.1594429699100816e-17
2020-04,11,TVW3,0.25,0.15000000000000002
2020-04,11,TVW3,0.5,0.35000000000000003
2020-04,11,TVW3,0.75,0.35
2020-04,11,TVW3,0.9,0.15
2020-04,12,TVW1,0.25,0.2
2020-04,12,TVW1,0.5,0.4
2020-04,12,TVW1,0.75,0.4
2020-04,12,TVW2,0.3333333333333333,0.2
2020-04,12,TVW2,0.5,0.4000000000000001
2020-04,12,TVW2,0.6666666666666666,0.4
2020-04,12,TVW3,0.1,1.1984661131669946e-17
2020-04,12,TVW3,0.25,0.15
2020-04,12,TVW3,0.5,0.35000000000000014
2020-04,12,TVW3,0.75,0.34999999999999987
2020-04,12,TVW3,0.9,0.15
2020-04,13,TVW1,0.25,0.20000000000000004
2020-04,13,TVW1,0.5,0.4
2020-04,13,TVW1,0.75,0.4
2020-04,13,TVW2,0.3333333333333333,0.2
2020-04,13,TVW2,0.5,0.40000000000000013
2020-04,13,TVW2,0.6666666666666666,0.4
2020-04,13,TVW3,0.1,4.222166957288706e-17
2020-04,13,TVW3,0.25,0.15
2020-04,13,TVW3,0.5,0.35000000000000003
2020-04,13,TVW3,0.75,0.35
2020-04,13,TVW3,0.9,0.15
2020-05,1,TVW1,0.25,0.20000000000000007
2020-05,1,TVW1,0.5,0.4
2020-05,1,TVW1,0.75,0.4
2020-05,1,TVW2,0.3333333333333333,0.19999999999999996
2020-05,1,TVW2,0.5,0.4000000000000001
2020-05,1,TVW2,0.6666666666666666,0.3999999999999999
2020-05,1,TVW3,0.1,6.787901388198142e-18
2020-05,1,TVW3,0.25,0.15000000000000005
2020-05,1,TVW3,0.5,0.35
2020-05,1,TVW3,0.75,0.35
2020-05,1,TVW3,0.9,0.15
2020-05,2,TVW1,0.25,0.20000000000000012
2020-05,2,TVW1,0.5,0.4
2020-05,2,TVW1,0.75,0.4
2020-05,2,TVW2,0.3333333333333333,0.2
2020-05,2,TVW2,0.5,0.40000000000000013
2020-05,2,TVW2,0.6666666666666666,0.39999999999999997
2020-05,2,TVW3,0.1,2.4485900315160344e-18
2020-05,2,TVW3,0.25,0.15
2020-05,2,TVW3,0.5,0.35000000000000003
2020-05,2,TVW3,0.75,0.35
2020-05,2,TVW3,0.9,0.15
2020-05,3,TVW1,0.25,0.2
2020-05,3,TVW1,0.5,0.40000000000000013
2020-05,3,TVW1,0.75,0.39999999999999997
2020-05,3,TVW2,0.3333333333333333,0.2
2020-05,3,TVW2,0.5,0.4000000000000001
2020-05,3,TVW2,0.6666666666666666,0.4
2020-05,3,TVW3,0.1,2.233456475320139e-17
2020-05,3,TVW3,0.25,0.15
2020-05,3,TVW3,0.5,0.49999999999999994
2020-05,3,TVW3,0.75,0.20000000000000007
2020-05,3,TVW3,0.9,0.15
2020-05,4,TVW1,0.25,0.20000000000000004
2020-05,4,TVW1,0.5,0.4
2020-05,4,TVW1,0.75,0.4
2020-05,4,TVW2,0.3333333333333333,0.2
2020-05,4,TVW2,0.5,0.4000000000000001
2020-05,4,TVW2,0.6666666666666666,0.4
2020-05,4,TVW3,0.1,1.335718170593256e-17
2020-05,4,TVW3,0.25,0.15
2020-05,4,TVW3,0.5,0.3500000000000001
2020-05,4,TVW3,0.75,0.35
2020-05,4,TVW3,0.9,0.14999999999999997
2020-05,5,TVW1,0.25,0.20000000000000012
2020-05,5,TVW1,0.5,0.4
2020-05,5,TVW1,0.75,0.4
2020-05,5,TVW2,0.3333333333333333,0.20000000000000004
2020-05,5,TVW2,0.5,0.3999999999999999
2020-05,5,TVW2,0.6666666666666666,0.4
2020-05,5,TVW3,0.1,0.0
2020-05,5,TVW3,0.25,0.15000000000000005
2020-05,5,TVW3,0.5,0.3840970692417576
2020-05,5,TVW3,0.75,0.35
2020-05,5,TVW3,0.9,0.11590293075824237
2020-05,6,TVW1,0.25,0.2
2020-05,6,TVW1,0.5,0.4
2020-05,6,TVW1,0.75,0.4
2020-05,6,TVW2,0.3333333333333333,0.2
2020-05,6,TVW2,0.5,0.40000000000000013
2020-05,6,TVW2,0.6666666666666666,0.4
2020-05,6,TVW3,0.1,0.0
2020-05,6,TVW3,0.25,0.15
2020-05,6,TVW3,0.5,0.3500000000000001
2020-05,6,TVW3,0.75,0.35
2020-05,6,TVW3,0.9,0.15
2020-05,7,TVW1,0.25,0.2
2020-05,7,TVW1,0.5,0.4
2020-05,7,TVW1,0.75,0.4
2020-05,7,TVW2,0.3333333333333333,0.2
2020-05,7,TVW2,0.5,0.4000000000000001
2020-05,7,TVW2,0.6666666666666666,0.4
2020-05,7,TVW3,0.1,0.0
2020-05,7,TVW3,0.25,0.15
2020-05,7,TVW3,0.5,0.3500000000000001
2020-05,7,TVW3,0.75,0.35
2020-05,7,TVW3,0.9,0.15
2020-05,8,TVW1,0.25,0.20000000000000004
2020-05,8,TVW1,0.5,0.4
2020-05,8,TVW1,0.75,0.4
2020-05,8,TVW2,0.3333333333333333,0.2419871117903323
2020-05,8,TVW2,0.5,0.35801288820966765
2020-05,8,TVW2,0.6666666666666666,0.4000000000000001
2020-05,8,TVW3,0.1,0.0
2020-05,8,TVW3,0.25,0.1930294740642635
2020-05,8,TVW3,0.5,0.3069705259357365
2020-05,8,TVW3,0.75,0.35
2020-05,8,TVW3,0.9,0.15
2020-05,9,TVW1,0.25,0.2
2020-05,9,TVW1,0.5,0.40000000000000013
2020-05,9,TVW1,0.75,0.39999999999999986
2020-05,9,TVW2,0.3333333333333333,0.20000000000000007
2020-05,9,TVW2,0.5,0.4
2020-05,9,TVW2,0.6666666666666666,0.39999999999999997
2020-05,9,TVW3,0.1,7.968769376830892e-18
2020-05,9,TVW3,0.25,0.15000000000000002
2020-05,9,TVW3,0.5,0.3500000000000001
2020-05,9,TVW3,0.75,0.35
2020-05,9,TVW3,0.9,0.15000000000000002
2020-05,10,TVW1,0.25,0.20000000000000007
2020-05,10,TVW1,0.5,0.40000000000000013
2020-05,10,TVW1,0.75,0.39999999999999986
2020-05,10,TVW2,0.3333333333333333,0.2
2020-05,10,TVW2,0.5,0.4
2020-05,10,TVW2,0.6666666666666666,0.3999999999999999
2020-05,10,TVW3,0.1,8.118813552899252e-19
2020-05,10,TVW3,0.25,0.15
2020-05,10,TVW3,0.5,0.35000000000000003
2020-05,10,TVW3,0.75,0.35
2020-05,10,TVW3,0.9,0.15
2020-05,11,TVW1,0.25,0.2
2020-05,11,TVW1,0.5,0.40000000000000013
2020-05,11,TVW1,0.75,0.39999999999999997
2020-05,11,TVW2,0.3333333333333333,0.20000000000000004
2020-05,11,TVW2,0.5,0.39999999999999997
2020-05,11,TVW2,0.6666666666666666,0.39999999999999986
2020-05,11,TVW3,0.1,1.0913688638121452e-17
2020-05,11,TVW3,0.25,0.15
2020-05,11,TVW3,0.5,0.3500000000000002
2020-05,11,TVW3,0.75,0.34999999999999987
2020-05,11,TVW3,0.9,0.15
2020-05,12,TVW1,0.25,0.2
2020-05,12,TVW1,0.5,0.4
2020-05,12,TVW1,0.75,0.4
2020-05,12,TVW2,0.3333333333333333,0.20000000000000037
2020-05,12,TVW2,0.5,0.3999999999999996
2020-05,12,TVW2,0.6666666666666666,0.40000000000000013
2020-05,12,TVW3,0.1,2.4605844406639586e-18
2020-05,12,TVW3,0.25,0.15
2020-05,12,TVW3,0.5,0.3500000000000001
2020-05,12,TVW3,0.75,0.35
2020-05,12,TVW3,0.9,0.15
2020-05,13,TVW1,0.25,0.2
2020-05,13,TVW1,0.5,0.4000000000000001
2020-05,13,TVW1,0.75,0.4
2020-05,13,TVW2,0.3333333333333333,0.20000000000000004
2020-05,13,TVW2,0.5,0.3999999999999999
2020-05,13,TVW2,0.6666666666666666,0.4000000000000001
2020-05,13,TVW3,0.1,0.037020991043976235
2020-05,13,TVW3,0.25,0.15
2020-05,13,TVW3,0.5,0.31297900895602393
2020-05,13,TVW3,0.75,0.34999999999999987
2020-05,13,TVW3,0.9,0.15
2020-06,1,TVW1,0.25,0.2
2020-06,1,TVW1,0.5,0.4000000000000001
2020-06,1,TVW1,0.75,0.39999999999999997
2020-06,1,TVW2,0.3333333333333333,0.2
2020-06,1,TVW2,0.5,0.40000000000000013
2020-06,1,TVW2,0.6666666666666666,0.39999999999999997
2020-06,1,TVW3,0.1,0.0
2020-06,1,TVW3,0.25,0.15
2020-06,1,TVW3,0.5,0.35000000000000014
2020-06,1,TVW3,0.75,0.3499999999999999
2020-06,1,TVW3,0.9,0.15
2020-06,2,TVW1,0.25,0.2
2020-06,2,TVW1,0.5,0.4000000000000001
2020-06,2,TVW1,0.75,0.4
2020-06,2,TVW2,0.3333333333333333,0.20000000000000004
2020-06,2,TVW2,0.5,0.3999999999999999
2020-06,2,TVW2,0.6666666666666666,0.4000000000000001
2020-06,2,TVW3,0.1,0.0
2020-06,2,TVW3,0.25,0.15
2020-06,2,TVW3,0.5,0.3500000000000001
2020-06,2,TVW3,0.75,0.35
2020-06,2,TVW3,0.9,0.15
2020-06,3,TVW1,0.25,0.2
2020-06,3,TVW1,0.5,0.4
2020-06,3,TVW1,0.75,0.4
2020-06,3,TVW2,0.3333333333333333,0.2
2020-06,3,TVW2,0.5,0.40000000000000013
2020-06,3,TVW2,0.6666666666666666,0.4
2020-06,3,TVW3,0.1,0.0
2020-06,3,TVW3,0.25,0.15
2020-06,3,TVW3,0.5,0.3563555188459123
2020-06,3,TVW3,0.75,0.3436444811540877
2020-06,3,TVW3,0.9,0.15
2020-06,4,TVW1,0.25,0.20000000000000015
2020-06,4,TVW1,0.5,0.3999999999999999
2020-06,4,TVW1,0.75,0.3999999999999999
2020-06,4,TVW2,0.3333333333333333,0.2
2020-06,4,TVW2,0.5,0.4000000000000001
2020-06,4,TVW2,0.6666666666666666,0.4
2020-06,4,TVW3,0.1,0.0
2020-06,4,TVW3,0.25,0.15
2020-06,4,TVW3,0.5,0.3500000000000001
2020-06,4,TVW3,0.75,0.35
2020-06,4,TVW3,0.9,0.14999999999999997
2020-06,5,TVW1,0.25,0.20000000000000007
2020-06,5,TVW1,0.5,0.4
2020-06,5,TVW1,0.75,0.39999999999999997
2020-06,5,TVW2,0.3333333333333333,0.2
2020-06,5,TVW2,0.5,0.40000000000000013
2020-06,5,TVW2,0.6666666666666666,0.39999999999999997
2020-06,5,TVW3,0.1,0.0
2020-06,5,TVW3,0.25,0.15
2020-06,5,TVW3,0.5,0.35000000000000003
2020-06,5,TVW3,0.75,0.35
2020-06,5,TVW3,0.9,0.15
2020-06,6,TVW1,0.25,0.2
2020-06,6,TVW1,0.5,0.4
2020-06,6,TVW1,0.75,0.4
2020-06,6,TVW2,0.3333333333333333,0.2
2020-06,6,TVW2,0.5,0.4000000000000001
2020-06,6,TVW2,0.6666666666666666,0.4
2020-06,6,TVW3,0.1,1.9731808625472026e-17
2020-06,6,TVW3,0.25,0.15000000000000002
2020-06,6,TVW3,0.5,0.35000000000000003
2020-06,6,TVW3,0.75,0.3499999999999999
2020-06,6,TVW3,0.9,0.15
2020-06,7,TVW1,0.25,0.2000000000000001
2020-06,7,TVW1,0.5,0.4
2020-06,7,TVW1,0.75,0.39999999999999997
2020-06,7,TVW2,0.3333333333333333,0.2
2020-06,7,TVW2,0.5,0.4000000000000001
2020-06,7,TVW2,0.6666666666666666,0.4
2020-06,7,TVW3,0.1,2.0495400821055394e-17
2020-06,7,TVW3,0.25,0.15000000000000002
2020-06,7,TVW3,0.5,0.35
2020-06,7,TVW3,0.75,0.35000000000000003
2020-06,7,TVW3,0.9,0.15000000000000002
2020-06,8,TVW1,0.25,0.2
2020-06,8,TVW1,0.5,0.4
2020-06,8,TVW1,0.75,0.4
2020-06,8,TVW2,0.3333333333333333,0.20000000000000004
2020-06,8,TVW2,0.5,0.39999999999999997
2020-06,8,TVW2,0.6666666666666666,0.4000000000000001
2020-06,8,TVW3,0.1,0.0
2020-06,8,TVW3,0.25,0.15
2020-06,8,TVW3,0.5,0.35000000000000003
2020-06,8,TVW3,0.75,0.35
2020-06,8,TVW3,0.9,0.15
2020-06,9,TVW1,0.25,0.2
2020-06,9,TVW1,0.5,0.40000000000000013
2020-06,9,TVW1,0.75,0.4
2020-06,9,TVW2,0.3333333333333333,0.2
2020-06,9,TVW2,0.5,0.4000000000000001
2020-06,9,TVW2,0.6666666666666666,0.4
2020-06,9,TVW3,0.1,1.0281894953634685e-17
2020-06,9,TVW3,0.25,0.1500000000000001
2020-06,9,TVW3,0.5,0.3499999999999999
2020-06,9,TVW3,0.75,0.35000000000000003
2020-06,9,TVW3,0.9,0.15000000000000002
2020-06,10,TVW1,0.25,0.2
2020-06,10,TVW1,0.5,0.4
2020-06,10,TVW1,0.75,0.4
2020-06,10,TVW2,0.3333333333333333,0.2
2020-06,10,TVW2,0.5,0.4000000000000001
2020-06,10,TVW2,0.6666666666666666,0.4
2020-06,10,TVW3,0.1,0.0
2020-06,10,TVW3,0.25,0.15000000000000005
2020-06,10,TVW3,0.5,0.3500000000000001
2020-06,10,TVW3,0.75,0.35
2020-06,10,TVW3,0.9,0.15
2020-06,11,TVW1,0.25,0.20000000000000015
2020-06,11,TVW1,0.5,0.4
2020-06,11,TVW1,0.75,0.39999999999999986
2020-06,11,TVW2,0.3333333333333333,0.20000000000000012
2020-06,11,TVW2,0.5,0.3999999999999999
2020-06,11,TVW2,0.6666666666666666,0.4
2020-06,11,TVW3,0.1,3.7782047531348786e-17
2020-06,11,TVW3,0.25,0.15000000000000002
2020-06,11,TVW3,0.5,0.35
2020-06,11,TVW3,0.75,0.35
2020-06,11,TVW3,0.9,0.14999999999999997
2020-06,12,TVW1,0.25,0.2
2020-06,12,TVW1,0.5,0.4
2020-06,12,TVW1,0.75,0.4
2020-06,12,TVW2,0.3333333333333333,0.20000000000000004
2020-06,12,TVW2,0.5,0.4000000000000001
2020-06,12,TVW2,0.6666666666666666,0.39999999999999997
2020-06,12,TVW3,0.1,0.0
2020-06,12,TVW3,0.25,0.15
2020-06,12,TVW3,0.5,0.35000000000000003
2020-06,12,TVW3,0.75,0.35
2020-06,12,TVW3,0.9,0.15
2020-06,13,TVW1,0.25,0.20000000000000004
2020-06,13,TVW1,0.5,0.4
2020-06,13,TVW1,0.75,0.3999999999999999
2020-06,13,TVW2,0.3333333333333333,0.20000000000000004
2020-06,13,TVW2,0.5,0.4
2020-06,13,TVW2,0.6666666666666666,0.4
2020-06,13,TVW3,0.1,3.229695987534796e-17
2020-06,13,TVW3,0.25,0.15000000000000002
2020-06,13,TVW3,0.5,0.3499999999999998
2020-06,13,TVW3,0.75,0.35000000000000003
2020-06,13,TVW3,0.9,0.15000000000000002
2020-07,1,TVW1,0.25,0.2
2020-07,1,TVW1,0.5,0.4
2020-07,1,TVW1,0.75,0.4
2020-07,1,TVW2,0.3333333333333333,0.2
2020-07,1,TVW2,0.5,0.4000000000000001
2020-07,1,TVW2,0.6666666666666666,0.4
2020-07,1,TVW3,0.1,1.930068158654084e-17
2020-07,1,TVW3,0.25,0.15000000000000002
2020-07,1,TVW3,0.5,0.35
2020-07,1,TVW3,0.75,0.35
2020-07,1,TVW3,0.9,0.15
2020-07,2,TVW1,0.25,0.20000000000000015
2020-07,2,TVW1,0.5,0.4
2020-07,2,TVW1,0.75,0.3999999999999999
2020-07,2,TVW2,0.3333333333333333,0.2
2020-07,2,TVW2,0.5,0.4000000000000001
2020-07,2,TVW2,0.6666666666666666,0.4
2020-07,2,TVW3,0.1,0.0
2020-07,2,TVW3,0.25,0.15000000000000005
2020-07,2,TVW3,0.5,0.3499999999999999
2020-07,2,TVW3,0.75,0.35000000000000003
2020-07,2,TVW3,0.9,0.15
2020-07,3,TVW1,0.25,0.2
2020-07,3,TVW1,0.5,0.4
2020-07,3,TVW1,0.75,0.4
2020-07,3,TVW2,0.3333333333333333,0.20000000000000007
2020-07,3,TVW2,0.5,0.3999999999999999
2020-07,3,TVW2,0.6666666666666666,0.4000000000000001
2020-07,3,TVW3,0.1,0.0
2020-07,3,TVW3,0.25,0.15
2020-07,3,TVW3,0.5,0.3500000000000001
2020-07,3,TVW3,0.75,0.35
2020-07,3,TVW3,0.9,0.15
2020-07,4,TVW1,0.25,0.20000000000000007
2020-07,4,TVW1,0.5,0.4
2020-07,4,TVW1,0.75,0.4
2020-07,4,TVW2,0.3333333333333333,0.20000000000000007
2020-07,4,TVW2,0.5,0.4
2020-07,4,TVW2,0.6666666666666666,0.4
2020-07,4,TVW3,0.1,0.0
2020-07,4,TVW3,0.25,0.15
2020-07,4,TVW3,0.5,0.35000000000000003
2020-07,4,TVW3,0.75,0.35
2020-07,4,TVW3,0.9,0.15
2020-07,5,TVW1,0.25,0.20000000000000004
2020-07,5,TVW1,0.5,0.4
2020-07,5,TVW1,0.75,0.4
2020-07,5,TVW2,0.3333333333333333,0.2
2020-07,5,TVW2,0.5,0.39999999999999997
2020-07,5,TVW2,0.6666666666666666,0.4
2020-07,5,TVW3,0.1,0.0
2020-07,5,TVW3,0.25,0.15
2020-07,5,TVW3,0.5,0.35
2020-07,5,TVW3,0.75,0.35
2020-07,5,TVW3,0.9,0.15
2020-07,6,TVW1,0.25,0.2
2020-07,6,TVW1,0.5,0.4
2020-07,6,TVW1,0.75,0.4
2020-07,6,TVW2,0.3333333333333333,0.2
2020-07,6,TVW2,0.5,0.40000000000000013
2020-07,6,TVW2,0.6666666666666666,0.4
2020-07,6,TVW3,0.1,1.0252800302388928e-17
2020-07,6,TVW3,0.25,0.15
2020-07,6,TVW3,0.5,0.3500000000000001
2020-07,6,TVW3,0.75,0.3499999999999999
2020-07,6,TVW3,0.9,0.15
2020-07,7,TVW1,0.25,0.2
2020-07,7,TVW1,0.5,0.4000000000000001
2020-07,7,TVW1,0.75,0.4
2020-07,7,TVW2,0.3333333333333333,0.20000000000000004
2020-07,7,TVW2,0.5,0.4
2020-07,7,TVW2,0.6666666666666666,0.39999999999999997
2020-07,7,TVW3,0.1,3.055730805735643e-18
2020-07,7,TVW3,0.25,0.15000000000000005
2020-07,7,TVW3,0.5,0.35000000000000003
2020-07,7,TVW3,0.75,0.3499999999999999
2020-07,7,TVW3,0.9,0.14999999999999997
2020-07,8,TVW1,0.25,0.20000000000000018
2020-07,8,TVW1,0.5,0.4
2020-07,8,TVW1,0.75,0.39999999999999986
2020-07,8,TVW2,0.3333333333333333,0.20000000000000004
2020-07,8,TVW2,0.5,0.4000000000000001
2020-07,8,TVW2,0.6666666666666666,0.39999999999999997
2020-07,8,TVW3,0.1,2.7491585657969303e-17
2020-07,8,TVW3,0.25,0.15
2020-07,8,TVW3,0.5,0.3500000000000001
2020-07,8,TVW3,0.75,0.35
2020-07,8,TVW3,0.9,0.14999999999999997
2020-07,9,TVW1,0.25,0.20000000000000004
2020-07,9,TVW1,0.5,0.4
2020-07,9,TVW1,0.75,0.4
2020-07,9,TVW2,0.3333333333333333,0.20000000000000007
2020-07,9,TVW2,0.5,0.4000000000000001
2020-07,9,TVW2,0.6666666666666666,0.39999999999999997
2020-07,9,TVW3,0.1,1.887122666940314e-18
2020-07,9,TVW3,0.25,0.15000000000000002
2020-07,9,TVW3,0.5,0.35
2020-07,9,TVW3,0.75,0.35000000000000003
2020-07,9,TVW3,0.9,0.15000000000000002
2020-07,10,TVW1,0.25,0.2
2020-07,10,TVW1,0.5,0.4000000000000001
2020-07,10,TVW1,0.75,0.4
2020-07,10,TVW2,0.3333333333333333,0.2
2020-07,10,TVW2,0.5,0.40000000000000013
2020-07,10,TVW2,0.6666666666666666,0.4
2020-07,10,TVW3,0.1,0.0
2020-07,10,TVW3,0.25,0.15
2020-07,10,TVW3,0.5,0.3500000000000001
2020-07,10,TVW3,0.75,0.35
2020-07,10,TVW3,0.9,0.14999999999999997
2020-07,11,TVW1,0.25,0.2
2020-07,11,TVW1,0.5,0.4
2020-07,11,TVW1,0.75,0.4
2020-07,11,TVW2,0.3333333333333333,0.20000000000000007
2020-07,11,TVW2,0.5,0.40000000000000013
2020-07,11,TVW2,0.6666666666666666,0.3999999999999999
2020-07,11,TVW3,0.1,2.378157668298736e-17
2020-07,11,TVW3,0.25,0.15000000000000002
2020-07,11,TVW3,0.5,0.35000000000000003
2020-07,11,TVW3,0.75,0.35000000000000003
2020-07,11,TVW3,0.9,0.14999999999999997
2020-07,12,TVW1,0.25,0.20000000000000004
2020-07,12,TVW1,0.5,0.4000000000000001
2020-07,12,TVW1,0.75,0.39999999999999997
2020-07,12,TVW2,0.3333333333333333,0.2
2020-07,12,TVW2,0.5,0.4000000000000001
2020-07,12,TVW2,0.6666666666666666,0.39999999999999997
2020-07,12,TVW3,0.1,4.076491369106289e-18
2020-07,12,TVW3,0.25,0.15
2020-07,12,TVW3,0.5,0.35
2020-07,12,TVW3,0.75,0.35
2020-07,12,TVW3,0.9,0.15
2020-07,13,TVW1,0.25,0.2000000000000001
2020-07,13,TVW1,0.5,0.4
2020-07,13,TVW1,0.75,0.4
2020-07,13,TVW2,0.3333333333333333,0.2
2020-07,13,TVW2,0.5,0.40000000000000013
2020-07,13,TVW2,0.6666666666666666,0.4
2020-07,13,TVW3,0.1,0.0
2020-07,13,TVW3,0.25,0.15
2020-07,13,TVW3,0.5,0.35000000000000014
2020-07,13,TVW3,0.75,0.35
2020-07,13,TVW3,0.9,0.14999999999999997
2020-08,1,TVW1,0.25,0.2
2020-08,1,TVW1,0.5,0.4000000000000001
2020-08,1,TVW1,0.75,0.3999999999999999
2020-08,1,TVW2,0.3333333333333333,0.2
2020-08,1,TVW2,0.5,0.4
2020-08,1,TVW2,0.6666666666666666,0.39999999999999986
2020-08,1,TVW3,0.1,1.0405883720029835e-17
2020-08,1,TVW3,0.25,0.15000000000000005
2020-08,1,TVW3,0.5,0.35000000000000003
2020-08,1,TVW3,0.75,0.35
2020-08,1,TVW3,0.9,0.15
2020-08,2,TVW1,0.25,0.2
2020-08,2,TVW1,0.5,0.4
2020-08,2,TVW1,0.75,0.39999999999999997
2020-08,2,TVW2,0.3333333333333333,0.20000000000000004
2020-08,2,TVW2,0.5,0.4
2020-08,2,TVW2,0.6666666666666666,0.4
2020-08,2,TVW3,0.1,2.3510262567391753e-17
2020-08,2,TVW3,0.25,0.15
2020-08,2,TVW3,0.5,0.35
2020-08,2,TVW3,0.75,0.35
2020-08,2,TVW3,0.9,0.15
2020-08,3,TVW1,0.25,0.2
2020-08,3,TVW1,0.5,0.4
2020-08,3,TVW1,0.75,0.4
2020-08,3,TVW2,0.3333333333333333,0.20000000000000004
2020-08,3,TVW2,0.5,0.39999999999999997
2020-08,3,TVW2,0.6666666666666666,0.4000000000000001
2020-08,3,TVW3,0.1,7.810772813806892e-18
2020-08,3,TVW3,0.25,0.15
2020-08,3,TVW3,0.5,0.3500000000000001
2020-08,3,TVW3,0.75,0.35
2020-08,3,TVW3,0.9,0.15
2020-08,4,TVW1,0.25,0.2
2020-08,4,TVW1,0.5,0.4
2020-08,4,TVW1,0.75,0.4
2020-08,4,TVW2,0.3333333333333333,0.20000000000000004
2020-08,4,TVW2,0.5,0.39999999999999997
2020-08,4,TVW2,0.6666666666666666,0.4000000000000001
2020-08,4,TVW3,0.1,0.0
2020-08,4,TVW3,0.25,0.15
2020-08,4,TVW3,0.5,0.3500000000000001
2020-08,4,TVW3,0.75,0.35
2020-08,4,TVW3,0.9,0.15
2020-08,5,TVW1,0.25,0.2
2020-08,5,TVW1,0.5,0.4
2020-08,5,TVW1,0.75,0.4
2020-08,5,TVW2,0.3333333333333333,0.20000000000000004
2020-08,5,TVW2,0.5,0.3999999999999999
2020-08,5,TVW2,0.6666666666666666,0.4000000000000001
2020-08,5,TVW3,0.1,1.0013570835601761e-17
2020-08,5,TVW3,0.25,0.15000000000000002
2020-08,5,TVW3,0.5,0.35000000000000003
2020-08,5,TVW3,0.75,0.35
2020-08,5,TVW3,0.9,0.15
2020-08,6,TVW1,0.25,0.2
2020-08,6,TVW1,0.5,0.4
2020-08,6,TVW1,0.75,0.39999999999999997
2020-08,6,TVW2,0.3333333333333333,0.2
2020-08,6,TVW2,0.5,0.4000000000000001
2020-08,6,TVW2,0.6666666666666666,0.4
2020-08,6,TVW3,0.1,0.0
2020-08,6,TVW3,0.25,0.15
2020-08,6,TVW3,0.5,0.3500000000000001
2020-08,6,TVW3,0.75,0.35
2020-08,6,TVW3,0.9,0.15
2020-08,7,TVW1,0.25,0.2
2020-08,7,TVW1,0.5,0.4
2020-08,7,TVW1,0.75,0.4
2020-08,7,TVW2,0.3333333333333333,0.19999999999999996
2020-08,7,TVW2,0.5,0.4000000000000001
2020-08,7,TVW2,0.6666666666666666,0.3999999999999999
2020-08,7,TVW3,0.1,0.0
2020-08,7,TVW3,0.25,0.15
2020-08,7,TVW3,0.5,0.35000000000000003
2020-08,7,TVW3,0.75,0.35
2020-08,7,TVW3,0.9,0.15
2020-08,8,TVW1,0.25,0.2
2020-08,8,TVW1,0.5,0.4
2020-08,8,TVW1,0.75,0.4
2020-08,8,TVW2,0.3333333333333333,0.20000000000000004
2020-08,8,TVW2,0.5,0.39999999999999997
2020-08,8,TVW2,0.6666666666666666,0.4000000000000001
2020-08,8,TVW3,0.1,3.6591415832224267e-17
2020-08,8,TVW3,0.25,0.15
2020-08,8,TVW3,0.5,0.35
2020-08,8,TVW3,0.75,0.35
2020-08,8,TVW3,0.9,0.14999999999999997
2020-08,9,TVW1,0.25,0.20000000000000004
2020-08,9,TVW1,0.5,0.4
2020-08,9,TVW1,0.75,0.4
2020-08,9,TVW2,0.3333333333333333,0.2
2020-08,9,TVW2,0.5,0.40000000000000013
2020-08,9,TVW2,0.6666666666666666,0.4
2020-08,9,TVW3,0.1,1.4006488039366926e-17
2020-08,9,TVW3,0.25,0.15
2020-08,9,TVW3,0.5,0.35000000000000014
2020-08,9,TVW3,0.75,0.34999999999999987
2020-08,9,TVW3,0.9,0.15
2020-08,10,TVW1,0.25,0.2
2020-08,10,TVW1,0.5,0.4
2020-08,10,TVW1,0.75,0.4
2020-08,10,TVW2,0.3333333333333333,0.2
2020-08,10,TVW2,0.5,0.40000000000000013
2020-08,10,TVW2,0.6666666666666666,0.4
2020-08,10,TVW3,0.1,8.013958673039529e-18
2020-08,10,TVW3,0.25,0.15
2020-08,10,TVW3,0.5,0.35
2020-08,10,TVW3,0.75,0.35
2020-08,10,TVW3,0.9,0.14999999999999997
2020-08,11,TVW1,0.25,0.2
2020-08,11,TVW1,0.5,0.4
2020-08,11,TVW1,0.75,0.4
2020-08,11,TVW2,0.3333333333333333,0.2
2020-08,11,TVW2,0.5,0.40000000000000013
2020-08,11,TVW2,0.6666666666666666,0.39999999999999997
2020-08,11,TVW3,0.1,4.010434100589254e-18
2020-08,11,TVW3,0.25,0.15000000000000002
2020-08,11,TVW3,0.5,0.35000000000000003
2020-08,11,TVW3,0.75,0.35
2020-08,11,TVW3,0.9,0.15
2020-08,12,TVW1,0.25,0.2
2020-08,12,TVW1,0.5,0.4
2020-08,12,TVW1,0.75,0.4
2020-08,12,TVW2,0.3333333333333333,0.2
2020-08,12,TVW2,0.5,0.4000000000000001
2020-08,12,TVW2,0.6666666666666666,0.4
2020-08,12,TVW3,0.1,0.0
2020-08,12,TVW3,0.25,0.15000000000000002
2020-08,12,TVW3,0.5,0.3500000000000001
2020-08,12,TVW3,0.75,0.35
2020-08,12,TVW3,0.9,0.15
2020-08,13,TVW1,0.25,0.20000000000000007
2020-08,13,TVW1,0.5,0.4
2020-08,13,TVW1,0.75,0.4
2020-08,13,TVW2,0.3333333333333333,0.2000000000000001
2020-08,13,TVW2,0.5,0.39999999999999986
2020-08,13,TVW2,0.6666666666666666,0.4000000000000001
2020-08,13,TVW3,0.1,0.0
2020-08,13,TVW3,0.25,0.15000000000000002
2020-08,13,TVW3,0.5,0.35000000000000003
2020-08,13,TVW3,0.75,0.35
2020-08,13,TVW3,0.9,0.15000000000000002
2020-09,1,TVW1,0.25,0.2
2020-09,1,TVW1,0.5,0.4
2020-09,1,TVW1,0.75,0.39999999999999997
2020-09,1,TVW2,0.3333333333333333,0.2
2020-09,1,TVW2,0.5,0.4000000000000001
2020-09,1,TVW2,0.6666666666666666,0.4
2020-09,1,TVW3,0.1,7.776155633135e-18
2020-09,1,TVW3,0.25,0.15
2020-09,1,TVW3,0.5,0.35000000000000003
2020-09,1,TVW3,0.75,0.35
2020-09,1,TVW3,0.9,0.14999999999999997
2020-09,2,TVW1,0.25,0.2
2020-09,2,TVW1,0.5,0.4000000000000001
2020-09,2,TVW1,0.75,0.4
2020-09,2,TVW2,0.3333333333333333,0.20000000000000012
2020-09,2,TVW2,0.5,0.39999999999999997
2020-09,2,TVW2,0.6666666666666666,0.39999999999999997
2020-09,2,TVW3,0.1,0.024649741645269094
2020-09,2,TVW3,0.25,0.15
2020-09,2,TVW3,0.5,0.5
2020-09,2,TVW3,0.75,0.1753502583547311
2020-09,2,TVW3,0.9,0.15
2020-09,3,TVW1,0.25,0.2
2020-09,3,TVW1,0.5,0.4
2020-09,3,TVW1,0.75,0.4
2020-09,3,TVW2,0.3333333333333333,0.20000000000000004
2020-09,3,TVW2,0.5,0.3999999999999999
2020-09,3,TVW2,0.6666666666666666,0.4
2020-09,3,TVW3,0.1,0.037593782767550696
2020-09,3,TVW3,0.25,0.15000000000000002
2020-09,3,TVW3,0.5,0.5
2020-09,3,TVW3,0.75,0.1624062172324494
2020-09,3,TVW3,0.9,0.14999999999999997
2020-09,4,TVW1,0.25,0.2
2020-09,4,TVW1,0.5,0.4
2020-09,4,TVW1,0.75,0.4
2020-09,4,TVW2,0.3333333333333333,0.2
2020-09,4,TVW2,0.5,0.4
2020-09,4,TVW2,0.6666666666666666,0.4
2020-09,4,TVW3,0.1,0.0916638684127089
2020-09,4,TVW3,0.25,0.14999999999999997
2020-09,4,TVW3,0.5,0.3
2020-09,4,TVW3,0.75,0.3083361315872912
2020-09,4,TVW3,0.9,0.14999999999999994
2020-09,5,TVW1,0.25,0.23206193051799284
2020-09,5,TVW1,0.5,0.4
2020-09,5,TVW1,0.75,0.3679380694820072
2020-09,5,TVW2,0.3333333333333333,0.20000000000000004
2020-09,5,TVW2,0.5,0.4
2020-09,5,TVW2,0.6666666666666666,0.4
2020-09,5,TVW3,0.1,0.0
2020-09,5,TVW3,0.25,0.3499999999999998
2020-09,5,TVW3,0.5,0.3000000000000003
2020-09,5,TVW3,0.75,0.35
2020-09,5,TVW3,0.9,0.0
2020-09,6,TVW1,0.25,0.2
2020-09,6,TVW1,0.5,0.4
2020-09,6,TVW1,0.75,0.4
2020-09,6,TVW2,0.3333333333333333,0.2
2020-09,6,TVW2,0.5,0.4
2020-09,6,TVW2,0.6666666666666666,0.4
2020-09,6,TVW3,0.1,0.0
2020-09,6,TVW3,0.25,0.31359839370030257
2020-09,6,TVW3,0.5,0.3
2020-09,6,TVW3,0.75,0.2364016062996975
2020-09,6,TVW3,0.9,0.15
2020-09,7,TVW1,0.25,0.2
2020-09,7,TVW1,0.5,0.4
2020-09,7,TVW1,0.75,0.4
2020-09,7,TVW2,0.3333333333333333,0.20000000000000012
2020-09,7,TVW2,0.5,0.40000000000000013
2020-09,7,TVW2,0.6666666666666666,0.39999999999999974
2020-09,7,TVW3,0.1,4.248055825541511e-18
2020-09,7,TVW3,0.25,0.16150409077041436
2020-09,7,TVW3,0.5,0.3384959092295857
2020-09,7,TVW3,0.75,0.3499999999999999
2020-09,7,TVW3,0.9,0.14999999999999997
2020-09,8,TVW1,0.25,0.2
2020-09,8,TVW1,0.5,0.4
2020-09,8,TVW1,0.75,0.4
2020-09,8,TVW2,0.3333333333333333,0.3000000000000001
2020-09,8,TVW2,0.5,0.3
2020-09,8,TVW2,0.6666666666666666,0.4
2020-09,8,TVW3,0.1,0.05000000000000021
2020-09,8,TVW3,0.25,0.14999999999999997
2020-09,8,TVW3,0.5,0.29999999999999993
2020-09,8,TVW3,0.75,0.3499999999999999
2020-09,8,TVW3,0.9,0.1499999999999999
2020-09,9,TVW1,0.25,0.2
2020-09,9,TVW1,0.5,0.4
2020-09,9,TVW1,0.75,0.4
2020-09,9,TVW2,0.3333333333333333,0.2
2020-09,9,TVW2,0.5,0.4
2020-09,9,TVW2,0.6666666666666666,0.4
2020-09,9,TVW3,0.1,0.0
2020-09,9,TVW3,0.25,0.15
2020-09,9,TVW3,0.5,0.3500000000000002
2020-09,9,TVW3,0.75,0.34999999999999976
2020-09,9,TVW3,0.9,0.15
2020-09,10,TVW1,0.25,0.20000000000000007
2020-09,10,TVW1,0.5,0.4
2020-09,10,TVW1,0.75,0.3999999999999999
2020-09,10,TVW2,0.3333333333333333,0.2000000000000001
2020-09,10,TVW2,0.5,0.4
2020-09,10,TVW2,0.6666666666666666,0.39999999999999997
2020-09,10,TVW3,0.1,1.668548832474451e-17
2020-09,10,TVW3,0.25,0.16877025743621604
2020-09,10,TVW3,0.5,0.331229742563784
2020-09,10,TVW3,0.75,0.35
2020-09,10,TVW3,0.9,0.14999999999999997
2020-09,11,TVW1,0.25,0.20000000000000004
2020-09,11,TVW1,0.5,0.4000000000000001
2020-09,11,TVW1,0.75,0.39999999999999997
2020-09,11,TVW2,0.3333333333333333,0.20000000000000004
2020-09,11,TVW2,0.5,0.4000000000000001
2020-09,11,TVW2,0.6666666666666666,0.4
2020-09,11,TVW3,0.1,2.979278235814823e-18
2020-09,11,TVW3,0.25,0.15
2020-09,11,TVW3,0.5,0.35000000000000003
2020-09,11,TVW3,0.75,0.35
2020-09,11,TVW3,0.9,0.14999999999999997
2020-09,12,TVW1,0.25,0.2
2020-09,12,TVW1,0.5,0.4
2020-09,12,TVW1,0.75,0.4
2020-09,12,TVW2,0.3333333333333333,0.20000000000000004
2020-09,12,TVW2,0.5,0.39999999999999997
2020-09,12,TVW2,0.6666666666666666,0.4
2020-09,12,TVW3,0.1,0.0
2020-09,12,TVW3,0.25,0.21249499661548094
2020-09,12,TVW3,0.5,0.3
2020-09,12,TVW3,0.75,0.35
2020-09,12,TVW3,0.9,0.13750500338451913
2020-09,13,TVW1,0.25,0.2
2020-09,13,TVW1,0.5,0.4
2020-09,13,TVW1,0.75,0.4
2020-09,13,TVW2,0.3333333333333333,0.2
2020-09,13,TVW2,0.5,0.40000000000000013
2020-09,13,TVW2,0.6666666666666666,0.4
2020-09,13,TVW3,0.1,0.0
2020-09,13,TVW3,0.25,0.15
2020-09,13,TVW3,0.5,0.3500000000000001
2020-09,13,TVW3,0.75,0.35
2020-09,13,TVW3,0.9,0.15
2020-10,1,TVW1,0.25,0.20000000000000004
2020-10,1,TVW1,0.5,0.4
2020-10,1,TVW1,0.75,0.39999999999999997
2020-10,1,TVW2,0.3333333333333333,0.2000000000000001
2020-10,1,TVW2,0.5,0.39999999999999986
2020-10,1,TVW2,0.6666666666666666,0.4000000000000001
2020-10,1,TVW3,0.1,1.7829954938065505e-18
2020-10,1,TVW3,0.25,0.15
2020-10,1,TVW3,0.5,0.35000000000000014
2020-10,1,TVW3,0.75,0.35
2020-10,1,TVW3,0.9,0.15
2020-10,2,TVW1,0.25,0.2
2020-10,2,TVW1,0.5,0.4
2020-10,2,TVW1,0.75,0.39999999999999997
2020-10,2,TVW2,0.3333333333333333,0.20000000000000007
2020-10,2,TVW2,0.5,0.39999999999999986
2020-10,2,TVW2,0.6666666666666666,0.4000000000000001
2020-10,2,TVW3,0.1,0.11001804193487386
2020-10,2,TVW3,0.25,0.15
2020-10,2,TVW3,0.5,0.30000000000000004
2020-10,2,TVW3,0.75,0.28998195806512617
2020-10,2,TVW3,0.9,0.15
2020-10,3,TVW1,0.25,0.2
2020-10,3,TVW1,0.5,0.4
2020-10,3,TVW1,0.75,0.4
2020-10,3,TVW2,0.3333333333333333,0.2
2020-10,3,TVW2,0.5,0.39999999999999997
2020-10,3,TVW2,0.6666666666666666,0.4
2020-10,3,TVW3,0.1,0.0633533881182359
2020-10,3,TVW3,0.25,0.1500000000000001
2020-10,3,TVW3,0.5,0.48664661188176406
2020-10,3,TVW3,0.75,0.15
2020-10,3,TVW3,0.9,0.15
2020-10,4,TVW1,0.25,0.2
2020-10,4,TVW1,0.5,0.4012046164217884
2020-10,4,TVW1,0.75,0.3987953835782116
2020-10,4,TVW2,0.3333333333333333,0.19999999999999996
2020-10,4,TVW2,0.5,0.41652616929438385
2020-10,4,TVW2,0.6666666666666666,0.3834738307056162
2020-10,4,TVW3,0.1,2.147738824491612e-16
2020-10,4,TVW3,0.25,0.24556540376480193
2020-10,4,TVW3,0.5,0.4544345962351979
2020-10,4,TVW3,0.75,0.15
2020-10,4,TVW3,0.9,0.15
2020-10,5,TVW1,0.25,0.2
2020-10,5,TVW1,0.5,0.4
2020-10,5,TVW1,0.75,0.4
2020-10,5,TVW2,0.3333333333333333,0.30000000000000016
2020-10,5,TVW2,0.5,0.3
2020-10,5,TVW2,0.6666666666666666,0.39999999999999997
2020-10,5,TVW3,0.1,9.18250471206604e-18
2020-10,5,TVW3,0.25,0.30397071681191307
2020-10,5,TVW3,0.5,0.346029283188087
2020-10,5,TVW3,0.75,0.35
2020-10,5,TVW3,0.9,0.0
2020-10,6,TVW1,0.25,0.2
2020-10,6,TVW1,0.5,0.4817657302716955
2020-10,6,TVW1,0.75,0.31823426972830454
2020-10,6,TVW2,0.3333333333333333,0.20000000000000012
2020-10,6,TVW2,0.5,0.416910593776292
2020-10,6,TVW2,0.6666666666666666,0.3830894062237079
2020-10,6,TVW3,0.1,4.0756804183091125e-17
2020-10,6,TVW3,0.25,0.2924882313598975
2020-10,6,TVW3,0.5,0.4075117686401025
2020-10,6,TVW3,0.75,0.15
2020-10,6,TVW3,0.9,0.15
2020-10,7,TVW1,0.25,0.2
2020-10,7,TVW1,0.5,0.4
2020-10,7,TVW1,0.75,0.4
2020-10,7,TVW2,0.3333333333333333,0.2000000000000001
2020-10,7,TVW2,0.5,0.39999999999999997
2020-10,7,TVW2,0.6666666666666666,0.39999999999999997
2020-10,7,TVW3,0.1,0.0
2020-10,7,TVW3,0.25,0.15000000000000008
2020-10,7,TVW3,0.5,0.44359820852969295
2020-10,7,TVW3,0.75,0.3499999999999999
2020-10,7,TVW3,0.9,0.05640179147030713
2020-10,8,TVW1,0.25,0.2
2020-10,8,TVW1,0.5,0.4
2020-10,8,TVW1,0.75,0.4
2020-10,8,TVW2,0.3333333333333333,0.30000000000000004
2020-10,8,TVW2,0.5,0.30000000000000004
2020-10,8,TVW2,0.6666666666666666,0.4
2020-10,8,TVW3,0.1,0.10394134695169516
2020-10,8,TVW3,0.25,0.15000000000000008
2020-10,8,TVW3,0.5,0.30000000000000004
2020-10,8,TVW3,0.75,0.2960586530483047
2020-10,8,TVW3,0.9,0.15
2020-10,9,TVW1,0.25,0.2
2020-10,9,TVW1,0.5,0.4
2020-10,9,TVW1,0.75,0.4
2020-10,9,TVW2,0.3333333333333333,0.2
2020-10,9,TVW2,0.5,0.40000000000000013
2020-10,9,TVW2,0.6666666666666666,0.4
2020-10,9,TVW3,0.1,0.0
2020-10,9,TVW3,0.25,0.2000000000000001
2020-10,9,TVW3,0.5,0.3
2020-10,9,TVW3,0.75,0.35
2020-10,9,TVW3,0.9,0.15
2020-10,10,TVW1,0.25,0.20000000000000004
2020-10,10,TVW1,0.5,0.4
2020-10,10,TVW1,0.75,0.4
2020-10,10,TVW2,0.3333333333333333,0.3000000000000001
2020-10,10,TVW2,0.5,0.3
2020-10,10,TVW2,0.6666666666666666,0.39999999999999997
2020-10,10,TVW3,0.1,0.05831896880959661
2020-10,10,TVW3,0.25,0.14999999999999997
2020-10,10,TVW3,0.5,0.29999999999999993
2020-10,10,TVW3,0.75,0.34168103119040355
2020-10,10,TVW3,0.9,0.14999999999999997
2020-10,11,TVW1,0.25,0.2
2020-10,11,TVW1,0.5,0.4
2020-10,11,TVW1,0.75,0.4
2020-10,11,TVW2,0.3333333333333333,0.2
2020-10,11,TVW2,0.5,0.4000000000000001
2020-10,11,TVW2,0.6666666666666666,0.4
2020-10,11,TVW3,0.1,9.511892065832018e-19
2020-10,11,TVW3,0.25,0.15
2020-10,11,TVW3,0.5,0.35000000000000003
2020-10,11,TVW3,0.75,0.35
2020-10,11,TVW3,0.9,0.15
2020-10,12,TVW1,0.25,0.20000000000000004
2020-10,12,TVW1,0.5,0.4
2020-10,12,TVW1,0.75,0.39999999999999997
2020-10,12,TVW2,0.3333333333333333,0.19999999999999987
2020-10,12,TVW2,0.5,0.40000000000000036
2020-10,12,TVW2,0.6666666666666666,0.39999999999999974
2020-10,12,TVW3,0.1,3.010534546598489e-18
2020-10,12,TVW3,0.25,0.2414700385491074
2020-10,12,TVW3,0.5,0.30000000000000004
2020-10,12,TVW3,0.75,0.30852996145089256
2020-10,12,TVW3,0.9,0.15
2020-10,13,TVW1,0.25,0.2
2020-10,13,TVW1,0.5,0.4
2020-10,13,TVW1,0.75,0.4
2020-10,13,TVW2,0.3333333333333333,0.2
2020-10,13,TVW2,0.5,0.4000000000000001
2020-10,13,TVW2,0.6666666666666666,0.4
2020-10,13,TVW3,0.1,0.06019602908072006
2020-10,13,TVW3,0.25,0.15
2020-10,13,TVW3,0.5,0.3
2020-10,13,TVW3,0.75,0.35
2020-10,13,TVW3,0.9,0.13980397091927999
2020-11,1,TVW1,0.25,0.2
2020-11,1,TVW1,0.5,0.4
2020-11,1,TVW1,0.75,0.4
2020-11,1,TVW2,0.3333333333333333,0.20000000000000004
2020-11,1,TVW2,0.5,0.4
2020-11,1,TVW2,0.6666666666666666,0.4
2020-11,1,TVW3,0.1,0.004034666065935665
2020-11,1,TVW3,0.25,0.19596533393406432
2020-11,1,TVW3,0.5,0.30000000000000004
2020-11,1,TVW3,0.75,0.35000000000000003
2020-11,1,TVW3,0.9,0.15000000000000002
2020-11,2,TVW1,0.25,0.2
2020-11,2,TVW1,0.5,0.4
2020-11,2,TVW1,0.75,0.39999999999999997
2020-11,2,TVW2,0.3333333333333333,0.2
2020-11,2,TVW2,0.5,0.4
2020-11,2,TVW2,0.6666666666666666,0.4
2020-11,2,TVW3,0.1,0.14873063469905426
2020-11,2,TVW3,0.25,0.15
2020-11,2,TVW3,0.5,0.3
2020-11,2,TVW3,0.75,0.2512693653009459
2020-11,2,TVW3,0.9,0.14999999999999988
2020-11,3,TVW1,0.25,0.23756449396194526
2020-11,3,TVW1,0.5,0.4
2020-11,3,TVW1,0.75,0.3624355060380548
2020-11,3,TVW2,0.3333333333333333,0.2
2020-11,3,TVW2,0.5,0.4000000000000001
2020-11,3,TVW2,0.6666666666666666,0.4
2020-11,3,TVW3,0.1,0.0366390086278836
2020-11,3,TVW3,0.25,0.35000000000000026
2020-11,3,TVW3,0.5,0.3000000000000002
2020-11,3,TVW3,0.75,0.1633609913721158
2020-11,3,TVW3,0.9,0.1500000000000001
2020-11,4,TVW1,0.25,0.2815860850344006
2020-11,4,TVW1,0.5,0.4
2020-11,4,TVW1,0.75,0.31841391496559945
2020-11,4,TVW2,0.3333333333333333,0.23939480341636585
2020-11,4,TVW2,0.5,0.5000000000000001
2020-11,4,TVW2,0.6666666666666666,0.2606051965836342
2020-11,4,TVW3,0.1,0.04517449183815442
2020-11,4,TVW3,0.25,0.34999999999999976
2020-11,4,TVW3,0.5,0.3
2020-11,4,TVW3,0.75,0.15482550816184587
2020-11,4,TVW3,0.9,0.1499999999999999
2020-11,5,TVW1,0.25,0.2
2020-11,5,TVW1,0.5,0.5658100471414977
2020-11,5,TVW1,0.75,0.23418995285850241
2020-11,5,TVW2,0.3333333333333333,0.2
2020-11,5,TVW2,0.5,0.4920617823552594
2020-11,5,TVW2,0.6666666666666666,0.3079382176447407
2020-11,5,TVW3,0.1,0.15000000000000002
2020-11,5,TVW3,0.25,0.15000000000000002
2020-11,5,TVW3,0.5,0.34999999999999987
2020-11,5,TVW3,0.75,0.35000000000000003
2020-11,5,TVW3,0.9,7.764817081466669e-18
2020-11,6,TVW1,0.25,0.3196015603315908
2020-11,6,TVW1,0.5,0.3999999999999999
2020-11,6,TVW1,0.75,0.2803984396684093
2020-11,6,TVW2,0.3333333333333333,0.34556278579435873
2020-11,6,TVW2,0.5,0.3
2020-11,6,TVW2,0.6666666666666666,0.3544372142056414
2020-11,6,TVW3,0.1,0.15
2020-11,6,TVW3,0.25,0.24999999999999997
2020-11,6,TVW3,0.5,0.30000000000000004
2020-11,6,TVW3,0.75,0.15
2020-11,6,TVW3,0.9,0.15
2020-11,7,TVW1,0.25,0.2
2020-11,7,TVW1,0.5,0.4000000000000001
2020-11,7,TVW1,0.75,0.39999999999999997
2020-11,7,TVW2,0.3333333333333333,0.20000000000000007
2020-11,7,TVW2,0.5,0.3999999999999999
2020-11,7,TVW2,0.6666666666666666,0.4000000000000001
2020-11,7,TVW3,0.1,0.0
2020-11,7,TVW3,0.25,0.15
2020-11,7,TVW3,0.5,0.48314553613379263
2020-11,7,TVW3,0.75,0.35
2020-11,7,TVW3,0.9,0.01685446386620736
2020-11,8,TVW1,0.25,0.2
2020-11,8,TVW1,0.5,0.5226140735321597
2020-11,8,TVW1,0.75,0.2773859264678403
2020-11,8,TVW2,0.3333333333333333,0.3000000000000001
2020-11,8,TVW2,0.5,0.3
2020-11,8,TVW2,0.6666666666666666,0.4
2020-11,8,TVW3,0.1,0.09339542241295441
2020-11,8,TVW3,0.25,0.15
2020-11,8,TVW3,0.5,0.4066045775870456
2020-11,8,TVW3,0.75,0.35
2020-11,8,TVW3,0.9,0.0
2020-11,9,TVW1,0.25,0.2
2020-11,9,TVW1,0.5,0.4
2020-11,9,TVW1,0.75,0.4
2020-11,9,TVW2,0.3333333333333333,0.2000000000000001
2020-11,9,TVW2,0.5,0.39999999999999997
2020-11,9,TVW2,0.6666666666666666,0.4
2020-11,9,TVW3,0.1,0.0
2020-11,9,TVW3,0.25,0.24633577376199656
2020-11,9,TVW3,0.5,0.30000000000000027
2020-11,9,TVW3,0.75,0.3036642262380033
2020-11,9,TVW3,0.9,0.15
2020-11,10,TVW1,0.25,0.2
2020-11,10,TVW1,0.5,0.43636239781214714
2020-11,10,TVW1,0.75,0.3636376021878529
2020-11,10,TVW2,0.3333333333333333,0.3000000000000001
2020-11,10,TVW2,0.5,0.3
2020-11,10,TVW2,0.6666666666666666,0.4
2020-11,10,TVW3,0.1,0.05691609985473252
2020-11,10,TVW3,0.25,0.15000000000000008
2020-11,10,TVW3,0.5,0.4930839001452673
2020-11,10,TVW3,0.75,0.15000000000000016
2020-11,10,TVW3,0.9,0.1499999999999999
2020-11,11,TVW1,0.25,0.2
2020-11,11,TVW1,0.5,0.4
2020-11,11,TVW1,0.75,0.4
2020-11,11,TVW2,0.3333333333333333,0.2
2020-11,11,TVW2,0.5,0.4
2020-11,11,TVW2,0.6666666666666666,0.4
2020-11,11,TVW3,0.1,0.050000000000000024
2020-11,11,TVW3,0.25,0.15
2020-11,11,TVW3,0.5,0.30000000000000004
2020-11,11,TVW3,0.75,0.35
2020-11,11,TVW3,0.9,0.15
2020-11,12,TVW1,0.25,0.2150248235286016
2020-11,12,TVW1,0.5,0.4000000000000001
2020-11,12,TVW1,0.75,0.38497517647139834
2020-11,12,TVW2,0.3333333333333333,0.2
2020-11,12,TVW2,0.5,0.4000000000000001
2020-11,12,TVW2,0.6666666666666666,0.4
2020-11,12,TVW3,0.1,0.0
2020-11,12,TVW3,0.25,0.3030011527140968
2020-11,12,TVW3,0.5,0.3000000000000002
2020-11,12,TVW3,0.75,0.35000000000000003
2020-11,12,TVW3,0.9,0.04699884728590304
2020-11,13,TVW1,0.25,0.2
2020-11,13,TVW1,0.5,0.4
2020-11,13,TVW1,0.75,0.39999999999999997
2020-11,13,TVW2,0.3333333333333333,0.20000000000000007
2020-11,13,TVW2,0.5,0.3999999999999999
2020-11,13,TVW2,0.6666666666666666,0.39999999999999997
2020-11,13,TVW3,0.1,0.005669436559884371
2020-11,13,TVW3,0.25,0.15000000000000008
2020-11,13,TVW3,0.5,0.49999999999999983
2020-11,13,TVW3,0.75,0.1977915325368773
2020-11,13,TVW3,0.9,0.14653903090323842
2020-12,1,TVW1,0.25,0.2
2020-12,1,TVW1,0.5,0.4
2020-12,1,TVW1,0.75,0.39999999999999997
2020-12,1,TVW2,0.3333333333333333,0.2000000000000001
2020-12,1,TVW2,0.5,0.4600041777071337
2020-12,1,TVW2,0.6666666666666666,0.3399958222928661
2020-12,1,TVW3,0.1,0.13323723371798363
2020-12,1,TVW3,0.25,0.15000000000000005
2020-12,1,TVW3,0.5,0.3000000000000001
2020-12,1,TVW3,0.75,0.2667627662820163
2020-12,1,TVW3,0.9,0.14999999999999988
2020-12,2,TVW1,0.25,0.30510694921205694
2020-12,2,TVW1,0.5,0.4
2020-12,2,TVW1,0.75,0.2948930507879431
2020-12,2,TVW2,0.3333333333333333,0.2735161305374069
2020-12,2,TVW2,0.5,0.49999999999999983
2020-12,2,TVW2,0.6666666666666666,0.2264838694625931
2020-12,2,TVW3,0.1,0.15
2020-12,2,TVW3,0.25,0.24039813984767547
2020-12,2,TVW3,0.5,0.30000000000000016
2020-12,2,TVW3,0.75,0.15960186015232433
2020-12,2,TVW3,0.9,0.15
2020-12,3,TVW1,0.25,0.38992412538190546
2020-12,3,TVW1,0.5,0.41007587461809447
2020-12,3,TVW1,0.75,0.2
2020-12,3,TVW2,0.3333333333333333,0.4
2020-12,3,TVW2,0.5,0.3999999999999999
2020-12,3,TVW2,0.6666666666666666,0.2
2020-12,3,TVW3,0.1,0.15
2020-12,3,TVW3,0.25,0.17652407816216495
2020-12,3,TVW3,0.5,0.5
2020-12,3,TVW3,0.75,0.15
2020-12,3,TVW3,0.9,0.023475921837834965
2020-12,4,TVW1,0.25,0.20035212186624396
2020-12,4,TVW1,0.5,0.5996478781337561
2020-12,4,TVW1,0.75,0.2
2020-12,4,TVW2,0.3333333333333333,0.3000000000000001
2020-12,4,TVW2,0.5,0.49999999999999994
2020-12,4,TVW2,0.6666666666666666,0.20000000000000004
2020-12,4,TVW3,0.1,0.14999999999999988
2020-12,4,TVW3,0.25,0.19521167007589685
2020-12,4,TVW3,0.5,0.35478832992410314
2020-12,4,TVW3,0.75,0.1500000000000002
2020-12,4,TVW3,0.9,0.14999999999999997
2020-12,5,TVW1,0.25,0.3247897139561601
2020-12,5,TVW1,0.5,0.47521028604383986
2020-12,5,TVW1,0.75,0.2
2020-12,5,TVW2,0.3333333333333333,0.31017774703224216
2020-12,5,TVW2,0.5,0.48982225296775783
2020-12,5,TVW2,0.6666666666666666,0.20000000000000004
2020-12,5,TVW3,0.1,0.14999999999999994
2020-12,5,TVW3,0.25,0.15000000000000008
2020-12,5,TVW3,0.5,0.43525778587544506
2020-12,5,TVW3,0.75,0.264742214124555
2020-12,5,TVW3,0.9,0.0
2020-12,6,TVW1,0.25,0.39999999999999997
2020-12,6,TVW1,0.5,0.40000000000000013
2020-12,6,TVW1,0.75,0.2
2020-12,6,TVW2,0.3333333333333333,0.2921475416077881
2020-12,6,TVW2,0.5,0.5
2020-12,6,TVW2,0.6666666666666666,0.20785245839221184
2020-12,6,TVW3,0.1,0.10479254955649746
2020-12,6,TVW3,0.25,0.34999999999999976
2020-12,6,TVW3,0.5,0.29999999999999993
2020-12,6,TVW3,0.75,0.14999999999999997
2020-12,6,TVW3,0.9,0.09520745044350289
2020-12,7,TVW1,0.25,0.2
2020-12,7,TVW1,0.5,0.6
2020-12,7,TVW1,0.75,0.2
2020-12,7,TVW2,0.3333333333333333,0.29999999999999993
2020-12,7,TVW2,0.5,0.5
2020-12,7,TVW2,0.6666666666666666,0.2
2020-12,7,TVW3,0.1,0.12425594302620055
2020-12,7,TVW3,0.25,0.14999999999999997
2020-12,7,TVW3,0.5,0.4999999999999999
2020-12,7,TVW3,0.75,0.14999999999999997
2020-12,7,TVW3,0.9,0.07574405697379955
2020-12,8,TVW1,0.25,0.32078566671820646
2020-12,8,TVW1,0.5,0.4792143332817935
2020-12,8,TVW1,0.75,0.2
2020-12,8,TVW2,0.3333333333333333,0.4
2020-12,8,TVW2,0.5,0.3
2020-12,8,TVW2,0.6666666666666666,0.30000000000000004
2020-12,8,TVW3,0.1,0.09370240758353135
2020-12,8,TVW3,0.25,0.19615064125731335
2020-12,8,TVW3,0.5,0.5
2020-12,8,TVW3,0.75,0.21014695115915527
2020-12,8,TVW3,0.9,0.0
2020-12,9,TVW1,0.25,0.20000000000000007
2020-12,9,TVW1,0.5,0.5669948828808752
2020-12,9,TVW1,0.75,0.2330051171191248
2020-12,9,TVW2,0.3333333333333333,0.20000000000000004
2020-12,9,TVW2,0.5,0.4714240392191249
2020-12,9,TVW2,0.6666666666666666,0.32857596078087503
2020-12,9,TVW3,0.1,3.0981130009453265e-17
2020-12,9,TVW3,0.25,0.3499999999999999
2020-12,9,TVW3,0.5,0.381566828464646
2020-12,9,TVW3,0.75,0.15
2020-12,9,TVW3,0.9,0.11843317153535403
2020-12,10,TVW1,0.25,0.2
2020-12,10,TVW1,0.5,0.6
2020-12,10,TVW1,0.75,0.20000000000000004
2020-12,10,TVW2,0.3333333333333333,0.3281843095500181
2020-12,10,TVW2,0.5,0.47181569044998195
2020-12,10,TVW2,0.6666666666666666,0.2
2020-12,10,TVW3,0.1,0.1185869674090101
2020-12,10,TVW3,0.25,0.15000000000000013
2020-12,10,TVW3,0.5,0.4999999999999997
2020-12,10,TVW3,0.75,0.15000000000000022
2020-12,10,TVW3,0.9,0.08141303259098973
2020-12,11,TVW1,0.25,0.2
2020-12,11,TVW1,0.5,0.4
2020-12,11,TVW1,0.75,0.4
2020-12,11,TVW2,0.3333333333333333,0.20000000000000004
2020-12,11,TVW2,0.5,0.4
2020-12,11,TVW2,0.6666666666666666,0.4
2020-12,11,TVW3,0.1,0.14176442374747603
2020-12,11,TVW3,0.25,0.15000000000000002
2020-12,11,TVW3,0.5,0.30000000000000004
2020-12,11,TVW3,0.75,0.35000000000000003
2020-12,11,TVW3,0.9,0.05823557625252399
2020-12,12,TVW1,0.25,0.2915483311853104
2020-12,12,TVW1,0.5,0.40000000000000013
2020-12,12,TVW1,0.75,0.30845166881468955
2020-12,12,TVW2,0.3333333333333333,0.30000000000000004
2020-12,12,TVW2,0.5,0.3
2020-12,12,TVW2,0.6666666666666666,0.4
2020-12,12,TVW3,0.1,0.0
2020-12,12,TVW3,0.25,0.3457067598613944
2020-12,12,TVW3,0.5,0.29999999999999977
2020-12,12,TVW3,0.75,0.34999999999999976
2020-12,12,TVW3,0.9,0.004293240138606083
2020-12,13,TVW1,0.25,0.2
2020-12,13,TVW1,0.5,0.4780468219384826
2020-12,13,TVW1,0.75,0.3219531780615174
2020-12,13,TVW2,0.3333333333333333,0.22241373127055436
2020-12,13,TVW2,0.5,0.4999999999999999
2020-12,13,TVW2,0.6666666666666666,0.2775862687294457
2020-12,13,TVW3,0.1,0.14275065547454233
2020-12,13,TVW3,0.25,0.1500000000000001
2020-12,13,TVW3,0.5,0.30000000000000004
2020-12,13,TVW3,0.75,0.35000000000000003
2020-12,13,TVW3,0.9,0.05724934452545763
2021-01,1,TVW1,0.25,0.2
2021-01,1,TVW1,0.5,0.4
2021-01,1,TVW1,0.75,0.4
2021-01,1,TVW2,0.3333333333333333,0.2
2021-01,1,TVW2,0.5,0.4
2021-01,1,TVW2,0.6666666666666666,0.4
2021-01,1,TVW3,0.1,0.03146685955123443
2021-01,1,TVW3,0.25,0.15
2021-01,1,TVW3,0.5,0.3185331404487657
2021-01,1,TVW3,0.75,0.35
2021-01,1,TVW3,0.9,0.15
2021-01,2,TVW1,0.25,0.2
2021-01,2,TVW1,0.5,0.4
2021-01,2,TVW1,0.75,0.4
2021-01,2,TVW2,0.3333333333333333,0.2
2021-01,2,TVW2,0.5,0.4000000000000001
2021-01,2,TVW2,0.6666666666666666,0.4
2021-01,2,TVW3,0.1,0.05092365963478994
2021-01,2,TVW3,0.25,0.15000000000000002
2021-01,2,TVW3,0.5,0.3000000000000001
2021-01,2,TVW3,0.75,0.34907634036521007
2021-01,2,TVW3,0.9,0.15000000000000002
2021-01,3,TVW1,0.25,0.2
2021-01,3,TVW1,0.5,0.4
2021-01,3,TVW1,0.75,0.3999999999999999
2021-01,3,TVW2,0.3333333333333333,0.20000000000000023
2021-01,3,TVW2,0.5,0.39999999999999974
2021-01,3,TVW2,0.6666666666666666,0.4
2021-01,3,TVW3,0.1,0.030306622877156776
2021-01,3,TVW3,0.25,0.35
2021-01,3,TVW3,0.5,0.3
2021-01,3,TVW3,0.75,0.16969337712284333
2021-01,3,TVW3,0.9,0.15
2021-01,4,TVW1,0.25,0.20000000000000007
2021-01,4,TVW1,0.5,0.4
2021-01,4,TVW1,0.75,0.39999999999999997
2021-01,4,TVW2,0.3333333333333333,0.3000000000000002
2021-01,4,TVW2,0.5,0.29999999999999993
2021-01,4,TVW2,0.6666666666666666,0.3999999999999998
2021-01,4,TVW3,0.1,0.09585107150497096
2021-01,4,TVW3,0.25,0.15
2021-01,4,TVW3,0.5,0.30000000000000016
2021-01,4,TVW3,0.75,0.30414892849502895
2021-01,4,TVW3,0.9,0.14999999999999997
2021-01,5,TVW1,0.25,0.2
2021-01,5,TVW1,0.5,0.4
2021-01,5,TVW1,0.75,0.4
2021-01,5,TVW2,0.3333333333333333,0.19999999999999987
2021-01,5,TVW2,0.5,0.40000000000000036
2021-01,5,TVW2,0.6666666666666666,0.3999999999999997
2021-01,5,TVW3,0.1,0.10031451045280078
2021-01,5,TVW3,0.25,0.15
2021-01,5,TVW3,0.5,0.3
2021-01,5,TVW3,0.75,0.35
2021-01,5,TVW3,0.9,0.09968548954719933
2021-01,6,TVW1,0.25,0.2
2021-01,6,TVW1,0.5,0.4
2021-01,6,TVW1,0.75,0.4
2021-01,6,TVW2,0.3333333333333333,0.2
2021-01,6,TVW2,0.5,0.39999999999999997
2021-01,6,TVW2,0.6666666666666666,0.39999999999999997
2021-01,6,TVW3,0.1,0.14999999999999997
2021-01,6,TVW3,0.25,0.15000000000000002
2021-01,6,TVW3,0.5,0.30000000000000004
2021-01,6,TVW3,0.75,0.24999999999999994
2021-01,6,TVW3,0.9,0.15
2021-01,7,TVW1,0.25,0.20000000000000004
2021-01,7,TVW1,0.5,0.4
2021-01,7,TVW1,0.75,0.39999999999999997
2021-01,7,TVW2,0.3333333333333333,0.2
2021-01,7,TVW2,0.5,0.4000000000000001
2021-01,7,TVW2,0.6666666666666666,0.4
2021-01,7,TVW3,0.1,1.41514847042152e-17
2021-01,7,TVW3,0.25,0.15000000000000005
2021-01,7,TVW3,0.5,0.4351332507875829
2021-01,7,TVW3,0.75,0.35
2021-01,7,TVW3,0.9,0.06486674921241706
2021-01,8,TVW1,0.25,0.2
2021-01,8,TVW1,0.5,0.4000000000000001
2021-01,8,TVW1,0.75,0.4
2021-01,8,TVW2,0.3333333333333333,0.20000000000000007
2021-01,8,TVW2,0.5,0.40000000000000036
2021-01,8,TVW2,0.6666666666666666,0.3999999999999996
2021-01,8,TVW3,0.1,1.598310670717174e-17
2021-01,8,TVW3,0.25,0.15
2021-01,8,TVW3,0.5,0.5
2021-01,8,TVW3,0.75,0.35
2021-01,8,TVW3,0.9,2.3418766925686896e-17
2021-01,9,TVW1,0.25,0.2
2021-01,9,TVW1,0.5,0.4
2021-01,9,TVW1,0.75,0.4
2021-01,9,TVW2,0.3333333333333333,0.20000000000000007
2021-01,9,TVW2,0.5,0.3999999999999999
2021-01,9,TVW2,0.6666666666666666,0.4000000000000001
2021-01,9,TVW3,0.1,0.0
2021-01,9,TVW3,0.25,0.15
2021-01,9,TVW3,0.5,0.3500000000000001
2021-01,9,TVW3,0.75,0.35
2021-01,9,TVW3,0.9,0.15
2021-01,10,TVW1,0.25,0.20000000000000004
2021-01,10,TVW1,0.5,0.4
2021-01,10,TVW1,0.75,0.39999999999999997
2021-01,10,TVW2,0.3333333333333333,0.2
2021-01,10,TVW2,0.5,0.4000000000000001
2021-01,10,TVW2,0.6666666666666666,0.4
2021-01,10,TVW3,0.1,1.0099257907748013e-17
2021-01,10,TVW3,0.25,0.24242995444155108
2021-01,10,TVW3,0.5,0.30000000000000016
2021-01,10,TVW3,0.75,0.3075700455584488
2021-01,10,TVW3,0.9,0.15
2021-01,11,TVW1,0.25,0.2
2021-01,11,TVW1,0.5,0.4
2021-01,11,TVW1,0.75,0.4
2021-01,11,TVW2,0.3333333333333333,0.2
2021-01,11,TVW2,0.5,0.4
2021-01,11,TVW2,0.6666666666666666,0.39999999999999986
2021-01,11,TVW3,0.1,8.970179391538016e-17
2021-01,11,TVW3,0.25,0.15
2021-01,11,TVW3,0.5,0.3675730795475138
2021-01,11,TVW3,0.75,0.3499999999999999
2021-01,11,TVW3,0.9,0.13242692045248625
2021-01,12,TVW1,0.25,0.20000000000000004
2021-01,12,TVW1,0.5,0.6
2021-01,12,TVW1,0.75,0.2
2021-01,12,TVW2,0.3333333333333333,0.2
2021-01,12,TVW2,0.5,0.4543813357483597
2021-01,12,TVW2,0.6666666666666666,0.3456186642516403
2021-01,12,TVW3,0.1,0.0
2021-01,12,TVW3,0.25,0.21738042325124982
2021-01,12,TVW3,0.5,0.4999999999999998
2021-01,12,TVW3,0.75,0.28261957674875027
2021-01,12,TVW3,0.9,0.0
2021-01,13,TVW1,0.25,0.2
2021-01,13,TVW1,0.5,0.4
2021-01,13,TVW1,0.75,0.4
2021-01,13,TVW2,0.3333333333333333,0.20000000000000004
2021-01,13,TVW2,0.5,0.3999999999999999
2021-01,13,TVW2,0.6666666666666666,0.4000000000000001
2021-01,13,TVW3,0.1,0.03461191130811225
2021-01,13,TVW3,0.25,0.15
2021-01,13,TVW3,0.5,0.31538808869188784
2021-01,13,TVW3,0.75,0.35
2021-01,13,TVW3,0.9,0.14999999999999994
2021-02,1,TVW1,0.25,0.2
2021-02,1,TVW1,0.5,0.4000000000000001
2021-02,1,TVW1,0.75,0.39999999999999997
2021-02,1,TVW2,0.3333333333333333,0.2
2021-02,1,TVW2,0.5,0.4
2021-02,1,TVW2,0.6666666666666666,0.4
2021-02,1,TVW3,0.1,0.022413072138893413
2021-02,1,TVW3,0.25,0.15000000000000002
2021-02,1,TVW3,0.5,0.32758692786110655
2021-02,1,TVW3,0.75,0.35000000000000003
2021-02,1,TVW3,0.9,0.14999999999999997
2021-02,2,TVW1,0.25,0.2
2021-02,2,TVW1,0.5,0.4
2021-02,2,TVW1,0.75,0.4
2021-02,2,TVW2,0.3333333333333333,0.2
2021-02,2,TVW2,0.5,0.4000000000000008
2021-02,2,TVW2,0.6666666666666666,0.39999999999999936
2021-02,2,TVW3,0.1,0.06284446841565214
2021-02,2,TVW3,0.25,0.15000000000000002
2021-02,2,TVW3,0.5,0.30000000000000004
2021-02,2,TVW3,0.75,0.35000000000000003
2021-02,2,TVW3,0.9,0.13715553158434785
2021-02,3,TVW1,0.25,0.2
2021-02,3,TVW1,0.5,0.4
2021-02,3,TVW1,0.75,0.4
2021-02,3,TVW2,0.3333333333333333,0.20000000000000054
2021-02,3,TVW2,0.5,0.39999999999999947
2021-02,3,TVW2,0.6666666666666666,0.4000000000000001
2021-02,3,TVW3,0.1,0.14416530934167648
2021-02,3,TVW3,0.25,0.1500000000000004
2021-02,3,TVW3,0.5,0.3
2021-02,3,TVW3,0.75,0.25583469065832326
2021-02,3,TVW3,0.9,0.15
2021-02,4,TVW1,0.25,0.2
2021-02,4,TVW1,0.5,0.4
2021-02,4,TVW1,0.75,0.4
2021-02,4,TVW2,0.3333333333333333,0.20000000000000007
2021-02,4,TVW2,0.5,0.4000000000000001
2021-02,4,TVW2,0.6666666666666666,0.39999999999999997
2021-02,4,TVW3,0.1,0.11325431283075212
2021-02,4,TVW3,0.25,0.15000000000000008
2021-02,4,TVW3,0.5,0.3
2021-02,4,TVW3,0.75,0.2867456871692479
2021-02,4,TVW3,0.9,0.15
2021-02,5,TVW1,0.25,0.2
2021-02,5,TVW1,0.5,0.4000000000000001
2021-02,5,TVW1,0.75,0.4
2021-02,5,TVW2,0.3333333333333333,0.2
2021-02,5,TVW2,0.5,0.4
2021-02,5,TVW2,0.6666666666666666,0.4
2021-02,5,TVW3,0.1,0.10469876919696638
2021-02,5,TVW3,0.25,0.15000000000000002
2021-02,5,TVW3,0.5,0.3
2021-02,5,TVW3,0.75,0.35
2021-02,5,TVW3,0.9,0.09530123080303364
2021-02,6,TVW1,0.25,0.23953003614444493
2021-02,6,TVW1,0.5,0.4
2021-02,6,TVW1,0.75,0.36046996385555513
2021-02,6,TVW2,0.3333333333333333,0.2
2021-02,6,TVW2,0.5,0.39999999999999997
2021-02,6,TVW2,0.6666666666666666,0.4
2021-02,6,TVW3,0.1,1.1440772700825923e-16
2021-02,6,TVW3,0.25,0.35
2021-02,6,TVW3,0.5,0.3499999999999999
2021-02,6,TVW3,0.75,0.15
2021-02,6,TVW3,0.9,0.15
2021-02,7,TVW1,0.25,0.20000000000000004
2021-02,7,TVW1,0.5,0.4000000000000001
2021-02,7,TVW1,0.75,0.39999999999999997
2021-02,7,TVW2,0.3333333333333333,0.20000000000000004
2021-02,7,TVW2,0.5,0.4
2021-02,7,TVW2,0.6666666666666666,0.4
2021-02,7,TVW3,0.1,0.0
2021-02,7,TVW3,0.25,0.2873724384029408
2021-02,7,TVW3,0.5,0.29999999999999993
2021-02,7,TVW3,0.75,0.3499999999999999
2021-02,7,TVW3,0.9,0.0626275615970594
2021-02,8,TVW1,0.25,0.2
2021-02,8,TVW1,0.5,0.4365499897818063
2021-02,8,TVW1,0.75,0.36345001021819373
2021-02,8,TVW2,0.3333333333333333,0.19999999999999996
2021-02,8,TVW2,0.5,0.4000000000000003
2021-02,8,TVW2,0.6666666666666666,0.39999999999999963
2021-02,8,TVW3,0.1,4.85722573273506e-17
2021-02,8,TVW3,0.25,0.15
2021-02,8,TVW3,0.5,0.5
2021-02,8,TVW3,0.75,0.35
2021-02,8,TVW3,0.9,0.0
2021-02,9,TVW1,0.25,0.236976639520097
2021-02,9,TVW1,0.5,0.4
2021-02,9,TVW1,0.75,0.36302336047990297
2021-02,9,TVW2,0.3333333333333333,0.20000000000000018
2021-02,9,TVW2,0.5,0.39999999999999986
2021-02,9,TVW2,0.6666666666666666,0.4
2021-02,9,TVW3,0.1,0.0
2021-02,9,TVW3,0.25,0.3401601026245093
2021-02,9,TVW3,0.5,0.3000000000000001
2021-02,9,TVW3,0.75,0.35000000000000003
2021-02,9,TVW3,0.9,0.00983989737549065
2021-02,10,TVW1,0.25,0.2
2021-02,10,TVW1,0.5,0.4
2021-02,10,TVW1,0.75,0.4
2021-02,10,TVW2,0.3333333333333333,0.2
2021-02,10,TVW2,0.5,0.4000000000000001
2021-02,10,TVW2,0.6666666666666666,0.4
2021-02,10,TVW3,0.1,0.0
2021-02,10,TVW3,0.25,0.2838583289626156
2021-02,10,TVW3,0.5,0.3000000000000001
2021-02,10,TVW3,0.75,0.2661416710373844
2021-02,10,TVW3,0.9,0.15
2021-02,11,TVW1,0.25,0.2
2021-02,11,TVW1,0.5,0.4
2021-02,11,TVW1,0.75,0.4
2021-02,11,TVW2,0.3333333333333333,0.19999999999999996
2021-02,11,TVW2,0.5,0.4000000000000002
2021-02,11,TVW2,0.6666666666666666,0.39999999999999986
2021-02,11,TVW3,0.1,0.05000000000000016
2021-02,11,TVW3,0.25,0.15
2021-02,11,TVW3,0.5,0.3
2021-02,11,TVW3,0.75,0.35
2021-02,11,TVW3,0.9,0.15
2021-02,12,TVW1,0.25,0.2
2021-02,12,TVW1,0.5,0.5453042454782835
2021-02,12,TVW1,0.75,0.2546957545217165
2021-02,12,TVW2,0.3333333333333333,0.20000000000000007
2021-02,12,TVW2,0.5,0.4
2021-02,12,TVW2,0.6666666666666666,0.4000000000000001
2021-02,12,TVW3,0.1,0.0
2021-02,12,TVW3,0.25,0.20185955343961445
2021-02,12,TVW3,0.5,0.5
2021-02,12,TVW3,0.75,0.2981404465603856
2021-02,12,TVW3,0.9,0.0
2021-02,13,TVW1,0.25,0.2
2021-02,13,TVW1,0.5,0.4000000000000001
2021-02,13,TVW1,0.75,0.39999999999999997
2021-02,13,TVW2,0.3333333333333333,0.2000000000000001
2021-02,13,TVW2,0.5,0.39999999999999997
2021-02,13,TVW2,0.6666666666666666,0.4000000000000001
2021-02,13,TVW3,0.1,0.05000000000000009
2021-02,13,TVW3,0.25,0.15000000000000002
2021-02,13,TVW3,0.5,0.3
2021-02,13,TVW3,0.75,0.35
2021-02,13,TVW3,0.9,0.15
2021-03,1,TVW1,0.25,0.2
2021-03,1,TVW1,0.5,0.4
2021-03,1,TVW1,0.75,0.4
2021-03,1,TVW2,0.3333333333333333,0.2
2021-03,1,TVW2,0.5,0.4000000000000001
2021-03,1,TVW2,0.6666666666666666,0.4
2021-03,1,TVW3,0.1,4.069714756239172e-17
2021-03,1,TVW3,0.25,0.15
2021-03,1,TVW3,0.5,0.4044172376158981
2021-03,1,TVW3,0.75,0.35
2021-03,1,TVW3,0.9,0.09558276238410185
2021-03,2,TVW1,0.25,0.2
2021-03,2,TVW1,0.5,0.4
2021-03,2,TVW1,0.75,0.4
2021-03,2,TVW2,0.3333333333333333,0.2
2021-03,2,TVW2,0.5,0.39999999999999997
2021-03,2,TVW2,0.6666666666666666,0.4
2021-03,2,TVW3,0.1,0.05146952395235799
2021-03,2,TVW3,0.25,0.15
2021-03,2,TVW3,0.5,0.3
2021-03,2,TVW3,0.75,0.35
2021-03,2,TVW3,0.9,0.1485304760476421
2021-03,3,TVW1,0.25,0.2
2021-03,3,TVW1,0.5,0.4
2021-03,3,TVW1,0.75,0.4
2021-03,3,TVW2,0.3333333333333333,0.2
2021-03,3,TVW2,0.5,0.4
2021-03,3,TVW2,0.6666666666666666,0.39999999999999997
2021-03,3,TVW3,0.1,0.0
2021-03,3,TVW3,0.25,0.33447122909953403
2021-03,3,TVW3,0.5,0.3
2021-03,3,TVW3,0.75,0.21552877090046613
2021-03,3,TVW3,0.9,0.15
2021-03,4,TVW1,0.25,0.2
2021-03,4,TVW1,0.5,0.40000000000000013
2021-03,4,TVW1,0.75,0.3999999999999999
2021-03,4,TVW2,0.3333333333333333,0.2
2021-03,4,TVW2,0.5,0.39999999999999997
2021-03,4,TVW2,0.6666666666666666,0.4
2021-03,4,TVW3,0.1,0.060654872380875094
2021-03,4,TVW3,0.25,0.15
2021-03,4,TVW3,0.5,0.3
2021-03,4,TVW3,0.75,0.3393451276191251
2021-03,4,TVW3,0.9,0.15
2021-03,5,TVW1,0.25,0.2
2021-03,5,TVW1,0.5,0.4
2021-03,5,TVW1,0.75,0.39999999999999997
2021-03,5,TVW2,0.3333333333333333,0.2
2021-03,5,TVW2,0.5,0.4000000000000001
2021-03,5,TVW2,0.6666666666666666,0.4
2021-03,5,TVW3,0.1,0.0
2021-03,5,TVW3,0.25,0.15
2021-03,5,TVW3,0.5,0.4881493004018453
2021-03,5,TVW3,0.75,0.34999999999999987
2021-03,5,TVW3,0.9,0.011850699598154888
2021-03,6,TVW1,0.25,0.2
2021-03,6,TVW1,0.5,0.4
2021-03,6,TVW1,0.75,0.4
2021-03,6,TVW2,0.3333333333333333,0.20000000000000004
2021-03,6,TVW2,0.5,0.39999999999999997
2021-03,6,TVW2,0.6666666666666666,0.4000000000000001
2021-03,6,TVW3,0.1,0.07723546023440019
2021-03,6,TVW3,0.25,0.15
2021-03,6,TVW3,0.5,0.4342600111350533
2021-03,6,TVW3,0.75,0.18850452863054667
2021-03,6,TVW3,0.9,0.15
2021-03,7,TVW1,0.25,0.2
2021-03,7,TVW1,0.5,0.4
2021-03,7,TVW1,0.75,0.4
2021-03,7,TVW2,0.3333333333333333,0.2
2021-03,7,TVW2,0.5,0.40000000000000013
2021-03,7,TVW2,0.6666666666666666,0.4
2021-03,7,TVW3,0.1,0.0
2021-03,7,TVW3,0.25,0.18320955184747523
2021-03,7,TVW3,0.5,0.5000000000000001
2021-03,7,TVW3,0.75,0.1667904481525247
2021-03,7,TVW3,0.9,0.15000000000000002
2021-03,8,TVW1,0.25,0.2
2021-03,8,TVW1,0.5,0.4
2021-03,8,TVW1,0.75,0.4
2021-03,8,TVW2,0.3333333333333333,0.2
2021-03,8,TVW2,0.5,0.40000000000000013
2021-03,8,TVW2,0.6666666666666666,0.4
2021-03,8,TVW3,0.1,0.0
2021-03,8,TVW3,0.25,0.15000000000000002
2021-03,8,TVW3,0.5,0.48614575731507337
2021-03,8,TVW3,0.75,0.35000000000000003
2021-03,8,TVW3,0.9,0.013854242684926686
2021-03,9,TVW1,0.25,0.2
2021-03,9,TVW1,0.5,0.4
2021-03,9,TVW1,0.75,0.4
2021-03,9,TVW2,0.3333333333333333,0.2
2021-03,9,TVW2,0.5,0.4
2021-03,9,TVW2,0.6666666666666666,0.4
2021-03,9,TVW3,0.1,0.0
2021-03,9,TVW3,0.25,0.15000000000000002
2021-03,9,TVW3,0.5,0.5
2021-03,9,TVW3,0.75,0.35
2021-03,9,TVW3,0.9,0.0
2021-03,10,TVW1,0.25,0.2
2021-03,10,TVW1,0.5,0.4
2021-03,10,TVW1,0.75,0.4
2021-03,10,TVW2,0.3333333333333333,0.20000000000000004
2021-03,10,TVW2,0.5,0.4
2021-03,10,TVW2,0.6666666666666666,0.39999999999999997
2021-03,10,TVW3,0.1,0.10074137034680515
2021-03,10,TVW3,0.25,0.15000000000000005
2021-03,10,TVW3,0.5,0.30000000000000004
2021-03,10,TVW3,0.75,0.29925862965319483
2021-03,10,TVW3,0.9,0.15000000000000002
2021-03,11,TVW1,0.25,0.20000000000000007
2021-03,11,TVW1,0.5,0.4
2021-03,11,TVW1,0.75,0.4
2021-03,11,TVW2,0.3333333333333333,0.20000000000000007
2021-03,11,TVW2,0.5,0.3999999999999999
2021-03,11,TVW2,0.6666666666666666,0.4000000000000001
2021-03,11,TVW3,0.1,0.05271932625893197
2021-03,11,TVW3,0.25,0.15
2021-03,11,TVW3,0.5,0.3
2021-03,11,TVW3,0.75,0.35
2021-03,11,TVW3,0.9,0.1472806737410681
2021-03,12,TVW1,0.25,0.2
2021-03,12,TVW1,0.5,0.5351677922264524
2021-03,12,TVW1,0.75,0.2648322077735477
2021-03,12,TVW2,0.3333333333333333,0.2
2021-03,12,TVW2,0.5,0.4000000000000001
2021-03,12,TVW2,0.6666666666666666,0.4
2021-03,12,TVW3,0.1,0.0
2021-03,12,TVW3,0.25,0.16867135324048144
2021-03,12,TVW3,0.5,0.5
2021-03,12,TVW3,0.75,0.33132864675951834
2021-03,12,TVW3,0.9,1.9339180514466498e-16
2021-03,13,TVW1,0.25,0.2
2021-03,13,TVW1,0.5,0.4
2021-03,13,TVW1,0.75,0.4
2021-03,13,TVW2,0.3333333333333333,0.2
2021-03,13,TVW2,0.5,0.4
2021-03,13,TVW2,0.6666666666666666,0.4
2021-03,13,TVW3,0.1,0.048420231774880834
2021-03,13,TVW3,0.25,0.15
2021-03,13,TVW3,0.5,0.3015797682251193
2021-03,13,TVW3,0.75,0.35
2021-03,13,TVW3,0.9,0.15
2021-04,1,TVW1,0.25,0.2
2021-04,1,TVW1,0.5,0.4
2021-04,1,TVW1,0.75,0.4
2021-04,1,TVW2,0.3333333333333333,0.2
2021-04,1,TVW2,0.5,0.4000000000000001
2021-04,1,TVW2,0.6666666666666666,0.4
2021-04,1,TVW3,0.1,0.0
2021-04,1,TVW3,0.25,0.15
2021-04,1,TVW3,0.5,0.35000000000000003
2021-04,1,TVW3,0.75,0.35
2021-04,1,TVW3,0.9,0.15
2021-04,2,TVW1,0.25,0.2
2021-04,2,TVW1,0.5,0.4
2021-04,2,TVW1,0.75,0.39999999999999997
2021-04,2,TVW2,0.3333333333333333,0.19999999999999996
2021-04,2,TVW2,0.5,0.4000000000000011
2021-04,2,TVW2,0.6666666666666666,0.3999999999999989
2021-04,2,TVW3,0.1,0.0
2021-04,2,TVW3,0.25,0.14999999999999997
2021-04,2,TVW3,0.5,0.35000000000000014
2021-04,2,TVW3,0.75,0.3499999999999999
2021-04,2,TVW3,0.9,0.14999999999999997
2021-04,3,TVW1,0.25,0.2
2021-04,3,TVW1,0.5,0.4
2021-04,3,TVW1,0.75,0.4
2021-04,3,TVW2,0.3333333333333333,0.2
2021-04,3,TVW2,0.5,0.4
2021-04,3,TVW2,0.6666666666666666,0.4
2021-04,3,TVW3,0.1,0.0
2021-04,3,TVW3,0.25,0.2000000000000001
2021-04,3,TVW3,0.5,0.3
2021-04,3,TVW3,0.75,0.35
2021-04,3,TVW3,0.9,0.15
2021-04,4,TVW1,0.25,0.20000000000000004
2021-04,4,TVW1,0.5,0.4
2021-04,4,TVW1,0.75,0.4
2021-04,4,TVW2,0.3333333333333333,0.2
2021-04,4,TVW2,0.5,0.39999999999999997
2021-04,4,TVW2,0.6666666666666666,0.4
2021-04,4,TVW3,0.1,0.019523570537842663
2021-04,4,TVW3,0.25,0.15
2021-04,4,TVW3,0.5,0.33047642946215744
2021-04,4,TVW3,0.75,0.35
2021-04,4,TVW3,0.9,0.15
2021-04,5,TVW1,0.25,0.2
2021-04,5,TVW1,0.5,0.4
2021-04,5,TVW1,0.75,0.4
2021-04,5,TVW2,0.3333333333333333,0.2
2021-04,5,TVW2,0.5,0.4
2021-04,5,TVW2,0.6666666666666666,0.4
2021-04,5,TVW3,0.1,0.050000000000000086
2021-04,5,TVW3,0.25,0.15
2021-04,5,TVW3,0.5,0.3
2021-04,5,TVW3,0.75,0.35
2021-04,5,TVW3,0.9,0.15
2021-04,6,TVW1,0.25,0.20000000000000004
2021-04,6,TVW1,0.5,0.4
2021-04,6,TVW1,0.75,0.4
2021-04,6,TVW2,0.3333333333333333,0.2
2021-04,6,TVW2,0.5,0.4
2021-04,6,TVW2,0.6666666666666666,0.4
2021-04,6,TVW3,0.1,0.049999999999999996
2021-04,6,TVW3,0.25,0.15
2021-04,6,TVW3,0.5,0.30000000000000027
2021-04,6,TVW3,0.75,0.3499999999999999
2021-04,6,TVW3,0.9,0.15
2021-04,7,TVW1,0.25,0.2
2021-04,7,TVW1,0.5,0.4
2021-04,7,TVW1,0.75,0.39999999999999997
2021-04,7,TVW2,0.3333333333333333,0.2
2021-04,7,TVW2,0.5,0.4000000000000001
2021-04,7,TVW2,0.6666666666666666,0.4
2021-04,7,TVW3,0.1,0.0
2021-04,7,TVW3,0.25,0.15
2021-04,7,TVW3,0.5,0.35000000000000003
2021-04,7,TVW3,0.75,0.35
2021-04,7,TVW3,0.9,0.14999999999999997
2021-04,8,TVW1,0.25,0.2
2021-04,8,TVW1,0.5,0.4
2021-04,8,TVW1,0.75,0.4
2021-04,8,TVW2,0.3333333333333333,0.20000000000000007
2021-04,8,TVW2,0.5,0.3999999999999999
2021-04,8,TVW2,0.6666666666666666,0.39999999999999997
2021-04,8,TVW3,0.1,0.0
2021-04,8,TVW3,0.25,0.15000000000000002
2021-04,8,TVW3,0.5,0.37197481742747684
2021-04,8,TVW3,0.75,0.35000000000000003
2021-04,8,TVW3,0.9,0.1280251825725232
2021-04,9,TVW1,0.25,0.20000000000000004
2021-04,9,TVW1,0.5,0.4000000000000001
2021-04,9,TVW1,0.75,0.4
2021-04,9,TVW2,0.3333333333333333,0.20000000000000004
2021-04,9,TVW2,0.5,0.3999999999999999
2021-04,9,TVW2,0.6666666666666666,0.4000000000000001
2021-04,9,TVW3,0.1,0.0
2021-04,9,TVW3,0.25,0.15000000000000002
2021-04,9,TVW3,0.5,0.39071019353996916
2021-04,9,TVW3,0.75,0.35000000000000003
2021-04,9,TVW3,0.9,0.10928980646003081
2021-04,10,TVW1,0.25,0.2
2021-04,10,TVW1,0.5,0.4
2021-04,10,TVW1,0.75,0.4
2021-04,10,TVW2,0.3333333333333333,0.20000000000000004
2021-04,10,TVW2,0.5,0.4000000000000001
2021-04,10,TVW2,0.6666666666666666,0.39999999999999997
2021-04,10,TVW3,0.1,1.6785678335795364e-17
2021-04,10,TVW3,0.25,0.15566179734247715
2021-04,10,TVW3,0.5,0.3443382026575229
2021-04,10,TVW3,0.75,0.3499999999999999
2021-04,10,TVW3,0.9,0.14999999999999994
2021-04,11,TVW1,0.25,0.20000000000000007
2021-04,11,TVW1,0.5,0.4
2021-04,11,TVW1,0.75,0.4
2021-04,11,TVW2,0.3333333333333333,0.2
2021-04,11,TVW2,0.5,0.4000000000000001
2021-04,11,TVW2,0.6666666666666666,0.4
2021-04,11,TVW3,0.1,5.7872390385656044e-18
2021-04,11,TVW3,0.25,0.15
2021-04,11,TVW3,0.5,0.35
2021-04,11,TVW3,0.75,0.35
2021-04,11,TVW3,0.9,0.15
2021-04,12,TVW1,0.25,0.2
2021-04,12,TVW1,0.5,0.4000000000000001
2021-04,12,TVW1,0.75,0.39999999999999997
2021-04,12,TVW2,0.3333333333333333,0.20000000000000004
2021-04,12,TVW2,0.5,0.4
2021-04,12,TVW2,0.6666666666666666,0.39999999999999997
2021-04,12,TVW3,0.1,3.036521732267325e-18
2021-04,12,TVW3,0.25,0.15
2021-04,12,TVW3,0.5,0.35000000000000003
2021-04,12,TVW3,0.75,0.35
2021-04,12,TVW3,0.9,0.15
2021-04,13,TVW1,0.25,0.2
2021-04,13,TVW1,0.5,0.4
2021-04,13,TVW1,0.75,0.4
2021-04,13,TVW2,0.3333333333333333,0.2
2021-04,13,TVW2,0.5,0.4000000000000001
2021-04,13,TVW2,0.6666666666666666,0.4
2021-04,13,TVW3,0.1,0.0
2021-04,13,TVW3,0.25,0.15000000000000002
2021-04,13,TVW3,0.5,0.35
2021-04,13,TVW3,0.75,0.35000000000000003
2021-04,13,TVW3,0.9,0.15000000000000002
2021-05,1,TVW1,0.25,0.2
2021-05,1,TVW1,0.5,0.4
2021-05,1,TVW1,0.75,0.4
2021-05,1,TVW2,0.3333333333333333,0.2
2021-05,1,TVW2,0.5,0.39999999999999997
2021-05,1,TVW2,0.6666666666666666,0.4
2021-05,1,TVW3,0.1,0.0500000000000001
2021-05,1,TVW3,0.25,0.15000000000000002
2021-05,1,TVW3,0.5,0.30000000000000004
2021-05,1,TVW3,0.75,0.3499999999999999
2021-05,1,TVW3,0.9,0.15
2021-05,2,TVW1,0.25,0.2
2021-05,2,TVW1,0.5,0.4
2021-05,2,TVW1,0.75,0.4
2021-05,2,TVW2,0.3333333333333333,0.2000000000000002
2021-05,2,TVW2,0.5,0.3999999999999995
2021-05,2,TVW2,0.6666666666666666,0.4000000000000003
2021-05,2,TVW3,0.1,3.4745952375969414e-18
2021-05,2,TVW3,0.25,0.15000000000000002
2021-05,2,TVW3,0.5,0.3841073146444629
2021-05,2,TVW3,0.75,0.3499999999999999
2021-05,2,TVW3,0.9,0.11589268535553718
2021-05,3,TVW1,0.25,0.2
2021-05,3,TVW1,0.5,0.4
2021-05,3,TVW1,0.75,0.4
2021-05,3,TVW2,0.3333333333333333,0.2
2021-05,3,TVW2,0.5,0.4
2021-05,3,TVW2,0.6666666666666666,0.4
2021-05,3,TVW3,0.1,4.2956673063606907e-17
2021-05,3,TVW3,0.25,0.21699785435840518
2021-05,3,TVW3,0.5,0.3000000000000003
2021-05,3,TVW3,0.75,0.3330021456415945
2021-05,3,TVW3,0.9,0.15
2021-05,4,TVW1,0.25,0.20000000000000004
2021-05,4,TVW1,0.5,0.4
2021-05,4,TVW1,0.75,0.4
2021-05,4,TVW2,0.3333333333333333,0.19999999999999996
2021-05,4,TVW2,0.5,0.4000000000000001
2021-05,4,TVW2,0.6666666666666666,0.39999999999999986
2021-05,4,TVW3,0.1,0.05000000000000013
2021-05,4,TVW3,0.25,0.15
2021-05,4,TVW3,0.5,0.3
2021-05,4,TVW3,0.75,0.35
2021-05,4,TVW3,0.9,0.15
2021-05,5,TVW1,0.25,0.20000000000000004
2021-05,5,TVW1,0.5,0.4000000000000001
2021-05,5,TVW1,0.75,0.39999999999999997
2021-05,5,TVW2,0.3333333333333333,0.20000000000000004
2021-05,5,TVW2,0.5,0.39999999999999997
2021-05,5,TVW2,0.6666666666666666,0.4
2021-05,5,TVW3,0.1,0.0
2021-05,5,TVW3,0.25,0.15000000000000005
2021-05,5,TVW3,0.5,0.47507683001653317
2021-05,5,TVW3,0.75,0.35000000000000003
2021-05,5,TVW3,0.9,0.02492316998346682
2021-05,6,TVW1,0.25,0.20000000000000004
2021-05,6,TVW1,0.5,0.4
2021-05,6,TVW1,0.75,0.4
2021-05,6,TVW2,0.3333333333333333,0.2
2021-05,6,TVW2,0.5,0.4
2021-05,6,TVW2,0.6666666666666666,0.39999999999999997
2021-05,6,TVW3,0.1,0.0
2021-05,6,TVW3,0.25,0.22168452805610653
2021-05,6,TVW3,0.5,0.3
2021-05,6,TVW3,0.75,0.3283154719438935
2021-05,6,TVW3,0.9,0.14999999999999997
2021-05,7,TVW1,0.25,0.2
2021-05,7,TVW1,0.5,0.4
2021-05,7,TVW1,0.75,0.4
2021-05,7,TVW2,0.3333333333333333,0.2
2021-05,7,TVW2,0.5,0.4000000000000001
2021-05,7,TVW2,0.6666666666666666,0.4
2021-05,7,TVW3,0.1,0.0
2021-05,7,TVW3,0.25,0.15
2021-05,7,TVW3,0.5,0.35
2021-05,7,TVW3,0.75,0.35
2021-05,7,TVW3,0.9,0.15
2021-05,8,TVW1,0.25,0.20000000000000007
2021-05,8,TVW1,0.5,0.4
2021-05,8,TVW1,0.75,0.39999999999999997
2021-05,8,TVW2,0.3333333333333333,0.19999999999999996
2021-05,8,TVW2,0.5,0.4000000000000001
2021-05,8,TVW2,0.6666666666666666,0.3999999999999999
2021-05,8,TVW3,0.1,2.6248368090414106e-17
2021-05,8,TVW3,0.25,0.15000000000000005
2021-05,8,TVW3,0.5,0.39814576385060046
2021-05,8,TVW3,0.75,0.34999999999999987
2021-05,8,TVW3,0.9,0.1018542361493996
2021-05,9,TVW1,0.25,0.2
2021-05,9,TVW1,0.5,0.4
2021-05,9,TVW1,0.75,0.4
2021-05,9,TVW2,0.3333333333333333,0.2
2021-05,9,TVW2,0.5,0.39999999999999997
2021-05,9,TVW2,0.6666666666666666,0.4
2021-05,9,TVW3,0.1,0.0
2021-05,9,TVW3,0.25,0.15000000000000002
2021-05,9,TVW3,0.5,0.43710197725752836
2021-05,9,TVW3,0.75,0.35000000000000003
2021-05,9,TVW3,0.9,0.06289802274247162
2021-05,10,TVW1,0.25,0.20000000000000004
2021-05,10,TVW1,0.5,0.40000000000000013
2021-05,10,TVW1,0.75,0.3999999999999999
2021-05,10,TVW2,0.3333333333333333,0.20000000000000004
2021-05,10,TVW2,0.5,0.4
2021-05,10,TVW2,0.6666666666666666,0.4
2021-05,10,TVW3,0.1,0.030994012829712786
2021-05,10,TVW3,0.25,0.15
2021-05,10,TVW3,0.5,0.3190059871702873
2021-05,10,TVW3,0.75,0.35
2021-05,10,TVW3,0.9,0.15
2021-05,11,TVW1,0.25,0.2
2021-05,11,TVW1,0.5,0.4
2021-05,11,TVW1,0.75,0.4
2021-05,11,TVW2,0.3333333333333333,0.2
2021-05,11,TVW2,0.5,0.40000000000000013
2021-05,11,TVW2,0.6666666666666666,0.4
2021-05,11,TVW3,0.1,2.405771333293709e-17
2021-05,11,TVW3,0.25,0.15
2021-05,11,TVW3,0.5,0.3612227016060519
2021-05,11,TVW3,0.75,0.3499999999999999
2021-05,11,TVW3,0.9,0.13877729839394815
2021-05,12,TVW1,0.25,0.2
2021-05,12,TVW1,0.5,0.4
2021-05,12,TVW1,0.75,0.4
2021-05,12,TVW2,0.3333333333333333,0.2
2021-05,12,TVW2,0.5,0.4000000000000001
2021-05,12,TVW2,0.6666666666666666,0.39999999999999997
2021-05,12,TVW3,0.1,1.8029046776591903e-18
2021-05,12,TVW3,0.25,0.15
2021-05,12,TVW3,0.5,0.3820363804391559
2021-05,12,TVW3,0.75,0.35
2021-05,12,TVW3,0.9,0.11796361956084414
2021-05,13,TVW1,0.25,0.2
2021-05,13,TVW1,0.5,0.4
2021-05,13,TVW1,0.75,0.4
2021-05,13,TVW2,0.3333333333333333,0.2
2021-05,13,TVW2,0.5,0.4000000000000001
2021-05,13,TVW2,0.6666666666666666,0.4
2021-05,13,TVW3,0.1,0.0
2021-05,13,TVW3,0.25,0.15
2021-05,13,TVW3,0.5,0.35000000000000003
2021-05,13,TVW3,0.75,0.35
2021-05,13,TVW3,0.9,0.15
2021-06,1,TVW1,0.25,0.20000000000000004
2021-06,1,TVW1,0.5,0.4
2021-06,1,TVW1,0.75,0.39999999999999997
2021-06,1,TVW2,0.3333333333333333,0.2
2021-06,1,TVW2,0.5,0.40000000000000013
2021-06,1,TVW2,0.6666666666666666,0.4
2021-06,1,TVW3,0.1,3.07041061943989e-18
2021-06,1,TVW3,0.25,0.15000000000000002
2021-06,1,TVW3,0.5,0.4333346716070735
2021-06,1,TVW3,0.75,0.35000000000000003
2021-06,1,TVW3,0.9,0.06666532839292649
2021-06,2,TVW1,0.25,0.2
2021-06,2,TVW1,0.5,0.4
2021-06,2,TVW1,0.75,0.4
2021-06,2,TVW2,0.3333333333333333,0.2
2021-06,2,TVW2,0.5,0.4
2021-06,2,TVW2,0.6666666666666666,0.4
2021-06,2,TVW3,0.1,0.03471802823911971
2021-06,2,TVW3,0.25,0.15000000000000002
2021-06,2,TVW3,0.5,0.3152819717608803
2021-06,2,TVW3,0.75,0.35
2021-06,2,TVW3,0.9,0.15
2021-06,3,TVW1,0.25,0.2
2021-06,3,TVW1,0.5,0.4
2021-06,3,TVW1,0.75,0.4
2021-06,3,TVW2,0.3333333333333333,0.2
2021-06,3,TVW2,0.5,0.4000000000000001
2021-06,3,TVW2,0.6666666666666666,0.4
2021-06,3,TVW3,0.1,0.041283306551504924
2021-06,3,TVW3,0.25,0.15871669344849515
2021-06,3,TVW3,0.5,0.3
2021-06,3,TVW3,0.75,0.35
2021-06,3,TVW3,0.9,0.15
2021-06,4,TVW1,0.25,0.20000000000000004
2021-06,4,TVW1,0.5,0.4
2021-06,4,TVW1,0.75,0.39999999999999997
2021-06,4,TVW2,0.3333333333333333,0.2
2021-06,4,TVW2,0.5,0.4000000000000001
2021-06,4,TVW2,0.6666666666666666,0.4
2021-06,4,TVW3,0.1,0.05000000000000026
2021-06,4,TVW3,0.25,0.14999999999999997
2021-06,4,TVW3,0.5,0.29999999999999993
2021-06,4,TVW3,0.75,0.3499999999999999
2021-06,4,TVW3,0.9,0.14999999999999997
2021-06,5,TVW1,0.25,0.2
2021-06,5,TVW1,0.5,0.4
2021-06,5,TVW1,0.75,0.4
2021-06,5,TVW2,0.3333333333333333,0.19999999999999993
2021-06,5,TVW2,0.5,0.4000000000000003
2021-06,5,TVW2,0.6666666666666666,0.39999999999999986
2021-06,5,TVW3,0.1,0.0
2021-06,5,TVW3,0.25,0.15
2021-06,5,TVW3,0.5,0.5
2021-06,5,TVW3,0.75,0.35
2021-06,5,TVW3,0.9,2.52100836597382e-17
2021-06,6,TVW1,0.25,0.2
2021-06,6,TVW1,0.5,0.4
2021-06,6,TVW1,0.75,0.4
2021-06,6,TVW2,0.3333333333333333,0.20000000000000007
2021-06,6,TVW2,0.5,0.4
2021-06,6,TVW2,0.6666666666666666,0.39999999999999997
2021-06,6,TVW3,0.1,0.09597020308995433
2021-06,6,TVW3,0.25,0.15000000000000002
2021-06,6,TVW3,0.5,0.3
2021-06,6,TVW3,0.75,0.3040297969100458
2021-06,6,TVW3,0.9,0.15
2021-06,7,TVW1,0.25,0.2
2021-06,7,TVW1,0.5,0.4
2021-06,7,TVW1,0.75,0.4
2021-06,7,TVW2,0.3333333333333333,0.2
2021-06,7,TVW2,0.5,0.4000000000000001
2021-06,7,TVW2,0.6666666666666666,0.4
2021-06,7,TVW3,0.1,0.0
2021-06,7,TVW3,0.25,0.15
2021-06,7,TVW3,0.5,0.35000000000000003
2021-06,7,TVW3,0.75,0.35
2021-06,7,TVW3,0.9,0.15
2021-06,8,TVW1,0.25,0.2
2021-06,8,TVW1,0.5,0.4
2021-06,8,TVW1,0.75,0.4
2021-06,8,TVW2,0.3333333333333333,0.2
2021-06,8,TVW2,0.5,0.40000000000000013
2021-06,8,TVW2,0.6666666666666666,0.4
2021-06,8,TVW3,0.1,1.3653378874268096e-17
2021-06,8,TVW3,0.25,0.15000000000000002
2021-06,8,TVW3,0.5,0.40707083551404727
2021-06,8,TVW3,0.75,0.34999999999999987
2021-06,8,TVW3,0.9,0.0929291644859529
2021-06,9,TVW1,0.25,0.2
2021-06,9,TVW1,0.5,0.4
2021-06,9,TVW1,0.75,0.4
2021-06,9,TVW2,0.3333333333333333,0.2000000000000001
2021-06,9,TVW2,0.5,0.4
2021-06,9,TVW2,0.6666666666666666,0.39999999999999997
2021-06,9,TVW3,0.1,4.195204913632946e-17
2021-06,9,TVW3,0.25,0.14999999999999997
2021-06,9,TVW3,0.5,0.41573482729122196
2021-06,9,TVW3,0.75,0.3499999999999998
2021-06,9,TVW3,0.9,0.08426517270877812
2021-06,10,TVW1,0.25,0.20000000000000004
2021-06,10,TVW1,0.5,0.4000000000000001
2021-06,10,TVW1,0.75,0.39999999999999997
2021-06,10,TVW2,0.3333333333333333,0.20000000000000007
2021-06,10,TVW2,0.5,0.40000000000000013
2021-06,10,TVW2,0.6666666666666666,0.3999999999999999
2021-06,10,TVW3,0.1,0.0
2021-06,10,TVW3,0.25,0.22817949686775837
2021-06,10,TVW3,0.5,0.29999999999999993
2021-06,10,TVW3,0.75,0.32182050313224175
2021-06,10,TVW3,0.9,0.14999999999999997
2021-06,11,TVW1,0.25,0.2
2021-06,11,TVW1,0.5,0.4
2021-06,11,TVW1,0.75,0.4
2021-06,11,TVW2,0.3333333333333333,0.20000000000000004
2021-06,11,TVW2,0.5,0.39999999999999997
2021-06,11,TVW2,0.6666666666666666,0.4000000000000001
2021-06,11,TVW3,0.1,1.155334685785698e-18
2021-06,11,TVW3,0.25,0.15000000000000002
2021-06,11,TVW3,0.5,0.3621233186140546
2021-06,11,TVW3,0.75,0.35
2021-06,11,TVW3,0.9,0.13787668138594542
2021-06,12,TVW1,0.25,0.20000000000000004
2021-06,12,TVW1,0.5,0.4
2021-06,12,TVW1,0.75,0.4
2021-06,12,TVW2,0.3333333333333333,0.2
2021-06,12,TVW2,0.5,0.4
2021-06,12,TVW2,0.6666666666666666,0.4
2021-06,12,TVW3,0.1,2.0118800966570934e-19
2021-06,12,TVW3,0.25,0.15125008869904902
2021-06,12,TVW3,0.5,0.4378884505711491
2021-06,12,TVW3,0.75,0.26086146072980193
2021-06,12,TVW3,0.9,0.15
2021-06,13,TVW1,0.25,0.2
2021-06,13,TVW1,0.5,0.4
2021-06,13,TVW1,0.75,0.4
2021-06,13,TVW2,0.3333333333333333,0.2
2021-06,13,TVW2,0.5,0.4000000000000001
2021-06,13,TVW2,0.6666666666666666,0.4
2021-06,13,TVW3,0.1,1.5449024863701793e-17
2021-06,13,TVW3,0.25,0.15000000000000002
2021-06,13,TVW3,0.5,0.35
2021-06,13,TVW3,0.75,0.35000000000000003
2021-06,13,TVW3,0.9,0.15000000000000002
2021-07,1,TVW1,0.25,0.2
2021-07,1,TVW1,0.5,0.4
2021-07,1,TVW1,0.75,0.4
2021-07,1,TVW2,0.3333333333333333,0.2
2021-07,1,TVW2,0.5,0.4
2021-07,1,TVW2,0.6666666666666666,0.4
2021-07,1,TVW3,0.1,1.1319659130871463e-17
2021-07,1,TVW3,0.25,0.15
2021-07,1,TVW3,0.5,0.3500000000000001
2021-07,1,TVW3,0.75,0.35
2021-07,1,TVW3,0.9,0.15
2021-07,2,TVW1,0.25,0.2
2021-07,2,TVW1,0.5,0.4
2021-07,2,TVW1,0.75,0.4
2021-07,2,TVW2,0.3333333333333333,0.2000000000000001
2021-07,2,TVW2,0.5,0.39999999999999986
2021-07,2,TVW2,0.6666666666666666,0.4000000000000001
2021-07,2,TVW3,0.1,7.896172895567087e-18
2021-07,2,TVW3,0.25,0.15
2021-07,2,TVW3,0.5,0.3500000000000001
2021-07,2,TVW3,0.75,0.35
2021-07,2,TVW3,0.9,0.15
2021-07,3,TVW1,0.25,0.2000000000000001
2021-07,3,TVW1,0.5,0.4
2021-07,3,TVW1,0.75,0.4
2021-07,3,TVW2,0.3333333333333333,0.20000000000000007
2021-07,3,TVW2,0.5,0.4
2021-07,3,TVW2,0.6666666666666666,0.4
2021-07,3,TVW3,0.1,0.0
2021-07,3,TVW3,0.25,0.15
2021-07,3,TVW3,0.5,0.35
2021-07,3,TVW3,0.75,0.35
2021-07,3,TVW3,0.9,0.15
2021-07,4,TVW1,0.25,0.2
2021-07,4,TVW1,0.5,0.40000000000000013
2021-07,4,TVW1,0.75,0.3999999999999999
2021-07,4,TVW2,0.3333333333333333,0.2000000000000001
2021-07,4,TVW2,0.5,0.39999999999999986
2021-07,4,TVW2,0.6666666666666666,0.4000000000000001
2021-07,4,TVW3,0.1,0.0
2021-07,4,TVW3,0.25,0.15000000000000002
2021-07,4,TVW3,0.5,0.3500000000000001
2021-07,4,TVW3,0.75,0.3499999999999999
2021-07,4,TVW3,0.9,0.15
2021-07,5,TVW1,0.25,0.2
2021-07,5,TVW1,0.5,0.4
2021-07,5,TVW1,0.75,0.4
2021-07,5,TVW2,0.3333333333333333,0.2
2021-07,5,TVW2,0.5,0.4
2021-07,5,TVW2,0.6666666666666666,0.4
2021-07,5,TVW3,0.1,4.229590492475105e-17
2021-07,5,TVW3,0.25,0.15000000000000002
2021-07,5,TVW3,0.5,0.3838577096350027
2021-07,5,TVW3,0.75,0.35
2021-07,5,TVW3,0.9,0.1161422903649973
2021-07,6,TVW1,0.25,0.2
2021-07,6,TVW1,0.5,0.4000000000000002
2021-07,6,TVW1,0.75,0.3999999999999999
2021-07,6,TVW2,0.3333333333333333,0.2000000000000001
2021-07,6,TVW2,0.5,0.4
2021-07,6,TVW2,0.6666666666666666,0.4
2021-07,6,TVW3,0.1,0.0
2021-07,6,TVW3,0.25,0.15
2021-07,6,TVW3,0.5,0.35
2021-07,6,TVW3,0.75,0.35
2021-07,6,TVW3,0.9,0.15
2021-07,7,TVW1,0.25,0.20000000000000004
2021-07,7,TVW1,0.5,0.4
2021-07,7,TVW1,0.75,0.4
2021-07,7,TVW2,0.3333333333333333,0.20000000000000007
2021-07,7,TVW2,0.5,0.4000000000000001
2021-07,7,TVW2,0.6666666666666666,0.4
2021-07,7,TVW3,0.1,1.0184339655409531e-17
2021-07,7,TVW3,0.25,0.15
2021-07,7,TVW3,0.5,0.3500000000000001
2021-07,7,TVW3,0.75,0.3499999999999999
2021-07,7,TVW3,0.9,0.15
2021-07,8,TVW1,0.25,0.2
2021-07,8,TVW1,0.5,0.4000000000000001
2021-07,8,TVW1,0.75,0.39999999999999997
2021-07,8,TVW2,0.3333333333333333,0.20000000000000007
2021-07,8,TVW2,0.5,0.39999999999999986
2021-07,8,TVW2,0.6666666666666666,0.4000000000000001
2021-07,8,TVW3,0.1,5.2819155106704893e-17
2021-07,8,TVW3,0.25,0.15000000000000005
2021-07,8,TVW3,0.5,0.35000000000000003
2021-07,8,TVW3,0.75,0.35
2021-07,8,TVW3,0.9,0.15
2021-07,9,TVW1,0.25,0.2
2021-07,9,TVW1,0.5,0.4
2021-07,9,TVW1,0.75,0.39999999999999997
2021-07,9,TVW2,0.3333333333333333,0.20000000000000007
2021-07,9,TVW2,0.5,0.4
2021-07,9,TVW2,0.6666666666666666,0.39999999999999986
2021-07,9,TVW3,0.1,1.3877787807814457e-17
2021-07,9,TVW3,0.25,0.15000000000000002
2021-07,9,TVW3,0.5,0.35
2021-07,9,TVW3,0.75,0.35
2021-07,9,TVW3,0.9,0.14999999999999997
2021-07,10,TVW1,0.25,0.2
2021-07,10,TVW1,0.5,0.4
2021-07,10,TVW1,0.75,0.4
2021-07,10,TVW2,0.3333333333333333,0.2
2021-07,10,TVW2,0.5,0.4000000000000001
2021-07,10,TVW2,0.6666666666666666,0.4
2021-07,10,TVW3,0.1,3.131272398706006e-17
2021-07,10,TVW3,0.25,0.15000000000000002
2021-07,10,TVW3,0.5,0.35
2021-07,10,TVW3,0.75,0.35000000000000003
2021-07,10,TVW3,0.9,0.15000000000000002
2021-07,11,TVW1,0.25,0.2
2021-07,11,TVW1,0.5,0.4
2021-07,11,TVW1,0.75,0.4
2021-07,11,TVW2,0.3333333333333333,0.20000000000000004
2021-07,11,TVW2,0.5,0.4000000000000001
2021-07,11,TVW2,0.6666666666666666,0.4
2021-07,11,TVW3,0.1,2.8827762708381935e-17
2021-07,11,TVW3,0.25,0.15000000000000002
2021-07,11,TVW3,0.5,0.35
2021-07,11,TVW3,0.75,0.35
2021-07,11,TVW3,0.9,0.14999999999999997
2021-07,12,TVW1,0.25,0.20000000000000004
2021-07,12,TVW1,0.5,0.4
2021-07,12,TVW1,0.75,0.4
2021-07,12,TVW2,0.3333333333333333,0.20000000000000004
2021-07,12,TVW2,0.5,0.39999999999999986
2021-07,12,TVW2,0.6666666666666666,0.4000000000000001
2021-07,12,TVW3,0.1,2.1904529513803403e-19
2021-07,12,TVW3,0.25,0.15000000000000002
2021-07,12,TVW3,0.5,0.3500000000000001
2021-07,12,TVW3,0.75,0.35
2021-07,12,TVW3,0.9,0.15
2021-07,13,TVW1,0.25,0.2
2021-07,13,TVW1,0.5,0.4
2021-07,13,TVW1,0.75,0.39999999999999997
2021-07,13,TVW2,0.3333333333333333,0.2
2021-07,13,TVW2,0.5,0.39999999999999997
2021-07,13,TVW2,0.6666666666666666,0.4
2021-07,13,TVW3,0.1,1.8255460143462205e-17
2021-07,13,TVW3,0.25,0.15000000000000005
2021-07,13,TVW3,0.5,0.35
2021-07,13,TVW3,0.75,0.35
2021-07,13,TVW3,0.9,0.14999999999999997
2021-08,1,TVW1,0.25,0.2
2021-08,1,TVW1,0.5,0.4
2021-08,1,TVW1,0.75,0.4
2021-08,1,TVW2,0.3333333333333333,0.20000000000000004
2021-08,1,TVW2,0.5,0.4000000000000001
2021-08,1,TVW2,0.6666666666666666,0.4
2021-08,1,TVW3,0.1,1.8849419556409613e-17
2021-08,1,TVW3,0.25,0.15
2021-08,1,TVW3,0.5,0.3500000000000001
2021-08,1,TVW3,0.75,0.3499999999999999
2021-08,1,TVW3,0.9,0.14999999999999997
2021-08,2,TVW1,0.25,0.2
2021-08,2,TVW1,0.5,0.4
2021-08,2,TVW1,0.75,0.4
2021-08,2,TVW2,0.3333333333333333,0.2
2021-08,2,TVW2,0.5,0.4
2021-08,2,TVW2,0.6666666666666666,0.4
2021-08,2,TVW3,0.1,3.2909216681254844e-17
2021-08,2,TVW3,0.25,0.15000000000000002
2021-08,2,TVW3,0.5,0.35000000000000003
2021-08,2,TVW3,0.75,0.35
2021-08,2,TVW3,0.9,0.15000000000000002
2021-08,3,TVW1,0.25,0.20000000000000004
2021-08,3,TVW1,0.5,0.4
2021-08,3,TVW1,0.75,0.4
2021-08,3,TVW2,0.3333333333333333,0.20000000000000004
2021-08,3,TVW2,0.5,0.39999999999999997
2021-08,3,TVW2,0.6666666666666666,0.4000000000000001
2021-08,3,TVW3,0.1,0.0
2021-08,3,TVW3,0.25,0.15000000000000002
2021-08,3,TVW3,0.5,0.35
2021-08,3,TVW3,0.75,0.35000000000000003
2021-08,3,TVW3,0.9,0.15000000000000002
2021-08,4,TVW1,0.25,0.20000000000000007
2021-08,4,TVW1,0.5,0.4
2021-08,4,TVW1,0.75,0.4
2021-08,4,TVW2,0.3333333333333333,0.20000000000000015
2021-08,4,TVW2,0.5,0.4000000000000001
2021-08,4,TVW2,0.6666666666666666,0.3999999999999999
2021-08,4,TVW3,0.1,5.630934409993547e-17
2021-08,4,TVW3,0.25,0.15000000000000002
2021-08,4,TVW3,0.5,0.35000000000000014
2021-08,4,TVW3,0.75,0.3499999999999999
2021-08,4,TVW3,0.9,0.14999999999999997
2021-08,5,TVW1,0.25,0.2
2021-08,5,TVW1,0.5,0.4
2021-08,5,TVW1,0.75,0.4
2021-08,5,TVW2,0.3333333333333333,0.20000000000000004
2021-08,5,TVW2,0.5,0.4
2021-08,5,TVW2,0.6666666666666666,0.4
2021-08,5,TVW3,0.1,0.0
2021-08,5,TVW3,0.25,0.15000000000000002
2021-08,5,TVW3,0.5,0.35
2021-08,5,TVW3,0.75,0.35
2021-08,5,TVW3,0.9,0.15
2021-08,6,TVW1,0.25,0.2
2021-08,6,TVW1,0.5,0.4
2021-08,6,TVW1,0.75,0.4
2021-08,6,TVW2,0.3333333333333333,0.20000000000000012
2021-08,6,TVW2,0.5,0.3999999999999999
2021-08,6,TVW2,0.6666666666666666,0.39999999999999986
2021-08,6,TVW3,0.1,0.0
2021-08,6,TVW3,0.25,0.15
2021-08,6,TVW3,0.5,0.35000000000000003
2021-08,6,TVW3,0.75,0.35
2021-08,6,TVW3,0.9,0.15
2021-08,7,TVW1,0.25,0.2
2021-08,7,TVW1,0.5,0.4
2021-08,7,TVW1,0.75,0.4
2021-08,7,TVW2,0.3333333333333333,0.2
2021-08,7,TVW2,0.5,0.4
2021-08,7,TVW2,0.6666666666666666,0.4
2021-08,7,TVW3,0.1,5.4087339447661404e-17
2021-08,7,TVW3,0.25,0.15
2021-08,7,TVW3,0.5,0.3500000000000001
2021-08,7,TVW3,0.75,0.35
2021-08,7,TVW3,0.9,0.14999999999999997
2021-08,8,TVW1,0.25,0.2
2021-08,8,TVW1,0.5,0.40000000000000013
2021-08,8,TVW1,0.75,0.3999999999999999
2021-08,8,TVW2,0.3333333333333333,0.2
2021-08,8,TVW2,0.5,0.40000000000000013
2021-08,8,TVW2,0.6666666666666666,0.4
2021-08,8,TVW3,0.1,0.0
2021-08,8,TVW3,0.25,0.15000000000000002
2021-08,8,TVW3,0.5,0.3499999999999999
2021-08,8,TVW3,0.75,0.35000000000000003
2021-08,8,TVW3,0.9,0.15000000000000002
2021-08,9,TVW1,0.25,0.2
2021-08,9,TVW1,0.5,0.4
2021-08,9,TVW1,0.75,0.3999999999999999
2021-08,9,TVW2,0.3333333333333333,0.20000000000000007
2021-08,9,TVW2,0.5,0.3999999999999999
2021-08,9,TVW2,0.6666666666666666,0.4
2021-08,9,TVW3,0.1,1.3877787807814457e-17
2021-08,9,TVW3,0.25,0.15
2021-08,9,TVW3,0.5,0.35000000000000003
2021-08,9,TVW3,0.75,0.35
2021-08,9,TVW3,0.9,0.14999999999999997
2021-08,10,TVW1,0.25,0.19999999999999996
2021-08,10,TVW1,0.5,0.4000000000000001
2021-08,10,TVW1,0.75,0.39999999999999986
2021-08,10,TVW2,0.3333333333333333,0.2
2021-08,10,TVW2,0.5,0.40000000000000013
2021-08,10,TVW2,0.6666666666666666,0.39999999999999997
2021-08,10,TVW3,0.1,2.7755575615628914e-17
2021-08,10,TVW3,0.25,0.15000000000000002
2021-08,10,TVW3,0.5,0.3499999999999999
2021-08,10,TVW3,0.75,0.35
2021-08,10,TVW3,0.9,0.15
2021-08,11,TVW1,0.25,0.20000000000000007
2021-08,11,TVW1,0.5,0.4
2021-08,11,TVW1,0.75,0.4
2021-08,11,TVW2,0.3333333333333333,0.2
2021-08,11,TVW2,0.5,0.4000000000000001
2021-08,11,TVW2,0.6666666666666666,0.4
2021-08,11,TVW3,0.1,4.762162989965459e-17
2021-08,11,TVW3,0.25,0.15
2021-08,11,TVW3,0.5,0.3499999999999999
2021-08,11,TVW3,0.75,0.35
2021-08,11,TVW3,0.9,0.15
2021-08,12,TVW1,0.25,0.2000000000000001
2021-08,12,TVW1,0.5,0.3999999999999999
2021-08,12,TVW1,0.75,0.3999999999999999
2021-08,12,TVW2,0.3333333333333333,0.20000000000000007
2021-08,12,TVW2,0.5,0.3999999999999999
2021-08,12,TVW2,0.6666666666666666,0.39999999999999997
2021-08,12,TVW3,0.1,0.0
2021-08,12,TVW3,0.25,0.15000000000000002
2021-08,12,TVW3,0.5,0.35
2021-08,12,TVW3,0.75,0.35000000000000003
2021-08,12,TVW3,0.9,0.15000000000000002
2021-08,13,TVW1,0.25,0.2
2021-08,13,TVW1,0.5,0.40000000000000013
2021-08,13,TVW1,0.75,0.4
2021-08,13,TVW2,0.3333333333333333,0.20000000000000004
2021-08,13,TVW2,0.5,0.39999999999999986
2021-08,13,TVW2,0.6666666666666666,0.4000000000000001
2021-08,13,TVW3,0.1,0.0
2021-08,13,TVW3,0.25,0.15
2021-08,13,TVW3,0.5,0.35000000000000003
2021-08,13,TVW3,0.75,0.35
2021-08,13,TVW3,0.9,0.15
2021-09,1,TVW1,0.25,0.20000000000000004
2021-09,1,TVW1,0.5,0.4
2021-09,1,TVW1,0.75,0.4
2021-09,1,TVW2,0.3333333333333333,0.20000000000000007
2021-09,1,TVW2,0.5,0.3999999999999999
2021-09,1,TVW2,0.6666666666666666,0.4000000000000001
2021-09,1,TVW3,0.1,0.0
2021-09,1,TVW3,0.25,0.15
2021-09,1,TVW3,0.5,0.35000000000000014
2021-09,1,TVW3,0.75,0.35
2021-09,1,TVW3,0.9,0.15
2021-09,2,TVW1,0.25,0.2
2021-09,2,TVW1,0.5,0.4
2021-09,2,TVW1,0.75,0.4
2021-09,2,TVW2,0.3333333333333333,0.20000000000000012
2021-09,2,TVW2,0.5,0.39999999999999997
2021-09,2,TVW2,0.6666666666666666,0.4
2021-09,2,TVW3,0.1,3.7602204293049676e-18
2021-09,2,TVW3,0.25,0.15
2021-09,2,TVW3,0.5,0.35
2021-09,2,TVW3,0.75,0.35
2021-09,2,TVW3,0.9,0.15
2021-09,3,TVW1,0.25,0.2
2021-09,3,TVW1,0.5,0.4
2021-09,3,TVW1,0.75,0.4
2021-09,3,TVW2,0.3333333333333333,0.20000000000000007
2021-09,3,TVW2,0.5,0.39999999999999986
2021-09,3,TVW2,0.6666666666666666,0.4000000000000001
2021-09,3,TVW3,0.1,0.0
2021-09,3,TVW3,0.25,0.15
2021-09,3,TVW3,0.5,0.35
2021-09,3,TVW3,0.75,0.35
2021-09,3,TVW3,0.9,0.15
2021-09,4,TVW1,0.25,0.2
2021-09,4,TVW1,0.5,0.4
2021-09,4,TVW1,0.75,0.4
2021-09,4,TVW2,0.3333333333333333,0.20000000000000004
2021-09,4,TVW2,0.5,0.39999999999999997
2021-09,4,TVW2,0.6666666666666666,0.4000000000000001
2021-09,4,TVW3,0.1,6.015419657387138e-17
2021-09,4,TVW3,0.25,0.1500000000000001
2021-09,4,TVW3,0.5,0.34999999999999987
2021-09,4,TVW3,0.75,0.35000000000000003
2021-09,4,TVW3,0.9,0.15000000000000002
2021-09,5,TVW1,0.25,0.2
2021-09,5,TVW1,0.5,0.4
2021-09,5,TVW1,0.75,0.4
2021-09,5,TVW2,0.3333333333333333,0.20000000000000015
2021-09,5,TVW2,0.5,0.39999999999999997
2021-09,5,TVW2,0.6666666666666666,0.4
2021-09,5,TVW3,0.1,1.3877787807814457e-17
2021-09,5,TVW3,0.25,0.15
2021-09,5,TVW3,0.5,0.35
2021-09,5,TVW3,0.75,0.35
2021-09,5,TVW3,0.9,0.14999999999999997
2021-09,6,TVW1,0.25,0.2000000000000001
2021-09,6,TVW1,0.5,0.40000000000000013
2021-09,6,TVW1,0.75,0.39999999999999974
2021-09,6,TVW2,0.3333333333333333,0.2
2021-09,6,TVW2,0.5,0.4000000000000001
2021-09,6,TVW2,0.6666666666666666,0.4
2021-09,6,TVW3,0.1,5.551115123125784e-17
2021-09,6,TVW3,0.25,0.15000000000000002
2021-09,6,TVW3,0.5,0.35000000000000003
2021-09,6,TVW3,0.75,0.35000000000000003
2021-09,6,TVW3,0.9,0.14999999999999994
2021-09,7,TVW1,0.25,0.2
2021-09,7,TVW1,0.5,0.4
2021-09,7,TVW1,0.75,0.4
2021-09,7,TVW2,0.3333333333333333,0.2
2021-09,7,TVW2,0.5,0.4
2021-09,7,TVW2,0.6666666666666666,0.4
2021-09,7,TVW3,0.1,7.958598254420903e-17
2021-09,7,TVW3,0.25,0.15
2021-09,7,TVW3,0.5,0.35
2021-09,7,TVW3,0.75,0.35
2021-09,7,TVW3,0.9,0.15
2021-09,8,TVW1,0.25,0.20000000000000012
2021-09,8,TVW1,0.5,0.3999999999999999
2021-09,8,TVW1,0.75,0.3999999999999999
2021-09,8,TVW2,0.3333333333333333,0.2
2021-09,8,TVW2,0.5,0.4000000000000001
2021-09,8,TVW2,0.6666666666666666,0.4
2021-09,8,TVW3,0.1,0.0
2021-09,8,TVW3,0.25,0.15000000000000005
2021-09,8,TVW3,0.5,0.3500000000000001
2021-09,8,TVW3,0.75,0.3499999999999999
2021-09,8,TVW3,0.9,0.14999999999999994
2021-09,9,TVW1,0.25,0.2
2021-09,9,TVW1,0.5,0.4
2021-09,9,TVW1,0.75,0.39999999999999997
2021-09,9,TVW2,0.3333333333333333,0.2
2021-09,9,TVW2,0.5,0.40000000000000013
2021-09,9,TVW2,0.6666666666666666,0.39999999999999997
2021-09,9,TVW3,0.1,2.775557561562892e-17
2021-09,9,TVW3,0.25,0.15000000000000002
2021-09,9,TVW3,0.5,0.3500000000000001
2021-09,9,TVW3,0.75,0.35
2021-09,9,TVW3,0.9,0.15000000000000002
2021-09,10,TVW1,0.25,0.2
2021-09,10,TVW1,0.5,0.4
2021-09,10,TVW1,0.75,0.4
2021-09,10,TVW2,0.3333333333333333,0.2
2021-09,10,TVW2,0.5,0.4
2021-09,10,TVW2,0.6666666666666666,0.4
2021-09,10,TVW3,0.1,0.0
2021-09,10,TVW3,0.25,0.15
2021-09,10,TVW3,0.5,0.35000000000000003
2021-09,10,TVW3,0.75,0.35
2021-09,10,TVW3,0.9,0.15
2021-09,11,TVW1,0.25,0.2000000000000001
2021-09,11,TVW1,0.5,0.4
2021-09,11,TVW1,0.75,0.4
2021-09,11,TVW2,0.3333333333333333,0.2
2021-09,11,TVW2,0.5,0.40000000000000013
2021-09,11,TVW2,0.6666666666666666,0.4
2021-09,11,TVW3,0.1,1.3332751974256185e-17
2021-09,11,TVW3,0.25,0.15
2021-09,11,TVW3,0.5,0.35
2021-09,11,TVW3,0.75,0.35
2021-09,11,TVW3,0.9,0.15
2021-09,12,TVW1,0.25,0.20000000000000004
2021-09,12,TVW1,0.5,0.4
2021-09,12,TVW1,0.75,0.3999999999999999
2021-09,12,TVW2,0.3333333333333333,0.20000000000000004
2021-09,12,TVW2,0.5,0.39999999999999997
2021-09,12,TVW2,0.6666666666666666,0.4000000000000001
2021-09,12,TVW3,0.1,0.0
2021-09,12,TVW3,0.25,0.15000000000000002
2021-09,12,TVW3,0.5,0.3500000000000001
2021-09,12,TVW3,0.75,0.35
2021-09,12,TVW3,0.9,0.15
2021-09,13,TVW1,0.25,0.2000000000000003
2021-09,13,TVW1,0.5,0.4000000000000003
2021-09,13,TVW1,0.75,0.39999999999999947
2021-09,13,TVW2,0.3333333333333333,0.20000000000000007
2021-09,13,TVW2,0.5,0.4
2021-09,13,TVW2,0.6666666666666666,0.4
2021-09,13,TVW3,0.1,2.7755575615628914e-17
2021-09,13,TVW3,0.25,0.15
2021-09,13,TVW3,0.5,0.35000000000000003
2021-09,13,TVW3,0.75,0.35
2021-09,13,TVW3,0.9,0.14999999999999997
2021-10,1,TVW1,0.25,0.2
2021-10,1,TVW1,0.5,0.4000000000000001
2021-10,1,TVW1,0.75,0.4
2021-10,1,TVW2,0.3333333333333333,0.20000000000000004
2021-10,1,TVW2,0.5,0.3999999999999999
2021-10,1,TVW2,0.6666666666666666,0.4000000000000001
2021-10,1,TVW3,0.1,3.306217178878401e-17
2021-10,1,TVW3,0.25,0.15
2021-10,1,TVW3,0.5,0.35
2021-10,1,TVW3,0.75,0.35
2021-10,1,TVW3,0.9,0.15
2021-10,2,TVW1,0.25,0.2
2021-10,2,TVW1,0.5,0.4
2021-10,2,TVW1,0.75,0.4
2021-10,2,TVW2,0.3333333333333333,0.2
2021-10,2,TVW2,0.5,0.4000000000000001
2021-10,2,TVW2,0.6666666666666666,0.4
2021-10,2,TVW3,0.1,1.3877787807814457e-17
2021-10,2,TVW3,0.25,0.15000000000000008
2021-10,2,TVW3,0.5,0.3499999999999999
2021-10,2,TVW3,0.75,0.35
2021-10,2,TVW3,0.9,0.14999999999999997
2021-10,3,TVW1,0.25,0.2
2021-10,3,TVW1,0.5,0.4
2021-10,3,TVW1,0.75,0.4
2021-10,3,TVW2,0.3333333333333333,0.2
2021-10,3,TVW2,0.5,0.4000000000000001
2021-10,3,TVW2,0.6666666666666666,0.4
2021-10,3,TVW3,0.1,1.3877787807814457e-17
2021-10,3,TVW3,0.25,0.15
2021-10,3,TVW3,0.5,0.35
2021-10,3,TVW3,0.75,0.35
2021-10,3,TVW3,0.9,0.14999999999999997
2021-10,4,TVW1,0.25,0.2
2021-10,4,TVW1,0.5,0.4
2021-10,4,TVW1,0.75,0.4
2021-10,4,TVW2,0.3333333333333333,0.2
2021-10,4,TVW2,0.5,0.4000000000000001
2021-10,4,TVW2,0.6666666666666666,0.4
2021-10,4,TVW3,0.1,0.0
2021-10,4,TVW3,0.25,0.15
2021-10,4,TVW3,0.5,0.3500000000000001
2021-10,4,TVW3,0.75,0.35
2021-10,4,TVW3,0.9,0.14999999999999994
2021-10,5,TVW1,0.25,0.2
2021-10,5,TVW1,0.5,0.4
2021-10,5,TVW1,0.75,0.4
2021-10,5,TVW2,0.3333333333333333,0.2
2021-10,5,TVW2,0.5,0.4000000000000001
2021-10,5,TVW2,0.6666666666666666,0.4
2021-10,5,TVW3,0.1,1.249000902703301e-16
2021-10,5,TVW3,0.25,0.15
2021-10,5,TVW3,0.5,0.3499999999999999
2021-10,5,TVW3,0.75,0.35
2021-10,5,TVW3,0.9,0.14999999999999997
2021-10,6,TVW1,0.25,0.20000000000000007
2021-10,6,TVW1,0.5,0.4
2021-10,6,TVW1,0.75,0.3999999999999999
2021-10,6,TVW2,0.3333333333333333,0.2
2021-10,6,TVW2,0.5,0.4000000000000001
2021-10,6,TVW2,0.6666666666666666,0.4
2021-10,6,TVW3,0.1,5.551115123125783e-17
2021-10,6,TVW3,0.25,0.15
2021-10,6,TVW3,0.5,0.35000000000000003
2021-10,6,TVW3,0.75,0.35
2021-10,6,TVW3,0.9,0.1499999999999999
2021-10,7,TVW1,0.25,0.2
2021-10,7,TVW1,0.5,0.4
2021-10,7,TVW1,0.75,0.4
2021-10,7,TVW2,0.3333333333333333,0.2
2021-10,7,TVW2,0.5,0.39999999999999997
2021-10,7,TVW2,0.6666666666666666,0.4
2021-10,7,TVW3,0.1,0.0
2021-10,7,TVW3,0.25,0.15000000000000002
2021-10,7,TVW3,0.5,0.35000000000000003
2021-10,7,TVW3,0.75,0.35
2021-10,7,TVW3,0.9,0.15
2021-10,8,TVW1,0.25,0.2000000000000001
2021-10,8,TVW1,0.5,0.4
2021-10,8,TVW1,0.75,0.4
2021-10,8,TVW2,0.3333333333333333,0.20000000000000007
2021-10,8,TVW2,0.5,0.39999999999999997
2021-10,8,TVW2,0.6666666666666666,0.39999999999999986
2021-10,8,TVW3,0.1,0.0
2021-10,8,TVW3,0.25,0.15
2021-10,8,TVW3,0.5,0.35
2021-10,8,TVW3,0.75,0.35
2021-10,8,TVW3,0.9,0.15
2021-10,9,TVW1,0.25,0.2
2021-10,9,TVW1,0.5,0.4
2021-10,9,TVW1,0.75,0.4
2021-10,9,TVW2,0.3333333333333333,0.2000000000000002
2021-10,9,TVW2,0.5,0.39999999999999986
2021-10,9,TVW2,0.6666666666666666,0.4
2021-10,9,TVW3,0.1,6.938893903907228e-17
2021-10,9,TVW3,0.25,0.15
2021-10,9,TVW3,0.5,0.35
2021-10,9,TVW3,0.75,0.35
2021-10,9,TVW3,0.9,0.14999999999999997
2021-10,10,TVW1,0.25,0.2
2021-10,10,TVW1,0.5,0.4
2021-10,10,TVW1,0.75,0.3999999999999999
2021-10,10,TVW2,0.3333333333333333,0.20000000000000007
2021-10,10,TVW2,0.5,0.40000000000000013
2021-10,10,TVW2,0.6666666666666666,0.3999999999999999
2021-10,10,TVW3,0.1,0.0
2021-10,10,TVW3,0.25,0.15
2021-10,10,TVW3,0.5,0.35000000000000014
2021-10,10,TVW3,0.75,0.35
2021-10,10,TVW3,0.9,0.14999999999999988
2021-10,11,TVW1,0.25,0.2
2021-10,11,TVW1,0.5,0.4
2021-10,11,TVW1,0.75,0.4
2021-10,11,TVW2,0.3333333333333333,0.2
2021-10,11,TVW2,0.5,0.4000000000000001
2021-10,11,TVW2,0.6666666666666666,0.4
2021-10,11,TVW3,0.1,6.93889390390723e-17
2021-10,11,TVW3,0.25,0.15000000000000005
2021-10,11,TVW3,0.5,0.3499999999999999
2021-10,11,TVW3,0.75,0.35000000000000003
2021-10,11,TVW3,0.9,0.14999999999999997
2021-10,12,TVW1,0.25,0.20000000000000007
2021-10,12,TVW1,0.5,0.4
2021-10,12,TVW1,0.75,0.4
2021-10,12,TVW2,0.3333333333333333,0.2000000000000001
2021-10,12,TVW2,0.5,0.4000000000000001
2021-10,12,TVW2,0.6666666666666666,0.3999999999999999
2021-10,12,TVW3,0.1,1.3877787807814457e-17
2021-10,12,TVW3,0.25,0.15
2021-10,12,TVW3,0.5,0.35
2021-10,12,TVW3,0.75,0.35
2021-10,12,TVW3,0.9,0.14999999999999997
2021-10,13,TVW1,0.25,0.2
2021-10,13,TVW1,0.5,0.4
2021-10,13,TVW1,0.75,0.4
2021-10,13,TVW2,0.3333333333333333,0.2
2021-10,13,TVW2,0.5,0.4000000000000001
2021-10,13,TVW2,0.6666666666666666,0.4
2021-10,13,TVW3,0.1,0.0
2021-10,13,TVW3,0.25,0.15
2021-10,13,TVW3,0.5,0.35000000000000003
2021-10,13,TVW3,0.75,0.35
2021-10,13,TVW3,0.9,0.14999999999999997
2021-11,1,TVW1,0.25,0.2
2021-11,1,TVW1,0.5,0.4
2021-11,1,TVW1,0.75,0.4
2021-11,1,TVW2,0.3333333333333333,0.2
2021-11,1,TVW2,0.5,0.40000000000000013
2021-11,1,TVW2,0.6666666666666666,0.39999999999999997
2021-11,1,TVW3,0.1,0.0
2021-11,1,TVW3,0.25,0.15000000000000002
2021-11,1,TVW3,0.5,0.35
2021-11,1,TVW3,0.75,0.35000000000000003
2021-11,1,TVW3,0.9,0.15000000000000002
2021-11,2,TVW1,0.25,0.2
2021-11,2,TVW1,0.5,0.4
2021-11,2,TVW1,0.75,0.39999999999999997
2021-11,2,TVW2,0.3333333333333333,0.20000000000000004
2021-11,2,TVW2,0.5,0.4000000000000001
2021-11,2,TVW2,0.6666666666666666,0.39999999999999997
2021-11,2,TVW3,0.1,0.0
2021-11,2,TVW3,0.25,0.15000000000000005
2021-11,2,TVW3,0.5,0.35000000000000014
2021-11,2,TVW3,0.75,0.3499999999999999
2021-11,2,TVW3,0.9,0.14999999999999997
2021-11,3,TVW1,0.25,0.2000000000000002
2021-11,3,TVW1,0.5,0.4
2021-11,3,TVW1,0.75,0.39999999999999986
2021-11,3,TVW2,0.3333333333333333,0.20000000000000004
2021-11,3,TVW2,0.5,0.39999999999999997
2021-11,3,TVW2,0.6666666666666666,0.4000000000000001
2021-11,3,TVW3,0.1,2.7755575615628914e-17
2021-11,3,TVW3,0.25,0.15000000000000002
2021-11,3,TVW3,0.5,0.3499999999999999
2021-11,3,TVW3,0.75,0.35
2021-11,3,TVW3,0.9,0.15
2021-11,4,TVW1,0.25,0.2
2021-11,4,TVW1,0.5,0.40000000000000024
2021-11,4,TVW1,0.75,0.3999999999999998
2021-11,4,TVW2,0.3333333333333333,0.2
2021-11,4,TVW2,0.5,0.4
2021-11,4,TVW2,0.6666666666666666,0.4
2021-11,4,TVW3,0.1,6.938893903907228e-17
2021-11,4,TVW3,0.25,0.15
2021-11,4,TVW3,0.5,0.3499999999999999
2021-11,4,TVW3,0.75,0.35
2021-11,4,TVW3,0.9,0.14999999999999997
2021-11,5,TVW1,0.25,0.20000000000000012
2021-11,5,TVW1,0.5,0.4
2021-11,5,TVW1,0.75,0.3999999999999999
2021-11,5,TVW2,0.3333333333333333,0.2
2021-11,5,TVW2,0.5,0.4000000000000001
2021-11,5,TVW2,0.6666666666666666,0.4
2021-11,5,TVW3,0.1,4.163336342344337e-17
2021-11,5,TVW3,0.25,0.15000000000000005
2021-11,5,TVW3,0.5,0.3500000000000001
2021-11,5,TVW3,0.75,0.35
2021-11,5,TVW3,0.9,0.14999999999999986
2021-11,6,TVW1,0.25,0.2
2021-11,6,TVW1,0.5,0.4
2021-11,6,TVW1,0.75,0.4
2021-11,6,TVW2,0.3333333333333333,0.2
2021-11,6,TVW2,0.5,0.4000000000000001
2021-11,6,TVW2,0.6666666666666666,0.4
2021-11,6,TVW3,0.1,0.0
2021-11,6,TVW3,0.25,0.15
2021-11,6,TVW3,0.5,0.35
2021-11,6,TVW3,0.75,0.35
2021-11,6,TVW3,0.9,0.15
2021-11,7,TVW1,0.25,0.20000000000000007
2021-11,7,TVW1,0.5,0.4
2021-11,7,TVW1,0.75,0.4
2021-11,7,TVW2,0.3333333333333333,0.2
2021-11,7,TVW2,0.5,0.39999999999999997
2021-11,7,TVW2,0.6666666666666666,0.4
2021-11,7,TVW3,0.1,0.0
2021-11,7,TVW3,0.25,0.15
2021-11,7,TVW3,0.5,0.3500000000000001
2021-11,7,TVW3,0.75,0.35
2021-11,7,TVW3,0.9,0.14999999999999997
2021-11,8,TVW1,0.25,0.2
2021-11,8,TVW1,0.5,0.4
2021-11,8,TVW1,0.75,0.39999999999999997
2021-11,8,TVW2,0.3333333333333333,0.20000000000000004
2021-11,8,TVW2,0.5,0.4
2021-11,8,TVW2,0.6666666666666666,0.4
2021-11,8,TVW3,0.1,1.387778780781446e-16
2021-11,8,TVW3,0.25,0.15000000000000005
2021-11,8,TVW3,0.5,0.35000000000000003
2021-11,8,TVW3,0.75,0.35
2021-11,8,TVW3,0.9,0.14999999999999986
2021-11,9,TVW1,0.25,0.2
2021-11,9,TVW1,0.5,0.4
2021-11,9,TVW1,0.75,0.39999999999999997
2021-11,9,TVW2,0.3333333333333333,0.20000000000000007
2021-11,9,TVW2,0.5,0.39999999999999997
2021-11,9,TVW2,0.6666666666666666,0.4000000000000001
2021-11,9,TVW3,0.1,1.1102230246251565e-16
2021-11,9,TVW3,0.25,0.15
2021-11,9,TVW3,0.5,0.35
2021-11,9,TVW3,0.75,0.35
2021-11,9,TVW3,0.9,0.1499999999999999
2021-11,10,TVW1,0.25,0.2
2021-11,10,TVW1,0.5,0.4
2021-11,10,TVW1,0.75,0.4
2021-11,10,TVW2,0.3333333333333333,0.2
2021-11,10,TVW2,0.5,0.39999999999999997
2021-11,10,TVW2,0.6666666666666666,0.4
2021-11,10,TVW3,0.1,1.387778780781446e-17
2021-11,10,TVW3,0.25,0.15000000000000005
2021-11,10,TVW3,0.5,0.3499999999999999
2021-11,10,TVW3,0.75,0.35000000000000003
2021-11,10,TVW3,0.9,0.15000000000000002
2021-11,11,TVW1,0.25,0.20000000000000004
2021-11,11,TVW1,0.5,0.4
2021-11,11,TVW1,0.75,0.4
2021-11,11,TVW2,0.3333333333333333,0.2
2021-11,11,TVW2,0.5,0.4000000000000001
2021-11,11,TVW2,0.6666666666666666,0.4
2021-11,11,TVW3,0.1,0.0
2021-11,11,TVW3,0.25,0.15000000000000002
2021-11,11,TVW3,0.5,0.35
2021-11,11,TVW3,0.75,0.35
2021-11,11,TVW3,0.9,0.15
2021-11,12,TVW1,0.25,0.2
2021-11,12,TVW1,0.5,0.4
2021-11,12,TVW1,0.75,0.4
2021-11,12,TVW2,0.3333333333333333,0.20000000000000007
2021-11,12,TVW2,0.5,0.4
2021-11,12,TVW2,0.6666666666666666,0.4000000000000001
2021-11,12,TVW3,0.1,0.0
2021-11,12,TVW3,0.25,0.15
2021-11,12,TVW3,0.5,0.35000000000000003
2021-11,12,TVW3,0.75,0.35
2021-11,12,TVW3,0.9,0.15
2021-11,13,TVW1,0.25,0.2
2021-11,13,TVW1,0.5,0.4
2021-11,13,TVW1,0.75,0.4
2021-11,13,TVW2,0.3333333333333333,0.2
2021-11,13,TVW2,0.5,0.4000000000000001
2021-11,13,TVW2,0.6666666666666666,0.4
2021-11,13,TVW3,0.1,2.7755575615628914e-17
2021-11,13,TVW3,0.25,0.15
2021-11,13,TVW3,0.5,0.35
2021-11,13,TVW3,0.75,0.35
2021-11,13,TVW3,0.9,0.15
2021-12,1,TVW1,0.25,0.2
2021-12,1,TVW1,0.5,0.4000000000000002
2021-12,1,TVW1,0.75,0.3999999999999999
2021-12,1,TVW2,0.3333333333333333,0.20000000000000004
2021-12,1,TVW2,0.5,0.39999999999999986
2021-12,1,TVW2,0.6666666666666666,0.4000000000000001
2021-12,1,TVW3,0.1,1.876652333280109e-17
2021-12,1,TVW3,0.25,0.15000000000000002
2021-12,1,TVW3,0.5,0.3500000000000001
2021-12,1,TVW3,0.75,0.3499999999999999
2021-12,1,TVW3,0.9,0.15
2021-12,2,TVW1,0.25,0.20000000000000012
2021-12,2,TVW1,0.5,0.4000000000000001
2021-12,2,TVW1,0.75,0.39999999999999986
2021-12,2,TVW2,0.3333333333333333,0.2
2021-12,2,TVW2,0.5,0.4000000000000001
2021-12,2,TVW2,0.6666666666666666,0.4
2021-12,2,TVW3,0.1,0.0
2021-12,2,TVW3,0.25,0.15000000000000002
2021-12,2,TVW3,0.5,0.3500000000000001
2021-12,2,TVW3,0.75,0.35000000000000003
2021-12,2,TVW3,0.9,0.14999999999999994
2021-12,3,TVW1,0.25,0.2
2021-12,3,TVW1,0.5,0.40000000000000013
2021-12,3,TVW1,0.75,0.39999999999999986
2021-12,3,TVW2,0.3333333333333333,0.2
2021-12,3,TVW2,0.5,0.4000000000000001
2021-12,3,TVW2,0.6666666666666666,0.4
2021-12,3,TVW3,0.1,0.0
2021-12,3,TVW3,0.25,0.15
2021-12,3,TVW3,0.5,0.35
2021-12,3,TVW3,0.75,0.35
2021-12,3,TVW3,0.9,0.15
2021-12,4,TVW1,0.25,0.20000000000000004
2021-12,4,TVW1,0.5,0.4
2021-12,4,TVW1,0.75,0.3999999999999999
2021-12,4,TVW2,0.3333333333333333,0.2
2021-12,4,TVW2,0.5,0.39999999999999997
2021-12,4,TVW2,0.6666666666666666,0.4
2021-12,4,TVW3,0.1,1.387778780781446e-17
2021-12,4,TVW3,0.25,0.15000000000000005
2021-12,4,TVW3,0.5,0.35
2021-12,4,TVW3,0.75,0.35000000000000003
2021-12,4,TVW3,0.9,0.15
2021-12,5,TVW1,0.25,0.20000000000000015
2021-12,5,TVW1,0.5,0.4000000000000001
2021-12,5,TVW1,0.75,0.39999999999999986
2021-12,5,TVW2,0.3333333333333333,0.2
2021-12,5,TVW2,0.5,0.4000000000000001
2021-12,5,TVW2,0.6666666666666666,0.4
2021-12,5,TVW3,0.1,8.326672684688674e-17
2021-12,5,TVW3,0.25,0.15000000000000002
2021-12,5,TVW3,0.5,0.34999999999999987
2021-12,5,TVW3,0.75,0.35
2021-12,5,TVW3,0.9,0.15
2021-12,6,TVW1,0.25,0.2
2021-12,6,TVW1,0.5,0.4
2021-12,6,TVW1,0.75,0.39999999999999997
2021-12,6,TVW2,0.3333333333333333,0.2
2021-12,6,TVW2,0.5,0.4
2021-12,6,TVW2,0.6666666666666666,0.4
2021-12,6,TVW3,0.1,8.326672684688674e-17
2021-12,6,TVW3,0.25,0.15
2021-12,6,TVW3,0.5,0.35
2021-12,6,TVW3,0.75,0.35
2021-12,6,TVW3,0.9,0.15
2021-12,7,TVW1,0.25,0.20000000000000004
2021-12,7,TVW1,0.5,0.4
2021-12,7,TVW1,0.75,0.4
2021-12,7,TVW2,0.3333333333333333,0.2
2021-12,7,TVW2,0.5,0.39999999999999997
2021-12,7,TVW2,0.6666666666666666,0.4
2021-12,7,TVW3,0.1,0.0
2021-12,7,TVW3,0.25,0.14999999999999997
2021-12,7,TVW3,0.5,0.3500000000000002
2021-12,7,TVW3,0.75,0.3499999999999999
2021-12,7,TVW3,0.9,0.14999999999999997
2021-12,8,TVW1,0.25,0.2
2021-12,8,TVW1,0.5,0.4
2021-12,8,TVW1,0.75,0.4
2021-12,8,TVW2,0.3333333333333333,0.2000000000000001
2021-12,8,TVW2,0.5,0.39999999999999986
2021-12,8,TVW2,0.6666666666666666,0.4000000000000001
2021-12,8,TVW3,0.1,0.0
2021-12,8,TVW3,0.25,0.15
2021-12,8,TVW3,0.5,0.35
2021-12,8,TVW3,0.75,0.35
2021-12,8,TVW3,0.9,0.15
2021-12,9,TVW1,0.25,0.2
2021-12,9,TVW1,0.5,0.4
2021-12,9,TVW1,0.75,0.39999999999999997
2021-12,9,TVW2,0.3333333333333333,0.2000000000000001
2021-12,9,TVW2,0.5,0.4
2021-12,9,TVW2,0.6666666666666666,0.39999999999999997
2021-12,9,TVW3,0.1,5.551115123125783e-17
2021-12,9,TVW3,0.25,0.15000000000000002
2021-12,9,TVW3,0.5,0.35000000000000003
2021-12,9,TVW3,0.75,0.35
2021-12,9,TVW3,0.9,0.1499999999999999
2021-12,10,TVW1,0.25,0.2
2021-12,10,TVW1,0.5,0.4
2021-12,10,TVW1,0.75,0.4
2021-12,10,TVW2,0.3333333333333333,0.2
2021-12,10,TVW2,0.5,0.4000000000000002
2021-12,10,TVW2,0.6666666666666666,0.3999999999999999
2021-12,10,TVW3,0.1,6.93889390390723e-17
2021-12,10,TVW3,0.25,0.1500000000000001
2021-12,10,TVW3,0.5,0.3499999999999999
2021-12,10,TVW3,0.75,0.35000000000000003
2021-12,10,TVW3,0.9,0.14999999999999997
2021-12,11,TVW1,0.25,0.2
2021-12,11,TVW1,0.5,0.4
2021-12,11,TVW1,0.75,0.4
2021-12,11,TVW2,0.3333333333333333,0.2
2021-12,11,TVW2,0.5,0.4000000000000001
2021-12,11,TVW2,0.6666666666666666,0.4
2021-12,11,TVW3,0.1,0.0
2021-12,11,TVW3,0.25,0.15000000000000002
2021-12,11,TVW3,0.5,0.35
2021-12,11,TVW3,0.75,0.35
2021-12,11,TVW3,0.9,0.15
2021-12,12,TVW1,0.25,0.2
2021-12,12,TVW1,0.5,0.4
2021-12,12,TVW1,0.75,0.4
2021-12,12,TVW2,0.3333333333333333,0.20000000000000007
2021-12,12,TVW2,0.5,0.4
2021-12,12,TVW2,0.6666666666666666,0.4
2021-12,12,TVW3,0.1,6.938893903907228e-17
2021-12,12,TVW3,0.25,0.15000000000000002
2021-12,12,TVW3,0.5,0.3499999999999999
2021-12,12,TVW3,0.75,0.35
2021-12,12,TVW3,0.9,0.14999999999999997
2021-12,13,TVW1,0.25,0.2
2021-12,13,TVW1,0.5,0.4
2021-12,13,TVW1,0.75,0.4
2021-12,13,TVW2,0.3333333333333333,0.2
2021-12,13,TVW2,0.5,0.4000000000000001
2021-12,13,TVW2,0.6666666666666666,0.4
2021-12,13,TVW3,0.1,0.0
2021-12,13,TVW3,0.25,0.15
2021-12,13,TVW3,0.5,0.3500000000000001
2021-12,13,TVW3,0.75,0.35
2021-12,13,TVW3,0.9,0.14999999999999997
2022-01,1,TVW1,0.25,0.2
2022-01,1,TVW1,0.5,0.4
2022-01,1,TVW1,0.75,0.4
2022-01,1,TVW2,0.3333333333333333,0.2
2022-01,1,TVW2,0.5,0.40000000000000013
2022-01,1,TVW2,0.6666666666666666,0.4
2022-01,1,TVW3,0.1,0.0
2022-01,1,TVW3,0.25,0.15
2022-01,1,TVW3,0.5,0.35000000000000053
2022-01,1,TVW3,0.75,0.34999999999999953
2022-01,1,TVW3,0.9,0.15
2022-01,2,TVW1,0.25,0.20000000000000007
2022-01,2,TVW1,0.5,0.4
2022-01,2,TVW1,0.75,0.4
2022-01,2,TVW2,0.3333333333333333,0.2
2022-01,2,TVW2,0.5,0.4000000000000001
2022-01,2,TVW2,0.6666666666666666,0.4
2022-01,2,TVW3,0.1,0.0
2022-01,2,TVW3,0.25,0.15000000000000013
2022-01,2,TVW3,0.5,0.3499999999999995
2022-01,2,TVW3,0.75,0.3500000000000003
2022-01,2,TVW3,0.9,0.15000000000000013
2022-01,3,TVW1,0.25,0.2
2022-01,3,TVW1,0.5,0.4
2022-01,3,TVW1,0.75,0.4
2022-01,3,TVW2,0.3333333333333333,0.2000000000000002
2022-01,3,TVW2,0.5,0.4
2022-01,3,TVW2,0.6666666666666666,0.3999999999999999
2022-01,3,TVW3,0.1,1.3877787807814475e-17
2022-01,3,TVW3,0.25,0.1500000000000002
2022-01,3,TVW3,0.5,0.3499999999999995
2022-01,3,TVW3,0.75,0.3500000000000002
2022-01,3,TVW3,0.9,0.1500000000000002
2022-01,4,TVW1,0.25,0.2
2022-01,4,TVW1,0.5,0.4
2022-01,4,TVW1,0.75,0.4
2022-01,4,TVW2,0.3333333333333333,0.2000000000000001
2022-01,4,TVW2,0.5,0.4000000000000001
2022-01,4,TVW2,0.6666666666666666,0.3999999999999999
2022-01,4,TVW3,0.1,7.910339050454241e-16
2022-01,4,TVW3,0.25,0.15000000000000044
2022-01,4,TVW3,0.5,0.3500000000000003
2022-01,4,TVW3,0.75,0.34999999999999987
2022-01,4,TVW3,0.9,0.14999999999999872
2022-01,5,TVW1,0.25,0.2
2022-01,5,TVW1,0.5,0.4000000000000002
2022-01,5,TVW1,0.75,0.3999999999999999
2022-01,5,TVW2,0.3333333333333333,0.2
2022-01,5,TVW2,0.5,0.40000000000000013
2022-01,5,TVW2,0.6666666666666666,0.4
2022-01,5,TVW3,0.1,8.049116928532386e-16
2022-01,5,TVW3,0.25,0.1500000000000001
2022-01,5,TVW3,0.5,0.34999999999999964
2022-01,5,TVW3,0.75,0.35000000000000003
2022-01,5,TVW3,0.9,0.1499999999999995
2022-01,6,TVW1,0.25,0.20000000000000007
2022-01,6,TVW1,0.5,0.4
2022-01,6,TVW1,0.75,0.4
2022-01,6,TVW2,0.3333333333333333,0.2000000000000001
2022-01,6,TVW2,0.5,0.4000000000000001
2022-01,6,TVW2,0.6666666666666666,0.3999999999999999
2022-01,6,TVW3,0.1,0.0
2022-01,6,TVW3,0.25,0.1500000000000001
2022-01,6,TVW3,0.5,0.3499999999999998
2022-01,6,TVW3,0.75,0.35000000000000003
2022-01,6,TVW3,0.9,0.15000000000000002
2022-01,7,TVW1,0.25,0.2
2022-01,7,TVW1,0.5,0.4
2022-01,7,TVW1,0.75,0.4
2022-01,7,TVW2,0.3333333333333333,0.2
2022-01,7,TVW2,0.5,0.4
2022-01,7,TVW2,0.6666666666666666,0.4
2022-01,7,TVW3,0.1,2.6367796834847473e-16
2022-01,7,TVW3,0.25,0.15000000000000024
2022-01,7,TVW3,0.5,0.35000000000000014
2022-01,7,TVW3,0.75,0.3499999999999999
2022-01,7,TVW3,0.9,0.14999999999999952
2022-01,8,TVW1,0.25,0.2
2022-01,8,TVW1,0.5,0.40000000000000013
2022-01,8,TVW1,0.75,0.3999999999999999
2022-01,8,TVW2,0.3333333333333333,0.2
2022-01,8,TVW2,0.5,0.4
2022-01,8,TVW2,0.6666666666666666,0.4
2022-01,8,TVW3,0.1,8.743006318923109e-16
2022-01,8,TVW3,0.25,0.1500000000000003
2022-01,8,TVW3,0.5,0.3500000000000007
2022-01,8,TVW3,0.75,0.3499999999999999
2022-01,8,TVW3,0.9,0.14999999999999827
2022-01,9,TVW1,0.25,0.2
2022-01,9,TVW1,0.5,0.4
2022-01,9,TVW1,0.75,0.4
2022-01,9,TVW2,0.3333333333333333,0.2
2022-01,9,TVW2,0.5,0.4000000000000001
2022-01,9,TVW2,0.6666666666666666,0.4
2022-01,9,TVW3,0.1,1.387778780781446e-16
2022-01,9,TVW3,0.25,0.15000000000000044
2022-01,9,TVW3,0.5,0.3500000000000004
2022-01,9,TVW3,0.75,0.35
2022-01,9,TVW3,0.9,0.1499999999999991
2022-01,10,TVW1,0.25,0.20000000000000007
2022-01,10,TVW1,0.5,0.4
2022-01,10,TVW1,0.75,0.4
2022-01,10,TVW2,0.3333333333333333,0.2
2022-01,10,TVW2,0.5,0.40000000000000013
2022-01,10,TVW2,0.6666666666666666,0.4
2022-01,10,TVW3,0.1,3.33066907387547e-16
2022-01,10,TVW3,0.25,0.15000000000000002
2022-01,10,TVW3,0.5,0.3500000000000003
2022-01,10,TVW3,0.75,0.35000000000000003
2022-01,10,TVW3,0.9,0.1499999999999994
2022-01,11,TVW1,0.25,0.2
2022-01,11,TVW1,0.5,0.4
2022-01,11,TVW1,0.75,0.4
2022-01,11,TVW2,0.3333333333333333,0.20000000000000012
2022-01,11,TVW2,0.5,0.4
2022-01,11,TVW2,0.6666666666666666,0.4
2022-01,11,TVW3,0.1,1.942890293094024e-16
2022-01,11,TVW3,0.25,0.15000000000000047
2022-01,11,TVW3,0.5,0.3500000000000001
2022-01,11,TVW3,0.75,0.3499999999999996
2022-01,11,TVW3,0.9,0.14999999999999963
2022-01,12,TVW1,0.25,0.2
2022-01,12,TVW1,0.5,0.4000000000000001
2022-01,12,TVW1,0.75,0.3999999999999999
2022-01,12,TVW2,0.3333333333333333,0.2
2022-01,12,TVW2,0.5,0.40000000000000013
2022-01,12,TVW2,0.6666666666666666,0.4
2022-01,12,TVW3,0.1,9.714451465470117e-17
2022-01,12,TVW3,0.25,0.14999999999999997
2022-01,12,TVW3,0.5,0.35000000000000003
2022-01,12,TVW3,0.75,0.3499999999999999
2022-01,12,TVW3,0.9,0.14999999999999997
2022-01,13,TVW1,0.25,0.2000000000000005
2022-01,13,TVW1,0.5,0.4
2022-01,13,TVW1,0.75,0.39999999999999947
2022-01,13,TVW2,0.3333333333333333,0.20000000000000004
2022-01,13,TVW2,0.5,0.4
2022-01,13,TVW2,0.6666666666666666,0.4
2022-01,13,TVW3,0.1,0.0
2022-01,13,TVW3,0.25,0.15
2022-01,13,TVW3,0.5,0.35
2022-01,13,TVW3,0.75,0.35
2022-01,13,TVW3,0.9,0.15
2022-02,1,TVW1,0.25,0.20000000000000004
2022-02,1,TVW1,0.5,0.4
2022-02,1,TVW1,0.75,0.39999999999999997
2022-02,1,TVW2,0.3333333333333333,0.2
2022-02,1,TVW2,0.5,0.4000000000000001
2022-02,1,TVW2,0.6666666666666666,0.4
2022-02,1,TVW3,0.1,0.0
2022-02,1,TVW3,0.25,0.15000000000000024
2022-02,1,TVW3,0.5,0.34999999999999964
2022-02,1,TVW3,0.75,0.35000000000000003
2022-02,1,TVW3,0.9,0.15000000000000002
2022-02,2,TVW1,0.25,0.20000000000000007
2022-02,2,TVW1,0.5,0.4
2022-02,2,TVW1,0.75,0.4
2022-02,2,TVW2,0.3333333333333333,0.2
2022-02,2,TVW2,0.5,0.4
2022-02,2,TVW2,0.6666666666666666,0.4
2022-02,2,TVW3,0.1,0.0
2022-02,2,TVW3,0.25,0.15000000000000002
2022-02,2,TVW3,0.5,0.3499999999999999
2022-02,2,TVW3,0.75,0.35000000000000003
2022-02,2,TVW3,0.9,0.15000000000000002
2022-02,3,TVW1,0.25,0.2
2022-02,3,TVW1,0.5,0.4
2022-02,3,TVW1,0.75,0.4
2022-02,3,TVW2,0.3333333333333333,0.20000000000000012
2022-02,3,TVW2,0.5,0.4000000000000001
2022-02,3,TVW2,0.6666666666666666,0.3999999999999999
2022-02,3,TVW3,0.1,5.689893001203928e-16
2022-02,3,TVW3,0.25,0.15000000000000044
2022-02,3,TVW3,0.5,0.350000000000001
2022-02,3,TVW3,0.75,0.3499999999999994
2022-02,3,TVW3,0.9,0.14999999999999872
2022-02,4,TVW1,0.25,0.20000000000000007
2022-02,4,TVW1,0.5,0.4
2022-02,4,TVW1,0.75,0.4
2022-02,4,TVW2,0.3333333333333333,0.2000000000000001
2022-02,4,TVW2,0.5,0.4000000000000001
2022-02,4,TVW2,0.6666666666666666,0.3999999999999999
2022-02,4,TVW3,0.1,4.1633363423443376e-17
2022-02,4,TVW3,0.25,0.15000000000000058
2022-02,4,TVW3,0.5,0.3500000000000004
2022-02,4,TVW3,0.75,0.34999999999999987
2022-02,4,TVW3,0.9,0.14999999999999916
2022-02,5,TVW1,0.25,0.2
2022-02,5,TVW1,0.5,0.4
2022-02,5,TVW1,0.75,0.3999999999999999
2022-02,5,TVW2,0.3333333333333333,0.2
2022-02,5,TVW2,0.5,0.4000000000000001
2022-02,5,TVW2,0.6666666666666666,0.4
2022-02,5,TVW3,0.1,0.0
2022-02,5,TVW3,0.25,0.1500000000000001
2022-02,5,TVW3,0.5,0.34999999999999953
2022-02,5,TVW3,0.75,0.3500000000000002
2022-02,5,TVW3,0.9,0.1500000000000001
2022-02,6,TVW1,0.25,0.20000000000000012
2022-02,6,TVW1,0.5,0.4
2022-02,6,TVW1,0.75,0.3999999999999999
2022-02,6,TVW2,0.3333333333333333,0.2
2022-02,6,TVW2,0.5,0.4000000000000001
2022-02,6,TVW2,0.6666666666666666,0.4
2022-02,6,TVW3,0.1,0.0
2022-02,6,TVW3,0.25,0.15000000000000005
2022-02,6,TVW3,0.5,0.3500000000000002
2022-02,6,TVW3,0.75,0.3499999999999998
2022-02,6,TVW3,0.9,0.15
2022-02,7,TVW1,0.25,0.2
2022-02,7,TVW1,0.5,0.40000000000000013
2022-02,7,TVW1,0.75,0.4
2022-02,7,TVW2,0.3333333333333333,0.2
2022-02,7,TVW2,0.5,0.4
2022-02,7,TVW2,0.6666666666666666,0.4
2022-02,7,TVW3,0.1,1.3877787807814457e-17
2022-02,7,TVW3,0.25,0.15
2022-02,7,TVW3,0.5,0.3500000000000005
2022-02,7,TVW3,0.75,0.3499999999999999
2022-02,7,TVW3,0.9,0.14999999999999977
2022-02,8,TVW1,0.25,0.20000000000000012
2022-02,8,TVW1,0.5,0.4
2022-02,8,TVW1,0.75,0.3999999999999999
2022-02,8,TVW2,0.3333333333333333,0.2
2022-02,8,TVW2,0.5,0.4000000000000001
2022-02,8,TVW2,0.6666666666666666,0.4
2022-02,8,TVW3,0.1,0.0
2022-02,8,TVW3,0.25,0.15000000000000005
2022-02,8,TVW3,0.5,0.34999999999999976
2022-02,8,TVW3,0.75,0.35000000000000014
2022-02,8,TVW3,0.9,0.15000000000000005
2022-02,9,TVW1,0.25,0.2
2022-02,9,TVW1,0.5,0.4000000000000001
2022-02,9,TVW1,0.75,0.4
2022-02,9,TVW2,0.3333333333333333,0.20000000000000007
2022-02,9,TVW2,0.5,0.4
2022-02,9,TVW2,0.6666666666666666,0.4
2022-02,9,TVW3,0.1,0.0
2022-02,9,TVW3,0.25,0.15000000000000022
2022-02,9,TVW3,0.5,0.3499999999999995
2022-02,9,TVW3,0.75,0.35000000000000014
2022-02,9,TVW3,0.9,0.15000000000000008
2022-02,10,TVW1,0.25,0.2
2022-02,10,TVW1,0.5,0.4
2022-02,10,TVW1,0.75,0.4
2022-02,10,TVW2,0.3333333333333333,0.2
2022-02,10,TVW2,0.5,0.4
2022-02,10,TVW2,0.6666666666666666,0.4
2022-02,10,TVW3,0.1,8.604228440844964e-16
2022-02,10,TVW3,0.25,0.15000000000000016
2022-02,10,TVW3,0.5,0.3500000000000008
2022-02,10,TVW3,0.75,0.35
2022-02,10,TVW3,0.9,0.14999999999999825
2022-02,11,TVW1,0.25,0.2
2022-02,11,TVW1,0.5,0.4000000000000001
2022-02,11,TVW1,0.75,0.3999999999999999
2022-02,11,TVW2,0.3333333333333333,0.2
2022-02,11,TVW2,0.5,0.4000000000000001
2022-02,11,TVW2,0.6666666666666666,0.4
2022-02,11,TVW3,0.1,8.465450562766821e-16
2022-02,11,TVW3,0.25,0.15000000000000027
2022-02,11,TVW3,0.5,0.3499999999999999
2022-02,11,TVW3,0.75,0.35000000000000003
2022-02,11,TVW3,0.9,0.1499999999999989
2022-02,12,TVW1,0.25,0.2
2022-02,12,TVW1,0.5,0.4
2022-02,12,TVW1,0.75,0.4
2022-02,12,TVW2,0.3333333333333333,0.2000000000000001
2022-02,12,TVW2,0.5,0.4000000000000001
2022-02,12,TVW2,0.6666666666666666,0.3999999999999999
2022-02,12,TVW3,0.1,0.0
2022-02,12,TVW3,0.25,0.15000000000000013
2022-02,12,TVW3,0.5,0.3499999999999995
2022-02,12,TVW3,0.75,0.3500000000000003
2022-02,12,TVW3,0.9,0.15000000000000013
2022-02,13,TVW1,0.25,0.2000000000000003
2022-02,13,TVW1,0.5,0.3999999999999999
2022-02,13,TVW1,0.75,0.3999999999999998
2022-02,13,TVW2,0.3333333333333333,0.2
2022-02,13,TVW2,0.5,0.4
2022-02,13,TVW2,0.6666666666666666,0.4
2022-02,13,TVW3,0.1,4.718447854656916e-16
2022-02,13,TVW3,0.25,0.15000000000000055
2022-02,13,TVW3,0.5,0.34999999999999903
2022-02,13,TVW3,0.75,0.35000000000000003
2022-02,13,TVW3,0.9,0.14999999999999983
2022-03,1,TVW1,0.25,0.2
2022-03,1,TVW1,0.5,0.4
2022-03,1,TVW1,0.75,0.4
2022-03,1,TVW2,0.3333333333333333,0.20000000000000004
2022-03,1,TVW2,0.5,0.39999999999999997
2022-03,1,TVW2,0.6666666666666666,0.4000000000000001
2022-03,1,TVW3,0.1,4.302114220422482e-16
2022-03,1,TVW3,0.25,0.15000000000000008
2022-03,1,TVW3,0.5,0.3499999999999998
2022-03,1,TVW3,0.75,0.35000000000000003
2022-03,1,TVW3,0.9,0.14999999999999972
2022-03,2,TVW1,0.25,0.2
2022-03,2,TVW1,0.5,0.4000000000000002
2022-03,2,TVW1,0.75,0.3999999999999998
2022-03,2,TVW2,0.3333333333333333,0.20000000000000004
2022-03,2,TVW2,0.5,0.4
2022-03,2,TVW2,0.6666666666666666,0.4
2022-03,2,TVW3,0.1,0.0
2022-03,2,TVW3,0.25,0.15000000000000005
2022-03,2,TVW3,0.5,0.3499999999999999
2022-03,2,TVW3,0.75,0.35000000000000003
2022-03,2,TVW3,0.9,0.15000000000000002
2022-03,3,TVW1,0.25,0.2
2022-03,3,TVW1,0.5,0.40000000000000013
2022-03,3,TVW1,0.75,0.3999999999999999
2022-03,3,TVW2,0.3333333333333333,0.20000000000000007
2022-03,3,TVW2,0.5,0.3999999999999999
2022-03,3,TVW2,0.6666666666666666,0.4
2022-03,3,TVW3,0.1,0.0
2022-03,3,TVW3,0.25,0.15000000000000074
2022-03,3,TVW3,0.5,0.34999999999999915
2022-03,3,TVW3,0.75,0.35000000000000003
2022-03,3,TVW3,0.9,0.15000000000000002
2022-03,4,TVW1,0.25,0.20000000000000004
2022-03,4,TVW1,0.5,0.4
2022-03,4,TVW1,0.75,0.4
2022-03,4,TVW2,0.3333333333333333,0.2
2022-03,4,TVW2,0.5,0.4
2022-03,4,TVW2,0.6666666666666666,0.4
2022-03,4,TVW3,0.1,0.0
2022-03,4,TVW3,0.25,0.15000000000000005
2022-03,4,TVW3,0.5,0.3499999999999998
2022-03,4,TVW3,0.75,0.3500000000000001
2022-03,4,TVW3,0.9,0.15000000000000005
2022-03,5,TVW1,0.25,0.2
2022-03,5,TVW1,0.5,0.4000000000000001
2022-03,5,TVW1,0.75,0.4
2022-03,5,TVW2,0.3333333333333333,0.2000000000000001
2022-03,5,TVW2,0.5,0.4000000000000001
2022-03,5,TVW2,0.6666666666666666,0.3999999999999999
2022-03,5,TVW3,0.1,3.885780586188048e-16
2022-03,5,TVW3,0.25,0.1500000000000007
2022-03,5,TVW3,0.5,0.35000000000000014
2022-03,5,TVW3,0.75,0.3499999999999999
2022-03,5,TVW3,0.9,0.1499999999999988
2022-03,6,TVW1,0.25,0.2
2022-03,6,TVW1,0.5,0.4
2022-03,6,TVW1,0.75,0.4
2022-03,6,TVW2,0.3333333333333333,0.2
2022-03,6,TVW2,0.5,0.4
2022-03,6,TVW2,0.6666666666666666,0.4
2022-03,6,TVW3,0.1,0.0
2022-03,6,TVW3,0.25,0.15000000000000027
2022-03,6,TVW3,0.5,0.34999999999999976
2022-03,6,TVW3,0.75,0.35
2022-03,6,TVW3,0.9,0.15
2022-03,7,TVW1,0.25,0.2
2022-03,7,TVW1,0.5,0.4
2022-03,7,TVW1,0.75,0.4
2022-03,7,TVW2,0.3333333333333333,0.2
2022-03,7,TVW2,0.5,0.4000000000000001
2022-03,7,TVW2,0.6666666666666666,0.4
2022-03,7,TVW3,0.1,1.1102230246251568e-16
2022-03,7,TVW3,0.25,0.15000000000000002
2022-03,7,TVW3,0.5,0.3500000000000005
2022-03,7,TVW3,0.75,0.35000000000000003
2022-03,7,TVW3,0.9,0.1499999999999994
2022-03,8,TVW1,0.25,0.20000000000000012
2022-03,8,TVW1,0.5,0.4
2022-03,8,TVW1,0.75,0.39999999999999986
2022-03,8,TVW2,0.3333333333333333,0.2
2022-03,8,TVW2,0.5,0.4000000000000001
2022-03,8,TVW2,0.6666666666666666,0.4
2022-03,8,TVW3,0.1,0.0
2022-03,8,TVW3,0.25,0.14999999999999986
2022-03,8,TVW3,0.5,0.35000000000000087
2022-03,8,TVW3,0.75,0.34999999999999964
2022-03,8,TVW3,0.9,0.14999999999999958
2022-03,9,TVW1,0.25,0.2
2022-03,9,TVW1,0.5,0.4
2022-03,9,TVW1,0.75,0.4
2022-03,9,TVW2,0.3333333333333333,0.2
2022-03,9,TVW2,0.5,0.40000000000000013
2022-03,9,TVW2,0.6666666666666666,0.39999999999999997
2022-03,9,TVW3,0.1,0.0
2022-03,9,TVW3,0.25,0.14999999999999994
2022-03,9,TVW3,0.5,0.3500000000000007
2022-03,9,TVW3,0.75,0.34999999999999976
2022-03,9,TVW3,0.9,0.14999999999999952
2022-03,10,TVW1,0.25,0.20000000000000004
2022-03,10,TVW1,0.5,0.4
2022-03,10,TVW1,0.75,0.39999999999999997
2022-03,10,TVW2,0.3333333333333333,0.2
2022-03,10,TVW2,0.5,0.4000000000000002
2022-03,10,TVW2,0.6666666666666666,0.3999999999999999
2022-03,10,TVW3,0.1,4.857225732735059e-16
2022-03,10,TVW3,0.25,0.14999999999999997
2022-03,10,TVW3,0.5,0.35000000000000064
2022-03,10,TVW3,0.75,0.3499999999999998
2022-03,10,TVW3,0.9,0.14999999999999913
2022-03,11,TVW1,0.25,0.20000000000000018
2022-03,11,TVW1,0.5,0.4
2022-03,11,TVW1,0.75,0.3999999999999998
2022-03,11,TVW2,0.3333333333333333,0.2
2022-03,11,TVW2,0.5,0.40000000000000013
2022-03,11,TVW2,0.6666666666666666,0.4
2022-03,11,TVW3,0.1,0.0
2022-03,11,TVW3,0.25,0.15000000000000002
2022-03,11,TVW3,0.5,0.35
2022-03,11,TVW3,0.75,0.35000000000000003
2022-03,11,TVW3,0.9,0.15000000000000002
2022-03,12,TVW1,0.25,0.20000000000000012
2022-03,12,TVW1,0.5,0.4
2022-03,12,TVW1,0.75,0.39999999999999986
2022-03,12,TVW2,0.3333333333333333,0.2
2022-03,12,TVW2,0.5,0.4000000000000001
2022-03,12,TVW2,0.6666666666666666,0.4
2022-03,12,TVW3,0.1,0.0
2022-03,12,TVW3,0.25,0.15000000000000027
2022-03,12,TVW3,0.5,0.34999999999999953
2022-03,12,TVW3,0.75,0.35000000000000014
2022-03,12,TVW3,0.9,0.15000000000000005
2022-03,13,TVW1,0.25,0.2
2022-03,13,TVW1,0.5,0.40000000000000013
2022-03,13,TVW1,0.75,0.4
2022-03,13,TVW2,0.3333333333333333,0.20000000000000004
2022-03,13,TVW2,0.5,0.39999999999999997
2022-03,13,TVW2,0.6666666666666666,0.4
2022-03,13,TVW3,0.1,6.106226635438361e-16
2022-03,13,TVW3,0.25,0.15000000000000024
2022-03,13,TVW3,0.5,0.3499999999999996
2022-03,13,TVW3,0.75,0.35
2022-03,13,TVW3,0.9,0.14999999999999952
2022-04,1,TVW1,0.25,0.2
2022-04,1,TVW1,0.5,0.4
2022-04,1,TVW1,0.75,0.4
2022-04,1,TVW2,0.3333333333333333,0.2
2022-04,1,TVW2,0.5,0.39999999999999997
2022-04,1,TVW2,0.6666666666666666,0.4
2022-04,1,TVW3,0.1,0.0
2022-04,1,TVW3,0.25,0.14999999999999988
2022-04,1,TVW3,0.5,0.35000000000000064
2022-04,1,TVW3,0.75,0.34999999999999964
2022-04,1,TVW3,0.9,0.14999999999999988
2022-04,2,TVW1,0.25,0.20000000000000012
2022-04,2,TVW1,0.5,0.4
2022-04,2,TVW1,0.75,0.3999999999999999
2022-04,2,TVW2,0.3333333333333333,0.2
2022-04,2,TVW2,0.5,0.4
2022-04,2,TVW2,0.6666666666666666,0.4
2022-04,2,TVW3,0.1,1.8179902028236942e-15
2022-04,2,TVW3,0.25,0.15000000000000102
2022-04,2,TVW3,0.5,0.35000000000000064
2022-04,2,TVW3,0.75,0.3499999999999996
2022-04,2,TVW3,0.9,0.149999999999997
2022-04,3,TVW1,0.25,0.20000000000000015
2022-04,3,TVW1,0.5,0.4
2022-04,3,TVW1,0.75,0.3999999999999999
2022-04,3,TVW2,0.3333333333333333,0.2000000000000001
2022-04,3,TVW2,0.5,0.40000000000000013
2022-04,3,TVW2,0.6666666666666666,0.3999999999999999
2022-04,3,TVW3,0.1,0.0
2022-04,3,TVW3,0.25,0.14999999999999997
2022-04,3,TVW3,0.5,0.35000000000000014
2022-04,3,TVW3,0.75,0.3499999999999999
2022-04,3,TVW3,0.9,0.14999999999999997
2022-04,4,TVW1,0.25,0.2
2022-04,4,TVW1,0.5,0.4
2022-04,4,TVW1,0.75,0.4
2022-04,4,TVW2,0.3333333333333333,0.2
2022-04,4,TVW2,0.5,0.4000000000000001
2022-04,4,TVW2,0.6666666666666666,0.4
2022-04,4,TVW3,0.1,0.0
2022-04,4,TVW3,0.25,0.1500000000000007
2022-04,4,TVW3,0.5,0.34999999999999887
2022-04,4,TVW3,0.75,0.35000000000000026
2022-04,4,TVW3,0.9,0.15000000000000016
2022-04,5,TVW1,0.25,0.20000000000000023
2022-04,5,TVW1,0.5,0.4
2022-04,5,TVW1,0.75,0.3999999999999998
2022-04,5,TVW2,0.3333333333333333,0.20000000000000004
2022-04,5,TVW2,0.5,0.39999999999999997
2022-04,5,TVW2,0.6666666666666666,0.4
2022-04,5,TVW3,0.1,1.2490009027033014e-16
2022-04,5,TVW3,0.25,0.15000000000000022
2022-04,5,TVW3,0.5,0.3500000000000004
2022-04,5,TVW3,0.75,0.3499999999999998
2022-04,5,TVW3,0.9,0.14999999999999944
2022-04,6,TVW1,0.25,0.2
2022-04,6,TVW1,0.5,0.4
2022-04,6,TVW1,0.75,0.4
2022-04,6,TVW2,0.3333333333333333,0.2
2022-04,6,TVW2,0.5,0.40000000000000013
2022-04,6,TVW2,0.6666666666666666,0.4
2022-04,6,TVW3,0.1,1.3877787807814457e-16
2022-04,6,TVW3,0.25,0.15
2022-04,6,TVW3,0.5,0.3500000000000005
2022-04,6,TVW3,0.75,0.34999999999999987
2022-04,6,TVW3,0.9,0.14999999999999947
2022-04,7,TVW1,0.25,0.20000000000000004
2022-04,7,TVW1,0.5,0.4
2022-04,7,TVW1,0.75,0.3999999999999999
2022-04,7,TVW2,0.3333333333333333,0.2
2022-04,7,TVW2,0.5,0.4
2022-04,7,TVW2,0.6666666666666666,0.4
2022-04,7,TVW3,0.1,1.0547118733938987e-15
2022-04,7,TVW3,0.25,0.15000000000000002
2022-04,7,TVW3,0.5,0.350000000000001
2022-04,7,TVW3,0.75,0.34999999999999987
2022-04,7,TVW3,0.9,0.1499999999999981
2022-04,8,TVW1,0.25,0.2
2022-04,8,TVW1,0.5,0.4000000000000001
2022-04,8,TVW1,0.75,0.4
2022-04,8,TVW2,0.3333333333333333,0.20000000000000007
2022-04,8,TVW2,0.5,0.4
2022-04,8,TVW2,0.6666666666666666,0.4
2022-04,8,TVW3,0.1,9.992007221626409e-16
2022-04,8,TVW3,0.25,0.15
2022-04,8,TVW3,0.5,0.3500000000000011
2022-04,8,TVW3,0.75,0.3499999999999999
2022-04,8,TVW3,0.9,0.14999999999999794
2022-04,9,TVW1,0.25,0.2000000000000002
2022-04,9,TVW1,0.5,0.4
2022-04,9,TVW1,0.75,0.3999999999999998
2022-04,9,TVW2,0.3333333333333333,0.2
2022-04,9,TVW2,0.5,0.4000000000000001
2022-04,9,TVW2,0.6666666666666666,0.4
2022-04,9,TVW3,0.1,6.383782391594652e-16
2022-04,9,TVW3,0.25,0.1500000000000002
2022-04,9,TVW3,0.5,0.3500000000000001
2022-04,9,TVW3,0.75,0.3500000000000001
2022-04,9,TVW3,0.9,0.14999999999999897
2022-04,10,TVW1,0.25,0.20000000000000004
2022-04,10,TVW1,0.5,0.4
2022-04,10,TVW1,0.75,0.39999999999999997
2022-04,10,TVW2,0.3333333333333333,0.20000000000000004
2022-04,10,TVW2,0.5,0.39999999999999997
2022-04,10,TVW2,0.6666666666666666,0.4
2022-04,10,TVW3,0.1,0.0
2022-04,10,TVW3,0.25,0.15000000000000013
2022-04,10,TVW3,0.5,0.3499999999999994
2022-04,10,TVW3,0.75,0.3500000000000003
2022-04,10,TVW3,0.9,0.15000000000000013
2022-04,11,TVW1,0.25,0.2
2022-04,11,TVW1,0.5,0.4000000000000001
2022-04,11,TVW1,0.75,0.3999999999999999
2022-04,11,TVW2,0.3333333333333333,0.2
2022-04,11,TVW2,0.5,0.4
2022-04,11,TVW2,0.6666666666666666,0.4
2022-04,11,TVW3,0.1,2.0816681711721685e-16
2022-04,11,TVW3,0.25,0.15
2022-04,11,TVW3,0.5,0.3500000000000004
2022-04,11,TVW3,0.75,0.34999999999999976
2022-04,11,TVW3,0.9,0.1499999999999997
2022-04,12,TVW1,0.25,0.2
2022-04,12,TVW1,0.5,0.4
2022-04,12,TVW1,0.75,0.4
2022-04,12,TVW2,0.3333333333333333,0.2
2022-04,12,TVW2,0.5,0.4000000000000002
2022-04,12,TVW2,0.6666666666666666,0.3999999999999999
2022-04,12,TVW3,0.1,0.0
2022-04,12,TVW3,0.25,0.1500000000000001
2022-04,12,TVW3,0.5,0.3499999999999996
2022-04,12,TVW3,0.75,0.3500000000000002
2022-04,12,TVW3,0.9,0.1500000000000001
2022-04,13,TVW1,0.25,0.20000000000000026
2022-04,13,TVW1,0.5,0.40000000000000013
2022-04,13,TVW1,0.75,0.39999999999999963
2022-04,13,TVW2,0.3333333333333333,0.19999999999999996
2022-04,13,TVW2,0.5,0.4000000000000001
2022-04,13,TVW2,0.6666666666666666,0.3999999999999999
2022-04,13,TVW3,0.1,4.163336342344337e-16
2022-04,13,TVW3,0.25,0.15000000000000024
2022-04,13,TVW3,0.5,0.35000000000000003
2022-04,13,TVW3,0.75,0.3499999999999996
2022-04,13,TVW3,0.9,0.14999999999999963
2022-05,1,TVW1,0.25,0.2
2022-05,1,TVW1,0.5,0.4000000000000001
2022-05,1,TVW1,0.75,0.4
2022-05,1,TVW2,0.3333333333333333,0.2
2022-05,1,TVW2,0.5,0.4000000000000001
2022-05,1,TVW2,0.6666666666666666,0.4
2022-05,1,TVW3,0.1,9.714451465470118e-16
2022-05,1,TVW3,0.25,0.14999999999999997
2022-05,1,TVW3,0.5,0.3500000000000007
2022-05,1,TVW3,0.75,0.3499999999999999
2022-05,1,TVW3,0.9,0.14999999999999852
2022-05,2,TVW1,0.25,0.2
2022-05,2,TVW1,0.5,0.4000000000000001
2022-05,2,TVW1,0.75,0.3999999999999999
2022-05,2,TVW2,0.3333333333333333,0.2
2022-05,2,TVW2,0.5,0.4000000000000001
2022-05,2,TVW2,0.6666666666666666,0.39999999999999974
2022-05,2,TVW3,0.1,3.053113317719179e-16
2022-05,2,TVW3,0.25,0.14999999999999994
2022-05,2,TVW3,0.5,0.35000000000000114
2022-05,2,TVW3,0.75,0.3499999999999994
2022-05,2,TVW3,0.9,0.14999999999999922
2022-05,3,TVW1,0.25,0.2
2022-05,3,TVW1,0.5,0.4
2022-05,3,TVW1,0.75,0.4
2022-05,3,TVW2,0.3333333333333333,0.2
2022-05,3,TVW2,0.5,0.4
2022-05,3,TVW2,0.6666666666666666,0.4
2022-05,3,TVW3,0.1,0.0
2022-05,3,TVW3,0.25,0.14999999999999994
2022-05,3,TVW3,0.5,0.35000000000000064
2022-05,3,TVW3,0.75,0.3499999999999997
2022-05,3,TVW3,0.9,0.14999999999999974
2022-05,4,TVW1,0.25,0.2
2022-05,4,TVW1,0.5,0.4
2022-05,4,TVW1,0.75,0.4
2022-05,4,TVW2,0.3333333333333333,0.20000000000000012
2022-05,4,TVW2,0.5,0.39999999999999997
2022-05,4,TVW2,0.6666666666666666,0.4
2022-05,4,TVW3,0.1,1.429412144204889e-15
2022-05,4,TVW3,0.25,0.1500000000000006
2022-05,4,TVW3,0.5,0.3500000000000004
2022-05,4,TVW3,0.75,0.3499999999999996
2022-05,4,TVW3,0.9,0.14999999999999789
2022-05,5,TVW1,0.25,0.2
2022-05,5,TVW1,0.5,0.4000000000000001
2022-05,5,TVW1,0.75,0.39999999999999997
2022-05,5,TVW2,0.3333333333333333,0.2000000000000001
2022-05,5,TVW2,0.5,0.4000000000000001
2022-05,5,TVW2,0.6666666666666666,0.3999999999999999
2022-05,5,TVW3,0.1,0.0
2022-05,5,TVW3,0.25,0.14999999999999994
2022-05,5,TVW3,0.5,0.35000000000000037
2022-05,5,TVW3,0.75,0.3499999999999998
2022-05,5,TVW3,0.9,0.14999999999999994
2022-05,6,TVW1,0.25,0.2
2022-05,6,TVW1,0.5,0.4000000000000001
2022-05,6,TVW1,0.75,0.3999999999999999
2022-05,6,TVW2,0.3333333333333333,0.2
2022-05,6,TVW2,0.5,0.4000000000000001
2022-05,6,TVW2,0.6666666666666666,0.4
2022-05,6,TVW3,0.1,9.71445146547012e-16
2022-05,6,TVW3,0.25,0.15000000000000036
2022-05,6,TVW3,0.5,0.3500000000000002
2022-05,6,TVW3,0.75,0.3499999999999998
2022-05,6,TVW3,0.9,0.14999999999999858
2022-05,7,TVW1,0.25,0.20000000000000012
2022-05,7,TVW1,0.5,0.40000000000000013
2022-05,7,TVW1,0.75,0.3999999999999998
2022-05,7,TVW2,0.3333333333333333,0.20000000000000004
2022-05,7,TVW2,0.5,0.4000000000000001
2022-05,7,TVW2,0.6666666666666666,0.3999999999999999
2022-05,7,TVW3,0.1,2.3592239273284586e-16
2022-05,7,TVW3,0.25,0.15000000000000005
2022-05,7,TVW3,0.5,0.3499999999999995
2022-05,7,TVW3,0.75,0.3500000000000001
2022-05,7,TVW3,0.9,0.15000000000000005
2022-05,8,TVW1,0.25,0.2
2022-05,8,TVW1,0.5,0.40000000000000013
2022-05,8,TVW1,0.75,0.4
2022-05,8,TVW2,0.3333333333333333,0.2
2022-05,8,TVW2,0.5,0.4
2022-05,8,TVW2,0.6666666666666666,0.4
2022-05,8,TVW3,0.1,9.15933995315754e-16
2022-05,8,TVW3,0.25,0.14999999999999997
2022-05,8,TVW3,0.5,0.3500000000000003
2022-05,8,TVW3,0.75,0.34999999999999987
2022-05,8,TVW3,0.9,0.14999999999999905
2022-05,9,TVW1,0.25,0.19999999999999996
2022-05,9,TVW1,0.5,0.4000000000000001
2022-05,9,TVW1,0.75,0.39999999999999986
2022-05,9,TVW2,0.3333333333333333,0.2
2022-05,9,TVW2,0.5,0.4000000000000001
2022-05,9,TVW2,0.6666666666666666,0.4
2022-05,9,TVW3,0.1,0.0
2022-05,9,TVW3,0.25,0.14999999999999997
2022-05,9,TVW3,0.5,0.3500000000000002
2022-05,9,TVW3,0.75,0.3499999999999999
2022-05,9,TVW3,0.9,0.14999999999999997
2022-05,10,TVW1,0.25,0.2
2022-05,10,TVW1,0.5,0.4000000000000001
2022-05,10,TVW1,0.75,0.4
2022-05,10,TVW2,0.3333333333333333,0.2
2022-05,10,TVW2,0.5,0.4000000000000001
2022-05,10,TVW2,0.6666666666666666,0.4
2022-05,10,TVW3,0.1,3.747002708109904e-16
2022-05,10,TVW3,0.25,0.1500000000000007
2022-05,10,TVW3,0.5,0.3500000000000004
2022-05,10,TVW3,0.75,0.3499999999999998
2022-05,10,TVW3,0.9,0.14999999999999883
2022-05,11,TVW1,0.25,0.2
2022-05,11,TVW1,0.5,0.4
2022-05,11,TVW1,0.75,0.4
2022-05,11,TVW2,0.3333333333333333,0.2
2022-05,11,TVW2,0.5,0.4
2022-05,11,TVW2,0.6666666666666666,0.4
2022-05,11,TVW3,0.1,4.718447854656917e-16
2022-05,11,TVW3,0.25,0.15000000000000005
2022-05,11,TVW3,0.5,0.3500000000000002
2022-05,11,TVW3,0.75,0.3500000000000001
2022-05,11,TVW3,0.9,0.14999999999999916
2022-05,12,TVW1,0.25,0.19999999999999996
2022-05,12,TVW1,0.5,0.40000000000000013
2022-05,12,TVW1,0.75,0.3999999999999998
2022-05,12,TVW2,0.3333333333333333,0.2
2022-05,12,TVW2,0.5,0.40000000000000013
2022-05,12,TVW2,0.6666666666666666,0.4
2022-05,12,TVW3,0.1,0.0
2022-05,12,TVW3,0.25,0.1500000000000001
2022-05,12,TVW3,0.5,0.3500000000000005
2022-05,12,TVW3,0.75,0.3499999999999998
2022-05,12,TVW3,0.9,0.1499999999999996
2022-05,13,TVW1,0.25,0.2000000000000001
2022-05,13,TVW1,0.5,0.40000000000000013
2022-05,13,TVW1,0.75,0.3999999999999998
2022-05,13,TVW2,0.3333333333333333,0.20000000000000007
2022-05,13,TVW2,0.5,0.40000000000000013
2022-05,13,TVW2,0.6666666666666666,0.3999999999999999
2022-05,13,TVW3,0.1,8.604228440844959e-16
2022-05,13,TVW3,0.25,0.14999999999999994
2022-05,13,TVW3,0.5,0.3500000000000004
2022-05,13,TVW3,0.75,0.34999999999999976
2022-05,13,TVW3,0.9,0.14999999999999888
2022-06,1,TVW1,0.25,0.2
2022-06,1,TVW1,0.5,0.4
2022-06,1,TVW1,0.75,0.4
2022-06,1,TVW2,0.3333333333333333,0.2
2022-06,1,TVW2,0.5,0.40000000000000013
2022-06,1,TVW2,0.6666666666666666,0.39999999999999997
2022-06,1,TVW3,0.1,0.0
2022-06,1,TVW3,0.25,0.15000000000000002
2022-06,1,TVW3,0.5,0.3500000000000004
2022-06,1,TVW3,0.75,0.35
2022-06,1,TVW3,0.9,0.14999999999999958
2022-06,2,TVW1,0.25,0.2
2022-06,2,TVW1,0.5,0.4
2022-06,2,TVW1,0.75,0.4
2022-06,2,TVW2,0.3333333333333333,0.2
2022-06,2,TVW2,0.5,0.39999999999999997
2022-06,2,TVW2,0.6666666666666666,0.4
2022-06,2,TVW3,0.1,0.0
2022-06,2,TVW3,0.25,0.15
2022-06,2,TVW3,0.5,0.3500000000000001
2022-06,2,TVW3,0.75,0.35
2022-06,2,TVW3,0.9,0.15
2022-06,3,TVW1,0.25,0.2
2022-06,3,TVW1,0.5,0.4
2022-06,3,TVW1,0.75,0.4
2022-06,3,TVW2,0.3333333333333333,0.20000000000000004
2022-06,3,TVW2,0.5,0.39999999999999997
2022-06,3,TVW2,0.6666666666666666,0.4000000000000001
2022-06,3,TVW3,0.1,1.6792123247455493e-15
2022-06,3,TVW3,0.25,0.1500000000000004
2022-06,3,TVW3,0.5,0.35000000000000137
2022-06,3,TVW3,0.75,0.3499999999999993
2022-06,3,TVW3,0.9,0.14999999999999725
2022-06,4,TVW1,0.25,0.2
2022-06,4,TVW1,0.5,0.4
2022-06,4,TVW1,0.75,0.4
2022-06,4,TVW2,0.3333333333333333,0.2
2022-06,4,TVW2,0.5,0.4
2022-06,4,TVW2,0.6666666666666666,0.4
2022-06,4,TVW3,0.1,0.0
2022-06,4,TVW3,0.25,0.15000000000000002
2022-06,4,TVW3,0.5,0.3499999999999999
2022-06,4,TVW3,0.75,0.35000000000000003
2022-06,4,TVW3,0.9,0.15000000000000002
2022-06,5,TVW1,0.25,0.2
2022-06,5,TVW1,0.5,0.40000000000000013
2022-06,5,TVW1,0.75,0.4
2022-06,5,TVW2,0.3333333333333333,0.2
2022-06,5,TVW2,0.5,0.4
2022-06,5,TVW2,0.6666666666666666,0.4
2022-06,5,TVW3,0.1,0.0
2022-06,5,TVW3,0.25,0.14999999999999997
2022-06,5,TVW3,0.5,0.3500000000000003
2022-06,5,TVW3,0.75,0.3499999999999999
2022-06,5,TVW3,0.9,0.14999999999999997
2022-06,6,TVW1,0.25,0.2
2022-06,6,TVW1,0.5,0.4
2022-06,6,TVW1,0.75,0.4
2022-06,6,TVW2,0.3333333333333333,0.20000000000000007
2022-06,6,TVW2,0.5,0.4000000000000001
2022-06,6,TVW2,0.6666666666666666,0.39999999999999997
2022-06,6,TVW3,0.1,0.0
2022-06,6,TVW3,0.25,0.15000000000000005
2022-06,6,TVW3,0.5,0.34999999999999987
2022-06,6,TVW3,0.75,0.35
2022-06,6,TVW3,0.9,0.15000000000000005
2022-06,7,TVW1,0.25,0.20000000000000007
2022-06,7,TVW1,0.5,0.4
2022-06,7,TVW1,0.75,0.4
2022-06,7,TVW2,0.3333333333333333,0.20000000000000007
2022-06,7,TVW2,0.5,0.39999999999999997
2022-06,7,TVW2,0.6666666666666666,0.4
2022-06,7,TVW3,0.1,0.0
2022-06,7,TVW3,0.25,0.1500000000000001
2022-06,7,TVW3,0.5,0.3499999999999996
2022-06,7,TVW3,0.75,0.3500000000000002
2022-06,7,TVW3,0.9,0.1500000000000001
2022-06,8,TVW1,0.25,0.19999999999999996
2022-06,8,TVW1,0.5,0.4000000000000001
2022-06,8,TVW1,0.75,0.3999999999999999
2022-06,8,TVW2,0.3333333333333333,0.20000000000000007
2022-06,8,TVW2,0.5,0.4000000000000001
2022-06,8,TVW2,0.6666666666666666,0.4
2022-06,8,TVW3,0.1,0.0
2022-06,8,TVW3,0.25,0.15000000000000005
2022-06,8,TVW3,0.5,0.3499999999999998
2022-06,8,TVW3,0.75,0.35000000000000003
2022-06,8,TVW3,0.9,0.15000000000000005
2022-06,9,TVW1,0.25,0.20000000000000004
2022-06,9,TVW1,0.5,0.4
2022-06,9,TVW1,0.75,0.39999999999999997
2022-06,9,TVW2,0.3333333333333333,0.2
2022-06,9,TVW2,0.5,0.4
2022-06,9,TVW2,0.6666666666666666,0.4
2022-06,9,TVW3,0.1,0.0
2022-06,9,TVW3,0.25,0.15000000000000013
2022-06,9,TVW3,0.5,0.34999999999999937
2022-06,9,TVW3,0.75,0.3500000000000003
2022-06,9,TVW3,0.9,0.15000000000000013
2022-06,10,TVW1,0.25,0.2
2022-06,10,TVW1,0.5,0.4
2022-06,10,TVW1,0.75,0.4
2022-06,10,TVW2,0.3333333333333333,0.2
2022-06,10,TVW2,0.5,0.4
2022-06,10,TVW2,0.6666666666666666,0.4
2022-06,10,TVW3,0.1,4.163336342344335e-17
2022-06,10,TVW3,0.25,0.14999999999999994
2022-06,10,TVW3,0.5,0.3500000000000004
2022-06,10,TVW3,0.75,0.3499999999999998
2022-06,10,TVW3,0.9,0.1499999999999998
2022-06,11,TVW1,0.25,0.2
2022-06,11,TVW1,0.5,0.4
2022-06,11,TVW1,0.75,0.4
2022-06,11,TVW2,0.3333333333333333,0.20000000000000007
2022-06,11,TVW2,0.5,0.4000000000000001
2022-06,11,TVW2,0.6666666666666666,0.4
2022-06,11,TVW3,0.1,3.469446951953615e-16
2022-06,11,TVW3,0.25,0.15000000000000005
2022-06,11,TVW3,0.5,0.3499999999999995
2022-06,11,TVW3,0.75,0.3500000000000001
2022-06,11,TVW3,0.9,0.15000000000000005
2022-06,12,TVW1,0.25,0.20000000000000012
2022-06,12,TVW1,0.5,0.4
2022-06,12,TVW1,0.75,0.3999999999999999
2022-06,12,TVW2,0.3333333333333333,0.2
2022-06,12,TVW2,0.5,0.4
2022-06,12,TVW2,0.6666666666666666,0.4
2022-06,12,TVW3,0.1,4.85722573273506e-16
2022-06,12,TVW3,0.25,0.15000000000000055
2022-06,12,TVW3,0.5,0.35
2022-06,12,TVW3,0.75,0.34999999999999987
2022-06,12,TVW3,0.9,0.14999999999999913
2022-06,13,TVW1,0.25,0.2
2022-06,13,TVW1,0.5,0.40000000000000036
2022-06,13,TVW1,0.75,0.3999999999999998
2022-06,13,TVW2,0.3333333333333333,0.2
2022-06,13,TVW2,0.5,0.40000000000000013
2022-06,13,TVW2,0.6666666666666666,0.4
2022-06,13,TVW3,0.1,6.383782391594651e-16
2022-06,13,TVW3,0.25,0.15000000000000002
2022-06,13,TVW3,0.5,0.3499999999999997
2022-06,13,TVW3,0.75,0.35000000000000003
2022-06,13,TVW3,0.9,0.14999999999999966
2022-07,1,TVW1,0.25,0.20000000000000015
2022-07,1,TVW1,0.5,0.4
2022-07,1,TVW1,0.75,0.3999999999999999
2022-07,1,TVW2,0.3333333333333333,0.2
2022-07,1,TVW2,0.5,0.4000000000000001
2022-07,1,TVW2,0.6666666666666666,0.4
2022-07,1,TVW3,0.1,3.7470027081099033e-16
2022-07,1,TVW3,0.25,0.15
2022-07,1,TVW3,0.5,0.35000000000000003
2022-07,1,TVW3,0.75,0.35
2022-07,1,TVW3,0.9,0.14999999999999952
2022-07,2,TVW1,0.25,0.2
2022-07,2,TVW1,0.5,0.4
2022-07,2,TVW1,0.75,0.4
2022-07,2,TVW2,0.3333333333333333,0.20000000000000012
2022-07,2,TVW2,0.5,0.39999999999999997
2022-07,2,TVW2,0.6666666666666666,0.4
2022-07,2,TVW3,0.1,1.526556658859591e-16
2022-07,2,TVW3,0.25,0.15000000000000008
2022-07,2,TVW3,0.5,0.34999999999999953
2022-07,2,TVW3,0.75,0.3500000000000002
2022-07,2,TVW3,0.9,0.15000000000000008
2022-07,3,TVW1,0.25,0.20000000000000018
2022-07,3,TVW1,0.5,0.3999999999999999
2022-07,3,TVW1,0.75,0.39999999999999974
2022-07,3,TVW2,0.3333333333333333,0.20000000000000004
2022-07,3,TVW2,0.5,0.39999999999999997
2022-07,3,TVW2,0.6666666666666666,0.4
2022-07,3,TVW3,0.1,1.6514567491299204e-15
2022-07,3,TVW3,0.25,0.15
2022-07,3,TVW3,0.5,0.3500000000000013
2022-07,3,TVW3,0.75,0.34999999999999987
2022-07,3,TVW3,0.9,0.1499999999999972
2022-07,4,TVW1,0.25,0.2
2022-07,4,TVW1,0.5,0.4000000000000001
2022-07,4,TVW1,0.75,0.39999999999999997
2022-07,4,TVW2,0.3333333333333333,0.20000000000000012
2022-07,4,TVW2,0.5,0.39999999999999997
2022-07,4,TVW2,0.6666666666666666,0.4
2022-07,4,TVW3,0.1,0.0
2022-07,4,TVW3,0.25,0.14999999999999997
2022-07,4,TVW3,0.5,0.35000000000000014
2022-07,4,TVW3,0.75,0.3499999999999999
2022-07,4,TVW3,0.9,0.14999999999999997
2022-07,5,TVW1,0.25,0.2
2022-07,5,TVW1,0.5,0.4
2022-07,5,TVW1,0.75,0.4
2022-07,5,TVW2,0.3333333333333333,0.2000000000000001
2022-07,5,TVW2,0.5,0.40000000000000013
2022-07,5,TVW2,0.6666666666666666,0.3999999999999999
2022-07,5,TVW3,0.1,1.1934897514720433e-15
2022-07,5,TVW3,0.25,0.15000000000000036
2022-07,5,TVW3,0.5,0.3500000000000003
2022-07,5,TVW3,0.75,0.34999999999999953
2022-07,5,TVW3,0.9,0.14999999999999855
2022-07,6,TVW1,0.25,0.20000000000000012
2022-07,6,TVW1,0.5,0.4
2022-07,6,TVW1,0.75,0.3999999999999999
2022-07,6,TVW2,0.3333333333333333,0.2
2022-07,6,TVW2,0.5,0.4000000000000001
2022-07,6,TVW2,0.6666666666666666,0.4
2022-07,6,TVW3,0.1,0.0
2022-07,6,TVW3,0.25,0.15
2022-07,6,TVW3,0.5,0.35000000000000003
2022-07,6,TVW3,0.75,0.35
2022-07,6,TVW3,0.9,0.15
2022-07,7,TVW1,0.25,0.20000000000000007
2022-07,7,TVW1,0.5,0.4
2022-07,7,TVW1,0.75,0.4
2022-07,7,TVW2,0.3333333333333333,0.2
2022-07,7,TVW2,0.5,0.4000000000000001
2022-07,7,TVW2,0.6666666666666666,0.4
2022-07,7,TVW3,0.1,0.0
2022-07,7,TVW3,0.25,0.14999999999999997
2022-07,7,TVW3,0.5,0.3500000000000003
2022-07,7,TVW3,0.75,0.3499999999999999
2022-07,7,TVW3,0.9,0.14999999999999997
2022-07,8,TVW1,0.25,0.2
2022-07,8,TVW1,0.5,0.4
2022-07,8,TVW1,0.75,0.4
2022-07,8,TVW2,0.3333333333333333,0.2
2022-07,8,TVW2,0.5,0.4000000000000001
2022-07,8,TVW2,0.6666666666666666,0.4
2022-07,8,TVW3,0.1,0.0
2022-07,8,TVW3,0.25,0.1500000000000001
2022-07,8,TVW3,0.5,0.34999999999999964
2022-07,8,TVW3,0.75,0.3500000000000001
2022-07,8,TVW3,0.9,0.1500000000000001
2022-07,9,TVW1,0.25,0.2
2022-07,9,TVW1,0.5,0.4
2022-07,9,TVW1,0.75,0.4
2022-07,9,TVW2,0.3333333333333333,0.20000000000000007
2022-07,9,TVW2,0.5,0.4000000000000001
2022-07,9,TVW2,0.6666666666666666,0.4
2022-07,9,TVW3,0.1,7.771561172376097e-16
2022-07,9,TVW3,0.25,0.15000000000000022
2022-07,9,TVW3,0.5,0.3500000000000005
2022-07,9,TVW3,0.75,0.3499999999999999
2022-07,9,TVW3,0.9,0.1499999999999987
2022-07,10,TVW1,0.25,0.2
2022-07,10,TVW1,0.5,0.40000000000000013
2022-07,10,TVW1,0.75,0.3999999999999999
2022-07,10,TVW2,0.3333333333333333,0.2
2022-07,10,TVW2,0.5,0.4000000000000001
2022-07,10,TVW2,0.6666666666666666,0.4
2022-07,10,TVW3,0.1,0.0
2022-07,10,TVW3,0.25,0.15000000000000008
2022-07,10,TVW3,0.5,0.34999999999999964
2022-07,10,TVW3,0.75,0.3500000000000002
2022-07,10,TVW3,0.9,0.15000000000000008
2022-07,11,TVW1,0.25,0.20000000000000004
2022-07,11,TVW1,0.5,0.4
2022-07,11,TVW1,0.75,0.39999999999999997
2022-07,11,TVW2,0.3333333333333333,0.2
2022-07,11,TVW2,0.5,0.4000000000000001
2022-07,11,TVW2,0.6666666666666666,0.4
2022-07,11,TVW3,0.1,0.0
2022-07,11,TVW3,0.25,0.1500000000000001
2022-07,11,TVW3,0.5,0.3499999999999995
2022-07,11,TVW3,0.75,0.35000000000000026
2022-07,11,TVW3,0.9,0.1500000000000001
2022-07,12,TVW1,0.25,0.2000000000000007
2022-07,12,TVW1,0.5,0.4
2022-07,12,TVW1,0.75,0.39999999999999936
2022-07,12,TVW2,0.3333333333333333,0.20000000000000012
2022-07,12,TVW2,0.5,0.39999999999999997
2022-07,12,TVW2,0.6666666666666666,0.4
2022-07,12,TVW3,0.1,0.0
2022-07,12,TVW3,0.25,0.14999999999999994
2022-07,12,TVW3,0.5,0.35000000000000026
2022-07,12,TVW3,0.75,0.3499999999999998
2022-07,12,TVW3,0.9,0.14999999999999994
2022-07,13,TVW1,0.25,0.2
2022-07,13,TVW1,0.5,0.4000000000000001
2022-07,13,TVW1,0.75,0.4
2022-07,13,TVW2,0.3333333333333333,0.2000000000000001
2022-07,13,TVW2,0.5,0.4000000000000001
2022-07,13,TVW2,0.6666666666666666,0.3999999999999999
2022-07,13,TVW3,0.1,0.0
2022-07,13,TVW3,0.25,0.14999999999999994
2022-07,13,TVW3,0.5,0.35000000000000064
2022-07,13,TVW3,0.75,0.3499999999999995
2022-07,13,TVW3,0.9,0.14999999999999994
2022-08,1,TVW1,0.25,0.2000000000000002
2022-08,1,TVW1,0.5,0.4
2022-08,1,TVW1,0.75,0.3999999999999998
2022-08,1,TVW2,0.3333333333333333,0.2
2022-08,1,TVW2,0.5,0.4000000000000001
2022-08,1,TVW2,0.6666666666666666,0.4
2022-08,1,TVW3,0.1,3.885780586188048e-16
2022-08,1,TVW3,0.25,0.15000000000000002
2022-08,1,TVW3,0.5,0.35000000000000014
2022-08,1,TVW3,0.75,0.34999999999999987
2022-08,1,TVW3,0.9,0.14999999999999952
2022-08,2,TVW1,0.25,0.2
2022-08,2,TVW1,0.5,0.4000000000000001
2022-08,2,TVW1,0.75,0.39999999999999997
2022-08,2,TVW2,0.3333333333333333,0.20000000000000012
2022-08,2,TVW2,0.5,0.4
2022-08,2,TVW2,0.6666666666666666,0.39999999999999997
2022-08,2,TVW3,0.1,3.6082248300317573e-16
2022-08,2,TVW3,0.25,0.14999999999999994
2022-08,2,TVW3,0.5,0.3500000000000003
2022-08,2,TVW3,0.75,0.3499999999999998
2022-08,2,TVW3,0.9,0.1499999999999994
2022-08,3,TVW1,0.25,0.20000000000000034
2022-08,3,TVW1,0.5,0.4000000000000001
2022-08,3,TVW1,0.75,0.3999999999999996
2022-08,3,TVW2,0.3333333333333333,0.2
2022-08,3,TVW2,0.5,0.40000000000000013
2022-08,3,TVW2,0.6666666666666666,0.4
2022-08,3,TVW3,0.1,1.2490009027033013e-15
2022-08,3,TVW3,0.25,0.15000000000000044
2022-08,3,TVW3,0.5,0.35000000000000053
2022-08,3,TVW3,0.75,0.3499999999999998
2022-08,3,TVW3,0.9,0.14999999999999805
2022-08,4,TVW1,0.25,0.20000000000000004
2022-08,4,TVW1,0.5,0.4
2022-08,4,TVW1,0.75,0.3999999999999999
2022-08,4,TVW2,0.3333333333333333,0.2
2022-08,4,TVW2,0.5,0.4
2022-08,4,TVW2,0.6666666666666666,0.4
2022-08,4,TVW3,0.1,0.0
2022-08,4,TVW3,0.25,0.14999999999999997
2022-08,4,TVW3,0.5,0.3500000000000004
2022-08,4,TVW3,0.75,0.3499999999999999
2022-08,4,TVW3,0.9,0.14999999999999983
2022-08,5,TVW1,0.25,0.20000000000000004
2022-08,5,TVW1,0.5,0.4
2022-08,5,TVW1,0.75,0.3999999999999999
2022-08,5,TVW2,0.3333333333333333,0.20000000000000004
2022-08,5,TVW2,0.5,0.4
2022-08,5,TVW2,0.6666666666666666,0.4
2022-08,5,TVW3,0.1,0.0
2022-08,5,TVW3,0.25,0.15000000000000005
2022-08,5,TVW3,0.5,0.3500000000000003
2022-08,5,TVW3,0.75,0.3499999999999999
2022-08,5,TVW3,0.9,0.14999999999999974
2022-08,6,TVW1,0.25,0.20000000000000007
2022-08,6,TVW1,0.5,0.4
2022-08,6,TVW1,0.75,0.4
2022-08,6,TVW2,0.3333333333333333,0.2
2022-08,6,TVW2,0.5,0.39999999999999997
2022-08,6,TVW2,0.6666666666666666,0.4
2022-08,6,TVW3,0.1,2.9143354396410364e-16
2022-08,6,TVW3,0.25,0.15000000000000002
2022-08,6,TVW3,0.5,0.3500000000000005
2022-08,6,TVW3,0.75,0.35000000000000003
2022-08,6,TVW3,0.9,0.14999999999999927
2022-08,7,TVW1,0.25,0.20000000000000007
2022-08,7,TVW1,0.5,0.4
2022-08,7,TVW1,0.75,0.4
2022-08,7,TVW2,0.3333333333333333,0.2
2022-08,7,TVW2,0.5,0.4
2022-08,7,TVW2,0.6666666666666666,0.4
2022-08,7,TVW3,0.1,0.0
2022-08,7,TVW3,0.25,0.14999999999999997
2022-08,7,TVW3,0.5,0.35000000000000026
2022-08,7,TVW3,0.75,0.3499999999999999
2022-08,7,TVW3,0.9,0.14999999999999997
2022-08,8,TVW1,0.25,0.20000000000000012
2022-08,8,TVW1,0.5,0.4
2022-08,8,TVW1,0.75,0.3999999999999999
2022-08,8,TVW2,0.3333333333333333,0.20000000000000007
2022-08,8,TVW2,0.5,0.39999999999999997
2022-08,8,TVW2,0.6666666666666666,0.4
2022-08,8,TVW3,0.1,0.0
2022-08,8,TVW3,0.25,0.1500000000000003
2022-08,8,TVW3,0.5,0.34999999999999976
2022-08,8,TVW3,0.75,0.3499999999999999
2022-08,8,TVW3,0.9,0.15000000000000005
2022-08,9,TVW1,0.25,0.2
2022-08,9,TVW1,0.5,0.4
2022-08,9,TVW1,0.75,0.3999999999999999
2022-08,9,TVW2,0.3333333333333333,0.2
2022-08,9,TVW2,0.5,0.4000000000000001
2022-08,9,TVW2,0.6666666666666666,0.4
2022-08,9,TVW3,0.1,0.0
2022-08,9,TVW3,0.25,0.1500000000000004
2022-08,9,TVW3,0.5,0.3499999999999995
2022-08,9,TVW3,0.75,0.35000000000000003
2022-08,9,TVW3,0.9,0.15000000000000002
2022-08,10,TVW1,0.25,0.2
2022-08,10,TVW1,0.5,0.4
2022-08,10,TVW1,0.75,0.4
2022-08,10,TVW2,0.3333333333333333,0.2
2022-08,10,TVW2,0.5,0.4000000000000001
2022-08,10,TVW2,0.6666666666666666,0.4
2022-08,10,TVW3,0.1,0.0
2022-08,10,TVW3,0.25,0.15
2022-08,10,TVW3,0.5,0.35000000000000014
2022-08,10,TVW3,0.75,0.35
2022-08,10,TVW3,0.9,0.15
2022-08,11,TVW1,0.25,0.2
2022-08,11,TVW1,0.5,0.4
2022-08,11,TVW1,0.75,0.4
2022-08,11,TVW2,0.3333333333333333,0.2
2022-08,11,TVW2,0.5,0.4
2022-08,11,TVW2,0.6666666666666666,0.4
2022-08,11,TVW3,0.1,0.0
2022-08,11,TVW3,0.25,0.14999999999999994
2022-08,11,TVW3,0.5,0.35000000000000026
2022-08,11,TVW3,0.75,0.3499999999999998
2022-08,11,TVW3,0.9,0.14999999999999994
2022-08,12,TVW1,0.25,0.20000000000000012
2022-08,12,TVW1,0.5,0.4
2022-08,12,TVW1,0.75,0.39999999999999986
2022-08,12,TVW2,0.3333333333333333,0.2
2022-08,12,TVW2,0.5,0.4000000000000001
2022-08,12,TVW2,0.6666666666666666,0.4
2022-08,12,TVW3,0.1,3.053113317719179e-16
2022-08,12,TVW3,0.25,0.14999999999999994
2022-08,12,TVW3,0.5,0.3499999999999999
2022-08,12,TVW3,0.75,0.3499999999999998
2022-08,12,TVW3,0.9,0.14999999999999994
2022-08,13,TVW1,0.25,0.20000000000000018
2022-08,13,TVW1,0.5,0.4
2022-08,13,TVW1,0.75,0.39999999999999974
2022-08,13,TVW2,0.3333333333333333,0.19999999999999996
2022-08,13,TVW2,0.5,0.4000000000000001
2022-08,13,TVW2,0.6666666666666666,0.3999999999999999
2022-08,13,TVW3,0.1,0.0
2022-08,13,TVW3,0.25,0.15
2022-08,13,TVW3,0.5,0.3500000000000001
2022-08,13,TVW3,0.75,0.35
2022-08,13,TVW3,0.9,0.15
2022-09,1,TVW1,0.25,0.20000000000000012
2022-09,1,TVW1,0.5,0.4000000000000001
2022-09,1,TVW1,0.75,0.39999999999999986
2022-09,1,TVW2,0.3333333333333333,0.20000000000000007
2022-09,1,TVW2,0.5,0.39999999999999997
2022-09,1,TVW2,0.6666666666666666,0.39999999999999986
2022-09,1,TVW3,0.1,0.0
2022-09,1,TVW3,0.25,0.15000000000000013
2022-09,1,TVW3,0.5,0.35000000000000075
2022-09,1,TVW3,0.75,0.35
2022-09,1,TVW3,0.9,0.1499999999999992
2022-09,2,TVW1,0.25,0.2
2022-09,2,TVW1,0.5,0.4
2022-09,2,TVW1,0.75,0.4
2022-09,2,TVW2,0.3333333333333333,0.2
2022-09,2,TVW2,0.5,0.4000000000000001
2022-09,2,TVW2,0.6666666666666666,0.4
2022-09,2,TVW3,0.1,0.0
2022-09,2,TVW3,0.25,0.14999999999999994
2022-09,2,TVW3,0.5,0.3500000000000004
2022-09,2,TVW3,0.75,0.3499999999999998
2022-09,2,TVW3,0.9,0.14999999999999994
2022-09,3,TVW1,0.25,0.20000000000000012
2022-09,3,TVW1,0.5,0.4
2022-09,3,TVW1,0.75,0.3999999999999999
2022-09,3,TVW2,0.3333333333333333,0.20000000000000004
2022-09,3,TVW2,0.5,0.4
2022-09,3,TVW2,0.6666666666666666,0.4
2022-09,3,TVW3,0.1,0.0
2022-09,3,TVW3,0.25,0.15000000000000036
2022-09,3,TVW3,0.5,0.34999999999999937
2022-09,3,TVW3,0.75,0.35000000000000014
2022-09,3,TVW3,0.9,0.1500000000000001
2022-09,4,TVW1,0.25,0.2
2022-09,4,TVW1,0.5,0.4000000000000001
2022-09,4,TVW1,0.75,0.4
2022-09,4,TVW2,0.3333333333333333,0.2
2022-09,4,TVW2,0.5,0.4000000000000001
2022-09,4,TVW2,0.6666666666666666,0.4
2022-09,4,TVW3,0.1,0.0
2022-09,4,TVW3,0.25,0.1500000000000008
2022-09,4,TVW3,0.5,0.34999999999999964
2022-09,4,TVW3,0.75,0.34999999999999976
2022-09,4,TVW3,0.9,0.1499999999999999
2022-09,5,TVW1,0.25,0.2
2022-09,5,TVW1,0.5,0.4
2022-09,5,TVW1,0.75,0.4
2022-09,5,TVW2,0.3333333333333333,0.2
2022-09,5,TVW2,0.5,0.4000000000000001
2022-09,5,TVW2,0.6666666666666666,0.4
2022-09,5,TVW3,0.1,4.718447854656915e-16
2022-09,5,TVW3,0.25,0.15
2022-09,5,TVW3,0.5,0.3499999999999999
2022-09,5,TVW3,0.75,0.34999999999999987
2022-09,5,TVW3,0.9,0.1499999999999998
2022-09,6,TVW1,0.25,0.2
2022-09,6,TVW1,0.5,0.4
2022-09,6,TVW1,0.75,0.4
2022-09,6,TVW2,0.3333333333333333,0.2
2022-09,6,TVW2,0.5,0.40000000000000013
2022-09,6,TVW2,0.6666666666666666,0.4
2022-09,6,TVW3,0.1,0.0
2022-09,6,TVW3,0.25,0.1500000000000001
2022-09,6,TVW3,0.5,0.34999999999999953
2022-09,6,TVW3,0.75,0.3500000000000002
2022-09,6,TVW3,0.9,0.1500000000000001
2022-09,7,TVW1,0.25,0.2
2022-09,7,TVW1,0.5,0.4
2022-09,7,TVW1,0.75,0.4
2022-09,7,TVW2,0.3333333333333333,0.20000000000000004
2022-09,7,TVW2,0.5,0.4
2022-09,7,TVW2,0.6666666666666666,0.4
2022-09,7,TVW3,0.1,0.0
2022-09,7,TVW3,0.25,0.15000000000000002
2022-09,7,TVW3,0.5,0.3499999999999998
2022-09,7,TVW3,0.75,0.35000000000000003
2022-09,7,TVW3,0.9,0.15000000000000002
2022-09,8,TVW1,0.25,0.20000000000000004
2022-09,8,TVW1,0.5,0.4
2022-09,8,TVW1,0.75,0.39999999999999997
2022-09,8,TVW2,0.3333333333333333,0.2000000000000001
2022-09,8,TVW2,0.5,0.4000000000000001
2022-09,8,TVW2,0.6666666666666666,0.3999999999999999
2022-09,8,TVW3,0.1,2.636779683484747e-16
2022-09,8,TVW3,0.25,0.15
2022-09,8,TVW3,0.5,0.35000000000000003
2022-09,8,TVW3,0.75,0.35
2022-09,8,TVW3,0.9,0.14999999999999986
2022-09,9,TVW1,0.25,0.2000000000000003
2022-09,9,TVW1,0.5,0.4
2022-09,9,TVW1,0.75,0.39999999999999974
2022-09,9,TVW2,0.3333333333333333,0.2
2022-09,9,TVW2,0.5,0.4000000000000001
2022-09,9,TVW2,0.6666666666666666,0.4
2022-09,9,TVW3,0.1,4.857225732735061e-16
2022-09,9,TVW3,0.25,0.15000000000000047
2022-09,9,TVW3,0.5,0.35000000000000037
2022-09,9,TVW3,0.75,0.34999999999999964
2022-09,9,TVW3,0.9,0.14999999999999916
2022-09,10,TVW1,0.25,0.2
2022-09,10,TVW1,0.5,0.4
2022-09,10,TVW1,0.75,0.4
2022-09,10,TVW2,0.3333333333333333,0.2
2022-09,10,TVW2,0.5,0.4000000000000001
2022-09,10,TVW2,0.6666666666666666,0.4
2022-09,10,TVW3,0.1,0.0
2022-09,10,TVW3,0.25,0.14999999999999997
2022-09,10,TVW3,0.5,0.35000000000000026
2022-09,10,TVW3,0.75,0.34999999999999987
2022-09,10,TVW3,0.9,0.14999999999999997
2022-09,11,TVW1,0.25,0.2000000000000001
2022-09,11,TVW1,0.5,0.4
2022-09,11,TVW1,0.75,0.4
2022-09,11,TVW2,0.3333333333333333,0.2
2022-09,11,TVW2,0.5,0.4000000000000001
2022-09,11,TVW2,0.6666666666666666,0.4
2022-09,11,TVW3,0.1,6.522560269672796e-16
2022-09,11,TVW3,0.25,0.1500000000000003
2022-09,11,TVW3,0.5,0.3500000000000001
2022-09,11,TVW3,0.75,0.35000000000000003
2022-09,11,TVW3,0.9,0.149999999999999
2022-09,12,TVW1,0.25,0.2
2022-09,12,TVW1,0.5,0.40000000000000013
2022-09,12,TVW1,0.75,0.3999999999999999
2022-09,12,TVW2,0.3333333333333333,0.20000000000000012
2022-09,12,TVW2,0.5,0.4
2022-09,12,TVW2,0.6666666666666666,0.4
2022-09,12,TVW3,0.1,0.0
2022-09,12,TVW3,0.25,0.15000000000000013
2022-09,12,TVW3,0.5,0.35000000000000114
2022-09,12,TVW3,0.75,0.34999999999999964
2022-09,12,TVW3,0.9,0.14999999999999902
2022-09,13,TVW1,0.25,0.2
2022-09,13,TVW1,0.5,0.4000000000000001
2022-09,13,TVW1,0.75,0.3999999999999999
2022-09,13,TVW2,0.3333333333333333,0.2
2022-09,13,TVW2,0.5,0.4
2022-09,13,TVW2,0.6666666666666666,0.4
2022-09,13,TVW3,0.1,2.636779683484747e-16
2022-09,13,TVW3,0.25,0.15000000000000022
2022-09,13,TVW3,0.5,0.3500000000000004
2022-09,13,TVW3,0.75,0.35
2022-09,13,TVW3,0.9,0.14999999999999913
2022-10,1,TVW1,0.25,0.20000000000000012
2022-10,1,TVW1,0.5,0.4
2022-10,1,TVW1,0.75,0.3999999999999999
2022-10,1,TVW2,0.3333333333333333,0.20000000000000007
2022-10,1,TVW2,0.5,0.4
2022-10,1,TVW2,0.6666666666666666,0.4
2022-10,1,TVW3,0.1,0.0
2022-10,1,TVW3,0.25,0.15000000000000013
2022-10,1,TVW3,0.5,0.35
2022-10,1,TVW3,0.75,0.3499999999999999
2022-10,1,TVW3,0.9,0.14999999999999994
2022-10,2,TVW1,0.25,0.2
2022-10,2,TVW1,0.5,0.4
2022-10,2,TVW1,0.75,0.4
2022-10,2,TVW2,0.3333333333333333,0.2
2022-10,2,TVW2,0.5,0.4000000000000001
2022-10,2,TVW2,0.6666666666666666,0.4
2022-10,2,TVW3,0.1,2.2204460492503136e-16
2022-10,2,TVW3,0.25,0.15000000000000022
2022-10,2,TVW3,0.5,0.34999999999999987
2022-10,2,TVW3,0.75,0.35000000000000003
2022-10,2,TVW3,0.9,0.14999999999999974
2022-10,3,TVW1,0.25,0.2
2022-10,3,TVW1,0.5,0.4
2022-10,3,TVW1,0.75,0.39999999999999997
2022-10,3,TVW2,0.3333333333333333,0.2
2022-10,3,TVW2,0.5,0.4000000000000001
2022-10,3,TVW2,0.6666666666666666,0.4
2022-10,3,TVW3,0.1,2.775557561562892e-17
2022-10,3,TVW3,0.25,0.1500000000000001
2022-10,3,TVW3,0.5,0.35000000000000037
2022-10,3,TVW3,0.75,0.34999999999999976
2022-10,3,TVW3,0.9,0.14999999999999983
2022-10,4,TVW1,0.25,0.20000000000000023
2022-10,4,TVW1,0.5,0.4
2022-10,4,TVW1,0.75,0.39999999999999974
2022-10,4,TVW2,0.3333333333333333,0.2
2022-10,4,TVW2,0.5,0.4000000000000001
2022-10,4,TVW2,0.6666666666666666,0.4
2022-10,4,TVW3,0.1,1.387778780781446e-16
2022-10,4,TVW3,0.25,0.15000000000000002
2022-10,4,TVW3,0.5,0.3499999999999999
2022-10,4,TVW3,0.75,0.35
2022-10,4,TVW3,0.9,0.15000000000000002
2022-10,5,TVW1,0.25,0.2
2022-10,5,TVW1,0.5,0.4
2022-10,5,TVW1,0.75,0.4
2022-10,5,TVW2,0.3333333333333333,0.2
2022-10,5,TVW2,0.5,0.4000000000000001
2022-10,5,TVW2,0.6666666666666666,0.4
2022-10,5,TVW3,0.1,9.71445146547012e-17
2022-10,5,TVW3,0.25,0.15
2022-10,5,TVW3,0.5,0.3500000000000001
2022-10,5,TVW3,0.75,0.3499999999999999
2022-10,5,TVW3,0.9,0.15
2022-10,6,TVW1,0.25,0.2
2022-10,6,TVW1,0.5,0.4
2022-10,6,TVW1,0.75,0.4
2022-10,6,TVW2,0.3333333333333333,0.2
2022-10,6,TVW2,0.5,0.4
2022-10,6,TVW2,0.6666666666666666,0.4
2022-10,6,TVW3,0.1,1.665334536937735e-16
2022-10,6,TVW3,0.25,0.15000000000000002
2022-10,6,TVW3,0.5,0.3499999999999999
2022-10,6,TVW3,0.75,0.35000000000000003
2022-10,6,TVW3,0.9,0.14999999999999994
2022-10,7,TVW1,0.25,0.2
2022-10,7,TVW1,0.5,0.4
2022-10,7,TVW1,0.75,0.4
2022-10,7,TVW2,0.3333333333333333,0.2
2022-10,7,TVW2,0.5,0.4
2022-10,7,TVW2,0.6666666666666666,0.4
2022-10,7,TVW3,0.1,8.326672684688675e-17
2022-10,7,TVW3,0.25,0.15000000000000002
2022-10,7,TVW3,0.5,0.35000000000000026
2022-10,7,TVW3,0.75,0.35000000000000003
2022-10,7,TVW3,0.9,0.1499999999999997
2022-10,8,TVW1,0.25,0.2
2022-10,8,TVW1,0.5,0.4
2022-10,8,TVW1,0.75,0.39999999999999997
2022-10,8,TVW2,0.3333333333333333,0.2
2022-10,8,TVW2,0.5,0.40000000000000013
2022-10,8,TVW2,0.6666666666666666,0.4
2022-10,8,TVW3,0.1,0.0
2022-10,8,TVW3,0.25,0.1500000000000001
2022-10,8,TVW3,0.5,0.34999999999999987
2022-10,8,TVW3,0.75,0.35000000000000003
2022-10,8,TVW3,0.9,0.15000000000000002
2022-10,9,TVW1,0.25,0.2
2022-10,9,TVW1,0.5,0.4
2022-10,9,TVW1,0.75,0.4
2022-10,9,TVW2,0.3333333333333333,0.2
2022-10,9,TVW2,0.5,0.4
2022-10,9,TVW2,0.6666666666666666,0.4
2022-10,9,TVW3,0.1,1.249000902703301e-16
2022-10,9,TVW3,0.25,0.15
2022-10,9,TVW3,0.5,0.35
2022-10,9,TVW3,0.75,0.34999999999999987
2022-10,9,TVW3,0.9,0.15
2022-10,10,TVW1,0.25,0.2
2022-10,10,TVW1,0.5,0.4000000000000001
2022-10,10,TVW1,0.75,0.4
2022-10,10,TVW2,0.3333333333333333,0.2
2022-10,10,TVW2,0.5,0.4000000000000001
2022-10,10,TVW2,0.6666666666666666,0.4
2022-10,10,TVW3,0.1,5.967448757360217e-16
2022-10,10,TVW3,0.25,0.15000000000000002
2022-10,10,TVW3,0.5,0.3500000000000003
2022-10,10,TVW3,0.75,0.35
2022-10,10,TVW3,0.9,0.14999999999999916
2022-10,11,TVW1,0.25,0.2
2022-10,11,TVW1,0.5,0.4
2022-10,11,TVW1,0.75,0.3999999999999999
2022-10,11,TVW2,0.3333333333333333,0.2
2022-10,11,TVW2,0.5,0.4000000000000001
2022-10,11,TVW2,0.6666666666666666,0.4
2022-10,11,TVW3,0.1,4.85722573273506e-16
2022-10,11,TVW3,0.25,0.15
2022-10,11,TVW3,0.5,0.35000000000000037
2022-10,11,TVW3,0.75,0.35
2022-10,11,TVW3,0.9,0.14999999999999916
2022-10,12,TVW1,0.25,0.2
2022-10,12,TVW1,0.5,0.4
2022-10,12,TVW1,0.75,0.3999999999999999
2022-10,12,TVW2,0.3333333333333333,0.2
2022-10,12,TVW2,0.5,0.4000000000000001
2022-10,12,TVW2,0.6666666666666666,0.4
2022-10,12,TVW3,0.1,2.220446049250313e-16
2022-10,12,TVW3,0.25,0.15
2022-10,12,TVW3,0.5,0.35000000000000014
2022-10,12,TVW3,0.75,0.3499999999999999
2022-10,12,TVW3,0.9,0.14999999999999972
2022-10,13,TVW1,0.25,0.2
2022-10,13,TVW1,0.5,0.4
2022-10,13,TVW1,0.75,0.39999999999999997
2022-10,13,TVW2,0.3333333333333333,0.2
2022-10,13,TVW2,0.5,0.40000000000000013
2022-10,13,TVW2,0.6666666666666666,0.4
2022-10,13,TVW3,0.1,8.326672684688677e-17
2022-10,13,TVW3,0.25,0.15000000000000005
2022-10,13,TVW3,0.5,0.35000000000000014
2022-10,13,TVW3,0.75,0.35000000000000003
2022-10,13,TVW3,0.9,0.14999999999999966
2022-11,1,TVW1,0.25,0.20000000000000004
2022-11,1,TVW1,0.5,0.4
2022-11,1,TVW1,0.75,0.3999999999999999
2022-11,1,TVW2,0.3333333333333333,0.2
2022-11,1,TVW2,0.5,0.4000000000000001
2022-11,1,TVW2,0.6666666666666666,0.4
2022-11,1,TVW3,0.1,1.2490009027033014e-16
2022-11,1,TVW3,0.25,0.15000000000000002
2022-11,1,TVW3,0.5,0.3499999999999998
2022-11,1,TVW3,0.75,0.3499999999999999
2022-11,1,TVW3,0.9,0.15000000000000002
2022-11,2,TVW1,0.25,0.2
2022-11,2,TVW1,0.5,0.4
2022-11,2,TVW1,0.75,0.4
2022-11,2,TVW2,0.3333333333333333,0.2
2022-11,2,TVW2,0.5,0.4000000000000001
2022-11,2,TVW2,0.6666666666666666,0.4
2022-11,2,TVW3,0.1,1.1102230246251568e-16
2022-11,2,TVW3,0.25,0.15000000000000002
2022-11,2,TVW3,0.5,0.3499999999999997
2022-11,2,TVW3,0.75,0.35000000000000003
2022-11,2,TVW3,0.9,0.15000000000000002
2022-11,3,TVW1,0.25,0.20000000000000012
2022-11,3,TVW1,0.5,0.4
2022-11,3,TVW1,0.75,0.39999999999999986
2022-11,3,TVW2,0.3333333333333333,0.2
2022-11,3,TVW2,0.5,0.4000000000000001
2022-11,3,TVW2,0.6666666666666666,0.4
2022-11,3,TVW3,0.1,0.0
2022-11,3,TVW3,0.25,0.15000000000000005
2022-11,3,TVW3,0.5,0.34999999999999987
2022-11,3,TVW3,0.75,0.35000000000000003
2022-11,3,TVW3,0.9,0.15000000000000005
2022-11,4,TVW1,0.25,0.2
2022-11,4,TVW1,0.5,0.4
2022-11,4,TVW1,0.75,0.4
2022-11,4,TVW2,0.3333333333333333,0.2
2022-11,4,TVW2,0.5,0.4000000000000001
2022-11,4,TVW2,0.6666666666666666,0.4
2022-11,4,TVW3,0.1,4.996003610813204e-16
2022-11,4,TVW3,0.25,0.15000000000000024
2022-11,4,TVW3,0.5,0.3500000000000001
2022-11,4,TVW3,0.75,0.3499999999999999
2022-11,4,TVW3,0.9,0.1499999999999992
2022-11,5,TVW1,0.25,0.20000000000000018
2022-11,5,TVW1,0.5,0.4
2022-11,5,TVW1,0.75,0.39999999999999986
2022-11,5,TVW2,0.3333333333333333,0.2
2022-11,5,TVW2,0.5,0.4
2022-11,5,TVW2,0.6666666666666666,0.4
2022-11,5,TVW3,0.1,2.359223927328458e-16
2022-11,5,TVW3,0.25,0.1500000000000001
2022-11,5,TVW3,0.5,0.35000000000000003
2022-11,5,TVW3,0.75,0.3499999999999999
2022-11,5,TVW3,0.9,0.1499999999999998
2022-11,6,TVW1,0.25,0.2
2022-11,6,TVW1,0.5,0.4
2022-11,6,TVW1,0.75,0.39999999999999997
2022-11,6,TVW2,0.3333333333333333,0.2
2022-11,6,TVW2,0.5,0.4
2022-11,6,TVW2,0.6666666666666666,0.4
2022-11,6,TVW3,0.1,2.2204460492503136e-16
2022-11,6,TVW3,0.25,0.1500000000000001
2022-11,6,TVW3,0.5,0.35
2022-11,6,TVW3,0.75,0.35000000000000003
2022-11,6,TVW3,0.9,0.14999999999999974
2022-11,7,TVW1,0.25,0.20000000000000012
2022-11,7,TVW1,0.5,0.4
2022-11,7,TVW1,0.75,0.39999999999999986
2022-11,7,TVW2,0.3333333333333333,0.2
2022-11,7,TVW2,0.5,0.4
2022-11,7,TVW2,0.6666666666666666,0.4
2022-11,7,TVW3,0.1,0.0
2022-11,7,TVW3,0.25,0.15000000000000002
2022-11,7,TVW3,0.5,0.3499999999999999
2022-11,7,TVW3,0.75,0.35000000000000003
2022-11,7,TVW3,0.9,0.15000000000000002
2022-11,8,TVW1,0.25,0.2
2022-11,8,TVW1,0.5,0.40000000000000013
2022-11,8,TVW1,0.75,0.4
2022-11,8,TVW2,0.3333333333333333,0.2
2022-11,8,TVW2,0.5,0.4000000000000001
2022-11,8,TVW2,0.6666666666666666,0.4
2022-11,8,TVW3,0.1,0.0
2022-11,8,TVW3,0.25,0.15000000000000005
2022-11,8,TVW3,0.5,0.3499999999999998
2022-11,8,TVW3,0.75,0.3500000000000001
2022-11,8,TVW3,0.9,0.15000000000000005
2022-11,9,TVW1,0.25,0.2
2022-11,9,TVW1,0.5,0.4
2022-11,9,TVW1,0.75,0.3999999999999999
2022-11,9,TVW2,0.3333333333333333,0.20000000000000004
2022-11,9,TVW2,0.5,0.4000000000000001
2022-11,9,TVW2,0.6666666666666666,0.4
2022-11,9,TVW3,0.1,0.0
2022-11,9,TVW3,0.25,0.15
2022-11,9,TVW3,0.5,0.3500000000000002
2022-11,9,TVW3,0.75,0.3499999999999999
2022-11,9,TVW3,0.9,0.15
2022-11,10,TVW1,0.25,0.2
2022-11,10,TVW1,0.5,0.4000000000000001
2022-11,10,TVW1,0.75,0.3999999999999999
2022-11,10,TVW2,0.3333333333333333,0.2
2022-11,10,TVW2,0.5,0.4000000000000001
2022-11,10,TVW2,0.6666666666666666,0.4
2022-11,10,TVW3,0.1,1.6653345369377353e-16
2022-11,10,TVW3,0.25,0.15000000000000002
2022-11,10,TVW3,0.5,0.3499999999999998
2022-11,10,TVW3,0.75,0.35000000000000003
2022-11,10,TVW3,0.9,0.14999999999999994
2022-11,11,TVW1,0.25,0.2
2022-11,11,TVW1,0.5,0.4
2022-11,11,TVW1,0.75,0.4
2022-11,11,TVW2,0.3333333333333333,0.2
2022-11,11,TVW2,0.5,0.4
2022-11,11,TVW2,0.6666666666666666,0.4
2022-11,11,TVW3,0.1,0.0
2022-11,11,TVW3,0.25,0.14999999999999994
2022-11,11,TVW3,0.5,0.35000000000000026
2022-11,11,TVW3,0.75,0.3499999999999998
2022-11,11,TVW3,0.9,0.14999999999999994
2022-11,12,TVW1,0.25,0.2
2022-11,12,TVW1,0.5,0.4
2022-11,12,TVW1,0.75,0.3999999999999999
2022-11,12,TVW2,0.3333333333333333,0.2
2022-11,12,TVW2,0.5,0.4000000000000001
2022-11,12,TVW2,0.6666666666666666,0.4
2022-11,12,TVW3,0.1,3.1918911957973255e-16
2022-11,12,TVW3,0.25,0.15000000000000024
2022-11,12,TVW3,0.5,0.34999999999999987
2022-11,12,TVW3,0.75,0.3499999999999999
2022-11,12,TVW3,0.9,0.14999999999999972
2022-11,13,TVW1,0.25,0.2
2022-11,13,TVW1,0.5,0.4
2022-11,13,TVW1,0.75,0.4
2022-11,13,TVW2,0.3333333333333333,0.20000000000000004
2022-11,13,TVW2,0.5,0.40000000000000013
2022-11,13,TVW2,0.6666666666666666,0.3999999999999999
2022-11,13,TVW3,0.1,0.0
2022-11,13,TVW3,0.25,0.15
2022-11,13,TVW3,0.5,0.35000000000000003
2022-11,13,TVW3,0.75,0.35
2022-11,13,TVW3,0.9,0.15
2022-12,1,TVW1,0.25,0.2000000000000001
2022-12,1,TVW1,0.5,0.4
2022-12,1,TVW1,0.75,0.3999999999999999
2022-12,1,TVW2,0.3333333333333333,0.2
2022-12,1,TVW2,0.5,0.4
2022-12,1,TVW2,0.6666666666666666,0.4
2022-12,1,TVW3,0.1,0.0
2022-12,1,TVW3,0.25,0.15000000000000013
2022-12,1,TVW3,0.5,0.34999999999999987
2022-12,1,TVW3,0.75,0.35
2022-12,1,TVW3,0.9,0.15
2022-12,2,TVW1,0.25,0.2
2022-12,2,TVW1,0.5,0.4
2022-12,2,TVW1,0.75,0.39999999999999997
2022-12,2,TVW2,0.3333333333333333,0.2
2022-12,2,TVW2,0.5,0.4000000000000001
2022-12,2,TVW2,0.6666666666666666,0.4
2022-12,2,TVW3,0.1,0.0
2022-12,2,TVW3,0.25,0.15000000000000016
2022-12,2,TVW3,0.5,0.35
2022-12,2,TVW3,0.75,0.35000000000000003
2022-12,2,TVW3,0.9,0.14999999999999994
2022-12,3,TVW1,0.25,0.20000000000000012
2022-12,3,TVW1,0.5,0.4
2022-12,3,TVW1,0.75,0.3999999999999999
2022-12,3,TVW2,0.3333333333333333,0.2
2022-12,3,TVW2,0.5,0.4
2022-12,3,TVW2,0.6666666666666666,0.4
2022-12,3,TVW3,0.1,0.0
2022-12,3,TVW3,0.25,0.15
2022-12,3,TVW3,0.5,0.3500000000000001
2022-12,3,TVW3,0.75,0.35
2022-12,3,TVW3,0.9,0.15
2022-12,4,TVW1,0.25,0.2
2022-12,4,TVW1,0.5,0.4
2022-12,4,TVW1,0.75,0.4
2022-12,4,TVW2,0.3333333333333333,0.2
2022-12,4,TVW2,0.5,0.4000000000000001
2022-12,4,TVW2,0.6666666666666666,0.4
2022-12,4,TVW3,0.1,0.0
2022-12,4,TVW3,0.25,0.15
2022-12,4,TVW3,0.5,0.35000000000000026
2022-12,4,TVW3,0.75,0.3499999999999998
2022-12,4,TVW3,0.9,0.14999999999999997
2022-12,5,TVW1,0.25,0.20000000000000018
2022-12,5,TVW1,0.5,0.4
2022-12,5,TVW1,0.75,0.39999999999999986
2022-12,5,TVW2,0.3333333333333333,0.2
2022-12,5,TVW2,0.5,0.4000000000000001
2022-12,5,TVW2,0.6666666666666666,0.4
2022-12,5,TVW3,0.1,0.0
2022-12,5,TVW3,0.25,0.15000000000000005
2022-12,5,TVW3,0.5,0.3499999999999999
2022-12,5,TVW3,0.75,0.3499999999999999
2022-12,5,TVW3,0.9,0.15000000000000002
2022-12,6,TVW1,0.25,0.2
2022-12,6,TVW1,0.5,0.4
2022-12,6,TVW1,0.75,0.4
2022-12,6,TVW2,0.3333333333333333,0.2
2022-12,6,TVW2,0.5,0.4000000000000001
2022-12,6,TVW2,0.6666666666666666,0.4
2022-12,6,TVW3,0.1,2.0816681711721688e-16
2022-12,6,TVW3,0.25,0.15000000000000002
2022-12,6,TVW3,0.5,0.3499999999999997
2022-12,6,TVW3,0.75,0.35000000000000003
2022-12,6,TVW3,0.9,0.15000000000000002
2022-12,7,TVW1,0.25,0.2
2022-12,7,TVW1,0.5,0.4
2022-12,7,TVW1,0.75,0.39999999999999997
2022-12,7,TVW2,0.3333333333333333,0.2
2022-12,7,TVW2,0.5,0.4
2022-12,7,TVW2,0.6666666666666666,0.4
2022-12,7,TVW3,0.1,1.5265566588595902e-16
2022-12,7,TVW3,0.25,0.15
2022-12,7,TVW3,0.5,0.35000000000000003
2022-12,7,TVW3,0.75,0.35
2022-12,7,TVW3,0.9,0.14999999999999986
2022-12,8,TVW1,0.25,0.2
2022-12,8,TVW1,0.5,0.4
2022-12,8,TVW1,0.75,0.4
2022-12,8,TVW2,0.3333333333333333,0.2
2022-12,8,TVW2,0.5,0.4000000000000001
2022-12,8,TVW2,0.6666666666666666,0.4
2022-12,8,TVW3,0.1,1.387778780781446e-16
2022-12,8,TVW3,0.25,0.15000000000000002
2022-12,8,TVW3,0.5,0.3500000000000001
2022-12,8,TVW3,0.75,0.35
2022-12,8,TVW3,0.9,0.14999999999999986
2022-12,9,TVW1,0.25,0.2
2022-12,9,TVW1,0.5,0.4
2022-12,9,TVW1,0.75,0.3999999999999999
2022-12,9,TVW2,0.3333333333333333,0.2
2022-12,9,TVW2,0.5,0.4000000000000001
2022-12,9,TVW2,0.6666666666666666,0.4
2022-12,9,TVW3,0.1,3.1918911957973255e-16
2022-12,9,TVW3,0.25,0.15000000000000002
2022-12,9,TVW3,0.5,0.35
2022-12,9,TVW3,0.75,0.35000000000000003
2022-12,9,TVW3,0.9,0.14999999999999972
2022-12,10,TVW1,0.25,0.2
2022-12,10,TVW1,0.5,0.4
2022-12,10,TVW1,0.75,0.3999999999999999
2022-12,10,TVW2,0.3333333333333333,0.2
2022-12,10,TVW2,0.5,0.4
2022-12,10,TVW2,0.6666666666666666,0.4
2022-12,10,TVW3,0.1,1.1102230246251563e-16
2022-12,10,TVW3,0.25,0.14999999999999997
2022-12,10,TVW3,0.5,0.35000000000000037
2022-12,10,TVW3,0.75,0.3499999999999999
2022-12,10,TVW3,0.9,0.14999999999999972
2022-12,11,TVW1,0.25,0.2
2022-12,11,TVW1,0.5,0.4000000000000001
2022-12,11,TVW1,0.75,0.4
2022-12,11,TVW2,0.3333333333333333,0.20000000000000004
2022-12,11,TVW2,0.5,0.4000000000000001
2022-12,11,TVW2,0.6666666666666666,0.3999999999999999
2022-12,11,TVW3,0.1,0.0
2022-12,11,TVW3,0.25,0.1500000000000001
2022-12,11,TVW3,0.5,0.3499999999999999
2022-12,11,TVW3,0.75,0.35000000000000003
2022-12,11,TVW3,0.9,0.15000000000000002
2022-12,12,TVW1,0.25,0.20000000000000004
2022-12,12,TVW1,0.5,0.4
2022-12,12,TVW1,0.75,0.3999999999999999
2022-12,12,TVW2,0.3333333333333333,0.2
2022-12,12,TVW2,0.5,0.4000000000000001
2022-12,12,TVW2,0.6666666666666666,0.4
2022-12,12,TVW3,0.1,0.0
2022-12,12,TVW3,0.25,0.15000000000000008
2022-12,12,TVW3,0.5,0.3499999999999999
2022-12,12,TVW3,0.75,0.35
2022-12,12,TVW3,0.9,0.15
2022-12,13,TVW1,0.25,0.2
2022-12,13,TVW1,0.5,0.4
2022-12,13,TVW1,0.75,0.39999999999999997
2022-12,13,TVW2,0.3333333333333333,0.2
2022-12,13,TVW2,0.5,0.4000000000000001
2022-12,13,TVW2,0.6666666666666666,0.4
2022-12,13,TVW3,0.1,0.0
2022-12,13,TVW3,0.25,0.15000000000000005
2022-12,13,TVW3,0.5,0.35000000000000003
2022-12,13,TVW3,0.75,0.35
2022-12,13,TVW3,0.9,0.15000000000000002
2023-01,1,TVW1,0.25,0.20000000000000015
2023-01,1,TVW1,0.5,0.4
2023-01,1,TVW1,0.75,0.3999999999999999
2023-01,1,TVW2,0.3333333333333333,0.19999999999999993
2023-01,1,TVW2,0.5,0.40000000000000013
2023-01,1,TVW2,0.6666666666666666,0.39999999999999986
2023-01,1,TVW3,0.1,1.27675647831893e-15
2023-01,1,TVW3,0.25,0.15
2023-01,1,TVW3,0.5,0.349999999999999
2023-01,1,TVW3,0.75,0.3499999999999999
2023-01,1,TVW3,0.9,0.15
2023-01,2,TVW1,0.25,0.20000000000000043
2023-01,2,TVW1,0.5,0.4000000000000001
2023-01,2,TVW1,0.75,0.39999999999999947
2023-01,2,TVW2,0.3333333333333333,0.20000000000000037
2023-01,2,TVW2,0.5,0.39999999999999997
2023-01,2,TVW2,0.6666666666666666,0.3999999999999995
2023-01,2,TVW3,0.1,0.0
2023-01,2,TVW3,0.25,0.14999999999999994
2023-01,2,TVW3,0.5,0.35000000000000037
2023-01,2,TVW3,0.75,0.3499999999999997
2023-01,2,TVW3,0.9,0.14999999999999994
2023-01,3,TVW1,0.25,0.2
2023-01,3,TVW1,0.5,0.4000000000000001
2023-01,3,TVW1,0.75,0.3999999999999999
2023-01,3,TVW2,0.3333333333333333,0.2
2023-01,3,TVW2,0.5,0.4
2023-01,3,TVW2,0.6666666666666666,0.4
2023-01,3,TVW3,0.1,0.0
2023-01,3,TVW3,0.25,0.14999999999999997
2023-01,3,TVW3,0.5,0.35000000000000014
2023-01,3,TVW3,0.75,0.3499999999999999
2023-01,3,TVW3,0.9,0.14999999999999997
2023-01,4,TVW1,0.25,0.20000000000000004
2023-01,4,TVW1,0.5,0.4
2023-01,4,TVW1,0.75,0.4
2023-01,4,TVW2,0.3333333333333333,0.20000000000000012
2023-01,4,TVW2,0.5,0.4
2023-01,4,TVW2,0.6666666666666666,0.4
2023-01,4,TVW3,0.1,0.0
2023-01,4,TVW3,0.25,0.15
2023-01,4,TVW3,0.5,0.35000000000000003
2023-01,4,TVW3,0.75,0.35
2023-01,4,TVW3,0.9,0.15
2023-01,5,TVW1,0.25,0.20000000000000004
2023-01,5,TVW1,0.5,0.4
2023-01,5,TVW1,0.75,0.4
2023-01,5,TVW2,0.3333333333333333,0.20000000000000012
2023-01,5,TVW2,0.5,0.39999999999999997
2023-01,5,TVW2,0.6666666666666666,0.4
2023-01,5,TVW3,0.1,1.8596235662471376e-15
2023-01,5,TVW3,0.25,0.15000000000000127
2023-01,5,TVW3,0.5,0.35000000000000137
2023-01,5,TVW3,0.75,0.3499999999999991
2023-01,5,TVW3,0.9,0.14999999999999644
2023-01,6,TVW1,0.25,0.2
2023-01,6,TVW1,0.5,0.40000000000000013
2023-01,6,TVW1,0.75,0.4
2023-01,6,TVW2,0.3333333333333333,0.20000000000000004
2023-01,6,TVW2,0.5,0.39999999999999997
2023-01,6,TVW2,0.6666666666666666,0.4000000000000001
2023-01,6,TVW3,0.1,0.0
2023-01,6,TVW3,0.25,0.1500000000000003
2023-01,6,TVW3,0.5,0.3499999999999987
2023-01,6,TVW3,0.75,0.3500000000000007
2023-01,6,TVW3,0.9,0.1500000000000003
2023-01,7,TVW1,0.25,0.2
2023-01,7,TVW1,0.5,0.4
2023-01,7,TVW1,0.75,0.4
2023-01,7,TVW2,0.3333333333333333,0.2
2023-01,7,TVW2,0.5,0.4000000000000001
2023-01,7,TVW2,0.6666666666666666,0.4
2023-01,7,TVW3,0.1,4.1633363423443376e-17
2023-01,7,TVW3,0.25,0.15000000000000002
2023-01,7,TVW3,0.5,0.35
2023-01,7,TVW3,0.75,0.35000000000000003
2023-01,7,TVW3,0.9,0.15000000000000002
2023-01,8,TVW1,0.25,0.2
2023-01,8,TVW1,0.5,0.4
2023-01,8,TVW1,0.75,0.4
2023-01,8,TVW2,0.3333333333333333,0.2
2023-01,8,TVW2,0.5,0.40000000000000013
2023-01,8,TVW2,0.6666666666666666,0.4
2023-01,8,TVW3,0.1,1.3461454173580025e-15
2023-01,8,TVW3,0.25,0.15000000000000077
2023-01,8,TVW3,0.5,0.3500000000000004
2023-01,8,TVW3,0.75,0.35
2023-01,8,TVW3,0.9,0.14999999999999764
2023-01,9,TVW1,0.25,0.2
2023-01,9,TVW1,0.5,0.4000000000000001
2023-01,9,TVW1,0.75,0.39999999999999997
2023-01,9,TVW2,0.3333333333333333,0.2
2023-01,9,TVW2,0.5,0.4
2023-01,9,TVW2,0.6666666666666666,0.4
2023-01,9,TVW3,0.1,1.7347234759768067e-15
2023-01,9,TVW3,0.25,0.14999999999999997
2023-01,9,TVW3,0.5,0.3500000000000019
2023-01,9,TVW3,0.75,0.3499999999999997
2023-01,9,TVW3,0.9,0.1499999999999967
2023-01,10,TVW1,0.25,0.19999999999999993
2023-01,10,TVW1,0.5,0.4000000000000001
2023-01,10,TVW1,0.75,0.39999999999999986
2023-01,10,TVW2,0.3333333333333333,0.20000000000000007
2023-01,10,TVW2,0.5,0.4
2023-01,10,TVW2,0.6666666666666666,0.4
2023-01,10,TVW3,0.1,2.0539125955565396e-15
2023-01,10,TVW3,0.25,0.1500000000000017
2023-01,10,TVW3,0.5,0.35
2023-01,10,TVW3,0.75,0.3499999999999993
2023-01,10,TVW3,0.9,0.14999999999999702
2023-01,11,TVW1,0.25,0.19999999999999996
2023-01,11,TVW1,0.5,0.4000000000000002
2023-01,11,TVW1,0.75,0.39999999999999986
2023-01,11,TVW2,0.3333333333333333,0.19999999999999996
2023-01,11,TVW2,0.5,0.4000000000000001
2023-01,11,TVW2,0.6666666666666666,0.3999999999999999
2023-01,11,TVW3,0.1,0.0
2023-01,11,TVW3,0.25,0.15000000000000033
2023-01,11,TVW3,0.5,0.3499999999999986
2023-01,11,TVW3,0.75,0.35000000000000075
2023-01,11,TVW3,0.9,0.15000000000000033
2023-01,12,TVW1,0.25,0.2
2023-01,12,TVW1,0.5,0.4000000000000001
2023-01,12,TVW1,0.75,0.39999999999999997
2023-01,12,TVW2,0.3333333333333333,0.2000000000000001
2023-01,12,TVW2,0.5,0.4000000000000001
2023-01,12,TVW2,0.6666666666666666,0.3999999999999999
2023-01,12,TVW3,0.1,0.0
2023-01,12,TVW3,0.25,0.15000000000000022
2023-01,12,TVW3,0.5,0.35000000000000114
2023-01,12,TVW3,0.75,0.34999999999999915
2023-01,12,TVW3,0.9,0.14999999999999955
2023-01,13,TVW1,0.25,0.2
2023-01,13,TVW1,0.5,0.4
2023-01,13,TVW1,0.75,0.4
2023-01,13,TVW2,0.3333333333333333,0.20000000000000004
2023-01,13,TVW2,0.5,0.39999999999999997
2023-01,13,TVW2,0.6666666666666666,0.4000000000000001
2023-01,13,TVW3,0.1,2.914335439641036e-16
2023-01,13,TVW3,0.25,0.15
2023-01,13,TVW3,0.5,0.34999999999999987
2023-01,13,TVW3,0.75,0.3499999999999998
2023-01,13,TVW3,0.9,0.15
2023-02,1,TVW1,0.25,0.20000000000000007
2023-02,1,TVW1,0.5,0.40000000000000024
2023-02,1,TVW1,0.75,0.3999999999999997
2023-02,1,TVW2,0.3333333333333333,0.19999999999999996
2023-02,1,TVW2,0.5,0.40000000000000024
2023-02,1,TVW2,0.6666666666666666,0.39999999999999986
2023-02,1,TVW3,0.1,0.0
2023-02,1,TVW3,0.25,0.14999999999999994
2023-02,1,TVW3,0.5,0.3500000000000003
2023-02,1,TVW3,0.75,0.3499999999999998
2023-02,1,TVW3,0.9,0.14999999999999994
2023-02,2,TVW1,0.25,0.2
2023-02,2,TVW1,0.5,0.4
2023-02,2,TVW1,0.75,0.4
2023-02,2,TVW2,0.3333333333333333,0.2
2023-02,2,TVW2,0.5,0.4000000000000001
2023-02,2,TVW2,0.6666666666666666,0.4
2023-02,2,TVW3,0.1,0.0
2023-02,2,TVW3,0.25,0.15000000000000122
2023-02,2,TVW3,0.5,0.3500000000000004
2023-02,2,TVW3,0.75,0.3500000000000001
2023-02,2,TVW3,0.9,0.1499999999999983
2023-02,3,TVW1,0.25,0.2
2023-02,3,TVW1,0.5,0.4
2023-02,3,TVW1,0.75,0.4
2023-02,3,TVW2,0.3333333333333333,0.2
2023-02,3,TVW2,0.5,0.4000000000000001
2023-02,3,TVW2,0.6666666666666666,0.4
2023-02,3,TVW3,0.1,0.0
2023-02,3,TVW3,0.25,0.14999999999999997
2023-02,3,TVW3,0.5,0.35000000000000026
2023-02,3,TVW3,0.75,0.3499999999999998
2023-02,3,TVW3,0.9,0.14999999999999997
2023-02,4,TVW1,0.25,0.2
2023-02,4,TVW1,0.5,0.4
2023-02,4,TVW1,0.75,0.4
2023-02,4,TVW2,0.3333333333333333,0.2
2023-02,4,TVW2,0.5,0.4000000000000001
2023-02,4,TVW2,0.6666666666666666,0.4
2023-02,4,TVW3,0.1,0.0
2023-02,4,TVW3,0.25,0.15000000000000008
2023-02,4,TVW3,0.5,0.3499999999999996
2023-02,4,TVW3,0.75,0.3500000000000002
2023-02,4,TVW3,0.9,0.15000000000000008
2023-02,5,TVW1,0.25,0.2
2023-02,5,TVW1,0.5,0.4
2023-02,5,TVW1,0.75,0.4
2023-02,5,TVW2,0.3333333333333333,0.2
2023-02,5,TVW2,0.5,0.4000000000000001
2023-02,5,TVW2,0.6666666666666666,0.4
2023-02,5,TVW3,0.1,1.8457457784393227e-15
2023-02,5,TVW3,0.25,0.15000000000000147
2023-02,5,TVW3,0.5,0.35000000000000064
2023-02,5,TVW3,0.75,0.34999999999999964
2023-02,5,TVW3,0.9,0.14999999999999636
2023-02,6,TVW1,0.25,0.2
2023-02,6,TVW1,0.5,0.4
2023-02,6,TVW1,0.75,0.4
2023-02,6,TVW2,0.3333333333333333,0.20000000000000015
2023-02,6,TVW2,0.5,0.4000000000000002
2023-02,6,TVW2,0.6666666666666666,0.3999999999999998
2023-02,6,TVW3,0.1,6.93889390390723e-16
2023-02,6,TVW3,0.25,0.150000000000001
2023-02,6,TVW3,0.5,0.3500000000000003
2023-02,6,TVW3,0.75,0.349999999999999
2023-02,6,TVW3,0.9,0.1499999999999991
2023-02,7,TVW1,0.25,0.2
2023-02,7,TVW1,0.5,0.4
2023-02,7,TVW1,0.75,0.4
2023-02,7,TVW2,0.3333333333333333,0.20000000000000012
2023-02,7,TVW2,0.5,0.39999999999999997
2023-02,7,TVW2,0.6666666666666666,0.39999999999999974
2023-02,7,TVW3,0.1,1.9428902930940235e-16
2023-02,7,TVW3,0.25,0.14999999999999997
2023-02,7,TVW3,0.5,0.3500000000000005
2023-02,7,TVW3,0.75,0.3499999999999999
2023-02,7,TVW3,0.9,0.1499999999999996
2023-02,8,TVW1,0.25,0.2
2023-02,8,TVW1,0.5,0.4
2023-02,8,TVW1,0.75,0.4
2023-02,8,TVW2,0.3333333333333333,0.20000000000000007
2023-02,8,TVW2,0.5,0.40000000000000024
2023-02,8,TVW2,0.6666666666666666,0.3999999999999998
2023-02,8,TVW3,0.1,0.0
2023-02,8,TVW3,0.25,0.15000000000000085
2023-02,8,TVW3,0.5,0.3499999999999992
2023-02,8,TVW3,0.75,0.35
2023-02,8,TVW3,0.9,0.15
2023-02,9,TVW1,0.25,0.2
2023-02,9,TVW1,0.5,0.40000000000000013
2023-02,9,TVW1,0.75,0.3999999999999999
2023-02,9,TVW2,0.3333333333333333,0.2
2023-02,9,TVW2,0.5,0.4000000000000001
2023-02,9,TVW2,0.6666666666666666,0.4
2023-02,9,TVW3,0.1,0.0
2023-02,9,TVW3,0.25,0.14999999999999994
2023-02,9,TVW3,0.5,0.3500000000000003
2023-02,9,TVW3,0.75,0.3499999999999998
2023-02,9,TVW3,0.9,0.14999999999999994
2023-02,10,TVW1,0.25,0.19999999999999996
2023-02,10,TVW1,0.5,0.40000000000000013
2023-02,10,TVW1,0.75,0.39999999999999974
2023-02,10,TVW2,0.3333333333333333,0.20000000000000007
2023-02,10,TVW2,0.5,0.3999999999999999
2023-02,10,TVW2,0.6666666666666666,0.4
2023-02,10,TVW3,0.1,0.0
2023-02,10,TVW3,0.25,0.15000000000000008
2023-02,10,TVW3,0.5,0.34999999999999964
2023-02,10,TVW3,0.75,0.3500000000000002
2023-02,10,TVW3,0.9,0.15000000000000008
2023-02,11,TVW1,0.25,0.2
2023-02,11,TVW1,0.5,0.40000000000000063
2023-02,11,TVW1,0.75,0.3999999999999994
2023-02,11,TVW2,0.3333333333333333,0.20000000000000007
2023-02,11,TVW2,0.5,0.3999999999999999
2023-02,11,TVW2,0.6666666666666666,0.4
2023-02,11,TVW3,0.1,0.0
2023-02,11,TVW3,0.25,0.1500000000000002
2023-02,11,TVW3,0.5,0.34999999999999926
2023-02,11,TVW3,0.75,0.3500000000000004
2023-02,11,TVW3,0.9,0.1500000000000002
2023-02,12,TVW1,0.25,0.2
2023-02,12,TVW1,0.5,0.4
2023-02,12,TVW1,0.75,0.4
2023-02,12,TVW2,0.3333333333333333,0.20000000000000007
2023-02,12,TVW2,0.5,0.40000000000000013
2023-02,12,TVW2,0.6666666666666666,0.3999999999999999
2023-02,12,TVW3,0.1,0.0
2023-02,12,TVW3,0.25,0.1500000000000001
2023-02,12,TVW3,0.5,0.3499999999999995
2023-02,12,TVW3,0.75,0.35000000000000026
2023-02,12,TVW3,0.9,0.1500000000000001
2023-02,13,TVW1,0.25,0.2
2023-02,13,TVW1,0.5,0.4
2023-02,13,TVW1,0.75,0.4
2023-02,13,TVW2,0.3333333333333333,0.2
2023-02,13,TVW2,0.5,0.4
2023-02,13,TVW2,0.6666666666666666,0.4
2023-02,13,TVW3,0.1,3.747002708109905e-16
2023-02,13,TVW3,0.25,0.15000000000000072
2023-02,13,TVW3,0.5,0.3499999999999989
2023-02,13,TVW3,0.75,0.35
2023-02,13,TVW3,0.9,0.15000000000000005
2023-03,1,TVW1,0.25,0.2
2023-03,1,TVW1,0.5,0.4000000000000001
2023-03,1,TVW1,0.75,0.4
2023-03,1,TVW2,0.3333333333333333,0.2
2023-03,1,TVW2,0.5,0.40000000000000013
2023-03,1,TVW2,0.6666666666666666,0.4
2023-03,1,TVW3,0.1,2.2204460492503136e-16
2023-03,1,TVW3,0.25,0.15000000000000022
2023-03,1,TVW3,0.5,0.3500000000000001
2023-03,1,TVW3,0.75,0.3499999999999998
2023-03,1,TVW3,0.9,0.14999999999999974
2023-03,2,TVW1,0.25,0.2
2023-03,2,TVW1,0.5,0.4
2023-03,2,TVW1,0.75,0.4
2023-03,2,TVW2,0.3333333333333333,0.2
2023-03,2,TVW2,0.5,0.4
2023-03,2,TVW2,0.6666666666666666,0.4
2023-03,2,TVW3,0.1,9.71445146547012e-17
2023-03,2,TVW3,0.25,0.15000000000000016
2023-03,2,TVW3,0.5,0.35000000000000064
2023-03,2,TVW3,0.75,0.34999999999999976
2023-03,2,TVW3,0.9,0.1499999999999993
2023-03,3,TVW1,0.25,0.2
2023-03,3,TVW1,0.5,0.4
2023-03,3,TVW1,0.75,0.4
2023-03,3,TVW2,0.3333333333333333,0.20000000000000007
2023-03,3,TVW2,0.5,0.4000000000000001
2023-03,3,TVW2,0.6666666666666666,0.39999999999999997
2023-03,3,TVW3,0.1,2.023381933963488e-17
2023-03,3,TVW3,0.25,0.15
2023-03,3,TVW3,0.5,0.4053130280040462
2023-03,3,TVW3,0.75,0.29468697199595384
2023-03,3,TVW3,0.9,0.15
2023-03,4,TVW1,0.25,0.20000000000000012
2023-03,4,TVW1,0.5,0.3999999999999999
2023-03,4,TVW1,0.75,0.3999999999999999
2023-03,4,TVW2,0.3333333333333333,0.2000000000000002
2023-03,4,TVW2,0.5,0.39999999999999997
2023-03,4,TVW2,0.6666666666666666,0.3999999999999999
2023-03,4,TVW3,0.1,0.0
2023-03,4,TVW3,0.25,0.15000000000000005
2023-03,4,TVW3,0.5,0.3499999999999998
2023-03,4,TVW3,0.75,0.3500000000000001
2023-03,4,TVW3,0.9,0.15000000000000005
2023-03,5,TVW1,0.25,0.2
2023-03,5,TVW1,0.5,0.4
2023-03,5,TVW1,0.75,0.4
2023-03,5,TVW2,0.3333333333333333,0.2
2023-03,5,TVW2,0.5,0.4000000000000001
2023-03,5,TVW2,0.6666666666666666,0.4
2023-03,5,TVW3,0.1,0.0
2023-03,5,TVW3,0.25,0.1500000000000001
2023-03,5,TVW3,0.5,0.3499999999999995
2023-03,5,TVW3,0.75,0.35000000000000026
2023-03,5,TVW3,0.9,0.1500000000000001
2023-03,6,TVW1,0.25,0.20000000000000012
2023-03,6,TVW1,0.5,0.4
2023-03,6,TVW1,0.75,0.3999999999999999
2023-03,6,TVW2,0.3333333333333333,0.2
2023-03,6,TVW2,0.5,0.39999999999999997
2023-03,6,TVW2,0.6666666666666666,0.4
2023-03,6,TVW3,0.1,0.0
2023-03,6,TVW3,0.25,0.15000000000000002
2023-03,6,TVW3,0.5,0.3500000000000007
2023-03,6,TVW3,0.75,0.34999999999999976
2023-03,6,TVW3,0.9,0.14999999999999952
2023-03,7,TVW1,0.25,0.20000000000000012
2023-03,7,TVW1,0.5,0.3999999999999999
2023-03,7,TVW1,0.75,0.3999999999999999
2023-03,7,TVW2,0.3333333333333333,0.2
2023-03,7,TVW2,0.5,0.40000000000000013
2023-03,7,TVW2,0.6666666666666666,0.4
2023-03,7,TVW3,0.1,0.0
2023-03,7,TVW3,0.25,0.15000000000000038
2023-03,7,TVW3,0.5,0.3499999999999995
2023-03,7,TVW3,0.75,0.35000000000000003
2023-03,7,TVW3,0.9,0.15000000000000002
2023-03,8,TVW1,0.25,0.2
2023-03,8,TVW1,0.5,0.4
2023-03,8,TVW1,0.75,0.4
2023-03,8,TVW2,0.3333333333333333,0.2
2023-03,8,TVW2,0.5,0.40000000000000013
2023-03,8,TVW2,0.6666666666666666,0.4
2023-03,8,TVW3,0.1,6.522560269672795e-16
2023-03,8,TVW3,0.25,0.15000000000000005
2023-03,8,TVW3,0.5,0.3500000000000004
2023-03,8,TVW3,0.75,0.34999999999999987
2023-03,8,TVW3,0.9,0.14999999999999897
2023-03,9,TVW1,0.25,0.2
2023-03,9,TVW1,0.5,0.4
2023-03,9,TVW1,0.75,0.4
2023-03,9,TVW2,0.3333333333333333,0.2
2023-03,9,TVW2,0.5,0.4
2023-03,9,TVW2,0.6666666666666666,0.4
2023-03,9,TVW3,0.1,0.0
2023-03,9,TVW3,0.25,0.14999999999999997
2023-03,9,TVW3,0.5,0.35000000000000026
2023-03,9,TVW3,0.75,0.3499999999999999
2023-03,9,TVW3,0.9,0.14999999999999997
2023-03,10,TVW1,0.25,0.20000000000000046
2023-03,10,TVW1,0.5,0.4
2023-03,10,TVW1,0.75,0.3999999999999996
2023-03,10,TVW2,0.3333333333333333,0.2
2023-03,10,TVW2,0.5,0.4000000000000001
2023-03,10,TVW2,0.6666666666666666,0.4
2023-03,10,TVW3,0.1,3.885780586188048e-16
2023-03,10,TVW3,0.25,0.15000000000000047
2023-03,10,TVW3,0.5,0.3500000000000004
2023-03,10,TVW3,0.75,0.34999999999999987
2023-03,10,TVW3,0.9,0.14999999999999886
2023-03,11,TVW1,0.25,0.2
2023-03,11,TVW1,0.5,0.4
2023-03,11,TVW1,0.75,0.4
2023-03,11,TVW2,0.3333333333333333,0.20000000000000004
2023-03,11,TVW2,0.5,0.39999999999999997
2023-03,11,TVW2,0.6666666666666666,0.4000000000000001
2023-03,11,TVW3,0.1,3.7470027081099033e-16
2023-03,11,TVW3,0.25,0.15
2023-03,11,TVW3,0.5,0.35000000000000103
2023-03,11,TVW3,0.75,0.35
2023-03,11,TVW3,0.9,0.1499999999999988
2023-03,12,TVW1,0.25,0.2
2023-03,12,TVW1,0.5,0.4
2023-03,12,TVW1,0.75,0.39999999999999997
2023-03,12,TVW2,0.3333333333333333,0.20000000000000007
2023-03,12,TVW2,0.5,0.5000000000000001
2023-03,12,TVW2,0.6666666666666666,0.2999999999999999
2023-03,12,TVW3,0.1,0.0
2023-03,12,TVW3,0.25,0.14999999999999997
2023-03,12,TVW3,0.5,0.49999999999999983
2023-03,12,TVW3,0.75,0.2000000000000004
2023-03,12,TVW3,0.9,0.14999999999999983
2023-03,13,TVW1,0.25,0.20000000000000015
2023-03,13,TVW1,0.5,0.4
2023-03,13,TVW1,0.75,0.3999999999999999
2023-03,13,TVW2,0.3333333333333333,0.2
2023-03,13,TVW2,0.5,0.40000000000000013
2023-03,13,TVW2,0.6666666666666666,0.4
2023-03,13,TVW3,0.1,0.0
2023-03,13,TVW3,0.25,0.14999999999999994
2023-03,13,TVW3,0.5,0.3500000000000003
2023-03,13,TVW3,0.75,0.3499999999999998
2023-03,13,TVW3,0.9,0.14999999999999994
2023-04,1,TVW1,0.25,0.2
2023-04,1,TVW1,0.5,0.4000000000000001
2023-04,1,TVW1,0.75,0.4
2023-04,1,TVW2,0.3333333333333333,0.2
2023-04,1,TVW2,0.5,0.39999999999999997
2023-04,1,TVW2,0.6666666666666666,0.4
2023-04,1,TVW3,0.1,2.665350086624475e-17
2023-04,1,TVW3,0.25,0.15000000000000008
2023-04,1,TVW3,0.5,0.3614008904097076
2023-04,1,TVW3,0.75,0.35
2023-04,1,TVW3,0.9,0.1385991095902924
2023-04,2,TVW1,0.25,0.2
2023-04,2,TVW1,0.5,0.4
2023-04,2,TVW1,0.75,0.4
2023-04,2,TVW2,0.3333333333333333,0.2
2023-04,2,TVW2,0.5,0.4000000000000001
2023-04,2,TVW2,0.6666666666666666,0.4
2023-04,2,TVW3,0.1,0.0
2023-04,2,TVW3,0.25,0.15
2023-04,2,TVW3,0.5,0.49999999999999994
2023-04,2,TVW3,0.75,0.34999999999999987
2023-04,2,TVW3,0.9,2.443791696782327e-16
2023-04,3,TVW1,0.25,0.22245588730480634
2023-04,3,TVW1,0.5,0.4
2023-04,3,TVW1,0.75,0.3775441126951936
2023-04,3,TVW2,0.3333333333333333,0.20000000000000004
2023-04,3,TVW2,0.5,0.5
2023-04,3,TVW2,0.6666666666666666,0.30000000000000004
2023-04,3,TVW3,0.1,0.03774616206120404
2023-04,3,TVW3,0.25,0.34999999999999976
2023-04,3,TVW3,0.5,0.3000000000000001
2023-04,3,TVW3,0.75,0.16225383793879616
2023-04,3,TVW3,0.9,0.1499999999999999
2023-04,4,TVW1,0.25,0.2
2023-04,4,TVW1,0.5,0.4
2023-04,4,TVW1,0.75,0.3999999999999999
2023-04,4,TVW2,0.3333333333333333,0.19999999999999996
2023-04,4,TVW2,0.5,0.40000000000000013
2023-04,4,TVW2,0.6666666666666666,0.39999999999999986
2023-04,4,TVW3,0.1,0.02989380829841969
2023-04,4,TVW3,0.25,0.15000000000000016
2023-04,4,TVW3,0.5,0.3201061917015803
2023-04,4,TVW3,0.75,0.34999999999999987
2023-04,4,TVW3,0.9,0.15000000000000002
2023-04,5,TVW1,0.25,0.20000000000000007
2023-04,5,TVW1,0.5,0.4
2023-04,5,TVW1,0.75,0.4
2023-04,5,TVW2,0.3333333333333333,0.2
2023-04,5,TVW2,0.5,0.40000000000000013
2023-04,5,TVW2,0.6666666666666666,0.4
2023-04,5,TVW3,0.1,2.775557561562892e-17
2023-04,5,TVW3,0.25,0.15000000000000002
2023-04,5,TVW3,0.5,0.34999999999999987
2023-04,5,TVW3,0.75,0.35000000000000003
2023-04,5,TVW3,0.9,0.15000000000000002
2023-04,6,TVW1,0.25,0.20000000000000007
2023-04,6,TVW1,0.5,0.4
2023-04,6,TVW1,0.75,0.4
2023-04,6,TVW2,0.3333333333333333,0.2
2023-04,6,TVW2,0.5,0.39999999999999997
2023-04,6,TVW2,0.6666666666666666,0.4
2023-04,6,TVW3,0.1,0.0
2023-04,6,TVW3,0.25,0.15000000000000013
2023-04,6,TVW3,0.5,0.34999999999999976
2023-04,6,TVW3,0.75,0.3500000000000001
2023-04,6,TVW3,0.9,0.15000000000000005
2023-04,7,TVW1,0.25,0.2
2023-04,7,TVW1,0.5,0.4
2023-04,7,TVW1,0.75,0.4
2023-04,7,TVW2,0.3333333333333333,0.2
2023-04,7,TVW2,0.5,0.4
2023-04,7,TVW2,0.6666666666666666,0.4
2023-04,7,TVW3,0.1,0.0
2023-04,7,TVW3,0.25,0.15000000000000022
2023-04,7,TVW3,0.5,0.3499999999999998
2023-04,7,TVW3,0.75,0.34999999999999987
2023-04,7,TVW3,0.9,0.15000000000000002
2023-04,8,TVW1,0.25,0.20000000000000018
2023-04,8,TVW1,0.5,0.4
2023-04,8,TVW1,0.75,0.39999999999999974
2023-04,8,TVW2,0.3333333333333333,0.20000000000000018
2023-04,8,TVW2,0.5,0.39999999999999997
2023-04,8,TVW2,0.6666666666666666,0.4
2023-04,8,TVW3,0.1,4.163336342344337e-16
2023-04,8,TVW3,0.25,0.15
2023-04,8,TVW3,0.5,0.3500000000000001
2023-04,8,TVW3,0.75,0.35
2023-04,8,TVW3,0.9,0.14999999999999963
2023-04,9,TVW1,0.25,0.2
2023-04,9,TVW1,0.5,0.4
2023-04,9,TVW1,0.75,0.4
2023-04,9,TVW2,0.3333333333333333,0.2
2023-04,9,TVW2,0.5,0.40000000000000013
2023-04,9,TVW2,0.6666666666666666,0.4
2023-04,9,TVW3,0.1,2.823297264802429e-17
2023-04,9,TVW3,0.25,0.20000000000000004
2023-04,9,TVW3,0.5,0.30000000000000004
2023-04,9,TVW3,0.75,0.35
2023-04,9,TVW3,0.9,0.15000000000000002
2023-04,10,TVW1,0.25,0.2
2023-04,10,TVW1,0.5,0.4
2023-04,10,TVW1,0.75,0.4
2023-04,10,TVW2,0.3333333333333333,0.2
2023-04,10,TVW2,0.5,0.39999999999999997
2023-04,10,TVW2,0.6666666666666666,0.4
2023-04,10,TVW3,0.1,0.0
2023-04,10,TVW3,0.25,0.15000000000000002
2023-04,10,TVW3,0.5,0.35
2023-04,10,TVW3,0.75,0.35000000000000003
2023-04,10,TVW3,0.9,0.15000000000000002
2023-04,11,TVW1,0.25,0.2
2023-04,11,TVW1,0.5,0.4
2023-04,11,TVW1,0.75,0.4
2023-04,11,TVW2,0.3333333333333333,0.2
2023-04,11,TVW2,0.5,0.40000000000000013
2023-04,11,TVW2,0.6666666666666666,0.4
2023-04,11,TVW3,0.1,0.0
2023-04,11,TVW3,0.25,0.15000000000000005
2023-04,11,TVW3,0.5,0.35000000000000026
2023-04,11,TVW3,0.75,0.34999999999999964
2023-04,11,TVW3,0.9,0.15000000000000005
2023-04,12,TVW1,0.25,0.20000000000000004
2023-04,12,TVW1,0.5,0.6
2023-04,12,TVW1,0.75,0.2
2023-04,12,TVW2,0.3333333333333333,0.30964157617671223
2023-04,12,TVW2,0.5,0.4903584238232877
2023-04,12,TVW2,0.6666666666666666,0.2
2023-04,12,TVW3,0.1,2.5329076350461844e-16
2023-04,12,TVW3,0.25,0.3089492476478855
2023-04,12,TVW3,0.5,0.3910507523521141
2023-04,12,TVW3,0.75,0.15000000000000047
2023-04,12,TVW3,0.9,0.14999999999999966
2023-04,13,TVW1,0.25,0.2
2023-04,13,TVW1,0.5,0.4
2023-04,13,TVW1,0.75,0.4
2023-04,13,TVW2,0.3333333333333333,0.20000000000000012
2023-04,13,TVW2,0.5,0.4
2023-04,13,TVW2,0.6666666666666666,0.4
2023-04,13,TVW3,0.1,4.3021142204224816e-16
2023-04,13,TVW3,0.25,0.15000000000000005
2023-04,13,TVW3,0.5,0.34999999999999987
2023-04,13,TVW3,0.75,0.3499999999999999
2023-04,13,TVW3,0.9,0.1499999999999997
2023-05,1,TVW1,0.25,0.20000000000000004
2023-05,1,TVW1,0.5,0.5170711925079545
2023-05,1,TVW1,0.75,0.28292880749204535
2023-05,1,TVW2,0.3333333333333333,0.20000000000000004
2023-05,1,TVW2,0.5,0.40000000000000013
2023-05,1,TVW2,0.6666666666666666,0.39999999999999986
2023-05,1,TVW3,0.1,2.4909054845904538e-17
2023-05,1,TVW3,0.25,0.17937363799305117
2023-05,1,TVW3,0.5,0.4999999999999999
2023-05,1,TVW3,0.75,0.17062636200694906
2023-05,1,TVW3,0.9,0.14999999999999994
2023-05,2,TVW1,0.25,0.19999999999999996
2023-05,2,TVW1,0.5,0.5999999999999999
2023-05,2,TVW1,0.75,0.2000000000000001
2023-05,2,TVW2,0.3333333333333333,0.2
2023-05,2,TVW2,0.5,0.5
2023-05,2,TVW2,0.6666666666666666,0.3000000000000001
2023-05,2,TVW3,0.1,0.09093188210839914
2023-05,2,TVW3,0.25,0.15
2023-05,2,TVW3,0.5,0.5
2023-05,2,TVW3,0.75,0.15
2023-05,2,TVW3,0.9,0.10906811789160095
2023-05,3,TVW1,0.25,0.3348103995335557
2023-05,3,TVW1,0.5,0.3999999999999999
2023-05,3,TVW1,0.75,0.26518960046644435
2023-05,3,TVW2,0.3333333333333333,0.39999999999999986
2023-05,3,TVW2,0.5,0.4000000000000002
2023-05,3,TVW2,0.6666666666666666,0.19999999999999993
2023-05,3,TVW3,0.1,0.035153846631232805
2023-05,3,TVW3,0.25,0.3499999999999999
2023-05,3,TVW3,0.5,0.29999999999999993
2023-05,3,TVW3,0.75,0.3148461533687673
2023-05,3,TVW3,0.9,0.0
2023-05,4,TVW1,0.25,0.2
2023-05,4,TVW1,0.5,0.4849318658805306
2023-05,4,TVW1,0.75,0.3150681341194695
2023-05,4,TVW2,0.3333333333333333,0.2
2023-05,4,TVW2,0.5,0.4
2023-05,4,TVW2,0.6666666666666666,0.4
2023-05,4,TVW3,0.1,0.031265074567410324
2023-05,4,TVW3,0.25,0.16873492543258978
2023-05,4,TVW3,0.5,0.5
2023-05,4,TVW3,0.75,0.15
2023-05,4,TVW3,0.9,0.15
2023-05,5,TVW1,0.25,0.20000000000000004
2023-05,5,TVW1,0.5,0.506074194368721
2023-05,5,TVW1,0.75,0.2939258056312789
2023-05,5,TVW2,0.3333333333333333,0.2
2023-05,5,TVW2,0.5,0.4000000000000001
2023-05,5,TVW2,0.6666666666666666,0.4
2023-05,5,TVW3,0.1,0.07472309637236108
2023-05,5,TVW3,0.25,0.14999999999999997
2023-05,5,TVW3,0.5,0.47527690362763897
2023-05,5,TVW3,0.75,0.14999999999999997
2023-05,5,TVW3,0.9,0.14999999999999997
2023-05,6,TVW1,0.25,0.2
2023-05,6,TVW1,0.5,0.4722040500009607
2023-05,6,TVW1,0.75,0.32779594999903927
2023-05,6,TVW2,0.3333333333333333,0.2
2023-05,6,TVW2,0.5,0.4
2023-05,6,TVW2,0.6666666666666666,0.4
2023-05,6,TVW3,0.1,0.0
2023-05,6,TVW3,0.25,0.15
2023-05,6,TVW3,0.5,0.5
2023-05,6,TVW3,0.75,0.35
2023-05,6,TVW3,0.9,0.0
2023-05,7,TVW1,0.25,0.2
2023-05,7,TVW1,0.5,0.4076542788057579
2023-05,7,TVW1,0.75,0.39234572119424205
2023-05,7,TVW2,0.3333333333333333,0.2
2023-05,7,TVW2,0.5,0.4000000000000001
2023-05,7,TVW2,0.6666666666666666,0.4
2023-05,7,TVW3,0.1,0.0
2023-05,7,TVW3,0.25,0.15
2023-05,7,TVW3,0.5,0.5
2023-05,7,TVW3,0.75,0.35
2023-05,7,TVW3,0.9,0.0
2023-05,8,TVW1,0.25,0.20000000000000007
2023-05,8,TVW1,0.5,0.4
2023-05,8,TVW1,0.75,0.3999999999999999
2023-05,8,TVW2,0.3333333333333333,0.2
2023-05,8,TVW2,0.5,0.4000000000000001
2023-05,8,TVW2,0.6666666666666666,0.4
2023-05,8,TVW3,0.1,0.0
2023-05,8,TVW3,0.25,0.15
2023-05,8,TVW3,0.5,0.4868764196333253
2023-05,8,TVW3,0.75,0.35
2023-05,8,TVW3,0.9,0.013123580366674792
2023-05,9,TVW1,0.25,0.2
2023-05,9,TVW1,0.5,0.4000000000000001
2023-05,9,TVW1,0.75,0.4
2023-05,9,TVW2,0.3333333333333333,0.2259952810448718
2023-05,9,TVW2,0.5,0.3740047189551282
2023-05,9,TVW2,0.6666666666666666,0.4000000000000001
2023-05,9,TVW3,0.1,0.08425285519313032
2023-05,9,TVW3,0.25,0.15
2023-05,9,TVW3,0.5,0.3
2023-05,9,TVW3,0.75,0.35
2023-05,9,TVW3,0.9,0.11574714480686973
2023-05,10,TVW1,0.25,0.2
2023-05,10,TVW1,0.5,0.4
2023-05,10,TVW1,0.75,0.4
2023-05,10,TVW2,0.3333333333333333,0.2
2023-05,10,TVW2,0.5,0.40000000000000013
2023-05,10,TVW2,0.6666666666666666,0.4
2023-05,10,TVW3,0.1,0.0
2023-05,10,TVW3,0.25,0.15000000000000002
2023-05,10,TVW3,0.5,0.4941940116540338
2023-05,10,TVW3,0.75,0.35
2023-05,10,TVW3,0.9,0.005805988345966104
2023-05,11,TVW1,0.25,0.20000000000000007
2023-05,11,TVW1,0.5,0.4
2023-05,11,TVW1,0.75,0.4
2023-05,11,TVW2,0.3333333333333333,0.2
2023-05,11,TVW2,0.5,0.39999999999999997
2023-05,11,TVW2,0.6666666666666666,0.4
2023-05,11,TVW3,0.1,1.832129667442481e-18
2023-05,11,TVW3,0.25,0.15000000000000002
2023-05,11,TVW3,0.5,0.3665640566099548
2023-05,11,TVW3,0.75,0.35
2023-05,11,TVW3,0.9,0.13343594339004522
2023-05,12,TVW1,0.25,0.26621705442382076
2023-05,12,TVW1,0.5,0.5337829455761792
2023-05,12,TVW1,0.75,0.2
2023-05,12,TVW2,0.3333333333333333,0.4
2023-05,12,TVW2,0.5,0.4
2023-05,12,TVW2,0.6666666666666666,0.2
2023-05,12,TVW3,0.1,0.0
2023-05,12,TVW3,0.25,0.3499999999999999
2023-05,12,TVW3,0.5,0.3500000000000002
2023-05,12,TVW3,0.75,0.14999999999999997
2023-05,12,TVW3,0.9,0.14999999999999997
2023-05,13,TVW1,0.25,0.20000000000000007
2023-05,13,TVW1,0.5,0.4
2023-05,13,TVW1,0.75,0.3999999999999999
2023-05,13,TVW2,0.3333333333333333,0.2
2023-05,13,TVW2,0.5,0.4
2023-05,13,TVW2,0.6666666666666666,0.4
2023-05,13,TVW3,0.1,0.0
2023-05,13,TVW3,0.25,0.15000000000000016
2023-05,13,TVW3,0.5,0.476753022941034
2023-05,13,TVW3,0.75,0.35
2023-05,13,TVW3,0.9,0.023246977058965848
2023-06,1,TVW1,0.25,0.2
2023-06,1,TVW1,0.5,0.6
2023-06,1,TVW1,0.75,0.20000000000000004
2023-06,1,TVW2,0.3333333333333333,0.22367265998861785
2023-06,1,TVW2,0.5,0.4999999999999998
2023-06,1,TVW2,0.6666666666666666,0.2763273400113823
2023-06,1,TVW3,0.1,2.33428723245132e-16
2023-06,1,TVW3,0.25,0.2751952495168383
2023-06,1,TVW3,0.5,0.49999999999999994
2023-06,1,TVW3,0.75,0.15000000000000044
2023-06,1,TVW3,0.9,0.07480475048316121
2023-06,2,TVW1,0.25,0.19999999999999996
2023-06,2,TVW1,0.5,0.5999999999999999
2023-06,2,TVW1,0.75,0.20000000000000004
2023-06,2,TVW2,0.3333333333333333,0.3000000000000001
2023-06,2,TVW2,0.5,0.5
2023-06,2,TVW2,0.6666666666666666,0.2
2023-06,2,TVW3,0.1,0.15000000000000002
2023-06,2,TVW3,0.25,0.15785739717937627
2023-06,2,TVW3,0.5,0.5000000000000001
2023-06,2,TVW3,0.75,0.15000000000000005
2023-06,2,TVW3,0.9,0.04214260282062356
2023-06,3,TVW1,0.25,0.34465572441151804
2023-06,3,TVW1,0.5,0.4000000000000001
2023-06,3,TVW1,0.75,0.2553442755884819
2023-06,3,TVW2,0.3333333333333333,0.4
2023-06,3,TVW2,0.5,0.30000000000000016
2023-06,3,TVW2,0.6666666666666666,0.29999999999999993
2023-06,3,TVW3,0.1,0.14999999999999997
2023-06,3,TVW3,0.25,0.2500000000000002
2023-06,3,TVW3,0.5,0.29999999999999993
2023-06,3,TVW3,0.75,0.14999999999999997
2023-06,3,TVW3,0.9,0.14999999999999997
2023-06,4,TVW1,0.25,0.2
2023-06,4,TVW1,0.5,0.6
2023-06,4,TVW1,0.75,0.2
2023-06,4,TVW2,0.3333333333333333,0.3000000000000002
2023-06,4,TVW2,0.5,0.4999999999999999
2023-06,4,TVW2,0.6666666666666666,0.2
2023-06,4,TVW3,0.1,0.13100960359700056
2023-06,4,TVW3,0.25,0.15000000000000008
2023-06,4,TVW3,0.5,0.4999999999999999
2023-06,4,TVW3,0.75,0.14999999999999997
2023-06,4,TVW3,0.9,0.06899039640299949
2023-06,5,TVW1,0.25,0.20000000000000018
2023-06,5,TVW1,0.5,0.5999999999999998
2023-06,5,TVW1,0.75,0.20000000000000012
2023-06,5,TVW2,0.3333333333333333,0.3
2023-06,5,TVW2,0.5,0.5
2023-06,5,TVW2,0.6666666666666666,0.2
2023-06,5,TVW3,0.1,5.551115123125784e-17
2023-06,5,TVW3,0.25,0.34999999999999976
2023-06,5,TVW3,0.5,0.5000000000000001
2023-06,5,TVW3,0.75,0.15000000000000002
2023-06,5,TVW3,0.9,0.0
2023-06,6,TVW1,0.25,0.20000000000000018
2023-06,6,TVW1,0.5,0.5999999999999998
2023-06,6,TVW1,0.75,0.20000000000000015
2023-06,6,TVW2,0.3333333333333333,0.2970062913365242
2023-06,6,TVW2,0.5,0.5
2023-06,6,TVW2,0.6666666666666666,0.20299370866347582
2023-06,6,TVW3,0.1,0.0
2023-06,6,TVW3,0.25,0.31595686626345293
2023-06,6,TVW3,0.5,0.4999999999999998
2023-06,6,TVW3,0.75,0.1840431337365473
2023-06,6,TVW3,0.9,0.0
2023-06,7,TVW1,0.25,0.2
2023-06,7,TVW1,0.5,0.6
2023-06,7,TVW1,0.75,0.20000000000000004
2023-06,7,TVW2,0.3333333333333333,0.22233407213173886
2023-06,7,TVW2,0.5,0.49999999999999994
2023-06,7,TVW2,0.6666666666666666,0.2776659278682613
2023-06,7,TVW3,0.1,0.09395441621417498
2023-06,7,TVW3,0.25,0.15000000000000005
2023-06,7,TVW3,0.5,0.5
2023-06,7,TVW3,0.75,0.256045583785825
2023-06,7,TVW3,0.9,4.0050565972543403e-17
2023-06,8,TVW1,0.25,0.19999999999999996
2023-06,8,TVW1,0.5,0.5999999999999999
2023-06,8,TVW1,0.75,0.2000000000000001
2023-06,8,TVW2,0.3333333333333333,0.20000000000000007
2023-06,8,TVW2,0.5,0.4999999999999999
2023-06,8,TVW2,0.6666666666666666,0.3000000000000001
2023-06,8,TVW3,0.1,0.07132757048214666
2023-06,8,TVW3,0.25,0.15000000000000008
2023-06,8,TVW3,0.5,0.49999999999999994
2023-06,8,TVW3,0.75,0.2786724295178533
2023-06,8,TVW3,0.9,5.036721518976075e-17
2023-06,9,TVW1,0.25,0.2572509694825547
2023-06,9,TVW1,0.5,0.4
2023-06,9,TVW1,0.75,0.3427490305174452
2023-06,9,TVW2,0.3333333333333333,0.3000000000000001
2023-06,9,TVW2,0.5,0.30000000000000004
2023-06,9,TVW2,0.6666666666666666,0.39999999999999997
2023-06,9,TVW3,0.1,0.013964585366470298
2023-06,9,TVW3,0.25,0.34999999999999976
2023-06,9,TVW3,0.5,0.29999999999999993
2023-06,9,TVW3,0.75,0.18603541463353016
2023-06,9,TVW3,0.9,0.1499999999999999
2023-06,10,TVW1,0.25,0.20000000000000004
2023-06,10,TVW1,0.5,0.4108843349569516
2023-06,10,TVW1,0.75,0.38911566504304845
2023-06,10,TVW2,0.3333333333333333,0.2
2023-06,10,TVW2,0.5,0.4000000000000001
2023-06,10,TVW2,0.6666666666666666,0.4
2023-06,10,TVW3,0.1,1.2836953722228372e-16
2023-06,10,TVW3,0.25,0.15000000000000008
2023-06,10,TVW3,0.5,0.49999999999999994
2023-06,10,TVW3,0.75,0.3499999999999998
2023-06,10,TVW3,0.9,1.0664981801746999e-16
2023-06,11,TVW1,0.25,0.20000000000000004
2023-06,11,TVW1,0.5,0.5309920539259997
2023-06,11,TVW1,0.75,0.2690079460740004
2023-06,11,TVW2,0.3333333333333333,0.20000000000000012
2023-06,11,TVW2,0.5,0.4
2023-06,11,TVW2,0.6666666666666666,0.39999999999999997
2023-06,11,TVW3,0.1,0.0
2023-06,11,TVW3,0.25,0.15000000000000005
2023-06,11,TVW3,0.5,0.5
2023-06,11,TVW3,0.75,0.35
2023-06,11,TVW3,0.9,0.0
2023-06,12,TVW1,0.25,0.4
2023-06,12,TVW1,0.5,0.4
2023-06,12,TVW1,0.75,0.2
2023-06,12,TVW2,0.3333333333333333,0.3999999999999999
2023-06,12,TVW2,0.5,0.4
2023-06,12,TVW2,0.6666666666666666,0.19999999999999996
2023-06,12,TVW3,0.1,0.04999999999999996
2023-06,12,TVW3,0.25,0.3499999999999996
2023-06,12,TVW3,0.5,0.30000000000000027
2023-06,12,TVW3,0.75,0.1500000000000007
2023-06,12,TVW3,0.9,0.14999999999999947
2023-06,13,TVW1,0.25,0.2
2023-06,13,TVW1,0.5,0.4000000000000001
2023-06,13,TVW1,0.75,0.39999999999999986
2023-06,13,TVW2,0.3333333333333333,0.2
2023-06,13,TVW2,0.5,0.4000000000000001
2023-06,13,TVW2,0.6666666666666666,0.4
2023-06,13,TVW3,0.1,7.201809211321166e-17
2023-06,13,TVW3,0.25,0.15
2023-06,13,TVW3,0.5,0.4999999999999999
2023-06,13,TVW3,0.75,0.35
2023-06,13,TVW3,0.9,1.700029006457271e-16
2023-07,1,TVW1,0.25,0.24119550225537156
2023-07,1,TVW1,0.5,0.5588044977446284
2023-07,1,TVW1,0.75,0.20000000000000004
2023-07,1,TVW2,0.3333333333333333,0.30000000000000004
2023-07,1,TVW2,0.5,0.5
2023-07,1,TVW2,0.6666666666666666,0.2
2023-07,1,TVW3,0.1,1.1064573050398249e-17
2023-07,1,TVW3,0.25,0.33636671610997565
2023-07,1,TVW3,0.5,0.5
2023-07,1,TVW3,0.75,0.15000000000000008
2023-07,1,TVW3,0.9,0.013633283890024344
2023-07,2,TVW1,0.25,0.3999999999999999
2023-07,2,TVW1,0.5,0.3999999999999999
2023-07,2,TVW1,0.75,0.20000000000000007
2023-07,2,TVW2,0.3333333333333333,0.4
2023-07,2,TVW2,0.5,0.39999999999999997
2023-07,2,TVW2,0.6666666666666666,0.20000000000000007
2023-07,2,TVW3,0.1,0.15
2023-07,2,TVW3,0.25,0.3123074992428865
2023-07,2,TVW3,0.5,0.3
2023-07,2,TVW3,0.75,0.15
2023-07,2,TVW3,0.9,0.08769250075711361
2023-07,3,TVW1,0.25,0.3967800023221139
2023-07,3,TVW1,0.5,0.4000000000000001
2023-07,3,TVW1,0.75,0.203219997677886
2023-07,3,TVW2,0.3333333333333333,0.4
2023-07,3,TVW2,0.5,0.3
2023-07,3,TVW2,0.6666666666666666,0.30000000000000016
2023-07,3,TVW3,0.1,0.14999999999999997
2023-07,3,TVW3,0.25,0.2707869018003689
2023-07,3,TVW3,0.5,0.29999999999999993
2023-07,3,TVW3,0.75,0.2792130981996312
2023-07,3,TVW3,0.9,1.0290036031214811e-16
2023-07,4,TVW1,0.25,0.20000000000000007
2023-07,4,TVW1,0.5,0.5999999999999999
2023-07,4,TVW1,0.75,0.20000000000000004
2023-07,4,TVW2,0.3333333333333333,0.3
2023-07,4,TVW2,0.5,0.5
2023-07,4,TVW2,0.6666666666666666,0.2
2023-07,4,TVW3,0.1,0.14999999999999988
2023-07,4,TVW3,0.25,0.15834322498066633
2023-07,4,TVW3,0.5,0.5
2023-07,4,TVW3,0.75,0.15
2023-07,4,TVW3,0.9,0.041656775019333764
2023-07,5,TVW1,0.25,0.4
2023-07,5,TVW1,0.5,0.4
2023-07,5,TVW1,0.75,0.2
2023-07,5,TVW2,0.3333333333333333,0.3999999999999998
2023-07,5,TVW2,0.5,0.4000000000000003
2023-07,5,TVW2,0.6666666666666666,0.2
2023-07,5,TVW3,0.1,0.11227865466994048
2023-07,5,TVW3,0.25,0.35
2023-07,5,TVW3,0.5,0.3877213453300597
2023-07,5,TVW3,0.75,0.15
2023-07,5,TVW3,0.9,0.0
2023-07,6,TVW1,0.25,0.4
2023-07,6,TVW1,0.5,0.4
2023-07,6,TVW1,0.75,0.20000000000000007
2023-07,6,TVW2,0.3333333333333333,0.4
2023-07,6,TVW2,0.5,0.4
2023-07,6,TVW2,0.6666666666666666,0.2
2023-07,6,TVW3,0.1,0.14999999999999997
2023-07,6,TVW3,0.25,0.2530459168846461
2023-07,6,TVW3,0.5,0.446954083115354
2023-07,6,TVW3,0.75,0.15
2023-07,6,TVW3,0.9,1.2770414345199807e-17
2023-07,7,TVW1,0.25,0.2
2023-07,7,TVW1,0.5,0.6
2023-07,7,TVW1,0.75,0.20000000000000004
2023-07,7,TVW2,0.3333333333333333,0.30000000000000016
2023-07,7,TVW2,0.5,0.49999999999999994
2023-07,7,TVW2,0.6666666666666666,0.2
2023-07,7,TVW3,0.1,0.15
2023-07,7,TVW3,0.25,0.1785012257943187
2023-07,7,TVW3,0.5,0.5
2023-07,7,TVW3,0.75,0.17149877420568135
2023-07,7,TVW3,0.9,0.0
2023-07,8,TVW1,0.25,0.2
2023-07,8,TVW1,0.5,0.6
2023-07,8,TVW1,0.75,0.2
2023-07,8,TVW2,0.3333333333333333,0.2884255854394482
2023-07,8,TVW2,0.5,0.4999999999999992
2023-07,8,TVW2,0.6666666666666666,0.21157441456055268
2023-07,8,TVW3,0.1,0.0
2023-07,8,TVW3,0.25,0.3127675096064547
2023-07,8,TVW3,0.5,0.4999999999999999
2023-07,8,TVW3,0.75,0.1872324903935453
2023-07,8,TVW3,0.9,1.0714066562508528e-18
2023-07,9,TVW1,0.25,0.3114943310906423
2023-07,9,TVW1,0.5,0.4
2023-07,9,TVW1,0.75,0.28850566890935764
2023-07,9,TVW2,0.3333333333333333,0.30000000000000004
2023-07,9,TVW2,0.5,0.30000000000000004
2023-07,9,TVW2,0.6666666666666666,0.39999999999999997
2023-07,9,TVW3,0.1,0.14999999999999994
2023-07,9,TVW3,0.25,0.20046795873068024
2023-07,9,TVW3,0.5,0.30000000000000016
2023-07,9,TVW3,0.75,0.34953204126931964
2023-07,9,TVW3,0.9,3.106294524658709e-17
2023-07,10,TVW1,0.25,0.2
2023-07,10,TVW1,0.5,0.6
2023-07,10,TVW1,0.75,0.20000000000000004
2023-07,10,TVW2,0.3333333333333333,0.2
2023-07,10,TVW2,0.5,0.5
2023-07,10,TVW2,0.6666666666666666,0.3000000000000001
2023-07,10,TVW3,0.1,0.08628400135737252
2023-07,10,TVW3,0.25,0.15
2023-07,10,TVW3,0.5,0.49999999999999983
2023-07,10,TVW3,0.75,0.2637159986426277
2023-07,10,TVW3,0.9,2.844779198789272e-17
2023-07,11,TVW1,0.25,0.19999999999999993
2023-07,11,TVW1,0.5,0.5921993537875528
2023-07,11,TVW1,0.75,0.20780064621244723
2023-07,11,TVW2,0.3333333333333333,0.20000000000000007
2023-07,11,TVW2,0.5,0.49999999999999983
2023-07,11,TVW2,0.6666666666666666,0.3000000000000001
2023-07,11,TVW3,0.1,5.194432132900391e-16
2023-07,11,TVW3,0.25,0.14999999999999997
2023-07,11,TVW3,0.5,0.49999999999999967
2023-07,11,TVW3,0.75,0.3499999999999996
2023-07,11,TVW3,0.9,1.6922288121995208e-16
2023-07,12,TVW1,0.25,0.3999999999999999
2023-07,12,TVW1,0.5,0.4
2023-07,12,TVW1,0.75,0.20000000000000012
2023-07,12,TVW2,0.3333333333333333,0.39999999999999974
2023-07,12,TVW2,0.5,0.4000000000000003
2023-07,12,TVW2,0.6666666666666666,0.19999999999999987
2023-07,12,TVW3,0.1,0.07874496885369076
2023-07,12,TVW3,0.25,0.3499999999999999
2023-07,12,TVW3,0.5,0.30000000000000016
2023-07,12,TVW3,0.75,0.15000000000000005
2023-07,12,TVW3,0.9,0.12125503114630917
2023-07,13,TVW1,0.25,0.2
2023-07,13,TVW1,0.5,0.6
2023-07,13,TVW1,0.75,0.2
2023-07,13,TVW2,0.3333333333333333,0.2
2023-07,13,TVW2,0.5,0.5
2023-07,13,TVW2,0.6666666666666666,0.3
2023-07,13,TVW3,0.1,0.0
2023-07,13,TVW3,0.25,0.2795365843961931
2023-07,13,TVW3,0.5,0.5
2023-07,13,TVW3,0.75,0.1500000000000001
2023-07,13,TVW3,0.9,0.0704634156038068
2023-08,1,TVW1,0.25,0.2
2023-08,1,TVW1,0.5,0.453643800932581
2023-08,1,TVW1,0.75,0.346356199067419
2023-08,1,TVW2,0.3333333333333333,0.20000000000000018
2023-08,1,TVW2,0.5,0.3999999999999998
2023-08,1,TVW2,0.6666666666666666,0.4
2023-08,1,TVW3,0.1,3.351001621250353e-17
2023-08,1,TVW3,0.25,0.1551024400165908
2023-08,1,TVW3,0.5,0.5
2023-08,1,TVW3,0.75,0.3448975599834093
2023-08,1,TVW3,0.9,0.0
2023-08,2,TVW1,0.25,0.2
2023-08,2,TVW1,0.5,0.6
2023-08,2,TVW1,0.75,0.20000000000000007
2023-08,2,TVW2,0.3333333333333333,0.29013456673046994
2023-08,2,TVW2,0.5,0.5000000000000001
2023-08,2,TVW2,0.6666666666666666,0.2098654332695299
2023-08,2,TVW3,0.1,0.019503691225220263
2023-08,2,TVW3,0.25,0.3149049447823454
2023-08,2,TVW3,0.5,0.5
2023-08,2,TVW3,0.75,0.1655913639924343
2023-08,2,TVW3,0.9,3.76577309829987e-17
2023-08,3,TVW1,0.25,0.33566280432376056
2023-08,3,TVW1,0.5,0.40000000000000047
2023-08,3,TVW1,0.75,0.26433719567623903
2023-08,3,TVW2,0.3333333333333333,0.39999999999999974
2023-08,3,TVW2,0.5,0.3
2023-08,3,TVW2,0.6666666666666666,0.30000000000000016
2023-08,3,TVW3,0.1,0.15
2023-08,3,TVW3,0.25,0.21251882369440078
2023-08,3,TVW3,0.5,0.3
2023-08,3,TVW3,0.75,0.3374811763055991
2023-08,3,TVW3,0.9,6.154795032778631e-17
2023-08,4,TVW1,0.25,0.2000000000000001
2023-08,4,TVW1,0.5,0.5999999999999996
2023-08,4,TVW1,0.75,0.2000000000000003
2023-08,4,TVW2,0.3333333333333333,0.3000000000000001
2023-08,4,TVW2,0.5,0.5
2023-08,4,TVW2,0.6666666666666666,0.2
2023-08,4,TVW3,0.1,1.29701363072453e-16
2023-08,4,TVW3,0.25,0.34291487928570924
2023-08,4,TVW3,0.5,0.5000000000000001
2023-08,4,TVW3,0.75,0.15000000000000002
2023-08,4,TVW3,0.9,0.007085120714290597
2023-08,5,TVW1,0.25,0.3999999999999999
2023-08,5,TVW1,0.5,0.4000000000000002
2023-08,5,TVW1,0.75,0.2
2023-08,5,TVW2,0.3333333333333333,0.35842029001297565
2023-08,5,TVW2,0.5,0.4415797099870242
2023-08,5,TVW2,0.6666666666666666,0.20000000000000015
2023-08,5,TVW3,0.1,0.14999999999999933
2023-08,5,TVW3,0.25,0.2000000000000008
2023-08,5,TVW3,0.5,0.49999999999999994
2023-08,5,TVW3,0.75,0.15000000000000002
2023-08,5,TVW3,0.9,0.0
2023-08,6,TVW1,0.25,0.23313298999107418
2023-08,6,TVW1,0.5,0.5668670100089259
2023-08,6,TVW1,0.75,0.2
2023-08,6,TVW2,0.3333333333333333,0.30000000000000004
2023-08,6,TVW2,0.5,0.5
2023-08,6,TVW2,0.6666666666666666,0.2
2023-08,6,TVW3,0.1,4.8572257327350586e-17
2023-08,6,TVW3,0.25,0.3499999999999999
2023-08,6,TVW3,0.5,0.4999999999999999
2023-08,6,TVW3,0.75,0.15000000000000002
2023-08,6,TVW3,0.9,0.0
2023-08,7,TVW1,0.25,0.2
2023-08,7,TVW1,0.5,0.6
2023-08,7,TVW1,0.75,0.2
2023-08,7,TVW2,0.3333333333333333,0.25504288154488075
2023-08,7,TVW2,0.5,0.49999999999999956
2023-08,7,TVW2,0.6666666666666666,0.24495711845511975
2023-08,7,TVW3,0.1,1.1632144415782725e-16
2023-08,7,TVW3,0.25,0.2678602137392271
2023-08,7,TVW3,0.5,0.4999999999999999
2023-08,7,TVW3,0.75,0.2321397862607729
2023-08,7,TVW3,0.9,1.5810889425500824e-17
2023-08,8,TVW1,0.25,0.20000000000000012
2023-08,8,TVW1,0.5,0.594763015422077
2023-08,8,TVW1,0.75,0.20523698457792294
2023-08,8,TVW2,0.3333333333333333,0.33350854210752456
2023-08,8,TVW2,0.5,0.3000000000000002
2023-08,8,TVW2,0.6666666666666666,0.36649145789247534
2023-08,8,TVW3,0.1,0.1499999999999999
2023-08,8,TVW3,0.25,0.1500000000000001
2023-08,8,TVW3,0.5,0.4185402057408898
2023-08,8,TVW3,0.75,0.2814597942591103
2023-08,8,TVW3,0.9,4.456164832988179e-17
2023-08,9,TVW1,0.25,0.36334605315471563
2023-08,9,TVW1,0.5,0.4
2023-08,9,TVW1,0.75,0.2366539468452844
2023-08,9,TVW2,0.3333333333333333,0.34985876243680797
2023-08,9,TVW2,0.5,0.3000000000000002
2023-08,9,TVW2,0.6666666666666666,0.3501412375631918
2023-08,9,TVW3,0.1,0.14999999999999994
2023-08,9,TVW3,0.25,0.25145399059382306
2023-08,9,TVW3,0.5,0.3
2023-08,9,TVW3,0.75,0.2985460094061769
2023-08,9,TVW3,0.9,1.0939885084489401e-17
2023-08,10,TVW1,0.25,0.20000000000000004
2023-08,10,TVW1,0.5,0.6
2023-08,10,TVW1,0.75,0.2
2023-08,10,TVW2,0.3333333333333333,0.2000000000000004
2023-08,10,TVW2,0.5,0.49999999999999967
2023-08,10,TVW2,0.6666666666666666,0.3
2023-08,10,TVW3,0.1,0.070754225351804
2023-08,10,TVW3,0.25,0.15000000000000005
2023-08,10,TVW3,0.5,0.5000000000000001
2023-08,10,TVW3,0.75,0.2792457746481958
2023-08,10,TVW3,0.9,7.930084029003091e-18
2023-08,11,TVW1,0.25,0.2
2023-08,11,TVW1,0.5,0.5090823569668597
2023-08,11,TVW1,0.75,0.2909176430331404
2023-08,11,TVW2,0.3333333333333333,0.2
2023-08,11,TVW2,0.5,0.42705844330687753
2023-08,11,TVW2,0.6666666666666666,0.3729415566931225
2023-08,11,TVW3,0.1,3.254722522672401e-16
2023-08,11,TVW3,0.25,0.15000000000000024
2023-08,11,TVW3,0.5,0.4999999999999994
2023-08,11,TVW3,0.75,0.3499999999999998
2023-08,11,TVW3,0.9,2.5673907444456745e-16
2023-08,12,TVW1,0.25,0.4
2023-08,12,TVW1,0.5,0.4
2023-08,12,TVW1,0.75,0.2
2023-08,12,TVW2,0.3333333333333333,0.3999999999999999
2023-08,12,TVW2,0.5,0.4
2023-08,12,TVW2,0.6666666666666666,0.19999999999999996
2023-08,12,TVW3,0.1,0.05733319670307613
2023-08,12,TVW3,0.25,0.35000000000000003
2023-08,12,TVW3,0.5,0.30000000000000004
2023-08,12,TVW3,0.75,0.15000000000000022
2023-08,12,TVW3,0.9,0.14266680329692366
2023-08,13,TVW1,0.25,0.2
2023-08,13,TVW1,0.5,0.5902736805761104
2023-08,13,TVW1,0.75,0.20972631942388975
2023-08,13,TVW2,0.3333333333333333,0.2
2023-08,13,TVW2,0.5,0.4000000000000002
2023-08,13,TVW2,0.6666666666666666,0.39999999999999986
2023-08,13,TVW3,0.1,4.1121025741380727e-17
2023-08,13,TVW3,0.25,0.16127133152001114
2023-08,13,TVW3,0.5,0.4999999999999998
2023-08,13,TVW3,0.75,0.338728668479989
2023-08,13,TVW3,0.9,0.0
2023-09,1,TVW1,0.25,0.3782980171407822
2023-09,1,TVW1,0.5,0.4000000000000001
2023-09,1,TVW1,0.75,0.22170198285921772
2023-09,1,TVW2,0.3333333333333333,0.3380950469253242
2023-09,1,TVW2,0.5,0.29999999999999993
2023-09,1,TVW2,0.6666666666666666,0.36190495307467585
2023-09,1,TVW3,0.1,1.5787635508385163e-16
2023-09,1,TVW3,0.25,0.34999999999999987
2023-09,1,TVW3,0.5,0.43078484273538575
2023-09,1,TVW3,0.75,0.21921515726461419
2023-09,1,TVW3,0.9,1.8828865491499377e-18
2023-09,2,TVW1,0.25,0.4
2023-09,2,TVW1,0.5,0.4
2023-09,2,TVW1,0.75,0.2
2023-09,2,TVW2,0.3333333333333333,0.30035677804515665
2023-09,2,TVW2,0.5,0.49964322195484345
2023-09,2,TVW2,0.6666666666666666,0.2
2023-09,2,TVW3,0.1,0.0348497227635768
2023-09,2,TVW3,0.25,0.3499999999999998
2023-09,2,TVW3,0.5,0.4651502772364233
2023-09,2,TVW3,0.75,0.15000000000000008
2023-09,2,TVW3,0.9,0.0
2023-09,3,TVW1,0.25,0.39999999999999997
2023-09,3,TVW1,0.5,0.4
2023-09,3,TVW1,0.75,0.2
2023-09,3,TVW2,0.3333333333333333,0.4
2023-09,3,TVW2,0.5,0.3
2023-09,3,TVW2,0.6666666666666666,0.30000000000000016
2023-09,3,TVW3,0.1,0.15000000000000002
2023-09,3,TVW3,0.25,0.3008121710698732
2023-09,3,TVW3,0.5,0.30000000000000004
2023-09,3,TVW3,0.75,0.2491878289301267
2023-09,3,TVW3,0.9,0.0
2023-09,4,TVW1,0.25,0.4
2023-09,4,TVW1,0.5,0.4
2023-09,4,TVW1,0.75,0.2
2023-09,4,TVW2,0.3333333333333333,0.30000000000000004
2023-09,4,TVW2,0.5,0.5
2023-09,4,TVW2,0.6666666666666666,0.2
2023-09,4,TVW3,0.1,0.0
2023-09,4,TVW3,0.25,0.34999999999999987
2023-09,4,TVW3,0.5,0.5
2023-09,4,TVW3,0.75,0.15000000000000013
2023-09,4,TVW3,0.9,0.0
2023-09,5,TVW1,0.25,0.39999999999999947
2023-09,5,TVW1,0.5,0.4000000000000006
2023-09,5,TVW1,0.75,0.19999999999999993
2023-09,5,TVW2,0.3333333333333333,0.3999999999999999
2023-09,5,TVW2,0.5,0.4
2023-09,5,TVW2,0.6666666666666666,0.19999999999999996
2023-09,5,TVW3,0.1,0.15
2023-09,5,TVW3,0.25,0.34999999999999987
2023-09,5,TVW3,0.5,0.3500000000000001
2023-09,5,TVW3,0.75,0.15000000000000005
2023-09,5,TVW3,0.9,0.0
2023-09,6,TVW1,0.25,0.3999999999999997
2023-09,6,TVW1,0.5,0.40000000000000036
2023-09,6,TVW1,0.75,0.2
2023-09,6,TVW2,0.3333333333333333,0.4
2023-09,6,TVW2,0.5,0.4000000000000001
2023-09,6,TVW2,0.6666666666666666,0.20000000000000004
2023-09,6,TVW3,0.1,0.15
2023-09,6,TVW3,0.25,0.28985821946343504
2023-09,6,TVW3,0.5,0.4101417805365649
2023-09,6,TVW3,0.75,0.15
2023-09,6,TVW3,0.9,4.7699792578465015e-17
2023-09,7,TVW1,0.25,0.4
2023-09,7,TVW1,0.5,0.4
2023-09,7,TVW1,0.75,0.2
2023-09,7,TVW2,0.3333333333333333,0.3999999999999997
2023-09,7,TVW2,0.5,0.40000000000000024
2023-09,7,TVW2,0.6666666666666666,0.19999999999999996
2023-09,7,TVW3,0.1,0.13241098645689314
2023-09,7,TVW3,0.25,0.21758901354310706
2023-09,7,TVW3,0.5,0.4999999999999997
2023-09,7,TVW3,0.75,0.14999999999999994
2023-09,7,TVW3,0.9,1.2536468286334615e-16
2023-09,8,TVW1,0.25,0.39999999999999997
2023-09,8,TVW1,0.5,0.4000000000000001
2023-09,8,TVW1,0.75,0.2
2023-09,8,TVW2,0.3333333333333333,0.36801051340578445
2023-09,8,TVW2,0.5,0.43198948659421565
2023-09,8,TVW2,0.6666666666666666,0.2
2023-09,8,TVW3,0.1,2.0773313624822265e-16
2023-09,8,TVW3,0.25,0.3499999999999999
2023-09,8,TVW3,0.5,0.49999999999999994
2023-09,8,TVW3,0.75,0.15
2023-09,8,TVW3,0.9,2.6670046245403777e-17
2023-09,9,TVW1,0.25,0.3999999999999998
2023-09,9,TVW1,0.5,0.40000000000000013
2023-09,9,TVW1,0.75,0.2
2023-09,9,TVW2,0.3333333333333333,0.3999999999999999
2023-09,9,TVW2,0.5,0.3
2023-09,9,TVW2,0.6666666666666666,0.3000000000000001
2023-09,9,TVW3,0.1,0.15
2023-09,9,TVW3,0.25,0.35
2023-09,9,TVW3,0.5,0.3000000000000001
2023-09,9,TVW3,0.75,0.19999999999999998
2023-09,9,TVW3,0.9,1.5612267636701547e-17
2023-09,10,TVW1,0.25,0.20000000000000015
2023-09,10,TVW1,0.5,0.5999999999999999
2023-09,10,TVW1,0.75,0.20000000000000007
2023-09,10,TVW2,0.3333333333333333,0.20000000000000012
2023-09,10,TVW2,0.5,0.49999999999999994
2023-09,10,TVW2,0.6666666666666666,0.3
2023-09,10,TVW3,0.1,3.2612801348363973e-16
2023-09,10,TVW3,0.25,0.34999999999999964
2023-09,10,TVW3,0.5,0.5
2023-09,10,TVW3,0.75,0.15
2023-09,10,TVW3,0.9,2.7225491290236287e-17
2023-09,11,TVW1,0.25,0.2
2023-09,11,TVW1,0.5,0.6
2023-09,11,TVW1,0.75,0.2
2023-09,11,TVW2,0.3333333333333333,0.2
2023-09,11,TVW2,0.5,0.5
2023-09,11,TVW2,0.6666666666666666,0.3000000000000001
2023-09,11,TVW3,0.1,1.2605319232433865e-17
2023-09,11,TVW3,0.25,0.3024618917056661
2023-09,11,TVW3,0.5,0.5
2023-09,11,TVW3,0.75,0.19753810829433402
2023-09,11,TVW3,0.9,0.0
2023-09,12,TVW1,0.25,0.39999999999999974
2023-09,12,TVW1,0.5,0.40000000000000024
2023-09,12,TVW1,0.75,0.19999999999999996
2023-09,12,TVW2,0.3333333333333333,0.3999999999999998
2023-09,12,TVW2,0.5,0.40000000000000024
2023-09,12,TVW2,0.6666666666666666,0.19999999999999996
2023-09,12,TVW3,0.1,0.14999999999999997
2023-09,12,TVW3,0.25,0.35
2023-09,12,TVW3,0.5,0.30000000000000004
2023-09,12,TVW3,0.75,0.15000000000000013
2023-09,12,TVW3,0.9,0.04999999999999996
2023-09,13,TVW1,0.25,0.2
2023-09,13,TVW1,0.5,0.6
2023-09,13,TVW1,0.75,0.2
2023-09,13,TVW2,0.3333333333333333,0.22194492676493607
2023-09,13,TVW2,0.5,0.4999999999999999
2023-09,13,TVW2,0.6666666666666666,0.278055073235064
2023-09,13,TVW3,0.1,1.6033210700803658e-16
2023-09,13,TVW3,0.25,0.3291875979309728
2023-09,13,TVW3,0.5,0.4999999999999999
2023-09,13,TVW3,0.75,0.17081240206902704
2023-09,13,TVW3,0.9,0.0
2023-10,1,TVW1,0.25,0.20000000000000004
2023-10,1,TVW1,0.5,0.4
2023-10,1,TVW1,0.75,0.3999999999999999
2023-10,1,TVW2,0.3333333333333333,0.20000000000000004
2023-10,1,TVW2,0.5,0.4000000000000001
2023-10,1,TVW2,0.6666666666666666,0.4
2023-10,1,TVW3,0.1,0.0
2023-10,1,TVW3,0.25,0.15000000000000002
2023-10,1,TVW3,0.5,0.48756986400403896
2023-10,1,TVW3,0.75,0.35
2023-10,1,TVW3,0.9,0.01243013599596108
2023-10,2,TVW1,0.25,0.2
2023-10,2,TVW1,0.5,0.4
2023-10,2,TVW1,0.75,0.39999999999999997
2023-10,2,TVW2,0.3333333333333333,0.2
2023-10,2,TVW2,0.5,0.4000000000000001
2023-10,2,TVW2,0.6666666666666666,0.4
2023-10,2,TVW3,0.1,0.0
2023-10,2,TVW3,0.25,0.15
2023-10,2,TVW3,0.5,0.5
2023-10,2,TVW3,0.75,0.34999999999999987
2023-10,2,TVW3,0.9,1.3183898417423734e-16
2023-10,3,TVW1,0.25,0.2
2023-10,3,TVW1,0.5,0.4
2023-10,3,TVW1,0.75,0.4
2023-10,3,TVW2,0.3333333333333333,0.20672410095715676
2023-10,3,TVW2,0.5,0.39327589904284327
2023-10,3,TVW2,0.6666666666666666,0.4
2023-10,3,TVW3,0.1,0.036061548004809825
2023-10,3,TVW3,0.25,0.15000000000000002
2023-10,3,TVW3,0.5,0.5000000000000001
2023-10,3,TVW3,0.75,0.1639384519951901
2023-10,3,TVW3,0.9,0.15000000000000002
2023-10,4,TVW1,0.25,0.2
2023-10,4,TVW1,0.5,0.4
2023-10,4,TVW1,0.75,0.4
2023-10,4,TVW2,0.3333333333333333,0.20000000000000007
2023-10,4,TVW2,0.5,0.4000000000000001
2023-10,4,TVW2,0.6666666666666666,0.39999999999999997
2023-10,4,TVW3,0.1,3.1040915230310274e-17
2023-10,4,TVW3,0.25,0.15000000000000005
2023-10,4,TVW3,0.5,0.4525298440767358
2023-10,4,TVW3,0.75,0.35
2023-10,4,TVW3,0.9,0.04747015592326414
2023-10,5,TVW1,0.25,0.2
2023-10,5,TVW1,0.5,0.44514351876102154
2023-10,5,TVW1,0.75,0.35485648123897856
2023-10,5,TVW2,0.3333333333333333,0.2
2023-10,5,TVW2,0.5,0.4000000000000001
2023-10,5,TVW2,0.6666666666666666,0.4
2023-10,5,TVW3,0.1,2.1957788854808932e-16
2023-10,5,TVW3,0.25,0.15000000000000055
2023-10,5,TVW3,0.5,0.4999999999999996
2023-10,5,TVW3,0.75,0.34999999999999937
2023-10,5,TVW3,0.9,2.5356205528552455e-16
2023-10,6,TVW1,0.25,0.248437214249625
2023-10,6,TVW1,0.5,0.3999999999999999
2023-10,6,TVW1,0.75,0.35156278575037503
2023-10,6,TVW2,0.3333333333333333,0.2
2023-10,6,TVW2,0.5,0.4
2023-10,6,TVW2,0.6666666666666666,0.4
2023-10,6,TVW3,0.1,0.0
2023-10,6,TVW3,0.25,0.31414738285370275
2023-10,6,TVW3,0.5,0.3358526171462972
2023-10,6,TVW3,0.75,0.35000000000000003
2023-10,6,TVW3,0.9,0.0
2023-10,7,TVW1,0.25,0.2
2023-10,7,TVW1,0.5,0.4
2023-10,7,TVW1,0.75,0.4
2023-10,7,TVW2,0.3333333333333333,0.2
2023-10,7,TVW2,0.5,0.39999999999999997
2023-10,7,TVW2,0.6666666666666666,0.4
2023-10,7,TVW3,0.1,0.0
2023-10,7,TVW3,0.25,0.15000000000000008
2023-10,7,TVW3,0.5,0.5
2023-10,7,TVW3,0.75,0.35
2023-10,7,TVW3,0.9,0.0
2023-10,8,TVW1,0.25,0.2
2023-10,8,TVW1,0.5,0.4
2023-10,8,TVW1,0.75,0.4
2023-10,8,TVW2,0.3333333333333333,0.20000000000000018
2023-10,8,TVW2,0.5,0.39999999999999997
2023-10,8,TVW2,0.6666666666666666,0.3999999999999999
2023-10,8,TVW3,0.1,0.0
2023-10,8,TVW3,0.25,0.15
2023-10,8,TVW3,0.5,0.48992727113029994
2023-10,8,TVW3,0.75,0.35
2023-10,8,TVW3,0.9,0.010072728869700084
2023-10,9,TVW1,0.25,0.39999999999999997
2023-10,9,TVW1,0.5,0.4
2023-10,9,TVW1,0.75,0.2
2023-10,9,TVW2,0.3333333333333333,0.39999999999999997
2023-10,9,TVW2,0.5,0.3
2023-10,9,TVW2,0.6666666666666666,0.30000000000000016
2023-10,9,TVW3,0.1,0.09579781852858724
2023-10,9,TVW3,0.25,0.35
2023-10,9,TVW3,0.5,0.3000000000000002
2023-10,9,TVW3,0.75,0.25420218147141266
2023-10,9,TVW3,0.9,1.0216492275672311e-17
2023-10,10,TVW1,0.25,0.28028526752733146
2023-10,10,TVW1,0.5,0.4000000000000002
2023-10,10,TVW1,0.75,0.3197147324726684
2023-10,10,TVW2,0.3333333333333333,0.20000000000000026
2023-10,10,TVW2,0.5,0.39999999999999974
2023-10,10,TVW2,0.6666666666666666,0.4000000000000001
2023-10,10,TVW3,0.1,0.0
2023-10,10,TVW3,0.25,0.35
2023-10,10,TVW3,0.5,0.3000000000000001
2023-10,10,TVW3,0.75,0.3499999999999999
2023-10,10,TVW3,0.9,1.7573607792066058e-17
2023-10,11,TVW1,0.25,0.2000000000000001
2023-10,11,TVW1,0.5,0.570154248923037
2023-10,11,TVW1,0.75,0.22984575107696292
2023-10,11,TVW2,0.3333333333333333,0.2
2023-10,11,TVW2,0.5,0.4000000000000001
2023-10,11,TVW2,0.6666666666666666,0.4
2023-10,11,TVW3,0.1,0.0
2023-10,11,TVW3,0.25,0.1956118554732048
2023-10,11,TVW3,0.5,0.49999999999999967
2023-10,11,TVW3,0.75,0.3043881445267956
2023-10,11,TVW3,0.9,0.0
2023-10,12,TVW1,0.25,0.4
2023-10,12,TVW1,0.5,0.4
2023-10,12,TVW1,0.75,0.2
2023-10,12,TVW2,0.3333333333333333,0.4
2023-10,12,TVW2,0.5,0.4000000000000001
2023-10,12,TVW2,0.6666666666666666,0.2
2023-10,12,TVW3,0.1,0.06436582247112119
2023-10,12,TVW3,0.25,0.34999999999999987
2023-10,12,TVW3,0.5,0.29999999999999993
2023-10,12,TVW3,0.75,0.15
2023-10,12,TVW3,0.9,0.13563417752887896
2023-10,13,TVW1,0.25,0.2
2023-10,13,TVW1,0.5,0.4
2023-10,13,TVW1,0.75,0.4
2023-10,13,TVW2,0.3333333333333333,0.2
2023-10,13,TVW2,0.5,0.4
2023-10,13,TVW2,0.6666666666666666,0.4
2023-10,13,TVW3,0.1,3.3305132319716755e-17
2023-10,13,TVW3,0.25,0.1500000000000001
2023-10,13,TVW3,0.5,0.5
2023-10,13,TVW3,0.75,0.3499999999999999
2023-10,13,TVW3,0.9,1.3877787807814457e-17
2023-11,1,TVW1,0.25,0.2
2023-11,1,TVW1,0.5,0.4
2023-11,1,TVW1,0.75,0.4
2023-11,1,TVW2,0.3333333333333333,0.20000000000000037
2023-11,1,TVW2,0.5,0.3999999999999998
2023-11,1,TVW2,0.6666666666666666,0.39999999999999986
2023-11,1,TVW3,0.1,0.0
2023-11,1,TVW3,0.25,0.15
2023-11,1,TVW3,0.5,0.5
2023-11,1,TVW3,0.75,0.35
2023-11,1,TVW3,0.9,0.0
2023-11,2,TVW1,0.25,0.2
2023-11,2,TVW1,0.5,0.6
2023-11,2,TVW1,0.75,0.2
2023-11,2,TVW2,0.3333333333333333,0.20000000000000004
2023-11,2,TVW2,0.5,0.3999999999999999
2023-11,2,TVW2,0.6666666666666666,0.4000000000000001
2023-11,2,TVW3,0.1,0.04492998773136008
2023-11,2,TVW3,0.25,0.15000000000000005
2023-11,2,TVW3,0.5,0.49999999999999994
2023-11,2,TVW3,0.75,0.3050700122686399
2023-11,2,TVW3,0.9,5.609432844342515e-17
2023-11,3,TVW1,0.25,0.2206899890128824
2023-11,3,TVW1,0.5,0.4
2023-11,3,TVW1,0.75,0.37931001098711753
2023-11,3,TVW2,0.3333333333333333,0.3413762878034095
2023-11,3,TVW2,0.5,0.3
2023-11,3,TVW2,0.6666666666666666,0.3586237121965906
2023-11,3,TVW3,0.1,0.0006540690445254009
2023-11,3,TVW3,0.25,0.3499999999999999
2023-11,3,TVW3,0.5,0.29999999999999993
2023-11,3,TVW3,0.75,0.25100710021479616
2023-11,3,TVW3,0.9,0.09833883074067853
2023-11,4,TVW1,0.25,0.2
2023-11,4,TVW1,0.5,0.4243918528838469
2023-11,4,TVW1,0.75,0.3756081471161531
2023-11,4,TVW2,0.3333333333333333,0.19999999999999993
2023-11,4,TVW2,0.5,0.40000000000000036
2023-11,4,TVW2,0.6666666666666666,0.39999999999999974
2023-11,4,TVW3,0.1,7.627905784216132e-17
2023-11,4,TVW3,0.25,0.15
2023-11,4,TVW3,0.5,0.5
2023-11,4,TVW3,0.75,0.35
2023-11,4,TVW3,0.9,0.0
2023-11,5,TVW1,0.25,0.31146266216328916
2023-11,5,TVW1,0.5,0.4000000000000001
2023-11,5,TVW1,0.75,0.28853733783671076
2023-11,5,TVW2,0.3333333333333333,0.2992202079667184
2023-11,5,TVW2,0.5,0.3007797920332817
2023-11,5,TVW2,0.6666666666666666,0.4
2023-11,5,TVW3,0.1,0.01001074001743843
2023-11,5,TVW3,0.25,0.34999999999999926
2023-11,5,TVW3,0.5,0.310661859397216
2023-11,5,TVW3,0.75,0.32932740058534626
2023-11,5,TVW3,0.9,0.0
2023-11,6,TVW1,0.25,0.29636342715272307
2023-11,6,TVW1,0.5,0.503636572847277
2023-11,6,TVW1,0.75,0.2
2023-11,6,TVW2,0.3333333333333333,0.39999999999999997
2023-11,6,TVW2,0.5,0.3064296507652683
2023-11,6,TVW2,0.6666666666666666,0.2935703492347317
2023-11,6,TVW3,0.1,3.816391647148976e-17
2023-11,6,TVW3,0.25,0.35000000000000003
2023-11,6,TVW3,0.5,0.49999999999999994
2023-11,6,TVW3,0.75,0.15000000000000002
2023-11,6,TVW3,0.9,0.0
2023-11,7,TVW1,0.25,0.20000000000000004
2023-11,7,TVW1,0.5,0.6
2023-11,7,TVW1,0.75,0.2
2023-11,7,TVW2,0.3333333333333333,0.22725630810362782
2023-11,7,TVW2,0.5,0.5000000000000001
2023-11,7,TVW2,0.6666666666666666,0.2727436918963721
2023-11,7,TVW3,0.1,0.14537156556448738
2023-11,7,TVW3,0.25,0.15000000000000008
2023-11,7,TVW3,0.5,0.5000000000000001
2023-11,7,TVW3,0.75,0.2046284344355125
2023-11,7,TVW3,0.9,1.8828865491499353e-17
2023-11,8,TVW1,0.25,0.19999999999999996
2023-11,8,TVW1,0.5,0.5949605237418201
2023-11,8,TVW1,0.75,0.20503947625817995
2023-11,8,TVW2,0.3333333333333333,0.21156224781168267
2023-11,8,TVW2,0.5,0.3884377521883174
2023-11,8,TVW2,0.6666666666666666,0.4
2023-11,8,TVW3,0.1,0.0823075944182397
2023-11,8,TVW3,0.25,0.15
2023-11,8,TVW3,0.5,0.5
2023-11,8,TVW3,0.75,0.2676924055817603
2023-11,8,TVW3,0.9,4.044283400361631e-17
2023-11,9,TVW1,0.25,0.4
2023-11,9,TVW1,0.5,0.4000000000000001
2023-11,9,TVW1,0.75,0.2
2023-11,9,TVW2,0.3333333333333333,0.4
2023-11,9,TVW2,0.5,0.3999999999999998
2023-11,9,TVW2,0.6666666666666666,0.2000000000000003
2023-11,9,TVW3,0.1,0.14999999999999972
2023-11,9,TVW3,0.25,0.35000000000000003
2023-11,9,TVW3,0.5,0.3499999999999999
2023-11,9,TVW3,0.75,0.15000000000000027
2023-11,9,TVW3,0.9,1.387778780781446e-16
2023-11,10,TVW1,0.25,0.2000000000000001
2023-11,10,TVW1,0.5,0.5999999999999999
2023-11,10,TVW1,0.75,0.19999999999999996
2023-11,10,TVW2,0.3333333333333333,0.25056518447103093
2023-11,10,TVW2,0.5,0.4999999999999989
2023-11,10,TVW2,0.6666666666666666,0.24943481552897018
2023-11,10,TVW3,0.1,0.0
2023-11,10,TVW3,0.25,0.33491528987925173
2023-11,10,TVW3,0.5,0.5
2023-11,10,TVW3,0.75,0.16508471012074827
2023-11,10,TVW3,0.9,0.0
2023-11,11,TVW1,0.25,0.20000000000000004
2023-11,11,TVW1,0.5,0.6
2023-11,11,TVW1,0.75,0.2
2023-11,11,TVW2,0.3333333333333333,0.2
2023-11,11,TVW2,0.5,0.4000000000000001
2023-11,11,TVW2,0.6666666666666666,0.4
2023-11,11,TVW3,0.1,9.24622702222247e-18
2023-11,11,TVW3,0.25,0.2688633299985115
2023-11,11,TVW3,0.5,0.5
2023-11,11,TVW3,0.75,0.23113667000148863
2023-11,11,TVW3,0.9,0.0
2023-11,12,TVW1,0.25,0.4
2023-11,12,TVW1,0.5,0.4
2023-11,12,TVW1,0.75,0.2
2023-11,12,TVW2,0.3333333333333333,0.4
2023-11,12,TVW2,0.5,0.4000000000000001
2023-11,12,TVW2,0.6666666666666666,0.2
2023-11,12,TVW3,0.1,0.1161290870759745
2023-11,12,TVW3,0.25,0.34999999999999987
2023-11,12,TVW3,0.5,0.29999999999999993
2023-11,12,TVW3,0.75,0.15
2023-11,12,TVW3,0.9,0.08387091292402564
2023-11,13,TVW1,0.25,0.2
2023-11,13,TVW1,0.5,0.5999999999999999
2023-11,13,TVW1,0.75,0.20000000000000015
2023-11,13,TVW2,0.3333333333333333,0.20000000000000004
2023-11,13,TVW2,0.5,0.4
2023-11,13,TVW2,0.6666666666666666,0.4
2023-11,13,TVW3,0.1,4.193578225363636e-17
2023-11,13,TVW3,0.25,0.21520080964878244
2023-11,13,TVW3,0.5,0.49999999999999994
2023-11,13,TVW3,0.75,0.2847991903512174
2023-11,13,TVW3,0.9,1.7424236473202056e-16
2023-12,1,TVW1,0.25,0.2
2023-12,1,TVW1,0.5,0.4000000000000001
2023-12,1,TVW1,0.75,0.3999999999999999
2023-12,1,TVW2,0.3333333333333333,0.2
2023-12,1,TVW2,0.5,0.40000000000000013
2023-12,1,TVW2,0.6666666666666666,0.39999999999999997
2023-12,1,TVW3,0.1,5.671998125534899e-16
2023-12,1,TVW3,0.25,0.15000000000000085
2023-12,1,TVW3,0.5,0.4999999999999992
2023-12,1,TVW3,0.75,0.3499999999999987
2023-12,1,TVW3,0.9,7.494005416219807e-16
2023-12,2,TVW1,0.25,0.20000000000000004
2023-12,2,TVW1,0.5,0.4
2023-12,2,TVW1,0.75,0.4
2023-12,2,TVW2,0.3333333333333333,0.2
2023-12,2,TVW2,0.5,0.40000000000000013
2023-12,2,TVW2,0.6666666666666666,0.4
2023-12,2,TVW3,0.1,2.9320977205449586e-16
2023-12,2,TVW3,0.25,0.15000000000000016
2023-12,2,TVW3,0.5,0.4999999999999998
2023-12,2,TVW3,0.75,0.34999999999999953
2023-12,2,TVW3,0.9,2.2463844495022073e-16
2023-12,3,TVW1,0.25,0.23741928766790707
2023-12,3,TVW1,0.5,0.4
2023-12,3,TVW1,0.75,0.3625807123320929
2023-12,3,TVW2,0.3333333333333333,0.20000000000000004
2023-12,3,TVW2,0.5,0.4000000000000001
2023-12,3,TVW2,0.6666666666666666,0.39999999999999997
2023-12,3,TVW3,0.1,0.03543513010207279
2023-12,3,TVW3,0.25,0.35000000000000003
2023-12,3,TVW3,0.5,0.30000000000000004
2023-12,3,TVW3,0.75,0.16456486989792726
2023-12,3,TVW3,0.9,0.15000000000000002
2023-12,4,TVW1,0.25,0.2
2023-12,4,TVW1,0.5,0.4
2023-12,4,TVW1,0.75,0.4
2023-12,4,TVW2,0.3333333333333333,0.2
2023-12,4,TVW2,0.5,0.4
2023-12,4,TVW2,0.6666666666666666,0.4
2023-12,4,TVW3,0.1,1.0755285551056204e-16
2023-12,4,TVW3,0.25,0.15000000000000005
2023-12,4,TVW3,0.5,0.5
2023-12,4,TVW3,0.75,0.35
2023-12,4,TVW3,0.9,0.0
2023-12,5,TVW1,0.25,0.2
2023-12,5,TVW1,0.5,0.4
2023-12,5,TVW1,0.75,0.4
2023-12,5,TVW2,0.3333333333333333,0.2
2023-12,5,TVW2,0.5,0.39999999999999997
2023-12,5,TVW2,0.6666666666666666,0.4
2023-12,5,TVW3,0.1,0.13155720801033427
2023-12,5,TVW3,0.25,0.15
2023-12,5,TVW3,0.5,0.3684427919896663
2023-12,5,TVW3,0.75,0.34999999999999953
2023-12,5,TVW3,0.9,4.9082765729153474e-17
2023-12,6,TVW1,0.25,0.3663409874351016
2023-12,6,TVW1,0.5,0.4
2023-12,6,TVW1,0.75,0.23365901256489843
2023-12,6,TVW2,0.3333333333333333,0.30000000000000027
2023-12,6,TVW2,0.5,0.29999999999999993
2023-12,6,TVW2,0.6666666666666666,0.39999999999999986
2023-12,6,TVW3,0.1,0.06547590587558545
2023-12,6,TVW3,0.25,0.3499999999999999
2023-12,6,TVW3,0.5,0.29999999999999993
2023-12,6,TVW3,0.75,0.2845240941244146
2023-12,6,TVW3,0.9,1.1013648455206536e-17
2023-12,7,TVW1,0.25,0.26345383928206706
2023-12,7,TVW1,0.5,0.4000000000000002
2023-12,7,TVW1,0.75,0.3365461607179327
2023-12,7,TVW2,0.3333333333333333,0.20000000000000004
2023-12,7,TVW2,0.5,0.4
2023-12,7,TVW2,0.6666666666666666,0.4
2023-12,7,TVW3,0.1,0.0
2023-12,7,TVW3,0.25,0.3499999999999996
2023-12,7,TVW3,0.5,0.30000000000000066
2023-12,7,TVW3,0.75,0.34999999999999987
2023-12,7,TVW3,0.9,3.169525691069057e-17
2023-12,8,TVW1,0.25,0.2
2023-12,8,TVW1,0.5,0.480350044661134
2023-12,8,TVW1,0.75,0.3196499553388659
2023-12,8,TVW2,0.3333333333333333,0.20000000000000007
2023-12,8,TVW2,0.5,0.4
2023-12,8,TVW2,0.6666666666666666,0.4
2023-12,8,TVW3,0.1,0.11100594763746324
2023-12,8,TVW3,0.25,0.15
2023-12,8,TVW3,0.5,0.388994052362537
2023-12,8,TVW3,0.75,0.35
2023-12,8,TVW3,0.9,0.0
2023-12,9,TVW1,0.25,0.3999999999999996
2023-12,9,TVW1,0.5,0.40000000000000047
2023-12,9,TVW1,0.75,0.2
2023-12,9,TVW2,0.3333333333333333,0.3999999999999999
2023-12,9,TVW2,0.5,0.39999999999999986
2023-12,9,TVW2,0.6666666666666666,0.2000000000000001
2023-12,9,TVW3,0.1,0.15
2023-12,9,TVW3,0.25,0.34999999999999937
2023-12,9,TVW3,0.5,0.35000000000000053
2023-12,9,TVW3,0.75,0.15
2023-12,9,TVW3,0.9,1.8041124150158794e-16
2023-12,10,TVW1,0.25,0.2
2023-12,10,TVW1,0.5,0.6
2023-12,10,TVW1,0.75,0.2
2023-12,10,TVW2,0.3333333333333333,0.20000000000000023
2023-12,10,TVW2,0.5,0.3999999999999999
2023-12,10,TVW2,0.6666666666666666,0.4
2023-12,10,TVW3,0.1,0.09808485113120019
2023-12,10,TVW3,0.25,0.15000000000000008
2023-12,10,TVW3,0.5,0.5
2023-12,10,TVW3,0.75,0.25191514886879973
2023-12,10,TVW3,0.9,9.394819344196029e-18
2023-12,11,TVW1,0.25,0.20000000000000012
2023-12,11,TVW1,0.5,0.6
2023-12,11,TVW1,0.75,0.2
2023-12,11,TVW2,0.3333333333333333,0.29152951344609707
2023-12,11,TVW2,0.5,0.49999999999999994
2023-12,11,TVW2,0.6666666666666666,0.20847048655390304
2023-12,11,TVW3,0.1,0.1499999999999998
2023-12,11,TVW3,0.25,0.1868589372711542
2023-12,11,TVW3,0.5,0.5
2023-12,11,TVW3,0.75,0.163141062728846
2023-12,11,TVW3,0.9,0.0
2023-12,12,TVW1,0.25,0.4
2023-12,12,TVW1,0.5,0.4
2023-12,12,TVW1,0.75,0.20000000000000004
2023-12,12,TVW2,0.3333333333333333,0.39999999999999997
2023-12,12,TVW2,0.5,0.4000000000000001
2023-12,12,TVW2,0.6666666666666666,0.20000000000000004
2023-12,12,TVW3,0.1,0.12388244855346776
2023-12,12,TVW3,0.25,0.35
2023-12,12,TVW3,0.5,0.3
2023-12,12,TVW3,0.75,0.15000000000000002
2023-12,12,TVW3,0.9,0.07611755144653233
2023-12,13,TVW1,0.25,0.20000000000000007
2023-12,13,TVW1,0.5,0.6
2023-12,13,TVW1,0.75,0.2
2023-12,13,TVW2,0.3333333333333333,0.2957135111402883
2023-12,13,TVW2,0.5,0.3042864888597117
2023-12,13,TVW2,0.6666666666666666,0.4
2023-12,13,TVW3,0.1,0.05627222864728039
2023-12,13,TVW3,0.25,0.14999999999999997
2023-12,13,TVW3,0.5,0.49999999999999983
2023-12,13,TVW3,0.75,0.2937277713527198
2023-12,13,TVW3,0.9,0.0
2024-01,1,TVW1,0.25,0.20000000000000018
2024-01,1,TVW1,0.5,0.5999999999999999
2024-01,1,TVW1,0.75,0.20000000000000007
2024-01,1,TVW2,0.3333333333333333,0.2
2024-01,1,TVW2,0.5,0.5
2024-01,1,TVW2,0.6666666666666666,0.30000000000000004
2024-01,1,TVW3,0.1,0.15
2024-01,1,TVW3,0.25,0.15
2024-01,1,TVW3,0.5,0.43780927285487564
2024-01,1,TVW3,0.75,0.26219072714512437
2024-01,1,TVW3,0.9,2.439907153273457e-17
2024-01,2,TVW1,0.25,0.4
2024-01,2,TVW1,0.5,0.4
2024-01,2,TVW1,0.75,0.20000000000000004
2024-01,2,TVW2,0.3333333333333333,0.4
2024-01,2,TVW2,0.5,0.4000000000000001
2024-01,2,TVW2,0.6666666666666666,0.2
2024-01,2,TVW3,0.1,0.15000000000000002
2024-01,2,TVW3,0.25,0.19999999999999984
2024-01,2,TVW3,0.5,0.5000000000000001
2024-01,2,TVW3,0.75,0.15000000000000008
2024-01,2,TVW3,0.9,0.0
2024-01,3,TVW1,0.25,0.4
2024-01,3,TVW1,0.5,0.4
2024-01,3,TVW1,0.75,0.2
2024-01,3,TVW2,0.3333333333333333,0.4000000000000001
2024-01,3,TVW2,0.5,0.39999999999999963
2024-01,3,TVW2,0.6666666666666666,0.2000000000000003
2024-01,3,TVW3,0.1,0.15
2024-01,3,TVW3,0.25,0.3390163972603445
2024-01,3,TVW3,0.5,0.3
2024-01,3,TVW3,0.75,0.21098360273965555
2024-01,3,TVW3,0.9,0.0
2024-01,4,TVW1,0.25,0.4
2024-01,4,TVW1,0.5,0.4
2024-01,4,TVW1,0.75,0.2
2024-01,4,TVW2,0.3333333333333333,0.4
2024-01,4,TVW2,0.5,0.3999999999999999
2024-01,4,TVW2,0.6666666666666666,0.2
2024-01,4,TVW3,0.1,0.14999999999999955
2024-01,4,TVW3,0.25,0.20434236625806854
2024-01,4,TVW3,0.5,0.49565763374193195
2024-01,4,TVW3,0.75,0.15
2024-01,4,TVW3,0.9,0.0
2024-01,5,TVW1,0.25,0.39999999999999997
2024-01,5,TVW1,0.5,0.4000000000000001
2024-01,5,TVW1,0.75,0.2
2024-01,5,TVW2,0.3333333333333333,0.4000000000000001
2024-01,5,TVW2,0.5,0.3999999999999999
2024-01,5,TVW2,0.6666666666666666,0.2000000000000001
2024-01,5,TVW3,0.1,0.12829067760087193
2024-01,5,TVW3,0.25,0.34999999999999987
2024-01,5,TVW3,0.5,0.37170932239912813
2024-01,5,TVW3,0.75,0.15000000000000008
2024-01,5,TVW3,0.9,0.0
2024-01,6,TVW1,0.25,0.3999999999999998
2024-01,6,TVW1,0.5,0.4000000000000003
2024-01,6,TVW1,0.75,0.19999999999999996
2024-01,6,TVW2,0.3333333333333333,0.39999999999999974
2024-01,6,TVW2,0.5,0.4000000000000001
2024-01,6,TVW2,0.6666666666666666,0.20000000000000004
2024-01,6,TVW3,0.1,0.14999999999999947
2024-01,6,TVW3,0.25,0.3500000000000002
2024-01,6,TVW3,0.5,0.35000000000000037
2024-01,6,TVW3,0.75,0.15000000000000008
2024-01,6,TVW3,0.9,0.0
2024-01,7,TVW1,0.25,0.3999999999999999
2024-01,7,TVW1,0.5,0.40000000000000013
2024-01,7,TVW1,0.75,0.2
2024-01,7,TVW2,0.3333333333333333,0.3999999999999999
2024-01,7,TVW2,0.5,0.4
2024-01,7,TVW2,0.6666666666666666,0.19999999999999996
2024-01,7,TVW3,0.1,0.14999999999999977
2024-01,7,TVW3,0.25,0.3500000000000001
2024-01,7,TVW3,0.5,0.34999999999999964
2024-01,7,TVW3,0.75,0.15000000000000033
2024-01,7,TVW3,0.9,2.0816681711721693e-16
2024-01,8,TVW1,0.25,0.4
2024-01,8,TVW1,0.5,0.4
2024-01,8,TVW1,0.75,0.20000000000000007
2024-01,8,TVW2,0.3333333333333333,0.4
2024-01,8,TVW2,0.5,0.4
2024-01,8,TVW2,0.6666666666666666,0.20000000000000007
2024-01,8,TVW3,0.1,0.15000000000000002
2024-01,8,TVW3,0.25,0.34999999999999937
2024-01,8,TVW3,0.5,0.35000000000000037
2024-01,8,TVW3,0.75,0.15000000000000002
2024-01,8,TVW3,0.9,2.6367796834847473e-16
2024-01,9,TVW1,0.25,0.39999999999999925
2024-01,9,TVW1,0.5,0.4000000000000007
2024-01,9,TVW1,0.75,0.19999999999999996
2024-01,9,TVW2,0.3333333333333333,0.3999999999999999
2024-01,9,TVW2,0.5,0.4000000000000002
2024-01,9,TVW2,0.6666666666666666,0.19999999999999996
2024-01,9,TVW3,0.1,0.14999999999999794
2024-01,9,TVW3,0.25,0.3499999999999965
2024-01,9,TVW3,0.5,0.3500000000000007
2024-01,9,TVW3,0.75,0.1500000000000003
2024-01,9,TVW3,0.9,4.538036613155327e-15
2024-01,10,TVW1,0.25,0.3999999999999999
2024-01,10,TVW1,0.5,0.4
2024-01,10,TVW1,0.75,0.19999999999999996
2024-01,10,TVW2,0.3333333333333333,0.3999999999999999
2024-01,10,TVW2,0.5,0.4000000000000002
2024-01,10,TVW2,0.6666666666666666,0.2
2024-01,10,TVW3,0.1,0.14999999999999997
2024-01,10,TVW3,0.25,0.3499999999999999
2024-01,10,TVW3,0.5,0.35000000000000014
2024-01,10,TVW3,0.75,0.14999999999999997
2024-01,10,TVW3,0.9,0.0
2024-01,11,TVW1,0.25,0.3999999999999998
2024-01,11,TVW1,0.5,0.40000000000000013
2024-01,11,TVW1,0.75,0.19999999999999996
2024-01,11,TVW2,0.3333333333333333,0.3999999999999999
2024-01,11,TVW2,0.5,0.4
2024-01,11,TVW2,0.6666666666666666,0.19999999999999996
2024-01,11,TVW3,0.1,0.14999999999999997
2024-01,11,TVW3,0.25,0.3499999999999999
2024-01,11,TVW3,0.5,0.35000000000000026
2024-01,11,TVW3,0.75,0.14999999999999997
2024-01,11,TVW3,0.9,0.0
2024-01,12,TVW1,0.25,0.3999999999999998
2024-01,12,TVW1,0.5,0.40000000000000013
2024-01,12,TVW1,0.75,0.2
2024-01,12,TVW2,0.3333333333333333,0.4
2024-01,12,TVW2,0.5,0.3999999999999999
2024-01,12,TVW2,0.6666666666666666,0.2
2024-01,12,TVW3,0.1,0.14999999999999983
2024-01,12,TVW3,0.25,0.3499999999999999
2024-01,12,TVW3,0.5,0.3500000000000004
2024-01,12,TVW3,0.75,0.14999999999999997
2024-01,12,TVW3,0.9,0.0
2024-01,13,TVW1,0.25,0.3999999999999999
2024-01,13,TVW1,0.5,0.4
2024-01,13,TVW1,0.75,0.20000000000000004
2024-01,13,TVW2,0.3333333333333333,0.4
2024-01,13,TVW2,0.5,0.4000000000000001
2024-01,13,TVW2,0.6666666666666666,0.2
2024-01,13,TVW3,0.1,0.15000000000000002
2024-01,13,TVW3,0.25,0.35000000000000003
2024-01,13,TVW3,0.5,0.3125265852586151
2024-01,13,TVW3,0.75,0.15000000000000002
2024-01,13,TVW3,0.9,0.037473414741384936
2024-02,1,TVW1,0.25,0.34506305793351133
2024-02,1,TVW1,0.5,0.4
2024-02,1,TVW1,0.75,0.25493694206648865
2024-02,1,TVW2,0.3333333333333333,0.4
2024-02,1,TVW2,0.5,0.3
2024-02,1,TVW2,0.6666666666666666,0.3000000000000001
2024-02,1,TVW3,0.1,0.15
2024-02,1,TVW3,0.25,0.21464368026078562
2024-02,1,TVW3,0.5,0.3
2024-02,1,TVW3,0.75,0.33535631973921454
2024-02,1,TVW3,0.9,0.0
2024-02,2,TVW1,0.25,0.4
2024-02,2,TVW1,0.5,0.4
2024-02,2,TVW1,0.75,0.2
2024-02,2,TVW2,0.3333333333333333,0.4
2024-02,2,TVW2,0.5,0.4000000000000001
2024-02,2,TVW2,0.6666666666666666,0.2
2024-02,2,TVW3,0.1,0.15
2024-02,2,TVW3,0.25,0.20202391865873123
2024-02,2,TVW3,0.5,0.49797608134126875
2024-02,2,TVW3,0.75,0.15
2024-02,2,TVW3,0.9,2.1967009740082573e-17
2024-02,3,TVW1,0.25,0.4
2024-02,3,TVW1,0.5,0.4
2024-02,3,TVW1,0.75,0.20000000000000004
2024-02,3,TVW2,0.3333333333333333,0.39999999999999986
2024-02,3,TVW2,0.5,0.40000000000000024
2024-02,3,TVW2,0.6666666666666666,0.19999999999999996
2024-02,3,TVW3,0.1,0.15
2024-02,3,TVW3,0.25,0.35000000000000003
2024-02,3,TVW3,0.5,0.31360829003973745
2024-02,3,TVW3,0.75,0.18639170996026255
2024-02,3,TVW3,0.9,0.0
2024-02,4,TVW1,0.25,0.4
2024-02,4,TVW1,0.5,0.4
2024-02,4,TVW1,0.75,0.2
2024-02,4,TVW2,0.3333333333333333,0.40000000000000013
2024-02,4,TVW2,0.5,0.3999999999999999
2024-02,4,TVW2,0.6666666666666666,0.20000000000000007
2024-02,4,TVW3,0.1,0.15
2024-02,4,TVW3,0.25,0.35
2024-02,4,TVW3,0.5,0.3
2024-02,4,TVW3,0.75,0.19999999999999996
2024-02,4,TVW3,0.9,5.801386992325347e-18
2024-02,5,TVW1,0.25,0.39999999999999997
2024-02,5,TVW1,0.5,0.4000000000000001
2024-02,5,TVW1,0.75,0.2
2024-02,5,TVW2,0.3333333333333333,0.4
2024-02,5,TVW2,0.5,0.4
2024-02,5,TVW2,0.6666666666666666,0.2
2024-02,5,TVW3,0.1,0.14440058750392396
2024-02,5,TVW3,0.25,0.35
2024-02,5,TVW3,0.5,0.30000000000000004
2024-02,5,TVW3,0.75,0.20559941249607608
2024-02,5,TVW3,0.9,3.9658297941470504e-17
2024-02,6,TVW1,0.25,0.3999999999999997
2024-02,6,TVW1,0.5,0.40000000000000024
2024-02,6,TVW1,0.75,0.20000000000000007
2024-02,6,TVW2,0.3333333333333333,0.39999999999999997
2024-02,6,TVW2,0.5,0.40000000000000013
2024-02,6,TVW2,0.6666666666666666,0.20000000000000004
2024-02,6,TVW3,0.1,0.14999999999999994
2024-02,6,TVW3,0.25,0.3499999999999994
2024-02,6,TVW3,0.5,0.35000000000000075
2024-02,6,TVW3,0.75,0.14999999999999994
2024-02,6,TVW3,0.9,0.0
2024-02,7,TVW1,0.25,0.3999999999999999
2024-02,7,TVW1,0.5,0.3999999999999999
2024-02,7,TVW1,0.75,0.20000000000000004
2024-02,7,TVW2,0.3333333333333333,0.4000000000000001
2024-02,7,TVW2,0.5,0.3999999999999999
2024-02,7,TVW2,0.6666666666666666,0.2000000000000001
2024-02,7,TVW3,0.1,0.14999999999999994
2024-02,7,TVW3,0.25,0.34999999999999987
2024-02,7,TVW3,0.5,0.34999999999999987
2024-02,7,TVW3,0.75,0.15000000000000016
2024-02,7,TVW3,0.9,2.0816681711721685e-16
2024-02,8,TVW1,0.25,0.3999999999999997
2024-02,8,TVW1,0.5,0.4000000000000004
2024-02,8,TVW1,0.75,0.2
2024-02,8,TVW2,0.3333333333333333,0.39999999999999986
2024-02,8,TVW2,0.5,0.4000000000000001
2024-02,8,TVW2,0.6666666666666666,0.19999999999999996
2024-02,8,TVW3,0.1,0.15
2024-02,8,TVW3,0.25,0.3499999999999996
2024-02,8,TVW3,0.5,0.3500000000000005
2024-02,8,TVW3,0.75,0.15
2024-02,8,TVW3,0.9,0.0
2024-02,9,TVW1,0.25,0.39999999999999986
2024-02,9,TVW1,0.5,0.39999999999999986
2024-02,9,TVW1,0.75,0.20000000000000034
2024-02,9,TVW2,0.3333333333333333,0.39999999999999936
2024-02,9,TVW2,0.5,0.4000000000000006
2024-02,9,TVW2,0.6666666666666666,0.19999999999999996
2024-02,9,TVW3,0.1,0.1499999999999997
2024-02,9,TVW3,0.25,0.34999999999999737
2024-02,9,TVW3,0.5,0.3499999999999986
2024-02,9,TVW3,0.75,0.1500000000000014
2024-02,9,TVW3,0.9,2.9976021664879227e-15
2024-02,10,TVW1,0.25,0.4
2024-02,10,TVW1,0.5,0.4
2024-02,10,TVW1,0.75,0.2
2024-02,10,TVW2,0.3333333333333333,0.3999999999999999
2024-02,10,TVW2,0.5,0.40000000000000013
2024-02,10,TVW2,0.6666666666666666,0.20000000000000007
2024-02,10,TVW3,0.1,0.15000000000000002
2024-02,10,TVW3,0.25,0.34999999999999937
2024-02,10,TVW3,0.5,0.3499999999999998
2024-02,10,TVW3,0.75,0.15000000000000002
2024-02,10,TVW3,0.9,6.245004513516507e-16
2024-02,11,TVW1,0.25,0.3999999999999999
2024-02,11,TVW1,0.5,0.4000000000000002
2024-02,11,TVW1,0.75,0.2
2024-02,11,TVW2,0.3333333333333333,0.3999999999999997
2024-02,11,TVW2,0.5,0.40000000000000013
2024-02,11,TVW2,0.6666666666666666,0.20000000000000004
2024-02,11,TVW3,0.1,0.15000000000000005
2024-02,11,TVW3,0.25,0.34999999999999976
2024-02,11,TVW3,0.5,0.3500000000000001
2024-02,11,TVW3,0.75,0.15000000000000005
2024-02,11,TVW3,0.9,1.526556658859591e-16
2024-02,12,TVW1,0.25,0.3999999999999998
2024-02,12,TVW1,0.5,0.4000000000000002
2024-02,12,TVW1,0.75,0.2
2024-02,12,TVW2,0.3333333333333333,0.39999999999999997
2024-02,12,TVW2,0.5,0.4000000000000001
2024-02,12,TVW2,0.6666666666666666,0.20000000000000004
2024-02,12,TVW3,0.1,0.15
2024-02,12,TVW3,0.25,0.35000000000000003
2024-02,12,TVW3,0.5,0.35000000000000003
2024-02,12,TVW3,0.75,0.15000000000000008
2024-02,12,TVW3,0.9,0.0
2024-02,13,TVW1,0.25,0.4
2024-02,13,TVW1,0.5,0.4
2024-02,13,TVW1,0.75,0.20000000000000004
2024-02,13,TVW2,0.3333333333333333,0.3999999999999999
2024-02,13,TVW2,0.5,0.4
2024-02,13,TVW2,0.6666666666666666,0.19999999999999996
2024-02,13,TVW3,0.1,0.05176280687520501
2024-02,13,TVW3,0.25,0.35
2024-02,13,TVW3,0.5,0.44823719312479504
2024-02,13,TVW3,0.75,0.15
2024-02,13,TVW3,0.9,7.354951376342694e-17
2024-03,1,TVW1,0.25,0.30746635773546155
2024-03,1,TVW1,0.5,0.4000000000000003
2024-03,1,TVW1,0.75,0.29253364226453826
2024-03,1,TVW2,0.3333333333333333,0.35445668561339094
2024-03,1,TVW2,0.5,0.3
2024-03,1,TVW2,0.6666666666666666,0.3455433143866092
2024-03,1,TVW3,0.1,0.15
2024-03,1,TVW3,0.25,0.16895827243592454
2024-03,1,TVW3,0.5,0.33104172756407546
2024-03,1,TVW3,0.75,0.35
2024-03,1,TVW3,0.9,0.0
2024-03,2,TVW1,0.25,0.20000000000000004
2024-03,2,TVW1,0.5,0.6
2024-03,2,TVW1,0.75,0.2
2024-03,2,TVW2,0.3333333333333333,0.4000000000000001
2024-03,2,TVW2,0.5,0.31240554315243485
2024-03,2,TVW2,0.6666666666666666,0.2875944568475652
2024-03,2,TVW3,0.1,0.13257572132422502
2024-03,2,TVW3,0.25,0.15
2024-03,2,TVW3,0.5,0.5
2024-03,2,TVW3,0.75,0.21742427867577493
2024-03,2,TVW3,0.9,0.0
2024-03,3,TVW1,0.25,0.39999999999999997
2024-03,3,TVW1,0.5,0.4000000000000001
2024-03,3,TVW1,0.75,0.2
2024-03,3,TVW2,0.3333333333333333,0.4
2024-03,3,TVW2,0.5,0.39999999999999936
2024-03,3,TVW2,0.6666666666666666,0.20000000000000062
2024-03,3,TVW3,0.1,0.15
2024-03,3,TVW3,0.25,0.35
2024-03,3,TVW3,0.5,0.33026306302666536
2024-03,3,TVW3,0.75,0.15
2024-03,3,TVW3,0.9,0.01973693697333461
2024-03,4,TVW1,0.25,0.4
2024-03,4,TVW1,0.5,0.4
2024-03,4,TVW1,0.75,0.2
2024-03,4,TVW2,0.3333333333333333,0.4
2024-03,4,TVW2,0.5,0.4000000000000001
2024-03,4,TVW2,0.6666666666666666,0.20000000000000004
2024-03,4,TVW3,0.1,0.09192589103883525
2024-03,4,TVW3,0.25,0.35
2024-03,4,TVW3,0.5,0.4080741089611648
2024-03,4,TVW3,0.75,0.15
2024-03,4,TVW3,0.9,5.9934649688490036e-18
2024-03,5,TVW1,0.25,0.4
2024-03,5,TVW1,0.5,0.4
2024-03,5,TVW1,0.75,0.2
2024-03,5,TVW2,0.3333333333333333,0.39496210626926365
2024-03,5,TVW2,0.5,0.40503789373073645
2024-03,5,TVW2,0.6666666666666666,0.2
2024-03,5,TVW3,0.1,0.14999999999999997
2024-03,5,TVW3,0.25,0.29741782217683604
2024-03,5,TVW3,0.5,0.29999999999999993
2024-03,5,TVW3,0.75,0.25258217782316394
2024-03,5,TVW3,0.9,4.950400096303248e-18
2024-03,6,TVW1,0.25,0.4
2024-03,6,TVW1,0.5,0.4
2024-03,6,TVW1,0.75,0.2
2024-03,6,TVW2,0.3333333333333333,0.3999999999999999
2024-03,6,TVW2,0.5,0.40000000000000013
2024-03,6,TVW2,0.6666666666666666,0.20000000000000004
2024-03,6,TVW3,0.1,0.15
2024-03,6,TVW3,0.25,0.35
2024-03,6,TVW3,0.5,0.35
2024-03,6,TVW3,0.75,0.15000000000000013
2024-03,6,TVW3,0.9,0.0
2024-03,7,TVW1,0.25,0.4
2024-03,7,TVW1,0.5,0.4
2024-03,7,TVW1,0.75,0.2
2024-03,7,TVW2,0.3333333333333333,0.4
2024-03,7,TVW2,0.5,0.4000000000000001
2024-03,7,TVW2,0.6666666666666666,0.2
2024-03,7,TVW3,0.1,0.15
2024-03,7,TVW3,0.25,0.19999999999999996
2024-03,7,TVW3,0.5,0.5
2024-03,7,TVW3,0.75,0.15
2024-03,7,TVW3,0.9,1.3807834693766188e-17
2024-03,8,TVW1,0.25,0.3999999999999999
2024-03,8,TVW1,0.5,0.4
2024-03,8,TVW1,0.75,0.20000000000000007
2024-03,8,TVW2,0.3333333333333333,0.4
2024-03,8,TVW2,0.5,0.4000000000000001
2024-03,8,TVW2,0.6666666666666666,0.2
2024-03,8,TVW3,0.1,0.15
2024-03,8,TVW3,0.25,0.35
2024-03,8,TVW3,0.5,0.3500000000000001
2024-03,8,TVW3,0.75,0.15
2024-03,8,TVW3,0.9,1.0355876020324642e-17
2024-03,9,TVW1,0.25,0.3999999999999994
2024-03,9,TVW1,0.5,0.40000000000000063
2024-03,9,TVW1,0.75,0.19999999999999993
2024-03,9,TVW2,0.3333333333333333,0.3999999999999999
2024-03,9,TVW2,0.5,0.4
2024-03,9,TVW2,0.6666666666666666,0.19999999999999996
2024-03,9,TVW3,0.1,0.14999999999999986
2024-03,9,TVW3,0.25,0.3499999999999996
2024-03,9,TVW3,0.5,0.3500000000000007
2024-03,9,TVW3,0.75,0.14999999999999986
2024-03,9,TVW3,0.9,0.0
2024-03,10,TVW1,0.25,0.4
2024-03,10,TVW1,0.5,0.4
2024-03,10,TVW1,0.75,0.20000000000000004
2024-03,10,TVW2,0.3333333333333333,0.3999999999999999
2024-03,10,TVW2,0.5,0.4
2024-03,10,TVW2,0.6666666666666666,0.19999999999999996
2024-03,10,TVW3,0.1,0.15
2024-03,10,TVW3,0.25,0.35000000000000003
2024-03,10,TVW3,0.5,0.31942036352076614
2024-03,10,TVW3,0.75,0.15000000000000002
2024-03,10,TVW3,0.9,0.03057963647923394
2024-03,11,TVW1,0.25,0.3999999999999996
2024-03,11,TVW1,0.5,0.40000000000000047
2024-03,11,TVW1,0.75,0.2
2024-03,11,TVW2,0.3333333333333333,0.39999999999999974
2024-03,11,TVW2,0.5,0.4000000000000002
2024-03,11,TVW2,0.6666666666666666,0.19999999999999996
2024-03,11,TVW3,0.1,0.14999999999999947
2024-03,11,TVW3,0.25,0.3499999999999997
2024-03,11,TVW3,0.5,0.3499999999999997
2024-03,11,TVW3,0.75,0.15000000000000027
2024-03,11,TVW3,0.9,8.604228440844963e-16
2024-03,12,TVW1,0.25,0.4
2024-03,12,TVW1,0.5,0.4
2024-03,12,TVW1,0.75,0.2
2024-03,12,TVW2,0.3333333333333333,0.3999999999999999
2024-03,12,TVW2,0.5,0.4
2024-03,12,TVW2,0.6666666666666666,0.19999999999999996
2024-03,12,TVW3,0.1,0.15000000000000002
2024-03,12,TVW3,0.25,0.3499999999999999
2024-03,12,TVW3,0.5,0.35
2024-03,12,TVW3,0.75,0.15000000000000002
2024-03,12,TVW3,0.9,2.775557561562892e-17
2024-03,13,TVW1,0.25,0.3999999999999999
2024-03,13,TVW1,0.5,0.4000000000000001
2024-03,13,TVW1,0.75,0.2
2024-03,13,TVW2,0.3333333333333333,0.4
2024-03,13,TVW2,0.5,0.39999999999999997
2024-03,13,TVW2,0.6666666666666666,0.2
2024-03,13,TVW3,0.1,0.15000000000000002
2024-03,13,TVW3,0.25,0.3369608450260556
2024-03,13,TVW3,0.5,0.30000000000000004
2024-03,13,TVW3,0.75,0.15000000000000002
2024-03,13,TVW3,0.9,0.06303915497394441
2024-04,1,TVW1,0.25,0.2
2024-04,1,TVW1,0.5,0.4
2024-04,1,TVW1,0.75,0.4
2024-04,1,TVW2,0.3333333333333333,0.2
2024-04,1,TVW2,0.5,0.4000000000000001
2024-04,1,TVW2,0.6666666666666666,0.4
2024-04,1,TVW3,0.1,0.0
2024-04,1,TVW3,0.25,0.15
2024-04,1,TVW3,0.5,0.4918658127797362
2024-04,1,TVW3,0.75,0.35
2024-04,1,TVW3,0.9,0.008134187220263846
2024-04,2,TVW1,0.25,0.2
2024-04,2,TVW1,0.5,0.4
2024-04,2,TVW1,0.75,0.39999999999999997
2024-04,2,TVW2,0.3333333333333333,0.20000000000000046
2024-04,2,TVW2,0.5,0.39999999999999947
2024-04,2,TVW2,0.6666666666666666,0.4000000000000001
2024-04,2,TVW3,0.1,0.0
2024-04,2,TVW3,0.25,0.15
2024-04,2,TVW3,0.5,0.5
2024-04,2,TVW3,0.75,0.35
2024-04,2,TVW3,0.9,0.0
2024-04,3,TVW1,0.25,0.21379757301542693
2024-04,3,TVW1,0.5,0.3999999999999999
2024-04,3,TVW1,0.75,0.386202426984573
2024-04,3,TVW2,0.3333333333333333,0.3000000000000001
2024-04,3,TVW2,0.5,0.3
2024-04,3,TVW2,0.6666666666666666,0.4
2024-04,3,TVW3,0.1,0.14999999999999983
2024-04,3,TVW3,0.25,0.15863048879580516
2024-04,3,TVW3,0.5,0.30000000000000004
2024-04,3,TVW3,0.75,0.35000000000000003
2024-04,3,TVW3,0.9,0.04136951120419496
2024-04,4,TVW1,0.25,0.2
2024-04,4,TVW1,0.5,0.4804721312527684
2024-04,4,TVW1,0.75,0.31952786874723166
2024-04,4,TVW2,0.3333333333333333,0.2
2024-04,4,TVW2,0.5,0.4
2024-04,4,TVW2,0.6666666666666666,0.4
2024-04,4,TVW3,0.1,1.5179644112583898e-17
2024-04,4,TVW3,0.25,0.18395128853921858
2024-04,4,TVW3,0.5,0.5000000000000001
2024-04,4,TVW3,0.75,0.3160487114607813
2024-04,4,TVW3,0.9,0.0
2024-04,5,TVW1,0.25,0.2
2024-04,5,TVW1,0.5,0.4
2024-04,5,TVW1,0.75,0.4
2024-04,5,TVW2,0.3333333333333333,0.2
2024-04,5,TVW2,0.5,0.39999999999999997
2024-04,5,TVW2,0.6666666666666666,0.4
2024-04,5,TVW3,0.1,1.0831446757220248e-16
2024-04,5,TVW3,0.25,0.30516737683970313
2024-04,5,TVW3,0.5,0.30000000000000016
2024-04,5,TVW3,0.75,0.34999999999999976
2024-04,5,TVW3,0.9,0.044832623160296806
2024-04,6,TVW1,0.25,0.31287881424192987
2024-04,6,TVW1,0.5,0.4871211857580701
2024-04,6,TVW1,0.75,0.2
2024-04,6,TVW2,0.3333333333333333,0.203759359935739
2024-04,6,TVW2,0.5,0.5
2024-04,6,TVW2,0.6666666666666666,0.29624064006426104
2024-04,6,TVW3,0.1,2.4984681714260188e-17
2024-04,6,TVW3,0.25,0.31148205672155344
2024-04,6,TVW3,0.5,0.5000000000000001
2024-04,6,TVW3,0.75,0.18851794327844648
2024-04,6,TVW3,0.9,1.7271320187709903e-17
2024-04,7,TVW1,0.25,0.26832057039580015
2024-04,7,TVW1,0.5,0.4
2024-04,7,TVW1,0.75,0.33167942960419994
2024-04,7,TVW2,0.3333333333333333,0.20000000000000012
2024-04,7,TVW2,0.5,0.39999999999999997
2024-04,7,TVW2,0.6666666666666666,0.4
2024-04,7,TVW3,0.1,0.12199359732425526
2024-04,7,TVW3,0.25,0.15000000000000008
2024-04,7,TVW3,0.5,0.37800640267574476
2024-04,7,TVW3,0.75,0.3499999999999999
2024-04,7,TVW3,0.9,0.0
2024-04,8,TVW1,0.25,0.2777759317908998
2024-04,8,TVW1,0.5,0.4
2024-04,8,TVW1,0.75,0.3222240682091002
2024-04,8,TVW2,0.3333333333333333,0.31146715543776443
2024-04,8,TVW2,0.5,0.30000000000000004
2024-04,8,TVW2,0.6666666666666666,0.3885328445622356
2024-04,8,TVW3,0.1,0.14999999999999988
2024-04,8,TVW3,0.25,0.18851570501693662
2024-04,8,TVW3,0.5,0.30000000000000004
2024-04,8,TVW3,0.75,0.3321249117917034
2024-04,8,TVW3,0.9,0.029359383191359993
2024-04,9,TVW1,0.25,0.4
2024-04,9,TVW1,0.5,0.4
2024-04,9,TVW1,0.75,0.2
2024-04,9,TVW2,0.3333333333333333,0.4
2024-04,9,TVW2,0.5,0.4000000000000001
2024-04,9,TVW2,0.6666666666666666,0.2
2024-04,9,TVW3,0.1,0.09002459706771163
2024-04,9,TVW3,0.25,0.35
2024-04,9,TVW3,0.5,0.40997540293228846
2024-04,9,TVW3,0.75,0.15
2024-04,9,TVW3,0.9,3.1858195744237225e-18
2024-04,10,TVW1,0.25,0.2
2024-04,10,TVW1,0.5,0.4999560979663782
2024-04,10,TVW1,0.75,0.3000439020336218
2024-04,10,TVW2,0.3333333333333333,0.2
2024-04,10,TVW2,0.5,0.39999999999999997
2024-04,10,TVW2,0.6666666666666666,0.4
2024-04,10,TVW3,0.1,0.14999999999999977
2024-04,10,TVW3,0.25,0.2719524983843494
2024-04,10,TVW3,0.5,0.30000000000000027
2024-04,10,TVW3,0.75,0.1500000000000001
2024-04,10,TVW3,0.9,0.12804750161565048
2024-04,11,TVW1,0.25,0.3829165397944535
2024-04,11,TVW1,0.5,0.41708346020554643
2024-04,11,TVW1,0.75,0.2
2024-04,11,TVW2,0.3333333333333333,0.4
2024-04,11,TVW2,0.5,0.3999999999999999
2024-04,11,TVW2,0.6666666666666666,0.2
2024-04,11,TVW3,0.1,0.15
2024-04,11,TVW3,0.25,0.1742190704159485
2024-04,11,TVW3,0.5,0.5
2024-04,11,TVW3,0.75,0.15
2024-04,11,TVW3,0.9,0.02578092958405153
2024-04,12,TVW1,0.25,0.4
2024-04,12,TVW1,0.5,0.4000000000000001
2024-04,12,TVW1,0.75,0.2
2024-04,12,TVW2,0.3333333333333333,0.4
2024-04,12,TVW2,0.5,0.4000000000000001
2024-04,12,TVW2,0.6666666666666666,0.2
2024-04,12,TVW3,0.1,0.14999999999999997
2024-04,12,TVW3,0.25,0.3499999999999999
2024-04,12,TVW3,0.5,0.3012592807861666
2024-04,12,TVW3,0.75,0.14999999999999997
2024-04,12,TVW3,0.9,0.048740719213833376
2024-04,13,TVW1,0.25,0.20000000000000007
2024-04,13,TVW1,0.5,0.5526868836048853
2024-04,13,TVW1,0.75,0.24731311639511463
2024-04,13,TVW2,0.3333333333333333,0.2
2024-04,13,TVW2,0.5,0.4371017036357111
2024-04,13,TVW2,0.6666666666666666,0.36289829636428894
2024-04,13,TVW3,0.1,0.14999999999999997
2024-04,13,TVW3,0.25,0.2733679700294658
2024-04,13,TVW3,0.5,0.3
2024-04,13,TVW3,0.75,0.15000000000000008
2024-04,13,TVW3,0.9,0.1266320299705342
2024-05,1,TVW1,0.25,0.2
2024-05,1,TVW1,0.5,0.4
2024-05,1,TVW1,0.75,0.4
2024-05,1,TVW2,0.3333333333333333,0.2
2024-05,1,TVW2,0.5,0.4
2024-05,1,TVW2,0.6666666666666666,0.4
2024-05,1,TVW3,0.1,0.1310664298982642
2024-05,1,TVW3,0.25,0.15000000000000016
2024-05,1,TVW3,0.5,0.3000000000000001
2024-05,1,TVW3,0.75,0.34999999999999987
2024-05,1,TVW3,0.9,0.06893357010173581
2024-05,2,TVW1,0.25,0.2
2024-05,2,TVW1,0.5,0.4
2024-05,2,TVW1,0.75,0.4
2024-05,2,TVW2,0.3333333333333333,0.19999999999999996
2024-05,2,TVW2,0.5,0.4000000000000001
2024-05,2,TVW2,0.6666666666666666,0.3999999999999999
2024-05,2,TVW3,0.1,0.06582511071892187
2024-05,2,TVW3,0.25,0.15000000000000002
2024-05,2,TVW3,0.5,0.4341748892810781
2024-05,2,TVW3,0.75,0.35
2024-05,2,TVW3,0.9,4.635947880991446e-17
2024-05,3,TVW1,0.25,0.22797180539882003
2024-05,3,TVW1,0.5,0.4
2024-05,3,TVW1,0.75,0.37202819460118
2024-05,3,TVW2,0.3333333333333333,0.30000000000000004
2024-05,3,TVW2,0.5,0.3
2024-05,3,TVW2,0.6666666666666666,0.4
2024-05,3,TVW3,0.1,0.15000000000000002
2024-05,3,TVW3,0.25,0.1894245515187234
2024-05,3,TVW3,0.5,0.3000000000000002
2024-05,3,TVW3,0.75,0.35000000000000003
2024-05,3,TVW3,0.9,0.010575448481276294
2024-05,4,TVW1,0.25,0.26804793767242474
2024-05,4,TVW1,0.5,0.3999999999999999
2024-05,4,TVW1,0.75,0.33195206232757535
2024-05,4,TVW2,0.3333333333333333,0.2
2024-05,4,TVW2,0.5,0.4
2024-05,4,TVW2,0.6666666666666666,0.4
2024-05,4,TVW3,0.1,8.757592971068789e-17
2024-05,4,TVW3,0.25,0.35
2024-05,4,TVW3,0.5,0.3443378702262694
2024-05,4,TVW3,0.75,0.2648543103918335
2024-05,4,TVW3,0.9,0.04080781938189711
2024-05,5,TVW1,0.25,0.22036641511379088
2024-05,5,TVW1,0.5,0.4
2024-05,5,TVW1,0.75,0.37963358488620913
2024-05,5,TVW2,0.3333333333333333,0.30000000000000004
2024-05,5,TVW2,0.5,0.3
2024-05,5,TVW2,0.6666666666666666,0.4
2024-05,5,TVW3,0.1,0.0
2024-05,5,TVW3,0.25,0.3305992174681579
2024-05,5,TVW3,0.5,0.29999999999999993
2024-05,5,TVW3,0.75,0.3499999999999999
2024-05,5,TVW3,0.9,0.01940078253184229
2024-05,6,TVW1,0.25,0.3279990058596176
2024-05,6,TVW1,0.5,0.40000000000000013
2024-05,6,TVW1,0.75,0.2720009941403823
2024-05,6,TVW2,0.3333333333333333,0.21509977510316103
2024-05,6,TVW2,0.5,0.5
2024-05,6,TVW2,0.6666666666666666,0.2849002248968391
2024-05,6,TVW3,0.1,0.15
2024-05,6,TVW3,0.25,0.20754277448844405
2024-05,6,TVW3,0.5,0.3
2024-05,6,TVW3,0.75,0.34245722551155583
2024-05,6,TVW3,0.9,4.6904756287997836e-17
2024-05,7,TVW1,0.25,0.2
2024-05,7,TVW1,0.5,0.49506581171280856
2024-05,7,TVW1,0.75,0.30493418828719143
2024-05,7,TVW2,0.3333333333333333,0.2
2024-05,7,TVW2,0.5,0.4
2024-05,7,TVW2,0.6666666666666666,0.4
2024-05,7,TVW3,0.1,0.03387895515484197
2024-05,7,TVW3,0.25,0.15000000000000036
2024-05,7,TVW3,0.5,0.5
2024-05,7,TVW3,0.75,0.3161210448451577
2024-05,7,TVW3,0.9,0.0
2024-05,8,TVW1,0.25,0.37666274759890767
2024-05,8,TVW1,0.5,0.3999999999999997
2024-05,8,TVW1,0.75,0.22333725240109253
2024-05,8,TVW2,0.3333333333333333,0.3685814047453641
2024-05,8,TVW2,0.5,0.30000000000000027
2024-05,8,TVW2,0.6666666666666666,0.3314185952546355
2024-05,8,TVW3,0.1,0.15
2024-05,8,TVW3,0.25,0.32732387867878954
2024-05,8,TVW3,0.5,0.3
2024-05,8,TVW3,0.75,0.15
2024-05,8,TVW3,0.9,0.07267612132121049
2024-05,9,TVW1,0.25,0.4
2024-05,9,TVW1,0.5,0.4
2024-05,9,TVW1,0.75,0.2
2024-05,9,TVW2,0.3333333333333333,0.39999999999999997
2024-05,9,TVW2,0.5,0.4000000000000001
2024-05,9,TVW2,0.6666666666666666,0.2
2024-05,9,TVW3,0.1,0.13297892035355016
2024-05,9,TVW3,0.25,0.35
2024-05,9,TVW3,0.5,0.3670210796464498
2024-05,9,TVW3,0.75,0.15
2024-05,9,TVW3,0.9,3.503108448619684e-17
2024-05,10,TVW1,0.25,0.2316434847313189
2024-05,10,TVW1,0.5,0.3999999999999999
2024-05,10,TVW1,0.75,0.3683565152686812
2024-05,10,TVW2,0.3333333333333333,0.2
2024-05,10,TVW2,0.5,0.4
2024-05,10,TVW2,0.6666666666666666,0.4
2024-05,10,TVW3,0.1,0.07469247923001274
2024-05,10,TVW3,0.25,0.3499999999999997
2024-05,10,TVW3,0.5,0.30000000000000004
2024-05,10,TVW3,0.75,0.15000000000000013
2024-05,10,TVW3,0.9,0.12530752076998738
2024-05,11,TVW1,0.25,0.20389444390860845
2024-05,11,TVW1,0.5,0.5961055560913916
2024-05,11,TVW1,0.75,0.2
2024-05,11,TVW2,0.3333333333333333,0.20692792383739075
2024-05,11,TVW2,0.5,0.5
2024-05,11,TVW2,0.6666666666666666,0.29307207616260933
2024-05,11,TVW3,0.1,0.15000000000000002
2024-05,11,TVW3,0.25,0.1672757020184617
2024-05,11,TVW3,0.5,0.5
2024-05,11,TVW3,0.75,0.17349402762375654
2024-05,11,TVW3,0.9,0.009230270357781744
2024-05,12,TVW1,0.25,0.4
2024-05,12,TVW1,0.5,0.4000000000000001
2024-05,12,TVW1,0.75,0.2
2024-05,12,TVW2,0.3333333333333333,0.4
2024-05,12,TVW2,0.5,0.39999999999999997
2024-05,12,TVW2,0.6666666666666666,0.2
2024-05,12,TVW3,0.1,1.938553484404082e-16
2024-05,12,TVW3,0.25,0.35
2024-05,12,TVW3,0.5,0.4999999999999999
2024-05,12,TVW3,0.75,0.15
2024-05,12,TVW3,0.9,8.750130949337748e-17
2024-05,13,TVW1,0.25,0.2
2024-05,13,TVW1,0.5,0.45882323151667603
2024-05,13,TVW1,0.75,0.34117676848332396
2024-05,13,TVW2,0.3333333333333333,0.2
2024-05,13,TVW2,0.5,0.4
2024-05,13,TVW2,0.6666666666666666,0.4
2024-05,13,TVW3,0.1,0.15
2024-05,13,TVW3,0.25,0.25502448084850726
2024-05,13,TVW3,0.5,0.30000000000000004
2024-05,13,TVW3,0.75,0.15
2024-05,13,TVW3,0.9,0.14497551915149276
2024-06,1,TVW1,0.25,0.2750116007940553
2024-06,1,TVW1,0.5,0.4
2024-06,1,TVW1,0.75,0.32498839920594474
2024-06,1,TVW2,0.3333333333333333,0.35007003660112745
2024-06,1,TVW2,0.5,0.3
2024-06,1,TVW2,0.6666666666666666,0.34992996339887256
2024-06,1,TVW3,0.1,0.15000000000000002
2024-06,1,TVW3,0.25,0.1828134469594314
2024-06,1,TVW3,0.5,0.31718655304056864
2024-06,1,TVW3,0.75,0.35000000000000003
2024-06,1,TVW3,0.9,0.0
2024-06,2,TVW1,0.25,0.2763273435020722
2024-06,2,TVW1,0.5,0.4
2024-06,2,TVW1,0.75,0.32367265649792776
2024-06,2,TVW2,0.3333333333333333,0.3
2024-06,2,TVW2,0.5,0.30000000000000004
2024-06,2,TVW2,0.6666666666666666,0.4
2024-06,2,TVW3,0.1,0.15000000000000002
2024-06,2,TVW3,0.25,0.20000000000000004
2024-06,2,TVW3,0.5,0.30000000000000004
2024-06,2,TVW3,0.75,0.35000000000000003
2024-06,2,TVW3,0.9,0.0
2024-06,3,TVW1,0.25,0.4
2024-06,3,TVW1,0.5,0.4
2024-06,3,TVW1,0.75,0.2
2024-06,3,TVW2,0.3333333333333333,0.4
2024-06,3,TVW2,0.5,0.39999999999999997
2024-06,3,TVW2,0.6666666666666666,0.2
2024-06,3,TVW3,0.1,0.14999999999999997
2024-06,3,TVW3,0.25,0.32830986545366897
2024-06,3,TVW3,0.5,0.3
2024-06,3,TVW3,0.75,0.15
2024-06,3,TVW3,0.9,0.07169013454633122
2024-06,4,TVW1,0.25,0.3311346509922262
2024-06,4,TVW1,0.5,0.4
2024-06,4,TVW1,0.75,0.26886534900777376
2024-06,4,TVW2,0.3333333333333333,0.31938661135812796
2024-06,4,TVW2,0.5,0.30000000000000004
2024-06,4,TVW2,0.6666666666666666,0.3806133886418721
2024-06,4,TVW3,0.1,0.021883222427296626
2024-06,4,TVW3,0.25,0.35
2024-06,4,TVW3,0.5,0.3
2024-06,4,TVW3,0.75,0.3281167775727035
2024-06,4,TVW3,0.9,0.0
2024-06,5,TVW1,0.25,0.3573255192564306
2024-06,5,TVW1,0.5,0.4
2024-06,5,TVW1,0.75,0.2426744807435694
2024-06,5,TVW2,0.3333333333333333,0.4
2024-06,5,TVW2,0.5,0.3
2024-06,5,TVW2,0.6666666666666666,0.3000000000000001
2024-06,5,TVW3,0.1,0.04198962484136899
2024-06,5,TVW3,0.25,0.35
2024-06,5,TVW3,0.5,0.3
2024-06,5,TVW3,0.75,0.3080103751586311
2024-06,5,TVW3,0.9,0.0
2024-06,6,TVW1,0.25,0.4
2024-06,6,TVW1,0.5,0.4
2024-06,6,TVW1,0.75,0.2
2024-06,6,TVW2,0.3333333333333333,0.40000000000000013
2024-06,6,TVW2,0.5,0.3999999999999999
2024-06,6,TVW2,0.6666666666666666,0.20000000000000007
2024-06,6,TVW3,0.1,0.10927301864766235
2024-06,6,TVW3,0.25,0.35
2024-06,6,TVW3,0.5,0.3
2024-06,6,TVW3,0.75,0.24072698135233767
2024-06,6,TVW3,0.9,3.958611413658637e-17
2024-06,7,TVW1,0.25,0.3452304399256725
2024-06,7,TVW1,0.5,0.4547695600743275
2024-06,7,TVW1,0.75,0.2
2024-06,7,TVW2,0.3333333333333333,0.29174008944769847
2024-06,7,TVW2,0.5,0.5
2024-06,7,TVW2,0.6666666666666666,0.20825991055230164
2024-06,7,TVW3,0.1,9.446589033187409e-17
2024-06,7,TVW3,0.25,0.3469059107013669
2024-06,7,TVW3,0.5,0.4999999999999998
2024-06,7,TVW3,0.75,0.14999999999999997
2024-06,7,TVW3,0.9,0.003094089298633185
2024-06,8,TVW1,0.25,0.4
2024-06,8,TVW1,0.5,0.4
2024-06,8,TVW1,0.75,0.2
2024-06,8,TVW2,0.3333333333333333,0.4
2024-06,8,TVW2,0.5,0.3549542774028963
2024-06,8,TVW2,0.6666666666666666,0.24504572259710372
2024-06,8,TVW3,0.1,0.15000000000000002
2024-06,8,TVW3,0.25,0.35000000000000003
2024-06,8,TVW3,0.5,0.30000000000000004
2024-06,8,TVW3,0.75,0.15455142292459528
2024-06,8,TVW3,0.9,0.045448577075404624
2024-06,9,TVW1,0.25,0.4
2024-06,9,TVW1,0.5,0.4
2024-06,9,TVW1,0.75,0.2
2024-06,9,TVW2,0.3333333333333333,0.4
2024-06,9,TVW2,0.5,0.4
2024-06,9,TVW2,0.6666666666666666,0.20000000000000004
2024-06,9,TVW3,0.1,0.14999999999999994
2024-06,9,TVW3,0.25,0.35000000000000003
2024-06,9,TVW3,0.5,0.3499999999999999
2024-06,9,TVW3,0.75,0.15000000000000008
2024-06,9,TVW3,0.9,1.5265566588595905e-16
2024-06,10,TVW1,0.25,0.39999999999999986
2024-06,10,TVW1,0.5,0.4000000000000001
2024-06,10,TVW1,0.75,0.2
2024-06,10,TVW2,0.3333333333333333,0.4
2024-06,10,TVW2,0.5,0.4
2024-06,10,TVW2,0.6666666666666666,0.2
2024-06,10,TVW3,0.1,0.1384517920320205
2024-06,10,TVW3,0.25,0.3499999999999999
2024-06,10,TVW3,0.5,0.29999999999999993
2024-06,10,TVW3,0.75,0.14999999999999997
2024-06,10,TVW3,0.9,0.06154820796797966
2024-06,11,TVW1,0.25,0.39999999999999997
2024-06,11,TVW1,0.5,0.4
2024-06,11,TVW1,0.75,0.2
2024-06,11,TVW2,0.3333333333333333,0.4
2024-06,11,TVW2,0.5,0.3
2024-06,11,TVW2,0.6666666666666666,0.30000000000000016
2024-06,11,TVW3,0.1,0.15000000000000002
2024-06,11,TVW3,0.25,0.20000000000000004
2024-06,11,TVW3,0.5,0.5
2024-06,11,TVW3,0.75,0.15000000000000002
2024-06,11,TVW3,0.9,2.1653195315224253e-17
2024-06,12,TVW1,0.25,0.4
2024-06,12,TVW1,0.5,0.4
2024-06,12,TVW1,0.75,0.20000000000000004
2024-06,12,TVW2,0.3333333333333333,0.4
2024-06,12,TVW2,0.5,0.39999999999999997
2024-06,12,TVW2,0.6666666666666666,0.2
2024-06,12,TVW3,0.1,0.08204275115203458
2024-06,12,TVW3,0.25,0.3499999999999999
2024-06,12,TVW3,0.5,0.4179572488479657
2024-06,12,TVW3,0.75,0.14999999999999997
2024-06,12,TVW3,0.9,0.0
2024-06,13,TVW1,0.25,0.2843921007225431
2024-06,13,TVW1,0.5,0.4000000000000001
2024-06,13,TVW1,0.75,0.3156078992774569
2024-06,13,TVW2,0.3333333333333333,0.2
2024-06,13,TVW2,0.5,0.43079697731552286
2024-06,13,TVW2,0.6666666666666666,0.3692030226844771
2024-06,13,TVW3,0.1,0.14999999999999988
2024-06,13,TVW3,0.25,0.2529056843903219
2024-06,13,TVW3,0.5,0.30000000000000016
2024-06,13,TVW3,0.75,0.15000000000000016
2024-06,13,TVW3,0.9,0.14709431560967784
2024-07,1,TVW1,0.25,0.2
2024-07,1,TVW1,0.5,0.4
2024-07,1,TVW1,0.75,0.4
2024-07,1,TVW2,0.3333333333333333,0.19999999999999996
2024-07,1,TVW2,0.5,0.4000000000000001
2024-07,1,TVW2,0.6666666666666666,0.3999999999999999
2024-07,1,TVW3,0.1,0.11519565750836296
2024-07,1,TVW3,0.25,0.15
2024-07,1,TVW3,0.5,0.30000000000000004
2024-07,1,TVW3,0.75,0.35
2024-07,1,TVW3,0.9,0.08480434249163701
2024-07,2,TVW1,0.25,0.22290951547372947
2024-07,2,TVW1,0.5,0.4000000000000001
2024-07,2,TVW1,0.75,0.3770904845262704
2024-07,2,TVW2,0.3333333333333333,0.20000000000000004
2024-07,2,TVW2,0.5,0.4
2024-07,2,TVW2,0.6666666666666666,0.4
2024-07,2,TVW3,0.1,0.14156962375498208
2024-07,2,TVW3,0.25,0.15000000000000005
2024-07,2,TVW3,0.5,0.3584303762450179
2024-07,2,TVW3,0.75,0.35
2024-07,2,TVW3,0.9,3.63052907048293e-17
2024-07,3,TVW1,0.25,0.2910090294461823
2024-07,3,TVW1,0.5,0.40000000000000013
2024-07,3,TVW1,0.75,0.30899097055381763
2024-07,3,TVW2,0.3333333333333333,0.3595646149959677
2024-07,3,TVW2,0.5,0.30000000000000004
2024-07,3,TVW2,0.6666666666666666,0.34043538500403225
2024-07,3,TVW3,0.1,0.15
2024-07,3,TVW3,0.25,0.24999999999999997
2024-07,3,TVW3,0.5,0.3
2024-07,3,TVW3,0.75,0.15
2024-07,3,TVW3,0.9,0.15
2024-07,4,TVW1,0.25,0.2335221596260856
2024-07,4,TVW1,0.5,0.4000000000000001
2024-07,4,TVW1,0.75,0.36647784037391434
2024-07,4,TVW2,0.3333333333333333,0.29999999999999993
2024-07,4,TVW2,0.5,0.30000000000000016
2024-07,4,TVW2,0.6666666666666666,0.39999999999999997
2024-07,4,TVW3,0.1,0.14999999999999997
2024-07,4,TVW3,0.25,0.1557321066331627
2024-07,4,TVW3,0.5,0.3
2024-07,4,TVW3,0.75,0.35
2024-07,4,TVW3,0.9,0.04426789336683729
2024-07,5,TVW1,0.25,0.20000000000000004
2024-07,5,TVW1,0.5,0.5771050535238659
2024-07,5,TVW1,0.75,0.22289494647613423
2024-07,5,TVW2,0.3333333333333333,0.2
2024-07,5,TVW2,0.5,0.4600993071041275
2024-07,5,TVW2,0.6666666666666666,0.33990069289587266
2024-07,5,TVW3,0.1,0.060040348134335016
2024-07,5,TVW3,0.25,0.15000000000000002
2024-07,5,TVW3,0.5,0.5
2024-07,5,TVW3,0.75,0.289959651865665
2024-07,5,TVW3,0.9,2.0005669584718058e-18
2024-07,6,TVW1,0.25,0.2868504724335332
2024-07,6,TVW1,0.5,0.4
2024-07,6,TVW1,0.75,0.3131495275664668
2024-07,6,TVW2,0.3333333333333333,0.2115592689753007
2024-07,6,TVW2,0.5,0.5000000000000001
2024-07,6,TVW2,0.6666666666666666,0.2884407310246992
2024-07,6,TVW3,0.1,5.204170427930421e-17
2024-07,6,TVW3,0.25,0.35
2024-07,6,TVW3,0.5,0.30000000000000016
2024-07,6,TVW3,0.75,0.35
2024-07,6,TVW3,0.9,0.0
2024-07,7,TVW1,0.25,0.2
2024-07,7,TVW1,0.5,0.5780546607186408
2024-07,7,TVW1,0.75,0.2219453392813593
2024-07,7,TVW2,0.3333333333333333,0.20000000000000004
2024-07,7,TVW2,0.5,0.5
2024-07,7,TVW2,0.6666666666666666,0.3
2024-07,7,TVW3,0.1,4.223678000427547e-18
2024-07,7,TVW3,0.25,0.35
2024-07,7,TVW3,0.5,0.44323916408690023
2024-07,7,TVW3,0.75,0.15
2024-07,7,TVW3,0.9,0.05676083591309983
2024-07,8,TVW1,0.25,0.22026995414852987
2024-07,8,TVW1,0.5,0.57973004585147
2024-07,8,TVW1,0.75,0.2
2024-07,8,TVW2,0.3333333333333333,0.26637588825884695
2024-07,8,TVW2,0.5,0.49999999999999994
2024-07,8,TVW2,0.6666666666666666,0.23362411174115308
2024-07,8,TVW3,0.1,0.14999999999999994
2024-07,8,TVW3,0.25,0.1500000000000002
2024-07,8,TVW3,0.5,0.49662765793230407
2024-07,8,TVW3,0.75,0.15000000000000002
2024-07,8,TVW3,0.9,0.053372342067695866
2024-07,9,TVW1,0.25,0.39999999999999997
2024-07,9,TVW1,0.5,0.4
2024-07,9,TVW1,0.75,0.2
2024-07,9,TVW2,0.3333333333333333,0.4
2024-07,9,TVW2,0.5,0.4
2024-07,9,TVW2,0.6666666666666666,0.2
2024-07,9,TVW3,0.1,0.12003271705818233
2024-07,9,TVW3,0.25,0.3499999999999999
2024-07,9,TVW3,0.5,0.37996728294181775
2024-07,9,TVW3,0.75,0.15
2024-07,9,TVW3,0.9,0.0
2024-07,10,TVW1,0.25,0.2
2024-07,10,TVW1,0.5,0.6
2024-07,10,TVW1,0.75,0.2
2024-07,10,TVW2,0.3333333333333333,0.2
2024-07,10,TVW2,0.5,0.5
2024-07,10,TVW2,0.6666666666666666,0.30000000000000016
2024-07,10,TVW3,0.1,0.07943081506233199
2024-07,10,TVW3,0.25,0.15000000000000008
2024-07,10,TVW3,0.5,0.5
2024-07,10,TVW3,0.75,0.27056918493766796
2024-07,10,TVW3,0.9,3.4085520027806373e-18
2024-07,11,TVW1,0.25,0.3530364507219671
2024-07,11,TVW1,0.5,0.44696354927803283
2024-07,11,TVW1,0.75,0.2
2024-07,11,TVW2,0.3333333333333333,0.30739905843580245
2024-07,11,TVW2,0.5,0.3000000000000001
2024-07,11,TVW2,0.6666666666666666,0.3926009415641975
2024-07,11,TVW3,0.1,0.15
2024-07,11,TVW3,0.25,0.1544512535219982
2024-07,11,TVW3,0.5,0.4999999999999999
2024-07,11,TVW3,0.75,0.19554874647800188
2024-07,11,TVW3,0.9,0.0
2024-07,12,TVW1,0.25,0.3999999999999999
2024-07,12,TVW1,0.5,0.4
2024-07,12,TVW1,0.75,0.2
2024-07,12,TVW2,0.3333333333333333,0.4
2024-07,12,TVW2,0.5,0.4000000000000001
2024-07,12,TVW2,0.6666666666666666,0.2
2024-07,12,TVW3,0.1,0.009143547193721626
2024-07,12,TVW3,0.25,0.3499999999999999
2024-07,12,TVW3,0.5,0.4908564528062785
2024-07,12,TVW3,0.75,0.15
2024-07,12,TVW3,0.9,0.0
2024-07,13,TVW1,0.25,0.2
2024-07,13,TVW1,0.5,0.5666312110188115
2024-07,13,TVW1,0.75,0.2333687889811885
2024-07,13,TVW2,0.3333333333333333,0.2
2024-07,13,TVW2,0.5,0.5
2024-07,13,TVW2,0.6666666666666666,0.30000000000000016
2024-07,13,TVW3,0.1,0.0
2024-07,13,TVW3,0.25,0.35
2024-07,13,TVW3,0.5,0.3919328308563276
2024-07,13,TVW3,0.75,0.15000000000000008
2024-07,13,TVW3,0.9,0.1080671691436724
2024-08,1,TVW1,0.25,0.2
2024-08,1,TVW1,0.5,0.4
2024-08,1,TVW1,0.75,0.4
2024-08,1,TVW2,0.3333333333333333,0.30000000000000016
2024-08,1,TVW2,0.5,0.3
2024-08,1,TVW2,0.6666666666666666,0.4
2024-08,1,TVW3,0.1,0.09677068391024517
2024-08,1,TVW3,0.25,0.15
2024-08,1,TVW3,0.5,0.3
2024-08,1,TVW3,0.75,0.35
2024-08,1,TVW3,0.9,0.10322931608975497
2024-08,2,TVW1,0.25,0.2
2024-08,2,TVW1,0.5,0.4
2024-08,2,TVW1,0.75,0.4
2024-08,2,TVW2,0.3333333333333333,0.2
2024-08,2,TVW2,0.5,0.4000000000000001
2024-08,2,TVW2,0.6666666666666666,0.4
2024-08,2,TVW3,0.1,0.024819970766325042
2024-08,2,TVW3,0.25,0.15
2024-08,2,TVW3,0.5,0.475180029233675
2024-08,2,TVW3,0.75,0.35
2024-08,2,TVW3,0.9,0.0
2024-08,3,TVW1,0.25,0.26055793999151977
2024-08,3,TVW1,0.5,0.4
2024-08,3,TVW1,0.75,0.3394420600084802
2024-08,3,TVW2,0.3333333333333333,0.30136034769922054
2024-08,3,TVW2,0.5,0.30000000000000004
2024-08,3,TVW2,0.6666666666666666,0.3986396523007794
2024-08,3,TVW3,0.1,0.14999999999999997
2024-08,3,TVW3,0.25,0.25758680761698144
2024-08,3,TVW3,0.5,0.30000000000000004
2024-08,3,TVW3,0.75,0.14999999999999997
2024-08,3,TVW3,0.9,0.14241319238301853
2024-08,4,TVW1,0.25,0.2372015307549051
2024-08,4,TVW1,0.5,0.4
2024-08,4,TVW1,0.75,0.3627984692450949
2024-08,4,TVW2,0.3333333333333333,0.30000000000000004
2024-08,4,TVW2,0.5,0.3
2024-08,4,TVW2,0.6666666666666666,0.39999999999999997
2024-08,4,TVW3,0.1,0.14999999999999994
2024-08,4,TVW3,0.25,0.1542609706227201
2024-08,4,TVW3,0.5,0.3000000000000001
2024-08,4,TVW3,0.75,0.35
2024-08,4,TVW3,0.9,0.045739029377279874
2024-08,5,TVW1,0.25,0.2
2024-08,5,TVW1,0.5,0.4
2024-08,5,TVW1,0.75,0.39999999999999997
2024-08,5,TVW2,0.3333333333333333,0.20000000000000004
2024-08,5,TVW2,0.5,0.39999999999999997
2024-08,5,TVW2,0.6666666666666666,0.4000000000000001
2024-08,5,TVW3,0.1,2.5711903195066027e-17
2024-08,5,TVW3,0.25,0.154544619899521
2024-08,5,TVW3,0.5,0.49545538010047896
2024-08,5,TVW3,0.75,0.35
2024-08,5,TVW3,0.9,5.774185417393134e-17
2024-08,6,TVW1,0.25,0.22874213094882512
2024-08,6,TVW1,0.5,0.4000000000000002
2024-08,6,TVW1,0.75,0.3712578690511747
2024-08,6,TVW2,0.3333333333333333,0.2057379049555659
2024-08,6,TVW2,0.5,0.3942620950444341
2024-08,6,TVW2,0.6666666666666666,0.4
2024-08,6,TVW3,0.1,5.704944543207789e-17
2024-08,6,TVW3,0.25,0.241048575534142
2024-08,6,TVW3,0.5,0.4089514244658582
2024-08,6,TVW3,0.75,0.34999999999999976
2024-08,6,TVW3,0.9,2.6360411688099088e-17
2024-08,7,TVW1,0.25,0.2
2024-08,7,TVW1,0.5,0.4760648994517589
2024-08,7,TVW1,0.75,0.32393510054824115
2024-08,7,TVW2,0.3333333333333333,0.20000000000000004
2024-08,7,TVW2,0.5,0.3999999999999999
2024-08,7,TVW2,0.6666666666666666,0.4000000000000001
2024-08,7,TVW3,0.1,0.05104055572962353
2024-08,7,TVW3,0.25,0.1500000000000001
2024-08,7,TVW3,0.5,0.4999999999999999
2024-08,7,TVW3,0.75,0.26527997570085515
2024-08,7,TVW3,0.9,0.033679468569521344
2024-08,8,TVW1,0.25,0.19999999999999996
2024-08,8,TVW1,0.5,0.5549850521378024
2024-08,8,TVW1,0.75,0.24501494786219755
2024-08,8,TVW2,0.3333333333333333,0.2196798424657575
2024-08,8,TVW2,0.5,0.5
2024-08,8,TVW2,0.6666666666666666,0.28032015753424244
2024-08,8,TVW3,0.1,0.15
2024-08,8,TVW3,0.25,0.2830567869940297
2024-08,8,TVW3,0.5,0.3
2024-08,8,TVW3,0.75,0.15
2024-08,8,TVW3,0.9,0.1169432130059704
2024-08,9,TVW1,0.25,0.4
2024-08,9,TVW1,0.5,0.4
2024-08,9,TVW1,0.75,0.2
2024-08,9,TVW2,0.3333333333333333,0.3999999999999999
2024-08,9,TVW2,0.5,0.3697593190328392
2024-08,9,TVW2,0.6666666666666666,0.23024068096716077
2024-08,9,TVW3,0.1,0.15
2024-08,9,TVW3,0.25,0.35
2024-08,9,TVW3,0.5,0.3
2024-08,9,TVW3,0.75,0.15
2024-08,9,TVW3,0.9,0.05000000000000003
2024-08,10,TVW1,0.25,0.2
2024-08,10,TVW1,0.5,0.4
2024-08,10,TVW1,0.75,0.4
2024-08,10,TVW2,0.3333333333333333,0.2
2024-08,10,TVW2,0.5,0.4000000000000001
2024-08,10,TVW2,0.6666666666666666,0.4
2024-08,10,TVW3,0.1,1.0712129531652702e-17
2024-08,10,TVW3,0.25,0.3178756944795582
2024-08,10,TVW3,0.5,0.30000000000000004
2024-08,10,TVW3,0.75,0.34999999999999987
2024-08,10,TVW3,0.9,0.032124305520441765
2024-08,11,TVW1,0.25,0.21616219634469927
2024-08,11,TVW1,0.5,0.5838378036553007
2024-08,11,TVW1,0.75,0.2000000000000001
2024-08,11,TVW2,0.3333333333333333,0.30000000000000004
2024-08,11,TVW2,0.5,0.3
2024-08,11,TVW2,0.6666666666666666,0.4
2024-08,11,TVW3,0.1,0.14877124226138294
2024-08,11,TVW3,0.25,0.14999999999999997
2024-08,11,TVW3,0.5,0.4999999999999999
2024-08,11,TVW3,0.75,0.20122875773861726
2024-08,11,TVW3,0.9,0.0
2024-08,12,TVW1,0.25,0.29361159494606026
2024-08,12,TVW1,0.5,0.5063884050539398
2024-08,12,TVW1,0.75,0.20000000000000004
2024-08,12,TVW2,0.3333333333333333,0.4
2024-08,12,TVW2,0.5,0.3856119105161554
2024-08,12,TVW2,0.6666666666666666,0.21438808948384463
2024-08,12,TVW3,0.1,1.788139381123603e-17
2024-08,12,TVW3,0.25,0.33481817396980895
2024-08,12,TVW3,0.5,0.5000000000000001
2024-08,12,TVW3,0.75,0.15000000000000013
2024-08,12,TVW3,0.9,0.015181826030190894
2024-08,13,TVW1,0.25,0.2
2024-08,13,TVW1,0.5,0.4
2024-08,13,TVW1,0.75,0.39999999999999997
2024-08,13,TVW2,0.3333333333333333,0.2
2024-08,13,TVW2,0.5,0.4000000000000001
2024-08,13,TVW2,0.6666666666666666,0.4
2024-08,13,TVW3,0.1,0.02124936822893604
2024-08,13,TVW3,0.25,0.35000000000000003
2024-08,13,TVW3,0.5,0.30000000000000004
2024-08,13,TVW3,0.75,0.17875063177106387
2024-08,13,TVW3,0.9,0.15000000000000002
2024-09,1,TVW1,0.25,0.2
2024-09,1,TVW1,0.5,0.4
2024-09,1,TVW1,0.75,0.4
2024-09,1,TVW2,0.3333333333333333,0.2000000000000001
2024-09,1,TVW2,0.5,0.39999999999999986
2024-09,1,TVW2,0.6666666666666666,0.4
2024-09,1,TVW3,0.1,0.14056913310811914
2024-09,1,TVW3,0.25,0.15
2024-09,1,TVW3,0.5,0.3
2024-09,1,TVW3,0.75,0.25943086689188105
2024-09,1,TVW3,0.9,0.15
2024-09,2,TVW1,0.25,0.2
2024-09,2,TVW1,0.5,0.4
2024-09,2,TVW1,0.75,0.4
2024-09,2,TVW2,0.3333333333333333,0.2
2024-09,2,TVW2,0.5,0.39999999999999997
2024-09,2,TVW2,0.6666666666666666,0.4
2024-09,2,TVW3,0.1,0.06769560792134265
2024-09,2,TVW3,0.25,0.15
2024-09,2,TVW3,0.5,0.36559144456722525
2024-09,2,TVW3,0.75,0.35
2024-09,2,TVW3,0.9,0.06671294751143216
2024-09,3,TVW1,0.25,0.29278160160097555
2024-09,3,TVW1,0.5,0.4
2024-09,3,TVW1,0.75,0.30721839839902454
2024-09,3,TVW2,0.3333333333333333,0.2
2024-09,3,TVW2,0.5,0.39999999999999997
2024-09,3,TVW2,0.6666666666666666,0.4
2024-09,3,TVW3,0.1,0.15
2024-09,3,TVW3,0.25,0.25
2024-09,3,TVW3,0.5,0.30000000000000004
2024-09,3,TVW3,0.75,0.15000000000000005
2024-09,3,TVW3,0.9,0.14999999999999997
2024-09,4,TVW1,0.25,0.2
2024-09,4,TVW1,0.5,0.4
2024-09,4,TVW1,0.75,0.4
2024-09,4,TVW2,0.3333333333333333,0.2
2024-09,4,TVW2,0.5,0.4000000000000001
2024-09,4,TVW2,0.6666666666666666,0.4
2024-09,4,TVW3,0.1,0.1499999999999998
2024-09,4,TVW3,0.25,0.15646700624389487
2024-09,4,TVW3,0.5,0.3
2024-09,4,TVW3,0.75,0.24353299375610546
2024-09,4,TVW3,0.9,0.15
2024-09,5,TVW1,0.25,0.2
2024-09,5,TVW1,0.5,0.4
2024-09,5,TVW1,0.75,0.4
2024-09,5,TVW2,0.3333333333333333,0.2
2024-09,5,TVW2,0.5,0.4000000000000001
2024-09,5,TVW2,0.6666666666666666,0.4
2024-09,5,TVW3,0.1,0.0
2024-09,5,TVW3,0.25,0.3236272779075286
2024-09,5,TVW3,0.5,0.30000000000000004
2024-09,5,TVW3,0.75,0.35000000000000003
2024-09,5,TVW3,0.9,0.026372722092471382
2024-09,6,TVW1,0.25,0.2
2024-09,6,TVW1,0.5,0.4
2024-09,6,TVW1,0.75,0.4
2024-09,6,TVW2,0.3333333333333333,0.2
2024-09,6,TVW2,0.5,0.4000000000000001
2024-09,6,TVW2,0.6666666666666666,0.4
2024-09,6,TVW3,0.1,0.1250803492937172
2024-09,6,TVW3,0.25,0.1500000000000001
2024-09,6,TVW3,0.5,0.30000000000000004
2024-09,6,TVW3,0.75,0.34999999999999987
2024-09,6,TVW3,0.9,0.07491965070628279
2024-09,7,TVW1,0.25,0.2
2024-09,7,TVW1,0.5,0.4685046502979975
2024-09,7,TVW1,0.75,0.3314953497020025
2024-09,7,TVW2,0.3333333333333333,0.20000000000000004
2024-09,7,TVW2,0.5,0.39999999999999997
2024-09,7,TVW2,0.6666666666666666,0.4
2024-09,7,TVW3,0.1,0.050757867308792975
2024-09,7,TVW3,0.25,0.15000000000000016
2024-09,7,TVW3,0.5,0.5000000000000001
2024-09,7,TVW3,0.75,0.24214886430039495
2024-09,7,TVW3,0.9,0.05709326839081193
2024-09,8,TVW1,0.25,0.20341748485437466
2024-09,8,TVW1,0.5,0.4
2024-09,8,TVW1,0.75,0.3965825151456253
2024-09,8,TVW2,0.3333333333333333,0.2000000000000001
2024-09,8,TVW2,0.5,0.39999999999999986
2024-09,8,TVW2,0.6666666666666666,0.40000000000000013
2024-09,8,TVW3,0.1,0.14999999999999994
2024-09,8,TVW3,0.25,0.2500000000000001
2024-09,8,TVW3,0.5,0.29999999999999993
2024-09,8,TVW3,0.75,0.14999999999999997
2024-09,8,TVW3,0.9,0.14999999999999997
2024-09,9,TVW1,0.25,0.3375619964892501
2024-09,9,TVW1,0.5,0.46243800351075
2024-09,9,TVW1,0.75,0.2
2024-09,9,TVW2,0.3333333333333333,0.30000000000000004
2024-09,9,TVW2,0.5,0.5
2024-09,9,TVW2,0.6666666666666666,0.2
2024-09,9,TVW3,0.1,0.14999999999999994
2024-09,9,TVW3,0.25,0.14999999999999997
2024-09,9,TVW3,0.5,0.4999999999999999
2024-09,9,TVW3,0.75,0.20000000000000015
2024-09,9,TVW3,0.9,0.0
2024-09,10,TVW1,0.25,0.2
2024-09,10,TVW1,0.5,0.416902052121101
2024-09,10,TVW1,0.75,0.383097947878899
2024-09,10,TVW2,0.3333333333333333,0.2
2024-09,10,TVW2,0.5,0.4
2024-09,10,TVW2,0.6666666666666666,0.4
2024-09,10,TVW3,0.1,0.0
2024-09,10,TVW3,0.25,0.15000000000000027
2024-09,10,TVW3,0.5,0.49999999999999983
2024-09,10,TVW3,0.75,0.3499999999999999
2024-09,10,TVW3,0.9,0.0
2024-09,11,TVW1,0.25,0.2
2024-09,11,TVW1,0.5,0.508831016683864
2024-09,11,TVW1,0.75,0.291168983316136
2024-09,11,TVW2,0.3333333333333333,0.20000000000000004
2024-09,11,TVW2,0.5,0.3999999999999999
2024-09,11,TVW2,0.6666666666666666,0.4
2024-09,11,TVW3,0.1,0.04032627604882659
2024-09,11,TVW3,0.25,0.14999999999999997
2024-09,11,TVW3,0.5,0.4999999999999999
2024-09,11,TVW3,0.75,0.30967372395117365
2024-09,11,TVW3,0.9,8.07654157254822e-18
2024-09,12,TVW1,0.25,0.2
2024-09,12,TVW1,0.5,0.6
2024-09,12,TVW1,0.75,0.20000000000000004
2024-09,12,TVW2,0.3333333333333333,0.215968572294244
2024-09,12,TVW2,0.5,0.5000000000000001
2024-09,12,TVW2,0.6666666666666666,0.284031427705756
2024-09,12,TVW3,0.1,0.0
2024-09,12,TVW3,0.25,0.23853759032008098
2024-09,12,TVW3,0.5,0.5
2024-09,12,TVW3,0.75,0.26031357193212334
2024-09,12,TVW3,0.9,0.0011488377477955874
2024-09,13,TVW1,0.25,0.2
2024-09,13,TVW1,0.5,0.4414094489005356
2024-09,13,TVW1,0.75,0.35859055109946447
2024-09,13,TVW2,0.3333333333333333,0.20000000000000007
2024-09,13,TVW2,0.5,0.4478397400197588
2024-09,13,TVW2,0.6666666666666666,0.35216025998024125
2024-09,13,TVW3,0.1,0.0
2024-09,13,TVW3,0.25,0.35
2024-09,13,TVW3,0.5,0.3500000000000001
2024-09,13,TVW3,0.75,0.15
2024-09,13,TVW3,0.9,0.15
2024-10,1,TVW1,0.25,0.20000000000000004
2024-10,1,TVW1,0.5,0.4
2024-10,1,TVW1,0.75,0.39999999999999997
2024-10,1,TVW2,0.3333333333333333,0.2
2024-10,1,TVW2,0.5,0.4
2024-10,1,TVW2,0.6666666666666666,0.4
2024-10,1,TVW3,0.1,0.05000000000000006
2024-10,1,TVW3,0.25,0.15000000000000005
2024-10,1,TVW3,0.5,0.30000000000000004
2024-10,1,TVW3,0.75,0.3499999999999999
2024-10,1,TVW3,0.9,0.15000000000000002
2024-10,2,TVW1,0.25,0.2
2024-10,2,TVW1,0.5,0.4
2024-10,2,TVW1,0.75,0.4
2024-10,2,TVW2,0.3333333333333333,0.2
2024-10,2,TVW2,0.5,0.40000000000000013
2024-10,2,TVW2,0.6666666666666666,0.39999999999999997
2024-10,2,TVW3,0.1,0.0565610189974387
2024-10,2,TVW3,0.25,0.15000000000000002
2024-10,2,TVW3,0.5,0.30000000000000004
2024-10,2,TVW3,0.75,0.35000000000000003
2024-10,2,TVW3,0.9,0.14343898100256125
2024-10,3,TVW1,0.25,0.2
2024-10,3,TVW1,0.5,0.4
2024-10,3,TVW1,0.75,0.4
2024-10,3,TVW2,0.3333333333333333,0.2
2024-10,3,TVW2,0.5,0.4
2024-10,3,TVW2,0.6666666666666666,0.4
2024-10,3,TVW3,0.1,0.14999999999999994
2024-10,3,TVW3,0.25,0.17386558923160306
2024-10,3,TVW3,0.5,0.3
2024-10,3,TVW3,0.75,0.22613441076839708
2024-10,3,TVW3,0.9,0.15
2024-10,4,TVW1,0.25,0.2
2024-10,4,TVW1,0.5,0.4
2024-10,4,TVW1,0.75,0.4
2024-10,4,TVW2,0.3333333333333333,0.20000000000000004
2024-10,4,TVW2,0.5,0.39999999999999997
2024-10,4,TVW2,0.6666666666666666,0.4000000000000001
2024-10,4,TVW3,0.1,0.10756771607030591
2024-10,4,TVW3,0.25,0.15000000000000002
2024-10,4,TVW3,0.5,0.30000000000000004
2024-10,4,TVW3,0.75,0.29243228392969406
2024-10,4,TVW3,0.9,0.15
2024-10,5,TVW1,0.25,0.20000000000000004
2024-10,5,TVW1,0.5,0.4
2024-10,5,TVW1,0.75,0.39999999999999997
2024-10,5,TVW2,0.3333333333333333,0.20000000000000004
2024-10,5,TVW2,0.5,0.39999999999999997
2024-10,5,TVW2,0.6666666666666666,0.4
2024-10,5,TVW3,0.1,1.2506517298136878e-18
2024-10,5,TVW3,0.25,0.14999999999999997
2024-10,5,TVW3,0.5,0.4282875075024064
2024-10,5,TVW3,0.75,0.3499999999999999
2024-10,5,TVW3,0.9,0.0717124924975936
2024-10,6,TVW1,0.25,0.2
2024-10,6,TVW1,0.5,0.4
2024-10,6,TVW1,0.75,0.4
2024-10,6,TVW2,0.3333333333333333,0.20000000000000004
2024-10,6,TVW2,0.5,0.4000000000000001
2024-10,6,TVW2,0.6666666666666666,0.39999999999999997
2024-10,6,TVW3,0.1,0.08584745398753917
2024-10,6,TVW3,0.25,0.14999999999999997
2024-10,6,TVW3,0.5,0.29999999999999993
2024-10,6,TVW3,0.75,0.31415254601246106
2024-10,6,TVW3,0.9,0.14999999999999997
2024-10,7,TVW1,0.25,0.20000000000000004
2024-10,7,TVW1,0.5,0.4
2024-10,7,TVW1,0.75,0.4
2024-10,7,TVW2,0.3333333333333333,0.20000000000000004
2024-10,7,TVW2,0.5,0.39999999999999997
2024-10,7,TVW2,0.6666666666666666,0.4000000000000001
2024-10,7,TVW3,0.1,1.3516326274901765e-17
2024-10,7,TVW3,0.25,0.15000000000000008
2024-10,7,TVW3,0.5,0.45964451231402176
2024-10,7,TVW3,0.75,0.35
2024-10,7,TVW3,0.9,0.04035548768597822
2024-10,8,TVW1,0.25,0.20000000000000004
2024-10,8,TVW1,0.5,0.4
2024-10,8,TVW1,0.75,0.39999999999999997
2024-10,8,TVW2,0.3333333333333333,0.2
2024-10,8,TVW2,0.5,0.4000000000000001
2024-10,8,TVW2,0.6666666666666666,0.4
2024-10,8,TVW3,0.1,0.14999999999999988
2024-10,8,TVW3,0.25,0.18572295744339115
2024-10,8,TVW3,0.5,0.3
2024-10,8,TVW3,0.75,0.21427704255660893
2024-10,8,TVW3,0.9,0.15
2024-10,9,TVW1,0.25,0.3412094395637937
2024-10,9,TVW1,0.5,0.4
2024-10,9,TVW1,0.75,0.25879056043620635
2024-10,9,TVW2,0.3333333333333333,0.32852541899881604
2024-10,9,TVW2,0.5,0.30000000000000004
2024-10,9,TVW2,0.6666666666666666,0.37147458100118386
2024-10,9,TVW3,0.1,0.15
2024-10,9,TVW3,0.25,0.21489726494708197
2024-10,9,TVW3,0.5,0.30000000000000004
2024-10,9,TVW3,0.75,0.335102735052918
2024-10,9,TVW3,0.9,0.0
2024-10,10,TVW1,0.25,0.2
2024-10,10,TVW1,0.5,0.4
2024-10,10,TVW1,0.75,0.4
2024-10,10,TVW2,0.3333333333333333,0.2
2024-10,10,TVW2,0.5,0.4000000000000001
2024-10,10,TVW2,0.6666666666666666,0.4
2024-10,10,TVW3,0.1,3.2724018731655445e-18
2024-10,10,TVW3,0.25,0.1500000000000001
2024-10,10,TVW3,0.5,0.45824194354831377
2024-10,10,TVW3,0.75,0.35000000000000003
2024-10,10,TVW3,0.9,0.04175805645168618
2024-10,11,TVW1,0.25,0.2
2024-10,11,TVW1,0.5,0.4
2024-10,11,TVW1,0.75,0.4
2024-10,11,TVW2,0.3333333333333333,0.20000000000000004
2024-10,11,TVW2,0.5,0.39999999999999997
2024-10,11,TVW2,0.6666666666666666,0.4000000000000001
2024-10,11,TVW3,0.1,0.01825649750724834
2024-10,11,TVW3,0.25,0.15
2024-10,11,TVW3,0.5,0.48174350249275183
2024-10,11,TVW3,0.75,0.35
2024-10,11,TVW3,0.9,7.819891734644138e-17
2024-10,12,TVW1,0.25,0.21513980964219898
2024-10,12,TVW1,0.5,0.4
2024-10,12,TVW1,0.75,0.38486019035780117
2024-10,12,TVW2,0.3333333333333333,0.21242506790640792
2024-10,12,TVW2,0.5,0.3875749320935922
2024-10,12,TVW2,0.6666666666666666,0.39999999999999997
2024-10,12,TVW3,0.1,1.904927154436967e-16
2024-10,12,TVW3,0.25,0.32189033431062875
2024-10,12,TVW3,0.5,0.3
2024-10,12,TVW3,0.75,0.35
2024-10,12,TVW3,0.9,0.028109665689371108
2024-10,13,TVW1,0.25,0.20000000000000004
2024-10,13,TVW1,0.5,0.4
2024-10,13,TVW1,0.75,0.4
2024-10,13,TVW2,0.3333333333333333,0.2
2024-10,13,TVW2,0.5,0.4
2024-10,13,TVW2,0.6666666666666666,0.4
2024-10,13,TVW3,0.1,0.0
2024-10,13,TVW3,0.25,0.16386367129771157
2024-10,13,TVW3,0.5,0.5
2024-10,13,TVW3,0.75,0.18613632870228844
2024-10,13,TVW3,0.9,0.15
2024-11,1,TVW1,0.25,0.2
2024-11,1,TVW1,0.5,0.4
2024-11,1,TVW1,0.75,0.4
2024-11,1,TVW2,0.3333333333333333,0.2
2024-11,1,TVW2,0.5,0.4
2024-11,1,TVW2,0.6666666666666666,0.4
2024-11,1,TVW3,0.1,0.07054527209937834
2024-11,1,TVW3,0.25,0.15000000000000002
2024-11,1,TVW3,0.5,0.30000000000000016
2024-11,1,TVW3,0.75,0.3499999999999999
2024-11,1,TVW3,0.9,0.1294547279006215
2024-11,2,TVW1,0.25,0.2
2024-11,2,TVW1,0.5,0.4
2024-11,2,TVW1,0.75,0.4
2024-11,2,TVW2,0.3333333333333333,0.2
2024-11,2,TVW2,0.5,0.4000000000000001
2024-11,2,TVW2,0.6666666666666666,0.39999999999999997
2024-11,2,TVW3,0.1,0.06766731511019064
2024-11,2,TVW3,0.25,0.15000000000000002
2024-11,2,TVW3,0.5,0.30000000000000004
2024-11,2,TVW3,0.75,0.3499999999999999
2024-11,2,TVW3,0.9,0.13233268488980948
2024-11,3,TVW1,0.25,0.2
2024-11,3,TVW1,0.5,0.4491496894886821
2024-11,3,TVW1,0.75,0.3508503105113178
2024-11,3,TVW2,0.3333333333333333,0.20000000000000004
2024-11,3,TVW2,0.5,0.39999999999999997
2024-11,3,TVW2,0.6666666666666666,0.4000000000000001
2024-11,3,TVW3,0.1,0.14947918960455617
2024-11,3,TVW3,0.25,0.15000000000000016
2024-11,3,TVW3,0.5,0.4005208103954436
2024-11,3,TVW3,0.75,0.15
2024-11,3,TVW3,0.9,0.15
2024-11,4,TVW1,0.25,0.2
2024-11,4,TVW1,0.5,0.4
2024-11,4,TVW1,0.75,0.4
2024-11,4,TVW2,0.3333333333333333,0.20000000000000007
2024-11,4,TVW2,0.5,0.4
2024-11,4,TVW2,0.6666666666666666,0.4
2024-11,4,TVW3,0.1,0.10838560800192296
2024-11,4,TVW3,0.25,0.15
2024-11,4,TVW3,0.5,0.3
2024-11,4,TVW3,0.75,0.2916143919980772
2024-11,4,TVW3,0.9,0.15
2024-11,5,TVW1,0.25,0.2
2024-11,5,TVW1,0.5,0.4
2024-11,5,TVW1,0.75,0.39999999999999997
2024-11,5,TVW2,0.3333333333333333,0.2
2024-11,5,TVW2,0.5,0.4000000000000001
2024-11,5,TVW2,0.6666666666666666,0.4
2024-11,5,TVW3,0.1,0.0
2024-11,5,TVW3,0.25,0.24156008457173625
2024-11,5,TVW3,0.5,0.3
2024-11,5,TVW3,0.75,0.3084399154282639
2024-11,5,TVW3,0.9,0.15
2024-11,6,TVW1,0.25,0.2
2024-11,6,TVW1,0.5,0.4
2024-11,6,TVW1,0.75,0.3999999999999999
2024-11,6,TVW2,0.3333333333333333,0.20000000000000004
2024-11,6,TVW2,0.5,0.39999999999999986
2024-11,6,TVW2,0.6666666666666666,0.4000000000000001
2024-11,6,TVW3,0.1,0.05389734060258333
2024-11,6,TVW3,0.25,0.15
2024-11,6,TVW3,0.5,0.3
2024-11,6,TVW3,0.75,0.35
2024-11,6,TVW3,0.9,0.1461026593974168
2024-11,7,TVW1,0.25,0.2
2024-11,7,TVW1,0.5,0.4
2024-11,7,TVW1,0.75,0.4
2024-11,7,TVW2,0.3333333333333333,0.2
2024-11,7,TVW2,0.5,0.39999999999999997
2024-11,7,TVW2,0.6666666666666666,0.4
2024-11,7,TVW3,0.1,0.12304994848875406
2024-11,7,TVW3,0.25,0.15000000000000002
2024-11,7,TVW3,0.5,0.30000000000000004
2024-11,7,TVW3,0.75,0.27695005151124596
2024-11,7,TVW3,0.9,0.14999999999999997
2024-11,8,TVW1,0.25,0.2
2024-11,8,TVW1,0.5,0.4
2024-11,8,TVW1,0.75,0.39999999999999997
2024-11,8,TVW2,0.3333333333333333,0.2
2024-11,8,TVW2,0.5,0.4
2024-11,8,TVW2,0.6666666666666666,0.4
2024-11,8,TVW3,0.1,0.15
2024-11,8,TVW3,0.25,0.2117011302615718
2024-11,8,TVW3,0.5,0.3
2024-11,8,TVW3,0.75,0.18829886973842822
2024-11,8,TVW3,0.9,0.15
2024-11,9,TVW1,0.25,0.19999999999999998
2024-11,9,TVW1,0.5,0.5999999999999998
2024-11,9,TVW1,0.75,0.20000000000000015
2024-11,9,TVW2,0.3333333333333333,0.2000000000000001
2024-11,9,TVW2,0.5,0.49999999999999994
2024-11,9,TVW2,0.6666666666666666,0.3
2024-11,9,TVW3,0.1,0.15
2024-11,9,TVW3,0.25,0.15000000000000002
2024-11,9,TVW3,0.5,0.3947840712801183
2024-11,9,TVW3,0.75,0.30521592871988174
2024-11,9,TVW3,0.9,1.4788504771448445e-17
2024-11,10,TVW1,0.25,0.2
2024-11,10,TVW1,0.5,0.4
2024-11,10,TVW1,0.75,0.4
2024-11,10,TVW2,0.3333333333333333,0.2
2024-11,10,TVW2,0.5,0.39999999999999997
2024-11,10,TVW2,0.6666666666666666,0.4
2024-11,10,TVW3,0.1,7.442936950858874e-18
2024-11,10,TVW3,0.25,0.15000000000000002
2024-11,10,TVW3,0.5,0.48500211899213547
2024-11,10,TVW3,0.75,0.35
2024-11,10,TVW3,0.9,0.014997881007864424
2024-11,11,TVW1,0.25,0.2
2024-11,11,TVW1,0.5,0.4458465703846339
2024-11,11,TVW1,0.75,0.35415342961536617
2024-11,11,TVW2,0.3333333333333333,0.2
2024-11,11,TVW2,0.5,0.40000000000000013
2024-11,11,TVW2,0.6666666666666666,0.4
2024-11,11,TVW3,0.1,0.0
2024-11,11,TVW3,0.25,0.15
2024-11,11,TVW3,0.5,0.5
2024-11,11,TVW3,0.75,0.35
2024-11,11,TVW3,0.9,0.0
2024-11,12,TVW1,0.25,0.2
2024-11,12,TVW1,0.5,0.4
2024-11,12,TVW1,0.75,0.4
2024-11,12,TVW2,0.3333333333333333,0.2
2024-11,12,TVW2,0.5,0.40000000000000013
2024-11,12,TVW2,0.6666666666666666,0.39999999999999997
2024-11,12,TVW3,0.1,0.11866639169333774
2024-11,12,TVW3,0.25,0.15
2024-11,12,TVW3,0.5,0.3
2024-11,12,TVW3,0.75,0.35
2024-11,12,TVW3,0.9,0.08133360830666235
2024-11,13,TVW1,0.25,0.2
2024-11,13,TVW1,0.5,0.4000000000000001
2024-11,13,TVW1,0.75,0.4
2024-11,13,TVW2,0.3333333333333333,0.20000000000000007
2024-11,13,TVW2,0.5,0.3999999999999999
2024-11,13,TVW2,0.6666666666666666,0.4
2024-11,13,TVW3,0.1,0.0
2024-11,13,TVW3,0.25,0.1966394499452008
2024-11,13,TVW3,0.5,0.5000000000000001
2024-11,13,TVW3,0.75,0.15336055005479912
2024-11,13,TVW3,0.9,0.15000000000000002
2024-12,1,TVW1,0.25,0.2
2024-12,1,TVW1,0.5,0.4
2024-12,1,TVW1,0.75,0.4
2024-12,1,TVW2,0.3333333333333333,0.2
2024-12,1,TVW2,0.5,0.4000000000000001
2024-12,1,TVW2,0.6666666666666666,0.4
2024-12,1,TVW3,0.1,0.10252266933477848
2024-12,1,TVW3,0.25,0.15
2024-12,1,TVW3,0.5,0.3
2024-12,1,TVW3,0.75,0.35
2024-12,1,TVW3,0.9,0.09747733066522159
2024-12,2,TVW1,0.25,0.20000000000000004
2024-12,2,TVW1,0.5,0.4
2024-12,2,TVW1,0.75,0.4
2024-12,2,TVW2,0.3333333333333333,0.20000000000000004
2024-12,2,TVW2,0.5,0.39999999999999997
2024-12,2,TVW2,0.6666666666666666,0.4000000000000001
2024-12,2,TVW3,0.1,0.09345871458029878
2024-12,2,TVW3,0.25,0.15
2024-12,2,TVW3,0.5,0.3
2024-12,2,TVW3,0.75,0.35
2024-12,2,TVW3,0.9,0.10654128541970133
2024-12,3,TVW1,0.25,0.2
2024-12,3,TVW1,0.5,0.423186286164726
2024-12,3,TVW1,0.75,0.376813713835274
2024-12,3,TVW2,0.3333333333333333,0.2
2024-12,3,TVW2,0.5,0.4
2024-12,3,TVW2,0.6666666666666666,0.4
2024-12,3,TVW3,0.1,0.15000000000000002
2024-12,3,TVW3,0.25,0.15000000000000002
2024-12,3,TVW3,0.5,0.313253677132794
2024-12,3,TVW3,0.75,0.23674632286720595
2024-12,3,TVW3,0.9,0.15000000000000002
2024-12,4,TVW1,0.25,0.2
2024-12,4,TVW1,0.5,0.4
2024-12,4,TVW1,0.75,0.4
2024-12,4,TVW2,0.3333333333333333,0.2
2024-12,4,TVW2,0.5,0.4
2024-12,4,TVW2,0.6666666666666666,0.4
2024-12,4,TVW3,0.1,0.08290337521920546
2024-12,4,TVW3,0.25,0.15
2024-12,4,TVW3,0.5,0.3
2024-12,4,TVW3,0.75,0.31709662478079476
2024-12,4,TVW3,0.9,0.15
2024-12,5,TVW1,0.25,0.2
2024-12,5,TVW1,0.5,0.4
2024-12,5,TVW1,0.75,0.4
2024-12,5,TVW2,0.3333333333333333,0.2
2024-12,5,TVW2,0.5,0.4000000000000001
2024-12,5,TVW2,0.6666666666666666,0.4
2024-12,5,TVW3,0.1,5.890484865862874e-17
2024-12,5,TVW3,0.25,0.35
2024-12,5,TVW3,0.5,0.30000000000000004
2024-12,5,TVW3,0.75,0.19999999999999996
2024-12,5,TVW3,0.9,0.15
2024-12,6,TVW1,0.25,0.2
2024-12,6,TVW1,0.5,0.4
2024-12,6,TVW1,0.75,0.4
2024-12,6,TVW2,0.3333333333333333,0.2000000000000001
2024-12,6,TVW2,0.5,0.4000000000000001
2024-12,6,TVW2,0.6666666666666666,0.3999999999999999
2024-12,6,TVW3,0.1,0.05000000000000011
2024-12,6,TVW3,0.25,0.15
2024-12,6,TVW3,0.5,0.3
2024-12,6,TVW3,0.75,0.35
2024-12,6,TVW3,0.9,0.15
2024-12,7,TVW1,0.25,0.2
2024-12,7,TVW1,0.5,0.4
2024-12,7,TVW1,0.75,0.4
2024-12,7,TVW2,0.3333333333333333,0.20000000000000004
2024-12,7,TVW2,0.5,0.39999999999999997
2024-12,7,TVW2,0.6666666666666666,0.4000000000000001
2024-12,7,TVW3,0.1,0.08383017149610299
2024-12,7,TVW3,0.25,0.15000000000000002
2024-12,7,TVW3,0.5,0.3
2024-12,7,TVW3,0.75,0.316169828503897
2024-12,7,TVW3,0.9,0.15
2024-12,8,TVW1,0.25,0.280998090537994
2024-12,8,TVW1,0.5,0.4000000000000001
2024-12,8,TVW1,0.75,0.3190019094620059
2024-12,8,TVW2,0.3333333333333333,0.2
2024-12,8,TVW2,0.5,0.39999999999999997
2024-12,8,TVW2,0.6666666666666666,0.4
2024-12,8,TVW3,0.1,0.14999999999999994
2024-12,8,TVW3,0.25,0.25198261841009056
2024-12,8,TVW3,0.5,0.30000000000000004
2024-12,8,TVW3,0.75,0.15000000000000005
2024-12,8,TVW3,0.9,0.14801738158990946
2024-12,9,TVW1,0.25,0.2000000000000002
2024-12,9,TVW1,0.5,0.5999999999999999
2024-12,9,TVW1,0.75,0.2
2024-12,9,TVW2,0.3333333333333333,0.29187978922189334
2024-12,9,TVW2,0.5,0.5000000000000001
2024-12,9,TVW2,0.6666666666666666,0.2081202107781066
2024-12,9,TVW3,0.1,0.10439333435029735
2024-12,9,TVW3,0.25,0.15
2024-12,9,TVW3,0.5,0.4999999999999998
2024-12,9,TVW3,0.75,0.245606665649703
2024-12,9,TVW3,0.9,3.483549109305061e-17
2024-12,10,TVW1,0.25,0.2
2024-12,10,TVW1,0.5,0.45924236149121694
2024-12,10,TVW1,0.75,0.34075763850878305
2024-12,10,TVW2,0.3333333333333333,0.2
2024-12,10,TVW2,0.5,0.39999999999999997
2024-12,10,TVW2,0.6666666666666666,0.4
2024-12,10,TVW3,0.1,0.0
2024-12,10,TVW3,0.25,0.16599499809349902
2024-12,10,TVW3,0.5,0.49999999999999956
2024-12,10,TVW3,0.75,0.3340050019065015
2024-12,10,TVW3,0.9,0.0
2024-12,11,TVW1,0.25,0.2
2024-12,11,TVW1,0.5,0.4
2024-12,11,TVW1,0.75,0.4
2024-12,11,TVW2,0.3333333333333333,0.2
2024-12,11,TVW2,0.5,0.4000000000000001
2024-12,11,TVW2,0.6666666666666666,0.4
2024-12,11,TVW3,0.1,0.022419473438765762
2024-12,11,TVW3,0.25,0.14999999999999994
2024-12,11,TVW3,0.5,0.4775805265612345
2024-12,11,TVW3,0.75,0.3499999999999998
2024-12,11,TVW3,0.9,0.0
2024-12,12,TVW1,0.25,0.2
2024-12,12,TVW1,0.5,0.4
2024-12,12,TVW1,0.75,0.4
2024-12,12,TVW2,0.3333333333333333,0.20000000000000004
2024-12,12,TVW2,0.5,0.39999999999999986
2024-12,12,TVW2,0.6666666666666666,0.4000000000000001
2024-12,12,TVW3,0.1,6.793434255078434e-18
2024-12,12,TVW3,0.25,0.15000000000000002
2024-12,12,TVW3,0.5,0.4896173751804573
2024-12,12,TVW3,0.75,0.35
2024-12,12,TVW3,0.9,0.010382624819542743
2024-12,13,TVW1,0.25,0.2
2024-12,13,TVW1,0.5,0.4
2024-12,13,TVW1,0.75,0.4
2024-12,13,TVW2,0.3333333333333333,0.2
2024-12,13,TVW2,0.5,0.4000000000000001
2024-12,13,TVW2,0.6666666666666666,0.4
2024-12,13,TVW3,0.1,1.1623974026898599e-17
2024-12,13,TVW3,0.25,0.19061834132974503
2024-12,13,TVW3,0.5,0.5
2024-12,13,TVW3,0.75,0.15938165867025492
2024-12,13,TVW3,0.9,0.14999999999999997
2025-01,1,TVW1,0.25,0.2
2025-01,1,TVW1,0.5,0.4
2025-01,1,TVW1,0.75,0.4
2025-01,1,TVW2,0.3333333333333333,0.19999999999999996
2025-01,1,TVW2,0.5,0.4000000000000001
2025-01,1,TVW2,0.6666666666666666,0.3999999999999999
2025-01,1,TVW3,0.1,0.07244508495846577
2025-01,1,TVW3,0.25,0.14999999999999997
2025-01,1,TVW3,0.5,0.29999999999999993
2025-01,1,TVW3,0.75,0.3499999999999999
2025-01,1,TVW3,0.9,0.12755491504153438
2025-01,2,TVW1,0.25,0.2
2025-01,2,TVW1,0.5,0.4
2025-01,2,TVW1,0.75,0.4
2025-01,2,TVW2,0.3333333333333333,0.2
2025-01,2,TVW2,0.5,0.4000000000000001
2025-01,2,TVW2,0.6666666666666666,0.4
2025-01,2,TVW3,0.1,3.1245310761134776e-18
2025-01,2,TVW3,0.25,0.15000000000000002
2025-01,2,TVW3,0.5,0.452241961859861
2025-01,2,TVW3,0.75,0.35000000000000003
2025-01,2,TVW3,0.9,0.04775803814013907
2025-01,3,TVW1,0.25,0.2
2025-01,3,TVW1,0.5,0.4
2025-01,3,TVW1,0.75,0.4
2025-01,3,TVW2,0.3333333333333333,0.2
2025-01,3,TVW2,0.5,0.4
2025-01,3,TVW2,0.6666666666666666,0.4
2025-01,3,TVW3,0.1,0.08880990411744635
2025-01,3,TVW3,0.25,0.15000000000000002
2025-01,3,TVW3,0.5,0.3000000000000001
2025-01,3,TVW3,0.75,0.35000000000000003
2025-01,3,TVW3,0.9,0.11119009588255359
2025-01,4,TVW1,0.25,0.2
2025-01,4,TVW1,0.5,0.4
2025-01,4,TVW1,0.75,0.4
2025-01,4,TVW2,0.3333333333333333,0.20000000000000004
2025-01,4,TVW2,0.5,0.4
2025-01,4,TVW2,0.6666666666666666,0.39999999999999997
2025-01,4,TVW3,0.1,0.02662664558842648
2025-01,4,TVW3,0.25,0.15000000000000005
2025-01,4,TVW3,0.5,0.3233733544115736
2025-01,4,TVW3,0.75,0.35
2025-01,4,TVW3,0.9,0.15000000000000002
2025-01,5,TVW1,0.25,0.2
2025-01,5,TVW1,0.5,0.4
2025-01,5,TVW1,0.75,0.4
2025-01,5,TVW2,0.3333333333333333,0.20000000000000004
2025-01,5,TVW2,0.5,0.3999999999999999
2025-01,5,TVW2,0.6666666666666666,0.39999999999999997
2025-01,5,TVW3,0.1,1.4722871491682437e-17
2025-01,5,TVW3,0.25,0.21997362849145832
2025-01,5,TVW3,0.5,0.3
2025-01,5,TVW3,0.75,0.35
2025-01,5,TVW3,0.9,0.1300263715085418
2025-01,6,TVW1,0.25,0.2
2025-01,6,TVW1,0.5,0.4000000000000001
2025-01,6,TVW1,0.75,0.4
2025-01,6,TVW2,0.3333333333333333,0.20000000000000007
2025-01,6,TVW2,0.5,0.4
2025-01,6,TVW2,0.6666666666666666,0.4
2025-01,6,TVW3,0.1,0.04991798645196651
2025-01,6,TVW3,0.25,0.15000000000000002
2025-01,6,TVW3,0.5,0.3000820135480336
2025-01,6,TVW3,0.75,0.35
2025-01,6,TVW3,0.9,0.15000000000000002
2025-01,7,TVW1,0.25,0.20000000000000004
2025-01,7,TVW1,0.5,0.4
2025-01,7,TVW1,0.75,0.4
2025-01,7,TVW2,0.3333333333333333,0.2000000000000001
2025-01,7,TVW2,0.5,0.4
2025-01,7,TVW2,0.6666666666666666,0.39999999999999974
2025-01,7,TVW3,0.1,0.0500000000000001
2025-01,7,TVW3,0.25,0.15
2025-01,7,TVW3,0.5,0.3
2025-01,7,TVW3,0.75,0.35
2025-01,7,TVW3,0.9,0.15
2025-01,8,TVW1,0.25,0.20000000000000004
2025-01,8,TVW1,0.5,0.4
2025-01,8,TVW1,0.75,0.3999999999999999
2025-01,8,TVW2,0.3333333333333333,0.2
2025-01,8,TVW2,0.5,0.39999999999999997
2025-01,8,TVW2,0.6666666666666666,0.4
2025-01,8,TVW3,0.1,0.0
2025-01,8,TVW3,0.25,0.2457273183959054
2025-01,8,TVW3,0.5,0.30000000000000027
2025-01,8,TVW3,0.75,0.30427268160409443
2025-01,8,TVW3,0.9,0.15
2025-01,9,TVW1,0.25,0.2
2025-01,9,TVW1,0.5,0.6
2025-01,9,TVW1,0.75,0.2
2025-01,9,TVW2,0.3333333333333333,0.2
2025-01,9,TVW2,0.5,0.5
2025-01,9,TVW2,0.6666666666666666,0.3000000000000001
2025-01,9,TVW3,0.1,0.0
2025-01,9,TVW3,0.25,0.29449494723373926
2025-01,9,TVW3,0.5,0.5
2025-01,9,TVW3,0.75,0.20550505276626085
2025-01,9,TVW3,0.9,1.9566970952842522e-17
2025-01,10,TVW1,0.25,0.2
2025-01,10,TVW1,0.5,0.4000000000000001
2025-01,10,TVW1,0.75,0.4
2025-01,10,TVW2,0.3333333333333333,0.2
2025-01,10,TVW2,0.5,0.4000000000000001
2025-01,10,TVW2,0.6666666666666666,0.4
2025-01,10,TVW3,0.1,4.496825591646322e-17
2025-01,10,TVW3,0.25,0.14999999999999997
2025-01,10,TVW3,0.5,0.444703479840805
2025-01,10,TVW3,0.75,0.34999999999999987
2025-01,10,TVW3,0.9,0.05529652015919508
2025-01,11,TVW1,0.25,0.2
2025-01,11,TVW1,0.5,0.4
2025-01,11,TVW1,0.75,0.4
2025-01,11,TVW2,0.3333333333333333,0.2
2025-01,11,TVW2,0.5,0.4000000000000001
2025-01,11,TVW2,0.6666666666666666,0.4
2025-01,11,TVW3,0.1,1.6580047502462342e-16
2025-01,11,TVW3,0.25,0.15000000000000005
2025-01,11,TVW3,0.5,0.4744881708363556
2025-01,11,TVW3,0.75,0.35
2025-01,11,TVW3,0.9,0.025511829163644344
2025-01,12,TVW1,0.25,0.2867791927680834
2025-01,12,TVW1,0.5,0.4
2025-01,12,TVW1,0.75,0.3132208072319167
2025-01,12,TVW2,0.3333333333333333,0.2866355767709926
2025-01,12,TVW2,0.5,0.49999999999999994
2025-01,12,TVW2,0.6666666666666666,0.2133644232290075
2025-01,12,TVW3,0.1,0.10292444586328676
2025-01,12,TVW3,0.25,0.15000000000000002
2025-01,12,TVW3,0.5,0.3970755541367133
2025-01,12,TVW3,0.75,0.35
2025-01,12,TVW3,0.9,0.0
2025-01,13,TVW1,0.25,0.2
2025-01,13,TVW1,0.5,0.4
2025-01,13,TVW1,0.75,0.4
2025-01,13,TVW2,0.3333333333333333,0.2
2025-01,13,TVW2,0.5,0.4
2025-01,13,TVW2,0.6666666666666666,0.4
2025-01,13,TVW3,0.1,9.216454690360292e-18
2025-01,13,TVW3,0.25,0.15
2025-01,13,TVW3,0.5,0.3714490170067095
2025-01,13,TVW3,0.75,0.35
2025-01,13,TVW3,0.9,0.12855098299329057
2025-02,1,TVW1,0.25,0.2
2025-02,1,TVW1,0.5,0.4
2025-02,1,TVW1,0.75,0.4
2025-02,1,TVW2,0.3333333333333333,0.19999999999999993
2025-02,1,TVW2,0.5,0.40000000000000013
2025-02,1,TVW2,0.6666666666666666,0.39999999999999986
2025-02,1,TVW3,0.1,0.08209647315225073
2025-02,1,TVW3,0.25,0.14999999999999997
2025-02,1,TVW3,0.5,0.29999999999999993
2025-02,1,TVW3,0.75,0.3499999999999999
2025-02,1,TVW3,0.9,0.11790352684774946
2025-02,2,TVW1,0.25,0.20000000000000004
2025-02,2,TVW1,0.5,0.4
2025-02,2,TVW1,0.75,0.4
2025-02,2,TVW2,0.3333333333333333,0.20000000000000012
2025-02,2,TVW2,0.5,0.39999999999999986
2025-02,2,TVW2,0.6666666666666666,0.4
2025-02,2,TVW3,0.1,1.6479873021779667e-17
2025-02,2,TVW3,0.25,0.15
2025-02,2,TVW3,0.5,0.5
2025-02,2,TVW3,0.75,0.35
2025-02,2,TVW3,0.9,6.784154385553701e-17
2025-02,3,TVW1,0.25,0.2
2025-02,3,TVW1,0.5,0.4
2025-02,3,TVW1,0.75,0.4
2025-02,3,TVW2,0.3333333333333333,0.2
2025-02,3,TVW2,0.5,0.39999999999999997
2025-02,3,TVW2,0.6666666666666666,0.4
2025-02,3,TVW3,0.1,0.14411975818548178
2025-02,3,TVW3,0.25,0.15
2025-02,3,TVW3,0.5,0.30000000000000004
2025-02,3,TVW3,0.75,0.2558802418145182
2025-02,3,TVW3,0.9,0.15
2025-02,4,TVW1,0.25,0.2
2025-02,4,TVW1,0.5,0.4
2025-02,4,TVW1,0.75,0.4
2025-02,4,TVW2,0.3333333333333333,0.2
2025-02,4,TVW2,0.5,0.4000000000000001
2025-02,4,TVW2,0.6666666666666666,0.4
2025-02,4,TVW3,0.1,0.04603429390396137
2025-02,4,TVW3,0.25,0.15
2025-02,4,TVW3,0.5,0.3039657060960386
2025-02,4,TVW3,0.75,0.35
2025-02,4,TVW3,0.9,0.15
2025-02,5,TVW1,0.25,0.2
2025-02,5,TVW1,0.5,0.4
2025-02,5,TVW1,0.75,0.4
2025-02,5,TVW2,0.3333333333333333,0.2000000000000001
2025-02,5,TVW2,0.5,0.4000000000000001
2025-02,5,TVW2,0.6666666666666666,0.3999999999999999
2025-02,5,TVW3,0.1,0.064498383236216
2025-02,5,TVW3,0.25,0.15
2025-02,5,TVW3,0.5,0.3
2025-02,5,TVW3,0.75,0.335501616763784
2025-02,5,TVW3,0.9,0.15
2025-02,6,TVW1,0.25,0.20000000000000007
2025-02,6,TVW1,0.5,0.4
2025-02,6,TVW1,0.75,0.4
2025-02,6,TVW2,0.3333333333333333,0.2
2025-02,6,TVW2,0.5,0.40000000000000013
2025-02,6,TVW2,0.6666666666666666,0.4
2025-02,6,TVW3,0.1,0.0325407972805272
2025-02,6,TVW3,0.25,0.15
2025-02,6,TVW3,0.5,0.31745920271947287
2025-02,6,TVW3,0.75,0.35
2025-02,6,TVW3,0.9,0.15
2025-02,7,TVW1,0.25,0.2
2025-02,7,TVW1,0.5,0.4
2025-02,7,TVW1,0.75,0.4
2025-02,7,TVW2,0.3333333333333333,0.20000000000000007
2025-02,7,TVW2,0.5,0.3999999999999999
2025-02,7,TVW2,0.6666666666666666,0.4
2025-02,7,TVW3,0.1,0.050000000000000086
2025-02,7,TVW3,0.25,0.15
2025-02,7,TVW3,0.5,0.3
2025-02,7,TVW3,0.75,0.3499999999999999
2025-02,7,TVW3,0.9,0.14999999999999997
2025-02,8,TVW1,0.25,0.20000000000000007
2025-02,8,TVW1,0.5,0.4
2025-02,8,TVW1,0.75,0.4
2025-02,8,TVW2,0.3333333333333333,0.2
2025-02,8,TVW2,0.5,0.40000000000000013
2025-02,8,TVW2,0.6666666666666666,0.4
2025-02,8,TVW3,0.1,0.0
2025-02,8,TVW3,0.25,0.3158567564675946
2025-02,8,TVW3,0.5,0.30000000000000004
2025-02,8,TVW3,0.75,0.2341432435324054
2025-02,8,TVW3,0.9,0.1499999999999999
2025-02,9,TVW1,0.25,0.2
2025-02,9,TVW1,0.5,0.6
2025-02,9,TVW1,0.75,0.2
2025-02,9,TVW2,0.3333333333333333,0.2217934850887099
2025-02,9,TVW2,0.5,0.5
2025-02,9,TVW2,0.6666666666666666,0.27820651491129017
2025-02,9,TVW3,0.1,3.053113317719181e-16
2025-02,9,TVW3,0.25,0.35
2025-02,9,TVW3,0.5,0.4999999999999998
2025-02,9,TVW3,0.75,0.15000000000000005
2025-02,9,TVW3,0.9,1.6318350092632778e-17
2025-02,10,TVW1,0.25,0.2
2025-02,10,TVW1,0.5,0.4
2025-02,10,TVW1,0.75,0.4
2025-02,10,TVW2,0.3333333333333333,0.2
2025-02,10,TVW2,0.5,0.4000000000000001
2025-02,10,TVW2,0.6666666666666666,0.4
2025-02,10,TVW3,0.1,0.0
2025-02,10,TVW3,0.25,0.14999999999999994
2025-02,10,TVW3,0.5,0.4739163236041858
2025-02,10,TVW3,0.75,0.3499999999999998
2025-02,10,TVW3,0.9,0.026083676395814336
2025-02,11,TVW1,0.25,0.2
2025-02,11,TVW1,0.5,0.4
2025-02,11,TVW1,0.75,0.4
2025-02,11,TVW2,0.3333333333333333,0.2
2025-02,11,TVW2,0.5,0.4000000000000001
2025-02,11,TVW2,0.6666666666666666,0.4
2025-02,11,TVW3,0.1,0.0
2025-02,11,TVW3,0.25,0.15
2025-02,11,TVW3,0.5,0.4255881570476267
2025-02,11,TVW3,0.75,0.35
2025-02,11,TVW3,0.9,0.07441184295237342
2025-02,12,TVW1,0.25,0.2280422763025653
2025-02,12,TVW1,0.5,0.5719577236974348
2025-02,12,TVW1,0.75,0.2
2025-02,12,TVW2,0.3333333333333333,0.26649495872449747
2025-02,12,TVW2,0.5,0.5
2025-02,12,TVW2,0.6666666666666666,0.23350504127550253
2025-02,12,TVW3,0.1,0.14914515981878376
2025-02,12,TVW3,0.25,0.15
2025-02,12,TVW3,0.5,0.3508548401812164
2025-02,12,TVW3,0.75,0.35
2025-02,12,TVW3,0.9,0.0
2025-02,13,TVW1,0.25,0.20000000000000004
2025-02,13,TVW1,0.5,0.4
2025-02,13,TVW1,0.75,0.3999999999999999
2025-02,13,TVW2,0.3333333333333333,0.20000000000000004
2025-02,13,TVW2,0.5,0.39999999999999997
2025-02,13,TVW2,0.6666666666666666,0.4000000000000001
2025-02,13,TVW3,0.1,0.08894852935536403
2025-02,13,TVW3,0.25,0.15
2025-02,13,TVW3,0.5,0.3
2025-02,13,TVW3,0.75,0.311051470644636
2025-02,13,TVW3,0.9,0.15
2025-03,1,TVW1,0.25,0.20000000000000004
2025-03,1,TVW1,0.5,0.4
2025-03,1,TVW1,0.75,0.39999999999999997
2025-03,1,TVW2,0.3333333333333333,0.19999999999999996
2025-03,1,TVW2,0.5,0.4000000000000002
2025-03,1,TVW2,0.6666666666666666,0.39999999999999986
2025-03,1,TVW3,0.1,0.057524430705911456
2025-03,1,TVW3,0.25,0.15000000000000002
2025-03,1,TVW3,0.5,0.30000000000000004
2025-03,1,TVW3,0.75,0.34247556929408857
2025-03,1,TVW3,0.9,0.15
2025-03,2,TVW1,0.25,0.2
2025-03,2,TVW1,0.5,0.4
2025-03,2,TVW1,0.75,0.4
2025-03,2,TVW2,0.3333333333333333,0.2
2025-03,2,TVW2,0.5,0.4000000000000001
2025-03,2,TVW2,0.6666666666666666,0.4
2025-03,2,TVW3,0.1,0.004089163037958381
2025-03,2,TVW3,0.25,0.15000000000000005
2025-03,2,TVW3,0.5,0.49591083696204163
2025-03,2,TVW3,0.75,0.35
2025-03,2,TVW3,0.9,0.0
2025-03,3,TVW1,0.25,0.23340144025044773
2025-03,3,TVW1,0.5,0.4
2025-03,3,TVW1,0.75,0.3665985597495523
2025-03,3,TVW2,0.3333333333333333,0.3000000000000001
2025-03,3,TVW2,0.5,0.30000000000000004
2025-03,3,TVW2,0.6666666666666666,0.39999999999999997
2025-03,3,TVW3,0.1,0.15000000000000005
2025-03,3,TVW3,0.25,0.15321249181656993
2025-03,3,TVW3,0.5,0.3000000000000001
2025-03,3,TVW3,0.75,0.3500000000000001
2025-03,3,TVW3,0.9,0.04678750818342998
2025-03,4,TVW1,0.25,0.20000000000000007
2025-03,4,TVW1,0.5,0.4
2025-03,4,TVW1,0.75,0.4
2025-03,4,TVW2,0.3333333333333333,0.2
2025-03,4,TVW2,0.5,0.39999999999999997
2025-03,4,TVW2,0.6666666666666666,0.39999999999999997
2025-03,4,TVW3,0.1,0.05000000000000024
2025-03,4,TVW3,0.25,0.14999999999999997
2025-03,4,TVW3,0.5,0.29999999999999993
2025-03,4,TVW3,0.75,0.3499999999999999
2025-03,4,TVW3,0.9,0.14999999999999997
2025-03,5,TVW1,0.25,0.2
2025-03,5,TVW1,0.5,0.4
2025-03,5,TVW1,0.75,0.4
2025-03,5,TVW2,0.3333333333333333,0.2604453903499026
2025-03,5,TVW2,0.5,0.3395546096500975
2025-03,5,TVW2,0.6666666666666666,0.39999999999999997
2025-03,5,TVW3,0.1,0.05751400028509497
2025-03,5,TVW3,0.25,0.15000000000000002
2025-03,5,TVW3,0.5,0.3000000000000001
2025-03,5,TVW3,0.75,0.342485999714905
2025-03,5,TVW3,0.9,0.15
2025-03,6,TVW1,0.25,0.20000000000000007
2025-03,6,TVW1,0.5,0.4
2025-03,6,TVW1,0.75,0.39999999999999997
2025-03,6,TVW2,0.3333333333333333,0.2
2025-03,6,TVW2,0.5,0.4000000000000001
2025-03,6,TVW2,0.6666666666666666,0.4
2025-03,6,TVW3,0.1,0.007436730074183612
2025-03,6,TVW3,0.25,0.15
2025-03,6,TVW3,0.5,0.3425632699258164
2025-03,6,TVW3,0.75,0.35
2025-03,6,TVW3,0.9,0.15
2025-03,7,TVW1,0.25,0.2
2025-03,7,TVW1,0.5,0.4000000000000001
2025-03,7,TVW1,0.75,0.3999999999999999
2025-03,7,TVW2,0.3333333333333333,0.2000000000000001
2025-03,7,TVW2,0.5,0.4
2025-03,7,TVW2,0.6666666666666666,0.39999999999999974
2025-03,7,TVW3,0.1,0.0513998777128537
2025-03,7,TVW3,0.25,0.15000000000000002
2025-03,7,TVW3,0.5,0.3
2025-03,7,TVW3,0.75,0.34860012228714626
2025-03,7,TVW3,0.9,0.14999999999999997
2025-03,8,TVW1,0.25,0.2
2025-03,8,TVW1,0.5,0.4
2025-03,8,TVW1,0.75,0.4
2025-03,8,TVW2,0.3333333333333333,0.2
2025-03,8,TVW2,0.5,0.4000000000000001
2025-03,8,TVW2,0.6666666666666666,0.4
2025-03,8,TVW3,0.1,0.15
2025-03,8,TVW3,0.25,0.15
2025-03,8,TVW3,0.5,0.3
2025-03,8,TVW3,0.75,0.25000000000000006
2025-03,8,TVW3,0.9,0.15
2025-03,9,TVW1,0.25,0.2
2025-03,9,TVW1,0.5,0.6
2025-03,9,TVW1,0.75,0.20000000000000004
2025-03,9,TVW2,0.3333333333333333,0.22093446742722292
2025-03,9,TVW2,0.5,0.5000000000000002
2025-03,9,TVW2,0.6666666666666666,0.27906553257277694
2025-03,9,TVW3,0.1,0.11341026797426165
2025-03,9,TVW3,0.25,0.15000000000000022
2025-03,9,TVW3,0.5,0.4999999999999998
2025-03,9,TVW3,0.75,0.2365897320257385
2025-03,9,TVW3,0.9,0.0
2025-03,10,TVW1,0.25,0.20000000000000004
2025-03,10,TVW1,0.5,0.4
2025-03,10,TVW1,0.75,0.4
2025-03,10,TVW2,0.3333333333333333,0.2
2025-03,10,TVW2,0.5,0.4000000000000001
2025-03,10,TVW2,0.6666666666666666,0.4
2025-03,10,TVW3,0.1,0.0
2025-03,10,TVW3,0.25,0.15
2025-03,10,TVW3,0.5,0.4575318944390974
2025-03,10,TVW3,0.75,0.35
2025-03,10,TVW3,0.9,0.04246810556090264
2025-03,11,TVW1,0.25,0.2
2025-03,11,TVW1,0.5,0.4000000000000001
2025-03,11,TVW1,0.75,0.39999999999999997
2025-03,11,TVW2,0.3333333333333333,0.2
2025-03,11,TVW2,0.5,0.40000000000000013
2025-03,11,TVW2,0.6666666666666666,0.4
2025-03,11,TVW3,0.1,0.0885660271298838
2025-03,11,TVW3,0.25,0.15000000000000008
2025-03,11,TVW3,0.5,0.3
2025-03,11,TVW3,0.75,0.35
2025-03,11,TVW3,0.9,0.11143397287011617
2025-03,12,TVW1,0.25,0.31176754504874454
2025-03,12,TVW1,0.5,0.4
2025-03,12,TVW1,0.75,0.2882324549512555
2025-03,12,TVW2,0.3333333333333333,0.248495738659707
2025-03,12,TVW2,0.5,0.351504261340293
2025-03,12,TVW2,0.6666666666666666,0.4
2025-03,12,TVW3,0.1,0.0
2025-03,12,TVW3,0.25,0.35
2025-03,12,TVW3,0.5,0.30000000000000004
2025-03,12,TVW3,0.75,0.35
2025-03,12,TVW3,0.9,5.247891124210589e-18
2025-03,13,TVW1,0.25,0.2
2025-03,13,TVW1,0.5,0.4
2025-03,13,TVW1,0.75,0.39999999999999997
2025-03,13,TVW2,0.3333333333333333,0.20000000000000007
2025-03,13,TVW2,0.5,0.4000000000000001
2025-03,13,TVW2,0.6666666666666666,0.39999999999999997
2025-03,13,TVW3,0.1,0.0
2025-03,13,TVW3,0.25,0.14999999999999997
2025-03,13,TVW3,0.5,0.41236891143250987
2025-03,13,TVW3,0.75,0.3499999999999999
2025-03,13,TVW3,0.9,0.08763108856749013
2025-04,1,TVW1,0.25,0.20368749408222925
2025-04,1,TVW1,0.5,0.4
2025-04,1,TVW1,0.75,0.3963125059177708
2025-04,1,TVW2,0.3333333333333333,0.30000000000000004
2025-04,1,TVW2,0.5,0.3
2025-04,1,TVW2,0.6666666666666666,0.39999999999999997
2025-04,1,TVW3,0.1,0.14755459831516485
2025-04,1,TVW3,0.25,0.14999999999999997
2025-04,1,TVW3,0.5,0.29999999999999993
2025-04,1,TVW3,0.75,0.3499999999999999
2025-04,1,TVW3,0.9,0.05244540168483543
2025-04,2,TVW1,0.25,0.20000000000000007
2025-04,2,TVW1,0.5,0.6
2025-04,2,TVW1,0.75,0.2
2025-04,2,TVW2,0.3333333333333333,0.3412625287116486
2025-04,2,TVW2,0.5,0.30000000000000004
2025-04,2,TVW2,0.6666666666666666,0.35873747128835143
2025-04,2,TVW3,0.1,0.11022584285867097
2025-04,2,TVW3,0.25,0.15000000000000013
2025-04,2,TVW3,0.5,0.49999999999999983
2025-04,2,TVW3,0.75,0.23977415714132896
2025-04,2,TVW3,0.9,0.0
2025-04,3,TVW1,0.25,0.3857466674804428
2025-04,3,TVW1,0.5,0.4
2025-04,3,TVW1,0.75,0.2142533325195572
2025-04,3,TVW2,0.3333333333333333,0.4
2025-04,3,TVW2,0.5,0.30000000000000004
2025-04,3,TVW2,0.6666666666666666,0.30000000000000004
2025-04,3,TVW3,0.1,0.15000000000000002
2025-04,3,TVW3,0.25,0.296083827271835
2025-04,3,TVW3,0.5,0.30000000000000004
2025-04,3,TVW3,0.75,0.15000000000000005
2025-04,3,TVW3,0.9,0.10391617272816497
2025-04,4,TVW1,0.25,0.2
2025-04,4,TVW1,0.5,0.4
2025-04,4,TVW1,0.75,0.4
2025-04,4,TVW2,0.3333333333333333,0.2
2025-04,4,TVW2,0.5,0.39999999999999997
2025-04,4,TVW2,0.6666666666666666,0.4
2025-04,4,TVW3,0.1,0.13460140991432062
2025-04,4,TVW3,0.25,0.15
2025-04,4,TVW3,0.5,0.3
2025-04,4,TVW3,0.75,0.2653985900856795
2025-04,4,TVW3,0.9,0.15
2025-04,5,TVW1,0.25,0.2
2025-04,5,TVW1,0.5,0.4
2025-04,5,TVW1,0.75,0.4
2025-04,5,TVW2,0.3333333333333333,0.29999999999999993
2025-04,5,TVW2,0.5,0.30000000000000004
2025-04,5,TVW2,0.6666666666666666,0.4
2025-04,5,TVW3,0.1,0.03681407543928718
2025-04,5,TVW3,0.25,0.28154380908076077
2025-04,5,TVW3,0.5,0.3
2025-04,5,TVW3,0.75,0.23164211547995223
2025-04,5,TVW3,0.9,0.15
2025-04,6,TVW1,0.25,0.2
2025-04,6,TVW1,0.5,0.4
2025-04,6,TVW1,0.75,0.4
2025-04,6,TVW2,0.3333333333333333,0.19999999999999996
2025-04,6,TVW2,0.5,0.40000000000000013
2025-04,6,TVW2,0.6666666666666666,0.3999999999999998
2025-04,6,TVW3,0.1,0.1447443138181852
2025-04,6,TVW3,0.25,0.14999999999999997
2025-04,6,TVW3,0.5,0.29999999999999993
2025-04,6,TVW3,0.75,0.3499999999999999
2025-04,6,TVW3,0.9,0.055255686181815006
2025-04,7,TVW1,0.25,0.20654222998476673
2025-04,7,TVW1,0.5,0.4000000000000001
2025-04,7,TVW1,0.75,0.39345777001523324
2025-04,7,TVW2,0.3333333333333333,0.20000000000000018
2025-04,7,TVW2,0.5,0.3999999999999998
2025-04,7,TVW2,0.6666666666666666,0.4
2025-04,7,TVW3,0.1,0.14999999999999997
2025-04,7,TVW3,0.25,0.15000000000000022
2025-04,7,TVW3,0.5,0.29999999999999993
2025-04,7,TVW3,0.75,0.3165736407863076
2025-04,7,TVW3,0.9,0.08342635921369232
2025-04,8,TVW1,0.25,0.28502704028715814
2025-04,8,TVW1,0.5,0.4
2025-04,8,TVW1,0.75,0.31497295971284184
2025-04,8,TVW2,0.3333333333333333,0.3127590384409168
2025-04,8,TVW2,0.5,0.3
2025-04,8,TVW2,0.6666666666666666,0.3872409615590833
2025-04,8,TVW3,0.1,0.15
2025-04,8,TVW3,0.25,0.26430158032814177
2025-04,8,TVW3,0.5,0.30000000000000004
2025-04,8,TVW3,0.75,0.15
2025-04,8,TVW3,0.9,0.13569841967185817
2025-04,9,TVW1,0.25,0.4
2025-04,9,TVW1,0.5,0.4
2025-04,9,TVW1,0.75,0.20000000000000004
2025-04,9,TVW2,0.3333333333333333,0.39999999999999986
2025-04,9,TVW2,0.5,0.40000000000000013
2025-04,9,TVW2,0.6666666666666666,0.2
2025-04,9,TVW3,0.1,0.15000000000000002
2025-04,9,TVW3,0.25,0.19999999999999993
2025-04,9,TVW3,0.5,0.5000000000000001
2025-04,9,TVW3,0.75,0.15000000000000005
2025-04,9,TVW3,0.9,0.0
2025-04,10,TVW1,0.25,0.23963505898419976
2025-04,10,TVW1,0.5,0.4
2025-04,10,TVW1,0.75,0.36036494101580024
2025-04,10,TVW2,0.3333333333333333,0.2
2025-04,10,TVW2,0.5,0.4940770761051039
2025-04,10,TVW2,0.6666666666666666,0.30592292389489617
2025-04,10,TVW3,0.1,0.11058455499974376
2025-04,10,TVW3,0.25,0.15000000000000008
2025-04,10,TVW3,0.5,0.3894154450002562
2025-04,10,TVW3,0.75,0.3499999999999999
2025-04,10,TVW3,0.9,1.6380926887499375e-17
2025-04,11,TVW1,0.25,0.2
2025-04,11,TVW1,0.5,0.4
2025-04,11,TVW1,0.75,0.4
2025-04,11,TVW2,0.3333333333333333,0.20000000000000004
2025-04,11,TVW2,0.5,0.4
2025-04,11,TVW2,0.6666666666666666,0.4
2025-04,11,TVW3,0.1,0.14603181813709157
2025-04,11,TVW3,0.25,0.15
2025-04,11,TVW3,0.5,0.3
2025-04,11,TVW3,0.75,0.35
2025-04,11,TVW3,0.9,0.053968181862908485
2025-04,12,TVW1,0.25,0.4
2025-04,12,TVW1,0.5,0.4
2025-04,12,TVW1,0.75,0.2
2025-04,12,TVW2,0.3333333333333333,0.4
2025-04,12,TVW2,0.5,0.39999999999999997
2025-04,12,TVW2,0.6666666666666666,0.2
2025-04,12,TVW3,0.1,0.10072236538920121
2025-04,12,TVW3,0.25,0.34999999999999987
2025-04,12,TVW3,0.5,0.37449017777029575
2025-04,12,TVW3,0.75,0.14999999999999997
2025-04,12,TVW3,0.9,0.024787456840503135
2025-04,13,TVW1,0.25,0.2
2025-04,13,TVW1,0.5,0.4
2025-04,13,TVW1,0.75,0.4
2025-04,13,TVW2,0.3333333333333333,0.2
2025-04,13,TVW2,0.5,0.40000000000000013
2025-04,13,TVW2,0.6666666666666666,0.39999999999999997
2025-04,13,TVW3,0.1,0.04454103523463048
2025-04,13,TVW3,0.25,0.14999999999999997
2025-04,13,TVW3,0.5,0.4554589647653696
2025-04,13,TVW3,0.75,0.3499999999999999
2025-04,13,TVW3,0.9,0.0
2025-05,1,TVW1,0.25,0.2
2025-05,1,TVW1,0.5,0.4
2025-05,1,TVW1,0.75,0.4
2025-05,1,TVW2,0.3333333333333333,0.20000000000000004
2025-05,1,TVW2,0.5,0.39999999999999997
2025-05,1,TVW2,0.6666666666666666,0.4000000000000001
2025-05,1,TVW3,0.1,0.0988946424004759
2025-05,1,TVW3,0.25,0.1500000000000001
2025-05,1,TVW3,0.5,0.3000000000000002
2025-05,1,TVW3,0.75,0.30110535759952395
2025-05,1,TVW3,0.9,0.14999999999999994
2025-05,2,TVW1,0.25,0.2
2025-05,2,TVW1,0.5,0.4
2025-05,2,TVW1,0.75,0.4
2025-05,2,TVW2,0.3333333333333333,0.19999999999999993
2025-05,2,TVW2,0.5,0.4000000000000001
2025-05,2,TVW2,0.6666666666666666,0.39999999999999986
2025-05,2,TVW3,0.1,1.2902005852577503e-16
2025-05,2,TVW3,0.25,0.15000000000000008
2025-05,2,TVW3,0.5,0.49999999999999994
2025-05,2,TVW3,0.75,0.3499999999999999
2025-05,2,TVW3,0.9,0.0
2025-05,3,TVW1,0.25,0.2061622646457495
2025-05,3,TVW1,0.5,0.4
2025-05,3,TVW1,0.75,0.39383773535425054
2025-05,3,TVW2,0.3333333333333333,0.24272565135513177
2025-05,3,TVW2,0.5,0.3572743486448682
2025-05,3,TVW2,0.6666666666666666,0.4
2025-05,3,TVW3,0.1,0.14999999999999997
2025-05,3,TVW3,0.25,0.20066151338911978
2025-05,3,TVW3,0.5,0.3000000000000001
2025-05,3,TVW3,0.75,0.1993384866108802
2025-05,3,TVW3,0.9,0.15000000000000002
2025-05,4,TVW1,0.25,0.2
2025-05,4,TVW1,0.5,0.4
2025-05,4,TVW1,0.75,0.4
2025-05,4,TVW2,0.3333333333333333,0.2
2025-05,4,TVW2,0.5,0.4000000000000001
2025-05,4,TVW2,0.6666666666666666,0.4
2025-05,4,TVW3,0.1,0.043126301673166355
2025-05,4,TVW3,0.25,0.15000000000000002
2025-05,4,TVW3,0.5,0.3068736983268337
2025-05,4,TVW3,0.75,0.34999999999999987
2025-05,4,TVW3,0.9,0.15
2025-05,5,TVW1,0.25,0.2
2025-05,5,TVW1,0.5,0.4
2025-05,5,TVW1,0.75,0.4
2025-05,5,TVW2,0.3333333333333333,0.20000000000000012
2025-05,5,TVW2,0.5,0.4
2025-05,5,TVW2,0.6666666666666666,0.39999999999999997
2025-05,5,TVW3,0.1,0.06382227060370585
2025-05,5,TVW3,0.25,0.1500000000000001
2025-05,5,TVW3,0.5,0.30000000000000027
2025-05,5,TVW3,0.75,0.3361777293962938
2025-05,5,TVW3,0.9,0.15
2025-05,6,TVW1,0.25,0.2
2025-05,6,TVW1,0.5,0.4
2025-05,6,TVW1,0.75,0.4
2025-05,6,TVW2,0.3333333333333333,0.19999999999999996
2025-05,6,TVW2,0.5,0.4000000000000001
2025-05,6,TVW2,0.6666666666666666,0.39999999999999986
2025-05,6,TVW3,0.1,4.6814276094539955e-17
2025-05,6,TVW3,0.25,0.24896287186399893
2025-05,6,TVW3,0.5,0.3
2025-05,6,TVW3,0.75,0.35
2025-05,6,TVW3,0.9,0.10103712813600103
2025-05,7,TVW1,0.25,0.2
2025-05,7,TVW1,0.5,0.4
2025-05,7,TVW1,0.75,0.4
2025-05,7,TVW2,0.3333333333333333,0.2
2025-05,7,TVW2,0.5,0.4
2025-05,7,TVW2,0.6666666666666666,0.4
2025-05,7,TVW3,0.1,0.11797932905569539
2025-05,7,TVW3,0.25,0.14999999999999997
2025-05,7,TVW3,0.5,0.29999999999999993
2025-05,7,TVW3,0.75,0.2820206709443048
2025-05,7,TVW3,0.9,0.14999999999999994
2025-05,8,TVW1,0.25,0.2
2025-05,8,TVW1,0.5,0.4
2025-05,8,TVW1,0.75,0.4
2025-05,8,TVW2,0.3333333333333333,0.2000000000000001
2025-05,8,TVW2,0.5,0.4000000000000001
2025-05,8,TVW2,0.6666666666666666,0.39999999999999986
2025-05,8,TVW3,0.1,0.07757396721349898
2025-05,8,TVW3,0.25,0.15000000000000005
2025-05,8,TVW3,0.5,0.3
2025-05,8,TVW3,0.75,0.34999999999999987
2025-05,8,TVW3,0.9,0.12242603278650117
2025-05,9,TVW1,0.25,0.19999999999999996
2025-05,9,TVW1,0.5,0.5999999999999999
2025-05,9,TVW1,0.75,0.2000000000000001
2025-05,9,TVW2,0.3333333333333333,0.20000000000000004
2025-05,9,TVW2,0.5,0.5000000000000001
2025-05,9,TVW2,0.6666666666666666,0.3
2025-05,9,TVW3,0.1,0.0
2025-05,9,TVW3,0.25,0.2583875242824513
2025-05,9,TVW3,0.5,0.5
2025-05,9,TVW3,0.75,0.24161247571754868
2025-05,9,TVW3,0.9,2.3342518581263056e-17
2025-05,10,TVW1,0.25,0.2
2025-05,10,TVW1,0.5,0.4
2025-05,10,TVW1,0.75,0.39999999999999997
2025-05,10,TVW2,0.3333333333333333,0.20000000000000004
2025-05,10,TVW2,0.5,0.4000000000000001
2025-05,10,TVW2,0.6666666666666666,0.4
2025-05,10,TVW3,0.1,2.055341012295559e-18
2025-05,10,TVW3,0.25,0.1500000000000001
2025-05,10,TVW3,0.5,0.5
2025-05,10,TVW3,0.75,0.35
2025-05,10,TVW3,0.9,0.0
2025-05,11,TVW1,0.25,0.2
2025-05,11,TVW1,0.5,0.4
2025-05,11,TVW1,0.75,0.4
2025-05,11,TVW2,0.3333333333333333,0.2
2025-05,11,TVW2,0.5,0.4000000000000001
2025-05,11,TVW2,0.6666666666666666,0.4
2025-05,11,TVW3,0.1,0.06884348842531111
2025-05,11,TVW3,0.25,0.15000000000000002
2025-05,11,TVW3,0.5,0.3
2025-05,11,TVW3,0.75,0.35
2025-05,11,TVW3,0.9,0.13115651157468888
2025-05,12,TVW1,0.25,0.20000000000000012
2025-05,12,TVW1,0.5,0.6
2025-05,12,TVW1,0.75,0.2
2025-05,12,TVW2,0.3333333333333333,0.38707548547385817
2025-05,12,TVW2,0.5,0.2999999999999999
2025-05,12,TVW2,0.6666666666666666,0.31292451452614184
2025-05,12,TVW3,0.1,0.1499999999999999
2025-05,12,TVW3,0.25,0.15000000000000008
2025-05,12,TVW3,0.5,0.3331931438207402
2025-05,12,TVW3,0.75,0.35
2025-05,12,TVW3,0.9,0.016806856179259776
2025-05,13,TVW1,0.25,0.2
2025-05,13,TVW1,0.5,0.4
2025-05,13,TVW1,0.75,0.4
2025-05,13,TVW2,0.3333333333333333,0.20000000000000007
2025-05,13,TVW2,0.5,0.3999999999999999
2025-05,13,TVW2,0.6666666666666666,0.4000000000000001
2025-05,13,TVW3,0.1,2.01742041712851e-17
2025-05,13,TVW3,0.25,0.15
2025-05,13,TVW3,0.5,0.4443457670700484
2025-05,13,TVW3,0.75,0.34999999999999987
2025-05,13,TVW3,0.9,0.05565423292995155
2025-06,1,TVW1,0.25,0.2
2025-06,1,TVW1,0.5,0.4
2025-06,1,TVW1,0.75,0.4
2025-06,1,TVW2,0.3333333333333333,0.20000000000000007
2025-06,1,TVW2,0.5,0.4
2025-06,1,TVW2,0.6666666666666666,0.3999999999999999
2025-06,1,TVW3,0.1,0.040212826415860055
2025-06,1,TVW3,0.25,0.15
2025-06,1,TVW3,0.5,0.30978717358414004
2025-06,1,TVW3,0.75,0.35
2025-06,1,TVW3,0.9,0.14999999999999997
2025-06,2,TVW1,0.25,0.2
2025-06,2,TVW1,0.5,0.4000000000000001
2025-06,2,TVW1,0.75,0.4
2025-06,2,TVW2,0.3333333333333333,0.20000000000000018
2025-06,2,TVW2,0.5,0.39999999999999986
2025-06,2,TVW2,0.6666666666666666,0.39999999999999997
2025-06,2,TVW3,0.1,3.543288059258974e-18
2025-06,2,TVW3,0.25,0.15000000000000005
2025-06,2,TVW3,0.5,0.4600683584508519
2025-06,2,TVW3,0.75,0.35
2025-06,2,TVW3,0.9,0.03993164154914814
2025-06,3,TVW1,0.25,0.2
2025-06,3,TVW1,0.5,0.4
2025-06,3,TVW1,0.75,0.4
2025-06,3,TVW2,0.3333333333333333,0.2000000000000001
2025-06,3,TVW2,0.5,0.4
2025-06,3,TVW2,0.6666666666666666,0.39999999999999997
2025-06,3,TVW3,0.1,0.11527517867011178
2025-06,3,TVW3,0.25,0.15
2025-06,3,TVW3,0.5,0.3007034371706211
2025-06,3,TVW3,0.75,0.3499999999999999
2025-06,3,TVW3,0.9,0.08402138415926716
2025-06,4,TVW1,0.25,0.2
2025-06,4,TVW1,0.5,0.4
2025-06,4,TVW1,0.75,0.4
2025-06,4,TVW2,0.3333333333333333,0.2
2025-06,4,TVW2,0.5,0.4000000000000001
2025-06,4,TVW2,0.6666666666666666,0.4
2025-06,4,TVW3,0.1,1.3916043578479935e-19
2025-06,4,TVW3,0.25,0.15
2025-06,4,TVW3,0.5,0.35000000000000003
2025-06,4,TVW3,0.75,0.35
2025-06,4,TVW3,0.9,0.15
2025-06,5,TVW1,0.25,0.20000000000000004
2025-06,5,TVW1,0.5,0.4
2025-06,5,TVW1,0.75,0.4
2025-06,5,TVW2,0.3333333333333333,0.20000000000000007
2025-06,5,TVW2,0.5,0.39999999999999997
2025-06,5,TVW2,0.6666666666666666,0.39999999999999997
2025-06,5,TVW3,0.1,0.0
2025-06,5,TVW3,0.25,0.15
2025-06,5,TVW3,0.5,0.35000000000000003
2025-06,5,TVW3,0.75,0.35
2025-06,5,TVW3,0.9,0.15
2025-06,6,TVW1,0.25,0.2
2025-06,6,TVW1,0.5,0.4
2025-06,6,TVW1,0.75,0.4
2025-06,6,TVW2,0.3333333333333333,0.2
2025-06,6,TVW2,0.5,0.4
2025-06,6,TVW2,0.6666666666666666,0.4
2025-06,6,TVW3,0.1,0.0500000000000001
2025-06,6,TVW3,0.25,0.15
2025-06,6,TVW3,0.5,0.3
2025-06,6,TVW3,0.75,0.35
2025-06,6,TVW3,0.9,0.15
2025-06,7,TVW1,0.25,0.2
2025-06,7,TVW1,0.5,0.4
2025-06,7,TVW1,0.75,0.4
2025-06,7,TVW2,0.3333333333333333,0.20000000000000015
2025-06,7,TVW2,0.5,0.39999999999999997
2025-06,7,TVW2,0.6666666666666666,0.39999999999999986
2025-06,7,TVW3,0.1,0.07126997244101517
2025-06,7,TVW3,0.25,0.15
2025-06,7,TVW3,0.5,0.29999999999999993
2025-06,7,TVW3,0.75,0.3287300275589849
2025-06,7,TVW3,0.9,0.14999999999999997
2025-06,8,TVW1,0.25,0.2
2025-06,8,TVW1,0.5,0.4
2025-06,8,TVW1,0.75,0.4
2025-06,8,TVW2,0.3333333333333333,0.2
2025-06,8,TVW2,0.5,0.4000000000000001
2025-06,8,TVW2,0.6666666666666666,0.4
2025-06,8,TVW3,0.1,0.05159817103205153
2025-06,8,TVW3,0.25,0.15000000000000008
2025-06,8,TVW3,0.5,0.30000000000000016
2025-06,8,TVW3,0.75,0.34999999999999987
2025-06,8,TVW3,0.9,0.14840182896794837
2025-06,9,TVW1,0.25,0.2
2025-06,9,TVW1,0.5,0.4368965029830333
2025-06,9,TVW1,0.75,0.3631034970169667
2025-06,9,TVW2,0.3333333333333333,0.2
2025-06,9,TVW2,0.5,0.4000000000000001
2025-06,9,TVW2,0.6666666666666666,0.4
2025-06,9,TVW3,0.1,0.0015237661292910657
2025-06,9,TVW3,0.25,0.15
2025-06,9,TVW3,0.5,0.49999999999999994
2025-06,9,TVW3,0.75,0.348476233870709
2025-06,9,TVW3,0.9,1.7745948538495243e-17
2025-06,10,TVW1,0.25,0.2
2025-06,10,TVW1,0.5,0.4000000000000001
2025-06,10,TVW1,0.75,0.4
2025-06,10,TVW2,0.3333333333333333,0.2
2025-06,10,TVW2,0.5,0.40000000000000013
2025-06,10,TVW2,0.6666666666666666,0.4
2025-06,10,TVW3,0.1,1.6773688265382914e-17
2025-06,10,TVW3,0.25,0.15000000000000002
2025-06,10,TVW3,0.5,0.49999999999999967
2025-06,10,TVW3,0.75,0.20000000000000032
2025-06,10,TVW3,0.9,0.1499999999999999
2025-06,11,TVW1,0.25,0.2
2025-06,11,TVW1,0.5,0.4
2025-06,11,TVW1,0.75,0.4
2025-06,11,TVW2,0.3333333333333333,0.2
2025-06,11,TVW2,0.5,0.39999999999999997
2025-06,11,TVW2,0.6666666666666666,0.4
2025-06,11,TVW3,0.1,0.06741636156075859
2025-06,11,TVW3,0.25,0.15
2025-06,11,TVW3,0.5,0.3
2025-06,11,TVW3,0.75,0.35
2025-06,11,TVW3,0.9,0.13258363843924154
2025-06,12,TVW1,0.25,0.2322165179099792
2025-06,12,TVW1,0.5,0.4
2025-06,12,TVW1,0.75,0.36778348209002076
2025-06,12,TVW2,0.3333333333333333,0.3148885848447329
2025-06,12,TVW2,0.5,0.2999999999999999
2025-06,12,TVW2,0.6666666666666666,0.3851114151552671
2025-06,12,TVW3,0.1,0.06004803756236488
2025-06,12,TVW3,0.25,0.15000000000000005
2025-06,12,TVW3,0.5,0.4399519624376351
2025-06,12,TVW3,0.75,0.35000000000000003
2025-06,12,TVW3,0.9,0.0
2025-06,13,TVW1,0.25,0.20000000000000004
2025-06,13,TVW1,0.5,0.4
2025-06,13,TVW1,0.75,0.4
2025-06,13,TVW2,0.3333333333333333,0.2000000000000001
2025-06,13,TVW2,0.5,0.39999999999999986
2025-06,13,TVW2,0.6666666666666666,0.4000000000000001
2025-06,13,TVW3,0.1,0.0
2025-06,13,TVW3,0.25,0.15
2025-06,13,TVW3,0.5,0.35000000000000003
2025-06,13,TVW3,0.75,0.35
2025-06,13,TVW3,0.9,0.15
2025-07,1,TVW1,0.25,0.2
2025-07,1,TVW1,0.5,0.4000000000000001
2025-07,1,TVW1,0.75,0.4
2025-07,1,TVW2,0.3333333333333333,0.20000000000000007
2025-07,1,TVW2,0.5,0.3999999999999999
2025-07,1,TVW2,0.6666666666666666,0.4
2025-07,1,TVW3,0.1,0.04980581081712112
2025-07,1,TVW3,0.25,0.15000000000000002
2025-07,1,TVW3,0.5,0.30019418918287893
2025-07,1,TVW3,0.75,0.3499999999999999
2025-07,1,TVW3,0.9,0.15
2025-07,2,TVW1,0.25,0.2
2025-07,2,TVW1,0.5,0.4
2025-07,2,TVW1,0.75,0.39999999999999997
2025-07,2,TVW2,0.3333333333333333,0.2
2025-07,2,TVW2,0.5,0.4
2025-07,2,TVW2,0.6666666666666666,0.4
2025-07,2,TVW3,0.1,0.0
2025-07,2,TVW3,0.25,0.15
2025-07,2,TVW3,0.5,0.4746587090451872
2025-07,2,TVW3,0.75,0.3499999999999999
2025-07,2,TVW3,0.9,0.025341290954813016
2025-07,3,TVW1,0.25,0.2
2025-07,3,TVW1,0.5,0.4
2025-07,3,TVW1,0.75,0.4
2025-07,3,TVW2,0.3333333333333333,0.20000000000000004
2025-07,3,TVW2,0.5,0.39999999999999997
2025-07,3,TVW2,0.6666666666666666,0.39999999999999997
2025-07,3,TVW3,0.1,0.1242864767706079
2025-07,3,TVW3,0.25,0.14999999999999997
2025-07,3,TVW3,0.5,0.29999999999999993
2025-07,3,TVW3,0.75,0.3499999999999999
2025-07,3,TVW3,0.9,0.07571352322939233
2025-07,4,TVW1,0.25,0.20000000000000007
2025-07,4,TVW1,0.5,0.4
2025-07,4,TVW1,0.75,0.39999999999999997
2025-07,4,TVW2,0.3333333333333333,0.20000000000000004
2025-07,4,TVW2,0.5,0.4000000000000001
2025-07,4,TVW2,0.6666666666666666,0.4
2025-07,4,TVW3,0.1,1.2455615959961993e-18
2025-07,4,TVW3,0.25,0.15
2025-07,4,TVW3,0.5,0.3500000000000001
2025-07,4,TVW3,0.75,0.35
2025-07,4,TVW3,0.9,0.15
2025-07,5,TVW1,0.25,0.20000000000000007
2025-07,5,TVW1,0.5,0.4
2025-07,5,TVW1,0.75,0.4
2025-07,5,TVW2,0.3333333333333333,0.2
2025-07,5,TVW2,0.5,0.4
2025-07,5,TVW2,0.6666666666666666,0.4
2025-07,5,TVW3,0.1,5.021137410211139e-19
2025-07,5,TVW3,0.25,0.15
2025-07,5,TVW3,0.5,0.3500000000000001
2025-07,5,TVW3,0.75,0.3499999999999999
2025-07,5,TVW3,0.9,0.14999999999999997
2025-07,6,TVW1,0.25,0.20000000000000004
2025-07,6,TVW1,0.5,0.4
2025-07,6,TVW1,0.75,0.4
2025-07,6,TVW2,0.3333333333333333,0.2
2025-07,6,TVW2,0.5,0.4
2025-07,6,TVW2,0.6666666666666666,0.4
2025-07,6,TVW3,0.1,0.03259430444249138
2025-07,6,TVW3,0.25,0.15
2025-07,6,TVW3,0.5,0.31740569555750875
2025-07,6,TVW3,0.75,0.3499999999999999
2025-07,6,TVW3,0.9,0.15
2025-07,7,TVW1,0.25,0.2
2025-07,7,TVW1,0.5,0.4000000000000001
2025-07,7,TVW1,0.75,0.39999999999999997
2025-07,7,TVW2,0.3333333333333333,0.20000000000000007
2025-07,7,TVW2,0.5,0.4000000000000001
2025-07,7,TVW2,0.6666666666666666,0.4
2025-07,7,TVW3,0.1,0.0794680884442312
2025-07,7,TVW3,0.25,0.14999999999999997
2025-07,7,TVW3,0.5,0.29999999999999993
2025-07,7,TVW3,0.75,0.32053191155576904
2025-07,7,TVW3,0.9,0.14999999999999997
2025-07,8,TVW1,0.25,0.2
2025-07,8,TVW1,0.5,0.4000000000000001
2025-07,8,TVW1,0.75,0.4
2025-07,8,TVW2,0.3333333333333333,0.2
2025-07,8,TVW2,0.5,0.39999999999999997
2025-07,8,TVW2,0.6666666666666666,0.4
2025-07,8,TVW3,0.1,1.4747766174023012e-16
2025-07,8,TVW3,0.25,0.23293023985667138
2025-07,8,TVW3,0.5,0.3000000000000001
2025-07,8,TVW3,0.75,0.35000000000000003
2025-07,8,TVW3,0.9,0.11706976014332837
2025-07,9,TVW1,0.25,0.2
2025-07,9,TVW1,0.5,0.5056823789409755
2025-07,9,TVW1,0.75,0.29431762105902465
2025-07,9,TVW2,0.3333333333333333,0.2
2025-07,9,TVW2,0.5,0.4000000000000002
2025-07,9,TVW2,0.6666666666666666,0.3999999999999999
2025-07,9,TVW3,0.1,1.583192969630979e-17
2025-07,9,TVW3,0.25,0.18859711429743972
2025-07,9,TVW3,0.5,0.4999999999999999
2025-07,9,TVW3,0.75,0.31140288570256036
2025-07,9,TVW3,0.9,4.9237208931461126e-18
2025-07,10,TVW1,0.25,0.2
2025-07,10,TVW1,0.5,0.4
2025-07,10,TVW1,0.75,0.4
2025-07,10,TVW2,0.3333333333333333,0.20000000000000004
2025-07,10,TVW2,0.5,0.4000000000000001
2025-07,10,TVW2,0.6666666666666666,0.4
2025-07,10,TVW3,0.1,3.722592750253151e-05
2025-07,10,TVW3,0.25,0.15000000000000008
2025-07,10,TVW3,0.5,0.4999999999999996
2025-07,10,TVW3,0.75,0.19996277407249785
2025-07,10,TVW3,0.9,0.15
2025-07,11,TVW1,0.25,0.2
2025-07,11,TVW1,0.5,0.4
2025-07,11,TVW1,0.75,0.4
2025-07,11,TVW2,0.3333333333333333,0.20000000000000004
2025-07,11,TVW2,0.5,0.4000000000000001
2025-07,11,TVW2,0.6666666666666666,0.4
2025-07,11,TVW3,0.1,0.09341279490039717
2025-07,11,TVW3,0.25,0.14999999999999997
2025-07,11,TVW3,0.5,0.29999999999999993
2025-07,11,TVW3,0.75,0.3499999999999999
2025-07,11,TVW3,0.9,0.10658720509960311
2025-07,12,TVW1,0.25,0.24314209010486973
2025-07,12,TVW1,0.5,0.4
2025-07,12,TVW1,0.75,0.3568579098951303
2025-07,12,TVW2,0.3333333333333333,0.30000000000000016
2025-07,12,TVW2,0.5,0.3
2025-07,12,TVW2,0.6666666666666666,0.4
2025-07,12,TVW3,0.1,1.2225604104278159e-16
2025-07,12,TVW3,0.25,0.33852708546995186
2025-07,12,TVW3,0.5,0.3000000000000001
2025-07,12,TVW3,0.75,0.35
2025-07,12,TVW3,0.9,0.011472914530048003
2025-08,1,TVW1,0.25,0.21801194640476718
2025-08,1,TVW1,0.5,0.4000000000000001
2025-08,1,TVW1,0.75,0.3819880535952328
2025-08,1,TVW2,0.3333333333333333,0.20000000000000004
2025-08,1,TVW2,0.5,0.4
2025-08,1,TVW2,0.6666666666666666,0.4
2025-08,1,TVW3,0.1,0.0
2025-08,1,TVW3,0.25,0.2245424646283568
2025-08,1,TVW3,0.5,0.4254575353716432
2025-08,1,TVW3,0.75,0.3499999999999998
2025-08,1,TVW3,0.9,0.0
2025-08,2,TVW1,0.25,0.2
2025-08,2,TVW1,0.5,0.4
2025-08,2,TVW1,0.75,0.4
2025-08,2,TVW2,0.3333333333333333,0.2
2025-08,2,TVW2,0.5,0.39999999999999997
2025-08,2,TVW2,0.6666666666666666,0.4
2025-08,2,TVW3,0.1,1.6697023584500817e-17
2025-08,2,TVW3,0.25,0.15000000000000005
2025-08,2,TVW3,0.5,0.46527714306734924
2025-08,2,TVW3,0.75,0.3499999999999999
2025-08,2,TVW3,0.9,0.03472285693265087
2025-08,3,TVW1,0.25,0.20014455905717515
2025-08,3,TVW1,0.5,0.4
2025-08,3,TVW1,0.75,0.39985544094282477
2025-08,3,TVW2,0.3333333333333333,0.2
2025-08,3,TVW2,0.5,0.4000000000000001
2025-08,3,TVW2,0.6666666666666666,0.4
2025-08,3,TVW3,0.1,0.13361894158061538
2025-08,3,TVW3,0.25,0.15000000000000002
2025-08,3,TVW3,0.5,0.30000000000000004
2025-08,3,TVW3,0.75,0.35000000000000003
2025-08,3,TVW3,0.9,0.06638105841938459
2025-08,4,TVW1,0.25,0.20000000000000004
2025-08,4,TVW1,0.5,0.4000000000000001
2025-08,4,TVW1,0.75,0.39999999999999997
2025-08,4,TVW2,0.3333333333333333,0.2
2025-08,4,TVW2,0.5,0.4000000000000001
2025-08,4,TVW2,0.6666666666666666,0.4
2025-08,4,TVW3,0.1,0.0
2025-08,4,TVW3,0.25,0.23460339876061725
2025-08,4,TVW3,0.5,0.30000000000000004
2025-08,4,TVW3,0.75,0.31539660123938273
2025-08,4,TVW3,0.9,0.15
2025-08,5,TVW1,0.25,0.2
2025-08,5,TVW1,0.5,0.4
2025-08,5,TVW1,0.75,0.4
2025-08,5,TVW2,0.3333333333333333,0.20000000000000004
2025-08,5,TVW2,0.5,0.3999999999999999
2025-08,5,TVW2,0.6666666666666666,0.39999999999999997
2025-08,5,TVW3,0.1,0.037073092320556236
2025-08,5,TVW3,0.25,0.14999999999999997
2025-08,5,TVW3,0.5,0.31292690767944387
2025-08,5,TVW3,0.75,0.3499999999999999
2025-08,5,TVW3,0.9,0.14999999999999997
2025-08,6,TVW1,0.25,0.2
2025-08,6,TVW1,0.5,0.4
2025-08,6,TVW1,0.75,0.4
2025-08,6,TVW2,0.3333333333333333,0.20000000000000004
2025-08,6,TVW2,0.5,0.3999999999999999
2025-08,6,TVW2,0.6666666666666666,0.4000000000000001
2025-08,6,TVW3,0.1,0.004940780966727298
2025-08,6,TVW3,0.25,0.15
2025-08,6,TVW3,0.5,0.5
2025-08,6,TVW3,0.75,0.19505921903327272
2025-08,6,TVW3,0.9,0.15
2025-08,7,TVW1,0.25,0.20000000000000004
2025-08,7,TVW1,0.5,0.4
2025-08,7,TVW1,0.75,0.39999999999999997
2025-08,7,TVW2,0.3333333333333333,0.2
2025-08,7,TVW2,0.5,0.4000000000000001
2025-08,7,TVW2,0.6666666666666666,0.4
2025-08,7,TVW3,0.1,0.09888313161545059
2025-08,7,TVW3,0.25,0.15
2025-08,7,TVW3,0.5,0.3
2025-08,7,TVW3,0.75,0.30111686838454943
2025-08,7,TVW3,0.9,0.15
2025-08,8,TVW1,0.25,0.2
2025-08,8,TVW1,0.5,0.4
2025-08,8,TVW1,0.75,0.4
2025-08,8,TVW2,0.3333333333333333,0.2
2025-08,8,TVW2,0.5,0.40000000000000013
2025-08,8,TVW2,0.6666666666666666,0.4
2025-08,8,TVW3,0.1,0.08738137463198296
2025-08,8,TVW3,0.25,0.14999999999999997
2025-08,8,TVW3,0.5,0.29999999999999993
2025-08,8,TVW3,0.75,0.3499999999999999
2025-08,8,TVW3,0.9,0.11261862536801719
2025-08,9,TVW1,0.25,0.20000000000000004
2025-08,9,TVW1,0.5,0.5282704077128549
2025-08,9,TVW1,0.75,0.2717295922871451
2025-08,9,TVW2,0.3333333333333333,0.2
2025-08,9,TVW2,0.5,0.40000000000000013
2025-08,9,TVW2,0.6666666666666666,0.4
2025-08,9,TVW3,0.1,0.0
2025-08,9,TVW3,0.25,0.212966472138609
2025-08,9,TVW3,0.5,0.49999999999999994
2025-08,9,TVW3,0.75,0.2870335278613911
2025-08,9,TVW3,0.9,2.0010395102651657e-17
2025-08,10,TVW1,0.25,0.2
2025-08,10,TVW1,0.5,0.4
2025-08,10,TVW1,0.75,0.4
2025-08,10,TVW2,0.3333333333333333,0.2
2025-08,10,TVW2,0.5,0.4000000000000001
2025-08,10,TVW2,0.6666666666666666,0.39999999999999997
2025-08,10,TVW3,0.1,0.12311740397323899
2025-08,10,TVW3,0.25,0.14999999999999997
2025-08,10,TVW3,0.5,0.3000000000000001
2025-08,10,TVW3,0.75,0.27688259602676096
2025-08,10,TVW3,0.9,0.14999999999999997
2025-08,11,TVW1,0.25,0.20000000000000004
2025-08,11,TVW1,0.5,0.4
2025-08,11,TVW1,0.75,0.39999999999999997
2025-08,11,TVW2,0.3333333333333333,0.20000000000000004
2025-08,11,TVW2,0.5,0.4000000000000001
2025-08,11,TVW2,0.6666666666666666,0.4
2025-08,11,TVW3,0.1,0.09421737034215294
2025-08,11,TVW3,0.25,0.15
2025-08,11,TVW3,0.5,0.3000000000000001
2025-08,11,TVW3,0.75,0.35
2025-08,11,TVW3,0.9,0.105782629657847
2025-09,1,TVW1,0.25,0.29750450040084425
2025-09,1,TVW1,0.5,0.4
2025-09,1,TVW1,0.75,0.3024954995991558
2025-09,1,TVW2,0.3333333333333333,0.375681920969964
2025-09,1,TVW2,0.5,0.30000000000000004
2025-09,1,TVW2,0.6666666666666666,0.32431807903003596
2025-09,1,TVW3,0.1,0.14999999999999997
2025-09,1,TVW3,0.25,0.15000000000000002
2025-09,1,TVW3,0.5,0.35000000000000003
2025-09,1,TVW3,0.75,0.35
2025-09,1,TVW3,0.9,2.3143813833301283e-17
2025-09,2,TVW1,0.25,0.2833149084751649
2025-09,2,TVW1,0.5,0.4000000000000003
2025-09,2,TVW1,0.75,0.3166850915248349
2025-09,2,TVW2,0.3333333333333333,0.3187706095675676
2025-09,2,TVW2,0.5,0.3
2025-09,2,TVW2,0.6666666666666666,0.38122939043243237
2025-09,2,TVW3,0.1,0.12729386056293082
2025-09,2,TVW3,0.25,0.15000000000000002
2025-09,2,TVW3,0.5,0.37270613943706915
2025-09,2,TVW3,0.75,0.35000000000000003
2025-09,2,TVW3,0.9,0.0
2025-09,3,TVW1,0.25,0.30608102430544765
2025-09,3,TVW1,0.5,0.40000000000000036
2025-09,3,TVW1,0.75,0.2939189756945519
2025-09,3,TVW2,0.3333333333333333,0.26340833057639423
2025-09,3,TVW2,0.5,0.3365916694236059
2025-09,3,TVW2,0.6666666666666666,0.4
2025-09,3,TVW3,0.1,0.14999999999999997
2025-09,3,TVW3,0.25,0.17335697531637842
2025-09,3,TVW3,0.5,0.30000000000000004
2025-09,3,TVW3,0.75,0.34999999999999987
2025-09,3,TVW3,0.9,0.026643024683621706
2025-09,4,TVW1,0.25,0.2
2025-09,4,TVW1,0.5,0.4
2025-09,4,TVW1,0.75,0.4
2025-09,4,TVW2,0.3333333333333333,0.2999999999999999
2025-09,4,TVW2,0.5,0.30000000000000027
2025-09,4,TVW2,0.6666666666666666,0.3999999999999999
2025-09,4,TVW3,0.1,6.793938470900276e-16
2025-09,4,TVW3,0.25,0.3355419087830462
2025-09,4,TVW3,0.5,0.3
2025-09,4,TVW3,0.75,0.21445809121695317
2025-09,4,TVW3,0.9,0.15
2025-09,5,TVW1,0.25,0.20335716875927698
2025-09,5,TVW1,0.5,0.4
2025-09,5,TVW1,0.75,0.396642831240723
2025-09,5,TVW2,0.3333333333333333,0.31231313017833984
2025-09,5,TVW2,0.5,0.29999999999999993
2025-09,5,TVW2,0.6666666666666666,0.3876868698216602
2025-09,5,TVW3,0.1,0.001262283698046662
2025-09,5,TVW3,0.25,0.35000000000000003
2025-09,5,TVW3,0.5,0.30000000000000004
2025-09,5,TVW3,0.75,0.19873771630195333
2025-09,5,TVW3,0.9,0.15000000000000002
2025-09,6,TVW1,0.25,0.2
2025-09,6,TVW1,0.5,0.4449923922743701
2025-09,6,TVW1,0.75,0.3550076077256299
2025-09,6,TVW2,0.3333333333333333,0.2
2025-09,6,TVW2,0.5,0.4000000000000001
2025-09,6,TVW2,0.6666666666666666,0.4
2025-09,6,TVW3,0.1,0.11772905648056342
2025-09,6,TVW3,0.25,0.15
2025-09,6,TVW3,0.5,0.4322709435194366
2025-09,6,TVW3,0.75,0.15000000000000005
2025-09,6,TVW3,0.9,0.15
2025-09,7,TVW1,0.25,0.20708691157792758
2025-09,7,TVW1,0.5,0.4000000000000001
2025-09,7,TVW1,0.75,0.39291308842207234
2025-09,7,TVW2,0.3333333333333333,0.3
2025-09,7,TVW2,0.5,0.3
2025-09,7,TVW2,0.6666666666666666,0.4
2025-09,7,TVW3,0.1,0.15
2025-09,7,TVW3,0.25,0.17308330917303685
2025-09,7,TVW3,0.5,0.3
2025-09,7,TVW3,0.75,0.22691669082696322
2025-09,7,TVW3,0.9,0.15
2025-09,8,TVW1,0.25,0.19999999999999996
2025-09,8,TVW1,0.5,0.5960957190498297
2025-09,8,TVW1,0.75,0.2039042809501703
2025-09,8,TVW2,0.3333333333333333,0.2
2025-09,8,TVW2,0.5,0.5
2025-09,8,TVW2,0.6666666666666666,0.30000000000000004
2025-09,8,TVW3,0.1,0.14999999999999997
2025-09,8,TVW3,0.25,0.23742242065888455
2025-09,8,TVW3,0.5,0.3125775793411154
2025-09,8,TVW3,0.75,0.1500000000000001
2025-09,8,TVW3,0.9,0.15
2025-09,9,TVW1,0.25,0.3185956660717007
2025-09,9,TVW1,0.5,0.48140433392829934
2025-09,9,TVW1,0.75,0.2
2025-09,9,TVW2,0.3333333333333333,0.31500300576840007
2025-09,9,TVW2,0.5,0.48499699423160003
2025-09,9,TVW2,0.6666666666666666,0.2
2025-09,9,TVW3,0.1,0.15
2025-09,9,TVW3,0.25,0.1613606548624088
2025-09,9,TVW3,0.5,0.5
2025-09,9,TVW3,0.75,0.15
2025-09,9,TVW3,0.9,0.038639345137591166
2025-09,10,TVW1,0.25,0.20000000000000012
2025-09,10,TVW1,0.5,0.5865327978993261
2025-09,10,TVW1,0.75,0.21346720210067385
2025-09,10,TVW2,0.3333333333333333,0.33990101631729297
2025-09,10,TVW2,0.5,0.3
2025-09,10,TVW2,0.6666666666666666,0.3600989836827071
2025-09,10,TVW3,0.1,0.15
2025-09,10,TVW3,0.25,0.15000000000000002
2025-09,10,TVW3,0.5,0.40554126134305074
2025-09,10,TVW3,0.75,0.15000000000000008
2025-09,10,TVW3,0.9,0.14445873865694914
2025-10,1,TVW1,0.25,0.21978274829677047
2025-10,1,TVW1,0.5,0.3999999999999999
2025-10,1,TVW1,0.75,0.3802172517032295
2025-10,1,TVW2,0.3333333333333333,0.30000000000000004
2025-10,1,TVW2,0.5,0.3
2025-10,1,TVW2,0.6666666666666666,0.4
2025-10,1,TVW3,0.1,0.0
2025-10,1,TVW3,0.25,0.3255628944453365
2025-10,1,TVW3,0.5,0.3000000000000002
2025-10,1,TVW3,0.75,0.34999999999999987
2025-10,1,TVW3,0.9,0.024437105554663458
2025-10,2,TVW1,0.25,0.2
2025-10,2,TVW1,0.5,0.4
2025-10,2,TVW1,0.75,0.4
2025-10,2,TVW2,0.3333333333333333,0.30000000000000016
2025-10,2,TVW2,0.5,0.3
2025-10,2,TVW2,0.6666666666666666,0.4
2025-10,2,TVW3,0.1,0.12324100853622569
2025-10,2,TVW3,0.25,0.15
2025-10,2,TVW3,0.5,0.3
2025-10,2,TVW3,0.75,0.35
2025-10,2,TVW3,0.9,0.07675899146377452
2025-10,3,TVW1,0.25,0.2
2025-10,3,TVW1,0.5,0.4372165183651568
2025-10,3,TVW1,0.75,0.3627834816348432
2025-10,3,TVW2,0.3333333333333333,0.2
2025-10,3,TVW2,0.5,0.4000000000000001
2025-10,3,TVW2,0.6666666666666666,0.4
2025-10,3,TVW3,0.1,0.09187590370382187
2025-10,3,TVW3,0.25,0.15000000000000027
2025-10,3,TVW3,0.5,0.4746400754884985
2025-10,3,TVW3,0.75,0.15000000000000013
2025-10,3,TVW3,0.9,0.13348402080767924
2025-10,4,TVW1,0.25,0.2
2025-10,4,TVW1,0.5,0.4
2025-10,4,TVW1,0.75,0.4
2025-10,4,TVW2,0.3333333333333333,0.19999999999999993
2025-10,4,TVW2,0.5,0.4000000000000003
2025-10,4,TVW2,0.6666666666666666,0.39999999999999963
2025-10,4,TVW3,0.1,0.08156184319636531
2025-10,4,TVW3,0.25,0.15
2025-10,4,TVW3,0.5,0.30000000000000004
2025-10,4,TVW3,0.75,0.3184381568036348
2025-10,4,TVW3,0.9,0.14999999999999997
2025-10,5,TVW1,0.25,0.2
2025-10,5,TVW1,0.5,0.4
2025-10,5,TVW1,0.75,0.4
2025-10,5,TVW2,0.3333333333333333,0.2782995691409672
2025-10,5,TVW2,0.5,0.3217004308590328
2025-10,5,TVW2,0.6666666666666666,0.4000000000000001
2025-10,5,TVW3,0.1,3.42852610521365e-17
2025-10,5,TVW3,0.25,0.2888118678812431
2025-10,5,TVW3,0.5,0.3000000000000001
2025-10,5,TVW3,0.75,0.2611881321187569
2025-10,5,TVW3,0.9,0.15000000000000002
2025-10,6,TVW1,0.25,0.2
2025-10,6,TVW1,0.5,0.4
2025-10,6,TVW1,0.75,0.4
2025-10,6,TVW2,0.3333333333333333,0.2
2025-10,6,TVW2,0.5,0.39999999999999997
2025-10,6,TVW2,0.6666666666666666,0.39999999999999997
2025-10,6,TVW3,0.1,0.0
2025-10,6,TVW3,0.25,0.15352023390048153
2025-10,6,TVW3,0.5,0.5
2025-10,6,TVW3,0.75,0.19647976609951842
2025-10,6,TVW3,0.9,0.15
2025-10,7,TVW1,0.25,0.20000000000000004
2025-10,7,TVW1,0.5,0.4
2025-10,7,TVW1,0.75,0.4
2025-10,7,TVW2,0.3333333333333333,0.20000000000000004
2025-10,7,TVW2,0.5,0.4
2025-10,7,TVW2,0.6666666666666666,0.3999999999999999
2025-10,7,TVW3,0.1,0.13012279068181065
2025-10,7,TVW3,0.25,0.15000000000000005
2025-10,7,TVW3,0.5,0.3
2025-10,7,TVW3,0.75,0.26987720931818937
2025-10,7,TVW3,0.9,0.14999999999999997
2025-10,8,TVW1,0.25,0.2
2025-10,8,TVW1,0.5,0.4689672946259364
2025-10,8,TVW1,0.75,0.3310327053740636
2025-10,8,TVW2,0.3333333333333333,0.19999999999999996
2025-10,8,TVW2,0.5,0.4996970189644358
2025-10,8,TVW2,0.6666666666666666,0.30030298103556424
2025-10,8,TVW3,0.1,0.07403031965398957
2025-10,8,TVW3,0.25,0.15
2025-10,8,TVW3,0.5,0.5
2025-10,8,TVW3,0.75,0.15000000000000027
2025-10,8,TVW3,0.9,0.1259696803460103
2025-10,9,TVW1,0.25,0.20000000000000004
2025-10,9,TVW1,0.5,0.6
2025-10,9,TVW1,0.75,0.20000000000000012
2025-10,9,TVW2,0.3333333333333333,0.2
2025-10,9,TVW2,0.5,0.5
2025-10,9,TVW2,0.6666666666666666,0.3
2025-10,9,TVW3,0.1,0.15
2025-10,9,TVW3,0.25,0.2839545444933193
2025-10,9,TVW3,0.5,0.3014470999274345
2025-10,9,TVW3,0.75,0.15000000000000005
2025-10,9,TVW3,0.9,0.11459835557924614
2025-11,1,TVW1,0.25,0.30152751325026184
2025-11,1,TVW1,0.5,0.4
2025-11,1,TVW1,0.75,0.29847248674973814
2025-11,1,TVW2,0.3333333333333333,0.3456652459782139
2025-11,1,TVW2,0.5,0.30000000000000004
2025-11,1,TVW2,0.6666666666666666,0.35433475402178605
2025-11,1,TVW3,0.1,0.07135339142726638
2025-11,1,TVW3,0.25,0.27265738175988474
2025-11,1,TVW3,0.5,0.30598922681284896
2025-11,1,TVW3,0.75,0.34999999999999987
2025-11,1,TVW3,0.9,4.3934019480165146e-17
2025-11,2,TVW1,0.25,0.3096052956950719
2025-11,2,TVW1,0.5,0.4
2025-11,2,TVW1,0.75,0.29039470430492814
2025-11,2,TVW2,0.3333333333333333,0.34912506301090335
2025-11,2,TVW2,0.5,0.3
2025-11,2,TVW2,0.6666666666666666,0.3508749369890968
2025-11,2,TVW3,0.1,0.1499999999999999
2025-11,2,TVW3,0.25,0.15177885016547613
2025-11,2,TVW3,0.5,0.348221149834524
2025-11,2,TVW3,0.75,0.35000000000000003
2025-11,2,TVW3,0.9,0.0
2025-11,3,TVW1,0.25,0.4
2025-11,3,TVW1,0.5,0.4
2025-11,3,TVW1,0.75,0.2
2025-11,3,TVW2,0.3333333333333333,0.3901722361546615
2025-11,3,TVW2,0.5,0.3000000000000001
2025-11,3,TVW2,0.6666666666666666,0.30982776384533844
2025-11,3,TVW3,0.1,0.13165532166966684
2025-11,3,TVW3,0.25,0.31830439197039384
2025-11,3,TVW3,0.5,0.3
2025-11,3,TVW3,0.75,0.15
2025-11,3,TVW3,0.9,0.1000402863599394
2025-11,4,TVW1,0.25,0.26584351047291405
2025-11,4,TVW1,0.5,0.4000000000000001
2025-11,4,TVW1,0.75,0.3341564895270859
2025-11,4,TVW2,0.3333333333333333,0.30000000000000004
2025-11,4,TVW2,0.5,0.3000000000000001
2025-11,4,TVW2,0.6666666666666666,0.3999999999999999
2025-11,4,TVW3,0.1,0.15000000000000002
2025-11,4,TVW3,0.25,0.19247244716915587
2025-11,4,TVW3,0.5,0.30000000000000004
2025-11,4,TVW3,0.75,0.2075275528308441
2025-11,4,TVW3,0.9,0.15000000000000002
2025-11,5,TVW1,0.25,0.31254383738093827
2025-11,5,TVW1,0.5,0.4
2025-11,5,TVW1,0.75,0.2874561626190618
2025-11,5,TVW2,0.3333333333333333,0.3999999999999998
2025-11,5,TVW2,0.5,0.29999999999999993
2025-11,5,TVW2,0.6666666666666666,0.30000000000000016
2025-11,5,TVW3,0.1,0.05000000000000006
2025-11,5,TVW3,0.25,0.34999999999999987
2025-11,5,TVW3,0.5,0.30000000000000004
2025-11,5,TVW3,0.75,0.15000000000000008
2025-11,5,TVW3,0.9,0.1499999999999999
2025-11,6,TVW1,0.25,0.2663675684286842
2025-11,6,TVW1,0.5,0.4
2025-11,6,TVW1,0.75,0.3336324315713158
2025-11,6,TVW2,0.3333333333333333,0.30000000000000004
2025-11,6,TVW2,0.5,0.3
2025-11,6,TVW2,0.6666666666666666,0.4
2025-11,6,TVW3,0.1,0.15
2025-11,6,TVW3,0.25,0.21895704473526012
2025-11,6,TVW3,0.5,0.30000000000000004
2025-11,6,TVW3,0.75,0.18104295526473993
2025-11,6,TVW3,0.9,0.14999999999999994
2025-11,7,TVW1,0.25,0.20000000000000004
2025-11,7,TVW1,0.5,0.577123616145632
2025-11,7,TVW1,0.75,0.2228763838543681
2025-11,7,TVW2,0.3333333333333333,0.38180750555137694
2025-11,7,TVW2,0.5,0.30000000000000004
2025-11,7,TVW2,0.6666666666666666,0.318192494448623
2025-11,7,TVW3,0.1,0.14999999999999983
2025-11,7,TVW3,0.25,0.17121398387912135
2025-11,7,TVW3,0.5,0.37878601612087875
2025-11,7,TVW3,0.75,0.1500000000000001
2025-11,7,TVW3,0.9,0.14999999999999988
2025-11,8,TVW1,0.25,0.20000000000000004
2025-11,8,TVW1,0.5,0.5999999999999999
2025-11,8,TVW1,0.75,0.2
2025-11,8,TVW2,0.3333333333333333,0.3
2025-11,8,TVW2,0.5,0.5
2025-11,8,TVW2,0.6666666666666666,0.2
2025-11,8,TVW3,0.1,0.12645218651041257
2025-11,8,TVW3,0.25,0.15
2025-11,8,TVW3,0.5,0.5
2025-11,8,TVW3,0.75,0.15
2025-11,8,TVW3,0.9,0.07354781348958747
2025-12,1,TVW1,0.25,0.3123915029042464
2025-12,1,TVW1,0.5,0.3999999999999999
2025-12,1,TVW1,0.75,0.28760849709575376
2025-12,1,TVW2,0.3333333333333333,0.4000000000000001
2025-12,1,TVW2,0.5,0.30000000000000004
2025-12,1,TVW2,0.6666666666666666,0.3
2025-12,1,TVW3,0.1,0.15000000000000002
2025-12,1,TVW3,0.25,0.1962994391744977
2025-12,1,TVW3,0.5,0.30000000000000004
2025-12,1,TVW3,0.75,0.35000000000000003
2025-12,1,TVW3,0.9,0.003700560825502166
2025-12,2,TVW1,0.25,0.33157704038898145
2025-12,2,TVW1,0.5,0.4
2025-12,2,TVW1,0.75,0.2684229596110186
2025-12,2,TVW2,0.3333333333333333,0.4
2025-12,2,TVW2,0.5,0.30000000000000004
2025-12,2,TVW2,0.6666666666666666,0.3
2025-12,2,TVW3,0.1,0.023862862239867548
2025-12,2,TVW3,0.25,0.34999999999999976
2025-12,2,TVW3,0.5,0.30000000000000004
2025-12,2,TVW3,0.75,0.3261371377601327
2025-12,2,TVW3,0.9,0.0
2025-12,3,TVW1,0.25,0.3999999999999999
2025-12,3,TVW1,0.5,0.4
2025-12,3,TVW1,0.75,0.2
2025-12,3,TVW2,0.3333333333333333,0.3999999999999999
2025-12,3,TVW2,0.5,0.30000000000000016
2025-12,3,TVW2,0.6666666666666666,0.30000000000000004
2025-12,3,TVW3,0.1,0.15
2025-12,3,TVW3,0.25,0.29745138072138433
2025-12,3,TVW3,0.5,0.3
2025-12,3,TVW3,0.75,0.15
2025-12,3,TVW3,0.9,0.10254861927861578
2025-12,4,TVW1,0.25,0.20000000000000004
2025-12,4,TVW1,0.5,0.5996543287711025
2025-12,4,TVW1,0.75,0.20034567122889752
2025-12,4,TVW2,0.3333333333333333,0.3456614665671576
2025-12,4,TVW2,0.5,0.30000000000000016
2025-12,4,TVW2,0.6666666666666666,0.35433853343284233
2025-12,4,TVW3,0.1,0.14999999999999988
2025-12,4,TVW3,0.25,0.17203838929686677
2025-12,4,TVW3,0.5,0.3779616107031332
2025-12,4,TVW3,0.75,0.15000000000000008
2025-12,4,TVW3,0.9,0.15
2025-12,5,TVW1,0.25,0.3498968214634894
2025-12,5,TVW1,0.5,0.4
2025-12,5,TVW1,0.75,0.25010317853651065
2025-12,5,TVW2,0.3333333333333333,0.4
2025-12,5,TVW2,0.5,0.3
2025-12,5,TVW2,0.6666666666666666,0.30000000000000016
2025-12,5,TVW3,0.1,0.1499999999999999
2025-12,5,TVW3,0.25,0.25000000000000017
2025-12,5,TVW3,0.5,0.3
2025-12,5,TVW3,0.75,0.15
2025-12,5,TVW3,0.9,0.14999999999999994
2025-12,6,TVW1,0.25,0.39585262263164983
2025-12,6,TVW1,0.5,0.4000000000000001
2025-12,6,TVW1,0.75,0.2041473773683501
2025-12,6,TVW2,0.3333333333333333,0.4
2025-12,6,TVW2,0.5,0.3
2025-12,6,TVW2,0.6666666666666666,0.3
2025-12,6,TVW3,0.1,0.06532365286830068
2025-12,6,TVW3,0.25,0.35
2025-12,6,TVW3,0.5,0.30000000000000004
2025-12,6,TVW3,0.75,0.2846763471316994
2025-12,6,TVW3,0.9,0.0
2025-12,7,TVW1,0.25,0.30337702223994417
2025-12,7,TVW1,0.5,0.49662297776005576
2025-12,7,TVW1,0.75,0.2
2025-12,7,TVW2,0.3333333333333333,0.4
2025-12,7,TVW2,0.5,0.36171201273908704
2025-12,7,TVW2,0.6666666666666666,0.23828798726091296
2025-12,7,TVW3,0.1,0.15
2025-12,7,TVW3,0.25,0.25
2025-12,7,TVW3,0.5,0.3
2025-12,7,TVW3,0.75,0.15
2025-12,7,TVW3,0.9,0.15
2026-01,1,TVW1,0.25,0.3162295038509688
2026-01,1,TVW1,0.5,0.4000000000000001
2026-01,1,TVW1,0.75,0.2837704961490312
2026-01,1,TVW2,0.3333333333333333,0.38296565286555523
2026-01,1,TVW2,0.5,0.30000000000000004
2026-01,1,TVW2,0.6666666666666666,0.3170343471344448
2026-01,1,TVW3,0.1,0.09706366460568451
2026-01,1,TVW3,0.25,0.25293633539431537
2026-01,1,TVW3,0.5,0.30000000000000004
2026-01,1,TVW3,0.75,0.35000000000000003
2026-01,1,TVW3,0.9,2.5881330315704355e-17
2026-01,2,TVW1,0.25,0.2871137674815238
2026-01,2,TVW1,0.5,0.4000000000000001
2026-01,2,TVW1,0.75,0.3128862325184761
2026-01,2,TVW2,0.3333333333333333,0.30000000000000004
2026-01,2,TVW2,0.5,0.3
2026-01,2,TVW2,0.6666666666666666,0.4
2026-01,2,TVW3,0.1,0.14999999999999997
2026-01,2,TVW3,0.25,0.17866413488954175
2026-01,2,TVW3,0.5,0.30000000000000004
2026-01,2,TVW3,0.75,0.34999999999999987
2026-01,2,TVW3,0.9,0.021335865110458395
2026-01,3,TVW1,0.25,0.3056949806553543
2026-01,3,TVW1,0.5,0.4
2026-01,3,TVW1,0.75,0.2943050193446457
2026-01,3,TVW2,0.3333333333333333,0.30000000000000004
2026-01,3,TVW2,0.5,0.3
2026-01,3,TVW2,0.6666666666666666,0.4
2026-01,3,TVW3,0.1,0.1499999999999999
2026-01,3,TVW3,0.25,0.25000000000000006
2026-01,3,TVW3,0.5,0.3
2026-01,3,TVW3,0.75,0.15000000000000002
2026-01,3,TVW3,0.9,0.15
2026-01,4,TVW1,0.25,0.2
2026-01,4,TVW1,0.5,0.4
2026-01,4,TVW1,0.75,0.4
2026-01,4,TVW2,0.3333333333333333,0.2803973170584808
2026-01,4,TVW2,0.5,0.3196026829415193
2026-01,4,TVW2,0.6666666666666666,0.39999999999999997
2026-01,4,TVW3,0.1,0.15
2026-01,4,TVW3,0.25,0.15
2026-01,4,TVW3,0.5,0.3
2026-01,4,TVW3,0.75,0.2500000000000001
2026-01,4,TVW3,0.9,0.15
2026-01,5,TVW1,0.25,0.2201545646740302
2026-01,5,TVW1,0.5,0.3999999999999999
2026-01,5,TVW1,0.75,0.37984543532596976
2026-01,5,TVW2,0.3333333333333333,0.30000000000000016
2026-01,5,TVW2,0.5,0.3
2026-01,5,TVW2,0.6666666666666666,0.39999999999999997
2026-01,5,TVW3,0.1,0.15000000000000002
2026-01,5,TVW3,0.25,0.17522306969287207
2026-01,5,TVW3,0.5,0.30000000000000004
2026-01,5,TVW3,0.75,0.22477693030712795
2026-01,5,TVW3,0.9,0.15000000000000002
2026-01,6,TVW1,0.25,0.23067052688856055
2026-01,6,TVW1,0.5,0.4000000000000003
2026-01,6,TVW1,0.75,0.36932947311143915
2026-01,6,TVW2,0.3333333333333333,0.2
2026-01,6,TVW2,0.5,0.39999999999999997
2026-01,6,TVW2,0.6666666666666666,0.4
2026-01,6,TVW3,0.1,0.15000000000000002
2026-01,6,TVW3,0.25,0.20240470362337598
2026-01,6,TVW3,0.5,0.30000000000000016
2026-01,6,TVW3,0.75,0.19759529637662387
2026-01,6,TVW3,0.9,0.15000000000000002
2026-02,1,TVW1,0.25,0.3452618731637471
2026-02,1,TVW1,0.5,0.4000000000000001
2026-02,1,TVW1,0.75,0.2547381268362528
2026-02,1,TVW2,0.3333333333333333,0.3999999999999999
2026-02,1,TVW2,0.5,0.29999999999999993
2026-02,1,TVW2,0.6666666666666666,0.30000000000000016
2026-02,1,TVW3,0.1,0.14999999999999994
2026-02,1,TVW3,0.25,0.20822995959642415
2026-02,1,TVW3,0.5,0.30000000000000004
2026-02,1,TVW3,0.75,0.3417700404035758
2026-02,1,TVW3,0.9,0.0
2026-02,2,TVW1,0.25,0.3414891203768907
2026-02,2,TVW1,0.5,0.40000000000000013
2026-02,2,TVW1,0.75,0.25851087962310926
2026-02,2,TVW2,0.3333333333333333,0.33623535537946336
2026-02,2,TVW2,0.5,0.30000000000000004
2026-02,2,TVW2,0.6666666666666666,0.36376464462053665
2026-02,2,TVW3,0.1,0.03756725625810419
2026-02,2,TVW3,0.25,0.35
2026-02,2,TVW3,0.5,0.3
2026-02,2,TVW3,0.75,0.3124327437418959
2026-02,2,TVW3,0.9,5.093214602617308e-18
2026-02,3,TVW1,0.25,0.36070520078787077
2026-02,3,TVW1,0.5,0.4
2026-02,3,TVW1,0.75,0.23929479921212937
2026-02,3,TVW2,0.3333333333333333,0.316132178824112
2026-02,3,TVW2,0.5,0.3
2026-02,3,TVW2,0.6666666666666666,0.3838678211758881
2026-02,3,TVW3,0.1,0.14999999999999997
2026-02,3,TVW3,0.25,0.20262474347415418
2026-02,3,TVW3,0.5,0.3000000000000001
2026-02,3,TVW3,0.75,0.3473752565258458
2026-02,3,TVW3,0.9,3.816958691572504e-17
2026-02,4,TVW1,0.25,0.2676682072438385
2026-02,4,TVW1,0.5,0.4
2026-02,4,TVW1,0.75,0.3323317927561615
2026-02,4,TVW2,0.3333333333333333,0.3
2026-02,4,TVW2,0.5,0.30000000000000004
2026-02,4,TVW2,0.6666666666666666,0.4
2026-02,4,TVW3,0.1,0.14999999999999997
2026-02,4,TVW3,0.25,0.21531660482981724
2026-02,4,TVW3,0.5,0.3000000000000001
2026-02,4,TVW3,0.75,0.18468339517018306
2026-02,4,TVW3,0.9,0.1499999999999996
2026-02,5,TVW1,0.25,0.2941596845411835
2026-02,5,TVW1,0.5,0.4000000000000002
2026-02,5,TVW1,0.75,0.30584031545881635
2026-02,5,TVW2,0.3333333333333333,0.3000000000000001
2026-02,5,TVW2,0.5,0.3
2026-02,5,TVW2,0.6666666666666666,0.4
2026-02,5,TVW3,0.1,0.15000000000000002
2026-02,5,TVW3,0.25,0.24619498520037458
2026-02,5,TVW3,0.5,0.30000000000000004
2026-02,5,TVW3,0.75,0.15380501479962533
2026-02,5,TVW3,0.9,0.15000000000000002
2026-03,1,TVW1,0.25,0.2658530354944116
2026-03,1,TVW1,0.5,0.4000000000000001
2026-03,1,TVW1,0.75,0.3341469645055883
2026-03,1,TVW2,0.3333333333333333,0.3489413087961071
2026-03,1,TVW2,0.5,0.29999999999999993
2026-03,1,TVW2,0.6666666666666666,0.35105869120389305
2026-03,1,TVW3,0.1,4.900781317402112e-17
2026-03,1,TVW3,0.25,0.33870057685301674
2026-03,1,TVW3,0.5,0.3
2026-03,1,TVW3,0.75,0.30762556142284553
2026-03,1,TVW3,0.9,0.053673861724137704
2026-03,2,TVW1,0.25,0.2099745230091262
2026-03,2,TVW1,0.5,0.4
2026-03,2,TVW1,0.75,0.39002547699087387
2026-03,2,TVW2,0.3333333333333333,0.20000000000000004
2026-03,2,TVW2,0.5,0.3999999999999999
2026-03,2,TVW2,0.6666666666666666,0.4000000000000001
2026-03,2,TVW3,0.1,1.4265210488448668e-16
2026-03,2,TVW3,0.25,0.21052110015112518
2026-03,2,TVW3,0.5,0.43947889984887467
2026-03,2,TVW3,0.75,0.34999999999999987
2026-03,2,TVW3,0.9,1.635757689574006e-16
2026-03,3,TVW1,0.25,0.2
2026-03,3,TVW1,0.5,0.4
2026-03,3,TVW1,0.75,0.4
2026-03,3,TVW2,0.3333333333333333,0.19999999999999996
2026-03,3,TVW2,0.5,0.4000000000000002
2026-03,3,TVW2,0.6666666666666666,0.39999999999999986
2026-03,3,TVW3,0.1,0.15
2026-03,3,TVW3,0.25,0.15
2026-03,3,TVW3,0.5,0.3
2026-03,3,TVW3,0.75,0.2500000000000001
2026-03,3,TVW3,0.9,0.15
2026-03,4,TVW1,0.25,0.2
2026-03,4,TVW1,0.5,0.4
2026-03,4,TVW1,0.75,0.4
2026-03,4,TVW2,0.3333333333333333,0.2
2026-03,4,TVW2,0.5,0.4000000000000001
2026-03,4,TVW2,0.6666666666666666,0.4
2026-03,4,TVW3,0.1,0.1443717462965322
2026-03,4,TVW3,0.25,0.15
2026-03,4,TVW3,0.5,0.3
2026-03,4,TVW3,0.75,0.25562825370346803
2026-03,4,TVW3,0.9,0.15
2026-04,1,TVW1,0.25,0.236933931745128
2026-04,1,TVW1,0.5,0.40000000000000013
2026-04,1,TVW1,0.75,0.36306606825487187
2026-04,1,TVW2,0.3333333333333333,0.30000000000000004
2026-04,1,TVW2,0.5,0.3
2026-04,1,TVW2,0.6666666666666666,0.4
2026-04,1,TVW3,0.1,0.0
2026-04,1,TVW3,0.25,0.35
2026-04,1,TVW3,0.5,0.31425756382556186
2026-04,1,TVW3,0.75,0.1857424361744382
2026-04,1,TVW3,0.9,0.15
2026-04,2,TVW1,0.25,0.2
2026-04,2,TVW1,0.5,0.4
2026-04,2,TVW1,0.75,0.4
2026-04,2,TVW2,0.3333333333333333,0.20000000000000007
2026-04,2,TVW2,0.5,0.3999999999999999
2026-04,2,TVW2,0.6666666666666666,0.4000000000000001
2026-04,2,TVW3,0.1,0.0
2026-04,2,TVW3,0.25,0.15
2026-04,2,TVW3,0.5,0.4911848743114861
2026-04,2,TVW3,0.75,0.35
2026-04,2,TVW3,0.9,0.00881512568851393
2026-04,3,TVW1,0.25,0.20000000000000004
2026-04,3,TVW1,0.5,0.4
2026-04,3,TVW1,0.75,0.4
2026-04,3,TVW2,0.3333333333333333,0.20000000000000004
2026-04,3,TVW2,0.5,0.39999999999999997
2026-04,3,TVW2,0.6666666666666666,0.39999999999999997
2026-04,3,TVW3,0.1,0.11470842523470308
2026-04,3,TVW3,0.25,0.15
2026-04,3,TVW3,0.5,0.3
2026-04,3,TVW3,0.75,0.285291574765297
2026-04,3,TVW3,0.9,0.15
2026-05,1,TVW1,0.25,0.2768893815419776
2026-05,1,TVW1,0.5,0.4
2026-05,1,TVW1,0.75,0.3231106184580224
2026-05,1,TVW2,0.3333333333333333,0.3252666309948144
2026-05,1,TVW2,0.5,0.29999999999999993
2026-05,1,TVW2,0.6666666666666666,0.3747333690051856
2026-05,1,TVW3,0.1,3.991427951022152e-17
2026-05,1,TVW3,0.25,0.3435511544802917
2026-05,1,TVW3,0.5,0.3
2026-05,1,TVW3,0.75,0.35
2026-05,1,TVW3,0.9,0.006448845519708306
2026-05,2,TVW1,0.25,0.2
2026-05,2,TVW1,0.5,0.4
2026-05,2,TVW1,0.75,0.4
2026-05,2,TVW2,0.3333333333333333,0.2
2026-05,2,TVW2,0.5,0.39999999999999997
2026-05,2,TVW2,0.6666666666666666,0.39999999999999997
2026-05,2,TVW3,0.1,0.0
2026-05,2,TVW3,0.25,0.1500000000000001
2026-05,2,TVW3,0.5,0.5
2026-05,2,TVW3,0.75,0.3499999999999999
2026-05,2,TVW3,0.9,0.0
2026-06,1,TVW1,0.25,0.3895234377355448
2026-06,1,TVW1,0.5,0.4000000000000001
2026-06,1,TVW1,0.75,0.21047656226445507
2026-06,1,TVW2,0.3333333333333333,0.4
2026-06,1,TVW2,0.5,0.3723258861893152
2026-06,1,TVW2,0.6666666666666666,0.2276741138106848
2026-06,1,TVW3,0.1,0.14999999999999997
2026-06,1,TVW3,0.25,0.2839105447136733
2026-06,1,TVW3,0.5,0.29999999999999993
2026-06,1,TVW3,0.75,0.18640851801822095
2026-06,1,TVW3,0.9,0.07968093726810577
