,EURCZK Curncy
,PX_LAST
observation_date,
1999-01-04,35.105
1999-01-05,34.91
1999-01-06,34.832
1999-01-07,34.927
1999-01-08,34.97
1999-01-11,35.226
1999-01-12,35.444
1999-01-13,35.823
1999-01-14,35.819
1999-01-15,35.583
1999-01-18,35.568
1999-01-19,35.773
1999-01-20,36.061
1999-01-21,36.248
1999-01-22,36.27
1999-01-25,36.295
1999-01-26,36.576
1999-01-27,36.518
1999-01-28,36.567
1999-01-29,36.869
1999-02-01,37.25
1999-02-02,37.377
1999-02-03,37.163
1999-02-04,37.283
1999-02-05,37.356
1999-02-08,38.118
1999-02-09,38.158
1999-02-10,37.831
1999-02-11,37.733
1999-02-12,37.873
1999-02-15,38.185
1999-02-16,38.113
1999-02-17,38.044
1999-02-18,37.708
1999-02-19,37.834
1999-02-22,37.838
1999-02-23,37.81
1999-02-24,37.969
1999-02-25,37.938
1999-02-26,37.744
1999-03-01,37.451
1999-03-02,37.616
1999-03-03,37.542
1999-03-04,37.323
1999-03-05,37.485
1999-03-08,37.693
1999-03-09,37.993
1999-03-10,37.855
1999-03-11,38.034
1999-03-12,37.88
1999-03-15,37.9
1999-03-16,37.973
1999-03-17,37.937
1999-03-18,37.988
1999-03-19,38.051
1999-03-22,38.401
1999-03-23,38.378
1999-03-24,38.57
1999-03-25,38.393
1999-03-26,38.537
1999-03-29,38.524
1999-03-30,38.368
1999-03-31,38.487
1999-04-01,38.45
1999-04-02,38.442
1999-04-05,38.467
1999-04-06,38.288
1999-04-07,38.195
1999-04-08,38.116
1999-04-09,38.051
1999-04-12,37.993
1999-04-13,38.077
1999-04-14,37.847
1999-04-15,37.769
1999-04-16,38.001
1999-04-19,37.79
1999-04-20,37.766
1999-04-21,37.797
1999-04-22,38.011
1999-04-23,37.773
1999-04-26,37.747
1999-04-27,37.701
1999-04-28,37.764
1999-04-29,37.743
1999-04-30,37.654
1999-05-03,37.529
1999-05-04,37.508
1999-05-05,37.637
1999-05-06,37.593
1999-05-07,37.64
1999-05-10,37.646
1999-05-11,37.547
1999-05-12,37.618
1999-05-13,37.687
1999-05-14,37.69
1999-05-17,37.658
1999-05-18,37.686
1999-05-19,37.752
1999-05-20,37.859
1999-05-21,37.855
1999-05-24,37.886
1999-05-25,38.033
1999-05-26,37.696
1999-05-27,37.797
1999-05-28,37.639
1999-05-31,37.586
1999-06-01,37.552
1999-06-02,37.557
1999-06-03,37.476
1999-06-04,37.721
1999-06-07,37.441
1999-06-08,37.315
1999-06-09,37.293
1999-06-10,37.314
1999-06-11,37.204
1999-06-14,37.046
1999-06-15,37.031
1999-06-16,37.066
1999-06-17,37.066
1999-06-18,36.932
1999-06-21,36.842
1999-06-22,36.818
1999-06-23,36.991
1999-06-24,37.024
1999-06-25,36.901
1999-06-28,36.624
1999-06-29,36.619
1999-06-30,36.363
1999-07-01,36.224
1999-07-02,36.192
1999-07-05,36.159
1999-07-06,36.164
1999-07-07,36.249
1999-07-08,36.261
1999-07-09,36.352
1999-07-12,36.412
1999-07-13,36.536
1999-07-14,36.789
1999-07-15,36.738
1999-07-16,36.765
1999-07-19,36.651
1999-07-20,36.58
1999-07-21,36.67
1999-07-22,36.634
1999-07-23,36.58
1999-07-26,36.66
1999-07-27,36.729
1999-07-28,36.752
1999-07-29,36.68
1999-07-30,36.655
1999-08-02,36.578
1999-08-03,36.612
1999-08-04,36.301
1999-08-05,36.474
1999-08-06,36.402
1999-08-09,36.386
1999-08-10,36.363
1999-08-11,36.484
1999-08-12,36.414
1999-08-13,36.313
1999-08-16,36.222
1999-08-17,36.177
1999-08-18,36.236
1999-08-19,36.416
1999-08-20,36.443
1999-08-23,36.359
1999-08-24,36.463
1999-08-25,36.431
1999-08-26,36.601
1999-08-27,36.643
1999-08-30,36.663
1999-08-31,36.66
1999-09-01,36.607
1999-09-02,36.737
1999-09-03,36.554
1999-09-06,36.503
1999-09-07,36.628
1999-09-08,36.723
1999-09-09,36.55
1999-09-10,36.57
1999-09-13,36.505
1999-09-14,36.142
1999-09-15,36.398
1999-09-16,36.271
1999-09-17,36.336
1999-09-20,36.339
1999-09-21,36.317
1999-09-22,36.124
1999-09-23,36.034
1999-09-24,35.911
1999-09-27,35.723
1999-09-28,35.684
1999-09-29,35.785
1999-09-30,35.768
1999-10-01,35.685
1999-10-04,36.566
1999-10-05,36.591
1999-10-06,36.3
1999-10-07,36.794
1999-10-08,36.622
1999-10-11,36.598
1999-10-12,36.717
1999-10-13,37.112
1999-10-14,36.86
1999-10-15,37.0
1999-10-18,36.907
1999-10-19,36.921
1999-10-20,36.719
1999-10-21,36.716
1999-10-22,36.725
1999-10-25,36.7
1999-10-26,36.657
1999-10-27,36.611
1999-10-28,36.612
1999-10-29,36.67
1999-11-01,36.628
1999-11-02,36.691
1999-11-03,36.731
1999-11-04,36.695
1999-11-05,36.645
1999-11-08,36.472
1999-11-09,36.484
1999-11-10,36.496
1999-11-11,36.446
1999-11-12,36.41
1999-11-15,36.328
1999-11-16,36.349
1999-11-17,36.323
1999-11-18,36.313
1999-11-19,36.256
1999-11-22,36.211
1999-11-23,36.196
1999-11-24,36.0
1999-11-25,35.964
1999-11-26,36.084
1999-11-29,36.092
1999-11-30,36.113
1999-12-01,36.099
1999-12-02,36.035
1999-12-03,36.07
1999-12-06,36.187
1999-12-07,36.128
1999-12-08,36.114
1999-12-09,36.029
1999-12-10,35.808
1999-12-13,35.909
1999-12-14,35.875
1999-12-15,35.767
1999-12-16,35.743
1999-12-17,35.977
1999-12-20,36.048
1999-12-21,36.113
1999-12-22,36.172
1999-12-23,36.111
1999-12-24,36.138
1999-12-27,36.162
1999-12-28,36.129
1999-12-29,36.102
1999-12-30,36.086
1999-12-31,36.034
2000-01-03,36.041
2000-01-04,36.328
2000-01-05,36.236
2000-01-06,36.235
2000-01-07,36.04
2000-01-10,36.023
2000-01-11,35.932
2000-01-12,36.02
2000-01-13,36.107
2000-01-14,36.019
2000-01-17,36.121
2000-01-18,36.023
2000-01-19,36.067
2000-01-20,36.148
2000-01-21,36.053
2000-01-24,35.904
2000-01-25,35.851
2000-01-26,35.782
2000-01-27,35.726
2000-01-28,35.722
2000-01-31,35.902
2000-02-01,35.856
2000-02-02,35.822
2000-02-03,35.849
2000-02-04,35.731
2000-02-07,35.714
2000-02-08,35.651
2000-02-09,35.75
2000-02-10,35.668
2000-02-11,35.737
2000-02-14,35.626
2000-02-15,35.64
2000-02-16,35.745
2000-02-17,35.703
2000-02-18,35.721
2000-02-21,35.699
2000-02-22,35.723
2000-02-23,35.682
2000-02-24,35.605
2000-02-25,35.507
2000-02-28,35.417
2000-02-29,35.605
2000-03-01,35.647
2000-03-02,35.679
2000-03-03,35.599
2000-03-06,35.495
2000-03-07,35.515
2000-03-08,35.704
2000-03-09,35.532
2000-03-10,35.558
2000-03-13,35.553
2000-03-14,35.722
2000-03-15,35.541
2000-03-16,35.527
2000-03-17,35.557
2000-03-20,35.589
2000-03-21,35.52
2000-03-22,35.576
2000-03-23,35.677
2000-03-24,35.901
2000-03-27,35.637
2000-03-28,35.644
2000-03-29,35.493
2000-03-30,36.223
2000-03-31,36.141
2000-04-03,36.118
2000-04-04,36.245
2000-04-05,36.327
2000-04-06,36.255
2000-04-07,36.23
2000-04-10,36.249
2000-04-11,36.402
2000-04-12,36.642
2000-04-13,36.457
2000-04-14,36.654
2000-04-17,36.485
2000-04-18,36.306
2000-04-19,36.369
2000-04-20,36.324
2000-04-21,36.326
2000-04-24,36.199
2000-04-25,36.262
2000-04-26,36.292
2000-04-27,36.249
2000-04-28,36.351
2000-05-01,36.432
2000-05-02,36.403
2000-05-03,36.512
2000-05-04,36.466
2000-05-05,36.619
2000-05-08,36.959
2000-05-09,37.087
2000-05-10,37.073
2000-05-11,36.875
2000-05-12,36.914
2000-05-15,36.963
2000-05-16,36.452
2000-05-17,36.695
2000-05-18,36.631
2000-05-19,36.714
2000-05-22,36.361
2000-05-23,36.442
2000-05-24,36.254
2000-05-25,36.34
2000-05-26,36.28
2000-05-29,36.119
2000-05-30,36.268
2000-05-31,36.232
2000-06-01,36.089
2000-06-02,36.037
2000-06-05,36.022
2000-06-06,36.039
2000-06-07,36.156
2000-06-08,36.089
2000-06-09,35.992
2000-06-12,35.964
2000-06-13,35.983
2000-06-14,36.009
2000-06-15,36.164
2000-06-16,36.135
2000-06-19,35.991
2000-06-20,36.001
2000-06-21,35.894
2000-06-22,35.956
2000-06-23,35.952
2000-06-26,35.841
2000-06-27,35.835
2000-06-28,35.743
2000-06-29,35.643
2000-06-30,35.592
2000-07-03,35.709
2000-07-04,35.722
2000-07-05,35.685
2000-07-06,35.727
2000-07-07,35.652
2000-07-10,35.593
2000-07-11,35.557
2000-07-12,35.547
2000-07-13,35.606
2000-07-14,35.481
2000-07-17,35.584
2000-07-18,35.619
2000-07-19,35.673
2000-07-20,35.76
2000-07-21,35.588
2000-07-24,35.58
2000-07-25,35.619
2000-07-26,35.625
2000-07-27,35.586
2000-07-28,35.525
2000-07-31,35.413
2000-08-01,35.297
2000-08-02,35.323
2000-08-03,35.41
2000-08-04,35.356
2000-08-07,35.276
2000-08-08,35.317
2000-08-09,35.387
2000-08-10,35.326
2000-08-11,35.168
2000-08-14,35.273
2000-08-15,35.381
2000-08-16,35.363
2000-08-17,35.46
2000-08-18,35.444
2000-08-21,35.445
2000-08-22,35.404
2000-08-23,35.304
2000-08-24,35.34
2000-08-25,35.351
2000-08-28,35.338
2000-08-29,35.314
2000-08-30,35.388
2000-08-31,35.288
2000-09-01,35.349
2000-09-04,35.349
2000-09-05,35.325
2000-09-06,35.298
2000-09-07,35.296
2000-09-08,35.254
2000-09-11,35.196
2000-09-12,35.472
2000-09-13,35.487
2000-09-14,35.407
2000-09-15,35.485
2000-09-18,35.475
2000-09-19,35.482
2000-09-20,35.442
2000-09-21,35.58
2000-09-22,35.646
2000-09-25,35.517
2000-09-26,35.448
2000-09-27,35.437
2000-09-28,35.317
2000-09-29,35.637
2000-10-02,35.64
2000-10-03,35.739
2000-10-04,35.694
2000-10-05,35.605
2000-10-06,35.697
2000-10-09,35.497
2000-10-10,35.429
2000-10-11,35.411
2000-10-12,35.361
2000-10-13,35.392
2000-10-16,35.355
2000-10-17,35.355
2000-10-18,35.54
2000-10-19,34.779
2000-10-20,34.7
2000-10-23,34.88
2000-10-24,34.924
2000-10-25,34.783
2000-10-26,34.958
2000-10-27,34.823
2000-10-30,34.86
2000-10-31,34.865
2000-11-01,34.799
2000-11-02,34.669
2000-11-03,34.807
2000-11-06,34.655
2000-11-07,34.695
2000-11-08,34.759
2000-11-09,34.67
2000-11-10,34.754
2000-11-13,34.612
2000-11-14,34.61
2000-11-15,34.55
2000-11-16,34.639
2000-11-17,34.649
2000-11-20,34.771
2000-11-21,34.585
2000-11-22,34.348
2000-11-23,34.302
2000-11-24,34.214
2000-11-27,34.752
2000-11-28,34.433
2000-11-29,34.619
2000-11-30,34.632
2000-12-01,34.655
2000-12-04,34.944
2000-12-05,34.79
2000-12-06,34.954
2000-12-07,34.95
2000-12-08,34.941
2000-12-11,34.764
2000-12-12,34.792
2000-12-13,34.755
2000-12-14,34.954
2000-12-15,34.63
2000-12-18,34.72
2000-12-19,34.746
2000-12-20,34.715
2000-12-21,34.969
2000-12-22,34.887
2000-12-25,34.893
2000-12-26,34.912
2000-12-27,35.0
2000-12-28,35.16
2000-12-29,35.058
2001-01-01,35.172
2001-01-02,35.244
2001-01-03,35.144
2001-01-04,35.245
2001-01-05,35.271
2001-01-08,35.02
2001-01-09,34.925
2001-01-10,34.67
2001-01-11,35.286
2001-01-12,35.294
2001-01-15,35.304
2001-01-16,35.461
2001-01-17,35.557
2001-01-18,35.11
2001-01-19,35.255
2001-01-22,35.181
2001-01-23,35.177
2001-01-24,34.969
2001-01-25,34.876
2001-01-26,34.843
2001-01-29,34.638
2001-01-30,34.736
2001-01-31,34.685
2001-02-01,34.768
2001-02-02,34.822
2001-02-05,34.778
2001-02-06,34.727
2001-02-07,34.645
2001-02-08,34.519
2001-02-09,34.65
2001-02-12,34.615
2001-02-13,34.561
2001-02-14,34.546
2001-02-15,34.477
2001-02-16,34.537
2001-02-19,34.648
2001-02-20,34.576
2001-02-21,34.697
2001-02-22,34.679
2001-02-23,34.66
2001-02-26,34.571
2001-02-27,34.636
2001-02-28,34.699
2001-03-01,34.743
2001-03-02,34.856
2001-03-05,34.849
2001-03-06,34.782
2001-03-07,34.784
2001-03-08,34.702
2001-03-09,34.653
2001-03-12,34.637
2001-03-13,34.65
2001-03-14,34.569
2001-03-15,34.443
2001-03-16,34.603
2001-03-19,34.598
2001-03-20,34.57
2001-03-21,34.563
2001-03-22,34.434
2001-03-23,34.479
2001-03-26,34.165
2001-03-27,34.381
2001-03-28,34.311
2001-03-29,34.473
2001-03-30,34.668
2001-04-02,34.659
2001-04-03,34.639
2001-04-04,34.669
2001-04-05,34.678
2001-04-06,34.576
2001-04-09,34.59
2001-04-10,34.789
2001-04-11,34.562
2001-04-12,34.501
2001-04-13,34.418
2001-04-16,34.48
2001-04-17,34.511
2001-04-18,34.341
2001-04-19,34.517
2001-04-20,34.456
2001-04-23,34.289
2001-04-24,34.476
2001-04-25,34.628
2001-04-26,34.627
2001-04-27,34.634
2001-04-30,34.552
2001-05-01,34.542
2001-05-02,34.698
2001-05-03,34.641
2001-05-04,34.65
2001-05-07,34.633
2001-05-08,34.489
2001-05-09,34.431
2001-05-10,34.396
2001-05-11,34.381
2001-05-14,34.381
2001-05-15,34.405
2001-05-16,34.326
2001-05-17,34.331
2001-05-18,34.384
2001-05-21,34.329
2001-05-22,34.286
2001-05-23,34.276
2001-05-24,34.327
2001-05-25,34.412
2001-05-28,34.307
2001-05-29,34.189
2001-05-30,34.14
2001-05-31,34.13
2001-06-01,34.095
2001-06-04,33.982
2001-06-05,34.029
2001-06-06,34.057
2001-06-07,34.071
2001-06-08,34.103
2001-06-11,33.89
2001-06-12,33.961
2001-06-13,34.015
2001-06-14,33.937
2001-06-15,33.95
2001-06-18,33.949
2001-06-19,33.948
2001-06-20,34.096
2001-06-21,34.099
2001-06-22,33.904
2001-06-25,33.895
2001-06-26,33.883
2001-06-27,33.763
2001-06-28,33.778
2001-06-29,33.873
2001-07-02,33.787
2001-07-03,33.784
2001-07-04,33.746
2001-07-05,33.74
2001-07-06,34.17
2001-07-09,33.946
2001-07-10,33.889
2001-07-11,33.956
2001-07-12,33.821
2001-07-13,33.826
2001-07-16,33.741
2001-07-17,33.783
2001-07-18,33.882
2001-07-19,33.903
2001-07-20,33.898
2001-07-23,33.788
2001-07-24,33.883
2001-07-25,33.885
2001-07-26,33.893
2001-07-27,33.875
2001-07-30,33.871
2001-07-31,33.98
2001-08-01,33.967
2001-08-02,33.983
2001-08-03,33.907
2001-08-06,33.923
2001-08-07,33.841
2001-08-08,33.801
2001-08-09,33.895
2001-08-10,33.902
2001-08-13,33.896
2001-08-14,33.829
2001-08-15,33.872
2001-08-16,33.926
2001-08-17,34.033
2001-08-20,34.062
2001-08-21,34.136
2001-08-22,34.336
2001-08-23,34.278
2001-08-24,34.239
2001-08-27,34.179
2001-08-28,34.224
2001-08-29,34.243
2001-08-30,34.247
2001-08-31,34.347
2001-09-03,34.217
2001-09-04,34.102
2001-09-05,34.156
2001-09-06,34.132
2001-09-07,34.178
2001-09-10,34.111
2001-09-11,34.266
2001-09-12,34.173
2001-09-13,34.082
2001-09-14,34.053
2001-09-17,34.366
2001-09-18,34.322
2001-09-19,34.155
2001-09-20,34.285
2001-09-21,34.218
2001-09-24,34.26
2001-09-25,34.266
2001-09-26,33.945
2001-09-27,33.939
2001-09-28,33.941
2001-10-01,33.784
2001-10-02,33.578
2001-10-03,33.783
2001-10-04,33.767
2001-10-05,33.644
2001-10-08,33.717
2001-10-09,33.638
2001-10-10,33.62
2001-10-11,33.578
2001-10-12,33.538
2001-10-15,33.46
2001-10-16,33.481
2001-10-17,33.492
2001-10-18,33.423
2001-10-19,33.494
2001-10-22,33.319
2001-10-23,33.236
2001-10-24,33.319
2001-10-25,33.668
2001-10-26,33.668
2001-10-29,33.914
2001-10-30,33.648
2001-10-31,33.598
2001-11-01,33.565
2001-11-02,33.513
2001-11-05,33.472
2001-11-06,33.442
2001-11-07,33.433
2001-11-08,33.377
2001-11-09,33.338
2001-11-12,33.288
2001-11-13,33.257
2001-11-14,33.239
2001-11-15,33.22
2001-11-16,33.262
2001-11-19,33.098
2001-11-20,33.179
2001-11-21,33.252
2001-11-22,33.155
2001-11-23,33.17
2001-11-26,33.082
2001-11-27,33.15
2001-11-28,33.299
2001-11-29,33.116
2001-11-30,33.116
2001-12-03,33.131
2001-12-04,32.969
2001-12-05,32.982
2001-12-06,32.992
2001-12-07,32.992
2001-12-10,32.933
2001-12-11,32.794
2001-12-12,32.802
2001-12-13,32.611
2001-12-14,32.585
2001-12-17,31.935
2001-12-18,31.679
2001-12-19,32.017
2001-12-20,32.412
2001-12-21,32.118
2001-12-24,31.987
2001-12-25,32.11
2001-12-26,32.1
2001-12-27,32.158
2001-12-28,31.758
2001-12-31,31.715
2002-01-01,31.712
2002-01-02,31.735
2002-01-03,31.852
2002-01-04,31.923
2002-01-07,32.049
2002-01-08,32.268
2002-01-09,32.29
2002-01-10,32.151
2002-01-11,32.215
2002-01-14,32.186
2002-01-15,32.225
2002-01-16,32.275
2002-01-17,31.843
2002-01-18,31.905
2002-01-21,32.198
2002-01-22,32.143
2002-01-23,32.122
2002-01-24,32.002
2002-01-25,31.776
2002-01-28,31.772
2002-01-29,31.802
2002-01-30,31.94
2002-01-31,31.774
2002-02-01,31.897
2002-02-04,31.865
2002-02-05,31.936
2002-02-06,31.92
2002-02-07,31.799
2002-02-08,31.787
2002-02-11,31.739
2002-02-12,31.778
2002-02-13,31.716
2002-02-14,31.684
2002-02-15,31.874
2002-02-18,31.889
2002-02-19,31.957
2002-02-20,31.871
2002-02-21,31.763
2002-02-22,31.642
2002-02-25,31.742
2002-02-26,31.745
2002-02-27,31.744
2002-02-28,31.589
2002-03-01,31.49
2002-03-04,31.499
2002-03-05,31.614
2002-03-06,31.511
2002-03-07,31.589
2002-03-08,31.613
2002-03-11,31.573
2002-03-12,31.502
2002-03-13,31.591
2002-03-14,31.562
2002-03-15,31.494
2002-03-18,31.429
2002-03-19,31.464
2002-03-20,31.339
2002-03-21,31.119
2002-03-22,31.13
2002-03-25,31.061
2002-03-26,31.045
2002-03-27,31.145
2002-03-28,30.896
2002-03-29,30.905
2002-04-01,30.873
2002-04-02,30.571
2002-04-03,30.389
2002-04-04,30.67
2002-04-05,30.757
2002-04-08,30.698
2002-04-09,30.237
2002-04-10,30.275
2002-04-11,30.028
2002-04-12,29.998
2002-04-15,30.188
2002-04-16,30.236
2002-04-17,30.305
2002-04-18,30.225
2002-04-19,30.1
2002-04-22,30.176
2002-04-23,30.093
2002-04-24,30.289
2002-04-25,30.367
2002-04-26,30.384
2002-04-29,30.621
2002-04-30,30.514
2002-05-01,30.683
2002-05-02,30.672
2002-05-03,30.482
2002-05-06,30.506
2002-05-07,30.5
2002-05-08,30.445
2002-05-09,30.557
2002-05-10,30.582
2002-05-13,30.548
2002-05-14,30.557
2002-05-15,30.4
2002-05-16,30.377
2002-05-17,30.606
2002-05-20,30.644
2002-05-21,30.677
2002-05-22,30.766
2002-05-23,30.668
2002-05-24,30.473
2002-05-27,30.518
2002-05-28,30.531
2002-05-29,30.53
2002-05-30,30.334
2002-05-31,30.411
2002-06-03,30.412
2002-06-04,30.364
2002-06-05,30.479
2002-06-06,30.593
2002-06-07,30.625
2002-06-10,30.594
2002-06-11,30.449
2002-06-12,30.422
2002-06-13,30.493
2002-06-14,30.417
2002-06-17,30.43
2002-06-18,30.471
2002-06-19,30.462
2002-06-20,30.386
2002-06-21,30.283
2002-06-24,30.178
2002-06-25,29.878
2002-06-26,29.895
2002-06-27,29.417
2002-06-28,29.416
2002-07-01,29.369
2002-07-02,29.539
2002-07-03,29.424
2002-07-04,29.322
2002-07-05,29.455
2002-07-08,29.277
2002-07-09,29.106
2002-07-10,28.925
2002-07-11,29.279
2002-07-12,29.337
2002-07-15,29.312
2002-07-16,29.518
2002-07-17,29.805
2002-07-18,29.711
2002-07-19,30.063
2002-07-22,30.346
2002-07-23,30.216
2002-07-24,30.192
2002-07-25,30.572
2002-07-26,30.534
2002-07-29,30.428
2002-07-30,30.259
2002-07-31,30.327
2002-08-01,30.337
2002-08-02,30.45
2002-08-05,30.405
2002-08-06,30.278
2002-08-07,30.945
2002-08-08,30.738
2002-08-09,31.063
2002-08-12,31.015
2002-08-13,31.271
2002-08-14,31.244
2002-08-15,31.277
2002-08-16,31.236
2002-08-19,30.983
2002-08-20,30.743
2002-08-21,30.968
2002-08-22,30.755
2002-08-23,30.826
2002-08-26,30.616
2002-08-27,30.642
2002-08-28,30.645
2002-08-29,30.441
2002-08-30,30.409
2002-09-02,30.195
2002-09-03,30.437
2002-09-04,30.399
2002-09-05,30.31
2002-09-06,30.174
2002-09-09,29.968
2002-09-10,29.841
2002-09-11,29.793
2002-09-12,29.863
2002-09-13,30.152
2002-09-16,30.389
2002-09-17,30.31
2002-09-18,30.244
2002-09-19,30.114
2002-09-20,30.203
2002-09-23,30.393
2002-09-24,30.346
2002-09-25,30.328
2002-09-26,30.175
2002-09-27,30.271
2002-09-30,30.323
2002-10-01,30.37
2002-10-02,30.348
2002-10-03,30.391
2002-10-04,30.278
2002-10-07,30.289
2002-10-08,30.353
2002-10-09,30.587
2002-10-10,30.623
2002-10-11,30.742
2002-10-14,30.723
2002-10-15,30.794
2002-10-16,30.975
2002-10-17,30.767
2002-10-18,30.551
2002-10-21,30.542
2002-10-22,30.584
2002-10-23,30.828
2002-10-24,31.05
2002-10-25,30.88
2002-10-28,30.907
2002-10-29,30.944
2002-10-30,30.858
2002-10-31,30.764
2002-11-01,30.751
2002-11-04,30.732
2002-11-05,30.88
2002-11-06,30.848
2002-11-07,30.888
2002-11-08,30.833
2002-11-11,30.747
2002-11-12,30.671
2002-11-13,30.692
2002-11-14,30.627
2002-11-15,30.618
2002-11-18,30.594
2002-11-19,30.538
2002-11-20,30.65
2002-11-21,30.636
2002-11-22,30.641
2002-11-25,30.804
2002-11-26,30.818
2002-11-27,30.833
2002-11-28,30.915
2002-11-29,30.831
2002-12-02,30.906
2002-12-03,30.948
2002-12-04,31.042
2002-12-05,30.881
2002-12-06,31.048
2002-12-09,31.1
2002-12-10,31.069
2002-12-11,31.049
2002-12-12,31.209
2002-12-13,31.243
2002-12-16,31.226
2002-12-17,31.312
2002-12-18,31.234
2002-12-19,31.279
2002-12-20,31.251
2002-12-23,31.389
2002-12-24,31.253
2002-12-25,31.288
2002-12-26,31.306
2002-12-27,31.392
2002-12-30,31.507
2002-12-31,31.542
2003-01-01,31.589
2003-01-02,31.356
2003-01-03,31.39
2003-01-06,31.319
2003-01-07,31.311
2003-01-08,31.471
2003-01-09,31.502
2003-01-10,31.762
2003-01-13,31.78
2003-01-14,31.712
2003-01-15,31.896
2003-01-16,31.481
2003-01-17,31.458
2003-01-20,31.322
2003-01-21,31.154
2003-01-22,31.788
2003-01-23,31.432
2003-01-24,31.401
2003-01-27,31.344
2003-01-28,31.319
2003-01-29,31.357
2003-01-30,31.696
2003-01-31,31.496
2003-02-03,31.628
2003-02-04,31.662
2003-02-05,31.706
2003-02-06,31.688
2003-02-07,31.725
2003-02-10,31.725
2003-02-11,31.779
2003-02-12,31.637
2003-02-13,31.396
2003-02-14,31.419
2003-02-17,31.44
2003-02-18,31.477
2003-02-19,31.553
2003-02-20,31.662
2003-02-21,31.715
2003-02-24,31.662
2003-02-25,31.55
2003-02-26,31.716
2003-02-27,31.59
2003-02-28,31.825
2003-03-03,31.822
2003-03-04,31.93
2003-03-05,31.857
2003-03-06,31.79
2003-03-07,31.783
2003-03-10,31.809
2003-03-11,31.71
2003-03-12,31.566
2003-03-13,31.541
2003-03-14,31.68
2003-03-17,31.562
2003-03-18,31.563
2003-03-19,31.577
2003-03-20,31.733
2003-03-21,31.67
2003-03-24,31.77
2003-03-25,31.786
2003-03-26,31.856
2003-03-27,31.876
2003-03-28,31.89
2003-03-31,32.052
2003-04-01,32.103
2003-04-02,31.95
2003-04-03,31.912
2003-04-04,31.794
2003-04-07,31.705
2003-04-08,31.513
2003-04-09,31.358
2003-04-10,31.317
2003-04-11,31.644
2003-04-14,31.58
2003-04-15,31.545
2003-04-16,31.708
2003-04-17,31.573
2003-04-18,31.536
2003-04-21,31.562
2003-04-22,31.678
2003-04-23,31.743
2003-04-24,31.661
2003-04-25,31.627
2003-04-28,31.542
2003-04-29,31.657
2003-04-30,31.487
2003-05-01,31.395
2003-05-02,31.276
2003-05-05,31.515
2003-05-06,31.485
2003-05-07,31.413
2003-05-08,31.419
2003-05-09,31.466
2003-05-12,31.501
2003-05-13,31.495
2003-05-14,31.479
2003-05-15,31.359
2003-05-16,31.375
2003-05-19,31.355
2003-05-20,31.605
2003-05-21,31.368
2003-05-22,31.329
2003-05-23,31.465
2003-05-26,31.614
2003-05-27,31.247
2003-05-28,31.393
2003-05-29,31.524
2003-05-30,31.373
2003-06-02,31.347
2003-06-03,31.313
2003-06-04,31.493
2003-06-05,31.39
2003-06-06,31.351
2003-06-09,31.258
2003-06-10,31.293
2003-06-11,31.248
2003-06-12,31.378
2003-06-13,31.458
2003-06-16,31.277
2003-06-17,31.306
2003-06-18,31.436
2003-06-19,31.556
2003-06-20,31.519
2003-06-23,31.509
2003-06-24,31.55
2003-06-25,31.466
2003-06-26,31.527
2003-06-27,31.489
2003-06-30,31.61
2003-07-01,31.671
2003-07-02,31.651
2003-07-03,31.668
2003-07-04,31.64
2003-07-07,31.573
2003-07-08,31.581
2003-07-09,31.601
2003-07-10,31.727
2003-07-11,31.75
2003-07-14,31.841
2003-07-15,31.909
2003-07-16,31.916
2003-07-17,31.938
2003-07-18,31.984
2003-07-21,32.356
2003-07-22,32.336
2003-07-23,32.144
2003-07-24,32.168
2003-07-25,32.031
2003-07-28,32.06
2003-07-29,31.959
2003-07-30,32.077
2003-07-31,32.342
2003-08-01,32.35
2003-08-04,32.22
2003-08-05,32.195
2003-08-06,32.118
2003-08-07,32.081
2003-08-08,32.095
2003-08-11,32.213
2003-08-12,32.102
2003-08-13,32.101
2003-08-14,32.23
2003-08-15,32.183
2003-08-18,32.32
2003-08-19,32.476
2003-08-20,32.455
2003-08-21,32.416
2003-08-22,32.319
2003-08-25,32.45
2003-08-26,32.45
2003-08-27,32.55
2003-08-28,32.437
2003-08-29,32.47
2003-09-01,32.45
2003-09-02,32.39
2003-09-03,32.399
2003-09-04,32.646
2003-09-05,32.667
2003-09-08,32.78
2003-09-09,32.76
2003-09-10,32.9
2003-09-11,32.566
2003-09-12,32.678
2003-09-15,32.7
2003-09-16,32.68
2003-09-17,32.701
2003-09-18,32.401
2003-09-19,32.123
2003-09-22,31.888
2003-09-23,31.643
2003-09-24,31.894
2003-09-25,31.738
2003-09-26,31.624
2003-09-29,31.873
2003-09-30,31.898
2003-10-01,31.999
2003-10-02,31.885
2003-10-03,31.841
2003-10-06,31.84
2003-10-07,31.92
2003-10-08,32.04
2003-10-09,32.12
2003-10-10,32.071
2003-10-13,32.099
2003-10-14,32.09
2003-10-15,32.03
2003-10-16,32.032
2003-10-17,31.863
2003-10-20,31.79
2003-10-21,31.89
2003-10-22,31.89
2003-10-23,31.986
2003-10-24,32.141
2003-10-27,32.201
2003-10-28,32.11
2003-10-29,32.04
2003-10-30,32.033
2003-10-31,32.028
2003-11-03,32.05
2003-11-04,31.88
2003-11-05,31.98
2003-11-06,31.98
2003-11-07,31.98
2003-11-10,31.96
2003-11-11,32.025
2003-11-12,31.938
2003-11-13,32.044
2003-11-14,32.07
2003-11-17,31.914
2003-11-18,31.81
2003-11-19,31.847
2003-11-20,31.852
2003-11-21,31.86
2003-11-24,31.889
2003-11-25,31.862
2003-11-26,31.94
2003-11-27,32.05
2003-11-28,32.018
2003-12-01,32.375
2003-12-02,32.386
2003-12-03,32.47
2003-12-04,32.493
2003-12-05,32.385
2003-12-08,32.042
2003-12-09,32.096
2003-12-10,32.11
2003-12-11,32.114
2003-12-12,32.099
2003-12-15,32.125
2003-12-16,32.365
2003-12-17,32.44
2003-12-18,32.37
2003-12-19,32.473
2003-12-22,32.514
2003-12-23,32.555
2003-12-24,32.497
2003-12-25,32.454
2003-12-26,32.566
2003-12-29,32.524
2003-12-30,32.684
2003-12-31,32.393
2004-01-01,32.31
2004-01-02,32.27
2004-01-05,32.389
2004-01-06,32.35
2004-01-07,32.416
2004-01-08,32.42
2004-01-09,32.631
2004-01-12,32.55
2004-01-13,32.597
2004-01-14,32.62
2004-01-15,32.726
2004-01-16,32.889
2004-01-19,32.816
2004-01-20,32.99
2004-01-21,32.925
2004-01-22,32.891
2004-01-23,32.89
2004-01-26,32.959
2004-01-27,33.049
2004-01-28,33.19
2004-01-29,33.33
2004-01-30,33.341
2004-02-02,33.337
2004-02-03,33.317
2004-02-04,33.178
2004-02-05,33.227
2004-02-06,33.132
2004-02-09,33.183
2004-02-10,33.075
2004-02-11,32.82
2004-02-12,32.695
2004-02-13,32.565
2004-02-16,32.7
2004-02-17,32.671
2004-02-18,32.711
2004-02-19,32.76
2004-02-20,32.57
2004-02-23,32.597
2004-02-24,32.553
2004-02-25,32.368
2004-02-26,32.422
2004-02-27,32.578
2004-03-01,32.504
2004-03-02,32.71
2004-03-03,32.88
2004-03-04,33.13
2004-03-05,32.89
2004-03-08,32.968
2004-03-09,32.989
2004-03-10,33.139
2004-03-11,33.115
2004-03-12,33.049
2004-03-15,33.136
2004-03-16,33.18
2004-03-17,33.165
2004-03-18,33.097
2004-03-19,33.178
2004-03-22,33.12
2004-03-23,32.958
2004-03-24,32.694
2004-03-25,32.693
2004-03-26,32.801
2004-03-29,32.9
2004-03-30,32.976
2004-03-31,32.83
2004-04-01,32.736
2004-04-02,32.918
2004-04-05,32.666
2004-04-06,32.656
2004-04-07,32.736
2004-04-08,32.513
2004-04-09,32.449
2004-04-12,32.33
2004-04-13,32.109
2004-04-14,32.203
2004-04-15,32.379
2004-04-16,32.468
2004-04-19,32.542
2004-04-20,32.516
2004-04-21,32.473
2004-04-22,32.381
2004-04-23,32.298
2004-04-26,32.489
2004-04-27,32.528
2004-04-28,32.751
2004-04-29,32.481
2004-04-30,32.547
2004-05-03,32.512
2004-05-04,32.214
2004-05-05,32.187
2004-05-06,32.149
2004-05-07,32.2
2004-05-10,32.058
2004-05-11,32.216
2004-05-12,32.074
2004-05-13,31.924
2004-05-14,31.975
2004-05-17,31.79
2004-05-18,31.811
2004-05-19,31.895
2004-05-20,31.865
2004-05-21,31.763
2004-05-24,31.744
2004-05-25,31.613
2004-05-26,31.761
2004-05-27,31.862
2004-05-28,31.691
2004-05-31,31.675
2004-06-01,31.457
2004-06-02,31.404
2004-06-03,31.285
2004-06-04,31.344
2004-06-07,31.232
2004-06-08,31.279
2004-06-09,31.455
2004-06-10,31.34
2004-06-11,31.442
2004-06-14,31.518
2004-06-15,31.853
2004-06-16,31.783
2004-06-17,31.777
2004-06-18,31.838
2004-06-21,31.912
2004-06-22,31.895
2004-06-23,31.843
2004-06-24,31.57
2004-06-25,31.713
2004-06-28,31.872
2004-06-29,31.837
2004-06-30,31.92
2004-07-01,31.81
2004-07-02,31.782
2004-07-05,31.819
2004-07-06,31.749
2004-07-07,31.437
2004-07-08,31.492
2004-07-09,31.484
2004-07-12,31.453
2004-07-13,31.455
2004-07-14,31.415
2004-07-15,31.416
2004-07-16,31.235
2004-07-19,31.168
2004-07-20,31.42
2004-07-21,31.505
2004-07-22,31.465
2004-07-23,31.621
2004-07-26,31.657
2004-07-27,31.753
2004-07-28,31.681
2004-07-29,31.819
2004-07-30,31.667
2004-08-02,31.646
2004-08-03,31.588
2004-08-04,31.763
2004-08-05,31.776
2004-08-06,31.532
2004-08-09,31.422
2004-08-10,31.41
2004-08-11,31.457
2004-08-12,31.475
2004-08-13,31.427
2004-08-16,31.463
2004-08-17,31.482
2004-08-18,31.527
2004-08-19,31.672
2004-08-20,31.678
2004-08-23,31.692
2004-08-24,31.681
2004-08-25,31.795
2004-08-26,31.943
2004-08-27,31.853
2004-08-30,31.887
2004-08-31,31.85
2004-09-01,31.789
2004-09-02,31.69
2004-09-03,31.778
2004-09-06,31.673
2004-09-07,31.794
2004-09-08,31.731
2004-09-09,31.777
2004-09-10,31.68
2004-09-13,31.542
2004-09-14,31.396
2004-09-15,31.447
2004-09-16,31.444
2004-09-17,31.379
2004-09-20,31.415
2004-09-21,31.472
2004-09-22,31.521
2004-09-23,31.57
2004-09-24,31.591
2004-09-27,31.558
2004-09-28,31.562
2004-09-29,31.635
2004-09-30,31.558
2004-10-01,31.549
2004-10-04,31.524
2004-10-05,31.441
2004-10-06,31.42
2004-10-07,31.325
2004-10-08,31.411
2004-10-11,31.371
2004-10-12,31.432
2004-10-13,31.441
2004-10-14,31.462
2004-10-15,31.49
2004-10-18,31.396
2004-10-19,31.417
2004-10-20,31.529
2004-10-21,31.509
2004-10-22,31.505
2004-10-25,31.597
2004-10-26,31.675
2004-10-27,31.549
2004-10-28,31.592
2004-10-29,31.5
2004-11-01,31.518
2004-11-02,31.442
2004-11-03,31.435
2004-11-04,31.476
2004-11-05,31.461
2004-11-08,31.409
2004-11-09,31.441
2004-11-10,31.463
2004-11-11,31.492
2004-11-12,31.507
2004-11-15,31.43
2004-11-16,31.372
2004-11-17,31.208
2004-11-18,31.233
2004-11-19,31.095
2004-11-22,31.075
2004-11-23,31.03
2004-11-24,31.025
2004-11-25,30.969
2004-11-26,30.976
2004-11-29,30.981
2004-11-30,31.01
2004-12-01,30.921
2004-12-02,30.851
2004-12-03,30.769
2004-12-06,30.738
2004-12-07,30.735
2004-12-08,30.829
2004-12-09,30.798
2004-12-10,30.717
2004-12-13,30.652
2004-12-14,30.634
2004-12-15,30.594
2004-12-16,30.641
2004-12-17,30.457
2004-12-20,30.472
2004-12-21,30.569
2004-12-22,30.555
2004-12-23,30.63
2004-12-24,30.424
2004-12-27,30.541
2004-12-28,30.608
2004-12-29,30.532
2004-12-30,30.455
2004-12-31,30.396
2005-01-03,30.438
2005-01-04,30.465
2005-01-05,30.382
2005-01-06,30.347
2005-01-07,30.372
2005-01-10,30.268
2005-01-11,30.315
2005-01-12,30.358
2005-01-13,30.448
2005-01-14,30.425
2005-01-17,30.34
2005-01-18,30.366
2005-01-19,30.269
2005-01-20,30.33
2005-01-21,30.309
2005-01-24,30.173
2005-01-25,30.105
2005-01-26,30.067
2005-01-27,30.207
2005-01-28,30.238
2005-01-31,30.103
2005-02-01,30.04
2005-02-02,30.039
2005-02-03,30.023
2005-02-04,29.962
2005-02-07,29.859
2005-02-08,30.004
2005-02-09,29.89
2005-02-10,30.018
2005-02-11,30.097
2005-02-14,30.069
2005-02-15,30.073
2005-02-16,30.094
2005-02-17,29.978
2005-02-18,29.868
2005-02-21,29.907
2005-02-22,29.894
2005-02-23,29.912
2005-02-24,29.864
2005-02-25,29.721
2005-02-28,29.691
2005-03-01,29.637
2005-03-02,29.65
2005-03-03,29.636
2005-03-04,29.584
2005-03-07,29.545
2005-03-08,29.377
2005-03-09,29.347
2005-03-10,29.468
2005-03-11,29.493
2005-03-14,29.602
2005-03-15,29.81
2005-03-16,29.865
2005-03-17,29.775
2005-03-18,29.768
2005-03-21,30.011
2005-03-22,30.035
2005-03-23,30.121
2005-03-24,30.115
2005-03-25,30.107
2005-03-28,30.103
2005-03-29,30.21
2005-03-30,30.012
2005-03-31,30.047
2005-04-01,29.984
2005-04-04,30.053
2005-04-05,29.99
2005-04-06,29.981
2005-04-07,30.0
2005-04-08,29.949
2005-04-11,29.961
2005-04-12,29.968
2005-04-13,29.916
2005-04-14,30.035
2005-04-15,30.124
2005-04-18,30.274
2005-04-19,30.362
2005-04-20,30.196
2005-04-21,30.219
2005-04-22,30.317
2005-04-25,30.238
2005-04-26,30.239
2005-04-27,30.271
2005-04-28,30.605
2005-04-29,30.542
2005-05-02,30.318
2005-05-03,30.324
2005-05-04,30.172
2005-05-05,29.98
2005-05-06,29.874
2005-05-09,29.898
2005-05-10,30.061
2005-05-11,29.92
2005-05-12,29.952
2005-05-13,30.068
2005-05-16,30.152
2005-05-17,30.306
2005-05-18,30.198
2005-05-19,30.248
2005-05-20,30.286
2005-05-23,30.341
2005-05-24,30.46
2005-05-25,30.56
2005-05-26,30.564
2005-05-27,30.465
2005-05-30,30.47
2005-05-31,30.358
2005-06-01,30.416
2005-06-02,30.253
2005-06-03,30.174
2005-06-06,30.162
2005-06-07,30.1
2005-06-08,30.07
2005-06-09,30.076
2005-06-10,29.978
2005-06-13,30.035
2005-06-14,30.015
2005-06-15,30.025
2005-06-16,29.92
2005-06-17,29.965
2005-06-20,29.97
2005-06-21,29.913
2005-06-22,29.817
2005-06-23,29.83
2005-06-24,29.949
2005-06-27,30.062
2005-06-28,30.065
2005-06-29,30.055
2005-06-30,30.096
2005-07-01,30.009
2005-07-04,29.975
2005-07-05,30.044
2005-07-06,30.168
2005-07-07,30.283
2005-07-08,30.169
2005-07-11,30.289
2005-07-12,30.165
2005-07-13,30.345
2005-07-14,30.278
2005-07-15,30.25
2005-07-18,30.148
2005-07-19,30.19
2005-07-20,30.24
2005-07-21,30.26
2005-07-22,30.201
2005-07-25,30.257
2005-07-26,30.252
2005-07-27,30.197
2005-07-28,30.164
2005-07-29,30.175
2005-08-01,30.078
2005-08-02,29.99
2005-08-03,29.879
2005-08-04,29.881
2005-08-05,29.68
2005-08-08,29.447
2005-08-09,29.507
2005-08-10,29.327
2005-08-11,29.447
2005-08-12,29.391
2005-08-15,29.309
2005-08-16,29.342
2005-08-17,29.402
2005-08-18,29.383
2005-08-19,29.462
2005-08-22,29.517
2005-08-23,29.607
2005-08-24,29.642
2005-08-25,29.653
2005-08-26,29.621
2005-08-29,29.573
2005-08-30,29.683
2005-08-31,29.386
2005-09-01,29.36
2005-09-02,29.089
2005-09-05,29.083
2005-09-06,29.139
2005-09-07,29.268
2005-09-08,29.236
2005-09-09,29.199
2005-09-12,29.203
2005-09-13,29.302
2005-09-14,29.277
2005-09-15,29.174
2005-09-16,29.078
2005-09-19,29.35
2005-09-20,29.328
2005-09-21,29.501
2005-09-22,29.478
2005-09-23,29.535
2005-09-26,29.479
2005-09-27,29.352
2005-09-28,29.492
2005-09-29,29.585
2005-09-30,29.609
2005-10-03,29.63
2005-10-04,29.618
2005-10-05,29.623
2005-10-06,29.746
2005-10-07,29.651
2005-10-10,29.545
2005-10-11,29.486
2005-10-12,29.627
2005-10-13,29.668
2005-10-14,29.611
2005-10-17,29.766
2005-10-18,29.724
2005-10-19,29.761
2005-10-20,29.748
2005-10-21,29.808
2005-10-24,29.724
2005-10-25,29.646
2005-10-26,29.776
2005-10-27,29.71
2005-10-28,29.698
2005-10-31,29.644
2005-11-01,29.638
2005-11-02,29.499
2005-11-03,29.28
2005-11-04,29.24
2005-11-07,29.257
2005-11-08,29.274
2005-11-09,29.393
2005-11-10,29.306
2005-11-11,29.247
2005-11-14,29.266
2005-11-15,29.426
2005-11-16,29.31
2005-11-17,29.358
2005-11-18,29.305
2005-11-21,29.264
2005-11-22,29.304
2005-11-23,29.182
2005-11-24,29.087
2005-11-25,29.085
2005-11-28,28.984
2005-11-29,29.012
2005-11-30,28.936
2005-12-01,28.91
2005-12-02,28.93
2005-12-05,28.868
2005-12-06,29.053
2005-12-07,29.043
2005-12-08,29.119
2005-12-09,29.05
2005-12-12,28.997
2005-12-13,28.975
2005-12-14,28.966
2005-12-15,28.924
2005-12-16,29.025
2005-12-19,28.948
2005-12-20,28.952
2005-12-21,28.939
2005-12-22,28.942
2005-12-23,29.0
2005-12-26,28.986
2005-12-27,28.955
2005-12-28,28.928
2005-12-29,29.054
2005-12-30,29.092
2006-01-02,29.023
2006-01-03,29.047
2006-01-04,28.972
2006-01-05,28.9
2006-01-06,28.88
2006-01-09,28.764
2006-01-10,28.792
2006-01-11,28.72
2006-01-12,28.763
2006-01-13,28.822
2006-01-16,28.801
2006-01-17,28.784
2006-01-18,28.791
2006-01-19,28.718
2006-01-20,28.583
2006-01-23,28.569
2006-01-24,28.524
2006-01-25,28.369
2006-01-26,28.448
2006-01-27,28.318
2006-01-30,28.396
2006-01-31,28.367
2006-02-01,28.48
2006-02-02,28.541
2006-02-03,28.455
2006-02-06,28.426
2006-02-07,28.53
2006-02-08,28.429
2006-02-09,28.348
2006-02-10,28.341
2006-02-13,28.471
2006-02-14,28.578
2006-02-15,28.386
2006-02-16,28.368
2006-02-17,28.368
2006-02-20,28.411
2006-02-21,28.52
2006-02-22,28.545
2006-02-23,28.393
2006-02-24,28.321
2006-02-27,28.318
2006-02-28,28.33
2006-03-01,28.354
2006-03-02,28.495
2006-03-03,28.541
2006-03-06,28.551
2006-03-07,28.763
2006-03-08,28.834
2006-03-09,28.723
2006-03-10,28.777
2006-03-13,28.858
2006-03-14,28.72
2006-03-15,28.704
2006-03-16,28.464
2006-03-17,28.614
2006-03-20,28.514
2006-03-21,28.593
2006-03-22,28.682
2006-03-23,28.72
2006-03-24,28.676
2006-03-27,28.726
2006-03-28,28.724
2006-03-29,28.711
2006-03-30,28.581
2006-03-31,28.468
2006-04-03,28.453
2006-04-04,28.523
2006-04-05,28.515
2006-04-06,28.558
2006-04-07,28.722
2006-04-10,28.571
2006-04-11,28.562
2006-04-12,28.579
2006-04-13,28.677
2006-04-14,28.647
2006-04-17,28.629
2006-04-18,28.547
2006-04-19,28.54
2006-04-20,28.424
2006-04-21,28.362
2006-04-24,28.376
2006-04-25,28.405
2006-04-26,28.378
2006-04-27,28.457
2006-04-28,28.486
2006-05-01,28.452
2006-05-02,28.303
2006-05-03,28.286
2006-05-04,28.307
2006-05-05,28.275
2006-05-08,28.247
2006-05-09,28.275
2006-05-10,28.269
2006-05-11,28.178
2006-05-12,28.268
2006-05-15,28.355
2006-05-16,28.172
2006-05-17,28.416
2006-05-18,28.356
2006-05-19,28.279
2006-05-22,28.35
2006-05-23,28.261
2006-05-24,28.219
2006-05-25,28.139
2006-05-26,28.161
2006-05-29,28.199
2006-05-30,28.247
2006-05-31,28.276
2006-06-01,28.233
2006-06-02,28.21
2006-06-05,28.337
2006-06-06,28.183
2006-06-07,28.178
2006-06-08,28.228
2006-06-09,28.261
2006-06-12,28.313
2006-06-13,28.351
2006-06-14,28.345
2006-06-15,28.379
2006-06-16,28.522
2006-06-19,28.533
2006-06-20,28.544
2006-06-21,28.364
2006-06-22,28.496
2006-06-23,28.456
2006-06-26,28.42
2006-06-27,28.444
2006-06-28,28.428
2006-06-29,28.46
2006-06-30,28.507
2006-07-03,28.427
2006-07-04,28.429
2006-07-05,28.557
2006-07-06,28.49
2006-07-07,28.485
2006-07-10,28.47
2006-07-11,28.428
2006-07-12,28.493
2006-07-13,28.543
2006-07-14,28.475
2006-07-17,28.477
2006-07-18,28.435
2006-07-19,28.385
2006-07-20,28.371
2006-07-21,28.408
2006-07-24,28.368
2006-07-25,28.341
2006-07-26,28.406
2006-07-27,28.393
2006-07-28,28.471
2006-07-31,28.492
2006-08-01,28.482
2006-08-02,28.487
2006-08-03,28.364
2006-08-04,28.265
2006-08-07,28.263
2006-08-08,28.212
2006-08-09,28.064
2006-08-10,28.045
2006-08-11,28.017
2006-08-14,28.11
2006-08-15,28.071
2006-08-16,28.1
2006-08-17,28.058
2006-08-18,28.114
2006-08-21,28.169
2006-08-22,28.162
2006-08-23,28.154
2006-08-24,28.175
2006-08-25,28.184
2006-08-28,28.188
2006-08-29,28.242
2006-08-30,28.232
2006-08-31,28.241
2006-09-01,28.246
2006-09-04,28.203
2006-09-05,28.155
2006-09-06,28.266
2006-09-07,28.248
2006-09-08,28.3
2006-09-11,28.364
2006-09-12,28.382
2006-09-13,28.511
2006-09-14,28.444
2006-09-15,28.438
2006-09-18,28.442
2006-09-19,28.462
2006-09-20,28.467
2006-09-21,28.529
2006-09-22,28.495
2006-09-25,28.475
2006-09-26,28.425
2006-09-27,28.379
2006-09-28,28.317
2006-09-29,28.281
2006-10-02,28.286
2006-10-03,28.265
2006-10-04,28.283
2006-10-05,28.139
2006-10-06,28.227
2006-10-09,28.176
2006-10-10,28.2
2006-10-11,28.203
2006-10-12,28.255
2006-10-13,28.27
2006-10-16,28.32
2006-10-17,28.309
2006-10-18,28.28
2006-10-19,28.251
2006-10-20,28.317
2006-10-23,28.337
2006-10-24,28.379
2006-10-25,28.386
2006-10-26,28.38
2006-10-27,28.355
2006-10-30,28.254
2006-10-31,28.14
2006-11-01,28.067
2006-11-02,28.078
2006-11-03,28.011
2006-11-06,27.949
2006-11-07,27.994
2006-11-08,28.017
2006-11-09,28.09
2006-11-10,28.155
2006-11-13,28.067
2006-11-14,28.094
2006-11-15,28.082
2006-11-16,27.996
2006-11-17,28.03
2006-11-20,27.943
2006-11-21,27.94
2006-11-22,27.903
2006-11-23,27.944
2006-11-24,28.032
2006-11-27,28.023
2006-11-28,27.972
2006-11-29,27.957
2006-11-30,27.919
2006-12-01,28.058
2006-12-04,27.996
2006-12-05,28.014
2006-12-06,28.016
2006-12-07,27.971
2006-12-08,27.866
2006-12-11,27.954
2006-12-12,27.898
2006-12-13,27.887
2006-12-14,27.635
2006-12-15,27.651
2006-12-18,27.708
2006-12-19,27.659
2006-12-20,27.468
2006-12-21,27.597
2006-12-22,27.697
2006-12-25,27.649
2006-12-26,27.74
2006-12-27,27.601
2006-12-28,27.53
2006-12-29,27.518
2007-01-01,27.513
2007-01-02,27.448
2007-01-03,27.513
2007-01-04,27.685
2007-01-05,27.663
2007-01-08,27.643
2007-01-09,27.685
2007-01-10,27.696
2007-01-11,27.736
2007-01-12,27.825
2007-01-15,27.769
2007-01-16,27.837
2007-01-17,27.84
2007-01-18,27.776
2007-01-19,27.788
2007-01-22,27.888
2007-01-23,28.093
2007-01-24,28.055
2007-01-25,28.215
2007-01-26,28.135
2007-01-29,28.223
2007-01-30,28.272
2007-01-31,28.106
2007-02-01,28.141
2007-02-02,28.21
2007-02-05,28.081
2007-02-06,28.17
2007-02-07,28.159
2007-02-08,28.277
2007-02-09,28.258
2007-02-12,28.294
2007-02-13,28.157
2007-02-14,28.263
2007-02-15,28.281
2007-02-16,28.262
2007-02-19,28.101
2007-02-20,28.19
2007-02-21,28.262
2007-02-22,28.263
2007-02-23,28.33
2007-02-26,28.415
2007-02-27,28.443
2007-02-28,28.23
2007-03-01,28.151
2007-03-02,28.18
2007-03-05,28.148
2007-03-06,28.153
2007-03-07,28.155
2007-03-08,28.144
2007-03-09,28.189
2007-03-12,28.222
2007-03-13,28.201
2007-03-14,28.147
2007-03-15,28.066
2007-03-16,27.857
2007-03-19,27.74
2007-03-20,27.827
2007-03-21,27.936
2007-03-22,27.968
2007-03-23,27.939
2007-03-26,27.988
2007-03-27,27.98
2007-03-28,28.047
2007-03-29,28.052
2007-03-30,28.006
2007-04-02,27.964
2007-04-03,27.98
2007-04-04,27.931
2007-04-05,27.891
2007-04-06,27.915
2007-04-09,27.892
2007-04-10,27.93
2007-04-11,28.015
2007-04-12,27.959
2007-04-13,27.94
2007-04-16,27.932
2007-04-17,27.905
2007-04-18,27.968
2007-04-19,27.981
2007-04-20,28.045
2007-04-23,28.02
2007-04-24,28.065
2007-04-25,28.155
2007-04-26,28.08
2007-04-27,28.155
2007-04-30,28.192
2007-05-01,28.176
2007-05-02,28.145
2007-05-03,28.141
2007-05-04,28.177
2007-05-07,28.19
2007-05-08,28.284
2007-05-09,28.252
2007-05-10,28.24
2007-05-11,28.265
2007-05-14,28.292
2007-05-15,28.292
2007-05-16,28.139
2007-05-17,28.151
2007-05-18,28.203
2007-05-21,28.168
2007-05-22,28.221
2007-05-23,28.265
2007-05-24,28.308
2007-05-25,28.344
2007-05-28,28.336
2007-05-29,28.359
2007-05-30,28.334
2007-05-31,28.283
2007-06-01,28.27
2007-06-04,28.376
2007-06-05,28.436
2007-06-06,28.412
2007-06-07,28.424
2007-06-08,28.464
2007-06-11,28.486
2007-06-12,28.48
2007-06-13,28.559
2007-06-14,28.566
2007-06-15,28.556
2007-06-18,28.58
2007-06-19,28.6
2007-06-20,28.616
2007-06-21,28.635
2007-06-22,28.687
2007-06-25,28.721
2007-06-26,28.736
2007-06-27,28.574
2007-06-28,28.694
2007-06-29,28.729
2007-07-02,28.771
2007-07-03,28.745
2007-07-04,28.712
2007-07-05,28.632
2007-07-06,28.63
2007-07-09,28.637
2007-07-10,28.602
2007-07-11,28.357
2007-07-12,28.272
2007-07-13,28.199
2007-07-16,28.293
2007-07-17,28.269
2007-07-18,28.246
2007-07-19,28.251
2007-07-20,28.228
2007-07-23,28.201
2007-07-24,28.134
2007-07-25,28.148
2007-07-26,27.976
2007-07-27,28.032
2007-07-30,28.075
2007-07-31,28.073
2007-08-01,28.019
2007-08-02,28.024
2007-08-03,28.077
2007-08-06,28.073
2007-08-07,28.126
2007-08-08,28.21
2007-08-09,28.135
2007-08-10,28.055
2007-08-13,28.016
2007-08-14,27.971
2007-08-15,27.862
2007-08-16,27.517
2007-08-17,27.755
2007-08-20,27.562
2007-08-21,27.666
2007-08-22,27.72
2007-08-23,27.69
2007-08-24,27.735
2007-08-27,27.771
2007-08-28,27.612
2007-08-29,27.665
2007-08-30,27.742
2007-08-31,27.695
2007-09-03,27.669
2007-09-04,27.658
2007-09-05,27.661
2007-09-06,27.601
2007-09-07,27.568
2007-09-10,27.67
2007-09-11,27.595
2007-09-12,27.536
2007-09-13,27.465
2007-09-14,27.412
2007-09-17,27.501
2007-09-18,27.492
2007-09-19,27.643
2007-09-20,27.523
2007-09-21,27.533
2007-09-24,27.567
2007-09-25,27.562
2007-09-26,27.615
2007-09-27,27.581
2007-09-28,27.555
2007-10-01,27.495
2007-10-02,27.569
2007-10-03,27.542
2007-10-04,27.578
2007-10-05,27.576
2007-10-08,27.49
2007-10-09,27.46
2007-10-10,27.485
2007-10-11,27.501
2007-10-12,27.511
2007-10-15,27.575
2007-10-16,27.559
2007-10-17,27.478
2007-10-18,27.322
2007-10-19,27.225
2007-10-22,27.234
2007-10-23,27.178
2007-10-24,27.237
2007-10-25,27.065
2007-10-26,26.857
2007-10-29,26.97
2007-10-30,26.874
2007-10-31,26.952
2007-11-01,26.973
2007-11-02,26.985
2007-11-05,26.962
2007-11-06,26.935
2007-11-07,26.97
2007-11-08,26.867
2007-11-09,26.581
2007-11-12,26.67
2007-11-13,26.578
2007-11-14,26.643
2007-11-15,26.586
2007-11-16,26.646
2007-11-19,26.746
2007-11-20,26.673
2007-11-21,26.805
2007-11-22,26.751
2007-11-23,26.782
2007-11-26,26.755
2007-11-27,26.667
2007-11-28,26.497
2007-11-29,26.303
2007-11-30,26.237
2007-12-03,26.228
2007-12-04,26.342
2007-12-05,26.202
2007-12-06,26.145
2007-12-07,26.126
2007-12-10,26.048
2007-12-11,26.007
2007-12-12,26.077
2007-12-13,26.241
2007-12-14,26.413
2007-12-17,26.407
2007-12-18,26.122
2007-12-19,26.288
2007-12-20,26.481
2007-12-21,26.517
2007-12-24,26.53
2007-12-25,26.313
2007-12-26,26.52
2007-12-27,26.608
2007-12-28,26.619
2007-12-31,26.545
2008-01-01,26.546
2008-01-02,26.382
2008-01-03,26.186
2008-01-04,26.115
2008-01-07,26.124
2008-01-08,26.068
2008-01-09,25.934
2008-01-10,25.911
2008-01-11,25.891
2008-01-14,25.843
2008-01-15,25.925
2008-01-16,26.221
2008-01-17,26.159
2008-01-18,26.21
2008-01-21,26.299
2008-01-22,26.178
2008-01-23,25.988
2008-01-24,25.865
2008-01-25,25.878
2008-01-28,25.921
2008-01-29,25.998
2008-01-30,26.0
2008-01-31,26.022
2008-02-01,25.864
2008-02-04,25.663
2008-02-05,25.722
2008-02-06,25.582
2008-02-07,25.757
2008-02-08,25.817
2008-02-11,25.659
2008-02-12,25.499
2008-02-13,25.542
2008-02-14,25.255
2008-02-15,25.206
2008-02-18,25.262
2008-02-19,25.343
2008-02-20,25.189
2008-02-21,25.13
2008-02-22,25.064
2008-02-25,24.997
2008-02-26,25.082
2008-02-27,25.019
2008-02-28,25.11
2008-02-29,25.11
2008-03-03,24.89
2008-03-04,24.896
2008-03-05,24.976
2008-03-06,25.134
2008-03-07,25.062
2008-03-10,25.079
2008-03-11,25.064
2008-03-12,25.055
2008-03-13,25.011
2008-03-14,25.097
2008-03-17,25.093
2008-03-18,25.455
2008-03-19,25.431
2008-03-20,25.525
2008-03-21,25.444
2008-03-24,25.51
2008-03-25,25.471
2008-03-26,25.45
2008-03-27,25.31
2008-03-28,25.327
2008-03-31,25.237
2008-04-01,25.053
2008-04-02,25.082
2008-04-03,24.901
2008-04-04,25.099
2008-04-07,24.965
2008-04-08,25.067
2008-04-09,25.124
2008-04-10,25.023
2008-04-11,24.967
2008-04-14,24.745
2008-04-15,24.786
2008-04-16,24.886
2008-04-17,25.006
2008-04-18,25.095
2008-04-21,25.103
2008-04-22,25.029
2008-04-23,25.073
2008-04-24,25.184
2008-04-25,25.194
2008-04-28,25.194
2008-04-29,25.268
2008-04-30,25.243
2008-05-01,25.416
2008-05-02,25.275
2008-05-05,25.159
2008-05-06,25.199
2008-05-07,25.14
2008-05-08,25.139
2008-05-09,25.037
2008-05-12,24.863
2008-05-13,24.935
2008-05-14,25.049
2008-05-15,25.055
2008-05-16,25.02
2008-05-19,24.989
2008-05-20,25.039
2008-05-21,25.17
2008-05-22,25.132
2008-05-23,25.069
2008-05-26,25.095
2008-05-27,25.163
2008-05-28,25.17
2008-05-29,25.026
2008-05-30,25.033
2008-06-02,24.887
2008-06-03,24.815
2008-06-04,24.673
2008-06-05,24.622
2008-06-06,24.585
2008-06-09,24.565
2008-06-10,24.437
2008-06-11,24.38
2008-06-12,24.147
2008-06-13,24.172
2008-06-16,24.222
2008-06-17,24.165
2008-06-18,24.008
2008-06-19,24.101
2008-06-20,24.151
2008-06-23,24.046
2008-06-24,24.104
2008-06-25,24.109
2008-06-26,24.063
2008-06-27,23.847
2008-06-30,23.884
2008-07-01,23.8
2008-07-02,23.842
2008-07-03,23.749
2008-07-04,23.62
2008-07-07,23.455
2008-07-08,23.592
2008-07-09,23.446
2008-07-10,23.488
2008-07-11,23.442
2008-07-14,23.327
2008-07-15,23.327
2008-07-16,23.127
2008-07-17,23.095
2008-07-18,22.993
2008-07-21,22.967
2008-07-22,23.485
2008-07-23,23.798
2008-07-24,23.725
2008-07-25,23.784
2008-07-28,23.692
2008-07-29,23.72
2008-07-30,23.84
2008-07-31,23.957
2008-08-01,23.877
2008-08-04,23.99
2008-08-05,23.982
2008-08-06,23.958
2008-08-07,24.188
2008-08-08,24.358
2008-08-11,24.138
2008-08-12,23.777
2008-08-13,24.07
2008-08-14,24.455
2008-08-15,24.536
2008-08-18,24.264
2008-08-19,24.378
2008-08-20,24.414
2008-08-21,24.325
2008-08-22,24.41
2008-08-25,24.447
2008-08-26,24.572
2008-08-27,24.646
2008-08-28,24.735
2008-08-29,24.795
2008-09-01,24.845
2008-09-02,24.722
2008-09-03,24.822
2008-09-04,24.87
2008-09-05,24.854
2008-09-08,24.887
2008-09-09,24.814
2008-09-10,24.47
2008-09-11,24.57
2008-09-12,24.151
2008-09-15,24.056
2008-09-16,23.9
2008-09-17,24.149
2008-09-18,24.085
2008-09-19,23.942
2008-09-22,23.916
2008-09-23,24.131
2008-09-24,24.435
2008-09-25,24.424
2008-09-26,24.411
2008-09-29,24.691
2008-09-30,24.5
2008-10-01,24.552
2008-10-02,24.788
2008-10-03,24.813
2008-10-06,24.76
2008-10-07,24.599
2008-10-08,24.677
2008-10-09,24.831
2008-10-10,24.868
2008-10-13,24.79
2008-10-14,24.585
2008-10-15,24.882
2008-10-16,24.987
2008-10-17,24.9
2008-10-20,25.157
2008-10-21,25.579
2008-10-22,26.196
2008-10-23,25.151
2008-10-24,25.002
2008-10-27,24.692
2008-10-28,24.223
2008-10-29,23.783
2008-10-30,24.385
2008-10-31,24.026
2008-11-03,24.31
2008-11-04,24.05
2008-11-05,24.55
2008-11-06,24.914
2008-11-07,25.086
2008-11-10,25.285
2008-11-11,25.33
2008-11-12,25.425
2008-11-13,25.22
2008-11-14,25.318
2008-11-17,25.39
2008-11-18,25.799
2008-11-19,25.719
2008-11-20,25.728
2008-11-21,25.711
2008-11-24,25.418
2008-11-25,25.223
2008-11-26,25.098
2008-11-27,25.216
2008-11-28,25.371
2008-12-01,25.691
2008-12-02,25.785
2008-12-03,25.719
2008-12-04,25.875
2008-12-05,25.881
2008-12-08,25.694
2008-12-09,25.752
2008-12-10,25.812
2008-12-11,25.773
2008-12-12,26.068
2008-12-15,26.169
2008-12-16,25.9
2008-12-17,26.429
2008-12-18,26.284
2008-12-19,26.462
2008-12-22,26.215
2008-12-23,26.352
2008-12-24,26.49
2008-12-25,26.415
2008-12-26,26.378
2008-12-29,26.596
2008-12-30,26.589
2008-12-31,26.85
2009-01-01,26.849
2009-01-02,26.885
2009-01-05,26.392
2009-01-06,25.943
2009-01-07,26.276
2009-01-08,26.314
2009-01-09,26.6
2009-01-12,26.767
2009-01-13,26.55
2009-01-14,27.12
2009-01-15,27.18
2009-01-16,27.561
2009-01-19,27.608
2009-01-20,27.698
2009-01-21,27.528
2009-01-22,27.97
2009-01-23,27.921
2009-01-26,27.832
2009-01-27,27.657
2009-01-28,27.433
2009-01-29,27.676
2009-01-30,27.917
2009-02-02,28.27
2009-02-03,28.545
2009-02-04,28.335
2009-02-05,27.888
2009-02-06,27.908
2009-02-09,27.722
2009-02-10,28.656
2009-02-11,28.54
2009-02-12,28.675
2009-02-13,28.647
2009-02-16,29.207
2009-02-17,29.568
2009-02-18,28.934
2009-02-19,28.913
2009-02-20,28.837
2009-02-23,28.428
2009-02-24,28.336
2009-02-25,28.557
2009-02-26,28.193
2009-02-27,28.112
2009-03-02,28.243
2009-03-03,27.975
2009-03-04,27.375
2009-03-05,28.01
2009-03-06,27.735
2009-03-09,27.51
2009-03-10,26.912
2009-03-11,27.018
2009-03-12,26.383
2009-03-13,26.415
2009-03-16,26.631
2009-03-17,26.58
2009-03-18,26.783
2009-03-19,26.872
2009-03-20,26.65
2009-03-23,26.788
2009-03-24,27.125
2009-03-25,27.385
2009-03-26,27.128
2009-03-27,27.402
2009-03-30,27.587
2009-03-31,27.361
2009-04-01,26.993
2009-04-02,26.459
2009-04-03,26.466
2009-04-06,26.602
2009-04-07,26.676
2009-04-08,26.511
2009-04-09,26.447
2009-04-10,26.446
2009-04-13,26.397
2009-04-14,26.71
2009-04-15,26.789
2009-04-16,26.756
2009-04-17,26.787
2009-04-20,27.093
2009-04-21,26.865
2009-04-22,26.918
2009-04-23,26.964
2009-04-24,26.63
2009-04-27,26.726
2009-04-28,26.742
2009-04-29,26.733
2009-04-30,26.748
2009-05-01,26.666
2009-05-04,26.524
2009-05-05,26.608
2009-05-06,26.743
2009-05-07,26.692
2009-05-08,26.718
2009-05-11,26.799
2009-05-12,26.797
2009-05-13,26.982
2009-05-14,26.857
2009-05-15,26.892
2009-05-18,26.735
2009-05-19,26.672
2009-05-20,26.645
2009-05-21,26.651
2009-05-22,26.654
2009-05-25,26.658
2009-05-26,26.658
2009-05-27,26.728
2009-05-28,26.914
2009-05-29,26.952
2009-06-01,26.685
2009-06-02,26.795
2009-06-03,26.88
2009-06-04,26.929
2009-06-05,27.014
2009-06-08,26.917
2009-06-09,26.75
2009-06-10,26.752
2009-06-11,26.711
2009-06-12,26.648
2009-06-15,26.832
2009-06-16,26.72
2009-06-17,26.716
2009-06-18,26.413
2009-06-19,26.205
2009-06-22,26.006
2009-06-23,26.226
2009-06-24,26.074
2009-06-25,25.978
2009-06-26,26.007
2009-06-29,25.931
2009-06-30,25.951
2009-07-01,25.75
2009-07-02,25.93
2009-07-03,25.888
2009-07-06,25.94
2009-07-07,25.96
2009-07-08,26.039
2009-07-09,26.03
2009-07-10,26.0
2009-07-13,26.028
2009-07-14,25.953
2009-07-15,25.87
2009-07-16,25.936
2009-07-17,25.898
2009-07-20,25.772
2009-07-21,25.804
2009-07-22,25.779
2009-07-23,25.607
2009-07-24,25.478
2009-07-27,25.464
2009-07-28,25.509
2009-07-29,25.568
2009-07-30,25.583
2009-07-31,25.554
2009-08-03,25.641
2009-08-04,25.816
2009-08-05,25.962
2009-08-06,25.918
2009-08-07,25.818
2009-08-10,25.699
2009-08-11,25.774
2009-08-12,25.808
2009-08-13,25.788
2009-08-14,25.686
2009-08-17,25.7
2009-08-18,25.603
2009-08-19,25.668
2009-08-20,25.487
2009-08-21,25.482
2009-08-24,25.437
2009-08-25,25.343
2009-08-26,25.457
2009-08-27,25.484
2009-08-28,25.39
2009-08-31,25.468
2009-09-01,25.739
2009-09-02,25.725
2009-09-03,25.567
2009-09-04,25.495
2009-09-07,25.463
2009-09-08,25.492
2009-09-09,25.483
2009-09-10,25.486
2009-09-11,25.462
2009-09-14,25.485
2009-09-15,25.398
2009-09-16,25.173
2009-09-17,25.195
2009-09-18,25.139
2009-09-21,25.133
2009-09-22,25.127
2009-09-23,25.187
2009-09-24,25.215
2009-09-25,25.172
2009-09-28,25.237
2009-09-29,25.172
2009-09-30,25.255
2009-10-01,25.443
2009-10-02,25.455
2009-10-05,25.516
2009-10-06,25.658
2009-10-07,25.727
2009-10-08,25.839
2009-10-09,25.898
2009-10-12,25.82
2009-10-13,25.945
2009-10-14,25.891
2009-10-15,25.808
2009-10-16,25.842
2009-10-19,25.749
2009-10-20,25.804
2009-10-21,25.881
2009-10-22,25.97
2009-10-23,25.906
2009-10-26,26.065
2009-10-27,26.178
2009-10-28,26.595
2009-10-29,26.266
2009-10-30,26.52
2009-11-02,26.386
2009-11-03,26.237
2009-11-04,26.069
2009-11-05,25.849
2009-11-06,25.733
2009-11-09,25.579
2009-11-10,25.499
2009-11-11,25.497
2009-11-12,25.539
2009-11-13,25.484
2009-11-16,25.457
2009-11-17,25.512
2009-11-18,25.461
2009-11-19,25.66
2009-11-20,25.928
2009-11-23,25.879
2009-11-24,26.038
2009-11-25,26.006
2009-11-26,26.365
2009-11-27,26.112
2009-11-30,26.149
2009-12-01,25.927
2009-12-02,25.886
2009-12-03,25.834
2009-12-04,25.655
2009-12-07,25.618
2009-12-08,25.733
2009-12-09,25.799
2009-12-10,25.808
2009-12-11,25.835
2009-12-14,25.891
2009-12-15,26.246
2009-12-16,26.248
2009-12-17,26.22
2009-12-18,26.31
2009-12-21,26.206
2009-12-22,26.337
2009-12-23,26.408
2009-12-24,26.397
2009-12-25,26.41
2009-12-28,26.424
2009-12-29,26.415
2009-12-30,26.418
2009-12-31,26.439
2010-01-01,26.338
2010-01-04,26.175
2010-01-05,26.271
2010-01-06,26.243
2010-01-07,26.305
2010-01-08,26.282
2010-01-11,26.178
2010-01-12,26.21
2010-01-13,26.13
2010-01-14,26.002
2010-01-15,25.961
2010-01-18,25.888
2010-01-19,25.808
2010-01-20,26.033
2010-01-21,26.128
2010-01-22,26.08
2010-01-25,26.005
2010-01-26,26.042
2010-01-27,26.19
2010-01-28,26.263
2010-01-29,26.236
2010-02-01,25.925
2010-02-02,25.981
2010-02-03,26.048
2010-02-04,26.28
2010-02-05,26.188
2010-02-08,26.196
2010-02-09,26.087
2010-02-10,26.12
2010-02-11,25.92
2010-02-12,26.003
2010-02-15,26.118
2010-02-16,25.988
2010-02-17,25.827
2010-02-18,25.755
2010-02-19,25.742
2010-02-22,25.751
2010-02-23,25.777
2010-02-24,25.902
2010-02-25,25.951
2010-02-26,25.928
2010-03-01,25.862
2010-03-02,25.763
2010-03-03,25.762
2010-03-04,25.791
2010-03-05,25.647
2010-03-08,25.619
2010-03-09,25.607
2010-03-10,25.554
2010-03-11,25.522
2010-03-12,25.537
2010-03-15,25.49
2010-03-16,25.456
2010-03-17,25.374
2010-03-18,25.392
2010-03-19,25.408
2010-03-22,25.427
2010-03-23,25.456
2010-03-24,25.4
2010-03-25,25.368
2010-03-26,25.449
2010-03-29,25.408
2010-03-30,25.453
2010-03-31,25.402
2010-04-01,25.36
2010-04-02,25.379
2010-04-05,25.348
2010-04-06,25.226
2010-04-07,25.165
2010-04-08,25.196
2010-04-09,25.198
2010-04-12,25.173
2010-04-13,25.123
2010-04-14,25.059
2010-04-15,25.13
2010-04-16,25.161
2010-04-19,25.34
2010-04-20,25.277
2010-04-21,25.272
2010-04-22,25.388
2010-04-23,25.389
2010-04-26,25.438
2010-04-27,25.591
2010-04-28,25.538
2010-04-29,25.455
2010-04-30,25.622
2010-05-03,25.551
2010-05-04,25.896
2010-05-05,26.094
2010-05-06,26.212
2010-05-07,25.668
2010-05-10,25.63
2010-05-11,25.533
2010-05-12,25.41
2010-05-13,25.419
2010-05-14,25.509
2010-05-17,25.532
2010-05-18,25.563
2010-05-19,25.583
2010-05-20,25.872
2010-05-21,25.591
2010-05-24,25.518
2010-05-25,25.613
2010-05-26,25.591
2010-05-27,25.561
2010-05-28,25.88
2010-05-31,25.522
2010-06-01,25.697
2010-06-02,25.673
2010-06-03,25.897
2010-06-04,25.869
2010-06-07,26.021
2010-06-08,25.994
2010-06-09,25.953
2010-06-10,25.739
2010-06-11,25.753
2010-06-14,25.608
2010-06-15,25.626
2010-06-16,25.698
2010-06-17,25.74
2010-06-18,25.743
2010-06-21,25.763
2010-06-22,25.792
2010-06-23,25.724
2010-06-24,25.802
2010-06-25,25.746
2010-06-28,25.751
2010-06-29,25.77
2010-06-30,25.705
2010-07-01,25.721
2010-07-02,25.723
2010-07-05,25.542
2010-07-06,25.486
2010-07-07,25.498
2010-07-08,25.422
2010-07-09,25.317
2010-07-12,25.333
2010-07-13,25.432
2010-07-14,25.487
2010-07-15,25.432
2010-07-16,25.418
2010-07-19,25.326
2010-07-20,25.345
2010-07-21,25.297
2010-07-22,25.18
2010-07-23,25.129
2010-07-26,25.145
2010-07-27,25.039
2010-07-28,24.706
2010-07-29,24.794
2010-07-30,24.782
2010-08-02,24.673
2010-08-03,24.794
2010-08-04,24.624
2010-08-05,24.719
2010-08-06,24.867
2010-08-09,24.752
2010-08-10,24.666
2010-08-11,24.799
2010-08-12,24.798
2010-08-13,24.883
2010-08-16,24.857
2010-08-17,24.781
2010-08-18,24.777
2010-08-19,24.849
2010-08-20,24.862
2010-08-23,24.792
2010-08-24,24.901
2010-08-25,24.903
2010-08-26,24.855
2010-08-27,24.744
2010-08-30,24.831
2010-08-31,24.765
2010-09-01,24.706
2010-09-02,24.707
2010-09-03,24.681
2010-09-06,24.723
2010-09-07,24.756
2010-09-08,24.697
2010-09-09,24.741
2010-09-10,24.694
2010-09-13,24.642
2010-09-14,24.545
2010-09-15,24.595
2010-09-16,24.721
2010-09-17,24.675
2010-09-20,24.635
2010-09-21,24.656
2010-09-22,24.588
2010-09-23,24.588
2010-09-24,24.633
2010-09-27,24.603
2010-09-28,24.592
2010-09-29,24.591
2010-09-30,24.6
2010-10-01,24.432
2010-10-04,24.508
2010-10-05,24.485
2010-10-06,24.467
2010-10-07,24.574
2010-10-08,24.485
2010-10-11,24.528
2010-10-12,24.499
2010-10-13,24.482
2010-10-14,24.471
2010-10-15,24.504
2010-10-18,24.51
2010-10-19,24.535
2010-10-20,24.514
2010-10-21,24.656
2010-10-22,24.568
2010-10-25,24.517
2010-10-26,24.654
2010-10-27,24.683
2010-10-28,24.617
2010-10-29,24.621
2010-11-01,24.496
2010-11-02,24.506
2010-11-03,24.465
2010-11-04,24.53
2010-11-05,24.562
2010-11-08,24.55
2010-11-09,24.576
2010-11-10,24.626
2010-11-11,24.629
2010-11-12,24.624
2010-11-15,24.604
2010-11-16,24.62
2010-11-17,24.631
2010-11-18,24.646
2010-11-19,24.688
2010-11-22,24.719
2010-11-23,24.706
2010-11-24,24.727
2010-11-25,24.716
2010-11-26,24.744
2010-11-29,24.935
2010-11-30,24.954
2010-12-01,25.015
2010-12-02,24.928
2010-12-03,25.013
2010-12-06,24.957
2010-12-07,25.069
2010-12-08,25.033
2010-12-09,25.038
2010-12-10,25.195
2010-12-13,25.163
2010-12-14,25.137
2010-12-15,25.149
2010-12-16,25.165
2010-12-17,25.203
2010-12-20,25.26
2010-12-21,25.258
2010-12-22,25.291
2010-12-23,25.28
2010-12-24,25.29
2010-12-27,25.368
2010-12-28,25.336
2010-12-29,25.308
2010-12-30,25.142
2010-12-31,25.017
2011-01-03,25.052
2011-01-04,24.89
2011-01-05,24.823
2011-01-06,24.624
2011-01-07,24.567
2011-01-10,24.618
2011-01-11,24.466
2011-01-12,24.331
2011-01-13,24.409
2011-01-14,24.373
2011-01-17,24.303
2011-01-18,24.32
2011-01-19,24.278
2011-01-20,24.292
2011-01-21,24.306
2011-01-24,24.205
2011-01-25,24.18
2011-01-26,24.191
2011-01-27,24.178
2011-01-28,24.265
2011-01-31,24.191
2011-02-01,24.026
2011-02-02,24.117
2011-02-03,23.99
2011-02-04,24.013
2011-02-07,24.063
2011-02-08,23.998
2011-02-09,24.215
2011-02-10,24.25
2011-02-11,24.231
2011-02-14,24.318
2011-02-15,24.363
2011-02-16,24.338
2011-02-17,24.313
2011-02-18,24.436
2011-02-21,24.455
2011-02-22,24.532
2011-02-23,24.546
2011-02-24,24.518
2011-02-25,24.461
2011-02-28,24.358
2011-03-01,24.389
2011-03-02,24.283
2011-03-03,24.31
2011-03-04,24.289
2011-03-07,24.213
2011-03-08,24.275
2011-03-09,24.285
2011-03-10,24.362
2011-03-11,24.303
2011-03-14,24.325
2011-03-15,24.382
2011-03-16,24.54
2011-03-17,24.408
2011-03-18,24.429
2011-03-21,24.415
2011-03-22,24.41
2011-03-23,24.402
2011-03-24,24.543
2011-03-25,24.503
2011-03-28,24.538
2011-03-29,24.533
2011-03-30,24.539
2011-03-31,24.535
2011-04-01,24.474
2011-04-04,24.44
2011-04-05,24.369
2011-04-06,24.43
2011-04-07,24.445
2011-04-08,24.422
2011-04-11,24.395
2011-04-12,24.414
2011-04-13,24.36
2011-04-14,24.198
2011-04-15,24.236
2011-04-18,24.155
2011-04-19,24.168
2011-04-20,24.231
2011-04-21,24.1
2011-04-22,24.12
2011-04-25,24.104
2011-04-26,24.056
2011-04-27,24.106
2011-04-28,24.11
2011-04-29,24.181
2011-05-02,24.13
2011-05-03,24.178
2011-05-04,24.167
2011-05-05,24.191
2011-05-06,24.168
2011-05-09,24.232
2011-05-10,24.244
2011-05-11,24.271
2011-05-12,24.316
2011-05-13,24.41
2011-05-16,24.422
2011-05-17,24.44
2011-05-18,24.488
2011-05-19,24.422
2011-05-20,24.471
2011-05-23,24.567
2011-05-24,24.56
2011-05-25,24.634
2011-05-26,24.61
2011-05-27,24.528
2011-05-30,24.498
2011-05-31,24.557
2011-06-01,24.54
2011-06-02,24.459
2011-06-03,24.33
2011-06-06,24.29
2011-06-07,24.215
2011-06-08,24.199
2011-06-09,24.122
2011-06-10,24.198
2011-06-13,24.144
2011-06-14,24.169
2011-06-15,24.254
2011-06-16,24.19
2011-06-17,24.102
2011-06-20,24.121
2011-06-21,24.234
2011-06-22,24.313
2011-06-23,24.34
2011-06-24,24.413
2011-06-27,24.399
2011-06-28,24.397
2011-06-29,24.295
2011-06-30,24.348
2011-07-01,24.266
2011-07-04,24.277
2011-07-05,24.262
2011-07-06,24.255
2011-07-07,24.216
2011-07-08,24.17
2011-07-11,24.246
2011-07-12,24.222
2011-07-13,24.381
2011-07-14,24.47
2011-07-15,24.457
2011-07-18,24.494
2011-07-19,24.512
2011-07-20,24.487
2011-07-21,24.47
2011-07-22,24.344
2011-07-25,24.413
2011-07-26,24.326
2011-07-27,24.251
2011-07-28,24.188
2011-07-29,24.175
2011-08-01,24.166
2011-08-02,24.296
2011-08-03,24.254
2011-08-04,24.292
2011-08-05,24.232
2011-08-08,24.155
2011-08-09,24.042
2011-08-10,24.215
2011-08-11,24.261
2011-08-12,24.205
2011-08-15,24.332
2011-08-16,24.41
2011-08-17,24.419
2011-08-18,24.452
2011-08-19,24.495
2011-08-22,24.498
2011-08-23,24.38
2011-08-24,24.323
2011-08-25,24.247
2011-08-26,24.057
2011-08-29,24.072
2011-08-30,24.059
2011-08-31,24.125
2011-09-01,24.16
2011-09-02,24.416
2011-09-05,24.51
2011-09-06,24.477
2011-09-07,24.425
2011-09-08,24.311
2011-09-09,24.53
2011-09-12,24.608
2011-09-13,24.558
2011-09-14,24.529
2011-09-15,24.512
2011-09-16,24.404
2011-09-19,24.629
2011-09-20,24.797
2011-09-21,24.928
2011-09-22,24.839
2011-09-23,24.651
2011-09-26,24.625
2011-09-27,24.459
2011-09-28,24.593
2011-09-29,24.581
2011-09-30,24.684
2011-10-03,24.855
2011-10-04,24.87
2011-10-05,24.742
2011-10-06,24.711
2011-10-07,24.892
2011-10-10,24.678
2011-10-11,24.828
2011-10-12,24.657
2011-10-13,24.742
2011-10-14,24.772
2011-10-17,24.835
2011-10-18,24.935
2011-10-19,24.879
2011-10-20,25.011
2011-10-21,24.97
2011-10-24,24.861
2011-10-25,24.924
2011-10-26,25.033
2011-10-27,24.684
2011-10-28,24.684
2011-10-31,24.88
2011-11-01,25.222
2011-11-02,25.176
2011-11-03,24.955
2011-11-04,24.976
2011-11-07,25.117
2011-11-08,25.212
2011-11-09,25.484
2011-11-10,25.737
2011-11-11,25.648
2011-11-14,25.824
2011-11-15,25.763
2011-11-16,25.721
2011-11-17,25.535
2011-11-18,25.47
2011-11-21,25.604
2011-11-22,25.482
2011-11-23,25.695
2011-11-24,25.751
2011-11-25,26.063
2011-11-28,25.734
2011-11-29,25.579
2011-11-30,25.342
2011-12-01,25.224
2011-12-02,25.172
2011-12-05,25.185
2011-12-06,25.231
2011-12-07,25.235
2011-12-08,25.504
2011-12-09,25.425
2011-12-12,25.708
2011-12-13,25.667
2011-12-14,25.674
2011-12-15,25.445
2011-12-16,25.355
2011-12-19,25.407
2011-12-20,25.556
2011-12-21,25.581
2011-12-22,25.699
2011-12-23,25.761
2011-12-26,25.797
2011-12-27,25.794
2011-12-28,25.796
2011-12-29,25.758
2011-12-30,25.585
2012-01-02,25.498
2012-01-03,25.711
2012-01-04,25.874
2012-01-05,25.85
2012-01-06,25.867
2012-01-09,25.751
2012-01-10,25.791
2012-01-11,25.85
2012-01-12,25.551
2012-01-13,25.608
2012-01-16,25.618
2012-01-17,25.612
2012-01-18,25.506
2012-01-19,25.297
2012-01-20,25.395
2012-01-23,25.337
2012-01-24,25.323
2012-01-25,25.238
2012-01-26,25.172
2012-01-27,25.121
2012-01-30,25.247
2012-01-31,25.323
2012-02-01,25.176
2012-02-02,25.084
2012-02-03,24.934
2012-02-06,24.958
2012-02-07,24.823
2012-02-08,24.808
2012-02-09,25.073
2012-02-10,25.203
2012-02-13,25.068
2012-02-14,25.067
2012-02-15,25.226
2012-02-16,25.084
2012-02-17,25.016
2012-02-20,24.904
2012-02-21,24.889
2012-02-22,25.167
2012-02-23,25.027
2012-02-24,25.007
2012-02-27,24.97
2012-02-28,24.916
2012-02-29,24.899
2012-03-01,24.751
2012-03-02,24.747
2012-03-05,24.79
2012-03-06,24.895
2012-03-07,24.827
2012-03-08,24.772
2012-03-09,24.625
2012-03-12,24.577
2012-03-13,24.566
2012-03-14,24.649
2012-03-15,24.527
2012-03-16,24.494
2012-03-19,24.475
2012-03-20,24.433
2012-03-21,24.649
2012-03-22,24.735
2012-03-23,24.599
2012-03-26,24.621
2012-03-27,24.578
2012-03-28,24.671
2012-03-29,24.738
2012-03-30,24.802
2012-04-02,24.74
2012-04-03,24.633
2012-04-04,24.655
2012-04-05,24.655
2012-04-06,24.722
2012-04-09,24.677
2012-04-10,24.849
2012-04-11,24.855
2012-04-12,24.792
2012-04-13,24.757
2012-04-16,24.773
2012-04-17,24.747
2012-04-18,24.773
2012-04-19,24.825
2012-04-20,24.939
2012-04-23,25.017
2012-04-24,24.911
2012-04-25,24.733
2012-04-26,24.831
2012-04-27,24.835
2012-04-30,24.934
2012-05-01,24.82
2012-05-02,24.946
2012-05-03,25.066
2012-05-04,25.185
2012-05-07,25.078
2012-05-08,25.234
2012-05-09,25.303
2012-05-10,25.235
2012-05-11,25.275
2012-05-14,25.425
2012-05-15,25.672
2012-05-16,25.477
2012-05-17,25.494
2012-05-18,25.265
2012-05-21,25.105
2012-05-22,25.285
2012-05-23,25.503
2012-05-24,25.431
2012-05-25,25.353
2012-05-28,25.387
2012-05-29,25.471
2012-05-30,25.738
2012-05-31,25.722
2012-06-01,25.787
2012-06-04,25.722
2012-06-05,25.631
2012-06-06,25.41
2012-06-07,25.344
2012-06-08,25.41
2012-06-11,25.604
2012-06-12,25.668
2012-06-13,25.521
2012-06-14,25.465
2012-06-15,25.426
2012-06-18,25.577
2012-06-19,25.411
2012-06-20,25.565
2012-06-21,25.817
2012-06-22,25.776
2012-06-25,25.875
2012-06-26,25.902
2012-06-27,25.849
2012-06-28,25.764
2012-06-29,25.523
2012-07-02,25.543
2012-07-03,25.501
2012-07-04,25.527
2012-07-05,25.613
2012-07-06,25.708
2012-07-09,25.448
2012-07-10,25.386
2012-07-11,25.357
2012-07-12,25.39
2012-07-13,25.43
2012-07-16,25.349
2012-07-17,25.244
2012-07-18,25.275
2012-07-19,25.405
2012-07-20,25.583
2012-07-23,25.562
2012-07-24,25.551
2012-07-25,25.473
2012-07-26,25.347
2012-07-27,25.302
2012-07-30,25.204
2012-07-31,25.327
2012-08-01,25.326
2012-08-02,25.314
2012-08-03,25.249
2012-08-06,25.163
2012-08-07,25.159
2012-08-08,25.132
2012-08-09,25.09
2012-08-10,25.092
2012-08-13,25.121
2012-08-14,25.037
2012-08-15,24.921
2012-08-16,24.819
2012-08-17,24.935
2012-08-20,24.857
2012-08-21,24.824
2012-08-22,24.968
2012-08-23,24.915
2012-08-24,24.882
2012-08-27,24.827
2012-08-28,24.746
2012-08-29,24.775
2012-08-30,24.866
2012-08-31,24.854
2012-09-03,24.86
2012-09-04,24.889
2012-09-05,24.802
2012-09-06,24.588
2012-09-07,24.564
2012-09-10,24.583
2012-09-11,24.326
2012-09-12,24.463
2012-09-13,24.418
2012-09-14,24.36
2012-09-17,24.54
2012-09-18,24.822
2012-09-19,24.888
2012-09-20,24.924
2012-09-21,24.843
2012-09-24,24.954
2012-09-25,24.958
2012-09-26,24.964
2012-09-27,25.098
2012-09-28,25.134
2012-10-01,25.09
2012-10-02,25.03
2012-10-03,25.043
2012-10-04,24.939
2012-10-05,24.884
2012-10-08,24.935
2012-10-09,24.974
2012-10-10,24.925
2012-10-11,24.915
2012-10-12,25.005
2012-10-15,24.915
2012-10-16,24.8
2012-10-17,24.759
2012-10-18,24.787
2012-10-19,24.86
2012-10-22,24.879
2012-10-23,24.915
2012-10-24,25.006
2012-10-25,24.957
2012-10-26,24.936
2012-10-29,25.033
2012-10-30,24.994
2012-10-31,25.09
2012-11-01,25.196
2012-11-02,25.255
2012-11-05,25.192
2012-11-06,25.26
2012-11-07,25.398
2012-11-08,25.426
2012-11-09,25.409
2012-11-12,25.381
2012-11-13,25.478
2012-11-14,25.446
2012-11-15,25.553
2012-11-16,25.553
2012-11-19,25.344
2012-11-20,25.346
2012-11-21,25.473
2012-11-22,25.45
2012-11-23,25.34
2012-11-26,25.288
2012-11-27,25.324
2012-11-28,25.228
2012-11-29,25.198
2012-11-30,25.25
2012-12-03,25.271
2012-12-04,25.252
2012-12-05,25.207
2012-12-06,25.181
2012-12-07,25.191
2012-12-10,25.269
2012-12-11,25.251
2012-12-12,25.26
2012-12-13,25.255
2012-12-14,25.228
2012-12-17,25.223
2012-12-18,25.196
2012-12-19,25.173
2012-12-20,25.19
2012-12-21,25.145
2012-12-24,25.135
2012-12-25,25.12
2012-12-26,25.093
2012-12-27,25.085
2012-12-28,25.113
2012-12-31,25.096
2013-01-01,25.092
2013-01-02,25.204
2013-01-03,25.261
2013-01-04,25.392
2013-01-07,25.552
2013-01-08,25.532
2013-01-09,25.607
2013-01-10,25.627
2013-01-11,25.643
2013-01-14,25.573
2013-01-15,25.601
2013-01-16,25.546
2013-01-17,25.567
2013-01-18,25.618
2013-01-21,25.593
2013-01-22,25.619
2013-01-23,25.606
2013-01-24,25.575
2013-01-25,25.558
2013-01-28,25.684
2013-01-29,25.64
2013-01-30,25.62
2013-01-31,25.672
2013-02-01,25.686
2013-02-04,25.689
2013-02-05,25.639
2013-02-06,25.36
2013-02-07,25.246
2013-02-08,25.234
2013-02-11,25.253
2013-02-12,25.33
2013-02-13,25.365
2013-02-14,25.356
2013-02-15,25.423
2013-02-18,25.377
2013-02-19,25.356
2013-02-20,25.365
2013-02-21,25.474
2013-02-22,25.535
2013-02-25,25.487
2013-02-26,25.58
2013-02-27,25.627
2013-02-28,25.662
2013-03-01,25.662
2013-03-04,25.683
2013-03-05,25.559
2013-03-06,25.52
2013-03-07,25.446
2013-03-08,25.423
2013-03-11,25.567
2013-03-12,25.621
2013-03-13,25.63
2013-03-14,25.535
2013-03-15,25.586
2013-03-18,25.606
2013-03-19,25.607
2013-03-20,25.733
2013-03-21,25.793
2013-03-22,25.804
2013-03-25,25.804
2013-03-26,25.743
2013-03-27,25.771
2013-03-28,25.772
2013-03-29,25.738
2013-04-01,25.778
2013-04-02,25.864
2013-04-03,25.843
2013-04-04,25.769
2013-04-05,25.787
2013-04-08,25.723
2013-04-09,25.715
2013-04-10,25.916
2013-04-11,25.883
2013-04-12,25.914
2013-04-15,25.878
2013-04-16,25.824
2013-04-17,25.846
2013-04-18,25.835
2013-04-19,25.845
2013-04-22,25.905
2013-04-23,25.931
2013-04-24,25.911
2013-04-25,25.763
2013-04-26,25.722
2013-04-29,25.685
2013-04-30,25.804
2013-05-01,25.722
2013-05-02,25.613
2013-05-03,25.672
2013-05-06,25.675
2013-05-07,25.842
2013-05-08,25.869
2013-05-09,25.768
2013-05-10,25.795
2013-05-13,25.886
2013-05-14,25.882
2013-05-15,26.023
2013-05-16,25.999
2013-05-17,26.027
2013-05-20,26.161
2013-05-21,26.029
2013-05-22,26.132
2013-05-23,26.151
2013-05-24,25.912
2013-05-27,25.928
2013-05-28,25.923
2013-05-29,25.886
2013-05-30,25.726
2013-05-31,25.727
2013-06-03,25.692
2013-06-04,25.831
2013-06-05,25.793
2013-06-06,25.659
2013-06-07,25.57
2013-06-10,25.72
2013-06-11,25.6
2013-06-12,25.56
2013-06-13,25.66
2013-06-14,25.725
2013-06-17,25.598
2013-06-18,25.642
2013-06-19,25.69
2013-06-20,25.814
2013-06-21,25.83
2013-06-24,25.791
2013-06-25,25.825
2013-06-26,25.889
2013-06-27,26.092
2013-06-28,26.006
2013-07-01,26.023
2013-07-02,26.088
2013-07-03,26.08
2013-07-04,25.865
2013-07-05,25.981
2013-07-08,25.955
2013-07-09,25.848
2013-07-10,25.922
2013-07-11,25.94
2013-07-12,25.98
2013-07-15,25.992
2013-07-16,25.915
2013-07-17,25.906
2013-07-18,25.911
2013-07-19,25.933
2013-07-22,25.924
2013-07-23,25.954
2013-07-24,25.878
2013-07-25,25.933
2013-07-26,25.908
2013-07-29,25.83
2013-07-30,25.816
2013-07-31,25.937
2013-08-01,25.999
2013-08-02,25.841
2013-08-05,25.924
2013-08-06,25.957
2013-08-07,25.92
2013-08-08,25.834
2013-08-09,25.83
2013-08-12,25.823
2013-08-13,25.875
2013-08-14,25.761
2013-08-15,25.808
2013-08-16,25.78
2013-08-19,25.84
2013-08-20,25.793
2013-08-21,25.758
2013-08-22,25.707
2013-08-23,25.665
2013-08-26,25.653
2013-08-27,25.72
2013-08-28,25.685
2013-08-29,25.723
2013-08-30,25.745
2013-09-02,25.677
2013-09-03,25.798
2013-09-04,25.744
2013-09-05,25.749
2013-09-06,25.792
2013-09-09,25.818
2013-09-10,25.812
2013-09-11,25.746
2013-09-12,25.826
2013-09-13,25.768
2013-09-16,25.741
2013-09-17,25.735
2013-09-18,25.769
2013-09-19,25.768
2013-09-20,25.801
2013-09-23,25.968
2013-09-24,25.887
2013-09-25,25.855
2013-09-26,25.62
2013-09-27,25.704
2013-09-30,25.686
2013-10-01,25.633
2013-10-02,25.601
2013-10-03,25.551
2013-10-04,25.579
2013-10-07,25.517
2013-10-08,25.508
2013-10-09,25.594
2013-10-10,25.528
2013-10-11,25.533
2013-10-14,25.549
2013-10-15,25.606
2013-10-16,25.682
2013-10-17,25.664
2013-10-18,25.805
2013-10-21,25.823
2013-10-22,25.767
2013-10-23,25.831
2013-10-24,25.709
2013-10-25,25.709
2013-10-28,25.711
2013-10-29,25.76
2013-10-30,25.719
2013-10-31,25.794
2013-11-01,25.867
2013-11-04,25.832
2013-11-05,25.843
2013-11-06,25.791
2013-11-07,26.975
2013-11-08,26.973
2013-11-11,27.021
2013-11-12,27.016
2013-11-13,27.085
2013-11-14,27.107
2013-11-15,27.168
2013-11-18,27.125
2013-11-19,27.373
2013-11-20,27.273
2013-11-21,27.248
2013-11-22,27.279
2013-11-25,27.289
2013-11-26,27.342
2013-11-27,27.343
2013-11-28,27.368
2013-11-29,27.368
2013-12-02,27.467
2013-12-03,27.417
2013-12-04,27.467
2013-12-05,27.435
2013-12-06,27.468
2013-12-09,27.481
2013-12-10,27.412
2013-12-11,27.441
2013-12-12,27.492
2013-12-13,27.515
2013-12-16,27.556
2013-12-17,27.685
2013-12-18,27.631
2013-12-19,27.648
2013-12-20,27.605
2013-12-23,27.489
2013-12-24,27.488
2013-12-25,27.519
2013-12-26,27.543
2013-12-27,27.423
2013-12-30,27.39
2013-12-31,27.337
2014-01-01,27.343
2014-01-02,27.513
2014-01-03,27.558
2014-01-06,27.478
2014-01-07,27.481
2014-01-08,27.47
2014-01-09,27.412
2014-01-10,27.393
2014-01-13,27.367
2014-01-14,27.422
2014-01-15,27.449
2014-01-16,27.499
2014-01-17,27.46
2014-01-20,27.54
2014-01-21,27.582
2014-01-22,27.495
2014-01-23,27.47
2014-01-24,27.474
2014-01-27,27.507
2014-01-28,27.497
2014-01-29,27.528
2014-01-30,27.603
2014-01-31,27.534
2014-02-03,27.558
2014-02-04,27.565
2014-02-05,27.533
2014-02-06,27.523
2014-02-07,27.535
2014-02-10,27.534
2014-02-11,27.5
2014-02-12,27.54
2014-02-13,27.516
2014-02-14,27.397
2014-02-17,27.389
2014-02-18,27.327
2014-02-19,27.391
2014-02-20,27.381
2014-02-21,27.38
2014-02-24,27.348
2014-02-25,27.328
2014-02-26,27.321
2014-02-27,27.337
2014-02-28,27.328
2014-03-03,27.355
2014-03-04,27.358
2014-03-05,27.343
2014-03-06,27.345
2014-03-07,27.348
2014-03-10,27.358
2014-03-11,27.355
2014-03-12,27.353
2014-03-13,27.357
2014-03-14,27.358
2014-03-17,27.389
2014-03-18,27.412
2014-03-19,27.481
2014-03-20,27.449
2014-03-21,27.436
2014-03-24,27.427
2014-03-25,27.39
2014-03-26,27.437
2014-03-27,27.402
2014-03-28,27.427
2014-03-31,27.45
2014-04-01,27.466
2014-04-02,27.463
2014-04-03,27.443
2014-04-04,27.436
2014-04-07,27.409
2014-04-08,27.417
2014-04-09,27.415
2014-04-10,27.435
2014-04-11,27.458
2014-04-14,27.458
2014-04-15,27.459
2014-04-16,27.461
2014-04-17,27.457
2014-04-18,27.451
2014-04-21,27.461
2014-04-22,27.466
2014-04-23,27.451
2014-04-24,27.429
2014-04-25,27.428
2014-04-28,27.427
2014-04-29,27.433
2014-04-30,27.456
2014-05-01,27.456
2014-05-02,27.453
2014-05-05,27.43
2014-05-06,27.431
2014-05-07,27.422
2014-05-08,27.396
2014-05-09,27.382
2014-05-12,27.408
2014-05-13,27.429
2014-05-14,27.466
2014-05-15,27.464
2014-05-16,27.455
2014-05-19,27.474
2014-05-20,27.484
2014-05-21,27.466
2014-05-22,27.45
2014-05-23,27.426
2014-05-26,27.426
2014-05-27,27.423
2014-05-28,27.493
2014-05-29,27.462
2014-05-30,27.483
2014-06-02,27.496
2014-06-03,27.479
2014-06-04,27.46
2014-06-05,27.498
2014-06-06,27.458
2014-06-09,27.447
2014-06-10,27.446
2014-06-11,27.441
2014-06-12,27.412
2014-06-13,27.442
2014-06-16,27.434
2014-06-17,27.436
2014-06-18,27.479
2014-06-19,27.433
2014-06-20,27.438
2014-06-23,27.455
2014-06-24,27.433
2014-06-25,27.431
2014-06-26,27.461
2014-06-27,27.451
2014-06-30,27.45
2014-07-01,27.453
2014-07-02,27.439
2014-07-03,27.432
2014-07-04,27.445
2014-07-07,27.436
2014-07-08,27.447
2014-07-09,27.431
2014-07-10,27.438
2014-07-11,27.437
2014-07-14,27.433
2014-07-15,27.433
2014-07-16,27.445
2014-07-17,27.435
2014-07-18,27.44
2014-07-21,27.484
2014-07-22,27.483
2014-07-23,27.458
2014-07-24,27.478
2014-07-25,27.486
2014-07-28,27.472
2014-07-29,27.503
2014-07-30,27.547
2014-07-31,27.674
2014-08-01,27.673
2014-08-04,27.649
2014-08-05,27.796
2014-08-06,27.809
2014-08-07,27.782
2014-08-08,27.868
2014-08-11,27.853
2014-08-12,27.864
2014-08-13,27.868
2014-08-14,27.806
2014-08-15,27.903
2014-08-18,27.91
2014-08-19,27.944
2014-08-20,27.89
2014-08-21,27.798
2014-08-22,27.877
2014-08-25,27.83
2014-08-26,27.736
2014-08-27,27.693
2014-08-28,27.827
2014-08-29,27.731
2014-09-01,27.747
2014-09-02,27.744
2014-09-03,27.687
2014-09-04,27.627
2014-09-05,27.606
2014-09-08,27.609
2014-09-09,27.72
2014-09-10,27.639
2014-09-11,27.61
2014-09-12,27.578
2014-09-15,27.549
2014-09-16,27.524
2014-09-17,27.517
2014-09-18,27.536
2014-09-19,27.54
2014-09-22,27.509
2014-09-23,27.536
2014-09-24,27.518
2014-09-25,27.515
2014-09-26,27.533
2014-09-29,27.537
2014-09-30,27.498
2014-10-01,27.467
2014-10-02,27.497
2014-10-03,27.48
2014-10-06,27.471
2014-10-07,27.457
2014-10-08,27.478
2014-10-09,27.468
2014-10-10,27.512
2014-10-13,27.537
2014-10-14,27.572
2014-10-15,27.545
2014-10-16,27.501
2014-10-17,27.501
2014-10-20,27.578
2014-10-21,27.589
2014-10-22,27.696
2014-10-23,27.693
2014-10-24,27.668
2014-10-27,27.716
2014-10-28,27.79
2014-10-29,27.755
2014-10-30,27.746
2014-10-31,27.799
2014-11-03,27.768
2014-11-04,27.776
2014-11-05,27.784
2014-11-06,27.77
2014-11-07,27.725
2014-11-10,27.603
2014-11-11,27.603
2014-11-12,27.669
2014-11-13,27.632
2014-11-14,27.688
2014-11-17,27.67
2014-11-18,27.702
2014-11-19,27.683
2014-11-20,27.677
2014-11-21,27.675
2014-11-24,27.587
2014-11-25,27.577
2014-11-26,27.57
2014-11-27,27.609
2014-11-28,27.63
2014-12-01,27.592
2014-12-02,27.63
2014-12-03,27.614
2014-12-04,27.614
2014-12-05,27.613
2014-12-08,27.612
2014-12-09,27.612
2014-12-10,27.623
2014-12-11,27.617
2014-12-12,27.578
2014-12-15,27.573
2014-12-16,27.559
2014-12-17,27.596
2014-12-18,27.598
2014-12-19,27.608
2014-12-22,27.585
2014-12-23,27.695
2014-12-24,27.74
2014-12-25,27.679
2014-12-26,27.791
2014-12-29,27.702
2014-12-30,27.711
2014-12-31,27.66
2015-01-01,27.702
2015-01-02,27.677
2015-01-05,27.693
2015-01-06,27.663
2015-01-07,27.863
2015-01-08,27.883
2015-01-09,28.134
2015-01-12,28.324
2015-01-13,28.101
2015-01-14,28.038
2015-01-15,27.928
2015-01-16,27.873
2015-01-19,27.943
2015-01-20,27.89
2015-01-21,27.96
2015-01-22,27.869
2015-01-23,27.721
2015-01-26,27.753
2015-01-27,27.906
2015-01-28,27.748
2015-01-29,27.766
2015-01-30,27.751
2015-02-02,27.785
2015-02-03,27.764
2015-02-04,27.742
2015-02-05,27.73
2015-02-06,27.69
2015-02-09,27.717
2015-02-10,27.666
2015-02-11,27.626
2015-02-12,27.65
2015-02-13,27.611
2015-02-16,27.653
2015-02-17,27.583
2015-02-18,27.251
2015-02-19,27.367
2015-02-20,27.526
2015-02-23,27.431
2015-02-24,27.463
2015-02-25,27.421
2015-02-26,27.545
2015-02-27,27.513
2015-03-02,27.506
2015-03-03,27.466
2015-03-04,27.485
2015-03-05,27.286
2015-03-06,27.34
2015-03-09,27.271
2015-03-10,27.283
2015-03-11,27.275
2015-03-12,27.313
2015-03-13,27.301
2015-03-16,27.243
2015-03-17,27.233
2015-03-18,27.339
2015-03-19,27.426
2015-03-20,27.45
2015-03-23,27.396
2015-03-24,27.41
2015-03-25,27.37
2015-03-26,27.485
2015-03-27,27.484
2015-03-30,27.495
2015-03-31,27.559
2015-04-01,27.578
2015-04-02,27.547
2015-04-03,27.548
2015-04-06,27.445
2015-04-07,27.4
2015-04-08,27.392
2015-04-09,27.417
2015-04-10,27.342
2015-04-13,27.35
2015-04-14,27.334
2015-04-15,27.458
2015-04-16,27.455
2015-04-17,27.389
2015-04-20,27.419
2015-04-21,27.442
2015-04-22,27.416
2015-04-23,27.425
2015-04-24,27.473
2015-04-27,27.496
2015-04-28,27.432
2015-04-29,27.432
2015-04-30,27.458
2015-05-01,27.329
2015-05-04,27.371
2015-05-05,27.392
2015-05-06,27.415
2015-05-07,27.375
2015-05-08,27.456
2015-05-11,27.401
2015-05-12,27.427
2015-05-13,27.467
2015-05-14,27.48
2015-05-15,27.404
2015-05-18,27.413
2015-05-19,27.392
2015-05-20,27.318
2015-05-21,27.385
2015-05-22,27.435
2015-05-25,27.368
2015-05-26,27.45
2015-05-27,27.454
2015-05-28,27.435
2015-05-29,27.429
2015-06-01,27.43
2015-06-02,27.467
2015-06-03,27.485
2015-06-04,27.436
2015-06-05,27.42
2015-06-08,27.416
2015-06-09,27.411
2015-06-10,27.263
2015-06-11,27.299
2015-06-12,27.297
2015-06-15,27.265
2015-06-16,27.259
2015-06-17,27.261
2015-06-18,27.234
2015-06-19,27.25
2015-06-22,27.196
2015-06-23,27.202
2015-06-24,27.245
2015-06-25,27.227
2015-06-26,27.241
2015-06-29,27.292
2015-06-30,27.271
2015-07-01,27.265
2015-07-02,27.252
2015-07-03,27.104
2015-07-06,27.174
2015-07-07,27.107
2015-07-08,27.158
2015-07-09,27.103
2015-07-10,27.097
2015-07-13,27.097
2015-07-14,27.053
2015-07-15,27.049
2015-07-16,27.094
2015-07-17,27.054
2015-07-20,27.08
2015-07-21,27.115
2015-07-22,27.041
2015-07-23,27.032
2015-07-24,27.039
2015-07-27,27.028
2015-07-28,27.025
2015-07-29,27.098
2015-07-30,27.053
2015-07-31,27.076
2015-08-03,27.037
2015-08-04,27.049
2015-08-05,27.037
2015-08-06,27.024
2015-08-07,27.036
2015-08-10,27.031
2015-08-11,27.028
2015-08-12,27.026
2015-08-13,27.019
2015-08-14,27.021
2015-08-17,27.025
2015-08-18,27.024
2015-08-19,27.025
2015-08-20,27.023
2015-08-21,27.025
2015-08-24,27.032
2015-08-25,27.062
2015-08-26,27.14
2015-08-27,27.082
2015-08-28,27.025
2015-08-31,27.042
2015-09-01,27.03
2015-09-02,27.029
2015-09-03,27.022
2015-09-04,27.025
2015-09-07,27.045
2015-09-08,27.076
2015-09-09,27.064
2015-09-10,27.047
2015-09-11,27.105
2015-09-14,27.039
2015-09-15,27.09
2015-09-16,27.111
2015-09-17,27.111
2015-09-18,27.071
2015-09-21,27.044
2015-09-22,27.105
2015-09-23,27.185
2015-09-24,27.281
2015-09-25,27.265
2015-09-28,27.245
2015-09-29,27.211
2015-09-30,27.186
2015-10-01,27.152
2015-10-02,27.154
2015-10-05,27.125
2015-10-06,27.102
2015-10-07,27.133
2015-10-08,27.154
2015-10-09,27.094
2015-10-12,27.094
2015-10-13,27.146
2015-10-14,27.101
2015-10-15,27.105
2015-10-16,27.072
2015-10-19,27.078
2015-10-20,27.08
2015-10-21,27.075
2015-10-22,27.078
2015-10-23,27.103
2015-10-26,27.104
2015-10-27,27.1
2015-10-28,27.102
2015-10-29,27.096
2015-10-30,27.091
2015-11-02,27.094
2015-11-03,27.073
2015-11-04,27.056
2015-11-05,27.064
2015-11-06,27.023
2015-11-09,27.028
2015-11-10,27.04
2015-11-11,27.022
2015-11-12,27.035
2015-11-13,27.033
2015-11-16,27.04
2015-11-17,27.033
2015-11-18,27.025
2015-11-19,27.032
2015-11-20,27.048
2015-11-23,27.022
2015-11-24,27.027
2015-11-25,27.033
2015-11-26,27.03
2015-11-27,27.026
2015-11-30,27.038
2015-12-01,27.031
2015-12-02,27.026
2015-12-03,27.068
2015-12-04,27.025
2015-12-07,27.02
2015-12-08,27.022
2015-12-09,27.03
2015-12-10,27.024
2015-12-11,27.023
2015-12-14,27.025
2015-12-15,27.032
2015-12-16,27.032
2015-12-17,27.028
2015-12-18,27.034
2015-12-21,27.037
2015-12-22,27.026
2015-12-23,27.027
2015-12-24,27.037
2015-12-25,27.028
2015-12-28,27.028
2015-12-29,27.028
2015-12-30,27.021
2015-12-31,27.022
2016-01-01,27.023
2016-01-04,27.022
2016-01-05,27.023
2016-01-06,27.031
2016-01-07,27.038
2016-01-08,27.023
2016-01-11,27.022
2016-01-12,27.024
2016-01-13,27.023
2016-01-14,27.021
2016-01-15,27.021
2016-01-18,27.035
2016-01-19,27.029
2016-01-20,27.045
2016-01-21,27.043
2016-01-22,27.02
2016-01-25,27.02
2016-01-26,27.022
2016-01-27,27.023
2016-01-28,27.02
2016-01-29,27.022
2016-02-01,27.021
2016-02-02,27.025
2016-02-03,27.023
2016-02-04,27.026
2016-02-05,27.082
2016-02-08,27.067
2016-02-09,27.025
2016-02-10,27.031
2016-02-11,27.035
2016-02-12,27.041
2016-02-15,27.023
2016-02-16,27.025
2016-02-17,27.026
2016-02-18,27.021
2016-02-19,27.027
2016-02-22,27.062
2016-02-23,27.026
2016-02-24,27.05
2016-02-25,27.054
2016-02-26,27.034
2016-02-29,27.067
2016-03-01,27.034
2016-03-02,27.053
2016-03-03,27.049
2016-03-04,27.054
2016-03-07,27.063
2016-03-08,27.045
2016-03-09,27.053
2016-03-10,27.059
2016-03-11,27.055
2016-03-14,27.045
2016-03-15,27.036
2016-03-16,27.054
2016-03-17,27.039
2016-03-18,27.045
2016-03-21,27.026
2016-03-22,27.034
2016-03-23,27.045
2016-03-24,27.07
2016-03-25,27.049
2016-03-28,27.073
2016-03-29,27.059
2016-03-30,27.054
2016-03-31,27.042
2016-04-01,27.027
2016-04-04,27.037
2016-04-05,27.037
2016-04-06,27.026
2016-04-07,27.021
2016-04-08,27.025
2016-04-11,27.027
2016-04-12,27.026
2016-04-13,27.03
2016-04-14,27.026
2016-04-15,27.028
2016-04-18,27.021
2016-04-19,27.022
2016-04-20,27.021
2016-04-21,27.024
2016-04-22,27.038
2016-04-25,27.03
2016-04-26,27.039
2016-04-27,27.038
2016-04-28,27.043
2016-04-29,27.048
2016-05-02,27.03
2016-05-03,27.032
2016-05-04,27.031
2016-05-05,27.029
2016-05-06,27.025
2016-05-09,27.02
2016-05-10,27.022
2016-05-11,27.022
2016-05-12,27.021
2016-05-13,27.021
2016-05-16,27.023
2016-05-17,27.022
2016-05-18,27.022
2016-05-19,27.022
2016-05-20,27.029
2016-05-23,27.037
2016-05-24,27.029
2016-05-25,27.021
2016-05-26,27.025
2016-05-27,27.024
2016-05-30,27.022
2016-05-31,27.021
2016-06-01,27.026
2016-06-02,27.024
2016-06-03,27.025
2016-06-06,27.021
2016-06-07,27.02
2016-06-08,27.021
2016-06-09,27.024
2016-06-10,27.025
2016-06-13,27.028
2016-06-14,27.056
2016-06-15,27.084
2016-06-16,27.07
2016-06-17,27.066
2016-06-20,27.059
2016-06-21,27.067
2016-06-22,27.066
2016-06-23,27.067
2016-06-24,27.098
2016-06-27,27.15
2016-06-28,27.136
2016-06-29,27.107
2016-06-30,27.077
2016-07-01,27.106
2016-07-04,27.075
2016-07-05,27.047
2016-07-06,27.062
2016-07-07,27.036
2016-07-08,27.029
2016-07-11,27.043
2016-07-12,27.033
2016-07-13,27.024
2016-07-14,27.03
2016-07-15,27.023
2016-07-18,27.024
2016-07-19,27.02
2016-07-20,27.028
2016-07-21,27.023
2016-07-22,27.025
2016-07-25,27.023
2016-07-26,27.026
2016-07-27,27.039
2016-07-28,27.04
2016-07-29,27.032
2016-08-01,27.026
2016-08-02,27.032
2016-08-03,27.026
2016-08-04,27.025
2016-08-05,27.028
2016-08-08,27.029
2016-08-09,27.021
2016-08-10,27.035
2016-08-11,27.021
2016-08-12,27.021
2016-08-15,27.021
2016-08-16,27.025
2016-08-17,27.021
2016-08-18,27.021
2016-08-19,27.023
2016-08-22,27.023
2016-08-23,27.022
2016-08-24,27.023
2016-08-25,27.021
2016-08-26,27.021
2016-08-29,27.022
2016-08-30,27.023
2016-08-31,27.027
2016-09-01,27.02
2016-09-02,27.03
2016-09-05,27.021
2016-09-06,27.021
2016-09-07,27.021
2016-09-08,27.02
2016-09-09,27.021
2016-09-12,27.021
2016-09-13,27.022
2016-09-14,27.025
2016-09-15,27.025
2016-09-16,27.02
2016-09-19,27.021
2016-09-20,27.022
2016-09-21,27.024
2016-09-22,27.023
2016-09-23,27.02
2016-09-26,27.021
2016-09-27,27.023
2016-09-28,27.022
2016-09-29,27.023
2016-09-30,27.022
2016-10-03,27.02
2016-10-04,27.02
2016-10-05,27.02
2016-10-06,27.02
2016-10-07,27.021
2016-10-10,27.025
2016-10-11,27.02
2016-10-12,27.02
2016-10-13,27.022
2016-10-14,27.021
2016-10-17,27.025
2016-10-18,27.02
2016-10-19,27.021
2016-10-20,27.019
2016-10-21,27.02
2016-10-24,27.021
2016-10-25,27.018
2016-10-26,27.023
2016-10-27,27.021
2016-10-28,27.027
2016-10-31,27.024
2016-11-01,27.025
2016-11-02,27.023
2016-11-03,27.02
2016-11-04,27.022
2016-11-07,27.022
2016-11-08,27.021
2016-11-09,27.03
2016-11-10,27.028
2016-11-11,27.028
2016-11-14,27.034
2016-11-15,27.04
2016-11-16,27.029
2016-11-17,27.029
2016-11-18,27.025
2016-11-21,27.03
2016-11-22,27.032
2016-11-23,27.034
2016-11-24,27.031
2016-11-25,27.033
2016-11-28,27.056
2016-11-29,27.058
2016-11-30,27.049
2016-12-01,27.057
2016-12-02,27.049
2016-12-05,27.047
2016-12-06,27.039
2016-12-07,27.03
2016-12-08,27.055
2016-12-09,27.03
2016-12-12,27.03
2016-12-13,27.021
2016-12-14,27.02
2016-12-15,27.021
2016-12-16,27.022
2016-12-19,27.021
2016-12-20,27.02
2016-12-21,27.02
2016-12-22,27.024
2016-12-23,27.024
2016-12-26,27.024
2016-12-27,27.022
2016-12-28,27.023
2016-12-29,27.019
2016-12-30,27.015
2017-01-02,27.021
2017-01-03,27.02
2017-01-04,27.023
2017-01-05,27.02
2017-01-06,27.021
2017-01-09,27.02
2017-01-10,27.021
2017-01-11,27.038
2017-01-12,27.022
2017-01-13,27.022
2017-01-16,27.021
2017-01-17,27.02
2017-01-18,27.019
2017-01-19,27.024
2017-01-20,27.024
2017-01-23,27.029
2017-01-24,27.021
2017-01-25,27.021
2017-01-26,27.021
2017-01-27,27.024
2017-01-30,27.021
2017-01-31,27.021
2017-02-01,27.021
2017-02-02,27.02
2017-02-03,27.022
2017-02-06,27.022
2017-02-07,27.021
2017-02-08,27.022
2017-02-09,27.02
2017-02-10,27.022
2017-02-13,27.021
2017-02-14,27.021
2017-02-15,27.021
2017-02-16,27.021
2017-02-17,27.021
2017-02-20,27.021
2017-02-21,27.02
2017-02-22,27.021
2017-02-23,27.021
2017-02-24,27.021
2017-02-27,27.021
2017-02-28,27.022
2017-03-01,27.021
2017-03-02,27.021
2017-03-03,27.021
2017-03-06,27.023
2017-03-07,27.024
2017-03-08,27.021
2017-03-09,27.021
2017-03-10,27.019
2017-03-13,27.021
2017-03-14,27.021
2017-03-15,27.022
2017-03-16,27.021
2017-03-17,27.021
2017-03-20,27.021
2017-03-21,27.021
2017-03-22,27.02
2017-03-23,27.021
2017-03-24,27.021
2017-03-27,27.021
2017-03-28,27.021
2017-03-29,27.026
2017-03-30,27.131
2017-03-31,27.035
2017-04-03,27.052
2017-04-04,27.041
2017-04-05,27.041
2017-04-06,26.631
2017-04-07,26.579
2017-04-10,26.629
2017-04-11,26.67
2017-04-12,26.704
2017-04-13,26.697
2017-04-14,26.698
2017-04-17,26.651
2017-04-18,26.787
2017-04-19,26.881
2017-04-20,26.886
2017-04-21,26.93
2017-04-24,26.832
2017-04-25,26.841
2017-04-26,26.899
2017-04-27,27.034
2017-04-28,26.838
2017-05-01,26.855
2017-05-02,26.909
2017-05-03,26.747
2017-05-04,26.825
2017-05-05,26.75
2017-05-08,26.66
2017-05-09,26.633
2017-05-10,26.573
2017-05-11,26.578
2017-05-12,26.553
2017-05-15,26.46
2017-05-16,26.392
2017-05-17,26.497
2017-05-18,26.591
2017-05-19,26.489
2017-05-22,26.52
2017-05-23,26.434
2017-05-24,26.463
2017-05-25,26.445
2017-05-26,26.47
2017-05-29,26.513
2017-05-30,26.463
2017-05-31,26.355
2017-06-01,26.339
2017-06-02,26.336
2017-06-05,26.321
2017-06-06,26.321
2017-06-07,26.316
2017-06-08,26.297
2017-06-09,26.175
2017-06-12,26.199
2017-06-13,26.155
2017-06-14,26.168
2017-06-15,26.25
2017-06-16,26.174
2017-06-19,26.174
2017-06-20,26.305
2017-06-21,26.311
2017-06-22,26.322
2017-06-23,26.271
2017-06-26,26.303
2017-06-27,26.324
2017-06-28,26.296
2017-06-29,26.216
2017-06-30,26.125
2017-07-03,26.128
2017-07-04,26.145
2017-07-05,26.095
2017-07-06,26.145
2017-07-07,26.107
2017-07-10,26.095
2017-07-11,26.129
2017-07-12,26.115
2017-07-13,26.105
2017-07-14,26.075
2017-07-17,26.076
2017-07-18,26.122
2017-07-19,26.088
2017-07-20,26.053
2017-07-21,26.048
2017-07-24,26.032
2017-07-25,26.038
2017-07-26,26.021
2017-07-27,26.069
2017-07-28,26.068
2017-07-31,26.083
2017-08-01,26.146
2017-08-02,26.1
2017-08-03,26.046
2017-08-04,26.116
2017-08-07,26.135
2017-08-08,26.155
2017-08-09,26.179
2017-08-10,26.181
2017-08-11,26.162
2017-08-14,26.132
2017-08-15,26.159
2017-08-16,26.064
2017-08-17,26.069
2017-08-18,26.052
2017-08-21,26.109
2017-08-22,26.094
2017-08-23,26.12
2017-08-24,26.106
2017-08-25,26.097
2017-08-28,26.082
2017-08-29,26.111
2017-08-30,26.057
2017-08-31,26.11
2017-09-01,26.056
2017-09-04,26.076
2017-09-05,26.094
2017-09-06,26.098
2017-09-07,26.129
2017-09-08,26.117
2017-09-11,26.084
2017-09-12,26.108
2017-09-13,26.106
2017-09-14,26.068
2017-09-15,26.09
2017-09-18,26.114
2017-09-19,26.1
2017-09-20,26.101
2017-09-21,26.075
2017-09-22,26.048
2017-09-25,26.049
2017-09-26,26.035
2017-09-27,26.038
2017-09-28,26.029
2017-09-29,25.992
2017-10-02,25.949
2017-10-03,25.927
2017-10-04,25.854
2017-10-05,25.821
2017-10-06,25.888
2017-10-09,25.883
2017-10-10,25.877
2017-10-11,25.88
2017-10-12,25.873
2017-10-13,25.807
2017-10-16,25.793
2017-10-17,25.758
2017-10-18,25.716
2017-10-19,25.729
2017-10-20,25.706
2017-10-23,25.659
2017-10-24,25.609
2017-10-25,25.604
2017-10-26,25.687
2017-10-27,25.618
2017-10-30,25.665
2017-10-31,25.658
2017-11-01,25.574
2017-11-02,25.684
2017-11-03,25.682
2017-11-06,25.565
2017-11-07,25.553
2017-11-08,25.585
2017-11-09,25.534
2017-11-10,25.553
2017-11-13,25.562
2017-11-14,25.603
2017-11-15,25.642
2017-11-16,25.564
2017-11-17,25.567
2017-11-20,25.544
2017-11-21,25.491
2017-11-22,25.48
2017-11-23,25.428
2017-11-24,25.45
2017-11-27,25.441
2017-11-28,25.489
2017-11-29,25.49
2017-11-30,25.517
2017-12-01,25.577
2017-12-04,25.603
2017-12-05,25.651
2017-12-06,25.618
2017-12-07,25.576
2017-12-08,25.56
2017-12-11,25.615
2017-12-12,25.631
2017-12-13,25.66
2017-12-14,25.697
2017-12-15,25.686
2017-12-18,25.688
2017-12-19,25.68
2017-12-20,25.683
2017-12-21,25.726
2017-12-22,25.754
2017-12-25,25.75
2017-12-26,25.744
2017-12-27,25.93
2017-12-28,25.583
2017-12-29,25.507
2018-01-01,25.534
2018-01-02,25.507
2018-01-03,25.507
2018-01-04,25.517
2018-01-05,25.54
2018-01-08,25.573
2018-01-09,25.545
2018-01-10,25.561
2018-01-11,25.511
2018-01-12,25.517
2018-01-15,25.533
2018-01-16,25.426
2018-01-17,25.372
2018-01-18,25.358
2018-01-19,25.383
2018-01-22,25.402
2018-01-23,25.388
2018-01-24,25.387
2018-01-25,25.35
2018-01-26,25.318
2018-01-29,25.301
2018-01-30,25.306
2018-01-31,25.273
2018-02-01,25.189
2018-02-02,25.237
2018-02-05,25.224
2018-02-06,25.23
2018-02-07,25.268
2018-02-08,25.372
2018-02-09,25.396
2018-02-12,25.377
2018-02-13,25.372
2018-02-14,25.377
2018-02-15,25.353
2018-02-16,25.355
2018-02-19,25.305
2018-02-20,25.334
2018-02-21,25.357
2018-02-22,25.356
2018-02-23,25.364
2018-02-26,25.366
2018-02-27,25.426
2018-02-28,25.41
2018-03-01,25.434
2018-03-02,25.369
2018-03-05,25.409
2018-03-06,25.389
2018-03-07,25.42
2018-03-08,25.416
2018-03-09,25.452
2018-03-12,25.458
2018-03-13,25.482
2018-03-14,25.447
2018-03-15,25.396
2018-03-16,25.417
2018-03-19,25.427
2018-03-20,25.423
2018-03-21,25.4
2018-03-22,25.405
2018-03-23,25.427
2018-03-26,25.452
2018-03-27,25.471
2018-03-28,25.462
2018-03-29,25.394
2018-03-30,25.347
2018-04-02,25.382
2018-04-03,25.327
2018-04-04,25.326
2018-04-05,25.328
2018-04-06,25.364
2018-04-09,25.349
2018-04-10,25.304
2018-04-11,25.334
2018-04-12,25.309
2018-04-13,25.301
2018-04-16,25.264
2018-04-17,25.28
2018-04-18,25.312
2018-04-19,25.333
2018-04-20,25.358
2018-04-23,25.418
2018-04-24,25.445
2018-04-25,25.462
2018-04-26,25.465
2018-04-27,25.471
2018-04-30,25.592
2018-05-01,25.683
2018-05-02,25.613
2018-05-03,25.501
2018-05-04,25.493
2018-05-07,25.525
2018-05-08,25.577
2018-05-09,25.575
2018-05-10,25.473
2018-05-11,25.487
2018-05-14,25.496
2018-05-15,25.569
2018-05-16,25.517
2018-05-17,25.583
2018-05-18,25.645
2018-05-21,25.687
2018-05-22,25.679
2018-05-23,25.786
2018-05-24,25.783
2018-05-25,25.727
2018-05-28,25.724
2018-05-29,25.921
2018-05-30,25.844
2018-05-31,25.826
2018-06-01,25.796
2018-06-04,25.708
2018-06-05,25.628
2018-06-06,25.671
2018-06-07,25.773
2018-06-08,25.752
2018-06-11,25.651
2018-06-12,25.689
2018-06-13,25.69
2018-06-14,25.764
2018-06-15,25.729
2018-06-18,25.786
2018-06-19,25.843
2018-06-20,25.84
2018-06-21,25.869
2018-06-22,25.796
2018-06-25,25.909
2018-06-26,25.906
2018-06-27,25.944
2018-06-28,25.94
2018-06-29,25.989
2018-07-02,26.092
2018-07-03,26.125
2018-07-04,26.057
2018-07-05,25.958
2018-07-06,25.898
2018-07-09,25.856
2018-07-10,25.864
2018-07-11,25.943
2018-07-12,25.918
2018-07-13,25.889
2018-07-16,25.859
2018-07-17,25.855
2018-07-18,25.84
2018-07-19,25.919
2018-07-20,25.876
2018-07-23,25.823
2018-07-24,25.696
2018-07-25,25.634
2018-07-26,25.645
2018-07-27,25.635
2018-07-30,25.592
2018-07-31,25.578
2018-08-01,25.589
2018-08-02,25.668
2018-08-03,25.615
2018-08-06,25.639
2018-08-07,25.596
2018-08-08,25.597
2018-08-09,25.589
2018-08-10,25.642
2018-08-13,25.771
2018-08-14,25.696
2018-08-15,25.768
2018-08-16,25.736
2018-08-17,25.694
2018-08-20,25.743
2018-08-21,25.74
2018-08-22,25.721
2018-08-23,25.747
2018-08-24,25.754
2018-08-27,25.716
2018-08-28,25.712
2018-08-29,25.732
2018-08-30,25.768
2018-08-31,25.763
2018-09-03,25.74
2018-09-04,25.732
2018-09-05,25.743
2018-09-06,25.72
2018-09-07,25.689
2018-09-10,25.652
2018-09-11,25.647
2018-09-12,25.589
2018-09-13,25.512
2018-09-14,25.477
2018-09-17,25.447
2018-09-18,25.435
2018-09-19,25.512
2018-09-20,25.565
2018-09-21,25.601
2018-09-24,25.613
2018-09-25,25.6
2018-09-26,25.641
2018-09-27,25.682
2018-09-28,25.765
2018-10-01,25.782
2018-10-02,25.799
2018-10-03,25.723
2018-10-04,25.778
2018-10-05,25.758
2018-10-08,25.778
2018-10-09,25.81
2018-10-10,25.882
2018-10-11,25.822
2018-10-12,25.777
2018-10-15,25.821
2018-10-16,25.823
2018-10-17,25.842
2018-10-18,25.871
2018-10-19,25.855
2018-10-22,25.839
2018-10-23,25.783
2018-10-24,25.865
2018-10-25,25.871
2018-10-26,25.816
2018-10-29,25.878
2018-10-30,25.891
2018-10-31,25.929
2018-11-01,25.844
2018-11-02,25.808
2018-11-05,25.804
2018-11-06,25.855
2018-11-07,25.879
2018-11-08,25.88
2018-11-09,25.931
2018-11-12,25.928
2018-11-13,25.947
2018-11-14,26.023
2018-11-15,26.005
2018-11-16,25.996
2018-11-19,26.026
2018-11-20,26.028
2018-11-21,26.0
2018-11-22,25.999
2018-11-23,25.928
2018-11-26,25.932
2018-11-27,25.932
2018-11-28,25.937
2018-11-29,25.963
2018-11-30,25.964
2018-12-03,25.931
2018-12-04,25.933
2018-12-05,25.916
2018-12-06,25.881
2018-12-07,25.864
2018-12-10,25.861
2018-12-11,25.855
2018-12-12,25.852
2018-12-13,25.82
2018-12-14,25.791
2018-12-17,25.782
2018-12-18,25.746
2018-12-19,25.764
2018-12-20,25.799
2018-12-21,25.857
2018-12-24,25.874
2018-12-25,25.876
2018-12-26,25.897
2018-12-27,25.833
2018-12-28,25.743
2018-12-31,25.716
2019-01-01,25.741
2019-01-02,25.773
2019-01-03,25.66
2019-01-04,25.557
2019-01-07,25.563
2019-01-08,25.629
2019-01-09,25.628
2019-01-10,25.575
2019-01-11,25.557
2019-01-14,25.551
2019-01-15,25.545
2019-01-16,25.538
2019-01-17,25.542
2019-01-18,25.579
2019-01-21,25.582
2019-01-22,25.642
2019-01-23,25.705
2019-01-24,25.725
2019-01-25,25.675
2019-01-28,25.76
2019-01-29,25.775
2019-01-30,25.781
2019-01-31,25.751
2019-02-01,25.717
2019-02-04,25.688
2019-02-05,25.711
2019-02-06,25.802
2019-02-07,25.8
2019-02-08,25.812
2019-02-11,25.871
2019-02-12,25.855
2019-02-13,25.814
2019-02-14,25.785
2019-02-15,25.677
2019-02-18,25.72
2019-02-19,25.68
2019-02-20,25.659
2019-02-21,25.647
2019-02-22,25.655
2019-02-25,25.641
2019-02-26,25.634
2019-02-27,25.646
2019-02-28,25.63
2019-03-01,25.633
2019-03-04,25.632
2019-03-05,25.63
2019-03-06,25.593
2019-03-07,25.628
2019-03-08,25.648
2019-03-11,25.636
2019-03-12,25.665
2019-03-13,25.661
2019-03-14,25.664
2019-03-15,25.626
2019-03-18,25.604
2019-03-19,25.618
2019-03-20,25.643
2019-03-21,25.674
2019-03-22,25.764
2019-03-25,25.749
2019-03-26,25.739
2019-03-27,25.774
2019-03-28,25.814
2019-03-29,25.82
2019-04-01,25.767
2019-04-02,25.739
2019-04-03,25.7
2019-04-04,25.664
2019-04-05,25.636
2019-04-08,25.627
2019-04-09,25.63
2019-04-10,25.591
2019-04-11,25.61
2019-04-12,25.617
2019-04-15,25.637
2019-04-16,25.665
2019-04-17,25.661
2019-04-18,25.694
2019-04-19,25.699
2019-04-22,25.716
2019-04-23,25.734
2019-04-24,25.735
2019-04-25,25.721
2019-04-26,25.709
2019-04-29,25.669
2019-04-30,25.63
2019-05-01,25.623
2019-05-02,25.701
2019-05-03,25.709
2019-05-06,25.722
2019-05-07,25.731
2019-05-08,25.727
2019-05-09,25.736
2019-05-10,25.722
2019-05-13,25.765
2019-05-14,25.751
2019-05-15,25.732
2019-05-16,25.717
2019-05-17,25.756
2019-05-20,25.794
2019-05-21,25.777
2019-05-22,25.812
2019-05-23,25.863
2019-05-24,25.819
2019-05-27,25.842
2019-05-28,25.85
2019-05-29,25.853
2019-05-30,25.835
2019-05-31,25.849
2019-06-03,25.813
2019-06-04,25.719
2019-06-05,25.666
2019-06-06,25.641
2019-06-07,25.613
2019-06-10,25.632
2019-06-11,25.617
2019-06-12,25.591
2019-06-13,25.559
2019-06-14,25.551
2019-06-17,25.569
2019-06-18,25.599
2019-06-19,25.628
2019-06-20,25.599
2019-06-21,25.607
2019-06-24,25.57
2019-06-25,25.46
2019-06-26,25.426
2019-06-27,25.443
2019-06-28,25.434
2019-07-01,25.453
2019-07-02,25.45
2019-07-03,25.444
2019-07-04,25.473
2019-07-05,25.494
2019-07-08,25.523
2019-07-09,25.559
2019-07-10,25.584
2019-07-11,25.599
2019-07-12,25.586
2019-07-15,25.587
2019-07-16,25.579
2019-07-17,25.617
2019-07-18,25.54
2019-07-19,25.531
2019-07-22,25.541
2019-07-23,25.553
2019-07-24,25.499
2019-07-25,25.538
2019-07-26,25.573
2019-07-29,25.65
2019-07-30,25.66
2019-07-31,25.692
2019-08-01,25.791
2019-08-02,25.751
2019-08-05,25.804
2019-08-06,25.742
2019-08-07,25.766
2019-08-08,25.795
2019-08-09,25.856
2019-08-12,25.842
2019-08-13,25.833
2019-08-14,25.873
2019-08-15,25.839
2019-08-16,25.748
2019-08-19,25.797
2019-08-20,25.789
2019-08-21,25.784
2019-08-22,25.789
2019-08-23,25.857
2019-08-26,25.804
2019-08-27,25.833
2019-08-28,25.869
2019-08-29,25.894
2019-08-30,25.953
2019-09-02,25.892
2019-09-03,25.854
2019-09-04,25.851
2019-09-05,25.843
2019-09-06,25.855
2019-09-09,25.852
2019-09-10,25.856
2019-09-11,25.891
2019-09-12,25.838
2019-09-13,25.849
2019-09-16,25.862
2019-09-17,25.905
2019-09-18,25.876
2019-09-19,25.897
2019-09-20,25.864
2019-09-23,25.881
2019-09-24,25.86
2019-09-25,25.761
2019-09-26,25.838
2019-09-27,25.84
2019-09-30,25.799
2019-10-01,25.78
2019-10-02,25.783
2019-10-03,25.714
2019-10-04,25.723
2019-10-07,25.776
2019-10-08,25.786
2019-10-09,25.815
2019-10-10,25.826
2019-10-11,25.812
2019-10-14,25.833
2019-10-15,25.783
2019-10-16,25.757
2019-10-17,25.707
2019-10-18,25.633
2019-10-21,25.583
2019-10-22,25.561
2019-10-23,25.599
2019-10-24,25.608
2019-10-25,25.553
2019-10-28,25.52
2019-10-29,25.545
2019-10-30,25.515
2019-10-31,25.514
2019-11-01,25.508
2019-11-04,25.54
2019-11-05,25.506
2019-11-06,25.536
2019-11-07,25.528
2019-11-08,25.484
2019-11-11,25.506
2019-11-12,25.545
2019-11-13,25.571
2019-11-14,25.575
2019-11-15,25.601
2019-11-18,25.578
2019-11-19,25.558
2019-11-20,25.519
2019-11-21,25.544
2019-11-22,25.498
2019-11-25,25.498
2019-11-26,25.507
2019-11-27,25.525
2019-11-28,25.555
2019-11-29,25.544
2019-12-02,25.552
2019-12-03,25.526
2019-12-04,25.547
2019-12-05,25.542
2019-12-06,25.531
2019-12-09,25.527
2019-12-10,25.535
2019-12-11,25.51
2019-12-12,25.523
2019-12-13,25.472
2019-12-16,25.446
2019-12-17,25.439
2019-12-18,25.487
2019-12-19,25.417
2019-12-20,25.447
2019-12-23,25.496
2019-12-24,25.475
2019-12-25,25.46
2019-12-26,25.481
2019-12-27,25.461
2019-12-30,25.4
2019-12-31,25.418
2020-01-01,25.439
2020-01-02,25.346
2020-01-03,25.345
2020-01-06,25.245
2020-01-07,25.239
2020-01-08,25.224
2020-01-09,25.245
2020-01-10,25.274
2020-01-13,25.208
2020-01-14,25.172
2020-01-15,25.085
2020-01-16,25.163
2020-01-17,25.153
2020-01-20,25.095
2020-01-21,25.1
2020-01-22,25.136
2020-01-23,25.163
2020-01-24,25.169
2020-01-27,25.262
2020-01-28,25.226
2020-01-29,25.246
2020-01-30,25.247
2020-01-31,25.223
2020-02-03,25.207
2020-02-04,25.098
2020-02-05,25.076
2020-02-06,24.985
2020-02-07,25.044
2020-02-10,25.031
2020-02-11,24.933
2020-02-12,24.838
2020-02-13,24.872
2020-02-14,24.861
2020-02-17,24.841
2020-02-18,24.946
2020-02-19,24.957
2020-02-20,25.058
2020-02-21,25.059
2020-02-24,25.252
2020-02-25,25.252
2020-02-26,25.345
2020-02-27,25.311
2020-02-28,25.476
2020-03-02,25.509
2020-03-03,25.403
2020-03-04,25.288
2020-03-05,25.382
2020-03-06,25.397
2020-03-09,25.575
2020-03-10,25.639
2020-03-11,25.791
2020-03-12,26.216
2020-03-13,26.316
2020-03-16,27.39
2020-03-17,27.131
2020-03-18,27.744
2020-03-19,27.77
2020-03-20,27.253
2020-03-23,27.806
2020-03-24,27.712
2020-03-25,27.473
2020-03-26,27.177
2020-03-27,27.369
2020-03-30,27.324
2020-03-31,27.358
2020-04-01,27.505
2020-04-02,27.533
2020-04-03,27.773
2020-04-06,27.578
2020-04-07,27.153
2020-04-08,27.174
2020-04-09,27.012
2020-04-10,26.998
2020-04-13,26.888
2020-04-14,26.836
2020-04-15,26.981
2020-04-16,27.181
2020-04-17,27.243
2020-04-20,27.418
2020-04-21,27.498
2020-04-22,27.619
2020-04-23,27.512
2020-04-24,27.205
2020-04-27,27.293
2020-04-28,27.183
2020-04-29,27.106
2020-04-30,27.114
2020-05-01,27.204
2020-05-04,27.063
2020-05-05,27.037
2020-05-06,27.117
2020-05-07,27.242
2020-05-08,27.24
2020-05-11,27.511
2020-05-12,27.454
2020-05-13,27.465
2020-05-14,27.599
2020-05-15,27.72
2020-05-18,27.64
2020-05-19,27.495
2020-05-20,27.317
2020-05-21,27.11
2020-05-22,27.284
2020-05-25,27.251
2020-05-26,27.029
2020-05-27,27.118
2020-05-28,27.021
2020-05-29,26.93
2020-06-01,26.746
2020-06-02,26.583
2020-06-03,26.624
2020-06-04,26.676
2020-06-05,26.6
2020-06-08,26.581
2020-06-09,26.559
2020-06-10,26.566
2020-06-11,26.756
2020-06-12,26.735
2020-06-15,26.643
2020-06-16,26.615
2020-06-17,26.592
2020-06-18,26.675
2020-06-19,26.659
2020-06-22,26.674
2020-06-23,26.616
2020-06-24,26.723
2020-06-25,26.701
2020-06-26,26.761
2020-06-29,26.776
2020-06-30,26.664
2020-07-01,26.606
2020-07-02,26.596
2020-07-03,26.678
2020-07-06,26.675
2020-07-07,26.721
2020-07-08,26.65
2020-07-09,26.655
2020-07-10,26.671
2020-07-13,26.682
2020-07-14,26.666
2020-07-15,26.674
2020-07-16,26.696
2020-07-17,26.663
2020-07-20,26.619
2020-07-21,26.348
2020-07-22,26.366
2020-07-23,26.308
2020-07-24,26.242
2020-07-27,26.208
2020-07-28,26.285
2020-07-29,26.19
2020-07-30,26.224
2020-07-31,26.247
2020-08-03,26.28
2020-08-04,26.126
2020-08-05,26.088
2020-08-06,26.307
2020-08-07,26.306
2020-08-10,26.212
2020-08-11,26.172
2020-08-12,26.138
2020-08-13,26.142
2020-08-14,26.089
2020-08-17,26.132
2020-08-18,26.117
2020-08-19,26.1
2020-08-20,26.042
2020-08-21,26.071
2020-08-24,26.082
2020-08-25,26.171
2020-08-26,26.265
2020-08-27,26.286
2020-08-28,26.118
2020-08-31,26.264
2020-09-01,26.245
2020-09-02,26.338
2020-09-03,26.375
2020-09-04,26.469
2020-09-07,26.472
2020-09-08,26.517
2020-09-09,26.498
2020-09-10,26.596
2020-09-11,26.576
2020-09-14,26.658
2020-09-15,26.767
2020-09-16,26.712
2020-09-17,26.716
2020-09-18,26.741
2020-09-21,27.125
2020-09-22,26.921
2020-09-23,26.99
2020-09-24,27.11
2020-09-25,27.118
2020-09-28,27.202
2020-09-29,27.194
2020-09-30,27.075
2020-10-01,26.849
2020-10-02,27.152
2020-10-05,27.1
2020-10-06,27.049
2020-10-07,27.086
2020-10-08,27.182
2020-10-09,27.014
2020-10-12,27.181
2020-10-13,27.368
2020-10-14,27.306
2020-10-15,27.357
2020-10-16,27.25
2020-10-19,27.268
2020-10-20,27.152
2020-10-21,27.225
2020-10-22,27.201
2020-10-23,27.21
2020-10-26,27.29
2020-10-27,27.321
2020-10-28,27.443
2020-10-29,27.372
2020-10-30,27.244
2020-11-02,27.1
2020-11-03,26.862
2020-11-04,26.857
2020-11-05,26.654
2020-11-06,26.57
2020-11-09,26.508
2020-11-10,26.431
2020-11-11,26.434
2020-11-12,26.522
2020-11-13,26.423
2020-11-16,26.431
2020-11-17,26.49
2020-11-18,26.356
2020-11-19,26.342
2020-11-20,26.366
2020-11-23,26.309
2020-11-24,26.134
2020-11-25,26.142
2020-11-26,26.156
2020-11-27,26.192
2020-11-30,26.247
2020-12-01,26.282
2020-12-02,26.383
2020-12-03,26.422
2020-12-04,26.47
2020-12-07,26.501
2020-12-08,26.341
2020-12-09,26.309
2020-12-10,26.338
2020-12-11,26.341
2020-12-14,26.346
2020-12-15,26.301
2020-12-16,26.179
2020-12-17,26.136
2020-12-18,26.156
2020-12-21,26.197
2020-12-22,26.326
2020-12-23,26.324
2020-12-24,26.24
2020-12-25,26.244
2020-12-28,26.341
2020-12-29,26.206
2020-12-30,26.233
2020-12-31,26.24
2021-01-01,26.237
2021-01-04,26.192
2021-01-05,26.145
2021-01-06,26.181
2021-01-07,26.223
2021-01-08,26.165
2021-01-11,26.242
2021-01-12,26.165
2021-01-13,26.159
2021-01-14,26.145
2021-01-15,26.179
2021-01-18,26.162
2021-01-19,26.151
2021-01-20,26.095
2021-01-21,26.089
2021-01-22,26.117
2021-01-25,26.152
2021-01-26,26.053
2021-01-27,26.077
2021-01-28,26.063
2021-01-29,26.044
2021-02-01,25.945
2021-02-02,25.885
2021-02-03,25.884
2021-02-04,25.848
2021-02-05,25.778
2021-02-08,25.685
2021-02-09,25.733
2021-02-10,25.776
2021-02-11,25.755
2021-02-12,25.735
2021-02-15,25.679
2021-02-16,25.817
2021-02-17,25.84
2021-02-18,25.917
2021-02-19,25.891
2021-02-22,25.912
2021-02-23,25.867
2021-02-24,26.03
2021-02-25,26.236
2021-02-26,26.184
2021-03-01,26.183
2021-03-02,26.199
2021-03-03,26.185
2021-03-04,26.248
2021-03-05,26.332
2021-03-08,26.405
2021-03-09,26.191
2021-03-10,26.217
2021-03-11,26.179
2021-03-12,26.186
2021-03-15,26.184
2021-03-16,26.131
2021-03-17,26.08
2021-03-18,26.14
2021-03-19,26.073
2021-03-22,26.07
2021-03-23,26.209
2021-03-24,26.244
2021-03-25,26.173
2021-03-26,26.067
2021-03-29,26.11
2021-03-30,26.155
2021-03-31,26.119
2021-04-01,26.086
2021-04-02,26.108
2021-04-05,25.986
2021-04-06,26.015
2021-04-07,25.864
2021-04-08,25.819
2021-04-09,26.021
2021-04-12,26.016
2021-04-13,25.919
2021-04-14,25.936
2021-04-15,25.909
2021-04-16,25.936
2021-04-19,25.944
2021-04-20,25.932
2021-04-21,25.858
2021-04-22,25.855
2021-04-23,25.824
2021-04-26,25.856
2021-04-27,25.93
2021-04-28,25.895
2021-04-29,25.86
2021-04-30,25.874
2021-05-03,25.796
2021-05-04,25.848
2021-05-05,25.798
2021-05-06,25.711
2021-05-07,25.66
2021-05-10,25.569
2021-05-11,25.508
2021-05-12,25.58
2021-05-13,25.502
2021-05-14,25.456
2021-05-17,25.414
2021-05-18,25.407
2021-05-19,25.503
2021-05-20,25.494
2021-05-21,25.473
2021-05-24,25.397
2021-05-25,25.416
2021-05-26,25.427
2021-05-27,25.44
2021-05-28,25.463
2021-05-31,25.435
2021-06-01,25.409
2021-06-02,25.464
2021-06-03,25.48
2021-06-04,25.421
2021-06-07,25.412
2021-06-08,25.425
2021-06-09,25.39
2021-06-10,25.356
2021-06-11,25.393
2021-06-14,25.423
2021-06-15,25.454
2021-06-16,25.497
2021-06-17,25.558
2021-06-18,25.579
2021-06-21,25.51
2021-06-22,25.496
2021-06-23,25.364
2021-06-24,25.449
2021-06-25,25.495
2021-06-28,25.422
2021-06-29,25.496
2021-06-30,25.507
2021-07-01,25.538
2021-07-02,25.572
2021-07-05,25.579
2021-07-06,25.642
2021-07-07,25.78
2021-07-08,25.84
2021-07-09,25.753
2021-07-12,25.67
2021-07-13,25.646
2021-07-14,25.583
2021-07-15,25.562
2021-07-16,25.525
2021-07-19,25.701
2021-07-20,25.648
2021-07-21,25.69
2021-07-22,25.627
2021-07-23,25.646
2021-07-26,25.671
2021-07-27,25.706
2021-07-28,25.559
2021-07-29,25.477
2021-07-30,25.502
2021-08-02,25.484
2021-08-03,25.454
2021-08-04,25.45
2021-08-05,25.4
2021-08-06,25.413
2021-08-09,25.366
2021-08-10,25.387
2021-08-11,25.39
2021-08-12,25.375
2021-08-13,25.402
2021-08-16,25.421
2021-08-17,25.447
2021-08-18,25.445
2021-08-19,25.543
2021-08-20,25.564
2021-08-23,25.558
2021-08-24,25.528
2021-08-25,25.556
2021-08-26,25.531
2021-08-27,25.52
2021-08-30,25.584
2021-08-31,25.409
2021-09-01,25.36
2021-09-02,25.397
2021-09-03,25.375
2021-09-06,25.405
2021-09-07,25.391
2021-09-08,25.414
2021-09-09,25.435
2021-09-10,25.336
2021-09-13,25.36
2021-09-14,25.353
2021-09-15,25.307
2021-09-16,25.312
2021-09-17,25.372
2021-09-20,25.474
2021-09-21,25.426
2021-09-22,25.4
2021-09-23,25.386
2021-09-24,25.418
2021-09-27,25.425
2021-09-28,25.498
2021-09-29,25.509
2021-09-30,25.343
2021-10-01,25.315
2021-10-04,25.343
2021-10-05,25.324
2021-10-06,25.391
2021-10-07,25.433
2021-10-08,25.431
2021-10-11,25.394
2021-10-12,25.402
2021-10-13,25.385
2021-10-14,25.399
2021-10-15,25.373
2021-10-18,25.471
2021-10-19,25.502
2021-10-20,25.527
2021-10-21,25.668
2021-10-22,25.666
2021-10-25,25.732
2021-10-26,25.709
2021-10-27,25.719
2021-10-28,25.736
2021-10-29,25.646
2021-11-01,25.589
2021-11-02,25.565
2021-11-03,25.499
2021-11-04,25.352
2021-11-05,25.243
2021-11-08,25.257
2021-11-09,25.244
2021-11-10,25.215
2021-11-11,25.222
2021-11-12,25.243
2021-11-15,25.222
2021-11-16,25.241
2021-11-17,25.214
2021-11-18,25.292
2021-11-19,25.432
2021-11-22,25.455
2021-11-23,25.506
2021-11-24,25.518
2021-11-25,25.541
2021-11-26,25.712
2021-11-29,25.577
2021-11-30,25.515
2021-12-01,25.481
2021-12-02,25.446
2021-12-03,25.435
2021-12-06,25.428
2021-12-07,25.456
2021-12-08,25.454
2021-12-09,25.408
2021-12-10,25.36
2021-12-13,25.401
2021-12-14,25.296
2021-12-15,25.261
2021-12-16,25.332
2021-12-17,25.228
2021-12-20,25.228
2021-12-21,25.225
2021-12-22,25.084
2021-12-23,25.056
2021-12-24,25.036
2021-12-27,25.064
2021-12-28,24.916
2021-12-29,24.948
2021-12-30,24.861
2021-12-31,24.886
2022-01-03,24.823
2022-01-04,24.66
2022-01-05,24.632
2022-01-06,24.52
2022-01-07,24.424
2022-01-10,24.346
2022-01-11,24.413
2022-01-12,24.311
2022-01-13,24.546
2022-01-14,24.511
2022-01-17,24.455
2022-01-18,24.385
2022-01-19,24.272
2022-01-20,24.284
2022-01-21,24.395
2022-01-24,24.532
2022-01-25,24.506
2022-01-26,24.531
2022-01-27,24.432
2022-01-28,24.496
2022-01-31,24.341
2022-02-01,24.284
2022-02-02,24.191
2022-02-03,24.338
2022-02-04,24.328
2022-02-07,24.237
2022-02-08,24.258
2022-02-09,24.333
2022-02-10,24.349
2022-02-11,24.566
2022-02-14,24.563
2022-02-15,24.358
2022-02-16,24.341
2022-02-17,24.368
2022-02-18,24.321
2022-02-21,24.403
2022-02-22,24.561
2022-02-23,24.617
2022-02-24,24.74
2022-02-25,24.735
2022-02-28,25.166
2022-03-01,25.399
2022-03-02,25.564
2022-03-03,25.764
2022-03-04,25.687
2022-03-07,25.795
2022-03-08,25.478
2022-03-09,25.242
2022-03-10,25.162
2022-03-11,25.105
2022-03-14,24.865
2022-03-15,24.851
2022-03-16,24.673
2022-03-17,24.74
2022-03-18,24.867
2022-03-21,24.709
2022-03-22,24.658
2022-03-23,24.696
2022-03-24,24.692
2022-03-25,24.554
2022-03-28,24.586
2022-03-29,24.463
2022-03-30,24.446
2022-03-31,24.402
2022-04-01,24.374
2022-04-04,24.352
2022-04-05,24.366
2022-04-06,24.473
2022-04-07,24.506
2022-04-08,24.426
2022-04-11,24.434
2022-04-12,24.446
2022-04-13,24.421
2022-04-14,24.433
2022-04-15,24.422
2022-04-18,24.426
2022-04-19,24.458
2022-04-20,24.38
2022-04-21,24.36
2022-04-22,24.342
2022-04-25,24.371
2022-04-26,24.578
2022-04-27,24.521
2022-04-28,24.565
2022-04-29,24.63
2022-05-02,24.701
2022-05-03,24.649
2022-05-04,24.605
2022-05-05,24.586
2022-05-06,25.019
2022-05-09,25.038
2022-05-10,25.006
2022-05-11,25.412
2022-05-12,24.953
2022-05-13,24.761
2022-05-16,24.729
2022-05-17,24.715
2022-05-18,24.653
2022-05-19,24.689
2022-05-20,24.621
2022-05-23,24.636
2022-05-24,24.629
2022-05-25,24.676
2022-05-26,24.705
2022-05-27,24.698
2022-05-30,24.716
2022-05-31,24.716
2022-06-01,24.735
2022-06-02,24.682
2022-06-03,24.662
2022-06-06,24.729
2022-06-07,24.752
2022-06-08,24.702
2022-06-09,24.698
2022-06-10,24.698
2022-06-13,24.737
2022-06-14,24.744
2022-06-15,24.735
2022-06-16,24.732
2022-06-17,24.73
2022-06-20,24.69
2022-06-21,24.694
2022-06-22,24.74
2022-06-23,24.749
2022-06-24,24.733
2022-06-27,24.728
2022-06-28,24.731
2022-06-29,24.737
2022-06-30,24.744
2022-07-01,24.747
2022-07-04,24.747
2022-07-05,24.75
2022-07-06,24.77
2022-07-07,24.768
2022-07-08,24.636
2022-07-11,24.605
2022-07-12,24.429
2022-07-13,24.379
2022-07-14,24.457
2022-07-15,24.508
2022-07-18,24.539
2022-07-19,24.5
2022-07-20,24.539
2022-07-21,24.521
2022-07-22,24.578
2022-07-25,24.603
2022-07-26,24.597
2022-07-27,24.53
2022-07-28,24.596
2022-07-29,24.614
2022-08-01,24.628
2022-08-02,24.653
2022-08-03,24.651
2022-08-04,24.583
2022-08-05,24.531
2022-08-08,24.514
2022-08-09,24.498
2022-08-10,24.33
2022-08-11,24.341
2022-08-12,24.342
2022-08-15,24.444
2022-08-16,24.544
2022-08-17,24.532
2022-08-18,24.617
2022-08-19,24.643
2022-08-22,24.656
2022-08-23,24.653
2022-08-24,24.651
2022-08-25,24.662
2022-08-26,24.617
2022-08-29,24.588
2022-08-30,24.55
2022-08-31,24.508
2022-09-01,24.492
2022-09-02,24.525
2022-09-05,24.595
2022-09-06,24.633
2022-09-07,24.582
2022-09-08,24.516
2022-09-09,24.585
2022-09-12,24.517
2022-09-13,24.536
2022-09-14,24.49
2022-09-15,24.498
2022-09-16,24.528
2022-09-19,24.514
2022-09-20,24.615
2022-09-21,24.66
2022-09-22,24.666
2022-09-23,24.626
2022-09-26,24.638
2022-09-27,24.681
2022-09-28,24.648
2022-09-29,24.532
2022-09-30,24.587
2022-10-03,24.547
2022-10-04,24.528
2022-10-05,24.485
2022-10-06,24.503
2022-10-07,24.486
2022-10-10,24.522
2022-10-11,24.551
2022-10-12,24.555
2022-10-13,24.587
2022-10-14,24.597
2022-10-17,24.569
2022-10-18,24.556
2022-10-19,24.536
2022-10-20,24.511
2022-10-21,24.481
2022-10-24,24.477
2022-10-25,24.501
2022-10-26,24.523
2022-10-27,24.481
2022-10-28,24.502
2022-10-31,24.483
2022-11-01,24.454
2022-11-02,24.528
2022-11-03,24.453
2022-11-04,24.389
2022-11-07,24.262
2022-11-08,24.327
2022-11-09,24.317
2022-11-10,24.305
2022-11-11,24.284
2022-11-14,24.308
2022-11-15,24.364
2022-11-16,24.353
2022-11-17,24.402
2022-11-18,24.356
2022-11-21,24.322
2022-11-22,24.35
2022-11-23,24.365
2022-11-24,24.401
2022-11-25,24.348
2022-11-28,24.326
2022-11-29,24.352
2022-11-30,24.349
2022-12-01,24.378
2022-12-02,24.363
2022-12-05,24.304
2022-12-06,24.325
2022-12-07,24.284
2022-12-08,24.297
2022-12-09,24.298
2022-12-12,24.312
2022-12-13,24.312
2022-12-14,24.267
2022-12-15,24.257
2022-12-16,24.227
2022-12-19,24.253
2022-12-20,24.193
2022-12-21,24.189
2022-12-22,24.217
2022-12-23,24.214
2022-12-26,24.204
2022-12-27,24.261
2022-12-28,24.212
2022-12-29,24.185
2022-12-30,24.164
2023-01-02,24.15
2023-01-03,24.075
2023-01-04,23.982
2023-01-05,24.055
2023-01-06,24.025
2023-01-09,24.001
2023-01-10,23.975
2023-01-11,24.032
2023-01-12,24.036
2023-01-13,23.997
2023-01-16,24.018
2023-01-17,23.943
2023-01-18,23.963
2023-01-19,23.926
2023-01-20,23.912
2023-01-23,23.868
2023-01-24,23.868
2023-01-25,23.766
2023-01-26,23.811
2023-01-27,23.81
2023-01-30,23.842
2023-01-31,23.774
2023-02-01,23.779
2023-02-02,23.734
2023-02-03,23.771
2023-02-06,23.863
2023-02-07,23.787
2023-02-08,23.765
2023-02-09,23.703
2023-02-10,23.723
2023-02-13,23.769
2023-02-14,23.703
2023-02-15,23.635
2023-02-16,23.665
2023-02-17,23.708
2023-02-20,23.726
2023-02-21,23.726
2023-02-22,23.689
2023-02-23,23.654
2023-02-24,23.646
2023-02-27,23.63
2023-02-28,23.496
2023-03-01,23.358
2023-03-02,23.421
2023-03-03,23.476
2023-03-06,23.558
2023-03-07,23.532
2023-03-08,23.584
2023-03-09,23.613
2023-03-10,23.646
2023-03-13,23.751
2023-03-14,23.776
2023-03-15,24.067
2023-03-16,23.973
2023-03-17,23.989
2023-03-20,23.99
2023-03-21,23.795
2023-03-22,23.714
2023-03-23,23.618
2023-03-24,23.681
2023-03-27,23.769
2023-03-28,23.629
2023-03-29,23.563
2023-03-30,23.533
2023-03-31,23.471
2023-04-03,23.451
2023-04-04,23.461
2023-04-05,23.425
2023-04-06,23.393
2023-04-07,23.342
2023-04-10,23.365
2023-04-11,23.458
2023-04-12,23.349
2023-04-13,23.269
2023-04-14,23.322
2023-04-17,23.402
2023-04-18,23.438
2023-04-19,23.432
2023-04-20,23.494
2023-04-21,23.507
2023-04-24,23.475
2023-04-25,23.513
2023-04-26,23.516
2023-04-27,23.483
2023-04-28,23.526
2023-05-01,23.616
2023-05-02,23.595
2023-05-03,23.514
2023-05-04,23.439
2023-05-05,23.394
2023-05-08,23.398
2023-05-09,23.404
2023-05-10,23.459
2023-05-11,23.545
2023-05-12,23.6
2023-05-15,23.61
2023-05-16,23.66
2023-05-17,23.671
2023-05-18,23.694
2023-05-19,23.763
2023-05-22,23.701
2023-05-23,23.692
2023-05-24,23.678
2023-05-25,23.611
2023-05-26,23.681
2023-05-29,23.681
2023-05-30,23.682
2023-05-31,23.722
2023-06-01,23.684
2023-06-02,23.608
2023-06-05,23.542
2023-06-06,23.557
2023-06-07,23.643
2023-06-08,23.662
2023-06-09,23.699
2023-06-12,23.789
2023-06-13,23.833
2023-06-14,23.781
2023-06-15,23.779
2023-06-16,23.789
2023-06-19,23.746
2023-06-20,23.758
2023-06-21,23.736
2023-06-22,23.658
2023-06-23,23.671
2023-06-26,23.636
2023-06-27,23.626
2023-06-28,23.679
2023-06-29,23.727
2023-06-30,23.76
2023-07-03,23.757
2023-07-04,23.717
2023-07-05,23.764
2023-07-06,23.907
2023-07-07,23.843
2023-07-10,23.828
2023-07-11,23.858
2023-07-12,23.783
2023-07-13,23.769
2023-07-14,23.767
2023-07-17,23.78
2023-07-18,23.851
2023-07-19,23.906
2023-07-20,23.976
2023-07-21,24.018
2023-07-24,24.122
2023-07-25,24.076
2023-07-26,24.03
2023-07-27,24.043
2023-07-28,23.976
2023-07-31,23.884
2023-08-01,23.949
2023-08-02,23.965
2023-08-03,24.242
2023-08-04,24.254
2023-08-07,24.229
2023-08-08,24.257
2023-08-09,24.266
2023-08-10,24.246
2023-08-11,24.063
2023-08-14,24.064
2023-08-15,24.113
2023-08-16,24.116
2023-08-17,24.081
2023-08-18,24.015
2023-08-21,24.033
2023-08-22,24.093
2023-08-23,24.083
2023-08-24,24.132
2023-08-25,24.086
2023-08-28,24.153
2023-08-29,24.08
2023-08-30,24.104
2023-08-31,24.066
2023-09-01,24.094
2023-09-04,24.125
2023-09-05,24.191
2023-09-06,24.274
2023-09-07,24.359
2023-09-08,24.41
2023-09-11,24.531
2023-09-12,24.548
2023-09-13,24.419
2023-09-14,24.538
2023-09-15,24.558
2023-09-18,24.426
2023-09-19,24.456
2023-09-20,24.397
2023-09-21,24.451
2023-09-22,24.408
2023-09-25,24.352
2023-09-26,24.431
2023-09-27,24.357
2023-09-28,24.337
2023-09-29,24.426
2023-10-02,24.43
2023-10-03,24.512
2023-10-04,24.395
2023-10-05,24.435
2023-10-06,24.469
2023-10-09,24.461
2023-10-10,24.568
2023-10-11,24.529
2023-10-12,24.678
2023-10-13,24.699
2023-10-16,24.66
2023-10-17,24.661
2023-10-18,24.682
2023-10-19,24.634
2023-10-20,24.602
2023-10-23,24.615
2023-10-24,24.603
2023-10-25,24.7
2023-10-26,24.655
2023-10-27,24.636
2023-10-30,24.55
2023-10-31,24.571
2023-11-01,24.664
2023-11-02,24.456
2023-11-03,24.41
2023-11-06,24.553
2023-11-07,24.619
2023-11-08,24.624
2023-11-09,24.548
2023-11-10,24.555
2023-11-13,24.592
2023-11-14,24.462
2023-11-15,24.466
2023-11-16,24.463
2023-11-17,24.493
2023-11-20,24.511
2023-11-21,24.528
2023-11-22,24.453
2023-11-23,24.422
2023-11-24,24.39
2023-11-27,24.302
2023-11-28,24.246
2023-11-29,24.266
2023-11-30,24.302
2023-12-01,24.283
2023-12-04,24.414
2023-12-05,24.35
2023-12-06,24.3
2023-12-07,24.343
2023-12-08,24.392
2023-12-11,24.409
2023-12-12,24.509
2023-12-13,24.434
2023-12-14,24.425
2023-12-15,24.482
2023-12-18,24.514
2023-12-19,24.527
2023-12-20,24.487
2023-12-21,24.575
2023-12-22,24.58
2023-12-25,24.512
2023-12-26,24.554
2023-12-27,24.687
2023-12-28,24.703
2023-12-29,24.698
2024-01-01,24.737
2024-01-02,24.671
2024-01-03,24.648
2024-01-04,24.67
2024-01-05,24.608
2024-01-08,24.52
2024-01-09,24.594
2024-01-10,24.589
2024-01-11,24.686
2024-01-12,24.621
2024-01-15,24.694
2024-01-16,24.745
2024-01-17,24.737
2024-01-18,24.796
2024-01-19,24.781
2024-01-22,24.772
2024-01-23,24.874
2024-01-24,24.85
2024-01-25,24.729
2024-01-26,24.789
2024-01-29,24.843
2024-01-30,24.759
2024-01-31,24.819
2024-02-01,24.854
2024-02-02,24.939
2024-02-05,24.959
2024-02-06,24.929
2024-02-07,24.962
2024-02-08,25.241
2024-02-09,25.248
2024-02-12,25.24
2024-02-13,25.353
2024-02-14,25.391
2024-02-15,25.346
2024-02-16,25.451
2024-02-19,25.487
2024-02-20,25.392
2024-02-21,25.319
2024-02-22,25.356
2024-02-23,25.34
2024-02-26,25.386
2024-02-27,25.323
2024-02-28,25.301
2024-02-29,25.342
2024-03-01,25.345
2024-03-04,25.376
2024-03-05,25.334
2024-03-06,25.366
2024-03-07,25.352
2024-03-08,25.315
2024-03-11,25.321
2024-03-12,25.288
2024-03-13,25.251
2024-03-14,25.206
2024-03-15,25.15
2024-03-18,25.235
2024-03-19,25.271
2024-03-20,25.204
2024-03-21,25.322
2024-03-22,25.353
2024-03-25,25.292
2024-03-26,25.297
2024-03-27,25.326
2024-03-28,25.296
2024-03-29,25.221
2024-04-01,25.286
2024-04-02,25.304
2024-04-03,25.33
2024-04-04,25.326
2024-04-05,25.306
2024-04-08,25.345
2024-04-09,25.42
2024-04-10,25.426
2024-04-11,25.371
2024-04-12,25.329
2024-04-15,25.295
2024-04-16,25.198
2024-04-17,25.254
2024-04-18,25.278
2024-04-19,25.255
2024-04-22,25.276
2024-04-23,25.216
2024-04-24,25.255
2024-04-25,25.138
2024-04-26,25.102
2024-04-29,25.143
2024-04-30,25.146
2024-05-01,25.082
2024-05-02,24.956
2024-05-03,25.049
2024-05-06,25.005
2024-05-07,25.041
2024-05-08,25.014
2024-05-09,24.934
2024-05-10,24.923
2024-05-13,24.804
2024-05-14,24.814
2024-05-15,24.729
2024-05-16,24.71
2024-05-17,24.695
2024-05-20,24.718
2024-05-21,24.739
2024-05-22,24.72
2024-05-23,24.726
2024-05-24,24.649
2024-05-27,24.684
2024-05-28,24.665
2024-05-29,24.739
2024-05-30,24.738
2024-05-31,24.687
2024-06-03,24.664
2024-06-04,24.713
2024-06-05,24.637
2024-06-06,24.553
2024-06-07,24.639
2024-06-10,24.635
2024-06-11,24.722
2024-06-12,24.663
2024-06-13,24.718
2024-06-14,24.742
2024-06-17,24.714
2024-06-18,24.828
2024-06-19,24.91
2024-06-20,24.908
2024-06-21,24.93
2024-06-24,24.883
2024-06-25,24.824
2024-06-26,24.92
2024-06-27,25.067
2024-06-28,25.037
2024-07-01,25.158
2024-07-02,25.159
2024-07-03,25.155
2024-07-04,25.132
2024-07-05,25.137
2024-07-08,25.184
2024-07-09,25.284
2024-07-10,25.401
2024-07-11,25.374
2024-07-12,25.32
2024-07-15,25.375
2024-07-16,25.325
2024-07-17,25.276
2024-07-18,25.27
2024-07-19,25.219
2024-07-22,25.258
2024-07-23,25.398
2024-07-24,25.412
2024-07-25,25.372
2024-07-26,25.354
2024-07-29,25.403
2024-07-30,25.411
2024-07-31,25.423
2024-08-01,25.311
2024-08-02,25.353
2024-08-05,25.301
2024-08-06,25.3
2024-08-07,25.271
2024-08-08,25.278
2024-08-09,25.239
2024-08-12,25.187
2024-08-13,25.186
2024-08-14,25.14
2024-08-15,25.233
2024-08-16,25.186
2024-08-19,25.159
2024-08-20,25.131
2024-08-21,25.072
2024-08-22,25.088
2024-08-23,25.047
2024-08-26,25.048
2024-08-27,25.022
2024-08-28,25.046
2024-08-29,25.049
2024-08-30,25.027
2024-09-02,25.034
2024-09-03,25.116
2024-09-04,25.047
2024-09-05,25.035
2024-09-06,25.033
2024-09-09,25.049
2024-09-10,25.077
2024-09-11,25.088
2024-09-12,25.123
2024-09-13,25.141
2024-09-16,25.156
2024-09-17,25.103
2024-09-18,25.073
2024-09-19,25.094
2024-09-20,25.06
2024-09-23,25.137
2024-09-24,25.082
2024-09-25,25.163
2024-09-26,25.144
2024-09-27,25.134
2024-09-30,25.215
2024-10-01,25.289
2024-10-02,25.339
2024-10-03,25.32
2024-10-04,25.342
2024-10-07,25.372
2024-10-08,25.315
2024-10-09,25.335
2024-10-10,25.34
2024-10-11,25.303
2024-10-14,25.257
2024-10-15,25.232
2024-10-16,25.286
2024-10-17,25.232
2024-10-18,25.218
2024-10-21,25.274
2024-10-22,25.22
2024-10-23,25.263
2024-10-24,25.213
2024-10-25,25.288
2024-10-28,25.365
2024-10-29,25.356
2024-10-30,25.381
2024-10-31,25.321
2024-11-01,25.337
2024-11-04,25.327
2024-11-05,25.325
2024-11-06,25.351
2024-11-07,25.254
2024-11-08,25.256
2024-11-11,25.341
2024-11-12,25.379
2024-11-13,25.285
2024-11-14,25.287
2024-11-15,25.264
2024-11-18,25.291
2024-11-19,25.286
2024-11-20,25.282
2024-11-21,25.355
2024-11-22,25.343
2024-11-25,25.303
2024-11-26,25.273
2024-11-27,25.259
2024-11-28,25.28
2024-11-29,25.272
2024-12-02,25.237
2024-12-03,25.159
2024-12-04,25.174
2024-12-05,25.083
2024-12-06,25.091
2024-12-09,25.094
2024-12-10,25.081
2024-12-11,25.089
2024-12-12,25.062
2024-12-13,25.021
2024-12-16,25.039
2024-12-17,25.083
2024-12-18,25.128
2024-12-19,25.132
2024-12-20,25.127
2024-12-23,25.155
2024-12-24,25.155
2024-12-25,25.102
2024-12-26,25.132
2024-12-27,25.199
2024-12-30,25.162
2024-12-31,25.204
2025-01-01,25.187
2025-01-02,25.16
2025-01-03,25.148
2025-01-06,25.159
2025-01-07,25.132
2025-01-08,25.122
2025-01-09,25.087
2025-01-10,25.073
2025-01-13,25.229
2025-01-14,25.274
2025-01-15,25.237
2025-01-16,25.283
2025-01-17,25.263
2025-01-20,25.211
2025-01-21,25.133
2025-01-22,25.146
2025-01-23,25.1
2025-01-24,25.09
2025-01-27,25.09
2025-01-28,25.081
2025-01-29,25.124
2025-01-30,25.136
2025-01-31,25.172
2025-02-03,25.218
2025-02-04,25.155
2025-02-05,25.176
2025-02-06,25.087
2025-02-07,25.134
2025-02-10,25.082
2025-02-11,25.097
2025-02-12,25.058
2025-02-13,25.032
2025-02-14,25.029
2025-02-17,25.057
2025-02-18,25.076
2025-02-19,25.118
2025-02-20,25.057
2025-02-21,25.111
2025-02-24,24.983
2025-02-25,24.93
2025-02-26,24.93
2025-02-27,24.996
2025-02-28,25.067
2025-03-03,25.014
2025-03-04,25.082
2025-03-05,24.991
2025-03-06,25.048
2025-03-07,24.949
2025-03-10,25.031
2025-03-11,25.008
2025-03-12,25.029
2025-03-13,25.038
2025-03-14,25.02
2025-03-17,25.055
2025-03-18,25.034
2025-03-19,24.99
2025-03-20,25.012
2025-03-21,25.008
2025-03-24,24.927
2025-03-25,24.901
2025-03-26,24.903
2025-03-27,24.965
2025-03-28,24.945
2025-03-31,24.953
2025-04-01,24.94
2025-04-02,24.939
2025-04-03,25.078
2025-04-04,25.271
2025-04-07,25.229
2025-04-08,25.187
2025-04-09,25.049
2025-04-10,25.072
2025-04-11,25.118
2025-04-14,25.093
2025-04-15,25.085
2025-04-16,25.029
2025-04-17,25.049
2025-04-18,25.015
2025-04-21,25.02
2025-04-22,25.064
2025-04-23,24.999
2025-04-24,24.95
2025-04-25,24.968
2025-04-28,24.943
2025-04-29,24.918
2025-04-30,24.935
2025-05-01,24.922
2025-05-02,24.913
2025-05-05,24.919
2025-05-06,24.96
2025-05-07,24.905
2025-05-08,24.921
2025-05-09,24.936
2025-05-12,24.979
2025-05-13,24.925
2025-05-14,24.929
2025-05-15,24.931
2025-05-16,24.882
2025-05-19,24.875
2025-05-20,24.894
2025-05-21,24.899
2025-05-22,24.897
2025-05-23,24.859
2025-05-26,24.878
2025-05-27,24.903
2025-05-28,24.936
2025-05-29,24.918
2025-05-30,24.931
2025-06-02,24.864
2025-06-03,24.894
2025-06-04,24.826
2025-06-05,24.803
2025-06-06,24.799
2025-06-09,24.794
2025-06-10,24.771
2025-06-11,24.774
2025-06-12,24.776
2025-06-13,24.822
2025-06-16,24.799
2025-06-17,24.823
2025-06-18,24.818
2025-06-19,24.792
2025-06-20,24.816
2025-06-23,24.827
2025-06-24,24.774
2025-06-25,24.733
2025-06-26,24.76
2025-06-27,24.726
2025-06-30,24.729
2025-07-01,24.685
2025-07-02,24.658
2025-07-03,24.629
2025-07-04,24.631
2025-07-07,24.641
2025-07-08,24.651
2025-07-09,24.651
2025-07-10,24.631
2025-07-11,24.671
2025-07-14,24.666
2025-07-15,24.669
2025-07-16,24.646
2025-07-17,24.648
2025-07-18,24.636
2025-07-21,24.628
2025-07-22,24.625
2025-07-23,24.575
2025-07-24,24.543
2025-07-25,24.574
2025-07-28,24.593
2025-07-29,24.609
2025-07-30,24.599
2025-07-31,24.58
2025-08-01,24.574
2025-08-04,24.593
2025-08-05,24.595
2025-08-06,24.563
2025-08-07,24.457
2025-08-08,24.433
2025-08-11,24.467
2025-08-12,24.475
2025-08-13,24.453
2025-08-14,24.497
2025-08-15,24.461
2025-08-18,24.466
2025-08-19,24.461
2025-08-20,24.484
2025-08-21,24.569
2025-08-22,24.547
2025-08-25,24.56
2025-08-26,24.52
2025-08-27,24.538
2025-08-28,24.535
2025-08-29,24.462
2025-09-01,24.425
2025-09-02,24.474
2025-09-03,24.433
2025-09-04,24.452
2025-09-05,24.388
2025-09-08,24.335
2025-09-09,24.342
2025-09-10,24.387
2025-09-11,24.35
2025-09-12,24.314
2025-09-15,24.315
2025-09-16,24.319
2025-09-17,24.325
2025-09-18,24.307
2025-09-19,24.275
2025-09-22,24.244
2025-09-23,24.253
2025-09-24,24.313
2025-09-25,24.357
2025-09-26,24.298
2025-09-29,24.298
2025-09-30,24.323
2025-10-01,24.266
2025-10-02,24.268
2025-10-03,24.26
2025-10-06,24.309
2025-10-07,24.385
2025-10-08,24.37
2025-10-09,24.375
2025-10-10,24.323
2025-10-13,24.304
2025-10-14,24.316
2025-10-15,24.283
2025-10-16,24.292
2025-10-17,24.282
2025-10-20,24.291
2025-10-21,24.305
2025-10-22,24.3
2025-10-23,24.331
2025-10-24,24.326
2025-10-27,24.322
2025-10-28,24.318
2025-10-29,24.373
2025-10-30,24.332
2025-10-31,24.363
2025-11-03,24.326
2025-11-04,24.388
2025-11-05,24.351
2025-11-06,24.355
2025-11-07,24.309
2025-11-10,24.29
2025-11-11,24.26
2025-11-12,24.238
2025-11-13,24.18
2025-11-14,24.186
2025-11-17,24.169
2025-11-18,24.181
2025-11-19,24.172
2025-11-20,24.198
2025-11-21,24.264
2025-11-24,24.166
2025-11-25,24.157
2025-11-26,24.159
2025-11-27,24.166
2025-11-28,24.12
2025-12-01,24.165
2025-12-02,24.145
2025-12-03,24.114
2025-12-04,24.211
2025-12-05,24.201
2025-12-08,24.285
2025-12-09,24.26
2025-12-10,24.246
2025-12-11,24.207
2025-12-12,24.261
2025-12-15,24.327
2025-12-16,24.318
2025-12-17,24.372
2025-12-18,24.36
2025-12-19,24.319
2025-12-22,24.337
2025-12-23,24.306
2025-12-24,24.265
2025-12-25,24.28
2025-12-26,24.249
2025-12-29,24.278
2025-12-30,24.24
2025-12-31,24.181
2026-01-01,24.207
2026-01-02,24.151
2026-01-05,24.202
2026-01-06,24.168
2026-01-07,24.278
2026-01-08,24.291
2026-01-09,24.287
2026-01-12,24.286
2026-01-13,24.24
2026-01-14,24.242
2026-01-15,24.279
2026-01-16,24.259
2026-01-19,24.302
2026-01-20,24.329
2026-01-21,24.324
2026-01-22,24.252
2026-01-23,24.271
2026-01-26,24.249
2026-01-27,24.23
2026-01-28,24.294
2026-01-29,24.323
2026-01-30,24.327
2026-02-02,24.324
2026-02-03,24.343
2026-02-04,24.373
2026-02-05,24.259
2026-02-06,24.245
2026-02-09,24.218
2026-02-10,24.251
2026-02-11,24.237
2026-02-12,24.256
2026-02-13,24.266
2026-02-16,24.257
2026-02-17,24.279
2026-02-18,24.253
2026-02-19,24.244
2026-02-20,24.224
2026-02-23,24.225
2026-02-24,24.229
2026-02-25,24.229
2026-02-26,24.243
2026-02-27,24.241
2026-03-02,24.269
2026-03-03,24.361
2026-03-04,24.368
2026-03-05,24.382
2026-03-06,24.38
2026-03-09,24.392
2026-03-10,24.404
2026-03-11,24.39
2026-03-12,24.449
2026-03-13,24.451
2026-03-16,24.454
2026-03-17,24.435
2026-03-18,24.497
2026-03-19,24.48
2026-03-20,24.469
2026-03-23,24.457
2026-03-24,24.44
2026-03-25,24.487
2026-03-26,24.51
2026-03-27,24.502
2026-03-30,24.548
2026-03-31,24.546
2026-04-01,24.52
2026-04-02,24.527
2026-04-03,24.515
2026-04-06,24.519
2026-04-07,24.483
2026-04-08,24.393
2026-04-09,24.377
2026-04-10,24.375
2026-04-13,24.354
2026-04-14,24.337
2026-04-15,24.333
2026-04-16,24.325
2026-04-17,24.279
2026-04-20,24.289
2026-04-21,24.328
2026-04-22,24.339
2026-04-23,24.363
2026-04-24,24.341
2026-04-27,24.366
2026-04-28,24.365
2026-04-29,24.381
2026-04-30,24.382
2026-05-01,24.379
2026-05-04,24.396
2026-05-05,24.387
2026-05-06,24.333
2026-05-07,24.312
2026-05-08,24.31
2026-05-11,24.324
2026-05-12,24.335
2026-05-13,24.332
2026-05-14,24.315
2026-05-15,24.315
2026-05-18,24.301
2026-05-19,24.322
2026-05-20,24.306
2026-05-21,24.285
2026-05-22,24.287
2026-05-25,24.254
2026-05-26,24.264
2026-05-27,24.291
2026-05-28,24.28
2026-05-29,24.282
2026-06-01,24.275
2026-06-02,24.203
2026-06-03,24.208
2026-06-04,24.2
2026-06-05,24.196
2026-06-08,24.207
2026-06-09,24.157
2026-06-10,24.188
2026-06-11,24.169
2026-06-12,24.143
2026-06-15,24.153
2026-06-16,24.154
2026-06-17,24.16
2026-06-18,24.213
2026-06-19,24.177
2026-06-22,24.192
2026-06-23,24.219
2026-06-24,24.227
2026-06-25,24.263
2026-06-26,24.263
2026-06-29,24.251
2026-06-30,24.269
2026-07-01,24.224
2026-07-02,24.195
2026-07-03,24.182
2026-07-06,24.165
2026-07-07,24.237
2026-07-08,24.261
2026-07-09,24.254
2026-07-10,24.266
2026-07-13,24.301
2026-07-14,24.235
2026-07-15,24.202
2026-07-16,24.214
2026-07-17,24.222
2026-07-20,24.203
2026-07-21,24.189
2026-07-22,24.174
2026-07-23,24.192
2026-07-24,24.136
2026-07-27,24.163
2026-07-28,24.172
2026-07-29,24.178
2026-07-30,24.207
2026-07-31,24.215
2026-08-03,24.207
2026-08-04,24.174
2026-08-05,24.182
2026-08-06,24.249
2026-08-07,24.247
2026-08-10,24.26
2026-08-11,24.249
2026-08-12,24.236
2026-08-13,24.219
2026-08-14,24.222
2026-08-17,24.195
2026-08-18,24.192
2026-08-19,24.167
2026-08-20,24.132
2026-08-21,24.108
2026-08-24,24.097
2026-08-25,24.074
2026-08-26,24.128
2026-08-27,24.142
2026-08-28,24.138
2026-08-31,24.157
2026-09-01,24.21
2026-09-02,24.187
2026-09-03,24.171
2026-09-04,24.204
2026-09-07,24.194
2026-09-08,24.192
2026-09-09,24.261
2026-09-10,24.253
