origin,model,h,log_rate,correction
2019-02,FOOD_ECM_R27,1,0.04679350645468221,0.16866969238376506
2019-02,FOOD_ECM_R27,2,-0.01464235114889001,0.1265022692878238
2019-02,FOOD_ECM_R27,3,0.47178929182484897,0.09487670196586784
2019-02,FOOD_ECM_R27,4,0.16934709361177505,0.07115752647440088
2019-02,FOOD_ECM_R27,5,-0.041076034042238176,0.053368144855800666
2019-02,FOOD_ECM_R27,6,-0.4544668300178808,0.040026108641850494
2019-02,FOOD_ECM_R27,7,0.48799583176107936,0.0
2019-02,FOOD_ECM_R27,8,0.44346938285844717,0.0
2019-02,FOOD_ECM_R27,9,0.16190487433472908,0.0
2019-02,FOOD_ECM_R27,10,0.46534581983873197,0.0
2019-02,FOOD_ECM_R27,11,1.170163347613429,0.0
2019-02,FOOD_ECM_R27,12,0.37314619138998373,0.0
2019-02,FOOD_ECM_A002_R27,1,-0.10424458075189995,0.017631605177182905
2019-02,FOOD_ECM_A002_R27,2,-0.12386564736307455,0.017278973073639247
2019-02,FOOD_ECM_A002_R27,3,0.3938459834711476,0.01693339361216646
2019-02,FOOD_ECM_A002_R27,4,0.1147842928772973,0.01659472573992313
2019-02,FOOD_ECM_A002_R27,5,-0.07818134767291417,0.01626283122512467
2019-02,FOOD_ECM_A002_R27,6,-0.47855536405910915,0.015937574600622176
2019-02,FOOD_ECM_A002_R27,7,0.48799583176107936,0.0
2019-02,FOOD_ECM_A002_R27,8,0.44346938285844717,0.0
2019-02,FOOD_ECM_A002_R27,9,0.16190487433472908,0.0
2019-02,FOOD_ECM_A002_R27,10,0.46534581983873197,0.0
2019-02,FOOD_ECM_A002_R27,11,1.170163347613429,0.0
2019-02,FOOD_ECM_A002_R27,12,0.37314619138998373,0.0
2019-02,FOOD_ECM_A005_R27,1,-0.0791465305251957,0.04272965540388715
2019-02,FOOD_ECM_A005_R27,2,-0.10055144780302101,0.04059317263369279
2019-02,FOOD_ECM_A005_R27,3,0.41547610386098927,0.03856351400200815
2019-02,FOOD_ECM_A005_R27,4,0.1348249054392819,0.03663533830190774
2019-02,FOOD_ECM_A005_R27,5,-0.0596406075112265,0.034803571386812344
2019-02,FOOD_ECM_A005_R27,6,-0.4614295458422596,0.03306339281747173
2019-02,FOOD_ECM_A005_R27,7,0.48799583176107936,0.0
2019-02,FOOD_ECM_A005_R27,8,0.44346938285844717,0.0
2019-02,FOOD_ECM_A005_R27,9,0.16190487433472908,0.0
2019-02,FOOD_ECM_A005_R27,10,0.46534581983873197,0.0
2019-02,FOOD_ECM_A005_R27,11,1.170163347613429,0.0
2019-02,FOOD_ECM_A005_R27,12,0.37314619138998373,0.0
2019-02,FOOD_ECM_A010_R27,1,-0.040914733584875615,0.08096145234420724
2019-02,FOOD_ECM_A010_R27,2,-0.06827931332692729,0.07286530710978652
2019-02,FOOD_ECM_A010_R27,3,0.442491366257789,0.06557877639880787
2019-02,FOOD_ECM_A010_R27,4,0.15721046589630125,0.059020898758927076
2019-02,FOOD_ECM_A010_R27,5,-0.04132537001500447,0.05311880888303437
2019-02,FOOD_ECM_A010_R27,6,-0.44668601066500035,0.047806927994730936
2019-02,FOOD_ECM_A010_R27,7,0.48799583176107936,0.0
2019-02,FOOD_ECM_A010_R27,8,0.44346938285844717,0.0
2019-02,FOOD_ECM_A010_R27,9,0.16190487433472908,0.0
2019-02,FOOD_ECM_A010_R27,10,0.46534581983873197,0.0
2019-02,FOOD_ECM_A010_R27,11,1.170163347613429,0.0
2019-02,FOOD_ECM_A010_R27,12,0.37314619138998373,0.0
2019-02,FOOD_ECM_A015_R27,1,-0.007180795108122626,0.11469539082096022
2019-02,FOOD_ECM_A015_R27,2,-0.043653538238897616,0.09749108219781619
2019-02,FOOD_ECM_A015_R27,3,0.4597800097271249,0.08286741986814376
2019-02,FOOD_ECM_A015_R27,4,0.16862687402529636,0.07043730688792219
2019-02,FOOD_ECM_A015_R27,5,-0.03457246804330497,0.05987171085473387
2019-02,FOOD_ECM_A015_R27,6,-0.44360198443320753,0.05089095422652378
2019-02,FOOD_ECM_A015_R27,7,0.48799583176107936,0.0
2019-02,FOOD_ECM_A015_R27,8,0.44346938285844717,0.0
2019-02,FOOD_ECM_A015_R27,9,0.16190487433472908,0.0
2019-02,FOOD_ECM_A015_R27,10,0.46534581983873197,0.0
2019-02,FOOD_ECM_A015_R27,11,1.170163347613429,0.0
2019-02,FOOD_ECM_A015_R27,12,0.37314619138998373,0.0
2019-02,FOOD_ECM_PPI_R27,1,0.052341712351591255,0.1742178982806741
2019-02,FOOD_ECM_PPI_R27,2,-0.01048119672620823,0.13066342371050557
2019-02,FOOD_ECM_PPI_R27,3,0.4749101576418603,0.09799756778287919
2019-02,FOOD_ECM_PPI_R27,4,0.17168774297453354,0.07349817583715938
2019-02,FOOD_ECM_PPI_R27,5,-0.0393205470201693,0.05512363187786954
2019-02,FOOD_ECM_PPI_R27,6,-0.45315021475132916,0.04134272390840216
2019-02,FOOD_ECM_PPI_R27,7,0.48799583176107936,0.0
2019-02,FOOD_ECM_PPI_R27,8,0.44346938285844717,0.0
2019-02,FOOD_ECM_PPI_R27,9,0.16190487433472908,0.0
2019-02,FOOD_ECM_PPI_R27,10,0.46534581983873197,0.0
2019-02,FOOD_ECM_PPI_R27,11,1.170163347613429,0.0
2019-02,FOOD_ECM_PPI_R27,12,0.37314619138998373,0.0
2019-03,FOOD_ECM_R27,1,0.04239480475878951,0.15211534548174616
2019-03,FOOD_ECM_R27,2,0.5238142923965902,0.11408650911130962
2019-03,FOOD_ECM_R27,3,0.20339654870323845,0.08556488183348221
2019-03,FOOD_ECM_R27,4,-0.01932723240161542,0.06417366137511166
2019-03,FOOD_ECM_R27,5,-0.44579803265850204,0.04813024603133374
2019-03,FOOD_ECM_R27,6,0.5206974274725148,0.036097684523500304
2019-03,FOOD_ECM_R27,7,0.4367341680001287,0.0
2019-03,FOOD_ECM_R27,8,0.15335438270368135,0.0
2019-03,FOOD_ECM_R27,9,0.4554310172172384,0.0
2019-03,FOOD_ECM_R27,10,1.1595807290383942,0.0
2019-03,FOOD_ECM_R27,11,0.47275067095168416,0.0
2019-03,FOOD_ECM_R27,12,-0.1948926163447318,0.0
2019-03,FOOD_ECM_A002_R27,1,-0.09381941660859812,0.01590112411435853
2019-03,FOOD_ECM_A002_R27,2,0.425310884917352,0.015583101632071357
2019-03,FOOD_ECM_A002_R27,3,0.13310310646918616,0.01527143959942993
2019-03,FOOD_ECM_A002_R27,4,-0.06853488296928575,0.014966010807441331
2019-03,FOOD_ECM_A002_R27,5,-0.4792615880985433,0.014666690591292506
2019-03,FOOD_ECM_A002_R27,6,0.4989730997284812,0.014373356779466655
2019-03,FOOD_ECM_A002_R27,7,0.4367341680001287,0.0
2019-03,FOOD_ECM_A002_R27,8,0.15335438270368135,0.0
2019-03,FOOD_ECM_A002_R27,9,0.4554310172172384,0.0
2019-03,FOOD_ECM_A002_R27,10,1.1595807290383942,0.0
2019-03,FOOD_ECM_A002_R27,11,0.47275067095168416,0.0
2019-03,FOOD_ECM_A002_R27,12,-0.1948926163447318,0.0
2019-03,FOOD_ECM_A005_R27,1,-0.07118465320091429,0.03853588752204236
2019-03,FOOD_ECM_A005_R27,2,0.44633687643122083,0.03660909314594024
2019-03,FOOD_ECM_A005_R27,3,0.15261030535839948,0.034778638488643224
2019-03,FOOD_ECM_A005_R27,4,-0.050461187212516016,0.03303970656421106
2019-03,FOOD_ECM_A005_R27,5,-0.46254055745383527,0.031387721236000504
2019-03,FOOD_ECM_A005_R27,6,0.514418078123215,0.029818335174200482
2019-03,FOOD_ECM_A005_R27,7,0.4367341680001287,0.0
2019-03,FOOD_ECM_A005_R27,8,0.15335438270368135,0.0
2019-03,FOOD_ECM_A005_R27,9,0.4554310172172384,0.0
2019-03,FOOD_ECM_A005_R27,10,1.1595807290383942,0.0
2019-03,FOOD_ECM_A005_R27,11,0.47275067095168416,0.0
2019-03,FOOD_ECM_A005_R27,12,-0.1948926163447318,0.0
2019-03,FOOD_ECM_A010_R27,1,-0.036705174891718484,0.07301536583123816
2019-03,FOOD_ECM_A010_R27,2,0.47544161253339495,0.06571382924811435
2019-03,FOOD_ECM_A010_R27,3,0.17697411319305917,0.059142446323302914
2019-03,FOOD_ECM_A010_R27,4,-0.030272692085754456,0.05322820169097262
2019-03,FOOD_ECM_A010_R27,5,-0.44602289716796045,0.04790538152187536
2019-03,FOOD_ECM_A010_R27,6,0.5277145863187024,0.04311484336968782
2019-03,FOOD_ECM_A010_R27,7,0.4367341680001287,0.0
2019-03,FOOD_ECM_A010_R27,8,0.15335438270368135,0.0
2019-03,FOOD_ECM_A010_R27,9,0.4554310172172384,0.0
2019-03,FOOD_ECM_A010_R27,10,1.1595807290383942,0.0
2019-03,FOOD_ECM_A010_R27,11,0.47275067095168416,0.0
2019-03,FOOD_ECM_A010_R27,12,-0.1948926163447318,0.0
2019-03,FOOD_ECM_A015_R27,1,-0.006282105795369267,0.10343843492758738
2019-03,FOOD_ECM_A015_R27,2,0.49765045297372984,0.08792266968844926
2019-03,FOOD_ECM_A015_R27,3,0.1925659361049381,0.07473426923518187
2019-03,FOOD_ECM_A015_R27,4,-0.0199767649268225,0.06352412884990458
2019-03,FOOD_ECM_A015_R27,5,-0.4399327691674169,0.053995509522418904
2019-03,FOOD_ECM_A015_R27,6,0.5304959260430706,0.04589618309405606
2019-03,FOOD_ECM_A015_R27,7,0.4367341680001287,0.0
2019-03,FOOD_ECM_A015_R27,8,0.15335438270368135,0.0
2019-03,FOOD_ECM_A015_R27,9,0.4554310172172384,0.0
2019-03,FOOD_ECM_A015_R27,10,1.1595807290383942,0.0
2019-03,FOOD_ECM_A015_R27,11,0.47275067095168416,0.0
2019-03,FOOD_ECM_A015_R27,12,-0.1948926163447318,0.0
2019-03,FOOD_ECM_PPI_R27,1,0.0973785419727323,0.20709908269568894
2019-03,FOOD_ECM_PPI_R27,2,0.5650520953070473,0.15532431202176672
2019-03,FOOD_ECM_PPI_R27,3,0.23432490088608127,0.11649323401632504
2019-03,FOOD_ECM_PPI_R27,4,0.003869031735516698,0.08736992551224378
2019-03,FOOD_ECM_PPI_R27,5,-0.428400834555653,0.06552744413418284
2019-03,FOOD_ECM_PPI_R27,6,0.5337453260496516,0.04914558310063712
2019-03,FOOD_ECM_PPI_R27,7,0.4367341680001287,0.0
2019-03,FOOD_ECM_PPI_R27,8,0.15335438270368135,0.0
2019-03,FOOD_ECM_PPI_R27,9,0.4554310172172384,0.0
2019-03,FOOD_ECM_PPI_R27,10,1.1595807290383942,0.0
2019-03,FOOD_ECM_PPI_R27,11,0.47275067095168416,0.0
2019-03,FOOD_ECM_PPI_R27,12,-0.1948926163447318,0.0
2019-04,FOOD_ECM_R27,1,0.4966116831782069,0.10098454677846826
2019-04,FOOD_ECM_R27,2,0.18400975860878394,0.0757384100838512
2019-04,FOOD_ECM_R27,3,-0.034915448756992394,0.05680380756288839
2019-04,FOOD_ECM_R27,4,-0.46146001735176717,0.0426028556721663
2019-04,FOOD_ECM_R27,5,0.5083339599507674,0.031952141754124724
2019-04,FOOD_ECM_R27,6,0.45340827236457715,0.02396410631559354
2019-04,FOOD_ECM_R27,7,0.14673992586182819,0.0
2019-04,FOOD_ECM_R27,8,0.4489015364872483,0.0
2019-04,FOOD_ECM_R27,9,1.153352070990401,0.0
2019-04,FOOD_ECM_R27,10,0.46660591559966913,0.0
2019-04,FOOD_ECM_R27,11,-0.13763163285609645,0.0
2019-04,FOOD_ECM_R27,12,-0.19856235483164866,0.0
2019-04,FOOD_ECM_A002_R27,1,0.4061833876896479,0.010556251289909216
2019-04,FOOD_ECM_A002_R27,2,0.11861647478904377,0.010345126264111031
2019-04,FOOD_ECM_A002_R27,3,-0.08158103258105198,0.01013822373882881
2019-04,FOOD_ECM_A002_R27,4,-0.49412741375988123,0.009935459264052234
2019-04,FOOD_ECM_A002_R27,5,0.4861185682754138,0.00973675007877119
2019-04,FOOD_ECM_A002_R27,6,0.4389861811261794,0.009542015077195765
2019-04,FOOD_ECM_A002_R27,7,0.14673992586182819,0.0
2019-04,FOOD_ECM_A002_R27,8,0.4489015364872483,0.0
2019-04,FOOD_ECM_A002_R27,9,1.153352070990401,0.0
2019-04,FOOD_ECM_A002_R27,10,0.46660591559966913,0.0
2019-04,FOOD_ECM_A002_R27,11,-0.13763163285609645,0.0
2019-04,FOOD_ECM_A002_R27,12,-0.19856235483164866,0.0
2019-04,FOOD_ECM_A005_R27,1,0.421209888250284,0.02558275185054529
2019-04,FOOD_ECM_A005_R27,2,0.13257496278295078,0.024303614258018028
2019-04,FOOD_ECM_A005_R27,3,-0.06863082277476366,0.023088433545117124
2019-04,FOOD_ECM_A005_R27,4,-0.48212886115607223,0.02193401186786127
2019-04,FOOD_ECM_A005_R27,5,0.4972191294711108,0.020837311274468202
2019-04,FOOD_ECM_A005_R27,6,0.4492396117597284,0.01979544571074479
2019-04,FOOD_ECM_A005_R27,7,0.14673992586182819,0.0
2019-04,FOOD_ECM_A005_R27,8,0.4489015364872483,0.0
2019-04,FOOD_ECM_A005_R27,9,1.153352070990401,0.0
2019-04,FOOD_ECM_A005_R27,10,0.46660591559966913,0.0
2019-04,FOOD_ECM_A005_R27,11,-0.13763163285609645,0.0
2019-04,FOOD_ECM_A005_R27,12,-0.19856235483164866,0.0
2019-04,FOOD_ECM_A010_R27,1,0.44409971885340344,0.048472582453664766
2019-04,FOOD_ECM_A010_R27,2,0.15189667273323104,0.043625324208298295
2019-04,FOOD_ECM_A010_R27,3,-0.052456464532412324,0.039262791787468464
2019-04,FOOD_ECM_A010_R27,4,-0.4687263604152119,0.035336512608721615
2019-04,FOOD_ECM_A010_R27,5,0.5081846795444921,0.03180286134784946
2019-04,FOOD_ECM_A010_R27,6,0.4580667412620481,0.02862257521306451
2019-04,FOOD_ECM_A010_R27,7,0.14673992586182819,0.0
2019-04,FOOD_ECM_A010_R27,8,0.4489015364872483,0.0
2019-04,FOOD_ECM_A010_R27,9,1.153352070990401,0.0
2019-04,FOOD_ECM_A010_R27,10,0.46660591559966913,0.0
2019-04,FOOD_ECM_A010_R27,11,-0.13763163285609645,0.0
2019-04,FOOD_ECM_A010_R27,12,-0.19856235483164866,0.0
2019-04,FOOD_ECM_A015_R27,1,0.4642966282090971,0.06866949180935841
2019-04,FOOD_ECM_A015_R27,2,0.1666404165628874,0.05836906803795464
2019-04,FOOD_ECM_A015_R27,3,-0.04210554848761934,0.04961370783226145
2019-04,FOOD_ECM_A015_R27,4,-0.4618912213665113,0.042171651657422225
2019-04,FOOD_ECM_A015_R27,5,0.5122277221054515,0.035845903908808895
2019-04,FOOD_ECM_A015_R27,6,0.45991318437147116,0.030469018322487558
2019-04,FOOD_ECM_A015_R27,7,0.14673992586182819,0.0
2019-04,FOOD_ECM_A015_R27,8,0.4489015364872483,0.0
2019-04,FOOD_ECM_A015_R27,9,1.153352070990401,0.0
2019-04,FOOD_ECM_A015_R27,10,0.46660591559966913,0.0
2019-04,FOOD_ECM_A015_R27,11,-0.13763163285609645,0.0
2019-04,FOOD_ECM_A015_R27,12,-0.19856235483164866,0.0
2019-04,FOOD_ECM_PPI_R27,1,0.6087169851235761,0.21308984872383735
2019-04,FOOD_ECM_PPI_R27,2,0.2680887350678108,0.15981738654287803
2019-04,FOOD_ECM_PPI_R27,3,0.028143783587277718,0.1198630399071585
2019-04,FOOD_ECM_PPI_R27,4,-0.4141655930935646,0.08989727993036888
2019-04,FOOD_ECM_PPI_R27,5,0.5438047781444193,0.06742295994777667
2019-04,FOOD_ECM_PPI_R27,6,0.4800113860098161,0.050567219960832493
2019-04,FOOD_ECM_PPI_R27,7,0.14673992586182819,0.0
2019-04,FOOD_ECM_PPI_R27,8,0.4489015364872483,0.0
2019-04,FOOD_ECM_PPI_R27,9,1.153352070990401,0.0
2019-04,FOOD_ECM_PPI_R27,10,0.46660591559966913,0.0
2019-04,FOOD_ECM_PPI_R27,11,-0.13763163285609645,0.0
2019-04,FOOD_ECM_PPI_R27,12,-0.19856235483164866,0.0
2019-05,FOOD_ECM_R27,1,0.43130190549412895,0.25438700112501006
2019-05,FOOD_ECM_R27,2,0.13695757654067864,0.19079025084375756
2019-05,FOOD_ECM_R27,3,-0.3345650191189506,0.14309268813281817
2019-05,FOOD_ECM_R27,4,0.6116844194677037,0.10731951609961361
2019-05,FOOD_ECM_R27,5,0.5320914312187721,0.08048963707471021
2019-05,FOOD_ECM_R27,6,0.2230909650220378,0.06036722780603266
2019-05,FOOD_ECM_R27,7,0.4612875263613518,0.0
2019-05,FOOD_ECM_R27,8,1.1646460459364991,0.0
2019-05,FOOD_ECM_R27,9,0.4764763578998122,0.0
2019-05,FOOD_ECM_R27,10,-0.12840724975937115,0.0
2019-05,FOOD_ECM_R27,11,-0.2904999078513024,0.0
2019-05,FOOD_ECM_R27,12,0.337351050659534,0.0
2019-05,FOOD_ECM_A002_R27,1,0.20350682555338662,0.026591921184267717
2019-05,FOOD_ECM_A002_R27,2,-0.02777259154249657,0.026060082760582363
2019-05,FOOD_ECM_A002_R27,3,-0.45211882614639803,0.025538881105370715
2019-05,FOOD_ECM_A002_R27,4,0.5293930068513534,0.0250281034832633
2019-05,FOOD_ECM_A002_R27,5,0.4761293355576599,0.024527541413598034
2019-05,FOOD_ECM_A002_R27,6,0.1867607278013312,0.024036990585326073
2019-05,FOOD_ECM_A002_R27,7,0.4612875263613518,0.0
2019-05,FOOD_ECM_A002_R27,8,1.1646460459364991,0.0
2019-05,FOOD_ECM_A002_R27,9,0.4764763578998122,0.0
2019-05,FOOD_ECM_A002_R27,10,-0.12840724975937115,0.0
2019-05,FOOD_ECM_A002_R27,11,-0.2904999078513024,0.0
2019-05,FOOD_ECM_A002_R27,12,0.337351050659534,0.0
2019-05,FOOD_ECM_A005_R27,1,0.2413596113207881,0.0644447069516692
2019-05,FOOD_ECM_A005_R27,2,0.007389797301006813,0.06122247160408575
2019-05,FOOD_ECM_A005_R27,3,-0.4194963592278873,0.058161348023881454
2019-05,FOOD_ECM_A005_R27,4,0.5596181839907775,0.05525328062268738
2019-05,FOOD_ECM_A005_R27,5,0.5040924107356148,0.052490616591553005
2019-05,FOOD_ECM_A005_R27,6,0.21258982297798049,0.049866085761975355
2019-05,FOOD_ECM_A005_R27,7,0.4612875263613518,0.0
2019-05,FOOD_ECM_A005_R27,8,1.1646460459364991,0.0
2019-05,FOOD_ECM_A005_R27,9,0.4764763578998122,0.0
2019-05,FOOD_ECM_A005_R27,10,-0.12840724975937115,0.0
2019-05,FOOD_ECM_A005_R27,11,-0.2904999078513024,0.0
2019-05,FOOD_ECM_A005_R27,12,0.337351050659534,0.0
2019-05,FOOD_ECM_A010_R27,1,0.2990206649091237,0.12210576054000483
2019-05,FOOD_ECM_A010_R27,2,0.05606251018292542,0.10989518448600435
2019-05,FOOD_ECM_A010_R27,3,-0.37875204121436484,0.09890566603740392
2019-05,FOOD_ECM_A010_R27,4,0.5933800028017535,0.08901509943366352
2019-05,FOOD_ECM_A010_R27,5,0.5317153836343591,0.08011358949029718
2019-05,FOOD_ECM_A010_R27,6,0.2348259677572726,0.07210223054126745
2019-05,FOOD_ECM_A010_R27,7,0.4612875263613518,0.0
2019-05,FOOD_ECM_A010_R27,8,1.1646460459364991,0.0
2019-05,FOOD_ECM_A010_R27,9,0.4764763578998122,0.0
2019-05,FOOD_ECM_A010_R27,10,-0.12840724975937115,0.0
2019-05,FOOD_ECM_A010_R27,11,-0.2904999078513024,0.0
2019-05,FOOD_ECM_A010_R27,12,0.337351050659534,0.0
2019-05,FOOD_ECM_A015_R27,1,0.3498980651341257,0.17298316076500683
2019-05,FOOD_ECM_A015_R27,2,0.09320301234717686,0.1470356866502558
2019-05,FOOD_ECM_A015_R27,3,-0.3526773735990513,0.12498033365271743
2019-05,FOOD_ECM_A015_R27,4,0.6105981869728998,0.10623328360480981
2019-05,FOOD_ECM_A015_R27,5,0.5419000852081503,0.09029829106408835
2019-05,FOOD_ECM_A015_R27,6,0.23947728462048024,0.07675354740447508
2019-05,FOOD_ECM_A015_R27,7,0.4612875263613518,0.0
2019-05,FOOD_ECM_A015_R27,8,1.1646460459364991,0.0
2019-05,FOOD_ECM_A015_R27,9,0.4764763578998122,0.0
2019-05,FOOD_ECM_A015_R27,10,-0.12840724975937115,0.0
2019-05,FOOD_ECM_A015_R27,11,-0.2904999078513024,0.0
2019-05,FOOD_ECM_A015_R27,12,0.337351050659534,0.0
2019-05,FOOD_ECM_PPI_R27,1,0.5254503088851757,0.34853540451605686
2019-05,FOOD_ECM_PPI_R27,2,0.2075688790839637,0.26140155338704263
2019-05,FOOD_ECM_PPI_R27,3,-0.2816065422114868,0.19605116504028197
2019-05,FOOD_ECM_PPI_R27,4,0.6514032771483015,0.14703837378021148
2019-05,FOOD_ECM_PPI_R27,5,0.5618805744792205,0.11027878033515862
2019-05,FOOD_ECM_PPI_R27,6,0.24543282246737408,0.08270908525136896
2019-05,FOOD_ECM_PPI_R27,7,0.4612875263613518,0.0
2019-05,FOOD_ECM_PPI_R27,8,1.1646460459364991,0.0
2019-05,FOOD_ECM_PPI_R27,9,0.4764763578998122,0.0
2019-05,FOOD_ECM_PPI_R27,10,-0.12840724975937115,0.0
2019-05,FOOD_ECM_PPI_R27,11,-0.2904999078513024,0.0
2019-05,FOOD_ECM_PPI_R27,12,0.337351050659534,0.0
2019-06,FOOD_ECM_R27,1,-0.0028381708427584057,0.07793989174880929
2019-06,FOOD_ECM_R27,2,-0.39744394242432185,0.05845491881160697
2019-06,FOOD_ECM_R27,3,0.5508513187981183,0.04384118910870523
2019-06,FOOD_ECM_R27,4,0.4807224641035412,0.03288089183152892
2019-06,FOOD_ECM_R27,5,0.15762792832430877,0.02466066887364669
2019-06,FOOD_ECM_R27,6,0.4551745341487471,0.018495501655235017
2019-06,FOOD_ECM_R27,7,1.137336039003953,0.0
2019-06,FOOD_ECM_R27,8,0.4462647280436598,0.0
2019-06,FOOD_ECM_R27,9,-0.16010241908551798,0.0
2019-06,FOOD_ECM_R27,10,-0.3230331891203362,0.0
2019-06,FOOD_ECM_R27,11,0.7214879810524375,0.0
2019-06,FOOD_ECM_R27,12,0.04512319232521647,0.0
2019-06,FOOD_ECM_A002_R27,1,-0.07263074590742549,0.008147316684142198
2019-06,FOOD_ECM_A002_R27,2,-0.4479144908854695,0.007984370350459354
2019-06,FOOD_ECM_A002_R27,3,0.5148348126328632,0.007824682943450166
2019-06,FOOD_ECM_A002_R27,4,0.45550976155659345,0.007668189284581163
2019-06,FOOD_ECM_A002_R27,5,0.14048208494955164,0.00751482549888954
2019-06,FOOD_ECM_A002_R27,6,0.44404356148242385,0.00736452898891175
2019-06,FOOD_ECM_A002_R27,7,1.137336039003953,0.0
2019-06,FOOD_ECM_A002_R27,8,0.4462647280436598,0.0
2019-06,FOOD_ECM_A002_R27,9,-0.16010241908551798,0.0
2019-06,FOOD_ECM_A002_R27,10,-0.3230331891203362,0.0
2019-06,FOOD_ECM_A002_R27,11,0.7214879810524375,0.0
2019-06,FOOD_ECM_A002_R27,12,0.04512319232521647,0.0
2019-06,FOOD_ECM_A005_R27,1,-0.061033290015202676,0.01974477257636502
2019-06,FOOD_ECM_A005_R27,2,-0.43714132728838206,0.01875753394754677
2019-06,FOOD_ECM_A005_R27,3,0.5248297869395825,0.01781965725016943
2019-06,FOOD_ECM_A005_R27,4,0.4647702466596732,0.016928674387660957
2019-06,FOOD_ECM_A005_R27,5,0.14904950011894,0.016082240668277906
2019-06,FOOD_ECM_A005_R27,6,0.4519571611283761,0.015278128634864012
2019-06,FOOD_ECM_A005_R27,7,1.137336039003953,0.0
2019-06,FOOD_ECM_A005_R27,8,0.4462647280436598,0.0
2019-06,FOOD_ECM_A005_R27,9,-0.16010241908551798,0.0
2019-06,FOOD_ECM_A005_R27,10,-0.3230331891203362,0.0
2019-06,FOOD_ECM_A005_R27,11,0.7214879810524375,0.0
2019-06,FOOD_ECM_A005_R27,12,0.04512319232521647,0.0
2019-06,FOOD_ECM_A010_R27,1,-0.04336691455213923,0.037411148039428466
2019-06,FOOD_ECM_A010_R27,2,-0.4222288280004432,0.03367003323548562
2019-06,FOOD_ECM_A010_R27,3,0.5373131596013501,0.03030302991193706
2019-06,FOOD_ECM_A010_R27,4,0.4751142991927556,0.02727272692074335
2019-06,FOOD_ECM_A010_R27,5,0.15751271367933112,0.024545454228669016
2019-06,FOOD_ECM_A010_R27,6,0.4587699412993142,0.022090908805802115
2019-06,FOOD_ECM_A010_R27,7,1.137336039003953,0.0
2019-06,FOOD_ECM_A010_R27,8,0.4462647280436598,0.0
2019-06,FOOD_ECM_A010_R27,9,-0.16010241908551798,0.0
2019-06,FOOD_ECM_A010_R27,10,-0.3230331891203362,0.0
2019-06,FOOD_ECM_A010_R27,11,0.7214879810524375,0.0
2019-06,FOOD_ECM_A010_R27,12,0.04512319232521647,0.0
2019-06,FOOD_ECM_A015_R27,1,-0.027778936202377383,0.05299912638919031
2019-06,FOOD_ECM_A015_R27,2,-0.41084960380511704,0.045049257430811764
2019-06,FOOD_ECM_A015_R27,3,0.545301998505603,0.03829186881619
2019-06,FOOD_ECM_A015_R27,4,0.4803896607657738,0.03254808849376149
2019-06,FOOD_ECM_A015_R27,5,0.16063313467035936,0.027665875219697274
2019-06,FOOD_ECM_A015_R27,6,0.4601950264302548,0.023515993936742682
2019-06,FOOD_ECM_A015_R27,7,1.137336039003953,0.0
2019-06,FOOD_ECM_A015_R27,8,0.4462647280436598,0.0
2019-06,FOOD_ECM_A015_R27,9,-0.16010241908551798,0.0
2019-06,FOOD_ECM_A015_R27,10,-0.3230331891203362,0.0
2019-06,FOOD_ECM_A015_R27,11,0.7214879810524375,0.0
2019-06,FOOD_ECM_A015_R27,12,0.04512319232521647,0.0
2019-06,FOOD_ECM_PPI_R27,1,0.12353049394776719,0.20430855653933488
2019-06,FOOD_ECM_PPI_R27,2,-0.30266744383142763,0.15323141740450116
2019-06,FOOD_ECM_PPI_R27,3,0.621933692742789,0.11492356305337587
2019-06,FOOD_ECM_PPI_R27,4,0.5340342445620442,0.0861926722900319
2019-06,FOOD_ECM_PPI_R27,5,0.19761176366818603,0.06464450421752393
2019-06,FOOD_ECM_PPI_R27,6,0.48516241065665505,0.048483378163142944
2019-06,FOOD_ECM_PPI_R27,7,1.137336039003953,0.0
2019-06,FOOD_ECM_PPI_R27,8,0.4462647280436598,0.0
2019-06,FOOD_ECM_PPI_R27,9,-0.16010241908551798,0.0
2019-06,FOOD_ECM_PPI_R27,10,-0.3230331891203362,0.0
2019-06,FOOD_ECM_PPI_R27,11,0.7214879810524375,0.0
2019-06,FOOD_ECM_PPI_R27,12,0.04512319232521647,0.0
2019-07,FOOD_ECM_R27,1,-0.35982233386140594,0.11456826613279866
2019-07,FOOD_ECM_R27,2,0.5874541040511922,0.085926199599599
2019-07,FOOD_ECM_R27,3,0.5055833978210089,0.06444464969969925
2019-07,FOOD_ECM_R27,4,0.17839801456857085,0.04833348727477444
2019-07,FOOD_ECM_R27,5,0.46432225581950526,0.03625011545608083
2019-07,FOOD_ECM_R27,6,1.1584178721746323,0.027187586592060622
2019-07,FOOD_ECM_R27,7,0.43980993248353173,0.0
2019-07,FOOD_ECM_R27,8,-0.16645237034893043,0.0
2019-07,FOOD_ECM_R27,9,-0.32963518046382656,0.0
2019-07,FOOD_ECM_R27,10,0.7149581716844223,0.0
2019-07,FOOD_ECM_R27,11,0.1254748128359701,0.0
2019-07,FOOD_ECM_R27,12,-0.15539504327620135,0.0
2019-07,FOOD_ECM_A002_R27,1,-0.46241439724112277,0.011976202753081889
2019-07,FOOD_ECM_A002_R27,2,0.5132645831496134,0.01173667869802025
2019-07,FOOD_ECM_A002_R27,3,0.45264069324536954,0.011501945124059845
2019-07,FOOD_ECM_A002_R27,4,0.14133643351537506,0.011271906221578648
2019-07,FOOD_ECM_A002_R27,5,0.43911860846057155,0.011046468097147075
2019-07,FOOD_ECM_A002_R27,6,1.1420558243177759,0.010825538735204133
2019-07,FOOD_ECM_A002_R27,7,0.43980993248353173,0.0
2019-07,FOOD_ECM_A002_R27,8,-0.16645237034893043,0.0
2019-07,FOOD_ECM_A002_R27,9,-0.32963518046382656,0.0
2019-07,FOOD_ECM_A002_R27,10,0.7149581716844223,0.0
2019-07,FOOD_ECM_A002_R27,11,0.1254748128359701,0.0
2019-07,FOOD_ECM_A002_R27,12,-0.15539504327620135,0.0
2019-07,FOOD_ECM_A005_R27,1,-0.4453666392405623,0.02902396075364233
2019-07,FOOD_ECM_A005_R27,2,0.5291006671675534,0.027572762715960212
2019-07,FOOD_ECM_A005_R27,3,0.4673328727014719,0.0261941245801622
2019-07,FOOD_ECM_A005_R27,4,0.15494894564495051,0.02488441835115409
2019-07,FOOD_ECM_A005_R27,5,0.4517123377970208,0.023640197433596383
2019-07,FOOD_ECM_A005_R27,6,1.1536884731444883,0.022458187561916563
2019-07,FOOD_ECM_A005_R27,7,0.43980993248353173,0.0
2019-07,FOOD_ECM_A005_R27,8,-0.16645237034893043,0.0
2019-07,FOOD_ECM_A005_R27,9,-0.32963518046382656,0.0
2019-07,FOOD_ECM_A005_R27,10,0.7149581716844223,0.0
2019-07,FOOD_ECM_A005_R27,11,0.1254748128359701,0.0
2019-07,FOOD_ECM_A005_R27,12,-0.15539504327620135,0.0
2019-07,FOOD_ECM_A010_R27,1,-0.4193978322504613,0.05499276774374336
2019-07,FOOD_ECM_A010_R27,2,0.5510213954209623,0.04949349096936903
2019-07,FOOD_ECM_A010_R27,3,0.4856828899937418,0.04454414187243213
2019-07,FOOD_ECM_A010_R27,4,0.17015425497898534,0.04008972768518891
2019-07,FOOD_ECM_A010_R27,5,0.46415289528009446,0.036080754916670024
2019-07,FOOD_ECM_A010_R27,6,1.1637029650075748,0.03247267942500302
2019-07,FOOD_ECM_A010_R27,7,0.43980993248353173,0.0
2019-07,FOOD_ECM_A010_R27,8,-0.16645237034893043,0.0
2019-07,FOOD_ECM_A010_R27,9,-0.32963518046382656,0.0
2019-07,FOOD_ECM_A010_R27,10,0.7149581716844223,0.0
2019-07,FOOD_ECM_A010_R27,11,0.1254748128359701,0.0
2019-07,FOOD_ECM_A010_R27,12,-0.15539504327620135,0.0
2019-07,FOOD_ECM_A015_R27,1,-0.39648417902390154,0.07790642097030309
2019-07,FOOD_ECM_A015_R27,2,0.5677483622763508,0.06622045782475762
2019-07,FOOD_ECM_A015_R27,3,0.4974261372723537,0.056287389151043976
2019-07,FOOD_ECM_A015_R27,4,0.1779088080721838,0.04784428077838737
2019-07,FOOD_ECM_A015_R27,5,0.4687397790250537,0.04066763866162927
2019-07,FOOD_ECM_A015_R27,6,1.1657977784449567,0.03456749286238488
2019-07,FOOD_ECM_A015_R27,7,0.43980993248353173,0.0
2019-07,FOOD_ECM_A015_R27,8,-0.16645237034893043,0.0
2019-07,FOOD_ECM_A015_R27,9,-0.32963518046382656,0.0
2019-07,FOOD_ECM_A015_R27,10,0.7149581716844223,0.0
2019-07,FOOD_ECM_A015_R27,11,0.1254748128359701,0.0
2019-07,FOOD_ECM_A015_R27,12,-0.15539504327620135,0.0
2019-07,FOOD_ECM_PPI_R27,1,-0.29707407725419877,0.17731652274000587
2019-07,FOOD_ECM_PPI_R27,2,0.6345152965065977,0.1329873920550044
2019-07,FOOD_ECM_PPI_R27,3,0.540879292162563,0.09974054404125329
2019-07,FOOD_ECM_PPI_R27,4,0.20486993532473638,0.07480540803093996
2019-07,FOOD_ECM_PPI_R27,5,0.48417619638662945,0.05610405602320498
2019-07,FOOD_ECM_PPI_R27,6,1.1733083275999756,0.042078042017403734
2019-07,FOOD_ECM_PPI_R27,7,0.43980993248353173,0.0
2019-07,FOOD_ECM_PPI_R27,8,-0.16645237034893043,0.0
2019-07,FOOD_ECM_PPI_R27,9,-0.32963518046382656,0.0
2019-07,FOOD_ECM_PPI_R27,10,0.7149581716844223,0.0
2019-07,FOOD_ECM_PPI_R27,11,0.1254748128359701,0.0
2019-07,FOOD_ECM_PPI_R27,12,-0.15539504327620135,0.0
2019-08,FOOD_ECM_R27,1,0.4793519977134803,0.0006979781664827153
2019-08,FOOD_ECM_R27,2,0.4019490702277713,0.0005234836248620365
2019-08,FOOD_ECM_R27,3,0.1076804671099109,0.00039261271864652735
2019-08,FOOD_ECM_R27,4,0.40691166827945374,0.0002944595389848955
2019-08,FOOD_ECM_R27,5,1.129329568123533,0.00022084465423867166
2019-08,FOOD_ECM_R27,6,0.439559396142493,0.00016563349067900374
2019-08,FOOD_ECM_R27,7,-0.16247517954601481,0.0
2019-08,FOOD_ECM_R27,8,-0.323908659542712,0.0
2019-08,FOOD_ECM_R27,9,0.7228862997743114,0.0
2019-08,FOOD_ECM_R27,10,0.13405842968903436,0.0
2019-08,FOOD_ECM_R27,11,-0.23976530048222247,0.0
2019-08,FOOD_ECM_R27,12,-0.5407303487653434,0.0
2019-08,FOOD_ECM_A002_R27,1,0.4787269815313339,7.296198433632651e-05
2019-08,FOOD_ECM_A002_R27,2,0.4014970893475589,7.150274464959998e-05
2019-08,FOOD_ECM_A002_R27,3,0.10735792708102097,7.007268975660798e-05
2019-08,FOOD_ECM_A002_R27,4,0.40668587997643035,6.867123596147582e-05
2019-08,FOOD_ECM_A002_R27,5,1.1291760212805364,6.72978112422463e-05
2019-08,FOOD_ECM_A002_R27,6,0.4394597145068314,6.595185501740137e-05
2019-08,FOOD_ECM_A002_R27,7,-0.16247517954601481,0.0
2019-08,FOOD_ECM_A002_R27,8,-0.323908659542712,0.0
2019-08,FOOD_ECM_A002_R27,9,0.7228862997743114,0.0
2019-08,FOOD_ECM_A002_R27,10,0.13405842968903436,0.0
2019-08,FOOD_ECM_A002_R27,11,-0.23976530048222247,0.0
2019-08,FOOD_ECM_A002_R27,12,-0.5407303487653434,0.0
2019-08,FOOD_ECM_A005_R27,1,0.47883084068250653,0.00017682113550895456
2019-08,FOOD_ECM_A005_R27,2,0.4015935666816428,0.00016798007873350683
2019-08,FOOD_ECM_A005_R27,3,0.1074474354660612,0.00015958107479683146
2019-08,FOOD_ECM_A005_R27,4,0.4067688107615258,0.0001516020210569899
2019-08,FOOD_ECM_A005_R27,5,1.1292527453892984,0.00014402192000414037
2019-08,FOOD_ECM_A005_R27,6,0.43953058347581797,0.00013682082400393337
2019-08,FOOD_ECM_A005_R27,7,-0.16247517954601481,0.0
2019-08,FOOD_ECM_A005_R27,8,-0.323908659542712,0.0
2019-08,FOOD_ECM_A005_R27,9,0.7228862997743114,0.0
2019-08,FOOD_ECM_A005_R27,10,0.13405842968903436,0.0
2019-08,FOOD_ECM_A005_R27,11,-0.23976530048222247,0.0
2019-08,FOOD_ECM_A005_R27,12,-0.5407303487653434,0.0
2019-08,FOOD_ECM_A010_R27,1,0.4789890490669093,0.0003350295199117034
2019-08,FOOD_ECM_A010_R27,2,0.4017271131708298,0.00030152656792053307
2019-08,FOOD_ECM_A010_R27,3,0.10755922830239285,0.0002713739111284798
2019-08,FOOD_ECM_A010_R27,4,0.4068614452604845,0.0002442365200156318
2019-08,FOOD_ECM_A010_R27,5,1.1293285363373082,0.0002198128680140686
2019-08,FOOD_ECM_A010_R27,6,0.4395915942330267,0.00019783158121266175
2019-08,FOOD_ECM_A010_R27,7,-0.16247517954601481,0.0
2019-08,FOOD_ECM_A010_R27,8,-0.323908659542712,0.0
2019-08,FOOD_ECM_A010_R27,9,0.7228862997743114,0.0
2019-08,FOOD_ECM_A010_R27,10,0.13405842968903436,0.0
2019-08,FOOD_ECM_A010_R27,11,-0.23976530048222247,0.0
2019-08,FOOD_ECM_A010_R27,12,-0.5407303487653434,0.0
2019-08,FOOD_ECM_A015_R27,1,0.47912864470020583,0.0004746251532082464
2019-08,FOOD_ECM_A015_R27,2,0.4018290179831363,0.00040343138022700943
2019-08,FOOD_ECM_A015_R27,3,0.10763077106445733,0.000342916673192958
2019-08,FOOD_ECM_A015_R27,4,0.40690868791268286,0.0002914791722140143
2019-08,FOOD_ECM_A015_R27,5,1.1293564807656762,0.00024775729638191216
2019-08,FOOD_ECM_A015_R27,6,0.4396043563537386,0.00021059370192462532
2019-08,FOOD_ECM_A015_R27,7,-0.16247517954601481,0.0
2019-08,FOOD_ECM_A015_R27,8,-0.323908659542712,0.0
2019-08,FOOD_ECM_A015_R27,9,0.7228862997743114,0.0
2019-08,FOOD_ECM_A015_R27,10,0.13405842968903436,0.0
2019-08,FOOD_ECM_A015_R27,11,-0.23976530048222247,0.0
2019-08,FOOD_ECM_A015_R27,12,-0.5407303487653434,0.0
2019-08,FOOD_ECM_PPI_R27,1,0.6140221071972034,0.13536808765020575
2019-08,FOOD_ECM_PPI_R27,2,0.5029516523405636,0.1015260657376543
2019-08,FOOD_ECM_PPI_R27,3,0.1834324036945051,0.07614454930324073
2019-08,FOOD_ECM_PPI_R27,4,0.4637256207178994,0.057108411977430544
2019-08,FOOD_ECM_PPI_R27,5,1.1719400324523672,0.042831308983072906
2019-08,FOOD_ECM_PPI_R27,6,0.4715172443891187,0.03212348173730468
2019-08,FOOD_ECM_PPI_R27,7,-0.16247517954601481,0.0
2019-08,FOOD_ECM_PPI_R27,8,-0.323908659542712,0.0
2019-08,FOOD_ECM_PPI_R27,9,0.7228862997743114,0.0
2019-08,FOOD_ECM_PPI_R27,10,0.13405842968903436,0.0
2019-08,FOOD_ECM_PPI_R27,11,-0.23976530048222247,0.0
2019-08,FOOD_ECM_PPI_R27,12,-0.5407303487653434,0.0
2019-09,FOOD_ECM_R27,1,0.17651500583262458,-0.16494065249778506
2019-09,FOOD_ECM_R27,2,-0.049494298461817424,-0.12370548937333879
2019-09,FOOD_ECM_R27,3,0.2904085797663981,-0.09277911703000409
2019-09,FOOD_ECM_R27,4,1.0339473738509168,-0.06958433777250307
2019-09,FOOD_ECM_R27,5,0.3706717625069135,-0.0521882533293773
2019-09,FOOD_ECM_R27,6,-0.21161775855950543,-0.03914118999703298
2019-09,FOOD_ECM_R27,7,-0.32975918336792087,0.0
2019-09,FOOD_ECM_R27,8,0.7175228690434158,0.0
2019-09,FOOD_ECM_R27,9,0.13039421459755535,0.0
2019-09,FOOD_ECM_R27,10,-0.2430181593983196,0.0
2019-09,FOOD_ECM_R27,11,-0.48467391541926047,0.0
2019-09,FOOD_ECM_R27,12,0.44168607704237967,0.0
2019-09,FOOD_ECM_A002_R27,1,0.3242138621226412,-0.017241796207768466
2019-09,FOOD_ECM_A002_R27,2,0.057314230627908275,-0.016896960283613097
2019-09,FOOD_ECM_A002_R27,3,0.36662867571846136,-0.016559021077940834
2019-09,FOOD_ECM_A002_R27,4,1.087303870967038,-0.016227840656382015
2019-09,FOOD_ECM_A002_R27,5,0.40695673199303645,-0.015903283843254377
2019-09,FOOD_ECM_A002_R27,6,-0.18806178672886176,-0.01558521816638929
2019-09,FOOD_ECM_A002_R27,7,-0.32975918336792087,0.0
2019-09,FOOD_ECM_A002_R27,8,0.7175228690434158,0.0
2019-09,FOOD_ECM_A002_R27,9,0.13039421459755535,0.0
2019-09,FOOD_ECM_A002_R27,10,-0.2430181593983196,0.0
2019-09,FOOD_ECM_A002_R27,11,-0.48467391541926047,0.0
2019-09,FOOD_ECM_A002_R27,12,0.44168607704237967,0.0
2019-09,FOOD_ECM_A005_R27,1,0.29967069303097077,-0.04178496529943888
2019-09,FOOD_ECM_A005_R27,2,0.034515473877054434,-0.039695717034466935
2019-09,FOOD_ECM_A005_R27,3,0.3454767656136586,-0.03771093118274359
2019-09,FOOD_ECM_A005_R27,4,1.0677063269998137,-0.035825384623606404
2019-09,FOOD_ECM_A005_R27,5,0.3888259004438648,-0.03403411539242608
2019-09,FOOD_ECM_A005_R27,6,-0.20480897818527724,-0.03233240962280478
2019-09,FOOD_ECM_A005_R27,7,-0.32975918336792087,0.0
2019-09,FOOD_ECM_A005_R27,8,0.7175228690434158,0.0
2019-09,FOOD_ECM_A005_R27,9,0.13039421459755535,0.0
2019-09,FOOD_ECM_A005_R27,10,-0.2430181593983196,0.0
2019-09,FOOD_ECM_A005_R27,11,-0.48467391541926047,0.0
2019-09,FOOD_ECM_A005_R27,12,0.44168607704237967,0.0
2019-09,FOOD_ECM_A010_R27,1,0.2622841451314728,-0.07917151319893682
2019-09,FOOD_ECM_A010_R27,2,0.0029568290324782226,-0.07125436187904315
2019-09,FOOD_ECM_A010_R27,3,0.3190587711052634,-0.06412892569113884
2019-09,FOOD_ECM_A010_R27,4,1.045815678501395,-0.057716033122024946
2019-09,FOOD_ECM_A010_R27,5,0.3709155860264684,-0.05194442980982246
2019-09,FOOD_ECM_A010_R27,6,-0.21922655539131267,-0.04674998682884021
2019-09,FOOD_ECM_A010_R27,7,-0.32975918336792087,0.0
2019-09,FOOD_ECM_A010_R27,8,0.7175228690434158,0.0
2019-09,FOOD_ECM_A010_R27,9,0.13039421459755535,0.0
2019-09,FOOD_ECM_A010_R27,10,-0.2430181593983196,0.0
2019-09,FOOD_ECM_A010_R27,11,-0.48467391541926047,0.0
2019-09,FOOD_ECM_A010_R27,12,0.44168607704237967,0.0
2019-09,FOOD_ECM_A015_R27,1,0.2292960146319158,-0.11215964369849384
2019-09,FOOD_ECM_A015_R27,2,-0.021124506232198387,-0.09533569714371976
2019-09,FOOD_ECM_A015_R27,3,0.3021523542242404,-0.08103534257216179
2019-09,FOOD_ECM_A015_R27,4,1.0346516704370825,-0.06888004118633752
2019-09,FOOD_ECM_A015_R27,5,0.36431198082790395,-0.058548035008386894
2019-09,FOOD_ECM_A015_R27,6,-0.2222423983196013,-0.04976582975712886
2019-09,FOOD_ECM_A015_R27,7,-0.32975918336792087,0.0
2019-09,FOOD_ECM_A015_R27,8,0.7175228690434158,0.0
2019-09,FOOD_ECM_A015_R27,9,0.13039421459755535,0.0
2019-09,FOOD_ECM_A015_R27,10,-0.2430181593983196,0.0
2019-09,FOOD_ECM_A015_R27,11,-0.48467391541926047,0.0
2019-09,FOOD_ECM_A015_R27,12,0.44168607704237967,0.0
2019-09,FOOD_ECM_PPI_R27,1,0.3753411384288929,0.03388548009848326
2019-09,FOOD_ECM_PPI_R27,2,0.09962530098538382,0.025414110073862444
2019-09,FOOD_ECM_PPI_R27,3,0.402248279351799,0.019060582555396832
2019-09,FOOD_ECM_PPI_R27,4,1.1178271485399676,0.014295436916547624
2019-09,FOOD_ECM_PPI_R27,5,0.43358159352370157,0.010721577687410718
2019-09,FOOD_ECM_PPI_R27,6,-0.16443538529691443,0.00804118326555804
2019-09,FOOD_ECM_PPI_R27,7,-0.32975918336792087,0.0
2019-09,FOOD_ECM_PPI_R27,8,0.7175228690434158,0.0
2019-09,FOOD_ECM_PPI_R27,9,0.13039421459755535,0.0
2019-09,FOOD_ECM_PPI_R27,10,-0.2430181593983196,0.0
2019-09,FOOD_ECM_PPI_R27,11,-0.48467391541926047,0.0
2019-09,FOOD_ECM_PPI_R27,12,0.44168607704237967,0.0
2019-10,FOOD_ECM_R27,1,0.25857461883563704,0.08056682929138909
2019-10,FOOD_ECM_R27,2,0.4816412412641055,0.060425121968541814
2019-10,FOOD_ECM_R27,3,1.185871082170885,0.04531884147640636
2019-10,FOOD_ECM_R27,4,0.489069056756035,0.03398913110730477
2019-10,FOOD_ECM_R27,5,-0.11427980468773533,0.02549184833047858
2019-10,FOOD_ECM_R27,6,-0.2893769458022303,0.019118886247858933
2019-10,FOOD_ECM_R27,7,0.7344829784323624,0.0
2019-10,FOOD_ECM_R27,8,0.1471145769860578,0.0
2019-10,FOOD_ECM_R27,9,-0.22789094306236904,0.0
2019-10,FOOD_ECM_R27,10,-0.470045991042985,0.0
2019-10,FOOD_ECM_R27,11,0.2617396160341233,0.0
2019-10,FOOD_ECM_R27,12,0.4128137182602295,0.0
2019-10,FOOD_ECM_A002_R27,1,0.18642970876617448,0.00842191922192654
2019-10,FOOD_ECM_A002_R27,2,0.4294696001330517,0.008253480837488008
2019-10,FOOD_ECM_A002_R27,3,1.148640651915217,0.008088411220738247
2019-10,FOOD_ECM_A002_R27,4,0.46300656864505374,0.007926642996323481
2019-10,FOOD_ECM_A002_R27,5,-0.1320035428818169,0.0077681101363970126
2019-10,FOOD_ECM_A002_R27,6,-0.3008830841164202,0.007612747933669072
2019-10,FOOD_ECM_A002_R27,7,0.7344829784323624,0.0
2019-10,FOOD_ECM_A002_R27,8,0.1471145769860578,0.0
2019-10,FOOD_ECM_A002_R27,9,-0.22789094306236904,0.0
2019-10,FOOD_ECM_A002_R27,10,-0.470045991042985,0.0
2019-10,FOOD_ECM_A002_R27,11,0.2617396160341233,0.0
2019-10,FOOD_ECM_A002_R27,12,0.4128137182602295,0.0
2019-10,FOOD_ECM_A005_R27,1,0.1984180529647332,0.020410263420485235
2019-10,FOOD_ECM_A005_R27,2,0.4406058695450247,0.019389750249460973
2019-10,FOOD_ECM_A005_R27,3,1.1589725034314666,0.018420262736987925
2019-10,FOOD_ECM_A005_R27,4,0.4725791752488688,0.017499249600138527
2019-10,FOOD_ECM_A005_R27,5,-0.1231473658980823,0.016624287120131597
2019-10,FOOD_ECM_A005_R27,6,-0.29270275928596423,0.01579307276412502
2019-10,FOOD_ECM_A005_R27,7,0.7344829784323624,0.0
2019-10,FOOD_ECM_A005_R27,8,0.1471145769860578,0.0
2019-10,FOOD_ECM_A005_R27,9,-0.22789094306236904,0.0
2019-10,FOOD_ECM_A005_R27,10,-0.470045991042985,0.0
2019-10,FOOD_ECM_A005_R27,11,0.2617396160341233,0.0
2019-10,FOOD_ECM_A005_R27,12,0.4128137182602295,0.0
2019-10,FOOD_ECM_A010_R27,1,0.21667986760411473,0.03867207805986676
2019-10,FOOD_ECM_A010_R27,2,0.45602098954944376,0.03480487025388009
2019-10,FOOD_ECM_A010_R27,3,1.171876623922971,0.031324383228492084
2019-10,FOOD_ECM_A010_R27,4,0.4832718705543731,0.028191944905642873
2019-10,FOOD_ECM_A010_R27,5,-0.11439890260313532,0.02537275041507859
2019-10,FOOD_ECM_A010_R27,6,-0.2856603566765185,0.022835475373570727
2019-10,FOOD_ECM_A010_R27,7,0.7344829784323624,0.0
2019-10,FOOD_ECM_A010_R27,8,0.1471145769860578,0.0
2019-10,FOOD_ECM_A010_R27,9,-0.22789094306236904,0.0
2019-10,FOOD_ECM_A010_R27,10,-0.470045991042985,0.0
2019-10,FOOD_ECM_A010_R27,11,0.2617396160341233,0.0
2019-10,FOOD_ECM_A010_R27,12,0.4128137182602295,0.0
2019-10,FOOD_ECM_A015_R27,1,0.23279323346239253,0.05478544391814458
2019-10,FOOD_ECM_A015_R27,2,0.4677837466259866,0.04656762733042289
2019-10,FOOD_ECM_A015_R27,3,1.1801347239253384,0.03958248323085945
2019-10,FOOD_ECM_A015_R27,4,0.4887250363949608,0.033645110746230535
2019-10,FOOD_ECM_A015_R27,5,-0.11117330888391794,0.028598344134295958
2019-10,FOOD_ECM_A015_R27,6,-0.28418723953593766,0.024308592514151562
2019-10,FOOD_ECM_A015_R27,7,0.7344829784323624,0.0
2019-10,FOOD_ECM_A015_R27,8,0.1471145769860578,0.0
2019-10,FOOD_ECM_A015_R27,9,-0.22789094306236904,0.0
2019-10,FOOD_ECM_A015_R27,10,-0.470045991042985,0.0
2019-10,FOOD_ECM_A015_R27,11,0.2617396160341233,0.0
2019-10,FOOD_ECM_A015_R27,12,0.4128137182602295,0.0
2019-10,FOOD_ECM_PPI_R27,1,0.3291803475272929,0.15117255798304496
2019-10,FOOD_ECM_PPI_R27,2,0.5345955377828474,0.11337941848728374
2019-10,FOOD_ECM_PPI_R27,3,1.2255868045599416,0.0850345638654628
2019-10,FOOD_ECM_PPI_R27,4,0.5188558485478273,0.0637759228990971
2019-10,FOOD_ECM_PPI_R27,5,-0.09193971084389108,0.04783194217432282
2019-10,FOOD_ECM_PPI_R27,6,-0.2726218754193471,0.03587395663074212
2019-10,FOOD_ECM_PPI_R27,7,0.7344829784323624,0.0
2019-10,FOOD_ECM_PPI_R27,8,0.1471145769860578,0.0
2019-10,FOOD_ECM_PPI_R27,9,-0.22789094306236904,0.0
2019-10,FOOD_ECM_PPI_R27,10,-0.470045991042985,0.0
2019-10,FOOD_ECM_PPI_R27,11,0.2617396160341233,0.0
2019-10,FOOD_ECM_PPI_R27,12,0.4128137182602295,0.0
2019-11,FOOD_ECM_R27,1,0.21350241169630416,-0.17458625760182553
2019-11,FOOD_ECM_R27,2,0.9956916163690641,-0.13093969320136914
2019-11,FOOD_ECM_R27,3,0.3408307197539546,-0.09820476990102686
2019-11,FOOD_ECM_R27,4,-0.23107371190861475,-0.07365357742577014
2019-11,FOOD_ECM_R27,5,-0.37721395042509276,-0.055240183069327604
2019-11,FOOD_ECM_R27,6,0.684192273387242,-0.041430137301995705
2019-11,FOOD_ECM_R27,7,0.14041788662407415,0.0
2019-11,FOOD_ECM_R27,8,-0.2347508347752047,0.0
2019-11,FOOD_ECM_R27,9,-0.4758469617387069,0.0
2019-11,FOOD_ECM_R27,10,0.2561280106402687,0.0
2019-11,FOOD_ECM_R27,11,0.4992479665380055,0.0
2019-11,FOOD_ECM_R27,12,0.12654348135742405,0.0
2019-11,FOOD_ECM_A002_R27,1,0.36983858583681883,-0.018250083461310827
2019-11,FOOD_ECM_A002_R27,2,1.1087462277783486,-0.01788508179208461
2019-11,FOOD_ECM_A002_R27,3,0.4215081094987386,-0.017527380156242917
2019-11,FOOD_ECM_A002_R27,4,-0.17459696703596267,-0.017176832553118058
2019-11,FOOD_ECM_A002_R27,5,-0.33880706325782084,-0.0168332959020557
2019-11,FOOD_ECM_A002_R27,6,0.7091257807052231,-0.016496629984014584
2019-11,FOOD_ECM_A002_R27,7,0.14041788662407415,0.0
2019-11,FOOD_ECM_A002_R27,8,-0.2347508347752047,0.0
2019-11,FOOD_ECM_A002_R27,9,-0.4758469617387069,0.0
2019-11,FOOD_ECM_A002_R27,10,0.2561280106402687,0.0
2019-11,FOOD_ECM_A002_R27,11,0.4992479665380055,0.0
2019-11,FOOD_ECM_A002_R27,12,0.12654348135742405,0.0
2019-11,FOOD_ECM_A005_R27,1,0.3438601507056672,-0.04422851859246247
2019-11,FOOD_ECM_A005_R27,2,1.0846142169075939,-0.042017092662839345
2019-11,FOOD_ECM_A005_R27,3,0.39911925162528417,-0.039916238029697376
2019-11,FOOD_ECM_A005_R27,4,-0.19534056061105712,-0.0379204261282125
2019-11,FOOD_ECM_A005_R27,5,-0.357998172177567,-0.03602440482180187
2019-11,FOOD_ECM_A005_R27,6,0.6913992261085259,-0.03422318458071178
2019-11,FOOD_ECM_A005_R27,7,0.14041788662407415,0.0
2019-11,FOOD_ECM_A005_R27,8,-0.2347508347752047,0.0
2019-11,FOOD_ECM_A005_R27,9,-0.4758469617387069,0.0
2019-11,FOOD_ECM_A005_R27,10,0.2561280106402687,0.0
2019-11,FOOD_ECM_A005_R27,11,0.4992479665380055,0.0
2019-11,FOOD_ECM_A005_R27,12,0.12654348135742405,0.0
2019-11,FOOD_ECM_A010_R27,1,0.3042872656492534,-0.08380140364887627
2019-11,FOOD_ECM_A010_R27,2,1.0512100462864447,-0.07542126328398864
2019-11,FOOD_ECM_A010_R27,3,0.37115635269939173,-0.06787913695558978
2019-11,FOOD_ECM_A010_R27,4,-0.21851135774287542,-0.061091223260030796
2019-11,FOOD_ECM_A010_R27,5,-0.3769558682897929,-0.05498210093402772
2019-11,FOOD_ECM_A010_R27,6,0.6761385198486127,-0.04948389084062495
2019-11,FOOD_ECM_A010_R27,7,0.14041788662407415,0.0
2019-11,FOOD_ECM_A010_R27,8,-0.2347508347752047,0.0
2019-11,FOOD_ECM_A010_R27,9,-0.4758469617387069,0.0
2019-11,FOOD_ECM_A010_R27,10,0.2561280106402687,0.0
2019-11,FOOD_ECM_A010_R27,11,0.4992479665380055,0.0
2019-11,FOOD_ECM_A010_R27,12,0.12654348135742405,0.0
2019-11,FOOD_ECM_A015_R27,1,0.26937001412888834,-0.11871865516924134
2019-11,FOOD_ECM_A015_R27,2,1.0257204526765782,-0.10091085689385514
2019-11,FOOD_ECM_A015_R27,3,0.35326126129520463,-0.08577422835977686
2019-11,FOOD_ECM_A015_R27,4,-0.23032822858865493,-0.07290809410581033
2019-11,FOOD_ECM_A015_R27,5,-0.38394564734570397,-0.061971879989938784
2019-11,FOOD_ECM_A015_R27,6,0.6729463126977897,-0.052676097991447964
2019-11,FOOD_ECM_A015_R27,7,0.14041788662407415,0.0
2019-11,FOOD_ECM_A015_R27,8,-0.2347508347752047,0.0
2019-11,FOOD_ECM_A015_R27,9,-0.4758469617387069,0.0
2019-11,FOOD_ECM_A015_R27,10,0.2561280106402687,0.0
2019-11,FOOD_ECM_A015_R27,11,0.4992479665380055,0.0
2019-11,FOOD_ECM_A015_R27,12,0.12654348135742405,0.0
2019-11,FOOD_ECM_PPI_R27,1,0.46392554828137417,0.0758368789832445
2019-11,FOOD_ECM_PPI_R27,2,1.1835089688078666,0.056877659237433376
2019-11,FOOD_ECM_PPI_R27,3,0.48169373408305655,0.04265824442807503
2019-11,FOOD_ECM_PPI_R27,4,-0.12542645116178835,0.031993683321056274
2019-11,FOOD_ECM_PPI_R27,5,-0.29797850486497296,0.023995262490792205
2019-11,FOOD_ECM_PPI_R27,6,0.7436188575573319,0.01799644686809415
2019-11,FOOD_ECM_PPI_R27,7,0.14041788662407415,0.0
2019-11,FOOD_ECM_PPI_R27,8,-0.2347508347752047,0.0
2019-11,FOOD_ECM_PPI_R27,9,-0.4758469617387069,0.0
2019-11,FOOD_ECM_PPI_R27,10,0.2561280106402687,0.0
2019-11,FOOD_ECM_PPI_R27,11,0.4992479665380055,0.0
2019-11,FOOD_ECM_PPI_R27,12,0.12654348135742405,0.0
2019-12,FOOD_ECM_R27,1,0.8982120411982828,-0.21943453781934985
2019-12,FOOD_ECM_R27,2,0.3192754700734957,-0.1645759033645124
2019-12,FOOD_ECM_R27,3,-0.26522236894212126,-0.12343192752338428
2019-12,FOOD_ECM_R27,4,-0.3990294072534901,-0.09257394564253821
2019-12,FOOD_ECM_R27,5,0.6486825715130935,-0.06943045923190366
2019-12,FOOD_ECM_R27,6,0.07881443916028609,-0.05207284442392775
2019-12,FOOD_ECM_R27,7,-0.24580472693297456,0.0
2019-12,FOOD_ECM_R27,8,-0.48985872396975416,0.0
2019-12,FOOD_ECM_R27,9,0.24086639425148723,0.0
2019-12,FOOD_ECM_R27,10,0.4830741970047277,0.0
2019-12,FOOD_ECM_R27,11,0.3292521961042915,0.0
2019-12,FOOD_ECM_R27,12,0.4137245072733409,0.0
2019-12,FOOD_ECM_A002_R27,1,1.0947083553309167,-0.022938223686716035
2019-12,FOOD_ECM_A002_R27,2,0.4613719142250264,-0.022479459212981716
2019-12,FOOD_ECM_A002_R27,3,-0.16382031144745904,-0.02202987002872208
2019-12,FOOD_ECM_A002_R27,4,-0.3280447342390996,-0.021589272628147638
2019-12,FOOD_ECM_A002_R27,5,0.6969555435694126,-0.021157487175584685
2019-12,FOOD_ECM_A002_R27,6,0.11015294615214084,-0.02073433743207299
2019-12,FOOD_ECM_A002_R27,7,-0.24580472693297456,0.0
2019-12,FOOD_ECM_A002_R27,8,-0.48985872396975416,0.0
2019-12,FOOD_ECM_A002_R27,9,0.24086639425148723,0.0
2019-12,FOOD_ECM_A002_R27,10,0.4830741970047277,0.0
2019-12,FOOD_ECM_A002_R27,11,0.3292521961042915,0.0
2019-12,FOOD_ECM_A002_R27,12,0.4137245072733409,0.0
2019-12,FOOD_ECM_A005_R27,1,1.0620564961033974,-0.05559008291423529
2019-12,FOOD_ECM_A005_R27,2,0.4310407946694846,-0.052810578768523526
2019-12,FOOD_ECM_A005_R27,3,-0.1919604912488343,-0.050170049830097346
2019-12,FOOD_ECM_A005_R27,4,-0.3541170089495444,-0.04766154733859248
2019-12,FOOD_ECM_A005_R27,5,0.6728345607733344,-0.04527846997166284
2019-12,FOOD_ECM_A005_R27,6,0.08787273711113414,-0.04301454647307971
2019-12,FOOD_ECM_A005_R27,7,-0.24580472693297456,0.0
2019-12,FOOD_ECM_A005_R27,8,-0.48985872396975416,0.0
2019-12,FOOD_ECM_A005_R27,9,0.24086639425148723,0.0
2019-12,FOOD_ECM_A005_R27,10,0.4830741970047277,0.0
2019-12,FOOD_ECM_A005_R27,11,0.3292521961042915,0.0
2019-12,FOOD_ECM_A005_R27,12,0.4137245072733409,0.0
2019-12,FOOD_ECM_A010_R27,1,1.0123180008643446,-0.10532857815328793
2019-12,FOOD_ECM_A010_R27,2,0.38905565310004897,-0.09479572033795913
2019-12,FOOD_ECM_A010_R27,3,-0.22710658972290018,-0.08531614830416323
2019-12,FOOD_ECM_A010_R27,4,-0.38323999508469886,-0.07678453347374689
2019-12,FOOD_ECM_A010_R27,5,0.649006950618625,-0.06910608012637222
2019-12,FOOD_ECM_A010_R27,6,0.06869181147047884,-0.06219547211373499
2019-12,FOOD_ECM_A010_R27,7,-0.24580472693297456,0.0
2019-12,FOOD_ECM_A010_R27,8,-0.48985872396975416,0.0
2019-12,FOOD_ECM_A010_R27,9,0.24086639425148723,0.0
2019-12,FOOD_ECM_A010_R27,10,0.4830741970047277,0.0
2019-12,FOOD_ECM_A010_R27,11,0.3292521961042915,0.0
2019-12,FOOD_ECM_A010_R27,12,0.4137245072733409,0.0
2019-12,FOOD_ECM_A015_R27,1,0.9684310933004747,-0.1492154857171579
2019-12,FOOD_ECM_A015_R27,2,0.3570182105784239,-0.12683316285958418
2019-12,FOOD_ECM_A015_R27,3,-0.24959862984938352,-0.10780818843064656
2019-12,FOOD_ECM_A015_R27,4,-0.3980924217770015,-0.09163696016604957
2019-12,FOOD_ECM_A015_R27,5,0.6402216146038551,-0.07789141614114214
2019-12,FOOD_ECM_A015_R27,6,0.06467957986424303,-0.06620770371997081
2019-12,FOOD_ECM_A015_R27,7,-0.24580472693297456,0.0
2019-12,FOOD_ECM_A015_R27,8,-0.48985872396975416,0.0
2019-12,FOOD_ECM_A015_R27,9,0.24086639425148723,0.0
2019-12,FOOD_ECM_A015_R27,10,0.4830741970047277,0.0
2019-12,FOOD_ECM_A015_R27,11,0.3292521961042915,0.0
2019-12,FOOD_ECM_A015_R27,12,0.4137245072733409,0.0
2019-12,FOOD_ECM_PPI_R27,1,1.0682766808832875,-0.049369898134345114
2019-12,FOOD_ECM_PPI_R27,2,0.44682394983724927,-0.037027423600758835
2019-12,FOOD_ECM_PPI_R27,3,-0.16956100911930608,-0.027770567700569126
2019-12,FOOD_ECM_PPI_R27,4,-0.3272833873863788,-0.020827925775426845
2019-12,FOOD_ECM_PPI_R27,5,0.7024920864134271,-0.015620944331570134
2019-12,FOOD_ECM_PPI_R27,6,0.11917157533553624,-0.011715708248677601
2019-12,FOOD_ECM_PPI_R27,7,-0.24580472693297456,0.0
2019-12,FOOD_ECM_PPI_R27,8,-0.48985872396975416,0.0
2019-12,FOOD_ECM_PPI_R27,9,0.24086639425148723,0.0
2019-12,FOOD_ECM_PPI_R27,10,0.4830741970047277,0.0
2019-12,FOOD_ECM_PPI_R27,11,0.3292521961042915,0.0
2019-12,FOOD_ECM_PPI_R27,12,0.4137245072733409,0.0
2020-01,FOOD_ECM_R27,1,0.29005845334146224,-0.24936336679360133
2020-01,FOOD_ECM_R27,2,-0.2751071164602542,-0.187022525095201
2020-01,FOOD_ECM_R27,3,-0.4151519666832997,-0.14026689382140076
2020-01,FOOD_ECM_R27,4,0.634780592255363,-0.10520017036605056
2020-01,FOOD_ECM_R27,5,0.06376025787389022,-0.07890012777453792
2020-01,FOOD_ECM_R27,6,-0.29995263879253925,-0.05917509583090344
2020-01,FOOD_ECM_R27,7,-0.48822318029938927,0.0
2020-01,FOOD_ECM_R27,8,0.24013624977058134,0.0
2020-01,FOOD_ECM_R27,9,0.4808460860850541,0.0
2020-01,FOOD_ECM_R27,10,0.32613280137535844,0.0
2020-01,FOOD_ECM_R27,11,0.475783950980984,0.0
2020-01,FOOD_ECM_R27,12,1.114544793144876,0.0
2020-01,FOOD_ECM_A002_R27,1,0.5133550361929058,-0.026066783942157792
2020-01,FOOD_ECM_A002_R27,2,-0.11363003962836782,-0.025545448263314636
2020-01,FOOD_ECM_A002_R27,3,-0.2999196121599472,-0.025034539298048344
2020-01,FOOD_ECM_A002_R27,4,0.7154469141093261,-0.024533848512087376
2020-01,FOOD_ECM_A002_R27,5,0.11861721410658252,-0.02404317154184563
2020-01,FOOD_ECM_A002_R27,6,-0.2643398510726445,-0.023562308111008717
2020-01,FOOD_ECM_A002_R27,7,-0.48822318029938927,0.0
2020-01,FOOD_ECM_A002_R27,8,0.24013624977058134,0.0
2020-01,FOOD_ECM_A002_R27,9,0.4808460860850541,0.0
2020-01,FOOD_ECM_A002_R27,10,0.32613280137535844,0.0
2020-01,FOOD_ECM_A002_R27,11,0.475783950980984,0.0
2020-01,FOOD_ECM_A002_R27,12,1.114544793144876,0.0
2020-01,FOOD_ECM_A005_R27,1,0.4762497672140179,-0.06317205292104568
2020-01,FOOD_ECM_A005_R27,2,-0.14809804164004658,-0.06001345027499339
2020-01,FOOD_ECM_A005_R27,3,-0.3318978506231426,-0.057012777761243714
2020-01,FOOD_ECM_A005_R27,4,0.685818623748232,-0.05416213887318153
2020-01,FOOD_ECM_A005_R27,5,0.0912063537189057,-0.05145403192952244
2020-01,FOOD_ECM_A005_R27,6,-0.28965887329468215,-0.04888133033304633
2020-01,FOOD_ECM_A005_R27,7,-0.48822318029938927,0.0
2020-01,FOOD_ECM_A005_R27,8,0.24013624977058134,0.0
2020-01,FOOD_ECM_A005_R27,9,0.4808460860850541,0.0
2020-01,FOOD_ECM_A005_R27,10,0.32613280137535844,0.0
2020-01,FOOD_ECM_A005_R27,11,0.475783950980984,0.0
2020-01,FOOD_ECM_A005_R27,12,1.114544793144876,0.0
2020-01,FOOD_ECM_A010_R27,1,0.4197274040741349,-0.11969441606092865
2020-01,FOOD_ECM_A010_R27,2,-0.19580956581988898,-0.1077249744548358
2020-01,FOOD_ECM_A010_R27,3,-0.3718375498712511,-0.09695247700935222
2020-01,FOOD_ECM_A010_R27,4,0.6527235333129966,-0.08725722930841699
2020-01,FOOD_ECM_A010_R27,5,0.06412887927085285,-0.07853150637757529
2020-01,FOOD_ECM_A010_R27,6,-0.31145589870145357,-0.07067835573981776
2020-01,FOOD_ECM_A010_R27,7,-0.48822318029938927,0.0
2020-01,FOOD_ECM_A010_R27,8,0.24013624977058134,0.0
2020-01,FOOD_ECM_A010_R27,9,0.4808460860850541,0.0
2020-01,FOOD_ECM_A010_R27,10,0.32613280137535844,0.0
2020-01,FOOD_ECM_A010_R27,11,0.475783950980984,0.0
2020-01,FOOD_ECM_A010_R27,12,1.114544793144876,0.0
2020-01,FOOD_ECM_A015_R27,1,0.3698547307154147,-0.16956708941964888
2020-01,FOOD_ECM_A015_R27,2,-0.23221661737175475,-0.14413202600670155
2020-01,FOOD_ECM_A015_R27,3,-0.3973972949675952,-0.1225122221056963
2020-01,FOOD_ECM_A015_R27,4,0.6358453738315717,-0.10413538878984185
2020-01,FOOD_ECM_A015_R27,5,0.054145305177062564,-0.08851508047136558
2020-01,FOOD_ECM_A015_R27,6,-0.3160153613622966,-0.07523781840066074
2020-01,FOOD_ECM_A015_R27,7,-0.48822318029938927,0.0
2020-01,FOOD_ECM_A015_R27,8,0.24013624977058134,0.0
2020-01,FOOD_ECM_A015_R27,9,0.4808460860850541,0.0
2020-01,FOOD_ECM_A015_R27,10,0.32613280137535844,0.0
2020-01,FOOD_ECM_A015_R27,11,0.475783950980984,0.0
2020-01,FOOD_ECM_A015_R27,12,1.114544793144876,0.0
2020-01,FOOD_ECM_PPI_R27,1,0.5342901923123187,-0.005131627822744848
2020-01,FOOD_ECM_PPI_R27,2,-0.09193331223211182,-0.0038487208670586357
2020-01,FOOD_ECM_PPI_R27,3,-0.27777161351219287,-0.0028865406502939766
2020-01,FOOD_ECM_PPI_R27,4,0.737815857133693,-0.0021649054877204824
2020-01,FOOD_ECM_PPI_R27,5,0.14103670653263778,-0.001623679115790362
2020-01,FOOD_ECM_PPI_R27,6,-0.24199530229847857,-0.0012177593368427715
2020-01,FOOD_ECM_PPI_R27,7,-0.48822318029938927,0.0
2020-01,FOOD_ECM_PPI_R27,8,0.24013624977058134,0.0
2020-01,FOOD_ECM_PPI_R27,9,0.4808460860850541,0.0
2020-01,FOOD_ECM_PPI_R27,10,0.32613280137535844,0.0
2020-01,FOOD_ECM_PPI_R27,11,0.475783950980984,0.0
2020-01,FOOD_ECM_PPI_R27,12,1.114544793144876,0.0
2020-02,FOOD_ECM_R27,1,-0.4492610368343037,-0.3225935432965307
2020-02,FOOD_ECM_R27,2,-0.502860769567542,-0.24194515747239803
2020-02,FOOD_ECM_R27,3,0.5510396497485839,-0.18145886810429854
2020-02,FOOD_ECM_R27,4,0.0030611924664292745,-0.1360941510782239
2020-02,FOOD_ECM_R27,5,-0.36187405451463694,-0.10207061330866793
2020-02,FOOD_ECM_R27,6,-0.58213429276849,-0.07655295998150094
2020-02,FOOD_ECM_R27,7,0.22334862901624658,0.0
2020-02,FOOD_ECM_R27,8,0.4624260603226196,0.0
2020-02,FOOD_ECM_R27,9,0.307487715052483,0.0
2020-02,FOOD_ECM_R27,10,0.456742451325602,0.0
2020-02,FOOD_ECM_R27,11,1.338859111979648,0.0
2020-02,FOOD_ECM_R27,12,0.4089346689998919,0.0
2020-02,FOOD_ECM_A002_R27,1,-0.1603892719303703,-0.033721778392597344
2020-02,FOOD_ECM_A002_R27,2,-0.29396295491988933,-0.0330473428247454
2020-02,FOOD_ECM_A002_R27,3,0.700112121884632,-0.032386395968250485
2020-02,FOOD_ECM_A002_R27,4,0.1074166754957677,-0.03173866804888548
2020-02,FOOD_ECM_A002_R27,5,-0.29090733589387674,-0.03110389468790777
2020-02,FOOD_ECM_A002_R27,6,-0.5360631495811388,-0.030481816794149613
2020-02,FOOD_ECM_A002_R27,7,0.22334862901624658,0.0
2020-02,FOOD_ECM_A002_R27,8,0.4624260603226196,0.0
2020-02,FOOD_ECM_A002_R27,9,0.307487715052483,0.0
2020-02,FOOD_ECM_A002_R27,10,0.456742451325602,0.0
2020-02,FOOD_ECM_A002_R27,11,1.338859111979648,0.0
2020-02,FOOD_ECM_A002_R27,12,0.4089346689998919,0.0
2020-02,FOOD_ECM_A005_R27,1,-0.20839119117289406,-0.08172369763512112
2020-02,FOOD_ECM_A005_R27,2,-0.33855312484850897,-0.07763751275336506
2020-02,FOOD_ECM_A005_R27,3,0.6587428807371857,-0.0737556371156968
2020-02,FOOD_ECM_A005_R27,4,0.06908748828474122,-0.07006785525991195
2020-02,FOOD_ECM_A005_R27,5,-0.3263679037028853,-0.06656446249691635
2020-02,FOOD_ECM_A005_R27,6,-0.5688175721590597,-0.06323623937207054
2020-02,FOOD_ECM_A005_R27,7,0.22334862901624658,0.0
2020-02,FOOD_ECM_A005_R27,8,0.4624260603226196,0.0
2020-02,FOOD_ECM_A005_R27,9,0.307487715052483,0.0
2020-02,FOOD_ECM_A005_R27,10,0.456742451325602,0.0
2020-02,FOOD_ECM_A005_R27,11,1.338859111979648,0.0
2020-02,FOOD_ECM_A005_R27,12,0.4089346689998919,0.0
2020-02,FOOD_ECM_A010_R27,1,-0.2815123943201077,-0.15484490078233476
2020-02,FOOD_ECM_A010_R27,2,-0.40027602279924523,-0.1393604107041013
2020-02,FOOD_ECM_A010_R27,3,0.6070741482191913,-0.12542436963369116
2020-02,FOOD_ECM_A010_R27,4,0.026273410874331132,-0.11288193267032204
2020-02,FOOD_ECM_A010_R27,5,-0.36139718060925885,-0.10159373940328983
2020-02,FOOD_ECM_A010_R27,6,-0.5970156982499499,-0.09143436546296085
2020-02,FOOD_ECM_A010_R27,7,0.22334862901624658,0.0
2020-02,FOOD_ECM_A010_R27,8,0.4624260603226196,0.0
2020-02,FOOD_ECM_A010_R27,9,0.307487715052483,0.0
2020-02,FOOD_ECM_A010_R27,10,0.456742451325602,0.0
2020-02,FOOD_ECM_A010_R27,11,1.338859111979648,0.0
2020-02,FOOD_ECM_A010_R27,12,0.4089346689998919,0.0
2020-02,FOOD_ECM_A015_R27,1,-0.34603110297941386,-0.21936360944164088
2020-02,FOOD_ECM_A015_R27,2,-0.44737468012053866,-0.18645906802539475
2020-02,FOOD_ECM_A015_R27,3,0.5740083100312969,-0.15849020782158552
2020-02,FOOD_ECM_A015_R27,4,0.004438666896305482,-0.1347166766483477
2020-02,FOOD_ECM_A015_R27,5,-0.37431261635706453,-0.11450917515109554
2020-02,FOOD_ECM_A015_R27,6,-0.6029141316654203,-0.0973327988784312
2020-02,FOOD_ECM_A015_R27,7,0.22334862901624658,0.0
2020-02,FOOD_ECM_A015_R27,8,0.4624260603226196,0.0
2020-02,FOOD_ECM_A015_R27,9,0.307487715052483,0.0
2020-02,FOOD_ECM_A015_R27,10,0.456742451325602,0.0
2020-02,FOOD_ECM_A015_R27,11,1.338859111979648,0.0
2020-02,FOOD_ECM_A015_R27,12,0.4089346689998919,0.0
2020-02,FOOD_ECM_PPI_R27,1,-0.22002279539092473,-0.09335530185315177
2020-02,FOOD_ECM_PPI_R27,2,-0.33093208848500777,-0.07001647638986383
2020-02,FOOD_ECM_PPI_R27,3,0.6799861605604846,-0.05251235729239788
2020-02,FOOD_ECM_PPI_R27,4,0.09977107557535476,-0.039384267969298406
2020-02,FOOD_ECM_PPI_R27,5,-0.2893416421829428,-0.029538200976973805
2020-02,FOOD_ECM_PPI_R27,6,-0.5277349835197195,-0.022153650732730353
2020-02,FOOD_ECM_PPI_R27,7,0.22334862901624658,0.0
2020-02,FOOD_ECM_PPI_R27,8,0.4624260603226196,0.0
2020-02,FOOD_ECM_PPI_R27,9,0.307487715052483,0.0
2020-02,FOOD_ECM_PPI_R27,10,0.456742451325602,0.0
2020-02,FOOD_ECM_PPI_R27,11,1.338859111979648,0.0
2020-02,FOOD_ECM_PPI_R27,12,0.4089346689998919,0.0
2020-03,FOOD_ECM_R27,1,-0.6403441158676837,-0.30132549185847773
2020-03,FOOD_ECM_R27,2,0.4423270473664663,-0.2259941188938583
2020-03,FOOD_ECM_R27,3,-0.06750838044905556,-0.16949558917039373
2020-03,FOOD_ECM_R27,4,-0.41691665998305505,-0.1271216918777953
2020-03,FOOD_ECM_R27,5,-0.6131068537772665,-0.09534126890834647
2020-03,FOOD_ECM_R27,6,0.14772838591251136,-0.07150595168125985
2020-03,FOOD_ECM_R27,7,0.4626517583307616,0.0
2020-03,FOOD_ECM_R27,8,0.31055271254996464,0.0
2020-03,FOOD_ECM_R27,9,0.46164123219235265,0.0
2020-03,FOOD_ECM_R27,10,1.344866549170242,0.0
2020-03,FOOD_ECM_R27,11,0.332845669658544,0.0
2020-03,FOOD_ECM_R27,12,-0.1882570780687647,0.0
2020-03,FOOD_ECM_A002_R27,1,-0.3705171820914788,-0.03149855808227287
2020-03,FOOD_ECM_A002_R27,2,0.6374525793396971,-0.03086858692062741
2020-03,FOOD_ECM_A002_R27,3,0.0717359935391233,-0.030251215182214863
2020-03,FOOD_ECM_A002_R27,4,-0.31944115898383035,-0.029646190878570563
2020-03,FOOD_ECM_A002_R27,5,-0.5468188519299192,-0.029053267060999154
2020-03,FOOD_ECM_A002_R27,6,0.19076213587399204,-0.02847220171977917
2020-03,FOOD_ECM_A002_R27,7,0.4626517583307616,0.0
2020-03,FOOD_ECM_A002_R27,8,0.31055271254996464,0.0
2020-03,FOOD_ECM_A002_R27,9,0.46164123219235265,0.0
2020-03,FOOD_ECM_A002_R27,10,1.344866549170242,0.0
2020-03,FOOD_ECM_A002_R27,11,0.332845669658544,0.0
2020-03,FOOD_ECM_A002_R27,12,-0.1882570780687647,0.0
2020-03,FOOD_ECM_A005_R27,1,-0.4153544152800203,-0.07633579127081436
2020-03,FOOD_ECM_A005_R27,2,0.5958021645530509,-0.07251900170727364
2020-03,FOOD_ECM_A005_R27,3,0.033094157099428215,-0.06889305162190995
2020-03,FOOD_ECM_A005_R27,4,-0.35524336714607424,-0.06544839904081445
2020-03,FOOD_ECM_A005_R27,5,-0.5799415639576937,-0.062175979088773724
2020-03,FOOD_ECM_A005_R27,6,0.1601671574594362,-0.05906718013433504
2020-03,FOOD_ECM_A005_R27,7,0.4626517583307616,0.0
2020-03,FOOD_ECM_A005_R27,8,0.31055271254996464,0.0
2020-03,FOOD_ECM_A005_R27,9,0.46164123219235265,0.0
2020-03,FOOD_ECM_A005_R27,10,1.344866549170242,0.0
2020-03,FOOD_ECM_A005_R27,11,0.332845669658544,0.0
2020-03,FOOD_ECM_A005_R27,12,-0.1882570780687647,0.0
2020-03,FOOD_ECM_A010_R27,1,-0.4836548601012753,-0.14463623609206933
2020-03,FOOD_ECM_A010_R27,2,0.5381485537774622,-0.13017261248286238
2020-03,FOOD_ECM_A010_R27,3,-0.015168142513238003,-0.11715535123457617
2020-03,FOOD_ECM_A010_R27,4,-0.3952347842163783,-0.10543981611111854
2020-03,FOOD_ECM_A010_R27,5,-0.6126614193689267,-0.09489583450000669
2020-03,FOOD_ECM_A010_R27,6,0.1338280865437652,-0.08540625105000602
2020-03,FOOD_ECM_A010_R27,7,0.4626517583307616,0.0
2020-03,FOOD_ECM_A010_R27,8,0.31055271254996464,0.0
2020-03,FOOD_ECM_A010_R27,9,0.46164123219235265,0.0
2020-03,FOOD_ECM_A010_R27,10,1.344866549170242,0.0
2020-03,FOOD_ECM_A010_R27,11,0.332845669658544,0.0
2020-03,FOOD_ECM_A010_R27,12,-0.1882570780687647,0.0
2020-03,FOOD_ECM_A015_R27,1,-0.5439199584729708,-0.20490133446376485
2020-03,FOOD_ECM_A015_R27,2,0.4941550319661244,-0.1741661342942001
2020-03,FOOD_ECM_A015_R27,3,-0.046054005428731934,-0.1480412141500701
2020-03,FOOD_ECM_A015_R27,4,-0.41563000013281937,-0.12583503202755958
2020-03,FOOD_ECM_A015_R27,5,-0.6247253620923456,-0.10695977722342564
2020-03,FOOD_ECM_A015_R27,6,0.12831852695385942,-0.09091581063991179
2020-03,FOOD_ECM_A015_R27,7,0.4626517583307616,0.0
2020-03,FOOD_ECM_A015_R27,8,0.31055271254996464,0.0
2020-03,FOOD_ECM_A015_R27,9,0.46164123219235265,0.0
2020-03,FOOD_ECM_A015_R27,10,1.344866549170242,0.0
2020-03,FOOD_ECM_A015_R27,11,0.332845669658544,0.0
2020-03,FOOD_ECM_A015_R27,12,-0.1882570780687647,0.0
2020-03,FOOD_ECM_PPI_R27,1,-0.3970997313684879,-0.058081107359281944
2020-03,FOOD_ECM_PPI_R27,2,0.6247603357408631,-0.043560830519461455
2020-03,FOOD_ECM_PPI_R27,3,0.06931658583174208,-0.032670622889596095
2020-03,FOOD_ECM_PPI_R27,4,-0.31429793527245686,-0.02450296716719707
2020-03,FOOD_ECM_PPI_R27,5,-0.5361428102443178,-0.018377225375397804
2020-03,FOOD_ECM_PPI_R27,6,0.20545141856222288,-0.013782919031548352
2020-03,FOOD_ECM_PPI_R27,7,0.4626517583307616,0.0
2020-03,FOOD_ECM_PPI_R27,8,0.31055271254996464,0.0
2020-03,FOOD_ECM_PPI_R27,9,0.46164123219235265,0.0
2020-03,FOOD_ECM_PPI_R27,10,1.344866549170242,0.0
2020-03,FOOD_ECM_PPI_R27,11,0.332845669658544,0.0
2020-03,FOOD_ECM_PPI_R27,12,-0.1882570780687647,0.0
2020-04,FOOD_ECM_R27,1,0.42731713532562915,-0.2812165088327763
2020-04,FOOD_ECM_R27,2,-0.053313162202417774,-0.21091238162458226
2020-04,FOOD_ECM_R27,3,-0.4218123969667691,-0.1581842862184367
2020-04,FOOD_ECM_R27,4,-0.6141617868666369,-0.11863821466382751
2020-04,FOOD_ECM_R27,5,0.12656366462590118,-0.08897866099787063
2020-04,FOOD_ECM_R27,6,0.3887266440317023,-0.06673399574840297
2020-04,FOOD_ECM_R27,7,0.30103903579018687,0.0
2020-04,FOOD_ECM_R27,8,0.44835385082145335,0.0
2020-04,FOOD_ECM_R27,9,1.330442650700761,0.0
2020-04,FOOD_ECM_R27,10,0.3170030096625552,0.0
2020-04,FOOD_ECM_R27,11,0.008912404561949668,0.0
2020-04,FOOD_ECM_R27,12,-0.3660046618749431,0.0
2020-04,FOOD_ECM_A002_R27,1,0.6791371451017526,-0.029396499056652887
2020-04,FOOD_ECM_A002_R27,2,0.12879065034664466,-0.028808569075519826
2020-04,FOOD_ECM_A002_R27,3,-0.29186050844234185,-0.02823239769400943
2020-04,FOOD_ECM_A002_R27,4,-0.5231913219429386,-0.02766774974012924
2020-04,FOOD_ECM_A002_R27,5,0.18842793087844517,-0.027114394745326655
2020-04,FOOD_ECM_A002_R27,6,0.42888853292968515,-0.02657210685042012
2020-04,FOOD_ECM_A002_R27,7,0.30103903579018687,0.0
2020-04,FOOD_ECM_A002_R27,8,0.44835385082145335,0.0
2020-04,FOOD_ECM_A002_R27,9,1.330442650700761,0.0
2020-04,FOOD_ECM_A002_R27,10,0.3170030096625552,0.0
2020-04,FOOD_ECM_A002_R27,11,0.008912404561949668,0.0
2020-04,FOOD_ECM_A002_R27,12,-0.3660046618749431,0.0
2020-04,FOOD_ECM_A005_R27,1,0.6372921285874354,-0.07124151557097
2020-04,FOOD_ECM_A005_R27,2,0.08991977962974299,-0.0676794397924215
2020-04,FOOD_ECM_A005_R27,3,-0.32792357855113285,-0.06429546780280042
2020-04,FOOD_ECM_A005_R27,4,-0.5566042666154698,-0.0610806944126604
2020-04,FOOD_ECM_A005_R27,5,0.15751566593174446,-0.05802665969202737
2020-04,FOOD_ECM_A005_R27,6,0.4003353130726793,-0.055125326707426
2020-04,FOOD_ECM_A005_R27,7,0.30103903579018687,0.0
2020-04,FOOD_ECM_A005_R27,8,0.44835385082145335,0.0
2020-04,FOOD_ECM_A005_R27,9,1.330442650700761,0.0
2020-04,FOOD_ECM_A005_R27,10,0.3170030096625552,0.0
2020-04,FOOD_ECM_A005_R27,11,0.008912404561949668,0.0
2020-04,FOOD_ECM_A005_R27,12,-0.3660046618749431,0.0
2020-04,FOOD_ECM_A010_R27,1,0.5735497199186729,-0.13498392423973263
2020-04,FOOD_ECM_A010_R27,2,0.03611368760640511,-0.12148553181575937
2020-04,FOOD_ECM_A010_R27,3,-0.3729650893825159,-0.10933697863418344
2020-04,FOOD_ECM_A010_R27,4,-0.5939268529735745,-0.09840328077076509
2020-04,FOOD_ECM_A010_R27,5,0.1269793729300832,-0.08856295269368859
2020-04,FOOD_ECM_A010_R27,6,0.3757539823557855,-0.07970665742431973
2020-04,FOOD_ECM_A010_R27,7,0.30103903579018687,0.0
2020-04,FOOD_ECM_A010_R27,8,0.44835385082145335,0.0
2020-04,FOOD_ECM_A010_R27,9,1.330442650700761,0.0
2020-04,FOOD_ECM_A010_R27,10,0.3170030096625552,0.0
2020-04,FOOD_ECM_A010_R27,11,0.008912404561949668,0.0
2020-04,FOOD_ECM_A010_R27,12,-0.3660046618749431,0.0
2020-04,FOOD_ECM_A015_R27,1,0.5173064181521176,-0.1912272260062879
2020-04,FOOD_ECM_A015_R27,2,-0.004943922683180224,-0.1625431421053447
2020-04,FOOD_ECM_A015_R27,3,-0.4017897815378754,-0.138161670789543
2020-04,FOOD_ECM_A015_R27,4,-0.612960992373921,-0.11743742017111154
2020-04,FOOD_ECM_A015_R27,5,0.11572051847832701,-0.09982180714544481
2020-04,FOOD_ECM_A015_R27,6,0.3706121037064772,-0.08484853607362809
2020-04,FOOD_ECM_A015_R27,7,0.30103903579018687,0.0
2020-04,FOOD_ECM_A015_R27,8,0.44835385082145335,0.0
2020-04,FOOD_ECM_A015_R27,9,1.330442650700761,0.0
2020-04,FOOD_ECM_A015_R27,10,0.3170030096625552,0.0
2020-04,FOOD_ECM_A015_R27,11,0.008912404561949668,0.0
2020-04,FOOD_ECM_A015_R27,12,-0.3660046618749431,0.0
2020-04,FOOD_ECM_PPI_R27,1,0.5837452007904039,-0.12478844336800154
2020-04,FOOD_ECM_PPI_R27,2,0.06400788689616332,-0.09359133252600116
2020-04,FOOD_ECM_PPI_R27,3,-0.3338216101428333,-0.07019349939450087
2020-04,FOOD_ECM_PPI_R27,4,-0.5481686967486851,-0.05264512454587565
2020-04,FOOD_ECM_PPI_R27,5,0.1760584822143651,-0.039483843409406735
2020-04,FOOD_ECM_PPI_R27,6,0.4258477572230502,-0.029612882557055055
2020-04,FOOD_ECM_PPI_R27,7,0.30103903579018687,0.0
2020-04,FOOD_ECM_PPI_R27,8,0.44835385082145335,0.0
2020-04,FOOD_ECM_PPI_R27,9,1.330442650700761,0.0
2020-04,FOOD_ECM_PPI_R27,10,0.3170030096625552,0.0
2020-04,FOOD_ECM_PPI_R27,11,0.008912404561949668,0.0
2020-04,FOOD_ECM_PPI_R27,12,-0.3660046618749431,0.0
2020-05,FOOD_ECM_R27,1,-0.24566118704431303,-0.34917793542709913
2020-05,FOOD_ECM_R27,2,-0.5376622011533174,-0.26188345157032433
2020-05,FOOD_ECM_R27,3,-0.7100959058600861,-0.19641258867774325
2020-05,FOOD_ECM_R27,4,0.05794945900520368,-0.14730944150830744
2020-05,FOOD_ECM_R27,5,0.32064335610437433,-0.11048208113123058
2020-05,FOOD_ECM_R27,6,0.20011635076255557,-0.08286156084842293
2020-05,FOOD_ECM_R27,7,0.43256933767564587,0.0
2020-05,FOOD_ECM_R27,8,1.3138420745145851,0.0
2020-05,FOOD_ECM_R27,9,0.30108357078269554,0.0
2020-05,FOOD_ECM_R27,10,-0.007153396647690935,0.0
2020-05,FOOD_ECM_R27,11,-0.18959623110149945,0.0
2020-05,FOOD_ECM_R27,12,0.663372795024753,0.0
2020-05,FOOD_ECM_A002_R27,1,0.06701601486614,-0.036500733516646094
2020-05,FOOD_ECM_A002_R27,2,-0.3115494684293063,-0.035770718846313165
2020-05,FOOD_ECM_A002_R27,3,-0.5487386216517297,-0.03505530446938691
2020-05,FOOD_ECM_A002_R27,4,0.17090470213351194,-0.03435419837999917
2020-05,FOOD_ECM_A002_R27,5,0.39745832282320576,-0.03366711441239918
2020-05,FOOD_ECM_A002_R27,6,0.24998413948682732,-0.0329937721241512
2020-05,FOOD_ECM_A002_R27,7,0.43256933767564587,0.0
2020-05,FOOD_ECM_A002_R27,8,1.3138420745145851,0.0
2020-05,FOOD_ECM_A002_R27,9,0.30108357078269554,0.0
2020-05,FOOD_ECM_A002_R27,10,-0.007153396647690935,0.0
2020-05,FOOD_ECM_A002_R27,11,-0.18959623110149945,0.0
2020-05,FOOD_ECM_A002_R27,12,0.663372795024753,0.0
2020-05,FOOD_ECM_A005_R27,1,0.01505833807458766,-0.08845841030819844
2020-05,FOOD_ECM_A005_R27,2,-0.35981423937578166,-0.08403548979278852
2020-05,FOOD_ECM_A005_R27,3,-0.5935170324854919,-0.07983371530314909
2020-05,FOOD_ECM_A005_R27,4,0.1294168709755195,-0.07584202953799163
2020-05,FOOD_ECM_A005_R27,5,0.3590755091745129,-0.07204992806109203
2020-05,FOOD_ECM_A005_R27,6,0.21453047995294108,-0.06844743165803743
2020-05,FOOD_ECM_A005_R27,7,0.43256933767564587,0.0
2020-05,FOOD_ECM_A005_R27,8,1.3138420745145851,0.0
2020-05,FOOD_ECM_A005_R27,9,0.30108357078269554,0.0
2020-05,FOOD_ECM_A005_R27,10,-0.007153396647690935,0.0
2020-05,FOOD_ECM_A005_R27,11,-0.18959623110149945,0.0
2020-05,FOOD_ECM_A005_R27,12,0.663372795024753,0.0
2020-05,FOOD_ECM_A010_R27,1,-0.06408866062222149,-0.1676054090050076
2020-05,FOOD_ECM_A010_R27,2,-0.4266236176875,-0.15084486810450684
2020-05,FOOD_ECM_A010_R27,3,-0.6494436984763989,-0.13576038129405615
2020-05,FOOD_ECM_A010_R27,4,0.08307455734886059,-0.12218434316465053
2020-05,FOOD_ECM_A010_R27,5,0.32115952838741946,-0.10996590884818548
2020-05,FOOD_ECM_A010_R27,6,0.18400859364761157,-0.09896931796336693
2020-05,FOOD_ECM_A010_R27,7,0.43256933767564587,0.0
2020-05,FOOD_ECM_A010_R27,8,1.3138420745145851,0.0
2020-05,FOOD_ECM_A010_R27,9,0.30108357078269554,0.0
2020-05,FOOD_ECM_A010_R27,10,-0.007153396647690935,0.0
2020-05,FOOD_ECM_A010_R27,11,-0.18959623110149945,0.0
2020-05,FOOD_ECM_A010_R27,12,0.663372795024753,0.0
2020-05,FOOD_ECM_A015_R27,1,-0.13392424770764128,-0.23744099609042738
2020-05,FOOD_ECM_A015_R27,2,-0.4776035962598564,-0.20182484667686323
2020-05,FOOD_ECM_A015_R27,3,-0.6852344368576766,-0.17155111967533376
2020-05,FOOD_ECM_A015_R27,4,0.059440448789477435,-0.14581845172403368
2020-05,FOOD_ECM_A015_R27,5,0.30717975327017627,-0.12394568396542864
2020-05,FOOD_ECM_A015_R27,6,0.1776240802403642,-0.10535383137061434
2020-05,FOOD_ECM_A015_R27,7,0.43256933767564587,0.0
2020-05,FOOD_ECM_A015_R27,8,1.3138420745145851,0.0
2020-05,FOOD_ECM_A015_R27,9,0.30108357078269554,0.0
2020-05,FOOD_ECM_A015_R27,10,-0.007153396647690935,0.0
2020-05,FOOD_ECM_A015_R27,11,-0.18959623110149945,0.0
2020-05,FOOD_ECM_A015_R27,12,0.663372795024753,0.0
2020-05,FOOD_ECM_PPI_R27,1,-0.11573987295225907,-0.21925662133504517
2020-05,FOOD_ECM_PPI_R27,2,-0.440221215584277,-0.16444246600128387
2020-05,FOOD_ECM_PPI_R27,3,-0.6370151666833057,-0.1233318495009629
2020-05,FOOD_ECM_PPI_R27,4,0.11276001338778893,-0.09249888712572218
2020-05,FOOD_ECM_PPI_R27,5,0.3617512718913133,-0.06937416534429164
2020-05,FOOD_ECM_PPI_R27,6,0.2309472876027598,-0.05203062400821873
2020-05,FOOD_ECM_PPI_R27,7,0.43256933767564587,0.0
2020-05,FOOD_ECM_PPI_R27,8,1.3138420745145851,0.0
2020-05,FOOD_ECM_PPI_R27,9,0.30108357078269554,0.0
2020-05,FOOD_ECM_PPI_R27,10,-0.007153396647690935,0.0
2020-05,FOOD_ECM_PPI_R27,11,-0.18959623110149945,0.0
2020-05,FOOD_ECM_PPI_R27,12,0.663372795024753,0.0
2020-06,FOOD_ECM_R27,1,-0.7130351043048249,-0.35092822294775483
2020-06,FOOD_ECM_R27,2,-0.8369218634364413,-0.2631961672108161
2020-06,FOOD_ECM_R27,3,-0.03561966281260226,-0.1973971254081121
2020-06,FOOD_ECM_R27,4,0.25598440373750897,-0.14804784405608407
2020-06,FOOD_ECM_R27,5,0.15275844869440722,-0.11103588304206305
2020-06,FOOD_ECM_R27,6,0.3403319208186837,-0.0832769122815473
2020-06,FOOD_ECM_R27,7,1.309343947672317,0.0
2020-06,FOOD_ECM_R27,8,0.2987371665106017,0.0
2020-06,FOOD_ECM_R27,9,-0.007772973969775916,0.0
2020-06,FOOD_ECM_R27,10,-0.18936188906139403,0.0
2020-06,FOOD_ECM_R27,11,0.646521568353193,0.0
2020-06,FOOD_ECM_R27,12,0.0757299172672804,0.0
2020-06,FOOD_ECM_A002_R27,1,-0.398790578262542,-0.03668369690547197
2020-06,FOOD_ECM_A002_R27,2,-0.6096757191929876,-0.03595002296736253
2020-06,FOOD_ECM_A002_R27,3,0.12654644008749458,-0.035231022508015276
2020-06,FOOD_ECM_A002_R27,4,0.3695058457357381,-0.034526402057854975
2020-06,FOOD_ECM_A002_R27,5,0.22995845771977239,-0.033835874016697874
2020-06,FOOD_ECM_A002_R27,6,0.39044967656386703,-0.033159156536363914
2020-06,FOOD_ECM_A002_R27,7,1.309343947672317,0.0
2020-06,FOOD_ECM_A002_R27,8,0.2987371665106017,0.0
2020-06,FOOD_ECM_A002_R27,9,-0.007772973969775916,0.0
2020-06,FOOD_ECM_A002_R27,10,-0.18936188906139403,0.0
2020-06,FOOD_ECM_A002_R27,11,0.646521568353193,0.0
2020-06,FOOD_ECM_A002_R27,12,0.0757299172672804,0.0
2020-06,FOOD_ECM_A005_R27,1,-0.4510086978371679,-0.0889018164800979
2020-06,FOOD_ECM_A005_R27,2,-0.658182421881718,-0.084456725656093
2020-06,FOOD_ECM_A005_R27,3,0.0815435732222215,-0.08023388937328835
2020-06,FOOD_ECM_A005_R27,4,0.32781005288896914,-0.07622219490462392
2020-06,FOOD_ECM_A005_R27,5,0.19138324657707756,-0.07241108515939272
2020-06,FOOD_ECM_A005_R27,6,0.3548183021988079,-0.06879053090142308
2020-06,FOOD_ECM_A005_R27,7,1.309343947672317,0.0
2020-06,FOOD_ECM_A005_R27,8,0.2987371665106017,0.0
2020-06,FOOD_ECM_A005_R27,9,-0.007772973969775916,0.0
2020-06,FOOD_ECM_A005_R27,10,-0.18936188906139403,0.0
2020-06,FOOD_ECM_A005_R27,11,0.646521568353193,0.0
2020-06,FOOD_ECM_A005_R27,12,0.0757299172672804,0.0
2020-06,FOOD_ECM_A010_R27,1,-0.5305524283719923,-0.16844554701492234
2020-06,FOOD_ECM_A010_R27,2,-0.7253266885390552,-0.1516009923134301
2020-06,FOOD_ECM_A010_R27,3,0.025336569513422752,-0.1364408930820871
2020-06,FOOD_ECM_A010_R27,4,0.2812354440197147,-0.12279680377387839
2020-06,FOOD_ECM_A010_R27,5,0.1532772083399797,-0.11051712339649056
2020-06,FOOD_ECM_A010_R27,6,0.3241434220433895,-0.0994654110568415
2020-06,FOOD_ECM_A010_R27,7,1.309343947672317,0.0
2020-06,FOOD_ECM_A010_R27,8,0.2987371665106017,0.0
2020-06,FOOD_ECM_A010_R27,9,-0.007772973969775916,0.0
2020-06,FOOD_ECM_A010_R27,10,-0.18936188906139403,0.0
2020-06,FOOD_ECM_A010_R27,11,0.646521568353193,0.0
2020-06,FOOD_ECM_A010_R27,12,0.0757299172672804,0.0
2020-06,FOOD_ECM_A015_R27,1,-0.6007380729615434,-0.2386311916044733
2020-06,FOOD_ECM_A015_R27,2,-0.7765622090894273,-0.20283651286380228
2020-06,FOOD_ECM_A015_R27,3,-0.010633573338722085,-0.17241103593423193
2020-06,FOOD_ECM_A015_R27,4,0.2574828672494959,-0.14654938054409714
2020-06,FOOD_ECM_A015_R27,5,0.1392273582739877,-0.12456697346248258
2020-06,FOOD_ECM_A015_R27,6,0.3177269056571208,-0.10588192744311017
2020-06,FOOD_ECM_A015_R27,7,1.309343947672317,0.0
2020-06,FOOD_ECM_A015_R27,8,0.2987371665106017,0.0
2020-06,FOOD_ECM_A015_R27,9,-0.007772973969775916,0.0
2020-06,FOOD_ECM_A015_R27,10,-0.18936188906139403,0.0
2020-06,FOOD_ECM_A015_R27,11,0.646521568353193,0.0
2020-06,FOOD_ECM_A015_R27,12,0.0757299172672804,0.0
2020-06,FOOD_ECM_PPI_R27,1,-0.6495954839115677,-0.2874886025544977
2020-06,FOOD_ECM_PPI_R27,2,-0.7893421481414984,-0.21561645191587325
2020-06,FOOD_ECM_PPI_R27,3,6.512365860489311e-05,-0.16171233893690495
2020-06,FOOD_ECM_PPI_R27,4,0.2827479935909143,-0.12128425420267872
2020-06,FOOD_ECM_PPI_R27,5,0.17283114108446124,-0.09096319065200903
2020-06,FOOD_ECM_PPI_R27,6,0.35538644011122417,-0.06822239298900677
2020-06,FOOD_ECM_PPI_R27,7,1.309343947672317,0.0
2020-06,FOOD_ECM_PPI_R27,8,0.2987371665106017,0.0
2020-06,FOOD_ECM_PPI_R27,9,-0.007772973969775916,0.0
2020-06,FOOD_ECM_PPI_R27,10,-0.18936188906139403,0.0
2020-06,FOOD_ECM_PPI_R27,11,0.646521568353193,0.0
2020-06,FOOD_ECM_PPI_R27,12,0.0757299172672804,0.0
2020-07,FOOD_ECM_R27,1,-0.9486358587974333,-0.33485683409902456
2020-07,FOOD_ECM_R27,2,-0.1295647447098939,-0.2511426255742684
2020-07,FOOD_ECM_R27,3,0.18927534697188134,-0.1883569691807013
2020-07,FOOD_ECM_R27,4,0.1055359682000736,-0.14126772688552597
2020-07,FOOD_ECM_R27,5,0.31679340422391966,-0.10595079516414448
2020-07,FOOD_ECM_R27,6,1.234129081483561,-0.07946309637310836
2020-07,FOOD_ECM_R27,7,0.30540072572166815,0.0
2020-07,FOOD_ECM_R27,8,0.0007273281952816512,0.0
2020-07,FOOD_ECM_R27,9,-0.1797832228159866,0.0
2020-07,FOOD_ECM_R27,10,0.6566243624549265,0.0
2020-07,FOOD_ECM_R27,11,-0.038876490417722925,0.0
2020-07,FOOD_ECM_R27,12,-0.28796858839200223,0.0
2020-07,FOOD_ECM_A002_R27,1,-0.6487827257562268,-0.03500370105781803
2020-07,FOOD_ECM_A002_R27,2,0.08727425382771284,-0.03430362703666167
2020-07,FOOD_ECM_A002_R27,3,0.3440147616566542,-0.03361755449592844
2020-07,FOOD_ECM_A002_R27,4,0.2138584916795897,-0.032945203406009864
2020-07,FOOD_ECM_A002_R27,5,0.39045790005017444,-0.03228629933788967
2020-07,FOOD_ECM_A002_R27,6,1.2819516045055377,-0.03164057335113188
2020-07,FOOD_ECM_A002_R27,7,0.30540072572166815,0.0
2020-07,FOOD_ECM_A002_R27,8,0.0007273281952816512,0.0
2020-07,FOOD_ECM_A002_R27,9,-0.1797832228159866,0.0
2020-07,FOOD_ECM_A002_R27,10,0.6566243624549265,0.0
2020-07,FOOD_ECM_A002_R27,11,-0.038876490417722925,0.0
2020-07,FOOD_ECM_A002_R27,12,-0.28796858839200223,0.0
2020-07,FOOD_ECM_A005_R27,1,-0.6986094226701616,-0.08483039797175289
2020-07,FOOD_ECM_A005_R27,2,0.040989002791209275,-0.08058887807316524
2020-07,FOOD_ECM_A005_R27,3,0.3010728819830757,-0.07655943416950697
2020-07,FOOD_ECM_A005_R27,4,0.17407223262456795,-0.07273146246103163
2020-07,FOOD_ECM_A005_R27,5,0.3536493100500841,-0.06909488933798003
2020-07,FOOD_ECM_A005_R27,6,1.2479520329855884,-0.06564014487108102
2020-07,FOOD_ECM_A005_R27,7,0.30540072572166815,0.0
2020-07,FOOD_ECM_A005_R27,8,0.0007273281952816512,0.0
2020-07,FOOD_ECM_A005_R27,9,-0.1797832228159866,0.0
2020-07,FOOD_ECM_A005_R27,10,0.6566243624549265,0.0
2020-07,FOOD_ECM_A005_R27,11,-0.038876490417722925,0.0
2020-07,FOOD_ECM_A005_R27,12,-0.28796858839200223,0.0
2020-07,FOOD_ECM_A010_R27,1,-0.7745103050659405,-0.1607312803675318
2020-07,FOOD_ECM_A010_R27,2,-0.023080271466404095,-0.1446581523307786
2020-07,FOOD_ECM_A010_R27,3,0.24743997905488188,-0.13019233709770076
2020-07,FOOD_ECM_A010_R27,4,0.12963059169766888,-0.11717310338793067
2020-07,FOOD_ECM_A010_R27,5,0.3172884063389265,-0.10545579304913762
2020-07,FOOD_ECM_A010_R27,6,1.2186819641124456,-0.09491021374422386
2020-07,FOOD_ECM_A010_R27,7,0.30540072572166815,0.0
2020-07,FOOD_ECM_A010_R27,8,0.0007273281952816512,0.0
2020-07,FOOD_ECM_A010_R27,9,-0.1797832228159866,0.0
2020-07,FOOD_ECM_A010_R27,10,0.6566243624549265,0.0
2020-07,FOOD_ECM_A010_R27,11,-0.038876490417722925,0.0
2020-07,FOOD_ECM_A010_R27,12,-0.28796858839200223,0.0
2020-07,FOOD_ECM_A015_R27,1,-0.8414816718857454,-0.22770264718733668
2020-07,FOOD_ECM_A015_R27,2,-0.07196936924486164,-0.19354725010923615
2020-07,FOOD_ECM_A015_R27,3,0.2131171535597319,-0.16451516259285073
2020-07,FOOD_ECM_A015_R27,4,0.10696580688167645,-0.13983788820392312
2020-07,FOOD_ECM_A015_R27,5,0.30388199441472946,-0.11886220497333466
2020-07,FOOD_ECM_A015_R27,6,1.212559303629335,-0.10103287422733445
2020-07,FOOD_ECM_A015_R27,7,0.30540072572166815,0.0
2020-07,FOOD_ECM_A015_R27,8,0.0007273281952816512,0.0
2020-07,FOOD_ECM_A015_R27,9,-0.1797832228159866,0.0
2020-07,FOOD_ECM_A015_R27,10,0.6566243624549265,0.0
2020-07,FOOD_ECM_A015_R27,11,-0.038876490417722925,0.0
2020-07,FOOD_ECM_A015_R27,12,-0.28796858839200223,0.0
2020-07,FOOD_ECM_PPI_R27,1,-0.8860860375105769,-0.2723070128121682
2020-07,FOOD_ECM_PPI_R27,2,-0.08265237874475165,-0.20423025960912616
2020-07,FOOD_ECM_PPI_R27,3,0.22445962144573803,-0.1531726947068446
2020-07,FOOD_ECM_PPI_R27,4,0.1319241740554661,-0.11487952103013346
2020-07,FOOD_ECM_PPI_R27,5,0.33658455861546405,-0.08615964077260009
2020-07,FOOD_ECM_PPI_R27,6,1.2489724472772195,-0.06461973057945007
2020-07,FOOD_ECM_PPI_R27,7,0.30540072572166815,0.0
2020-07,FOOD_ECM_PPI_R27,8,0.0007273281952816512,0.0
2020-07,FOOD_ECM_PPI_R27,9,-0.1797832228159866,0.0
2020-07,FOOD_ECM_PPI_R27,10,0.6566243624549265,0.0
2020-07,FOOD_ECM_PPI_R27,11,-0.038876490417722925,0.0
2020-07,FOOD_ECM_PPI_R27,12,-0.28796858839200223,0.0
2020-08,FOOD_ECM_R27,1,-0.1306384430656607,-0.267381393075898
2020-08,FOOD_ECM_R27,2,0.16487068225903434,-0.2005360448069235
2020-08,FOOD_ECM_R27,3,0.09525689850182695,-0.1504020336051926
2020-08,FOOD_ECM_R27,4,0.3037151660238813,-0.11280152520389447
2020-08,FOOD_ECM_R27,5,1.248900023660567,-0.08460114390292085
2020-08,FOOD_ECM_R27,6,0.2596680425803165,-0.06345085792719064
2020-08,FOOD_ECM_R27,7,0.018634045018486922,0.0
2020-08,FOOD_ECM_R27,8,-0.16028161133273122,0.0
2020-08,FOOD_ECM_R27,9,0.6766946403854613,0.0
2020-08,FOOD_ECM_R27,10,-0.018270473381224034,0.0
2020-08,FOOD_ECM_R27,11,-0.5107404739377629,0.0
2020-08,FOOD_ECM_R27,12,-0.5094394243879324,0.0
2020-08,FOOD_ECM_A002_R27,1,0.10879268172070342,-0.02795026828953387
2020-08,FOOD_ECM_A002_R27,2,0.3380154641422146,-0.027391262923743193
2020-08,FOOD_ECM_A002_R27,3,0.21881549444175122,-0.026843437665268328
2020-08,FOOD_ECM_A002_R27,4,0.3902101223158128,-0.02630656891196296
2020-08,FOOD_ECM_A002_R27,5,1.3077207300297642,-0.0257804375337237
2020-08,FOOD_ECM_A002_R27,6,0.2978540717244579,-0.025264828783049226
2020-08,FOOD_ECM_A002_R27,7,0.018634045018486922,0.0
2020-08,FOOD_ECM_A002_R27,8,-0.16028161133273122,0.0
2020-08,FOOD_ECM_A002_R27,9,0.6766946403854613,0.0
2020-08,FOOD_ECM_A002_R27,10,-0.018270473381224034,0.0
2020-08,FOOD_ECM_A002_R27,11,-0.5107404739377629,0.0
2020-08,FOOD_ECM_A002_R27,12,-0.5094394243879324,0.0
2020-08,FOOD_ECM_A005_R27,1,0.06900633043100979,-0.0677366195792275
2020-08,FOOD_ECM_A005_R27,2,0.3010569384656917,-0.06434978860026612
2020-08,FOOD_ECM_A005_R27,3,0.18452663293676674,-0.061132299170252806
2020-08,FOOD_ECM_A005_R27,4,0.35844100701603565,-0.05807568421174016
2020-08,FOOD_ECM_A005_R27,5,1.2783292675623346,-0.05517190000115315
2020-08,FOOD_ECM_A005_R27,6,0.27070559550641166,-0.05241330500109549
2020-08,FOOD_ECM_A005_R27,7,0.018634045018486922,0.0
2020-08,FOOD_ECM_A005_R27,8,-0.16028161133273122,0.0
2020-08,FOOD_ECM_A005_R27,9,0.6766946403854613,0.0
2020-08,FOOD_ECM_A005_R27,10,-0.018270473381224034,0.0
2020-08,FOOD_ECM_A005_R27,11,-0.5107404739377629,0.0
2020-08,FOOD_ECM_A005_R27,12,-0.5094394243879324,0.0
2020-08,FOOD_ECM_A010_R27,1,0.00839988133380623,-0.12834306867643105
2020-08,FOOD_ECM_A010_R27,2,0.2498979652571699,-0.11550876180878794
2020-08,FOOD_ECM_A010_R27,3,0.14170104647911042,-0.10395788562790916
2020-08,FOOD_ECM_A010_R27,4,0.3229545941626576,-0.09356209706511823
2020-08,FOOD_ECM_A010_R27,5,1.2492952802048813,-0.08420588735860642
2020-08,FOOD_ECM_A010_R27,6,0.24733360188476136,-0.07578529862274577
2020-08,FOOD_ECM_A010_R27,7,0.018634045018486922,0.0
2020-08,FOOD_ECM_A010_R27,8,-0.16028161133273122,0.0
2020-08,FOOD_ECM_A010_R27,9,0.6766946403854613,0.0
2020-08,FOOD_ECM_A010_R27,10,-0.018270473381224034,0.0
2020-08,FOOD_ECM_A010_R27,11,-0.5107404739377629,0.0
2020-08,FOOD_ECM_A010_R27,12,-0.5094394243879324,0.0
2020-08,FOOD_ECM_A015_R27,1,-0.04507639728137333,-0.18181934729161062
2020-08,FOOD_ECM_A015_R27,2,0.2108602818680888,-0.15454644519786903
2020-08,FOOD_ECM_A015_R27,3,0.1142944536888309,-0.13136447841818866
2020-08,FOOD_ECM_A015_R27,4,0.3048568845723154,-0.11165980665546035
2020-08,FOOD_ECM_A015_R27,5,1.2385903319063465,-0.09491083565714131
2020-08,FOOD_ECM_A015_R27,6,0.24244469019893702,-0.08067421030857011
2020-08,FOOD_ECM_A015_R27,7,0.018634045018486922,0.0
2020-08,FOOD_ECM_A015_R27,8,-0.16028161133273122,0.0
2020-08,FOOD_ECM_A015_R27,9,0.6766946403854613,0.0
2020-08,FOOD_ECM_A015_R27,10,-0.018270473381224034,0.0
2020-08,FOOD_ECM_A015_R27,11,-0.5107404739377629,0.0
2020-08,FOOD_ECM_A015_R27,12,-0.5094394243879324,0.0
2020-08,FOOD_ECM_PPI_R27,1,-0.06322443066111477,-0.19996738067135206
2020-08,FOOD_ECM_PPI_R27,2,0.21543119156244378,-0.14997553550351406
2020-08,FOOD_ECM_PPI_R27,3,0.133177280479384,-0.11248165162763554
2020-08,FOOD_ECM_PPI_R27,4,0.33215545250704914,-0.08436123872072665
2020-08,FOOD_ECM_PPI_R27,5,1.270230238522943,-0.06327092904054499
2020-08,FOOD_ECM_PPI_R27,6,0.2756657037270984,-0.04745319678040874
2020-08,FOOD_ECM_PPI_R27,7,0.018634045018486922,0.0
2020-08,FOOD_ECM_PPI_R27,8,-0.16028161133273122,0.0
2020-08,FOOD_ECM_PPI_R27,9,0.6766946403854613,0.0
2020-08,FOOD_ECM_PPI_R27,10,-0.018270473381224034,0.0
2020-08,FOOD_ECM_PPI_R27,11,-0.5107404739377629,0.0
2020-08,FOOD_ECM_PPI_R27,12,-0.5094394243879324,0.0
2020-09,FOOD_ECM_R27,1,0.06074921552433776,-0.2962737012384503
2020-09,FOOD_ECM_R27,2,0.025103756099898872,-0.2222052759288377
2020-09,FOOD_ECM_R27,3,0.2490629174457422,-0.1666539569466283
2020-09,FOOD_ECM_R27,4,1.20957086770972,-0.12499046770997121
2020-09,FOOD_ECM_R27,5,0.2278209633665717,-0.09374285078247842
2020-09,FOOD_ECM_R27,6,-0.051772838423582726,-0.0703071380868588
2020-09,FOOD_ECM_R27,7,-0.15972955616576714,0.0
2020-09,FOOD_ECM_R27,8,0.677111466551328,0.0
2020-09,FOOD_ECM_R27,9,-0.01767179977991684,0.0
2020-09,FOOD_ECM_R27,10,-0.5101681997886538,0.0
2020-09,FOOD_ECM_R27,11,-0.5118817705532966,0.0
2020-09,FOOD_ECM_R27,12,0.2235399613318725,0.0
2020-09,FOOD_ECM_A002_R27,1,0.32605243919332877,-0.030970477569459334
2020-09,FOOD_ECM_A002_R27,2,0.21695796401066644,-0.030351068018070144
2020-09,FOOD_ECM_A002_R27,3,0.38597282773466174,-0.02974404665770874
2020-09,FOOD_ECM_A002_R27,4,1.3054121696951366,-0.029149165724554567
2020-09,FOOD_ECM_A002_R27,5,0.29299763173898663,-0.028566182410063475
2020-09,FOOD_ECM_A002_R27,6,-0.00946055909858613,-0.027994858761862206
2020-09,FOOD_ECM_A002_R27,7,-0.15972955616576714,0.0
2020-09,FOOD_ECM_A002_R27,8,0.677111466551328,0.0
2020-09,FOOD_ECM_A002_R27,9,-0.01767179977991684,0.0
2020-09,FOOD_ECM_A002_R27,10,-0.5101681997886538,0.0
2020-09,FOOD_ECM_A002_R27,11,-0.5118817705532966,0.0
2020-09,FOOD_ECM_A002_R27,12,0.2235399613318725,0.0
2020-09,FOOD_ECM_A005_R27,1,0.28196691244904737,-0.07505600431374074
2020-09,FOOD_ECM_A005_R27,2,0.17600582793068287,-0.0713032040980537
2020-09,FOOD_ECM_A005_R27,3,0.34797883049921946,-0.06773804389315101
2020-09,FOOD_ECM_A005_R27,4,1.2702101937211978,-0.06435114169849346
2020-09,FOOD_ECM_A005_R27,5,0.26043022953548134,-0.06113358461356878
2020-09,FOOD_ECM_A005_R27,6,-0.039542605719614266,-0.05807690538289034
2020-09,FOOD_ECM_A005_R27,7,-0.15972955616576714,0.0
2020-09,FOOD_ECM_A005_R27,8,0.677111466551328,0.0
2020-09,FOOD_ECM_A005_R27,9,-0.01767179977991684,0.0
2020-09,FOOD_ECM_A005_R27,10,-0.5101681997886538,0.0
2020-09,FOOD_ECM_A005_R27,11,-0.5118817705532966,0.0
2020-09,FOOD_ECM_A005_R27,12,0.2235399613318725,0.0
2020-09,FOOD_ECM_A010_R27,1,0.21481154016833193,-0.14221137659445615
2020-09,FOOD_ECM_A010_R27,2,0.11931879309372603,-0.12799023893501055
2020-09,FOOD_ECM_A010_R27,3,0.300525659350861,-0.11519121504150949
2020-09,FOOD_ECM_A010_R27,4,1.2308892418823327,-0.10367209353735853
2020-09,FOOD_ECM_A010_R27,5,0.2282589299654274,-0.09330488418362269
2020-09,FOOD_ECM_A010_R27,6,-0.06544009610198434,-0.08397439576526042
2020-09,FOOD_ECM_A010_R27,7,-0.15972955616576714,0.0
2020-09,FOOD_ECM_A010_R27,8,0.677111466551328,0.0
2020-09,FOOD_ECM_A010_R27,9,-0.01767179977991684,0.0
2020-09,FOOD_ECM_A010_R27,10,-0.5101681997886538,0.0
2020-09,FOOD_ECM_A010_R27,11,-0.5118817705532966,0.0
2020-09,FOOD_ECM_A010_R27,12,0.2235399613318725,0.0
2020-09,FOOD_ECM_A015_R27,1,0.1555567999206419,-0.2014661168421462
2020-09,FOOD_ECM_A015_R27,2,0.07606283271291234,-0.17124619931582424
2020-09,FOOD_ECM_A015_R27,3,0.2701576049739199,-0.1455592694184506
2020-09,FOOD_ECM_A015_R27,4,1.2108359564140083,-0.123725379005683
2020-09,FOOD_ECM_A015_R27,5,0.21639724199421956,-0.10516657215483056
2020-09,FOOD_ECM_A015_R27,6,-0.0708572866683299,-0.08939158633160597
2020-09,FOOD_ECM_A015_R27,7,-0.15972955616576714,0.0
2020-09,FOOD_ECM_A015_R27,8,0.677111466551328,0.0
2020-09,FOOD_ECM_A015_R27,9,-0.01767179977991684,0.0
2020-09,FOOD_ECM_A015_R27,10,-0.5101681997886538,0.0
2020-09,FOOD_ECM_A015_R27,11,-0.5118817705532966,0.0
2020-09,FOOD_ECM_A015_R27,12,0.2235399613318725,0.0
2020-09,FOOD_ECM_PPI_R27,1,0.12128916130771902,-0.23573375545506906
2020-09,FOOD_ECM_PPI_R27,2,0.07050871543743478,-0.1768003165913018
2020-09,FOOD_ECM_PPI_R27,3,0.2831166369488941,-0.13260023744347635
2020-09,FOOD_ECM_PPI_R27,4,1.235111157337084,-0.09945017808260725
2020-09,FOOD_ECM_PPI_R27,5,0.24697618058709467,-0.07458763356195544
2020-09,FOOD_ECM_PPI_R27,6,-0.037406425508190504,-0.05594072517146658
2020-09,FOOD_ECM_PPI_R27,7,-0.15972955616576714,0.0
2020-09,FOOD_ECM_PPI_R27,8,0.677111466551328,0.0
2020-09,FOOD_ECM_PPI_R27,9,-0.01767179977991684,0.0
2020-09,FOOD_ECM_PPI_R27,10,-0.5101681997886538,0.0
2020-09,FOOD_ECM_PPI_R27,11,-0.5118817705532966,0.0
2020-09,FOOD_ECM_PPI_R27,12,0.2235399613318725,0.0
2020-10,FOOD_ECM_R27,1,0.08162959810850728,-0.16489556637713115
2020-10,FOOD_ECM_R27,2,0.25495871726211244,-0.12367167478284836
2020-10,FOOD_ECM_R27,3,1.2317273599459504,-0.09275375608713628
2020-10,FOOD_ECM_R27,4,0.23576759689670837,-0.06956531706535221
2020-10,FOOD_ECM_R27,5,-0.01216383657056299,-0.05217398779901415
2020-10,FOOD_ECM_R27,6,-0.18396732299269652,-0.03913049084926062
2020-10,FOOD_ECM_R27,7,0.6934238358624881,0.0
2020-10,FOOD_ECM_R27,8,0.0013889206074489122,0.0
2020-10,FOOD_ECM_R27,9,-0.49041723920866453,0.0
2020-10,FOOD_ECM_R27,10,-0.491312923035406,0.0
2020-10,FOOD_ECM_R27,11,-0.0006797325440051905,0.0
2020-10,FOOD_ECM_R27,12,0.48685406436417544,0.0
2020-10,FOOD_ECM_A002_R27,1,0.229288081280349,-0.017237083205289442
2020-10,FOOD_ECM_A002_R27,2,0.36173805050377716,-0.01689234154118365
2020-10,FOOD_ECM_A002_R27,3,1.3079266213227267,-0.01655449471035998
2020-10,FOOD_ECM_A002_R27,4,0.28910950914590783,-0.016223404816152778
2020-10,FOOD_ECM_A002_R27,5,0.02411121450862144,-0.015898936719829723
2020-10,FOOD_ECM_A002_R27,6,-0.16041779012886903,-0.015580957985433129
2020-10,FOOD_ECM_A002_R27,7,0.6934238358624881,0.0
2020-10,FOOD_ECM_A002_R27,8,0.0013889206074489122,0.0
2020-10,FOOD_ECM_A002_R27,9,-0.49041723920866453,0.0
2020-10,FOOD_ECM_A002_R27,10,-0.491312923035406,0.0
2020-10,FOOD_ECM_A002_R27,11,-0.0006797325440051905,0.0
2020-10,FOOD_ECM_A002_R27,12,0.48685406436417544,0.0
2020-10,FOOD_ECM_A005_R27,1,0.20475162100343186,-0.04177354348220656
2020-10,FOOD_ECM_A005_R27,2,0.33894552573686454,-0.039684866308096235
2020-10,FOOD_ECM_A005_R27,3,1.2867804930403952,-0.03770062299269142
2020-10,FOOD_ECM_A005_R27,4,0.26951732211900375,-0.03581559184305685
2020-10,FOOD_ECM_A005_R27,5,0.005985338977547161,-0.034024812250904
2020-10,FOOD_ECM_A005_R27,6,-0.1771604037817947,-0.0323235716383588
2020-10,FOOD_ECM_A005_R27,7,0.6934238358624881,0.0
2020-10,FOOD_ECM_A005_R27,8,0.0013889206074489122,0.0
2020-10,FOOD_ECM_A005_R27,9,-0.49041723920866453,0.0
2020-10,FOOD_ECM_A005_R27,10,-0.491312923035406,0.0
2020-10,FOOD_ECM_A005_R27,11,-0.0006797325440051905,0.0
2020-10,FOOD_ECM_A005_R27,12,0.48685406436417544,0.0
2020-10,FOOD_ECM_A010_R27,1,0.16737529262461548,-0.07914987186102297
2020-10,FOOD_ECM_A010_R27,2,0.3073955073700401,-0.07123488467492067
2020-10,FOOD_ECM_A010_R27,3,1.260369719825658,-0.0641113962074286
2020-10,FOOD_ECM_A010_R27,4,0.24763265737537485,-0.05770025658668574
2020-10,FOOD_ECM_A010_R27,5,-0.01192007969956601,-0.05193023092801717
2020-10,FOOD_ECM_A010_R27,6,-0.19157403997865136,-0.046737207835215455
2020-10,FOOD_ECM_A010_R27,7,0.6934238358624881,0.0
2020-10,FOOD_ECM_A010_R27,8,0.0013889206074489122,0.0
2020-10,FOOD_ECM_A010_R27,9,-0.49041723920866453,0.0
2020-10,FOOD_ECM_A010_R27,10,-0.491312923035406,0.0
2020-10,FOOD_ECM_A010_R27,11,-0.0006797325440051905,0.0
2020-10,FOOD_ECM_A010_R27,12,0.48685406436417544,0.0
2020-10,FOOD_ECM_A015_R27,1,0.13439617934918927,-0.11212898513644917
2020-10,FOOD_ECM_A015_R27,2,0.283320754678979,-0.09530963736598179
2020-10,FOOD_ECM_A015_R27,3,1.2434679242720021,-0.08101319176108451
2020-10,FOOD_ECM_A015_R27,4,0.23647170096513875,-0.06886121299692184
2020-10,FOOD_ECM_A015_R27,5,-0.018521879818932406,-0.05853203104738357
2020-10,FOOD_ECM_A015_R27,6,-0.19458905853371194,-0.04975222639027603
2020-10,FOOD_ECM_A015_R27,7,0.6934238358624881,0.0
2020-10,FOOD_ECM_A015_R27,8,0.0013889206074489122,0.0
2020-10,FOOD_ECM_A015_R27,9,-0.49041723920866453,0.0
2020-10,FOOD_ECM_A015_R27,10,-0.491312923035406,0.0
2020-10,FOOD_ECM_A015_R27,11,-0.0006797325440051905,0.0
2020-10,FOOD_ECM_A015_R27,12,0.48685406436417544,0.0
2020-10,FOOD_ECM_PPI_R27,1,0.16159953798176613,-0.0849256265038723
2020-10,FOOD_ECM_PPI_R27,2,0.3149361721670566,-0.06369421987790422
2020-10,FOOD_ECM_PPI_R27,3,1.2767104511246585,-0.04777066490842816
2020-10,FOOD_ECM_PPI_R27,4,0.26950491528073944,-0.035827998681321124
2020-10,FOOD_ECM_PPI_R27,5,0.013139152217460318,-0.026870999010990843
2020-10,FOOD_ECM_PPI_R27,6,-0.16499008140167903,-0.020153249258243133
2020-10,FOOD_ECM_PPI_R27,7,0.6934238358624881,0.0
2020-10,FOOD_ECM_PPI_R27,8,0.0013889206074489122,0.0
2020-10,FOOD_ECM_PPI_R27,9,-0.49041723920866453,0.0
2020-10,FOOD_ECM_PPI_R27,10,-0.491312923035406,0.0
2020-10,FOOD_ECM_PPI_R27,11,-0.0006797325440051905,0.0
2020-10,FOOD_ECM_PPI_R27,12,0.48685406436417544,0.0
2020-11,FOOD_ECM_R27,1,0.15673109303457256,-0.21347244674316251
2020-11,FOOD_ECM_R27,2,1.169548180719873,-0.16010433505737187
2020-11,FOOD_ECM_R27,3,0.18508878324144296,-0.12007825129302892
2020-11,FOOD_ECM_R27,4,-0.04603631156123225,-0.09005868846977169
2020-11,FOOD_ECM_R27,5,-0.2172875842968618,-0.06754401635232876
2020-11,FOOD_ECM_R27,6,0.6413929814024723,-0.05065801226424657
2020-11,FOOD_ECM_R27,7,-7.309486682038902e-07,0.0
2020-11,FOOD_ECM_R27,8,-0.4922325278357813,0.0
2020-11,FOOD_ECM_R27,9,-0.49312387234655486,0.0
2020-11,FOOD_ECM_R27,10,-0.002601781409966336,0.0
2020-11,FOOD_ECM_R27,11,0.5118961920804042,0.0
2020-11,FOOD_ECM_R27,12,0.3317625475204938,0.0
2020-11,FOOD_ECM_A002_R27,1,0.3478885533448498,-0.022314986432885254
2020-11,FOOD_ECM_A002_R27,2,1.3077838290730175,-0.02186868670422755
2020-11,FOOD_ECM_A002_R27,3,0.28373572156432886,-0.021431312970142998
2020-11,FOOD_ECM_A002_R27,4,0.023019690197799304,-0.021002686710740136
2020-11,FOOD_ECM_A002_R27,5,-0.17032620092105835,-0.020582632976525333
2020-11,FOOD_ECM_A002_R27,6,0.671880013349724,-0.020170980316994828
2020-11,FOOD_ECM_A002_R27,7,-7.309486682038902e-07,0.0
2020-11,FOOD_ECM_A002_R27,8,-0.4922325278357813,0.0
2020-11,FOOD_ECM_A002_R27,9,-0.49312387234655486,0.0
2020-11,FOOD_ECM_A002_R27,10,-0.002601781409966336,0.0
2020-11,FOOD_ECM_A002_R27,11,0.5118961920804042,0.0
2020-11,FOOD_ECM_A002_R27,12,0.3317625475204938,0.0
2020-11,FOOD_ECM_A005_R27,1,0.31612385326946724,-0.05407968650826784
2020-11,FOOD_ECM_A005_R27,2,1.2782768135943905,-0.05137570218285445
2020-11,FOOD_ECM_A005_R27,3,0.25636011746076015,-0.04880691707371172
2020-11,FOOD_ECM_A005_R27,4,-0.0023441943114866914,-0.04636657122002613
2020-11,FOOD_ECM_A005_R27,5,-0.19379181060355785,-0.04404824265902482
2020-11,FOOD_ECM_A005_R27,6,0.6502051631406452,-0.04184583052607358
2020-11,FOOD_ECM_A005_R27,7,-7.309486682038902e-07,0.0
2020-11,FOOD_ECM_A005_R27,8,-0.4922325278357813,0.0
2020-11,FOOD_ECM_A005_R27,9,-0.49312387234655486,0.0
2020-11,FOOD_ECM_A005_R27,10,-0.002601781409966336,0.0
2020-11,FOOD_ECM_A005_R27,11,0.5118961920804042,0.0
2020-11,FOOD_ECM_A005_R27,12,0.3317625475204938,0.0
2020-11,FOOD_ECM_A010_R27,1,0.26773676534101704,-0.10246677443671802
2020-11,FOOD_ECM_A010_R27,2,1.2374324187841987,-0.09222009699304622
2020-11,FOOD_ECM_A010_R27,3,0.22216894724073027,-0.0829980872937416
2020-11,FOOD_ECM_A010_R27,4,-0.030675901655827995,-0.07469827856436743
2020-11,FOOD_ECM_A010_R27,5,-0.21697201865246374,-0.0672284507079307
2020-11,FOOD_ECM_A010_R27,6,0.6315453880295813,-0.060505605637137624
2020-11,FOOD_ECM_A010_R27,7,-7.309486682038902e-07,0.0
2020-11,FOOD_ECM_A010_R27,8,-0.4922325278357813,0.0
2020-11,FOOD_ECM_A010_R27,9,-0.49312387234655486,0.0
2020-11,FOOD_ECM_A010_R27,10,-0.002601781409966336,0.0
2020-11,FOOD_ECM_A010_R27,11,0.5118961920804042,0.0
2020-11,FOOD_ECM_A010_R27,12,0.3317625475204938,0.0
2020-11,FOOD_ECM_A015_R27,1,0.22504227599238458,-0.1451612637853505
2020-11,FOOD_ECM_A015_R27,2,1.206265441559697,-0.12338707421754791
2020-11,FOOD_ECM_A015_R27,3,0.20028802144955615,-0.10487901308491572
2020-11,FOOD_ECM_A015_R27,4,-0.04512478421363891,-0.08914716112217835
2020-11,FOOD_ECM_A015_R27,5,-0.22551865489838463,-0.07577508695385161
2020-11,FOOD_ECM_A015_R27,6,0.627642169755945,-0.06440882391077386
2020-11,FOOD_ECM_A015_R27,7,-7.309486682038902e-07,0.0
2020-11,FOOD_ECM_A015_R27,8,-0.4922325278357813,0.0
2020-11,FOOD_ECM_A015_R27,9,-0.49312387234655486,0.0
2020-11,FOOD_ECM_A015_R27,10,-0.002601781409966336,0.0
2020-11,FOOD_ECM_A015_R27,11,0.5118961920804042,0.0
2020-11,FOOD_ECM_A015_R27,12,0.3317625475204938,0.0
2020-11,FOOD_ECM_PPI_R27,1,0.2178913393407121,-0.15231220043702298
2020-11,FOOD_ECM_PPI_R27,2,1.2154183654494777,-0.11423415032776725
2020-11,FOOD_ECM_PPI_R27,3,0.21949142178864642,-0.08567561274582544
2020-11,FOOD_ECM_PPI_R27,4,-0.020234332650829634,-0.06425670955936907
2020-11,FOOD_ECM_PPI_R27,5,-0.19793610011405982,-0.048192532169526806
2020-11,FOOD_ECM_PPI_R27,6,0.6559065945395738,-0.03614439912714511
2020-11,FOOD_ECM_PPI_R27,7,-7.309486682038902e-07,0.0
2020-11,FOOD_ECM_PPI_R27,8,-0.4922325278357813,0.0
2020-11,FOOD_ECM_PPI_R27,9,-0.49312387234655486,0.0
2020-11,FOOD_ECM_PPI_R27,10,-0.002601781409966336,0.0
2020-11,FOOD_ECM_PPI_R27,11,0.5118961920804042,0.0
2020-11,FOOD_ECM_PPI_R27,12,0.3317625475204938,0.0
2020-12,FOOD_ECM_R27,1,1.1874867393619604,-0.16904112684376063
2020-12,FOOD_ECM_R27,2,0.19238122081749617,-0.12678084513282048
2020-12,FOOD_ECM_R27,3,-0.03907222009539563,-0.09508563384961535
2020-12,FOOD_ECM_R27,4,-0.21800144184102382,-0.07131422538721151
2020-12,FOOD_ECM_R27,5,0.649662437923869,-0.053485669040408634
2020-12,FOOD_ECM_R27,6,-0.03413994638246956,-0.040114251780306476
2020-12,FOOD_ECM_R27,7,-0.4866751905358696,0.0
2020-12,FOOD_ECM_R27,8,-0.48776944222840185,0.0
2020-12,FOOD_ECM_R27,9,0.002662389179778651,0.0
2020-12,FOOD_ECM_R27,10,0.5171696115302357,0.0
2020-12,FOOD_ECM_R27,11,0.2703375389369798,0.0
2020-12,FOOD_ECM_R27,12,0.4873144001651025,0.0
2020-12,FOOD_ECM_A002_R27,1,1.33885743374632,-0.01767043245940111
2020-12,FOOD_ECM_A002_R27,2,0.30184504214010355,-0.01731702381021309
2020-12,FOOD_ECM_A002_R27,3,0.0390427304202109,-0.016970683334008828
2020-12,FOOD_ECM_A002_R27,4,-0.16331848612114094,-0.01663126966732865
2020-12,FOOD_ECM_A002_R27,5,0.6868494626902956,-0.016298644273982078
2020-12,FOOD_ECM_A002_R27,6,-0.00999836599066552,-0.015972671388502436
2020-12,FOOD_ECM_A002_R27,7,-0.4866751905358696,0.0
2020-12,FOOD_ECM_A002_R27,8,-0.48776944222840185,0.0
2020-12,FOOD_ECM_A002_R27,9,0.002662389179778651,0.0
2020-12,FOOD_ECM_A002_R27,10,0.5171696115302357,0.0
2020-12,FOOD_ECM_A002_R27,11,0.2703375389369798,0.0
2020-12,FOOD_ECM_A002_R27,12,0.4873144001651025,0.0
2020-12,FOOD_ECM_A005_R27,1,1.3137041140719683,-0.04282375213375269
2020-12,FOOD_ECM_A005_R27,2,0.2784795014232516,-0.040682564527065056
2020-12,FOOD_ECM_A005_R27,3,0.017364977453507922,-0.038648436300711804
2020-12,FOOD_ECM_A005_R27,4,-0.18340323093948852,-0.03671601448567621
2020-12,FOOD_ECM_A005_R27,5,0.6682678932028853,-0.034880213761392394
2020-12,FOOD_ECM_A005_R27,6,-0.02716189767548586,-0.033136203073322774
2020-12,FOOD_ECM_A005_R27,7,-0.4866751905358696,0.0
2020-12,FOOD_ECM_A005_R27,8,-0.48776944222840185,0.0
2020-12,FOOD_ECM_A005_R27,9,0.002662389179778651,0.0
2020-12,FOOD_ECM_A005_R27,10,0.5171696115302357,0.0
2020-12,FOOD_ECM_A005_R27,11,0.2703375389369798,0.0
2020-12,FOOD_ECM_A005_R27,12,0.4873144001651025,0.0
2020-12,FOOD_ECM_A010_R27,1,1.2753881253207158,-0.08113974088500511
2020-12,FOOD_ECM_A010_R27,2,0.24613629915381205,-0.0730257667965046
2020-12,FOOD_ECM_A010_R27,3,-0.009709776362634412,-0.06572319011685414
2020-12,FOOD_ECM_A010_R27,4,-0.20583808755898103,-0.05915087110516872
2020-12,FOOD_ECM_A010_R27,5,0.6499123229696258,-0.053235783994651856
2020-12,FOOD_ECM_A010_R27,6,-0.041937900197349755,-0.04791220559518667
2020-12,FOOD_ECM_A010_R27,7,-0.4866751905358696,0.0
2020-12,FOOD_ECM_A010_R27,8,-0.48776944222840185,0.0
2020-12,FOOD_ECM_A010_R27,9,0.002662389179778651,0.0
2020-12,FOOD_ECM_A010_R27,10,0.5171696115302357,0.0
2020-12,FOOD_ECM_A010_R27,11,0.2703375389369798,0.0
2020-12,FOOD_ECM_A010_R27,12,0.4873144001651025,0.0
2020-12,FOOD_ECM_A015_R27,1,1.2415798999519638,-0.11494796625375722
2020-12,FOOD_ECM_A015_R27,2,0.22145629463462302,-0.09770577131569362
2020-12,FOOD_ECM_A015_R27,3,-0.027036491864119855,-0.08304990561833958
2020-12,FOOD_ECM_A015_R27,4,-0.21727963622940094,-0.07059241977558864
2020-12,FOOD_ECM_A015_R27,5,0.6431445501550273,-0.06000355680925035
2020-12,FOOD_ECM_A015_R27,6,-0.045028717890025875,-0.05100302328786279
2020-12,FOOD_ECM_A015_R27,7,-0.4866751905358696,0.0
2020-12,FOOD_ECM_A015_R27,8,-0.48776944222840185,0.0
2020-12,FOOD_ECM_A015_R27,9,0.002662389179778651,0.0
2020-12,FOOD_ECM_A015_R27,10,0.5171696115302357,0.0
2020-12,FOOD_ECM_A015_R27,11,0.2703375389369798,0.0
2020-12,FOOD_ECM_A015_R27,12,0.4873144001651025,0.0
2020-12,FOOD_ECM_PPI_R27,1,1.277220656430188,-0.07930720977553296
2020-12,FOOD_ECM_PPI_R27,2,0.25968165861866693,-0.059480407331649714
2020-12,FOOD_ECM_PPI_R27,3,0.011403108255482443,-0.044610305498737284
2020-12,FOOD_ECM_PPI_R27,4,-0.18014494557786526,-0.03345772912405297
2020-12,FOOD_ECM_PPI_R27,5,0.6780548101212379,-0.025093296843039722
2020-12,FOOD_ECM_PPI_R27,6,-0.012845667234442876,-0.018819972632279792
2020-12,FOOD_ECM_PPI_R27,7,-0.4866751905358696,0.0
2020-12,FOOD_ECM_PPI_R27,8,-0.48776944222840185,0.0
2020-12,FOOD_ECM_PPI_R27,9,0.002662389179778651,0.0
2020-12,FOOD_ECM_PPI_R27,10,0.5171696115302357,0.0
2020-12,FOOD_ECM_PPI_R27,11,0.2703375389369798,0.0
2020-12,FOOD_ECM_PPI_R27,12,0.4873144001651025,0.0
2021-01,FOOD_ECM_R27,1,0.41389211166897866,0.06362396088330102
2021-01,FOOD_ECM_R27,2,0.06596399820368662,0.047717970662475774
2021-01,FOOD_ECM_R27,3,-0.1022083335322837,0.03578847799685683
2021-01,FOOD_ECM_R27,4,0.7275259215117658,0.02684135849764262
2021-01,FOOD_ECM_R27,5,0.05619936211928572,0.020131018873231966
2021-01,FOOD_ECM_R27,6,-0.4496562582952726,0.015098264154923975
2021-01,FOOD_ECM_R27,7,-0.4673593361892139,0.0
2021-01,FOOD_ECM_R27,8,0.026503704237016815,0.0
2021-01,FOOD_ECM_R27,9,0.5401931676978161,0.0
2021-01,FOOD_ECM_R27,10,0.29416997264108524,0.0
2021-01,FOOD_ECM_R27,11,0.2246319327341655,0.0
2021-01,FOOD_ECM_R27,12,1.3936306526166005,0.0
2021-01,FOOD_ECM_A002_R27,1,0.3569189754966787,0.0066508247110010675
2021-01,FOOD_ECM_A002_R27,2,0.024763835757991896,0.006517808216781046
2021-01,FOOD_ECM_A002_R27,3,-0.1316093594766951,0.006387452052445425
2021-01,FOOD_ECM_A002_R27,4,0.7069442660255197,0.006259703011396516
2021-01,FOOD_ECM_A002_R27,5,0.04220285219722234,0.006134508951168586
2021-01,FOOD_ECM_A002_R27,6,-0.45874270367805137,0.0060118187721452145
2021-01,FOOD_ECM_A002_R27,7,-0.4673593361892139,0.0
2021-01,FOOD_ECM_A002_R27,8,0.026503704237016815,0.0
2021-01,FOOD_ECM_A002_R27,9,0.5401931676978161,0.0
2021-01,FOOD_ECM_A002_R27,10,0.29416997264108524,0.0
2021-01,FOOD_ECM_A002_R27,11,0.2246319327341655,0.0
2021-01,FOOD_ECM_A002_R27,12,1.3936306526166005,0.0
2021-01,FOOD_ECM_A005_R27,1,0.3663862208761139,0.01611807009043626
2021-01,FOOD_ECM_A005_R27,2,0.033558194127125296,0.015312166585914447
2021-01,FOOD_ECM_A005_R27,3,-0.1234502532725218,0.014546558256618724
2021-01,FOOD_ECM_A005_R27,4,0.7145037933579109,0.013819230343787786
2021-01,FOOD_ECM_A005_R27,5,0.04919661207265215,0.013128268826598396
2021-01,FOOD_ECM_A005_R27,6,-0.45228266706492815,0.012471855385268476
2021-01,FOOD_ECM_A005_R27,7,-0.4673593361892139,0.0
2021-01,FOOD_ECM_A005_R27,8,0.026503704237016815,0.0
2021-01,FOOD_ECM_A005_R27,9,0.5401931676978161,0.0
2021-01,FOOD_ECM_A005_R27,10,0.29416997264108524,0.0
2021-01,FOOD_ECM_A005_R27,11,0.2246319327341655,0.0
2021-01,FOOD_ECM_A005_R27,12,1.3936306526166005,0.0
2021-01,FOOD_ECM_A010_R27,1,0.38080765200966216,0.030539501223984494
2021-01,FOOD_ECM_A010_R27,2,0.045731578642796894,0.027485551101586046
2021-01,FOOD_ECM_A010_R27,3,-0.11325981553771308,0.024736995991427445
2021-01,FOOD_ECM_A010_R27,4,0.7229478594064079,0.022263296392284696
2021-01,FOOD_ECM_A010_R27,5,0.05610530999910998,0.02003696675305623
2021-01,FOOD_ECM_A010_R27,6,-0.446721252372446,0.018033270077750605
2021-01,FOOD_ECM_A010_R27,7,-0.4673593361892139,0.0
2021-01,FOOD_ECM_A010_R27,8,0.026503704237016815,0.0
2021-01,FOOD_ECM_A010_R27,9,0.5401931676978161,0.0
2021-01,FOOD_ECM_A010_R27,10,0.29416997264108524,0.0
2021-01,FOOD_ECM_A010_R27,11,0.2246319327341655,0.0
2021-01,FOOD_ECM_A010_R27,12,1.3936306526166005,0.0
2021-01,FOOD_ECM_A015_R27,1,0.3935324441863223,0.0432642934006447
2021-01,FOOD_ECM_A015_R27,2,0.05502067693175884,0.03677464939054799
2021-01,FOOD_ECM_A015_R27,3,-0.10673835954717474,0.03125845198196579
2021-01,FOOD_ECM_A015_R27,4,0.7272542471987941,0.02656968418467092
2021-01,FOOD_ECM_A015_R27,5,0.05865257480302404,0.022584231556970286
2021-01,FOOD_ECM_A015_R27,6,-0.4455579256267719,0.01919659682342474
2021-01,FOOD_ECM_A015_R27,7,-0.4673593361892139,0.0
2021-01,FOOD_ECM_A015_R27,8,0.026503704237016815,0.0
2021-01,FOOD_ECM_A015_R27,9,0.5401931676978161,0.0
2021-01,FOOD_ECM_A015_R27,10,0.29416997264108524,0.0
2021-01,FOOD_ECM_A015_R27,11,0.2246319327341655,0.0
2021-01,FOOD_ECM_A015_R27,12,1.3936306526166005,0.0
2021-01,FOOD_ECM_PPI_R27,1,0.4762497354172618,0.12598158463158415
2021-01,FOOD_ECM_PPI_R27,2,0.11273221601489897,0.09448618847368812
2021-01,FOOD_ECM_PPI_R27,3,-0.06713217017387445,0.07086464135526609
2021-01,FOOD_ECM_PPI_R27,4,0.7538330440305727,0.05314848101644957
2021-01,FOOD_ECM_PPI_R27,5,0.07592970400839094,0.03986136076233718
2021-01,FOOD_ECM_PPI_R27,6,-0.4348585018784437,0.029896020571752883
2021-01,FOOD_ECM_PPI_R27,7,-0.4673593361892139,0.0
2021-01,FOOD_ECM_PPI_R27,8,0.026503704237016815,0.0
2021-01,FOOD_ECM_PPI_R27,9,0.5401931676978161,0.0
2021-01,FOOD_ECM_PPI_R27,10,0.29416997264108524,0.0
2021-01,FOOD_ECM_PPI_R27,11,0.2246319327341655,0.0
2021-01,FOOD_ECM_PPI_R27,12,1.3936306526166005,0.0
2021-02,FOOD_ECM_R27,1,-0.1616457952648025,-0.1433271421023003
2021-02,FOOD_ECM_R27,2,-0.1903477150828216,-0.10749535657672521
2021-02,FOOD_ECM_R27,3,0.6034336399935184,-0.08062151743254391
2021-02,FOOD_ECM_R27,4,-0.0076041490092792,-0.060466138074407934
2021-02,FOOD_ECM_R27,5,-0.5417710812917452,-0.04534960355580595
2021-02,FOOD_ECM_R27,6,-0.5201954576017859,-0.03401220266685446
2021-02,FOOD_ECM_R27,7,0.007377065144229785,0.0
2021-02,FOOD_ECM_R27,8,0.5167320895112995,0.0
2021-02,FOOD_ECM_R27,9,0.2714829135490286,0.0
2021-02,FOOD_ECM_R27,10,0.2008774524607694,0.0
2021-02,FOOD_ECM_R27,11,1.649864441087993,0.0
2021-02,FOOD_ECM_R27,12,0.3577093839797272,0.0
2021-02,FOOD_ECM_A002_R27,1,-0.03330111708359598,-0.01498246392109379
2021-02,FOOD_ECM_A002_R27,2,-0.09753517314876832,-0.014682814642671913
2021-02,FOOD_ECM_A002_R27,3,0.6696659990762438,-0.014389158349818475
2021-02,FOOD_ECM_A002_R27,4,0.03876061388230663,-0.014101375182822104
2021-02,FOOD_ECM_A002_R27,5,-0.510240825415105,-0.013819347679165664
2021-02,FOOD_ECM_A002_R27,6,-0.4997262156605138,-0.013542960725582349
2021-02,FOOD_ECM_A002_R27,7,0.007377065144229785,0.0
2021-02,FOOD_ECM_A002_R27,8,0.5167320895112995,0.0
2021-02,FOOD_ECM_A002_R27,9,0.2714829135490286,0.0
2021-02,FOOD_ECM_A002_R27,10,0.2008774524607694,0.0
2021-02,FOOD_ECM_A002_R27,11,1.649864441087993,0.0
2021-02,FOOD_ECM_A002_R27,12,0.3577093839797272,0.0
2021-02,FOOD_ECM_A005_R27,1,-0.05462819582841827,-0.03630954266591607
2021-02,FOOD_ECM_A005_R27,2,-0.11734642403871667,-0.03449406553262027
2021-02,FOOD_ECM_A005_R27,3,0.651285795170073,-0.032769362255989254
2021-02,FOOD_ECM_A005_R27,4,0.021731094921938945,-0.03113089414318979
2021-02,FOOD_ECM_A005_R27,5,-0.5259958271719696,-0.029574349436030295
2021-02,FOOD_ECM_A005_R27,6,-0.5142788868991602,-0.028095631964228783
2021-02,FOOD_ECM_A005_R27,7,0.007377065144229785,0.0
2021-02,FOOD_ECM_A005_R27,8,0.5167320895112995,0.0
2021-02,FOOD_ECM_A005_R27,9,0.2714829135490286,0.0
2021-02,FOOD_ECM_A005_R27,10,0.2008774524607694,0.0
2021-02,FOOD_ECM_A005_R27,11,1.649864441087993,0.0
2021-02,FOOD_ECM_A005_R27,12,0.3577093839797272,0.0
2021-02,FOOD_ECM_A010_R27,1,-0.08711568137160634,-0.06879702820910415
2021-02,FOOD_ECM_A010_R27,2,-0.14476968389429012,-0.06191732538819373
2021-02,FOOD_ECM_A010_R27,3,0.6283295645766879,-0.05572559284937436
2021-02,FOOD_ECM_A010_R27,4,0.0027089555006918134,-0.05015303356443692
2021-02,FOOD_ECM_A010_R27,5,-0.5415592079439325,-0.045137730207993235
2021-02,FOOD_ECM_A010_R27,6,-0.5268072121221253,-0.04062395718719391
2021-02,FOOD_ECM_A010_R27,7,0.007377065144229785,0.0
2021-02,FOOD_ECM_A010_R27,8,0.5167320895112995,0.0
2021-02,FOOD_ECM_A010_R27,9,0.2714829135490286,0.0
2021-02,FOOD_ECM_A010_R27,10,0.2008774524607694,0.0
2021-02,FOOD_ECM_A010_R27,11,1.649864441087993,0.0
2021-02,FOOD_ECM_A010_R27,12,0.3577093839797272,0.0
2021-02,FOOD_ECM_A015_R27,1,-0.11578110979206638,-0.09746245662956418
2021-02,FOOD_ECM_A015_R27,2,-0.16569544664122596,-0.08284308813512956
2021-02,FOOD_ECM_A015_R27,3,0.6136385325112022,-0.07041662491486012
2021-02,FOOD_ECM_A015_R27,4,-0.006992142112502361,-0.059854131177631095
2021-02,FOOD_ECM_A015_R27,5,-0.5472974892369257,-0.05087601150098644
2021-02,FOOD_ECM_A015_R27,6,-0.5294278647107699,-0.043244609775838466
2021-02,FOOD_ECM_A015_R27,7,0.007377065144229785,0.0
2021-02,FOOD_ECM_A015_R27,8,0.5167320895112995,0.0
2021-02,FOOD_ECM_A015_R27,9,0.2714829135490286,0.0
2021-02,FOOD_ECM_A015_R27,10,0.2008774524607694,0.0
2021-02,FOOD_ECM_A015_R27,11,1.649864441087993,0.0
2021-02,FOOD_ECM_A015_R27,12,0.3577093839797272,0.0
2021-02,FOOD_ECM_PPI_R27,1,-0.13362911785804354,-0.11531046469554136
2021-02,FOOD_ECM_PPI_R27,2,-0.16933520702775243,-0.08648284852165602
2021-02,FOOD_ECM_PPI_R27,3,0.6191930210348202,-0.06486213639124201
2021-02,FOOD_ECM_PPI_R27,4,0.0042153867716972215,-0.04864660229343151
2021-02,FOOD_ECM_PPI_R27,5,-0.5329064294560129,-0.036484951720073634
2021-02,FOOD_ECM_PPI_R27,6,-0.5135469687249866,-0.027363713790055224
2021-02,FOOD_ECM_PPI_R27,7,0.007377065144229785,0.0
2021-02,FOOD_ECM_PPI_R27,8,0.5167320895112995,0.0
2021-02,FOOD_ECM_PPI_R27,9,0.2714829135490286,0.0
2021-02,FOOD_ECM_PPI_R27,10,0.2008774524607694,0.0
2021-02,FOOD_ECM_PPI_R27,11,1.649864441087993,0.0
2021-02,FOOD_ECM_PPI_R27,12,0.3577093839797272,0.0
2021-03,FOOD_ECM_R27,1,-0.18529547323503193,-0.10511146667598181
2021-03,FOOD_ECM_R27,2,0.5846586941934374,-0.07883360000698636
2021-03,FOOD_ECM_R27,3,-0.007815444852550223,-0.05912520000523977
2021-03,FOOD_ECM_R27,4,-0.5531025031396111,-0.04434390000392983
2021-03,FOOD_ECM_R27,5,-0.5168132730577071,-0.03325792500294737
2021-03,FOOD_ECM_R27,6,-0.01635771978361267,-0.02494344375221053
2021-03,FOOD_ECM_R27,7,0.5189528719288554,0.0
2021-03,FOOD_ECM_R27,8,0.27480042765925966,0.0
2021-03,FOOD_ECM_R27,9,0.2044702957365565,0.0
2021-03,FOOD_ECM_R27,10,1.653790867467527,0.0
2021-03,FOOD_ECM_R27,11,0.3065472396529185,0.0
2021-03,FOOD_ECM_R27,12,0.05373758945038462,0.0
2021-03,FOOD_ECM_A002_R27,1,-0.09117165854224607,-0.010987651983195965
2021-03,FOOD_ECM_A002_R27,2,0.6527243952568917,-0.010767898943532046
2021-03,FOOD_ECM_A002_R27,3,0.04075721418802814,-0.010552540964661405
2021-03,FOOD_ECM_A002_R27,4,-0.5191000932810494,-0.010341490145368176
2021-03,FOOD_ECM_A002_R27,5,-0.49369000839722055,-0.010134660342460813
2021-03,FOOD_ECM_A002_R27,6,-0.0013462431670137383,-0.009931967135611596
2021-03,FOOD_ECM_A002_R27,7,0.5189528719288554,0.0
2021-03,FOOD_ECM_A002_R27,8,0.27480042765925966,0.0
2021-03,FOOD_ECM_A002_R27,9,0.2044702957365565,0.0
2021-03,FOOD_ECM_A002_R27,10,1.653790867467527,0.0
2021-03,FOOD_ECM_A002_R27,11,0.3065472396529185,0.0
2021-03,FOOD_ECM_A002_R27,12,0.05373758945038462,0.0
2021-03,FOOD_ECM_A005_R27,1,-0.10681224478363216,-0.02662823822458206
2021-03,FOOD_ECM_A005_R27,2,0.6381954678870708,-0.02529682631335296
2021-03,FOOD_ECM_A005_R27,3,0.02727777015500424,-0.02403198499768531
2021-03,FOOD_ECM_A005_R27,4,-0.5315889888834823,-0.02283038574780104
2021-03,FOOD_ECM_A005_R27,5,-0.5052442145151708,-0.021688866460410988
2021-03,FOOD_ECM_A005_R27,6,-0.012018699168792581,-0.02060442313739044
2021-03,FOOD_ECM_A005_R27,7,0.5189528719288554,0.0
2021-03,FOOD_ECM_A005_R27,8,0.27480042765925966,0.0
2021-03,FOOD_ECM_A005_R27,9,0.2044702957365565,0.0
2021-03,FOOD_ECM_A005_R27,10,1.653790867467527,0.0
2021-03,FOOD_ECM_A005_R27,11,0.3065472396529185,0.0
2021-03,FOOD_ECM_A005_R27,12,0.05373758945038462,0.0
2021-03,FOOD_ECM_A010_R27,1,-0.13063751056352138,-0.050453504004471274
2021-03,FOOD_ECM_A010_R27,2,0.6180841405963996,-0.04540815360402415
2021-03,FOOD_ECM_A010_R27,3,0.01044241690906781,-0.04086733824362174
2021-03,FOOD_ECM_A010_R27,4,-0.5455392075549408,-0.03678060441925956
2021-03,FOOD_ECM_A010_R27,5,-0.5166578920320933,-0.03310254397733361
2021-03,FOOD_ECM_A010_R27,6,-0.021206565611002388,-0.029792289579600246
2021-03,FOOD_ECM_A010_R27,7,0.5189528719288554,0.0
2021-03,FOOD_ECM_A010_R27,8,0.27480042765925966,0.0
2021-03,FOOD_ECM_A010_R27,9,0.2044702957365565,0.0
2021-03,FOOD_ECM_A010_R27,10,1.653790867467527,0.0
2021-03,FOOD_ECM_A010_R27,11,0.3065472396529185,0.0
2021-03,FOOD_ECM_A010_R27,12,0.05373758945038462,0.0
2021-03,FOOD_ECM_A015_R27,1,-0.15165980389871772,-0.07147579733966762
2021-03,FOOD_ECM_A015_R27,2,0.6027378664617062,-0.060754427738717476
2021-03,FOOD_ECM_A015_R27,3,-0.0003315084252203046,-0.05164126357790985
2021-03,FOOD_ECM_A015_R27,4,-0.5526536771769046,-0.04389507404122337
2021-03,FOOD_ECM_A015_R27,5,-0.5208661609897997,-0.03731081293503987
2021-03,FOOD_ECM_A015_R27,6,-0.023128467026186032,-0.03171419099478389
2021-03,FOOD_ECM_A015_R27,7,0.5189528719288554,0.0
2021-03,FOOD_ECM_A015_R27,8,0.27480042765925966,0.0
2021-03,FOOD_ECM_A015_R27,9,0.2044702957365565,0.0
2021-03,FOOD_ECM_A015_R27,10,1.653790867467527,0.0
2021-03,FOOD_ECM_A015_R27,11,0.3065472396529185,0.0
2021-03,FOOD_ECM_A015_R27,12,0.05373758945038462,0.0
2021-03,FOOD_ECM_PPI_R27,1,-0.12431363066482311,-0.04412962410577301
2021-03,FOOD_ECM_PPI_R27,2,0.630395076121094,-0.033097218079329756
2021-03,FOOD_ECM_PPI_R27,3,0.02648684159319223,-0.02482291355949732
2021-03,FOOD_ECM_PPI_R27,4,-0.5273757883053042,-0.018617185169622987
2021-03,FOOD_ECM_PPI_R27,5,-0.497518236931977,-0.013962888877217241
2021-03,FOOD_ECM_PPI_R27,6,-0.0018864426893150724,-0.01047216665791293
2021-03,FOOD_ECM_PPI_R27,7,0.5189528719288554,0.0
2021-03,FOOD_ECM_PPI_R27,8,0.27480042765925966,0.0
2021-03,FOOD_ECM_PPI_R27,9,0.2044702957365565,0.0
2021-03,FOOD_ECM_PPI_R27,10,1.653790867467527,0.0
2021-03,FOOD_ECM_PPI_R27,11,0.3065472396529185,0.0
2021-03,FOOD_ECM_PPI_R27,12,0.05373758945038462,0.0
2021-04,FOOD_ECM_R27,1,0.7579766661926106,0.01627867405292658
2021-04,FOOD_ECM_R27,2,0.14194923755684657,0.012209005539694935
2021-04,FOOD_ECM_R27,3,-0.4501787414171338,0.0091567541547712
2021-04,FOOD_ECM_R27,4,-0.4360123128844725,0.006867565616078401
2021-04,FOOD_ECM_R27,5,0.03489895542988016,0.0051506742120588
2021-04,FOOD_ECM_R27,6,0.533362150121514,0.0038630056590441006
2021-04,FOOD_ECM_R27,7,0.28110177533790115,0.0
2021-04,FOOD_ECM_R27,8,0.2078718827755688,0.0
2021-04,FOOD_ECM_R27,9,1.6554182045209827,0.0
2021-04,FOOD_ECM_R27,10,0.30737072166572177,0.0
2021-04,FOOD_ECM_R27,11,0.050208690737279536,0.0
2021-04,FOOD_ECM_R27,12,-0.12823174827670783,0.0
2021-04,FOOD_ECM_A002_R27,1,0.7433996562006833,0.0017016640609992585
2021-04,FOOD_ECM_A002_R27,2,0.13140786279693092,0.0016676307797792733
2021-04,FOOD_ECM_A002_R27,3,-0.4577012174077213,0.0016342781641836878
2021-04,FOOD_ECM_A002_R27,4,-0.44127828589965085,0.001601592600900014
2021-04,FOOD_ECM_A002_R27,5,0.031317841966703376,0.0015695607488820137
2021-04,FOOD_ECM_A002_R27,6,0.5310373139963743,0.0015381695339043734
2021-04,FOOD_ECM_A002_R27,7,0.28110177533790115,0.0
2021-04,FOOD_ECM_A002_R27,8,0.2078718827755688,0.0
2021-04,FOOD_ECM_A002_R27,9,1.6554182045209827,0.0
2021-04,FOOD_ECM_A002_R27,10,0.30737072166572177,0.0
2021-04,FOOD_ECM_A002_R27,11,0.050208690737279536,0.0
2021-04,FOOD_ECM_A002_R27,12,-0.12823174827670783,0.0
2021-04,FOOD_ECM_A005_R27,1,0.7458219228997588,0.004123930760074733
2021-04,FOOD_ECM_A005_R27,2,0.13365796623922266,0.003917734222070997
2021-04,FOOD_ECM_A005_R27,3,-0.45561364806093757,0.0037218475109674462
2021-04,FOOD_ECM_A005_R27,4,-0.4393441233651318,0.003535755135419074
2021-04,FOOD_ECM_A005_R27,5,0.033107248596469484,0.00335896737864812
2021-04,FOOD_ECM_A005_R27,6,0.5326901634721857,0.0031910190097157137
2021-04,FOOD_ECM_A005_R27,7,0.28110177533790115,0.0
2021-04,FOOD_ECM_A005_R27,8,0.2078718827755688,0.0
2021-04,FOOD_ECM_A005_R27,9,1.6554182045209827,0.0
2021-04,FOOD_ECM_A005_R27,10,0.30737072166572177,0.0
2021-04,FOOD_ECM_A005_R27,11,0.050208690737279536,0.0
2021-04,FOOD_ECM_A005_R27,12,-0.12823174827670783,0.0
2021-04,FOOD_ECM_A010_R27,1,0.7495117556850888,0.007813763545404757
2021-04,FOOD_ECM_A010_R27,2,0.13677261920801592,0.007032387190864283
2021-04,FOOD_ECM_A010_R27,3,-0.45300634710012716,0.006329148471777854
2021-04,FOOD_ECM_A010_R27,4,-0.4371836448759508,0.005696233624600069
2021-04,FOOD_ECM_A010_R27,5,0.03487489147996142,0.0051266102621400625
2021-04,FOOD_ECM_A010_R27,6,0.534113093698396,0.004613949235926056
2021-04,FOOD_ECM_A010_R27,7,0.28110177533790115,0.0
2021-04,FOOD_ECM_A010_R27,8,0.2078718827755688,0.0
2021-04,FOOD_ECM_A010_R27,9,1.6554182045209827,0.0
2021-04,FOOD_ECM_A010_R27,10,0.30737072166572177,0.0
2021-04,FOOD_ECM_A010_R27,11,0.050208690737279536,0.0
2021-04,FOOD_ECM_A010_R27,12,-0.12823174827670783,0.0
2021-04,FOOD_ECM_A015_R27,1,0.752767490495674,0.011069498355990075
2021-04,FOOD_ECM_A015_R27,2,0.1391493056197432,0.009409073602591562
2021-04,FOOD_ECM_A015_R27,3,-0.4513377830097022,0.007997712562202828
2021-04,FOOD_ECM_A015_R27,4,-0.4360818228226785,0.006798055677872403
2021-04,FOOD_ECM_A015_R27,5,0.03552662854401291,0.005778347326191543
2021-04,FOOD_ECM_A015_R27,6,0.5344107396897327,0.004911595227262811
2021-04,FOOD_ECM_A015_R27,7,0.28110177533790115,0.0
2021-04,FOOD_ECM_A015_R27,8,0.2078718827755688,0.0
2021-04,FOOD_ECM_A015_R27,9,1.6554182045209827,0.0
2021-04,FOOD_ECM_A015_R27,10,0.30737072166572177,0.0
2021-04,FOOD_ECM_A015_R27,11,0.050208690737279536,0.0
2021-04,FOOD_ECM_A015_R27,12,-0.12823174827670783,0.0
2021-04,FOOD_ECM_PPI_R27,1,0.7703643267498389,0.028666334610154873
2021-04,FOOD_ECM_PPI_R27,2,0.15123998297476782,0.021499750957616155
2021-04,FOOD_ECM_PPI_R27,3,-0.4432106823536929,0.016124813218212117
2021-04,FOOD_ECM_PPI_R27,4,-0.4307862685868918,0.012093609913659088
2021-04,FOOD_ECM_PPI_R27,5,0.038818488653065676,0.009070207435244315
2021-04,FOOD_ECM_PPI_R27,6,0.5363018000389032,0.0068026555764332365
2021-04,FOOD_ECM_PPI_R27,7,0.28110177533790115,0.0
2021-04,FOOD_ECM_PPI_R27,8,0.2078718827755688,0.0
2021-04,FOOD_ECM_PPI_R27,9,1.6554182045209827,0.0
2021-04,FOOD_ECM_PPI_R27,10,0.30737072166572177,0.0
2021-04,FOOD_ECM_PPI_R27,11,0.050208690737279536,0.0
2021-04,FOOD_ECM_PPI_R27,12,-0.12823174827670783,0.0
2021-05,FOOD_ECM_R27,1,0.03622410332966915,-0.06542854951035532
2021-05,FOOD_ECM_R27,2,-0.4886003722880354,-0.04907141213276649
2021-05,FOOD_ECM_R27,3,-0.49525537982946555,-0.03680355909957486
2021-05,FOOD_ECM_R27,4,0.005348180532145912,-0.027602669324681146
2021-05,FOOD_ECM_R27,5,0.4917094331291206,-0.02070200199351086
2021-05,FOOD_ECM_R27,6,0.2538315815924846,-0.015526501495133146
2021-05,FOOD_ECM_R27,7,0.19647385742611934,0.0
2021-05,FOOD_ECM_R27,8,1.6419819062012482,0.0
2021-05,FOOD_ECM_R27,9,0.29463251081371394,0.0
2021-05,FOOD_ECM_R27,10,0.0369677209986064,0.0
2021-05,FOOD_ECM_R27,11,0.015960089439709807,0.0
2021-05,FOOD_ECM_R27,12,0.6939578076710898,0.0
2021-05,FOOD_ECM_A002_R27,1,0.09481318846454198,-0.006839464375482475
2021-05,FOOD_ECM_A002_R27,2,-0.4462316352432417,-0.006702675087972825
2021-05,FOOD_ECM_A002_R27,3,-0.46502044231610407,-0.006568621586213369
2021-05,FOOD_ECM_A002_R27,4,0.026513600702337957,-0.006437249154489101
2021-05,FOOD_ECM_A002_R27,5,0.5061029309512322,-0.006308504171399319
2021-05,FOOD_ECM_A002_R27,6,0.2631757489996464,-0.006182334087971333
2021-05,FOOD_ECM_A002_R27,7,0.19647385742611934,0.0
2021-05,FOOD_ECM_A002_R27,8,1.6419819062012482,0.0
2021-05,FOOD_ECM_A002_R27,9,0.29463251081371394,0.0
2021-05,FOOD_ECM_A002_R27,10,0.0369677209986064,0.0
2021-05,FOOD_ECM_A002_R27,11,0.015960089439709807,0.0
2021-05,FOOD_ECM_A002_R27,12,0.6939578076710898,0.0
2021-05,FOOD_ECM_A005_R27,1,0.08507742029740112,-0.016575232542623344
2021-05,FOOD_ECM_A005_R27,2,-0.45527543107076107,-0.015746470915492177
2021-05,FOOD_ECM_A005_R27,3,-0.47341096809960825,-0.014959147369717566
2021-05,FOOD_ECM_A005_R27,4,0.01873965985559537,-0.014211190001231689
2021-05,FOOD_ECM_A005_R27,5,0.4989108046214613,-0.013500630501170102
2021-05,FOOD_ECM_A005_R27,6,0.25653248411150614,-0.012825598976111597
2021-05,FOOD_ECM_A005_R27,7,0.19647385742611934,0.0
2021-05,FOOD_ECM_A005_R27,8,1.6419819062012482,0.0
2021-05,FOOD_ECM_A005_R27,9,0.29463251081371394,0.0
2021-05,FOOD_ECM_A005_R27,10,0.0369677209986064,0.0
2021-05,FOOD_ECM_A005_R27,11,0.015960089439709807,0.0
2021-05,FOOD_ECM_A005_R27,12,0.6939578076710898,0.0
2021-05,FOOD_ECM_A010_R27,1,0.07024694907505391,-0.03140570376497055
2021-05,FOOD_ECM_A010_R27,2,-0.46779409354374235,-0.028265133388473494
2021-05,FOOD_ECM_A010_R27,3,-0.4838904407795169,-0.02543862004962615
2021-05,FOOD_ECM_A010_R27,4,0.010056091812163527,-0.02289475804466353
2021-05,FOOD_ECM_A010_R27,5,0.49180615288243423,-0.02060528224019718
2021-05,FOOD_ECM_A010_R27,6,0.25081332907144027,-0.018544754016177462
2021-05,FOOD_ECM_A010_R27,7,0.19647385742611934,0.0
2021-05,FOOD_ECM_A010_R27,8,1.6419819062012482,0.0
2021-05,FOOD_ECM_A010_R27,9,0.29463251081371394,0.0
2021-05,FOOD_ECM_A010_R27,10,0.0369677209986064,0.0
2021-05,FOOD_ECM_A010_R27,11,0.015960089439709807,0.0
2021-05,FOOD_ECM_A010_R27,12,0.6939578076710898,0.0
2021-05,FOOD_ECM_A015_R27,1,0.05716123917298285,-0.04449141366704161
2021-05,FOOD_ECM_A015_R27,2,-0.47734666177225427,-0.03781770161698537
2021-05,FOOD_ECM_A015_R27,3,-0.49059686710432826,-0.03214504637443756
2021-05,FOOD_ECM_A015_R27,4,0.005627560438555133,-0.027323289418271925
2021-05,FOOD_ECM_A015_R27,5,0.4891866391171003,-0.023224796005531137
2021-05,FOOD_ECM_A015_R27,6,0.24961700648291624,-0.019741076604701466
2021-05,FOOD_ECM_A015_R27,7,0.19647385742611934,0.0
2021-05,FOOD_ECM_A015_R27,8,1.6419819062012482,0.0
2021-05,FOOD_ECM_A015_R27,9,0.29463251081371394,0.0
2021-05,FOOD_ECM_A015_R27,10,0.0369677209986064,0.0
2021-05,FOOD_ECM_A015_R27,11,0.015960089439709807,0.0
2021-05,FOOD_ECM_A015_R27,12,0.6939578076710898,0.0
2021-05,FOOD_ECM_PPI_R27,1,0.03761816436604756,-0.0640344884739769
2021-05,FOOD_ECM_PPI_R27,2,-0.48755482651075155,-0.04802586635548267
2021-05,FOOD_ECM_PPI_R27,3,-0.4944712204965027,-0.036019399766612004
2021-05,FOOD_ECM_PPI_R27,4,0.005936300031868055,-0.027014549824959003
2021-05,FOOD_ECM_PPI_R27,5,0.4921505227539122,-0.020260912368719252
2021-05,FOOD_ECM_PPI_R27,6,0.25416239881107827,-0.01519568427653944
2021-05,FOOD_ECM_PPI_R27,7,0.19647385742611934,0.0
2021-05,FOOD_ECM_PPI_R27,8,1.6419819062012482,0.0
2021-05,FOOD_ECM_PPI_R27,9,0.29463251081371394,0.0
2021-05,FOOD_ECM_PPI_R27,10,0.0369677209986064,0.0
2021-05,FOOD_ECM_PPI_R27,11,0.015960089439709807,0.0
2021-05,FOOD_ECM_PPI_R27,12,0.6939578076710898,0.0
2021-06,FOOD_ECM_R27,1,-0.16611419652177045,0.19957857163882892
2021-06,FOOD_ECM_R27,2,-0.3155569737324678,0.14968392872912167
2021-06,FOOD_ECM_R27,3,0.21139308734628037,0.11226294654684126
2021-06,FOOD_ECM_R27,4,0.6021269161602946,0.08419720991013094
2021-06,FOOD_ECM_R27,5,0.37174666786352606,0.06314790743259821
2021-06,FOOD_ECM_R27,6,0.26680083280410244,0.04736093057444866
2021-06,FOOD_ECM_R27,7,1.658911320343361,0.0
2021-06,FOOD_ECM_R27,8,0.31596008727724656,0.0
2021-06,FOOD_ECM_R27,9,0.053949141359041206,0.0
2021-06,FOOD_ECM_R27,10,0.03413721261885261,0.0
2021-06,FOOD_ECM_R27,11,0.49709977785474224,0.0
2021-06,FOOD_ECM_R27,12,0.015268988141463463,0.0
2021-06,FOOD_ECM_A002_R27,1,-0.3448301548052871,0.020862613355312247
2021-06,FOOD_ECM_A002_R27,2,-0.4447955413733835,0.020445361088206004
2021-06,FOOD_ECM_A002_R27,3,0.11916659466588102,0.020036453866441883
2021-06,FOOD_ECM_A002_R27,4,0.5375654310392767,0.019635724789113043
2021-06,FOOD_ECM_A002_R27,5,0.3278417707242587,0.019243010293330785
2021-06,FOOD_ECM_A002_R27,6,0.23829805231711795,0.01885815008746417
2021-06,FOOD_ECM_A002_R27,7,1.658911320343361,0.0
2021-06,FOOD_ECM_A002_R27,8,0.31596008727724656,0.0
2021-06,FOOD_ECM_A002_R27,9,0.053949141359041206,0.0
2021-06,FOOD_ECM_A002_R27,10,0.03413721261885261,0.0
2021-06,FOOD_ECM_A002_R27,11,0.49709977785474224,0.0
2021-06,FOOD_ECM_A002_R27,12,0.015268988141463463,0.0
2021-06,FOOD_ECM_A005_R27,1,-0.3151328633454294,0.05055990481516999
2021-06,FOOD_ECM_A005_R27,2,-0.417208992887178,0.048031909574411495
2021-06,FOOD_ECM_A005_R27,3,0.14476045489513004,0.04563031409569091
2021-06,FOOD_ECM_A005_R27,4,0.56127850464107,0.043348798390906364
2021-06,FOOD_ECM_A005_R27,5,0.34978011890228894,0.04118135847136104
2021-06,FOOD_ECM_A005_R27,6,0.2585621927774468,0.03912229054779299
2021-06,FOOD_ECM_A005_R27,7,1.658911320343361,0.0
2021-06,FOOD_ECM_A005_R27,8,0.31596008727724656,0.0
2021-06,FOOD_ECM_A005_R27,9,0.053949141359041206,0.0
2021-06,FOOD_ECM_A005_R27,10,0.03413721261885261,0.0
2021-06,FOOD_ECM_A005_R27,11,0.49709977785474224,0.0
2021-06,FOOD_ECM_A005_R27,12,0.015268988141463463,0.0
2021-06,FOOD_ECM_A010_R27,1,-0.2698950537739615,0.09579771438663788
2021-06,FOOD_ECM_A010_R27,2,-0.3790229595136154,0.0862179429479741
2021-06,FOOD_ECM_A010_R27,3,0.17672628945261581,0.0775961486531767
2021-06,FOOD_ECM_A010_R27,4,0.5877662400380227,0.06983653378785902
2021-06,FOOD_ECM_A010_R27,5,0.371451640840001,0.06285288040907312
2021-06,FOOD_ECM_A010_R27,6,0.2760074945978196,0.05656759236816581
2021-06,FOOD_ECM_A010_R27,7,1.658911320343361,0.0
2021-06,FOOD_ECM_A010_R27,8,0.31596008727724656,0.0
2021-06,FOOD_ECM_A010_R27,9,0.053949141359041206,0.0
2021-06,FOOD_ECM_A010_R27,10,0.03413721261885261,0.0
2021-06,FOOD_ECM_A010_R27,11,0.49709977785474224,0.0
2021-06,FOOD_ECM_A010_R27,12,0.015268988141463463,0.0
2021-06,FOOD_ECM_A015_R27,1,-0.22997933944619572,0.13571342871440364
2021-06,FOOD_ECM_A015_R27,2,-0.3498844880543464,0.11535641440724309
2021-06,FOOD_ECM_A015_R27,3,0.19718309304559575,0.09805295224615662
2021-06,FOOD_ECM_A015_R27,4,0.6012747156593967,0.08334500940923312
2021-06,FOOD_ECM_A015_R27,5,0.379442018428776,0.07084325799784816
2021-06,FOOD_ECM_A015_R27,6,0.2796566715278247,0.06021676929817093
2021-06,FOOD_ECM_A015_R27,7,1.658911320343361,0.0
2021-06,FOOD_ECM_A015_R27,8,0.31596008727724656,0.0
2021-06,FOOD_ECM_A015_R27,9,0.053949141359041206,0.0
2021-06,FOOD_ECM_A015_R27,10,0.03413721261885261,0.0
2021-06,FOOD_ECM_A015_R27,11,0.49709977785474224,0.0
2021-06,FOOD_ECM_A015_R27,12,0.015268988141463463,0.0
2021-06,FOOD_ECM_PPI_R27,1,-0.17941645239002363,0.18627631577057574
2021-06,FOOD_ECM_PPI_R27,2,-0.3255336656336577,0.1397072368279318
2021-06,FOOD_ECM_PPI_R27,3,0.20391056842038796,0.10478042762094884
2021-06,FOOD_ECM_PPI_R27,4,0.5965150269658753,0.07858532071571164
2021-06,FOOD_ECM_PPI_R27,5,0.3675377509677116,0.058938990536783725
2021-06,FOOD_ECM_PPI_R27,6,0.2636441451322416,0.044204242902587794
2021-06,FOOD_ECM_PPI_R27,7,1.658911320343361,0.0
2021-06,FOOD_ECM_PPI_R27,8,0.31596008727724656,0.0
2021-06,FOOD_ECM_PPI_R27,9,0.053949141359041206,0.0
2021-06,FOOD_ECM_PPI_R27,10,0.03413721261885261,0.0
2021-06,FOOD_ECM_PPI_R27,11,0.49709977785474224,0.0
2021-06,FOOD_ECM_PPI_R27,12,0.015268988141463463,0.0
2021-07,FOOD_ECM_R27,1,-0.13081818319814625,0.2918575284449579
2021-07,FOOD_ECM_R27,2,0.3139124954098099,0.21889314633371842
2021-07,FOOD_ECM_R27,3,0.7129385983273469,0.1641698597502888
2021-07,FOOD_ECM_R27,4,0.4288031532647707,0.12312739481271662
2021-07,FOOD_ECM_R27,5,0.32606302088963046,0.09234554610953746
2021-07,FOOD_ECM_R27,6,1.7348177864795853,0.06925915958215309
2021-07,FOOD_ECM_R27,7,0.31880162298030273,0.0
2021-07,FOOD_ECM_R27,8,0.05890075211000337,0.0
2021-07,FOOD_ECM_R27,9,0.03689239241039481,0.0
2021-07,FOOD_ECM_R27,10,0.5003725857272361,0.0
2021-07,FOOD_ECM_R27,11,-0.022233452567566817,0.0
2021-07,FOOD_ECM_R27,12,-0.4742173422982067,0.0
2021-07,FOOD_ECM_A002_R27,1,-0.39216687133632455,0.0305088403067796
2021-07,FOOD_ECM_A002_R27,2,0.12491801257673552,0.029898663500644004
2021-07,FOOD_ECM_A002_R27,3,0.5780694288076892,0.029300690230631126
2021-07,FOOD_ECM_A002_R27,4,0.3343904348780726,0.028714676426018503
2021-07,FOOD_ECM_A002_R27,5,0.2618578576775912,0.028140382897498133
2021-07,FOOD_ECM_A002_R27,6,1.6931362021369805,0.02757757523954817
2021-07,FOOD_ECM_A002_R27,7,0.31880162298030273,0.0
2021-07,FOOD_ECM_A002_R27,8,0.05890075211000337,0.0
2021-07,FOOD_ECM_A002_R27,9,0.03689239241039481,0.0
2021-07,FOOD_ECM_A002_R27,10,0.5003725857272361,0.0
2021-07,FOOD_ECM_A002_R27,11,-0.022233452567566817,0.0
2021-07,FOOD_ECM_A002_R27,12,-0.4742173422982067,0.0
2021-07,FOOD_ECM_A005_R27,1,-0.3487384711037148,0.07393724053938934
2021-07,FOOD_ECM_A005_R27,2,0.16525972758851137,0.07024037851241986
2021-07,FOOD_ECM_A005_R27,3,0.615497098163857,0.06672835958679887
2021-07,FOOD_ECM_A005_R27,4,0.369067700059513,0.06339194160745892
2021-07,FOOD_ECM_A005_R27,5,0.293939819307179,0.06022234452708597
2021-07,FOOD_ECM_A005_R27,6,1.722769854198164,0.05721122730073167
2021-07,FOOD_ECM_A005_R27,7,0.31880162298030273,0.0
2021-07,FOOD_ECM_A005_R27,8,0.05890075211000337,0.0
2021-07,FOOD_ECM_A005_R27,9,0.03689239241039481,0.0
2021-07,FOOD_ECM_A005_R27,10,0.5003725857272361,0.0
2021-07,FOOD_ECM_A005_R27,11,-0.022233452567566817,0.0
2021-07,FOOD_ECM_A005_R27,12,-0.4742173422982067,0.0
2021-07,FOOD_ECM_A010_R27,1,-0.28258409798952433,0.1400916136535798
2021-07,FOOD_ECM_A010_R27,2,0.22110180136431334,0.12608245228822182
2021-07,FOOD_ECM_A010_R27,3,0.6622429456364578,0.11347420705939965
2021-07,FOOD_ECM_A010_R27,4,0.40780254480551376,0.10212678635345968
2021-07,FOOD_ECM_A010_R27,5,0.32563158249820673,0.09191410771811372
2021-07,FOOD_ECM_A010_R27,6,1.7482813238437347,0.08272269694630234
2021-07,FOOD_ECM_A010_R27,7,0.31880162298030273,0.0
2021-07,FOOD_ECM_A010_R27,8,0.05890075211000337,0.0
2021-07,FOOD_ECM_A010_R27,9,0.03689239241039481,0.0
2021-07,FOOD_ECM_A010_R27,10,0.5003725857272361,0.0
2021-07,FOOD_ECM_A010_R27,11,-0.022233452567566817,0.0
2021-07,FOOD_ECM_A010_R27,12,-0.4742173422982067,0.0
2021-07,FOOD_ECM_A015_R27,1,-0.22421259230053278,0.19846311934257135
2021-07,FOOD_ECM_A015_R27,2,0.26371300051727714,0.16869365144118564
2021-07,FOOD_ECM_A015_R27,3,0.6921583423020659,0.14338960372500778
2021-07,FOOD_ECM_A015_R27,4,0.4275569216183107,0.1218811631662566
2021-07,FOOD_ECM_A015_R27,5,0.33731646347141114,0.10359898869131813
2021-07,FOOD_ECM_A015_R27,6,1.7536177672850526,0.0880591403876204
2021-07,FOOD_ECM_A015_R27,7,0.31880162298030273,0.0
2021-07,FOOD_ECM_A015_R27,8,0.05890075211000337,0.0
2021-07,FOOD_ECM_A015_R27,9,0.03689239241039481,0.0
2021-07,FOOD_ECM_A015_R27,10,0.5003725857272361,0.0
2021-07,FOOD_ECM_A015_R27,11,-0.022233452567566817,0.0
2021-07,FOOD_ECM_A015_R27,12,-0.4742173422982067,0.0
2021-07,FOOD_ECM_PPI_R27,1,-0.13429651906260281,0.2883791925805013
2021-07,FOOD_ECM_PPI_R27,2,0.3113037435114675,0.216284394435376
2021-07,FOOD_ECM_PPI_R27,3,0.7109820344035901,0.162213295826532
2021-07,FOOD_ECM_PPI_R27,4,0.42733573032195304,0.12165997186989899
2021-07,FOOD_ECM_PPI_R27,5,0.3249624536825173,0.09124497890242425
2021-07,FOOD_ECM_PPI_R27,6,1.7339923610742505,0.06843373417681818
2021-07,FOOD_ECM_PPI_R27,7,0.31880162298030273,0.0
2021-07,FOOD_ECM_PPI_R27,8,0.05890075211000337,0.0
2021-07,FOOD_ECM_PPI_R27,9,0.03689239241039481,0.0
2021-07,FOOD_ECM_PPI_R27,10,0.5003725857272361,0.0
2021-07,FOOD_ECM_PPI_R27,11,-0.022233452567566817,0.0
2021-07,FOOD_ECM_PPI_R27,12,-0.4742173422982067,0.0
2021-08,FOOD_ECM_R27,1,0.16708160345165426,0.12181375072766704
2021-08,FOOD_ECM_R27,2,0.6354936777228222,0.09136031304575028
2021-08,FOOD_ECM_R27,3,0.33587443151917074,0.0685202347843127
2021-08,FOOD_ECM_R27,4,0.2732061502418852,0.05139017608823453
2021-08,FOOD_ECM_R27,5,1.6822171146538871,0.0385426320661759
2021-08,FOOD_ECM_R27,6,0.33050053805084767,0.028906974049631922
2021-08,FOOD_ECM_R27,7,0.045818739940288226,0.0
2021-08,FOOD_ECM_R27,8,0.02215963357256645,0.0
2021-08,FOOD_ECM_R27,9,0.48731574635803804,0.0
2021-08,FOOD_ECM_R27,10,-0.03538107040363472,0.0
2021-08,FOOD_ECM_R27,11,-0.3435938713238621,0.0
2021-08,FOOD_ECM_R27,12,-0.48910967756569035,0.0
2021-08,FOOD_ECM_A002_R27,1,0.05800145013338602,0.012733597409398794
2021-08,FOOD_ECM_A002_R27,2,0.5566122901382826,0.012478925461210816
2021-08,FOOD_ECM_A002_R27,3,0.2795835436868446,0.012229346951986601
2021-08,FOOD_ECM_A002_R27,4,0.23380073416659755,0.011984760012946868
2021-08,FOOD_ECM_A002_R27,5,1.6554195474003992,0.01174506481268793
2021-08,FOOD_ECM_A002_R27,6,0.3131037275176499,0.011510163516434172
2021-08,FOOD_ECM_A002_R27,7,0.045818739940288226,0.0
2021-08,FOOD_ECM_A002_R27,8,0.02215963357256645,0.0
2021-08,FOOD_ECM_A002_R27,9,0.48731574635803804,0.0
2021-08,FOOD_ECM_A002_R27,10,-0.03538107040363472,0.0
2021-08,FOOD_ECM_A002_R27,11,-0.3435938713238621,0.0
2021-08,FOOD_ECM_A002_R27,12,-0.48910967756569035,0.0
2021-08,FOOD_ECM_A005_R27,1,0.07612733624166287,0.03085948351767565
2021-08,FOOD_ECM_A005_R27,2,0.5734498740188637,0.029316509341791867
2021-08,FOOD_ECM_A005_R27,3,0.2952048806095603,0.02785068387470227
2021-08,FOOD_ECM_A005_R27,4,0.24827412383461783,0.026458149680967158
2021-08,FOOD_ECM_A005_R27,5,1.66880972478463,0.025135242196918796
2021-08,FOOD_ECM_A005_R27,6,0.32547204408828856,0.023878480087072856
2021-08,FOOD_ECM_A005_R27,7,0.045818739940288226,0.0
2021-08,FOOD_ECM_A005_R27,8,0.02215963357256645,0.0
2021-08,FOOD_ECM_A005_R27,9,0.48731574635803804,0.0
2021-08,FOOD_ECM_A005_R27,10,-0.03538107040363472,0.0
2021-08,FOOD_ECM_A005_R27,11,-0.3435938713238621,0.0
2021-08,FOOD_ECM_A005_R27,12,-0.48910967756569035,0.0
2021-08,FOOD_ECM_A010_R27,1,0.10373845307326741,0.058470600349280186
2021-08,FOOD_ECM_A010_R27,2,0.596756904991424,0.052623540314352166
2021-08,FOOD_ECM_A010_R27,3,0.314715383017775,0.04736118628291695
2021-08,FOOD_ECM_A010_R27,4,0.26444104180827593,0.04262506765462525
2021-08,FOOD_ECM_A010_R27,5,1.6820370434768739,0.03836256088916273
2021-08,FOOD_ECM_A010_R27,6,0.33611986880146216,0.03452630480024646
2021-08,FOOD_ECM_A010_R27,7,0.045818739940288226,0.0
2021-08,FOOD_ECM_A010_R27,8,0.02215963357256645,0.0
2021-08,FOOD_ECM_A010_R27,9,0.48731574635803804,0.0
2021-08,FOOD_ECM_A010_R27,10,-0.03538107040363472,0.0
2021-08,FOOD_ECM_A010_R27,11,-0.3435938713238621,0.0
2021-08,FOOD_ECM_A010_R27,12,-0.48910967756569035,0.0
2021-08,FOOD_ECM_A015_R27,1,0.1281012032188008,0.08283335049481357
2021-08,FOOD_ECM_A015_R27,2,0.6145417125976633,0.07040834792059153
2021-08,FOOD_ECM_A015_R27,3,0.32720129246736085,0.0598470957325028
2021-08,FOOD_ECM_A015_R27,4,0.27268600552627803,0.050870031372627376
2021-08,FOOD_ECM_A015_R27,5,1.6869140092544446,0.04323952666673327
2021-08,FOOD_ECM_A015_R27,6,0.338347161667939,0.03675359766672328
2021-08,FOOD_ECM_A015_R27,7,0.045818739940288226,0.0
2021-08,FOOD_ECM_A015_R27,8,0.02215963357256645,0.0
2021-08,FOOD_ECM_A015_R27,9,0.48731574635803804,0.0
2021-08,FOOD_ECM_A015_R27,10,-0.03538107040363472,0.0
2021-08,FOOD_ECM_A015_R27,11,-0.3435938713238621,0.0
2021-08,FOOD_ECM_A015_R27,12,-0.48910967756569035,0.0
2021-08,FOOD_ECM_PPI_R27,1,0.16630210350005292,0.1210342507760657
2021-08,FOOD_ECM_PPI_R27,2,0.6349090527591211,0.09077568808204926
2021-08,FOOD_ECM_PPI_R27,3,0.335435962796395,0.06808176606153694
2021-08,FOOD_ECM_PPI_R27,4,0.2728772986998034,0.05106132454615271
2021-08,FOOD_ECM_PPI_R27,5,1.6819704759973257,0.03829599340961454
2021-08,FOOD_ECM_PPI_R27,6,0.33031555905842663,0.0287219950572109
2021-08,FOOD_ECM_PPI_R27,7,0.045818739940288226,0.0
2021-08,FOOD_ECM_PPI_R27,8,0.02215963357256645,0.0
2021-08,FOOD_ECM_PPI_R27,9,0.48731574635803804,0.0
2021-08,FOOD_ECM_PPI_R27,10,-0.03538107040363472,0.0
2021-08,FOOD_ECM_PPI_R27,11,-0.3435938713238621,0.0
2021-08,FOOD_ECM_PPI_R27,12,-0.48910967756569035,0.0
2021-09,FOOD_ECM_R27,1,0.4575986693946589,-0.017967201179926888
2021-09,FOOD_ECM_R27,2,0.25929242607476727,-0.013475400884945166
2021-09,FOOD_ECM_R27,3,0.17587613464682,-0.010106550663708875
2021-09,FOOD_ECM_R27,4,1.6314382013591142,-0.007579912997781656
2021-09,FOOD_ECM_R27,5,0.2750492525308949,-0.005684934748336242
2021-09,FOOD_ECM_R27,6,0.027019341135179387,-0.004263701061252181
2021-09,FOOD_ECM_R27,7,0.012273769977679674,0.0
2021-09,FOOD_ECM_R27,8,0.47541267710010887,0.0
2021-09,FOOD_ECM_R27,9,-0.045590254114253624,0.0
2021-09,FOOD_ECM_R27,10,-0.35398704552891214,0.0
2021-09,FOOD_ECM_R27,11,-0.3885558053107687,0.0
2021-09,FOOD_ECM_R27,12,-0.00864809210734005,0.0
2021-09,FOOD_ECM_A002_R27,1,0.4736876991445774,-0.0018781714300083574
2021-09,FOOD_ECM_A002_R27,2,0.27092721895830424,-0.00184060800140819
2021-09,FOOD_ECM_A002_R27,3,0.18417888946914887,-0.0018037958413800262
2021-09,FOOD_ECM_A002_R27,4,1.6372503944323433,-0.0017677199245524256
2021-09,FOOD_ECM_A002_R27,5,0.2790018217531698,-0.0017323655260613772
2021-09,FOOD_ECM_A002_R27,6,0.02958532398089142,-0.0016977182155401495
2021-09,FOOD_ECM_A002_R27,7,0.012273769977679674,0.0
2021-09,FOOD_ECM_A002_R27,8,0.47541267710010887,0.0
2021-09,FOOD_ECM_A002_R27,9,-0.045590254114253624,0.0
2021-09,FOOD_ECM_A002_R27,10,-0.35398704552891214,0.0
2021-09,FOOD_ECM_A002_R27,11,-0.3885558053107687,0.0
2021-09,FOOD_ECM_A002_R27,12,-0.00864809210734005,0.0
2021-09,FOOD_ECM_A005_R27,1,0.47101417960900427,-0.004551690965581478
2021-09,FOOD_ECM_A005_R27,2,0.26844372054241,-0.004324106417302405
2021-09,FOOD_ECM_A005_R27,3,0.18187478421409162,-0.004107901096437284
2021-09,FOOD_ECM_A005_R27,4,1.6351156083152805,-0.00390250604161542
2021-09,FOOD_ECM_A005_R27,5,0.2770268065396965,-0.003707380739534648
2021-09,FOOD_ECM_A005_R27,6,0.027761030493873653,-0.0035220117025579157
2021-09,FOOD_ECM_A005_R27,7,0.012273769977679674,0.0
2021-09,FOOD_ECM_A005_R27,8,0.47541267710010887,0.0
2021-09,FOOD_ECM_A005_R27,9,-0.045590254114253624,0.0
2021-09,FOOD_ECM_A005_R27,10,-0.35398704552891214,0.0
2021-09,FOOD_ECM_A005_R27,11,-0.3885558053107687,0.0
2021-09,FOOD_ECM_A005_R27,12,-0.00864809210734005,0.0
2021-09,FOOD_ECM_A010_R27,1,0.4669416140082209,-0.008624256566364907
2021-09,FOOD_ECM_A010_R27,2,0.265005996049984,-0.007761830909728417
2021-09,FOOD_ECM_A010_R27,3,0.17899703749177331,-0.006985647818755576
2021-09,FOOD_ECM_A010_R27,4,1.6327310313200158,-0.006287083036880018
2021-09,FOOD_ECM_A010_R27,5,0.27507581254603913,-0.0056583747331920165
2021-09,FOOD_ECM_A010_R27,6,0.026190504936558754,-0.0050925372598728145
2021-09,FOOD_ECM_A010_R27,7,0.012273769977679674,0.0
2021-09,FOOD_ECM_A010_R27,8,0.47541267710010887,0.0
2021-09,FOOD_ECM_A010_R27,9,-0.045590254114253624,0.0
2021-09,FOOD_ECM_A010_R27,10,-0.35398704552891214,0.0
2021-09,FOOD_ECM_A010_R27,11,-0.3885558053107687,0.0
2021-09,FOOD_ECM_A010_R27,12,-0.00864809210734005,0.0
2021-09,FOOD_ECM_A015_R27,1,0.46334817377223547,-0.012217696802350282
2021-09,FOOD_ECM_A015_R27,2,0.2623827846777147,-0.01038504228199774
2021-09,FOOD_ECM_A015_R27,3,0.1771553993708308,-0.008827285939698079
2021-09,FOOD_ECM_A015_R27,4,1.6315149213081523,-0.007503193048743366
2021-09,FOOD_ECM_A015_R27,5,0.2743564731877993,-0.006377714091431862
2021-09,FOOD_ECM_A015_R27,6,0.025861985218714488,-0.005421056977717082
2021-09,FOOD_ECM_A015_R27,7,0.012273769977679674,0.0
2021-09,FOOD_ECM_A015_R27,8,0.47541267710010887,0.0
2021-09,FOOD_ECM_A015_R27,9,-0.045590254114253624,0.0
2021-09,FOOD_ECM_A015_R27,10,-0.35398704552891214,0.0
2021-09,FOOD_ECM_A015_R27,11,-0.3885558053107687,0.0
2021-09,FOOD_ECM_A015_R27,12,-0.00864809210734005,0.0
2021-09,FOOD_ECM_PPI_R27,1,0.4542027580925806,-0.021363112482005175
2021-09,FOOD_ECM_PPI_R27,2,0.25674549259820856,-0.01602233436150388
2021-09,FOOD_ECM_PPI_R27,3,0.17396593453940098,-0.012016750771127911
2021-09,FOOD_ECM_PPI_R27,4,1.6300055512785498,-0.009012563078345933
2021-09,FOOD_ECM_PPI_R27,5,0.2739747649704717,-0.00675942230875945
2021-09,FOOD_ECM_PPI_R27,6,0.026213475464861982,-0.005069566731569587
2021-09,FOOD_ECM_PPI_R27,7,0.012273769977679674,0.0
2021-09,FOOD_ECM_PPI_R27,8,0.47541267710010887,0.0
2021-09,FOOD_ECM_PPI_R27,9,-0.045590254114253624,0.0
2021-09,FOOD_ECM_PPI_R27,10,-0.35398704552891214,0.0
2021-09,FOOD_ECM_PPI_R27,11,-0.3885558053107687,0.0
2021-09,FOOD_ECM_PPI_R27,12,-0.00864809210734005,0.0
2021-10,FOOD_ECM_R27,1,0.39172730071423506,0.07815881108163956
2021-10,FOOD_ECM_R27,2,0.200903640060559,0.05861910831122967
2021-10,FOOD_ECM_R27,3,1.6891723485759966,0.043964331233422256
2021-10,FOOD_ECM_R27,4,0.3006220472683593,0.032973248425066694
2021-10,FOOD_ECM_R27,5,0.06675858763868785,0.02472993631880002
2021-10,FOOD_ECM_R27,6,0.039703337994952265,0.018547452239100013
2021-10,FOOD_ECM_R27,7,0.48287059008697947,0.0
2021-10,FOOD_ECM_R27,8,-0.03530429629437088,0.0
2021-10,FOOD_ECM_R27,9,-0.34400058311563386,0.0
2021-10,FOOD_ECM_R27,10,-0.3781645377253965,0.0
2021-10,FOOD_ECM_R27,11,-0.13243151656751606,0.0
2021-10,FOOD_ECM_R27,12,0.515883116279676,0.0
2021-10,FOOD_ECM_A002_R27,1,0.32173869068432953,0.008170201051734055
2021-10,FOOD_ECM_A002_R27,2,0.1502913287800287,0.008006797030699373
2021-10,FOOD_ECM_A002_R27,3,1.6530546784326596,0.007846661090085387
2021-10,FOOD_ECM_A002_R27,4,0.27533852671157627,0.007689727868283678
2021-10,FOOD_ECM_A002_R27,5,0.04956458463080583,0.007535933310918005
2021-10,FOOD_ECM_A002_R27,6,0.0285411004005519,0.0073852146446996446
2021-10,FOOD_ECM_A002_R27,7,0.48287059008697947,0.0
2021-10,FOOD_ECM_A002_R27,8,-0.03530429629437088,0.0
2021-10,FOOD_ECM_A002_R27,9,-0.34400058311563386,0.0
2021-10,FOOD_ECM_A002_R27,10,-0.3781645377253965,0.0
2021-10,FOOD_ECM_A002_R27,11,-0.13243151656751606,0.0
2021-10,FOOD_ECM_A002_R27,12,0.515883116279676,0.0
2021-10,FOOD_ECM_A005_R27,1,0.3333687217732775,0.019800232140682023
2021-10,FOOD_ECM_A005_R27,2,0.16109475228297726,0.018810220533647923
2021-10,FOOD_ECM_A005_R27,3,1.6630777268495398,0.017869709506965523
2021-10,FOOD_ECM_A005_R27,4,0.2846250228749098,0.01697622403161725
2021-10,FOOD_ECM_A005_R27,5,0.058156064149924205,0.016127412830036384
2021-10,FOOD_ECM_A005_R27,6,0.03647692794438682,0.015321042188534565
2021-10,FOOD_ECM_A005_R27,7,0.48287059008697947,0.0
2021-10,FOOD_ECM_A005_R27,8,-0.03530429629437088,0.0
2021-10,FOOD_ECM_A005_R27,9,-0.34400058311563386,0.0
2021-10,FOOD_ECM_A005_R27,10,-0.3781645377253965,0.0
2021-10,FOOD_ECM_A005_R27,11,-0.13243151656751606,0.0
2021-10,FOOD_ECM_A005_R27,12,0.515883116279676,0.0
2021-10,FOOD_ECM_A010_R27,1,0.3510847189517825,0.037516229319186994
2021-10,FOOD_ECM_A010_R27,2,0.17604913813659764,0.033764606387268296
2021-10,FOOD_ECM_A010_R27,3,1.6755961630911158,0.030388145748541467
2021-10,FOOD_ECM_A010_R27,4,0.2949981300169799,0.02734933117368732
2021-10,FOOD_ECM_A010_R27,5,0.06664304937620641,0.024614398056318588
2021-10,FOOD_ECM_A010_R27,6,0.043308844006538984,0.02215295825068673
2021-10,FOOD_ECM_A010_R27,7,0.48287059008697947,0.0
2021-10,FOOD_ECM_A010_R27,8,-0.03530429629437088,0.0
2021-10,FOOD_ECM_A010_R27,9,-0.34400058311563386,0.0
2021-10,FOOD_ECM_A010_R27,10,-0.3781645377253965,0.0
2021-10,FOOD_ECM_A010_R27,11,-0.13243151656751606,0.0
2021-10,FOOD_ECM_A010_R27,12,0.515883116279676,0.0
2021-10,FOOD_ECM_A015_R27,1,0.3667164811681104,0.053147991535514895
2021-10,FOOD_ECM_A015_R27,2,0.187460324554517,0.04517579280518766
2021-10,FOOD_ECM_A015_R27,3,1.6836074412269837,0.038399423884409506
2021-10,FOOD_ECM_A015_R27,4,0.3002883091450407,0.03263951030174808
2021-10,FOOD_ECM_A015_R27,5,0.0697722350763737,0.02774358375648587
2021-10,FOOD_ECM_A015_R27,6,0.044737931948865245,0.023582046193012986
2021-10,FOOD_ECM_A015_R27,7,0.48287059008697947,0.0
2021-10,FOOD_ECM_A015_R27,8,-0.03530429629437088,0.0
2021-10,FOOD_ECM_A015_R27,9,-0.34400058311563386,0.0
2021-10,FOOD_ECM_A015_R27,10,-0.3781645377253965,0.0
2021-10,FOOD_ECM_A015_R27,11,-0.13243151656751606,0.0
2021-10,FOOD_ECM_A015_R27,12,0.515883116279676,0.0
2021-10,FOOD_ECM_PPI_R27,1,0.4143753616859257,0.10080687205333023
2021-10,FOOD_ECM_PPI_R27,2,0.21788968578932702,0.07560515403999768
2021-10,FOOD_ECM_PPI_R27,3,1.7019118828725726,0.05670386552999826
2021-10,FOOD_ECM_PPI_R27,4,0.3101766979907913,0.042527899147498695
2021-10,FOOD_ECM_PPI_R27,5,0.07392457568051185,0.03189592436062402
2021-10,FOOD_ECM_PPI_R27,6,0.045077829026320265,0.023921943270468014
2021-10,FOOD_ECM_PPI_R27,7,0.48287059008697947,0.0
2021-10,FOOD_ECM_PPI_R27,8,-0.03530429629437088,0.0
2021-10,FOOD_ECM_PPI_R27,9,-0.34400058311563386,0.0
2021-10,FOOD_ECM_PPI_R27,10,-0.3781645377253965,0.0
2021-10,FOOD_ECM_PPI_R27,11,-0.13243151656751606,0.0
2021-10,FOOD_ECM_PPI_R27,12,0.515883116279676,0.0
2021-11,FOOD_ECM_R27,1,0.5136447250016061,0.2526851384169658
2021-11,FOOD_ECM_R27,2,1.8679647958680365,0.18951385381272437
2021-11,FOOD_ECM_R27,3,0.4599626464879481,0.14213539035954326
2021-11,FOOD_ECM_R27,4,0.1714598205305468,0.10660154276965746
2021-11,FOOD_ECM_R27,5,0.13178039007970863,0.0799511570772431
2021-11,FOOD_ECM_R27,6,0.5602322277227575,0.059963367807932315
2021-11,FOOD_ECM_R27,7,-0.02396044385063617,0.0
2021-11,FOOD_ECM_R27,8,-0.3321221244216129,0.0
2021-11,FOOD_ECM_R27,9,-0.3684199265313256,0.0
2021-11,FOOD_ECM_R27,10,-0.1228389767532882,0.0
2021-11,FOOD_ECM_R27,11,0.40459435785512776,0.0
2021-11,FOOD_ECM_R27,12,0.2781871973750402,0.0
2021-11,FOOD_ECM_A002_R27,1,0.28737360638716036,0.02641401980252016
2021-11,FOOD_ECM_A002_R27,2,1.704336681461782,0.025885739406469755
2021-11,FOOD_ECM_A002_R27,3,0.3431952807467452,0.02536802461834036
2021-11,FOOD_ECM_A002_R27,4,0.0897189418868629,0.024860664125973552
2021-11,FOOD_ECM_A002_R27,5,0.07619268384591962,0.024363450843454083
2021-11,FOOD_ECM_A002_R27,6,0.5241450417414102,0.023876181826584998
2021-11,FOOD_ECM_A002_R27,7,-0.02396044385063617,0.0
2021-11,FOOD_ECM_A002_R27,8,-0.3321221244216129,0.0
2021-11,FOOD_ECM_A002_R27,9,-0.3684199265313256,0.0
2021-11,FOOD_ECM_A002_R27,10,-0.1228389767532882,0.0
2021-11,FOOD_ECM_A002_R27,11,0.40459435785512776,0.0
2021-11,FOOD_ECM_A002_R27,12,0.2781871973750402,0.0
2021-11,FOOD_ECM_A005_R27,1,0.32497315498360485,0.06401356839896467
2021-11,FOOD_ECM_A005_R27,2,1.7392638320343285,0.06081288997901644
2021-11,FOOD_ECM_A005_R27,3,0.37559950160847044,0.05777224548006561
2021-11,FOOD_ECM_A005_R27,4,0.11974191096695168,0.054883633206062335
2021-11,FOOD_ECM_A005_R27,5,0.10396868454822475,0.052139451545759205
2021-11,FOOD_ECM_A005_R27,6,0.5498013388832964,0.049532478968471245
2021-11,FOOD_ECM_A005_R27,7,-0.02396044385063617,0.0
2021-11,FOOD_ECM_A005_R27,8,-0.3321221244216129,0.0
2021-11,FOOD_ECM_A005_R27,9,-0.3684199265313256,0.0
2021-11,FOOD_ECM_A005_R27,10,-0.1228389767532882,0.0
2021-11,FOOD_ECM_A005_R27,11,0.40459435785512776,0.0
2021-11,FOOD_ECM_A005_R27,12,0.2781871973750402,0.0
2021-11,FOOD_ECM_A010_R27,1,0.3822484530247838,0.1212888664401436
2021-11,FOOD_ECM_A010_R27,2,1.7876109218514415,0.10915997979612925
2021-11,FOOD_ECM_A010_R27,3,0.4160712379449212,0.09824398181651633
2021-11,FOOD_ECM_A010_R27,4,0.15327786139575403,0.08841958363486468
2021-11,FOOD_ECM_A010_R27,5,0.13140685827384377,0.07957762527137822
2021-11,FOOD_ECM_A010_R27,6,0.5718887226590655,0.0716198627442404
2021-11,FOOD_ECM_A010_R27,7,-0.02396044385063617,0.0
2021-11,FOOD_ECM_A010_R27,8,-0.3321221244216129,0.0
2021-11,FOOD_ECM_A010_R27,9,-0.3684199265313256,0.0
2021-11,FOOD_ECM_A010_R27,10,-0.1228389767532882,0.0
2021-11,FOOD_ECM_A010_R27,11,0.40459435785512776,0.0
2021-11,FOOD_ECM_A010_R27,12,0.2781871973750402,0.0
2021-11,FOOD_ECM_A015_R27,1,0.4327854807081769,0.17182589412353674
2021-11,FOOD_ECM_A015_R27,2,1.8245029520603184,0.14605201000500623
2021-11,FOOD_ECM_A015_R27,3,0.4419714646326601,0.12414420850425528
2021-11,FOOD_ECM_A015_R27,4,0.17038085498950634,0.10552257722861698
2021-11,FOOD_ECM_A015_R27,5,0.14152342364679,0.08969419064432445
2021-11,FOOD_ECM_A015_R27,6,0.5765089219625009,0.07624006204767576
2021-11,FOOD_ECM_A015_R27,7,-0.02396044385063617,0.0
2021-11,FOOD_ECM_A015_R27,8,-0.3321221244216129,0.0
2021-11,FOOD_ECM_A015_R27,9,-0.3684199265313256,0.0
2021-11,FOOD_ECM_A015_R27,10,-0.1228389767532882,0.0
2021-11,FOOD_ECM_A015_R27,11,0.40459435785512776,0.0
2021-11,FOOD_ECM_A015_R27,12,0.2781871973750402,0.0
2021-11,FOOD_ECM_PPI_R27,1,0.5219420416326288,0.26098245504798867
2021-11,FOOD_ECM_PPI_R27,2,1.8741877833413036,0.1957368412859915
2021-11,FOOD_ECM_PPI_R27,3,0.4646298870928985,0.14680263096449364
2021-11,FOOD_ECM_PPI_R27,4,0.17496025098425955,0.11010197322337022
2021-11,FOOD_ECM_PPI_R27,5,0.1344057129199932,0.08257647991752766
2021-11,FOOD_ECM_PPI_R27,6,0.5622012198529709,0.06193235993814575
2021-11,FOOD_ECM_PPI_R27,7,-0.02396044385063617,0.0
2021-11,FOOD_ECM_PPI_R27,8,-0.3321221244216129,0.0
2021-11,FOOD_ECM_PPI_R27,9,-0.3684199265313256,0.0
2021-11,FOOD_ECM_PPI_R27,10,-0.1228389767532882,0.0
2021-11,FOOD_ECM_PPI_R27,11,0.40459435785512776,0.0
2021-11,FOOD_ECM_PPI_R27,12,0.2781871973750402,0.0
2021-12,FOOD_ECM_R27,1,1.987817156679806,0.22484600483480913
2021-12,FOOD_ECM_R27,2,0.5782955585389788,0.16863450362610685
2021-12,FOOD_ECM_R27,3,0.23713299879527205,0.12647587771958013
2021-12,FOOD_ECM_R27,4,0.18346048247102179,0.0948569082896851
2021-12,FOOD_ECM_R27,5,0.5817593473091482,0.07114268121726383
2021-12,FOOD_ECM_R27,6,0.029343913871812375,0.053357010912947866
2021-12,FOOD_ECM_R27,7,-0.3358861316526059,0.0
2021-12,FOOD_ECM_R27,8,-0.3766665376094504,0.0
2021-12,FOOD_ECM_R27,9,-0.13284277550156334,0.0
2021-12,FOOD_ECM_R27,10,0.3933131650644065,0.0
2021-12,FOOD_ECM_R27,11,0.38203744676736107,0.0
2021-12,FOOD_ECM_R27,12,0.197119609575376,0.0
2021-12,FOOD_ECM_A002_R27,1,1.7864750542170622,0.02350390237206538
2021-12,FOOD_ECM_A002_R27,2,0.4326948792374961,0.023033824324624072
2021-12,FOOD_ECM_A002_R27,3,0.1332302689138235,0.02257314783813159
2021-12,FOOD_ECM_A002_R27,4,0.11072525906270564,0.022121684881368956
2021-12,FOOD_ECM_A002_R27,5,0.532295917275626,0.021679251183741578
2021-12,FOOD_ECM_A002_R27,6,-0.0027674308810687435,0.021245666160066748
2021-12,FOOD_ECM_A002_R27,7,-0.3358861316526059,0.0
2021-12,FOOD_ECM_A002_R27,8,-0.3766665376094504,0.0
2021-12,FOOD_ECM_A002_R27,9,-0.13284277550156334,0.0
2021-12,FOOD_ECM_A002_R27,10,0.3933131650644065,0.0
2021-12,FOOD_ECM_A002_R27,11,0.38203744676736107,0.0
2021-12,FOOD_ECM_A002_R27,12,0.197119609575376,0.0
2021-12,FOOD_ECM_A005_R27,1,1.8199321397364818,0.05696098789148498
2021-12,FOOD_ECM_A005_R27,2,0.46377399340978276,0.05411293849691073
2021-12,FOOD_ECM_A005_R27,3,0.16206441264775712,0.05140729157206519
2021-12,FOOD_ECM_A005_R27,4,0.1374405011747986,0.04883692699346193
2021-12,FOOD_ECM_A005_R27,5,0.5570117467356732,0.046395080643788826
2021-12,FOOD_ECM_A005_R27,6,0.020062229570463896,0.04407532661159939
2021-12,FOOD_ECM_A005_R27,7,-0.3358861316526059,0.0
2021-12,FOOD_ECM_A005_R27,8,-0.3766665376094504,0.0
2021-12,FOOD_ECM_A005_R27,9,-0.13284277550156334,0.0
2021-12,FOOD_ECM_A005_R27,10,0.3933131650644065,0.0
2021-12,FOOD_ECM_A005_R27,11,0.38203744676736107,0.0
2021-12,FOOD_ECM_A005_R27,12,0.197119609575376,0.0
2021-12,FOOD_ECM_A010_R27,1,1.8708972341657053,0.10792608232070838
2021-12,FOOD_ECM_A010_R27,2,0.5067945290015096,0.09713347408863755
2021-12,FOOD_ECM_A010_R27,3,0.19807724775546573,0.08742012667977381
2021-12,FOOD_ECM_A010_R27,4,0.1672816881931331,0.07867811401179642
2021-12,FOOD_ECM_A010_R27,5,0.5814269687025012,0.07081030261061678
2021-12,FOOD_ECM_A010_R27,6,0.0397161753084196,0.0637292723495551
2021-12,FOOD_ECM_A010_R27,7,-0.3358861316526059,0.0
2021-12,FOOD_ECM_A010_R27,8,-0.3766665376094504,0.0
2021-12,FOOD_ECM_A010_R27,9,-0.13284277550156334,0.0
2021-12,FOOD_ECM_A010_R27,10,0.3933131650644065,0.0
2021-12,FOOD_ECM_A010_R27,11,0.38203744676736107,0.0
2021-12,FOOD_ECM_A010_R27,12,0.197119609575376,0.0
2021-12,FOOD_ECM_A015_R27,1,1.915866435132667,0.1528952832876702
2021-12,FOOD_ECM_A015_R27,2,0.5396220457073917,0.12996099079451964
2021-12,FOOD_ECM_A015_R27,3,0.22112396325103362,0.11046684217534171
2021-12,FOOD_ECM_A015_R27,4,0.18250039003037713,0.09389681584904044
2021-12,FOOD_ECM_A015_R27,5,0.5904289595635688,0.07981229347168438
2021-12,FOOD_ECM_A015_R27,6,0.043827352409796225,0.06784044945093172
2021-12,FOOD_ECM_A015_R27,7,-0.3358861316526059,0.0
2021-12,FOOD_ECM_A015_R27,8,-0.3766665376094504,0.0
2021-12,FOOD_ECM_A015_R27,9,-0.13284277550156334,0.0
2021-12,FOOD_ECM_A015_R27,10,0.3933131650644065,0.0
2021-12,FOOD_ECM_A015_R27,11,0.38203744676736107,0.0
2021-12,FOOD_ECM_A015_R27,12,0.197119609575376,0.0
2021-12,FOOD_ECM_PPI_R27,1,2.019781000323375,0.25680984847837846
2021-12,FOOD_ECM_PPI_R27,2,0.6022684412716559,0.19260738635878386
2021-12,FOOD_ECM_PPI_R27,3,0.2551126608447798,0.1444555397690879
2021-12,FOOD_ECM_PPI_R27,4,0.1969452290081526,0.10834165482681592
2021-12,FOOD_ECM_PPI_R27,5,0.5918729072119964,0.08125624112011194
2021-12,FOOD_ECM_PPI_R27,6,0.036929083798948464,0.06094218084008395
2021-12,FOOD_ECM_PPI_R27,7,-0.3358861316526059,0.0
2021-12,FOOD_ECM_PPI_R27,8,-0.3766665376094504,0.0
2021-12,FOOD_ECM_PPI_R27,9,-0.13284277550156334,0.0
2021-12,FOOD_ECM_PPI_R27,10,0.3933131650644065,0.0
2021-12,FOOD_ECM_PPI_R27,11,0.38203744676736107,0.0
2021-12,FOOD_ECM_PPI_R27,12,0.197119609575376,0.0
2022-01,FOOD_ECM_R27,1,0.7240670693157233,0.24936573779654223
2022-01,FOOD_ECM_R27,2,0.3696928175761297,0.18702430334740666
2022-01,FOOD_ECM_R27,3,0.2692901199412038,0.140268227510555
2022-01,FOOD_ECM_R27,4,0.6490254925014598,0.10520117063291626
2022-01,FOOD_ECM_R27,5,0.07055493814289109,0.07890087797468719
2022-01,FOOD_ECM_R27,6,-0.2693815983595099,0.05917565848101539
2022-01,FOOD_ECM_R27,7,-0.37290328891729135,0.0
2022-01,FOOD_ECM_R27,8,-0.13219488493572248,0.0
2022-01,FOOD_ECM_R27,9,0.3921511280189305,0.0
2022-01,FOOD_ECM_R27,10,0.3798411387604255,0.0
2022-01,FOOD_ECM_R27,11,0.2687828299887164,0.0
2022-01,FOOD_ECM_R27,12,1.6424102888736591,0.0
2022-01,FOOD_ECM_A002_R27,1,0.5007683633101796,0.02606703179099855
2022-01,FOOD_ECM_A002_R27,2,0.20821420538390165,0.025545691155178574
2022-01,FOOD_ECM_A002_R27,3,0.15405666976272378,0.025034777332075004
2022-01,FOOD_ECM_A002_R27,4,0.568358403653977,0.024534081785433502
2022-01,FOOD_ECM_A002_R27,5,0.015697460317928732,0.024043400149724833
2022-01,FOOD_ECM_A002_R27,6,-0.304994724693795,0.023562532146730337
2022-01,FOOD_ECM_A002_R27,7,-0.37290328891729135,0.0
2022-01,FOOD_ECM_A002_R27,8,-0.13219488493572248,0.0
2022-01,FOOD_ECM_A002_R27,9,0.3921511280189305,0.0
2022-01,FOOD_ECM_A002_R27,10,0.3798411387604255,0.0
2022-01,FOOD_ECM_A002_R27,11,0.2687828299887164,0.0
2022-01,FOOD_ECM_A002_R27,12,1.6424102888736591,0.0
2022-01,FOOD_ECM_A005_R27,1,0.5378739850943051,0.06317265357512403
2022-01,FOOD_ECM_A005_R27,2,0.2426825351250909,0.06001402089636782
2022-01,FOOD_ECM_A005_R27,3,0.1860352122821982,0.05701331985154943
2022-01,FOOD_ECM_A005_R27,4,0.5979869757275156,0.054162653858971954
2022-01,FOOD_ECM_A005_R27,5,0.04310858133422725,0.05145452116602335
2022-01,FOOD_ECM_A005_R27,6,-0.27967546173280317,0.048881795107722184
2022-01,FOOD_ECM_A005_R27,7,-0.37290328891729135,0.0
2022-01,FOOD_ECM_A005_R27,8,-0.13219488493572248,0.0
2022-01,FOOD_ECM_A005_R27,9,0.3921511280189305,0.0
2022-01,FOOD_ECM_A005_R27,10,0.3798411387604255,0.0
2022-01,FOOD_ECM_A005_R27,11,0.2687828299887164,0.0
2022-01,FOOD_ECM_A005_R27,12,1.6424102888736591,0.0
2022-01,FOOD_ECM_A010_R27,1,0.5943968856615213,0.11969555414234026
2022-01,FOOD_ECM_A010_R27,2,0.29039451295682933,0.10772599872810625
2022-01,FOOD_ECM_A010_R27,3,0.2259752912859444,0.09695339885529562
2022-01,FOOD_ECM_A010_R27,4,0.6310823808383096,0.08725805896976606
2022-01,FOOD_ECM_A010_R27,5,0.07018631324099335,0.07853225307278945
2022-01,FOOD_ECM_A010_R27,6,-0.25787822907501484,0.07067902776551051
2022-01,FOOD_ECM_A010_R27,7,-0.37290328891729135,0.0
2022-01,FOOD_ECM_A010_R27,8,-0.13219488493572248,0.0
2022-01,FOOD_ECM_A010_R27,9,0.3921511280189305,0.0
2022-01,FOOD_ECM_A010_R27,10,0.3798411387604255,0.0
2022-01,FOOD_ECM_A010_R27,11,0.2687828299887164,0.0
2022-01,FOOD_ECM_A010_R27,12,1.6424102888736591,0.0
2022-01,FOOD_ECM_A015_R27,1,0.6442700332208298,0.1695687017016487
2022-01,FOOD_ECM_A015_R27,2,0.32680191067512443,0.14413339644640139
2022-01,FOOD_ECM_A015_R27,3,0.25153527941008996,0.12251338697944118
2022-01,FOOD_ECM_A015_R27,4,0.6479607008010686,0.104136378932525
2022-01,FOOD_ECM_A015_R27,5,0.08016998226085016,0.08851592209264626
2022-01,FOOD_ECM_A015_R27,6,-0.25331872306177605,0.07523853377874931
2022-01,FOOD_ECM_A015_R27,7,-0.37290328891729135,0.0
2022-01,FOOD_ECM_A015_R27,8,-0.13219488493572248,0.0
2022-01,FOOD_ECM_A015_R27,9,0.3921511280189305,0.0
2022-01,FOOD_ECM_A015_R27,10,0.3798411387604255,0.0
2022-01,FOOD_ECM_A015_R27,11,0.2687828299887164,0.0
2022-01,FOOD_ECM_A015_R27,12,1.6424102888736591,0.0
2022-01,FOOD_ECM_PPI_R27,1,0.7495068031553409,0.2748054716361598
2022-01,FOOD_ECM_PPI_R27,2,0.38877261795584295,0.20610410372711988
2022-01,FOOD_ECM_PPI_R27,3,0.2835999702259887,0.1545780777953399
2022-01,FOOD_ECM_PPI_R27,4,0.6597578802150486,0.11593355834650493
2022-01,FOOD_ECM_PPI_R27,5,0.0786042289280826,0.0869501687598787
2022-01,FOOD_ECM_PPI_R27,6,-0.26334463027061633,0.06521262656990902
2022-01,FOOD_ECM_PPI_R27,7,-0.37290328891729135,0.0
2022-01,FOOD_ECM_PPI_R27,8,-0.13219488493572248,0.0
2022-01,FOOD_ECM_PPI_R27,9,0.3921511280189305,0.0
2022-01,FOOD_ECM_PPI_R27,10,0.3798411387604255,0.0
2022-01,FOOD_ECM_PPI_R27,11,0.2687828299887164,0.0
2022-01,FOOD_ECM_PPI_R27,12,1.6424102888736591,0.0
2022-02,FOOD_ECM_R27,1,0.2587994022094813,0.0017556428004429844
2022-02,FOOD_ECM_R27,2,0.27599838596316734,0.0013167321003322383
2022-02,FOOD_ECM_R27,3,0.5824820450959064,0.0009875490752491787
2022-02,FOOD_ECM_R27,4,0.06573041322274682,0.0007406618064368841
2022-02,FOOD_ECM_R27,5,-0.32864650830592357,0.0005554963548276631
2022-02,FOOD_ECM_R27,6,-0.38349552682229765,0.0004166222661207473
2022-02,FOOD_ECM_R27,7,-0.14573849098354366,0.0
2022-02,FOOD_ECM_R27,8,0.3685222120336503,0.0
2022-02,FOOD_ECM_R27,9,0.3548375931920121,0.0
2022-02,FOOD_ECM_R27,10,0.24022476804937318,0.0
2022-02,FOOD_ECM_R27,11,1.9991259400555639,0.0
2022-02,FOOD_ECM_R27,12,0.2646089087522077,0.0
2022-02,FOOD_ECM_A002_R27,1,0.2572272826031113,0.0001835231940729733
2022-02,FOOD_ECM_A002_R27,2,0.2748615065930266,0.00017985273019151382
2022-02,FOOD_ECM_A002_R27,3,0.5816707516962448,0.00017625567558768353
2022-02,FOOD_ECM_A002_R27,4,0.06516248197838587,0.00017273056207592986
2022-02,FOOD_ECM_A002_R27,5,-0.3290327287099168,0.00016927595083441127
2022-02,FOOD_ECM_A002_R27,6,-0.38374625865660067,0.00016589043181772304
2022-02,FOOD_ECM_A002_R27,7,-0.14573849098354366,0.0
2022-02,FOOD_ECM_A002_R27,8,0.3685222120336503,0.0
2022-02,FOOD_ECM_A002_R27,9,0.3548375931920121,0.0
2022-02,FOOD_ECM_A002_R27,10,0.24022476804937318,0.0
2022-02,FOOD_ECM_A002_R27,11,1.9991259400555639,0.0
2022-02,FOOD_ECM_A002_R27,12,0.2646089087522077,0.0
2022-02,FOOD_ECM_A005_R27,1,0.2574885222518172,0.0004447628427788894
2022-02,FOOD_ECM_A005_R27,2,0.2751041785634751,0.00042252470063994496
2022-02,FOOD_ECM_A005_R27,3,0.5818958944862651,0.00040139846560794767
2022-02,FOOD_ECM_A005_R27,4,0.06537107995863749,0.0003813285423275503
2022-02,FOOD_ECM_A005_R27,5,-0.32883974254554005,0.0003622621152111727
2022-02,FOOD_ECM_A005_R27,6,-0.3835680000789678,0.0003441490094506141
2022-02,FOOD_ECM_A005_R27,7,-0.14573849098354366,0.0
2022-02,FOOD_ECM_A005_R27,8,0.3685222120336503,0.0
2022-02,FOOD_ECM_A005_R27,9,0.3548375931920121,0.0
2022-02,FOOD_ECM_A005_R27,10,0.24022476804937318,0.0
2022-02,FOOD_ECM_A005_R27,11,1.9991259400555639,0.0
2022-02,FOOD_ECM_A005_R27,12,0.2646089087522077,0.0
2022-02,FOOD_ECM_A010_R27,1,0.25788646795325093,0.0008427085442126326
2022-02,FOOD_ECM_A010_R27,2,0.2754400915526265,0.0007584376897913694
2022-02,FOOD_ECM_A010_R27,3,0.5821770899414694,0.0006825939208122325
2022-02,FOOD_ECM_A010_R27,4,0.06560408594504095,0.0006143345287310092
2022-02,FOOD_ECM_A010_R27,5,-0.3286491035848933,0.0005529010758579083
2022-02,FOOD_ECM_A010_R27,6,-0.3834145381201463,0.0004976109682721174
2022-02,FOOD_ECM_A010_R27,7,-0.14573849098354366,0.0
2022-02,FOOD_ECM_A010_R27,8,0.3685222120336503,0.0
2022-02,FOOD_ECM_A010_R27,9,0.3548375931920121,0.0
2022-02,FOOD_ECM_A010_R27,10,0.24022476804937318,0.0
2022-02,FOOD_ECM_A010_R27,11,1.9991259400555639,0.0
2022-02,FOOD_ECM_A010_R27,12,0.2646089087522077,0.0
2022-02,FOOD_ECM_A015_R27,1,0.2582375965133395,0.0011938371043012294
2022-02,FOOD_ECM_A015_R27,2,0.27569641540149115,0.001014761538656045
2022-02,FOOD_ECM_A015_R27,3,0.5823570433285148,0.0008625473078576382
2022-02,FOOD_ECM_A015_R27,4,0.06572291662798893,0.0007331652116789924
2022-02,FOOD_ECM_A015_R27,5,-0.3285788142308241,0.0006231904299271436
2022-02,FOOD_ECM_A015_R27,6,-0.3833824372229803,0.000529711865438072
2022-02,FOOD_ECM_A015_R27,7,-0.14573849098354366,0.0
2022-02,FOOD_ECM_A015_R27,8,0.3685222120336503,0.0
2022-02,FOOD_ECM_A015_R27,9,0.3548375931920121,0.0
2022-02,FOOD_ECM_A015_R27,10,0.24022476804937318,0.0
2022-02,FOOD_ECM_A015_R27,11,1.9991259400555639,0.0
2022-02,FOOD_ECM_A015_R27,12,0.2646089087522077,0.0
2022-02,FOOD_ECM_PPI_R27,1,0.3332507061555795,0.07620694674654123
2022-02,FOOD_ECM_PPI_R27,2,0.33183686392274103,0.057155210059905925
2022-02,FOOD_ECM_PPI_R27,3,0.6243609035655866,0.042866407544929444
2022-02,FOOD_ECM_PPI_R27,4,0.09713955707500702,0.03214980565869708
2022-02,FOOD_ECM_PPI_R27,5,-0.3050896504167284,0.02411235424402281
2022-02,FOOD_ECM_PPI_R27,6,-0.3658278834054013,0.018084265683017107
2022-02,FOOD_ECM_PPI_R27,7,-0.14573849098354366,0.0
2022-02,FOOD_ECM_PPI_R27,8,0.3685222120336503,0.0
2022-02,FOOD_ECM_PPI_R27,9,0.3548375931920121,0.0
2022-02,FOOD_ECM_PPI_R27,10,0.24022476804937318,0.0
2022-02,FOOD_ECM_PPI_R27,11,1.9991259400555639,0.0
2022-02,FOOD_ECM_PPI_R27,12,0.2646089087522077,0.0
2022-03,FOOD_ECM_R27,1,0.45785535761462887,0.03618991075573459
2022-03,FOOD_ECM_R27,2,0.7417333876782907,0.027142433066800944
2022-03,FOOD_ECM_R27,3,0.16290853294649899,0.020356824800100707
2022-03,FOOD_ECM_R27,4,-0.24038124193677118,0.015267618600075531
2022-03,FOOD_ECM_R27,5,-0.3347959380671072,0.011450713950056647
2022-03,FOOD_ECM_R27,6,-0.11667095415375332,0.008588035462542486
2022-03,FOOD_ECM_R27,7,0.3798492644797104,0.0
2022-03,FOOD_ECM_R27,8,0.3567212802424735,0.0
2022-03,FOOD_ECM_R27,9,0.23783628505460613,0.0
2022-03,FOOD_ECM_R27,10,1.9927932773859256,0.0
2022-03,FOOD_ECM_R27,11,0.41686407920009555,0.0
2022-03,FOOD_ECM_R27,12,-0.002588637717606285,0.0
2022-03,FOOD_ECM_A002_R27,1,0.42544849886322705,0.003783052004332789
2022-03,FOOD_ECM_A002_R27,2,0.7182983455757358,0.003707390964246133
2022-03,FOOD_ECM_A002_R27,3,0.1461849512913595,0.0036332431449612105
2022-03,FOOD_ECM_A002_R27,4,-0.25208828225478475,0.003560578282061986
2022-03,FOOD_ECM_A002_R27,5,-0.3427572853007431,0.0034893667164207463
2022-03,FOOD_ECM_A002_R27,6,-0.12183941023420347,0.0034195793820923316
2022-03,FOOD_ECM_A002_R27,7,0.3798492644797104,0.0
2022-03,FOOD_ECM_A002_R27,8,0.3567212802424735,0.0
2022-03,FOOD_ECM_A002_R27,9,0.23783628505460613,0.0
2022-03,FOOD_ECM_A002_R27,10,1.9927932773859256,0.0
2022-03,FOOD_ECM_A002_R27,11,0.41686407920009555,0.0
2022-03,FOOD_ECM_A002_R27,12,-0.002588637717606285,0.0
2022-03,FOOD_ECM_A005_R27,1,0.43083355758368036,0.009168110724786096
2022-03,FOOD_ECM_A005_R27,2,0.7233006598000364,0.008709705188546791
2022-03,FOOD_ECM_A005_R27,3,0.15082592807551773,0.00827421992911945
2022-03,FOOD_ECM_A005_R27,4,-0.24778835160418322,0.007860508932663478
2022-03,FOOD_ECM_A005_R27,5,-0.33877916853113355,0.007467483486030303
2022-03,FOOD_ECM_A005_R27,6,-0.11816488030456702,0.007094109311728788
2022-03,FOOD_ECM_A005_R27,7,0.3798492644797104,0.0
2022-03,FOOD_ECM_A005_R27,8,0.3567212802424735,0.0
2022-03,FOOD_ECM_A005_R27,9,0.23783628505460613,0.0
2022-03,FOOD_ECM_A005_R27,10,1.9927932773859256,0.0
2022-03,FOOD_ECM_A005_R27,11,0.41686407920009555,0.0
2022-03,FOOD_ECM_A005_R27,12,-0.002588637717606285,0.0
2022-03,FOOD_ECM_A010_R27,1,0.4390366040216469,0.017371157162752605
2022-03,FOOD_ECM_A010_R27,2,0.7302249960579671,0.015634041446477346
2022-03,FOOD_ECM_A010_R27,3,0.1566223454482279,0.01407063730182961
2022-03,FOOD_ECM_A010_R27,4,-0.24298528696520005,0.01266357357164665
2022-03,FOOD_ECM_A010_R27,5,-0.3348494358026819,0.011397216214481984
2022-03,FOOD_ECM_A010_R27,6,-0.11500149502326203,0.010257494593033786
2022-03,FOOD_ECM_A010_R27,7,0.3798492644797104,0.0
2022-03,FOOD_ECM_A010_R27,8,0.3567212802424735,0.0
2022-03,FOOD_ECM_A010_R27,9,0.23783628505460613,0.0
2022-03,FOOD_ECM_A010_R27,10,1.9927932773859256,0.0
2022-03,FOOD_ECM_A010_R27,11,0.41686407920009555,0.0
2022-03,FOOD_ECM_A010_R27,12,-0.002588637717606285,0.0
2022-03,FOOD_ECM_A015_R27,1,0.4462745861727938,0.024609139313899523
2022-03,FOOD_ECM_A015_R27,2,0.7355087230283043,0.020917768416814593
2022-03,FOOD_ECM_A015_R27,3,0.16033181130069069,0.017780103154292404
2022-03,FOOD_ECM_A015_R27,4,-0.24053577285569816,0.015113087681148541
2022-03,FOOD_ECM_A015_R27,5,-0.3334005274881876,0.01284612452897626
2022-03,FOOD_ECM_A015_R27,6,-0.11433978376666598,0.010919205849629821
2022-03,FOOD_ECM_A015_R27,7,0.3798492644797104,0.0
2022-03,FOOD_ECM_A015_R27,8,0.3567212802424735,0.0
2022-03,FOOD_ECM_A015_R27,9,0.23783628505460613,0.0
2022-03,FOOD_ECM_A015_R27,10,1.9927932773859256,0.0
2022-03,FOOD_ECM_A015_R27,11,0.41686407920009555,0.0
2022-03,FOOD_ECM_A015_R27,12,-0.002588637717606285,0.0
2022-03,FOOD_ECM_PPI_R27,1,0.5675552268284394,0.14588977996954508
2022-03,FOOD_ECM_PPI_R27,2,0.8240082895886485,0.1094173349771588
2022-03,FOOD_ECM_PPI_R27,3,0.2246147093792674,0.08206300123286911
2022-03,FOOD_ECM_PPI_R27,4,-0.1941016096121949,0.06154725092465183
2022-03,FOOD_ECM_PPI_R27,5,-0.300086213823675,0.046160438193488876
2022-03,FOOD_ECM_PPI_R27,6,-0.09063866097117915,0.03462032864511665
2022-03,FOOD_ECM_PPI_R27,7,0.3798492644797104,0.0
2022-03,FOOD_ECM_PPI_R27,8,0.3567212802424735,0.0
2022-03,FOOD_ECM_PPI_R27,9,0.23783628505460613,0.0
2022-03,FOOD_ECM_PPI_R27,10,1.9927932773859256,0.0
2022-03,FOOD_ECM_PPI_R27,11,0.41686407920009555,0.0
2022-03,FOOD_ECM_PPI_R27,12,-0.002588637717606285,0.0
2022-04,FOOD_ECM_R27,1,1.1037992926472175,0.19662505059317956
2022-04,FOOD_ECM_R27,2,0.48961015416983283,0.14746878794488466
2022-04,FOOD_ECM_R27,3,-0.0008669992709871704,0.1106015909586635
2022-04,FOOD_ECM_R27,4,-0.13798795695840504,0.08295119321899763
2022-04,FOOD_ECM_R27,5,0.02947396001411815,0.06221339491424822
2022-04,FOOD_ECM_R27,6,0.4919645637751493,0.046660046185686165
2022-04,FOOD_ECM_R27,7,0.40431627695564976,0.0
2022-04,FOOD_ECM_R27,8,0.2708431285636908,0.0
2022-04,FOOD_ECM_R27,9,2.014923307096243,0.0
2022-04,FOOD_ECM_R27,10,0.43088582643763684,0.0
2022-04,FOOD_ECM_R27,11,0.10744591147196526,0.0
2022-04,FOOD_ECM_R27,12,-0.021481254350761456,0.0
2022-04,FOOD_ECM_A002_R27,1,0.9277281140093785,0.020553871955340367
2022-04,FOOD_ECM_A002_R27,2,0.36228416074118175,0.02014279451623356
2022-04,FOOD_ECM_A002_R27,3,-0.09172865160374177,0.01973993862590889
2022-04,FOOD_ECM_A002_R27,4,-0.20159401032401197,0.01934513985339071
2022-04,FOOD_ECM_A002_R27,5,-0.013781197843807168,0.018958237056322897
2022-04,FOOD_ECM_A002_R27,6,0.4638835899046596,0.018579072315196437
2022-04,FOOD_ECM_A002_R27,7,0.40431627695564976,0.0
2022-04,FOOD_ECM_A002_R27,8,0.2708431285636908,0.0
2022-04,FOOD_ECM_A002_R27,9,2.014923307096243,0.0
2022-04,FOOD_ECM_A002_R27,10,0.43088582643763684,0.0
2022-04,FOOD_ECM_A002_R27,11,0.10744591147196526,0.0
2022-04,FOOD_ECM_A002_R27,12,-0.021481254350761456,0.0
2022-04,FOOD_ECM_A005_R27,1,0.9569859215376435,0.04981167948360549
2022-04,FOOD_ECM_A005_R27,2,0.3894624617343734,0.04732109550942521
2022-04,FOOD_ECM_A005_R27,3,-0.06651354949569671,0.04495504073395395
2022-04,FOOD_ECM_A005_R27,4,-0.17823186148014641,0.04270728869725625
2022-04,FOOD_ECM_A005_R27,5,0.007832489362263363,0.04057192426239343
2022-04,FOOD_ECM_A005_R27,6,0.4838478456387369,0.03854332804927376
2022-04,FOOD_ECM_A005_R27,7,0.40431627695564976,0.0
2022-04,FOOD_ECM_A005_R27,8,0.2708431285636908,0.0
2022-04,FOOD_ECM_A005_R27,9,2.014923307096243,0.0
2022-04,FOOD_ECM_A005_R27,10,0.43088582643763684,0.0
2022-04,FOOD_ECM_A005_R27,11,0.10744591147196526,0.0
2022-04,FOOD_ECM_A005_R27,12,-0.021481254350761456,0.0
2022-04,FOOD_ECM_A010_R27,1,1.0015542663387642,0.0943800242847262
2022-04,FOOD_ECM_A010_R27,2,0.4270833880812017,0.08494202185625357
2022-04,FOOD_ECM_A010_R27,3,-0.035020770559022446,0.07644781967062822
2022-04,FOOD_ECM_A010_R27,4,-0.1521361124738373,0.0688030377035654
2022-04,FOOD_ECM_A010_R27,5,0.029183299033078793,0.06192273393320886
2022-04,FOOD_ECM_A010_R27,6,0.5010349781293512,0.05573046053988797
2022-04,FOOD_ECM_A010_R27,7,0.40431627695564976,0.0
2022-04,FOOD_ECM_A010_R27,8,0.2708431285636908,0.0
2022-04,FOOD_ECM_A010_R27,9,2.014923307096243,0.0
2022-04,FOOD_ECM_A010_R27,10,0.43088582643763684,0.0
2022-04,FOOD_ECM_A010_R27,11,0.10744591147196526,0.0
2022-04,FOOD_ECM_A010_R27,12,-0.021481254350761456,0.0
2022-04,FOOD_ECM_A015_R27,1,1.0408792764574002,0.1337050344033621
2022-04,FOOD_ECM_A015_R27,2,0.4557906454678059,0.11364927924285775
2022-04,FOOD_ECM_A015_R27,3,-0.014866702873221574,0.09660188735642909
2022-04,FOOD_ECM_A015_R27,4,-0.13882754592443797,0.08211160425296472
2022-04,FOOD_ECM_A015_R27,5,0.037055428714889954,0.06979486361502002
2022-04,FOOD_ECM_A015_R27,6,0.5046301516622301,0.05932563407276702
2022-04,FOOD_ECM_A015_R27,7,0.40431627695564976,0.0
2022-04,FOOD_ECM_A015_R27,8,0.2708431285636908,0.0
2022-04,FOOD_ECM_A015_R27,9,2.014923307096243,0.0
2022-04,FOOD_ECM_A015_R27,10,0.43088582643763684,0.0
2022-04,FOOD_ECM_A015_R27,11,0.10744591147196526,0.0
2022-04,FOOD_ECM_A015_R27,12,-0.021481254350761456,0.0
2022-04,FOOD_ECM_PPI_R27,1,1.1807812665455963,0.2736070244915584
2022-04,FOOD_ECM_PPI_R27,2,0.547346634593617,0.2052052683686688
2022-04,FOOD_ECM_PPI_R27,3,0.042435361046850945,0.1539039512765016
2022-04,FOOD_ECM_PPI_R27,4,-0.10551118672002648,0.1154279634573762
2022-04,FOOD_ECM_PPI_R27,5,0.05383153769290208,0.08657097259303215
2022-04,FOOD_ECM_PPI_R27,6,0.5102327470342373,0.06492822944477411
2022-04,FOOD_ECM_PPI_R27,7,0.40431627695564976,0.0
2022-04,FOOD_ECM_PPI_R27,8,0.2708431285636908,0.0
2022-04,FOOD_ECM_PPI_R27,9,2.014923307096243,0.0
2022-04,FOOD_ECM_PPI_R27,10,0.43088582643763684,0.0
2022-04,FOOD_ECM_PPI_R27,11,0.10744591147196526,0.0
2022-04,FOOD_ECM_PPI_R27,12,-0.021481254350761456,0.0
2022-05,FOOD_ECM_R27,1,0.9598493534948137,0.12599847931292438
2022-05,FOOD_ECM_R27,2,0.5869787301234566,0.09449885948469328
2022-05,FOOD_ECM_R27,3,0.26869191941369963,0.07087414461351996
2022-05,FOOD_ECM_R27,4,0.4403737539935084,0.05315560846013997
2022-05,FOOD_ECM_R27,5,0.7956762240874866,0.039866706345104974
2022-05,FOOD_ECM_R27,6,0.6847989773691089,0.029900029758828734
2022-05,FOOD_ECM_R27,7,0.4799398633312525,0.0
2022-05,FOOD_ECM_R27,8,2.1762377063140224,0.0
2022-05,FOOD_ECM_R27,9,0.5581909386174126,0.0
2022-05,FOOD_ECM_R27,10,0.20390501118723053,0.0
2022-05,FOOD_ECM_R27,11,0.5521330964796838,0.0
2022-05,FOOD_ECM_R27,12,0.4892623167879236,0.0
2022-05,FOOD_ECM_A002_R27,1,0.8470219152194003,0.013171041037511029
2022-05,FOOD_ECM_A002_R27,2,0.5053874908555241,0.012907620216760807
2022-05,FOOD_ECM_A002_R27,3,0.21046724261260524,0.01264946781242559
2022-05,FOOD_ECM_A002_R27,4,0.39961462398954556,0.012396478456177078
2022-05,FOOD_ECM_A002_R27,5,0.7679580666294352,0.012148548887053537
2022-05,FOOD_ECM_A002_R27,6,0.6668045255195926,0.011905577909312466
2022-05,FOOD_ECM_A002_R27,7,0.4799398633312525,0.0
2022-05,FOOD_ECM_A002_R27,8,2.1762377063140224,0.0
2022-05,FOOD_ECM_A002_R27,9,0.5581909386174126,0.0
2022-05,FOOD_ECM_A002_R27,10,0.20390501118723053,0.0
2022-05,FOOD_ECM_A002_R27,11,0.5521330964796838,0.0
2022-05,FOOD_ECM_A002_R27,12,0.4892623167879236,0.0
2022-05,FOOD_ECM_A005_R27,1,0.8657704889411635,0.03191961475927418
2022-05,FOOD_ECM_A005_R27,2,0.5228035046600739,0.030323634021310466
2022-05,FOOD_ECM_A005_R27,3,0.2266252271204246,0.02880745232024494
2022-05,FOOD_ECM_A005_R27,4,0.41458522523760116,0.027367079704232692
2022-05,FOOD_ECM_A005_R27,5,0.7818082434614028,0.025998725719021055
2022-05,FOOD_ECM_A005_R27,6,0.6795977370433501,0.024698789433070002
2022-05,FOOD_ECM_A005_R27,7,0.4799398633312525,0.0
2022-05,FOOD_ECM_A005_R27,8,2.1762377063140224,0.0
2022-05,FOOD_ECM_A005_R27,9,0.5581909386174126,0.0
2022-05,FOOD_ECM_A005_R27,10,0.20390501118723053,0.0
2022-05,FOOD_ECM_A005_R27,11,0.5521330964796838,0.0
2022-05,FOOD_ECM_A005_R27,12,0.4892623167879236,0.0
2022-05,FOOD_ECM_A010_R27,1,0.894330144252093,0.060479270070203706
2022-05,FOOD_ECM_A010_R27,2,0.5469112137019467,0.054431343063183334
2022-05,FOOD_ECM_A010_R27,3,0.24680598355704464,0.04898820875686501
2022-05,FOOD_ECM_A010_R27,4,0.431307533414547,0.0440893878811785
2022-05,FOOD_ECM_A010_R27,5,0.7954899668354424,0.039680449093060656
2022-05,FOOD_ECM_A010_R27,6,0.6906113517940347,0.03571240418375459
2022-05,FOOD_ECM_A010_R27,7,0.4799398633312525,0.0
2022-05,FOOD_ECM_A010_R27,8,2.1762377063140224,0.0
2022-05,FOOD_ECM_A010_R27,9,0.5581909386174126,0.0
2022-05,FOOD_ECM_A010_R27,10,0.20390501118723053,0.0
2022-05,FOOD_ECM_A010_R27,11,0.5521330964796838,0.0
2022-05,FOOD_ECM_A010_R27,12,0.4892623167879236,0.0
2022-05,FOOD_ECM_A015_R27,1,0.9195298401146779,0.08567896593278856
2022-05,FOOD_ECM_A015_R27,2,0.5653069916816337,0.07282712104287027
2022-05,FOOD_ECM_A015_R27,3,0.25972082768661936,0.061903052886439734
2022-05,FOOD_ECM_A015_R27,4,0.43983574048684226,0.05261759495347377
2022-05,FOOD_ECM_A015_R27,5,0.8005344734528343,0.04472495571045271
2022-05,FOOD_ECM_A015_R27,6,0.6929151599641649,0.0380162123538848
2022-05,FOOD_ECM_A015_R27,7,0.4799398633312525,0.0
2022-05,FOOD_ECM_A015_R27,8,2.1762377063140224,0.0
2022-05,FOOD_ECM_A015_R27,9,0.5581909386174126,0.0
2022-05,FOOD_ECM_A015_R27,10,0.20390501118723053,0.0
2022-05,FOOD_ECM_A015_R27,11,0.5521330964796838,0.0
2022-05,FOOD_ECM_A015_R27,12,0.4892623167879236,0.0
2022-05,FOOD_ECM_PPI_R27,1,1.0010243273053465,0.16717345312345727
2022-05,FOOD_ECM_PPI_R27,2,0.6178599604813563,0.12538008984259294
2022-05,FOOD_ECM_PPI_R27,3,0.2918528421821244,0.09403506738194471
2022-05,FOOD_ECM_PPI_R27,4,0.457744446069827,0.07052630053645853
2022-05,FOOD_ECM_PPI_R27,5,0.8087042431447256,0.0528947254023439
2022-05,FOOD_ECM_PPI_R27,6,0.694569991662038,0.03967104405175793
2022-05,FOOD_ECM_PPI_R27,7,0.4799398633312525,0.0
2022-05,FOOD_ECM_PPI_R27,8,2.1762377063140224,0.0
2022-05,FOOD_ECM_PPI_R27,9,0.5581909386174126,0.0
2022-05,FOOD_ECM_PPI_R27,10,0.20390501118723053,0.0
2022-05,FOOD_ECM_PPI_R27,11,0.5521330964796838,0.0
2022-05,FOOD_ECM_PPI_R27,12,0.4892623167879236,0.0
2022-06,FOOD_ECM_R27,1,0.8653418360041973,0.12947897205837697
2022-06,FOOD_ECM_R27,2,0.5968138039587492,0.09710922904378272
2022-06,FOOD_ECM_R27,3,0.6665454209964149,0.07283192178283704
2022-06,FOOD_ECM_R27,4,1.015247012700471,0.05462394133712778
2022-06,FOOD_ECM_R27,5,0.8512267832995473,0.040967956002845834
2022-06,FOOD_ECM_R27,6,0.6349256090222147,0.030725967002134376
2022-06,FOOD_ECM_R27,7,2.281633949575038,0.0
2022-06,FOOD_ECM_R27,8,0.6404975789642591,0.0
2022-06,FOOD_ECM_R27,9,0.2693052340901254,0.0
2022-06,FOOD_ECM_R27,10,0.6022364844673154,0.0
2022-06,FOOD_ECM_R27,11,0.9344522767937211,0.0
2022-06,FOOD_ECM_R27,12,-0.026582227186829618,0.0
2022-06,FOOD_ECM_A002_R27,1,0.749397732491656,0.013534868545835672
2022-06,FOOD_ECM_A002_R27,2,0.5129687460898854,0.013264171174918958
2022-06,FOOD_ECM_A002_R27,3,0.6067123869649984,0.012998887751420577
2022-06,FOOD_ECM_A002_R27,4,0.9733619813597352,0.012738909996392166
2022-06,FOOD_ECM_A002_R27,5,0.8227429590931657,0.012484131796464322
2022-06,FOOD_ECM_A002_R27,6,0.6164340911806154,0.012234449160535036
2022-06,FOOD_ECM_A002_R27,7,2.281633949575038,0.0
2022-06,FOOD_ECM_A002_R27,8,0.6404975789642591,0.0
2022-06,FOOD_ECM_A002_R27,9,0.2693052340901254,0.0
2022-06,FOOD_ECM_A002_R27,10,0.6022364844673154,0.0
2022-06,FOOD_ECM_A002_R27,11,0.9344522767937211,0.0
2022-06,FOOD_ECM_A002_R27,12,-0.026582227186829618,0.0
2022-06,FOOD_ECM_A005_R27,1,0.7686642035339425,0.03280133958812216
2022-06,FOOD_ECM_A005_R27,2,0.5308658475236825,0.031161272608716057
2022-06,FOOD_ECM_A005_R27,3,0.6233167081918581,0.02960320897828025
2022-06,FOOD_ECM_A005_R27,4,0.9887461198927092,0.028123048529366236
2022-06,FOOD_ECM_A005_R27,5,0.8369757233995994,0.02671689610289792
2022-06,FOOD_ECM_A005_R27,6,0.6295806933178334,0.025381051297753025
2022-06,FOOD_ECM_A005_R27,7,2.281633949575038,0.0
2022-06,FOOD_ECM_A005_R27,8,0.6404975789642591,0.0
2022-06,FOOD_ECM_A005_R27,9,0.2693052340901254,0.0
2022-06,FOOD_ECM_A005_R27,10,0.6022364844673154,0.0
2022-06,FOOD_ECM_A005_R27,11,0.9344522767937211,0.0
2022-06,FOOD_ECM_A005_R27,12,-0.026582227186829618,0.0
2022-06,FOOD_ECM_A010_R27,1,0.7980127705338413,0.06214990658802094
2022-06,FOOD_ECM_A010_R27,2,0.5556394908441853,0.055934915929218856
2022-06,FOOD_ECM_A010_R27,3,0.6440549235498748,0.05034142433629697
2022-06,FOOD_ECM_A010_R27,4,1.0059303532660102,0.04530728190266727
2022-06,FOOD_ECM_A010_R27,5,0.8510353810091019,0.04077655371240055
2022-06,FOOD_ECM_A010_R27,6,0.6408985403612408,0.03669889834116049
2022-06,FOOD_ECM_A010_R27,7,2.281633949575038,0.0
2022-06,FOOD_ECM_A010_R27,8,0.6404975789642591,0.0
2022-06,FOOD_ECM_A010_R27,9,0.2693052340901254,0.0
2022-06,FOOD_ECM_A010_R27,10,0.6022364844673154,0.0
2022-06,FOOD_ECM_A010_R27,11,0.9344522767937211,0.0
2022-06,FOOD_ECM_A010_R27,12,-0.026582227186829618,0.0
2022-06,FOOD_ECM_A015_R27,1,0.8239085649455167,0.08804570099969633
2022-06,FOOD_ECM_A015_R27,2,0.5745434207647083,0.07483884584974188
2022-06,FOOD_ECM_A015_R27,3,0.6573265181858584,0.0636130189722806
2022-06,FOOD_ECM_A015_R27,4,1.0146941374897815,0.0540710661264385
2022-06,FOOD_ECM_A015_R27,5,0.8562192335041742,0.04596040620747273
2022-06,FOOD_ECM_A015_R27,6,0.6432659872964321,0.03906634527635182
2022-06,FOOD_ECM_A015_R27,7,2.281633949575038,0.0
2022-06,FOOD_ECM_A015_R27,8,0.6404975789642591,0.0
2022-06,FOOD_ECM_A015_R27,9,0.2693052340901254,0.0
2022-06,FOOD_ECM_A015_R27,10,0.6022364844673154,0.0
2022-06,FOOD_ECM_A015_R27,11,0.9344522767937211,0.0
2022-06,FOOD_ECM_A015_R27,12,-0.026582227186829618,0.0
2022-06,FOOD_ECM_PPI_R27,1,0.88645839448994,0.15059553054411973
2022-06,FOOD_ECM_PPI_R27,2,0.6126512228230563,0.1129466479080898
2022-06,FOOD_ECM_PPI_R27,3,0.6784234851446452,0.08470998593106735
2022-06,FOOD_ECM_PPI_R27,4,1.0241555608116435,0.06353248944830052
2022-06,FOOD_ECM_PPI_R27,5,0.8579081943829268,0.047649367086225386
2022-06,FOOD_ECM_PPI_R27,6,0.6399366673347494,0.03573702531466904
2022-06,FOOD_ECM_PPI_R27,7,2.281633949575038,0.0
2022-06,FOOD_ECM_PPI_R27,8,0.6404975789642591,0.0
2022-06,FOOD_ECM_PPI_R27,9,0.2693052340901254,0.0
2022-06,FOOD_ECM_PPI_R27,10,0.6022364844673154,0.0
2022-06,FOOD_ECM_PPI_R27,11,0.9344522767937211,0.0
2022-06,FOOD_ECM_PPI_R27,12,-0.026582227186829618,0.0
2022-07,FOOD_ECM_R27,1,0.22502300799836922,0.01075075964159388
2022-07,FOOD_ECM_R27,2,0.35507437193884434,0.00806306973119541
2022-07,FOOD_ECM_R27,3,0.7183287158254441,0.006047302298396558
2022-07,FOOD_ECM_R27,4,0.5869474942784065,0.004535476723797419
2022-07,FOOD_ECM_R27,5,0.3849723740192019,0.003401607542848064
2022-07,FOOD_ECM_R27,6,2.0869166545698983,0.002551205657136048
2022-07,FOOD_ECM_R27,7,0.4651072220379509,0.0
2022-07,FOOD_ECM_R27,8,0.11147282724395069,0.0
2022-07,FOOD_ECM_R27,9,0.462127653986558,0.0
2022-07,FOOD_ECM_R27,10,0.8097595363280788,0.0
2022-07,FOOD_ECM_R27,11,0.1825525616812856,0.0
2022-07,FOOD_ECM_R27,12,-0.4585508299632683,0.0
2022-07,FOOD_ECM_A002_R27,1,0.2153960610979766,0.0011238127412012803
2022-07,FOOD_ECM_A002_R27,2,0.3481126386940262,0.0011013364863772547
2022-07,FOOD_ECM_A002_R27,3,0.7133607232836973,0.0010793097566497096
2022-07,FOOD_ECM_A002_R27,4,0.5834697411161258,0.0010577235615167153
2022-07,FOOD_ECM_A002_R27,5,0.3826073355666402,0.001036569090286381
2022-07,FOOD_ECM_A002_R27,6,2.0853812866212427,0.0010158377084806534
2022-07,FOOD_ECM_A002_R27,7,0.4651072220379509,0.0
2022-07,FOOD_ECM_A002_R27,8,0.11147282724395069,0.0
2022-07,FOOD_ECM_A002_R27,9,0.462127653986558,0.0
2022-07,FOOD_ECM_A002_R27,10,0.8097595363280788,0.0
2022-07,FOOD_ECM_A002_R27,11,0.1825525616812856,0.0
2022-07,FOOD_ECM_A002_R27,12,-0.4585508299632683,0.0
2022-07,FOOD_ECM_A005_R27,1,0.21699577413264579,0.0027235257758704496
2022-07,FOOD_ECM_A005_R27,2,0.34959865169472587,0.0025873494870769275
2022-07,FOOD_ECM_A005_R27,3,0.7147393955397706,0.002457982012723081
2022-07,FOOD_ECM_A005_R27,4,0.5847471004666961,0.0023350829120869264
2022-07,FOOD_ECM_A005_R27,5,0.38378909524283644,0.00221832876648258
2022-07,FOOD_ECM_A005_R27,6,2.0864728612409205,0.002107412328158451
2022-07,FOOD_ECM_A005_R27,7,0.4651072220379509,0.0
2022-07,FOOD_ECM_A005_R27,8,0.11147282724395069,0.0
2022-07,FOOD_ECM_A005_R27,9,0.462127653986558,0.0
2022-07,FOOD_ECM_A005_R27,10,0.8097595363280788,0.0
2022-07,FOOD_ECM_A005_R27,11,0.1825525616812856,0.0
2022-07,FOOD_ECM_A005_R27,12,-0.4585508299632683,0.0
2022-07,FOOD_ECM_A010_R27,1,0.2194326129847404,0.005160364627965063
2022-07,FOOD_ECM_A010_R27,2,0.3516556303728175,0.004644328165168557
2022-07,FOOD_ECM_A010_R27,3,0.7164613088756993,0.004179895348651702
2022-07,FOOD_ECM_A010_R27,4,0.5861739233683957,0.003761905813786531
2022-07,FOOD_ECM_A010_R27,5,0.38495648170876173,0.003385715232407878
2022-07,FOOD_ECM_A010_R27,6,2.0874125926219294,0.0030471437091670905
2022-07,FOOD_ECM_A010_R27,7,0.4651072220379509,0.0
2022-07,FOOD_ECM_A010_R27,8,0.11147282724395069,0.0
2022-07,FOOD_ECM_A010_R27,9,0.462127653986558,0.0
2022-07,FOOD_ECM_A010_R27,10,0.8097595363280788,0.0
2022-07,FOOD_ECM_A010_R27,11,0.1825525616812856,0.0
2022-07,FOOD_ECM_A010_R27,12,-0.4585508299632683,0.0
2022-07,FOOD_ECM_A015_R27,1,0.22158276491305917,0.007310516556283838
2022-07,FOOD_ECM_A015_R27,2,0.35322524128049015,0.006213939072841262
2022-07,FOOD_ECM_A015_R27,3,0.7175632617389626,0.005281848211915073
2022-07,FOOD_ECM_A015_R27,4,0.586901588534737,0.004489570980127811
2022-07,FOOD_ECM_A015_R27,5,0.3853869018094625,0.0038161353331086396
2022-07,FOOD_ECM_A015_R27,6,2.0876091639459045,0.003243715033142344
2022-07,FOOD_ECM_A015_R27,7,0.4651072220379509,0.0
2022-07,FOOD_ECM_A015_R27,8,0.11147282724395069,0.0
2022-07,FOOD_ECM_A015_R27,9,0.462127653986558,0.0
2022-07,FOOD_ECM_A015_R27,10,0.8097595363280788,0.0
2022-07,FOOD_ECM_A015_R27,11,0.1825525616812856,0.0
2022-07,FOOD_ECM_A015_R27,12,-0.4585508299632683,0.0
2022-07,FOOD_ECM_PPI_R27,1,0.27500944937548777,0.06073720101871241
2022-07,FOOD_ECM_PPI_R27,2,0.3925642029716832,0.04555290076403431
2022-07,FOOD_ECM_PPI_R27,3,0.7464460891000733,0.03416467557302573
2022-07,FOOD_ECM_PPI_R27,4,0.6080355242343785,0.025623506679769297
2022-07,FOOD_ECM_PPI_R27,5,0.4007883964861808,0.019217630009826975
2022-07,FOOD_ECM_PPI_R27,6,2.098778671420132,0.01441322250737023
2022-07,FOOD_ECM_PPI_R27,7,0.4651072220379509,0.0
2022-07,FOOD_ECM_PPI_R27,8,0.11147282724395069,0.0
2022-07,FOOD_ECM_PPI_R27,9,0.462127653986558,0.0
2022-07,FOOD_ECM_PPI_R27,10,0.8097595363280788,0.0
2022-07,FOOD_ECM_PPI_R27,11,0.1825525616812856,0.0
2022-07,FOOD_ECM_PPI_R27,12,-0.4585508299632683,0.0
2022-08,FOOD_ECM_R27,1,0.12139568576368004,-0.1446160535839034
2022-08,FOOD_ECM_R27,2,0.560549563925218,-0.10846204018792754
2022-08,FOOD_ECM_R27,3,0.4350416645632282,-0.08134653014094566
2022-08,FOOD_ECM_R27,4,0.27144520905757347,-0.06100989760570924
2022-08,FOOD_ECM_R27,5,1.9780799938515834,-0.04575742320428193
2022-08,FOOD_ECM_R27,6,0.3761980530498731,-0.03431806740321145
2022-08,FOOD_ECM_R27,7,0.06375968008114369,0.0
2022-08,FOOD_ECM_R27,8,0.41741632172690246,0.0
2022-08,FOOD_ECM_R27,9,0.7692626451967802,0.0
2022-08,FOOD_ECM_R27,10,0.14505378812618389,0.0
2022-08,FOOD_ECM_R27,11,-0.22989118769615405,0.0
2022-08,FOOD_ECM_R27,12,-0.5356723102492325,0.0
2022-08,FOOD_ECM_A002_R27,1,0.2508945412129461,-0.015117198134637367
2022-08,FOOD_ECM_A002_R27,2,0.6541967499412009,-0.014814854171944619
2022-08,FOOD_ECM_A002_R27,3,0.5018696376156682,-0.014518557088505727
2022-08,FOOD_ECM_A002_R27,4,0.3182269207165471,-0.014228185946735611
2022-08,FOOD_ECM_A002_R27,5,2.009893794828064,-0.013943622227800899
2022-08,FOOD_ECM_A002_R27,6,0.39685137066983966,-0.01366474978324488
2022-08,FOOD_ECM_A002_R27,7,0.06375968008114369,0.0
2022-08,FOOD_ECM_A002_R27,8,0.41741632172690246,0.0
2022-08,FOOD_ECM_A002_R27,9,0.7692626451967802,0.0
2022-08,FOOD_ECM_A002_R27,10,0.14505378812618389,0.0
2022-08,FOOD_ECM_A002_R27,11,-0.22989118769615405,0.0
2022-08,FOOD_ECM_A002_R27,12,-0.5356723102492325,0.0
2022-08,FOOD_ECM_A005_R27,1,0.22937567243966123,-0.0366360669079222
2022-08,FOOD_ECM_A005_R27,2,0.6342073405506194,-0.03480426356252608
2022-08,FOOD_ECM_A005_R27,3,0.48332414431977405,-0.03306405038439978
2022-08,FOOD_ECM_A005_R27,4,0.3010442587981029,-0.03141084786517979
2022-08,FOOD_ECM_A005_R27,5,1.9939971115839445,-0.029840305471920795
2022-08,FOOD_ECM_A005_R27,6,0.3821678302547598,-0.028348290198324754
2022-08,FOOD_ECM_A005_R27,7,0.06375968008114369,0.0
2022-08,FOOD_ECM_A005_R27,8,0.41741632172690246,0.0
2022-08,FOOD_ECM_A005_R27,9,0.7692626451967802,0.0
2022-08,FOOD_ECM_A005_R27,10,0.14505378812618389,0.0
2022-08,FOOD_ECM_A005_R27,11,-0.22989118769615405,0.0
2022-08,FOOD_ECM_A005_R27,12,-0.5356723102492325,0.0
2022-08,FOOD_ECM_A010_R27,1,0.1965960336273098,-0.06941570572027364
2022-08,FOOD_ECM_A010_R27,2,0.6065374689648992,-0.062474135148246276
2022-08,FOOD_ECM_A010_R27,3,0.4601614730707522,-0.05622672163342165
2022-08,FOOD_ECM_A010_R27,4,0.28185105719320325,-0.05060404947007948
2022-08,FOOD_ECM_A010_R27,5,1.9782937725327938,-0.04554364452307154
2022-08,FOOD_ECM_A010_R27,6,0.3695268403823202,-0.04098928007076438
2022-08,FOOD_ECM_A010_R27,7,0.06375968008114369,0.0
2022-08,FOOD_ECM_A010_R27,8,0.41741632172690246,0.0
2022-08,FOOD_ECM_A010_R27,9,0.7692626451967802,0.0
2022-08,FOOD_ECM_A010_R27,10,0.14505378812618389,0.0
2022-08,FOOD_ECM_A010_R27,11,-0.22989118769615405,0.0
2022-08,FOOD_ECM_A010_R27,12,-0.5356723102492325,0.0
2022-08,FOOD_ECM_A015_R27,1,0.16767282291052915,-0.0983389164370543
2022-08,FOOD_ECM_A015_R27,2,0.5854235251416494,-0.08358807897149614
2022-08,FOOD_ECM_A015_R27,3,0.44533832757840214,-0.07104986712577172
2022-08,FOOD_ECM_A015_R27,4,0.27206271960637674,-0.06039238705690596
2022-08,FOOD_ECM_A015_R27,5,1.9725038880574952,-0.051333528998370064
2022-08,FOOD_ECM_A015_R27,6,0.36688262080447,-0.04363349964861455
2022-08,FOOD_ECM_A015_R27,7,0.06375968008114369,0.0
2022-08,FOOD_ECM_A015_R27,8,0.41741632172690246,0.0
2022-08,FOOD_ECM_A015_R27,9,0.7692626451967802,0.0
2022-08,FOOD_ECM_A015_R27,10,0.14505378812618389,0.0
2022-08,FOOD_ECM_A015_R27,11,-0.22989118769615405,0.0
2022-08,FOOD_ECM_A015_R27,12,-0.5356723102492325,0.0
2022-08,FOOD_ECM_PPI_R27,1,0.16832646611810537,-0.09768527322947805
2022-08,FOOD_ECM_PPI_R27,2,0.595747649191037,-0.07326395492210853
2022-08,FOOD_ECM_PPI_R27,3,0.4614402285125925,-0.054947966191581404
2022-08,FOOD_ECM_PPI_R27,4,0.29124413201959665,-0.04121097464368605
2022-08,FOOD_ECM_PPI_R27,5,1.9929291860731007,-0.030908230982764538
2022-08,FOOD_ECM_PPI_R27,6,0.38733494721601114,-0.023181173237073405
2022-08,FOOD_ECM_PPI_R27,7,0.06375968008114369,0.0
2022-08,FOOD_ECM_PPI_R27,8,0.41741632172690246,0.0
2022-08,FOOD_ECM_PPI_R27,9,0.7692626451967802,0.0
2022-08,FOOD_ECM_PPI_R27,10,0.14505378812618389,0.0
2022-08,FOOD_ECM_PPI_R27,11,-0.22989118769615405,0.0
2022-08,FOOD_ECM_PPI_R27,12,-0.5356723102492325,0.0
2022-09,FOOD_ECM_R27,1,0.37972937396175666,-0.2000002432439819
2022-09,FOOD_ECM_R27,2,0.2914369875381687,-0.15000018243298643
2022-09,FOOD_ECM_R27,3,0.1475875020468407,-0.11250013682473983
2022-09,FOOD_ECM_R27,4,1.8800148636558596,-0.08437510261855487
2022-09,FOOD_ECM_R27,5,0.29353918578845445,-0.06328132696391615
2022-09,FOOD_ECM_R27,6,-0.028611638256320814,-0.04746099522293711
2022-09,FOOD_ECM_R27,7,0.3800943810413079,0.0
2022-09,FOOD_ECM_R27,8,0.7375578668216335,0.0
2022-09,FOOD_ECM_R27,9,0.11821711403063082,0.0
2022-09,FOOD_ECM_R27,10,-0.25297645885814346,0.0
2022-09,FOOD_ECM_R27,11,-0.4414471749559631,0.0
2022-09,FOOD_ECM_R27,12,-0.3135362684466392,0.0
2022-09,FOOD_ECM_A002_R27,1,0.5588229251119676,-0.02090669209377091
2022-09,FOOD_ECM_A002_R27,2,0.4209486117192597,-0.02048855825189549
2022-09,FOOD_ECM_A002_R27,3,0.24000885178472295,-0.02007878708685758
2022-09,FOOD_ECM_A002_R27,4,1.944712754929294,-0.01967721134512043
2022-09,FOOD_ECM_A002_R27,5,0.3375368456341526,-0.01928366711821802
2022-09,FOOD_ECM_A002_R27,6,-4.8636809237358886e-05,-0.018897993775853657
2022-09,FOOD_ECM_A002_R27,7,0.3800943810413079,0.0
2022-09,FOOD_ECM_A002_R27,8,0.7375578668216335,0.0
2022-09,FOOD_ECM_A002_R27,9,0.11821711403063082,0.0
2022-09,FOOD_ECM_A002_R27,10,-0.25297645885814346,0.0
2022-09,FOOD_ECM_A002_R27,11,-0.4414471749559631,0.0
2022-09,FOOD_ECM_A002_R27,12,-0.3135362684466392,0.0
2022-09,FOOD_ECM_A005_R27,1,0.5290628889172632,-0.05066672828847542
2022-09,FOOD_ECM_A005_R27,2,0.39330377809710354,-0.04813339187405165
2022-09,FOOD_ECM_A005_R27,3,0.21436091659123147,-0.04572672228034906
2022-09,FOOD_ECM_A005_R27,4,1.920949580108083,-0.043440386166331606
2022-09,FOOD_ECM_A005_R27,5,0.31555214589435554,-0.04126836685801502
2022-09,FOOD_ECM_A005_R27,6,-0.02035559154849797,-0.03920494851511427
2022-09,FOOD_ECM_A005_R27,7,0.3800943810413079,0.0
2022-09,FOOD_ECM_A005_R27,8,0.7375578668216335,0.0
2022-09,FOOD_ECM_A005_R27,9,0.11821711403063082,0.0
2022-09,FOOD_ECM_A005_R27,10,-0.25297645885814346,0.0
2022-09,FOOD_ECM_A005_R27,11,-0.4414471749559631,0.0
2022-09,FOOD_ECM_A005_R27,12,-0.3135362684466392,0.0
2022-09,FOOD_ECM_A010_R27,1,0.4837295004486272,-0.09600011675711133
2022-09,FOOD_ECM_A010_R27,2,0.35503706488975495,-0.0864001050814002
2022-09,FOOD_ECM_A010_R27,3,0.18232754429832038,-0.07776009457326018
2022-09,FOOD_ECM_A010_R27,4,1.8944058811584803,-0.06998408511593415
2022-09,FOOD_ECM_A010_R27,5,0.29383483614802985,-0.06298567660434075
2022-09,FOOD_ECM_A010_R27,6,-0.03783775197729037,-0.05668710894390667
2022-09,FOOD_ECM_A010_R27,7,0.3800943810413079,0.0
2022-09,FOOD_ECM_A010_R27,8,0.7375578668216335,0.0
2022-09,FOOD_ECM_A010_R27,9,0.11821711403063082,0.0
2022-09,FOOD_ECM_A010_R27,10,-0.25297645885814346,0.0
2022-09,FOOD_ECM_A010_R27,11,-0.4414471749559631,0.0
2022-09,FOOD_ECM_A010_R27,12,-0.3135362684466392,0.0
2022-09,FOOD_ECM_A015_R27,1,0.44372945179983087,-0.1360001654059077
2022-09,FOOD_ECM_A015_R27,2,0.3258370293761337,-0.11560014059502152
2022-09,FOOD_ECM_A015_R27,3,0.16182751936581224,-0.0982601195057683
2022-09,FOOD_ECM_A015_R27,4,1.8808688646945113,-0.08352110157990304
2022-09,FOOD_ECM_A015_R27,5,0.285827576409453,-0.07099293634291759
2022-09,FOOD_ECM_A015_R27,6,-0.04149463892486365,-0.06034399589147995
2022-09,FOOD_ECM_A015_R27,7,0.3800943810413079,0.0
2022-09,FOOD_ECM_A015_R27,8,0.7375578668216335,0.0
2022-09,FOOD_ECM_A015_R27,9,0.11821711403063082,0.0
2022-09,FOOD_ECM_A015_R27,10,-0.25297645885814346,0.0
2022-09,FOOD_ECM_A015_R27,11,-0.4414471749559631,0.0
2022-09,FOOD_ECM_A015_R27,12,-0.3135362684466392,0.0
2022-09,FOOD_ECM_PPI_R27,1,0.41193623703789395,-0.16779338016784462
2022-09,FOOD_ECM_PPI_R27,2,0.3155921348452717,-0.12584503512588346
2022-09,FOOD_ECM_PPI_R27,3,0.16570386252716796,-0.0943837763444126
2022-09,FOOD_ECM_PPI_R27,4,1.8936021340161049,-0.07078783225830945
2022-09,FOOD_ECM_PPI_R27,5,0.3037296385586385,-0.05309087419373209
2022-09,FOOD_ECM_PPI_R27,6,-0.020968798678682767,-0.039818155645299065
2022-09,FOOD_ECM_PPI_R27,7,0.3800943810413079,0.0
2022-09,FOOD_ECM_PPI_R27,8,0.7375578668216335,0.0
2022-09,FOOD_ECM_PPI_R27,9,0.11821711403063082,0.0
2022-09,FOOD_ECM_PPI_R27,10,-0.25297645885814346,0.0
2022-09,FOOD_ECM_PPI_R27,11,-0.4414471749559631,0.0
2022-09,FOOD_ECM_PPI_R27,12,-0.3135362684466392,0.0
2022-10,FOOD_ECM_R27,1,0.3664755684107321,-0.1605405861766253
2022-10,FOOD_ECM_R27,2,0.2047591474949007,-0.12040543963246898
2022-10,FOOD_ECM_R27,3,1.9342417177877005,-0.09030407972435174
2022-10,FOOD_ECM_R27,4,0.33475376743682994,-0.06772805979326381
2022-10,FOOD_ECM_R27,5,0.008392723370390355,-0.05079604484494785
2022-10,FOOD_ECM_R27,6,0.3727706856832692,-0.03809703363371089
2022-10,FOOD_ECM_R27,7,0.7605178306897733,0.0
2022-10,FOOD_ECM_R27,8,0.1357992427466383,0.0
2022-10,FOOD_ECM_R27,9,-0.24016332961050418,0.0
2022-10,FOOD_ECM_R27,10,-0.432193802654937,0.0
2022-10,FOOD_ECM_R27,11,-0.2601759958594917,0.0
2022-10,FOOD_ECM_R27,12,0.21611282889870118,0.0
2022-10,FOOD_ECM_A002_R27,1,0.5102343119790275,-0.016781842608329902
2022-10,FOOD_ECM_A002_R27,2,0.3087183813712064,-0.0164462057561633
2022-10,FOOD_ECM_A002_R27,3,2.008428515871012,-0.016117281641040034
2022-10,FOOD_ECM_A002_R27,4,0.3866868912218745,-0.015794936008219233
2022-10,FOOD_ECM_A002_R27,5,0.043709730927283356,-0.01547903728805485
2022-10,FOOD_ECM_A002_R27,6,0.3956982627746864,-0.015169456542293753
2022-10,FOOD_ECM_A002_R27,7,0.7605178306897733,0.0
2022-10,FOOD_ECM_A002_R27,8,0.1357992427466383,0.0
2022-10,FOOD_ECM_A002_R27,9,-0.24016332961050418,0.0
2022-10,FOOD_ECM_A002_R27,10,-0.432193802654937,0.0
2022-10,FOOD_ECM_A002_R27,11,-0.2601759958594917,0.0
2022-10,FOOD_ECM_A002_R27,12,0.21611282889870118,0.0
2022-10,FOOD_ECM_A005_R27,1,0.48634587275594565,-0.04067028183141175
2022-10,FOOD_ECM_A005_R27,2,0.2865278193875285,-0.03863676773984116
2022-10,FOOD_ECM_A005_R27,3,1.987840868159203,-0.0367049293528491
2022-10,FOOD_ECM_A005_R27,4,0.3676121443448871,-0.03486968288520664
2022-10,FOOD_ECM_A005_R27,5,0.0260625694743919,-0.03312619874094631
2022-10,FOOD_ECM_A005_R27,6,0.3793978305130811,-0.03146988880389899
2022-10,FOOD_ECM_A005_R27,7,0.7605178306897733,0.0
2022-10,FOOD_ECM_A005_R27,8,0.1357992427466383,0.0
2022-10,FOOD_ECM_A005_R27,9,-0.24016332961050418,0.0
2022-10,FOOD_ECM_A005_R27,10,-0.432193802654937,0.0
2022-10,FOOD_ECM_A005_R27,11,-0.2601759958594917,0.0
2022-10,FOOD_ECM_A005_R27,12,0.21611282889870118,0.0
2022-10,FOOD_ECM_A010_R27,1,0.44995667322257726,-0.07705948136478016
2022-10,FOOD_ECM_A010_R27,2,0.25581105389906755,-0.06935353322830215
2022-10,FOOD_ECM_A010_R27,3,1.9621276176065803,-0.06241817990547194
2022-10,FOOD_ECM_A010_R27,4,0.346305465315169,-0.056176361914924734
2022-10,FOOD_ECM_A010_R27,5,0.008630042491905944,-0.050558725723432264
2022-10,FOOD_ECM_A010_R27,6,0.3653648661658911,-0.04550285315108904
2022-10,FOOD_ECM_A010_R27,7,0.7605178306897733,0.0
2022-10,FOOD_ECM_A010_R27,8,0.1357992427466383,0.0
2022-10,FOOD_ECM_A010_R27,9,-0.24016332961050418,0.0
2022-10,FOOD_ECM_A010_R27,10,-0.432193802654937,0.0
2022-10,FOOD_ECM_A010_R27,11,-0.2601759958594917,0.0
2022-10,FOOD_ECM_A010_R27,12,0.21611282889870118,0.0
2022-10,FOOD_ECM_A015_R27,1,0.4178485559872522,-0.1091675986001052
2022-10,FOOD_ECM_A015_R27,2,0.23237212831728027,-0.09279245881008942
2022-10,FOOD_ECM_A015_R27,3,1.9456722075234762,-0.078873589988576
2022-10,FOOD_ECM_A015_R27,4,0.33543927573980414,-0.0670425514902896
2022-10,FOOD_ECM_A015_R27,5,0.002202599448592045,-0.05698616876674616
2022-10,FOOD_ECM_A015_R27,6,0.3624294758652459,-0.04843824345173424
2022-10,FOOD_ECM_A015_R27,7,0.7605178306897733,0.0
2022-10,FOOD_ECM_A015_R27,8,0.1357992427466383,0.0
2022-10,FOOD_ECM_A015_R27,9,-0.24016332961050418,0.0
2022-10,FOOD_ECM_A015_R27,10,-0.432193802654937,0.0
2022-10,FOOD_ECM_A015_R27,11,-0.2601759958594917,0.0
2022-10,FOOD_ECM_A015_R27,12,0.21611282889870118,0.0
2022-10,FOOD_ECM_PPI_R27,1,0.3848199825457166,-0.14219617204164078
2022-10,FOOD_ECM_PPI_R27,2,0.2185174580961391,-0.10664712903123058
2022-10,FOOD_ECM_PPI_R27,3,1.9445604507386294,-0.07998534677342294
2022-10,FOOD_ECM_PPI_R27,4,0.34249281715002655,-0.059989010080067205
2022-10,FOOD_ECM_PPI_R27,5,0.014197010655287806,-0.0449917575600504
2022-10,FOOD_ECM_PPI_R27,6,0.37712390114694233,-0.033743818170037805
2022-10,FOOD_ECM_PPI_R27,7,0.7605178306897733,0.0
2022-10,FOOD_ECM_PPI_R27,8,0.1357992427466383,0.0
2022-10,FOOD_ECM_PPI_R27,9,-0.24016332961050418,0.0
2022-10,FOOD_ECM_PPI_R27,10,-0.432193802654937,0.0
2022-10,FOOD_ECM_PPI_R27,11,-0.2601759958594917,0.0
2022-10,FOOD_ECM_PPI_R27,12,0.21611282889870118,0.0
2022-11,FOOD_ECM_R27,1,0.2424983806970062,-0.34382184728425064
2022-11,FOOD_ECM_R27,2,2.070937220108358,-0.25786638546318796
2022-11,FOOD_ECM_R27,3,0.3970664126235548,-0.19339978909739097
2022-11,FOOD_ECM_R27,4,0.10426008168266568,-0.14504984182304323
2022-11,FOOD_ECM_R27,5,0.438141836660176,-0.10878738136728243
2022-11,FOOD_ECM_R27,6,0.776356706885758,-0.08159053602546182
2022-11,FOOD_ECM_R27,7,0.21323053805763678,0.0
2022-11,FOOD_ECM_R27,8,-0.1842489441450764,0.0
2022-11,FOOD_ECM_R27,9,-0.39195200425569876,0.0
2022-11,FOOD_ECM_R27,10,-0.23298071122479372,0.0
2022-11,FOOD_ECM_R27,11,0.5531733380113986,0.0
2022-11,FOOD_ECM_R27,12,0.20981276310400465,0.0
2022-11,FOOD_ECM_A002_R27,1,0.5503793842118099,-0.035940843769447006
2022-11,FOOD_ECM_A002_R27,2,2.293581578677488,-0.03522202689405806
2022-11,FOOD_ECM_A002_R27,3,0.5559486153647689,-0.034517586356176896
2022-11,FOOD_ECM_A002_R27,4,0.21548268887665556,-0.03382723462905336
2022-11,FOOD_ECM_A002_R27,5,0.5137785280909861,-0.03315068993647229
2022-11,FOOD_ECM_A002_R27,6,0.825459566773477,-0.032487676137742845
2022-11,FOOD_ECM_A002_R27,7,0.21323053805763678,0.0
2022-11,FOOD_ECM_A002_R27,8,-0.1842489441450764,0.0
2022-11,FOOD_ECM_A002_R27,9,-0.39195200425569876,0.0
2022-11,FOOD_ECM_A002_R27,10,-0.23298071122479372,0.0
2022-11,FOOD_ECM_A002_R27,11,0.5531733380113986,0.0
2022-11,FOOD_ECM_A002_R27,12,0.20981276310400465,0.0
2022-11,FOOD_ECM_A005_R27,1,0.49921869333591334,-0.0871015346453435
2022-11,FOOD_ECM_A005_R27,2,2.24605714765847,-0.08274645791307632
2022-11,FOOD_ECM_A005_R27,3,0.5118570667035233,-0.07860913501742249
2022-11,FOOD_ECM_A005_R27,4,0.17463124523915752,-0.07467867826655138
2022-11,FOOD_ECM_A005_R27,5,0.47598447367423463,-0.07094474435322379
2022-11,FOOD_ECM_A005_R27,6,0.7905497357756572,-0.0673975071355626
2022-11,FOOD_ECM_A005_R27,7,0.21323053805763678,0.0
2022-11,FOOD_ECM_A005_R27,8,-0.1842489441450764,0.0
2022-11,FOOD_ECM_A005_R27,9,-0.39195200425569876,0.0
2022-11,FOOD_ECM_A005_R27,10,-0.23298071122479372,0.0
2022-11,FOOD_ECM_A005_R27,11,0.5531733380113986,0.0
2022-11,FOOD_ECM_A005_R27,12,0.20981276310400465,0.0
2022-11,FOOD_ECM_A010_R27,1,0.42128574128481655,-0.1650344866964403
2022-11,FOOD_ECM_A010_R27,2,2.18027256754475,-0.1485310380267963
2022-11,FOOD_ECM_A010_R27,3,0.4567882674968291,-0.13367793422411667
2022-11,FOOD_ECM_A010_R27,4,0.12899978270400392,-0.12031014080170499
2022-11,FOOD_ECM_A010_R27,5,0.4386500913059239,-0.1082791267215345
2022-11,FOOD_ECM_A010_R27,6,0.7604960288618388,-0.09745121404938105
2022-11,FOOD_ECM_A010_R27,7,0.21323053805763678,0.0
2022-11,FOOD_ECM_A010_R27,8,-0.1842489441450764,0.0
2022-11,FOOD_ECM_A010_R27,9,-0.39195200425569876,0.0
2022-11,FOOD_ECM_A010_R27,10,-0.23298071122479372,0.0
2022-11,FOOD_ECM_A010_R27,11,0.5531733380113986,0.0
2022-11,FOOD_ECM_A010_R27,12,0.20981276310400465,0.0
2022-11,FOOD_ECM_A015_R27,1,0.3525213718279664,-0.2337988561532904
2022-11,FOOD_ECM_A015_R27,2,2.130074577841249,-0.19872902773029683
2022-11,FOOD_ECM_A015_R27,3,0.42154652815019344,-0.1689196735707523
2022-11,FOOD_ECM_A015_R27,4,0.10572820097056948,-0.14358172253513943
2022-11,FOOD_ECM_A015_R27,5,0.4248847538725899,-0.12204446415486854
2022-11,FOOD_ECM_A015_R27,6,0.7542094483795816,-0.10373779453163824
2022-11,FOOD_ECM_A015_R27,7,0.21323053805763678,0.0
2022-11,FOOD_ECM_A015_R27,8,-0.1842489441450764,0.0
2022-11,FOOD_ECM_A015_R27,9,-0.39195200425569876,0.0
2022-11,FOOD_ECM_A015_R27,10,-0.23298071122479372,0.0
2022-11,FOOD_ECM_A015_R27,11,0.5531733380113986,0.0
2022-11,FOOD_ECM_A015_R27,12,0.20981276310400465,0.0
2022-11,FOOD_ECM_PPI_R27,1,0.26160967770483234,-0.3247105502764245
2022-11,FOOD_ECM_PPI_R27,2,2.0852706928642277,-0.24353291270731836
2022-11,FOOD_ECM_PPI_R27,3,0.407816517190457,-0.18264968453048877
2022-11,FOOD_ECM_PPI_R27,4,0.11232266010784234,-0.13698726339786657
2022-11,FOOD_ECM_PPI_R27,5,0.44418877047905847,-0.10274044754839994
2022-11,FOOD_ECM_PPI_R27,6,0.7808919072499199,-0.07705533566129995
2022-11,FOOD_ECM_PPI_R27,7,0.21323053805763678,0.0
2022-11,FOOD_ECM_PPI_R27,8,-0.1842489441450764,0.0
2022-11,FOOD_ECM_PPI_R27,9,-0.39195200425569876,0.0
2022-11,FOOD_ECM_PPI_R27,10,-0.23298071122479372,0.0
2022-11,FOOD_ECM_PPI_R27,11,0.5531733380113986,0.0
2022-11,FOOD_ECM_PPI_R27,12,0.20981276310400465,0.0
2022-12,FOOD_ECM_R27,1,1.8250961855333423,-0.42961647561789773
2022-12,FOOD_ECM_R27,2,0.2383339185422375,-0.3222123567134233
2022-12,FOOD_ECM_R27,3,-0.03748408261128228,-0.24165926753506745
2022-12,FOOD_ECM_R27,4,0.3364786355140452,-0.1812444506513006
2022-12,FOOD_ECM_R27,5,0.6832873909211457,-0.13593333798847546
2022-12,FOOD_ECM_R27,6,0.07431386111937907,-0.10195000349135658
2022-12,FOOD_ECM_R27,7,-0.21502735160707354,0.0
2022-12,FOOD_ECM_R27,8,-0.42054684590777947,0.0
2022-12,FOOD_ECM_R27,9,-0.2589845394330962,0.0
2022-12,FOOD_ECM_R27,10,0.5290583521696096,0.0
2022-12,FOOD_ECM_R27,11,0.3696294876413061,0.0
2022-12,FOOD_ECM_R27,12,0.06906792015566392,0.0
2022-12,FOOD_ECM_A002_R27,1,2.2098034188999827,-0.04490924225125758
2022-12,FOOD_ECM_A002_R27,2,0.5165352178494284,-0.04401105740623242
2022-12,FOOD_ECM_A002_R27,3,0.1610443486656774,-0.04313083625810777
2022-12,FOOD_ECM_A002_R27,4,0.47545486663240016,-0.042268219532945614
2022-12,FOOD_ECM_A002_R27,5,0.7777978737673344,-0.041422855142286705
2022-12,FOOD_ECM_A002_R27,6,0.1356694665712947,-0.04059439803944097
2022-12,FOOD_ECM_A002_R27,7,-0.21502735160707354,0.0
2022-12,FOOD_ECM_A002_R27,8,-0.42054684590777947,0.0
2022-12,FOOD_ECM_A002_R27,9,-0.2589845394330962,0.0
2022-12,FOOD_ECM_A002_R27,10,0.5290583521696096,0.0
2022-12,FOOD_ECM_A002_R27,11,0.3696294876413061,0.0
2022-12,FOOD_ECM_A002_R27,12,0.06906792015566392,0.0
2022-12,FOOD_ECM_A005_R27,1,2.145876487328039,-0.10883617382320075
2022-12,FOOD_ECM_A005_R27,2,0.4571519101236201,-0.10339436513204071
2022-12,FOOD_ECM_A005_R27,3,0.1059505380483465,-0.09822464687543866
2022-12,FOOD_ECM_A005_R27,4,0.42440967163367904,-0.09331341453166674
2022-12,FOOD_ECM_A005_R27,5,0.7305729851045378,-0.08864774380508338
2022-12,FOOD_ECM_A005_R27,6,0.09204850799590643,-0.08421535661482922
2022-12,FOOD_ECM_A005_R27,7,-0.21502735160707354,0.0
2022-12,FOOD_ECM_A005_R27,8,-0.42054684590777947,0.0
2022-12,FOOD_ECM_A005_R27,9,-0.2589845394330962,0.0
2022-12,FOOD_ECM_A005_R27,10,0.5290583521696096,0.0
2022-12,FOOD_ECM_A005_R27,11,0.3696294876413061,0.0
2022-12,FOOD_ECM_A005_R27,12,0.06906792015566392,0.0
2022-12,FOOD_ECM_A010_R27,1,2.048496752854649,-0.2062159082965909
2022-12,FOOD_ECM_A010_R27,2,0.374951957788729,-0.18559431746693184
2022-12,FOOD_ECM_A010_R27,3,0.03714029920354653,-0.16703488572023864
2022-12,FOOD_ECM_A010_R27,4,0.36739168901713104,-0.15033139714821478
2022-12,FOOD_ECM_A010_R27,5,0.6839224714762279,-0.1352982574333933
2022-12,FOOD_ECM_A010_R27,6,0.05449543292068168,-0.12176843169005397
2022-12,FOOD_ECM_A010_R27,7,-0.21502735160707354,0.0
2022-12,FOOD_ECM_A010_R27,8,-0.42054684590777947,0.0
2022-12,FOOD_ECM_A010_R27,9,-0.2589845394330962,0.0
2022-12,FOOD_ECM_A010_R27,10,0.5290583521696096,0.0
2022-12,FOOD_ECM_A010_R27,11,0.3696294876413061,0.0
2022-12,FOOD_ECM_A010_R27,12,0.06906792015566392,0.0
2022-12,FOOD_ECM_A015_R27,1,1.9625734577310696,-0.2921392034201704
2022-12,FOOD_ECM_A015_R27,2,0.31222795234851597,-0.2483183229071448
2022-12,FOOD_ECM_A015_R27,3,-0.006895389547287911,-0.21107057447107308
2022-12,FOOD_ECM_A015_R27,4,0.3383130978649337,-0.1794099883004121
2022-12,FOOD_ECM_A015_R27,5,0.6667222388542708,-0.15249849005535032
2022-12,FOOD_ECM_A015_R27,6,0.04664014806368788,-0.12962371654704777
2022-12,FOOD_ECM_A015_R27,7,-0.21502735160707354,0.0
2022-12,FOOD_ECM_A015_R27,8,-0.42054684590777947,0.0
2022-12,FOOD_ECM_A015_R27,9,-0.2589845394330962,0.0
2022-12,FOOD_ECM_A015_R27,10,0.5290583521696096,0.0
2022-12,FOOD_ECM_A015_R27,11,0.3696294876413061,0.0
2022-12,FOOD_ECM_A015_R27,12,0.06906792015566392,0.0
2022-12,FOOD_ECM_PPI_R27,1,1.8534865144696315,-0.4012261466816086
2022-12,FOOD_ECM_PPI_R27,2,0.2596266652444543,-0.3009196100112065
2022-12,FOOD_ECM_PPI_R27,3,-0.021514522584619666,-0.22568970750840484
2022-12,FOOD_ECM_PPI_R27,4,0.34845580553404215,-0.16926728063130364
2022-12,FOOD_ECM_PPI_R27,5,0.6922702684361435,-0.12695046047347772
2022-12,FOOD_ECM_PPI_R27,6,0.08105101925562735,-0.0952128453551083
2022-12,FOOD_ECM_PPI_R27,7,-0.21502735160707354,0.0
2022-12,FOOD_ECM_PPI_R27,8,-0.42054684590777947,0.0
2022-12,FOOD_ECM_PPI_R27,9,-0.2589845394330962,0.0
2022-12,FOOD_ECM_PPI_R27,10,0.5290583521696096,0.0
2022-12,FOOD_ECM_PPI_R27,11,0.3696294876413061,0.0
2022-12,FOOD_ECM_PPI_R27,12,0.06906792015566392,0.0
2023-01,FOOD_ECM_R27,1,0.14739196706305713,-0.34636090099347533
2023-01,FOOD_ECM_R27,2,-0.1361465530997502,-0.2597706757451065
2023-01,FOOD_ECM_R27,3,0.27275954554633386,-0.1948280068088299
2023-01,FOOD_ECM_R27,4,0.6219186005244854,-0.1461210051066224
2023-01,FOOD_ECM_R27,5,0.028676984002970418,-0.1095907538299668
2023-01,FOOD_ECM_R27,6,-0.3239655336067721,-0.0821930653724751
2023-01,FOOD_ECM_R27,7,-0.4422630815535897,0.0
2023-01,FOOD_ECM_R27,8,-0.275948525965851,0.0
2023-01,FOOD_ECM_R27,9,0.515627955115593,0.0
2023-01,FOOD_ECM_R27,10,0.35903230733179153,0.0
2023-01,FOOD_ECM_R27,11,0.06425117126194047,0.0
2023-01,FOOD_ECM_R27,12,1.8167449667560576,0.0
2023-01,FOOD_ECM_A002_R27,1,0.4575466085393478,-0.03620625951718462
2023-01,FOOD_ECM_A002_R27,2,0.08814198831851533,-0.03548213432684093
2023-01,FOOD_ECM_A002_R27,3,0.43281506071485965,-0.034772491640304104
2023-01,FOOD_ECM_A002_R27,4,0.7339625638236098,-0.03407704180749802
2023-01,FOOD_ECM_A002_R27,5,0.10487223686158915,-0.033395500971348066
2023-01,FOOD_ECM_A002_R27,6,-0.2745000591862181,-0.0327275909519211
2023-01,FOOD_ECM_A002_R27,7,-0.4422630815535897,0.0
2023-01,FOOD_ECM_A002_R27,8,-0.275948525965851,0.0
2023-01,FOOD_ECM_A002_R27,9,0.515627955115593,0.0
2023-01,FOOD_ECM_A002_R27,10,0.35903230733179153,0.0
2023-01,FOOD_ECM_A002_R27,11,0.06425117126194047,0.0
2023-01,FOOD_ECM_A002_R27,12,1.8167449667560576,0.0
2023-01,FOOD_ECM_A005_R27,1,0.4060081064715187,-0.08774476158501376
2023-01,FOOD_ECM_A005_R27,2,0.040266599139593184,-0.08335752350576307
2023-01,FOOD_ECM_A005_R27,3,0.38839790502468885,-0.07918964733047491
2023-01,FOOD_ECM_A005_R27,4,0.6928094406671567,-0.07523016496395117
2023-01,FOOD_ECM_A005_R27,5,0.06679908111718362,-0.0714686567157536
2023-01,FOOD_ECM_A005_R27,6,-0.3096676921142629,-0.06789522387996592
2023-01,FOOD_ECM_A005_R27,7,-0.4422630815535897,0.0
2023-01,FOOD_ECM_A005_R27,8,-0.275948525965851,0.0
2023-01,FOOD_ECM_A005_R27,9,0.515627955115593,0.0
2023-01,FOOD_ECM_A005_R27,10,0.35903230733179153,0.0
2023-01,FOOD_ECM_A005_R27,11,0.06425117126194047,0.0
2023-01,FOOD_ECM_A005_R27,12,1.8167449667560576,0.0
2023-01,FOOD_ECM_A010_R27,1,0.32749963557966427,-0.16625323247686818
2023-01,FOOD_ECM_A010_R27,2,-0.026003786583825114,-0.14962790922918137
2023-01,FOOD_ECM_A010_R27,3,0.33292243404890054,-0.13466511830626324
2023-01,FOOD_ECM_A010_R27,4,0.6468409991554709,-0.1211986064756369
2023-01,FOOD_ECM_A010_R27,5,0.029188992004863995,-0.10907874582807323
2023-01,FOOD_ECM_A010_R27,6,-0.3399433394795629,-0.0981708712452659
2023-01,FOOD_ECM_A010_R27,7,-0.4422630815535897,0.0
2023-01,FOOD_ECM_A010_R27,8,-0.275948525965851,0.0
2023-01,FOOD_ECM_A010_R27,9,0.515627955115593,0.0
2023-01,FOOD_ECM_A010_R27,10,0.35903230733179153,0.0
2023-01,FOOD_ECM_A010_R27,11,0.06425117126194047,0.0
2023-01,FOOD_ECM_A010_R27,12,1.8167449667560576,0.0
2023-01,FOOD_ECM_A015_R27,1,0.25822745538096925,-0.2355254126755632
2023-01,FOOD_ECM_A015_R27,2,-0.07657247812887245,-0.2001966007742287
2023-01,FOOD_ECM_A015_R27,3,0.2974204416970694,-0.1701671106580944
2023-01,FOOD_ECM_A015_R27,4,0.6233975615717277,-0.14464204405938022
2023-01,FOOD_ECM_A015_R27,5,0.015322000382464021,-0.1229457374504732
2023-01,FOOD_ECM_A015_R27,6,-0.3462763450671992,-0.10450387683290221
2023-01,FOOD_ECM_A015_R27,7,-0.4422630815535897,0.0
2023-01,FOOD_ECM_A015_R27,8,-0.275948525965851,0.0
2023-01,FOOD_ECM_A015_R27,9,0.515627955115593,0.0
2023-01,FOOD_ECM_A015_R27,10,0.35903230733179153,0.0
2023-01,FOOD_ECM_A015_R27,11,0.06425117126194047,0.0
2023-01,FOOD_ECM_A015_R27,12,1.8167449667560576,0.0
2023-01,FOOD_ECM_PPI_R27,1,0.18649144537271106,-0.3072614226838214
2023-01,FOOD_ECM_PPI_R27,2,-0.10682194436750979,-0.23044606701286605
2023-01,FOOD_ECM_PPI_R27,3,0.2947530020955142,-0.17283455025964956
2023-01,FOOD_ECM_PPI_R27,4,0.6384136929363706,-0.12962591269473717
2023-01,FOOD_ECM_PPI_R27,5,0.04104830331188436,-0.09721943452105286
2023-01,FOOD_ECM_PPI_R27,6,-0.31468704412508663,-0.07291457589078965
2023-01,FOOD_ECM_PPI_R27,7,-0.4422630815535897,0.0
2023-01,FOOD_ECM_PPI_R27,8,-0.275948525965851,0.0
2023-01,FOOD_ECM_PPI_R27,9,0.515627955115593,0.0
2023-01,FOOD_ECM_PPI_R27,10,0.35903230733179153,0.0
2023-01,FOOD_ECM_PPI_R27,11,0.06425117126194047,0.0
2023-01,FOOD_ECM_PPI_R27,12,1.8167449667560576,0.0
2023-02,FOOD_ECM_R27,1,-0.2733267561481576,-0.44595858550913936
2023-02,FOOD_ECM_R27,2,0.253960159827147,-0.33446893913185455
2023-02,FOOD_ECM_R27,3,0.5634440385389266,-0.2508517043488909
2023-02,FOOD_ECM_R27,4,0.00787474687225273,-0.18813877826166817
2023-02,FOOD_ECM_R27,5,-0.3499419535120679,-0.14110408369625113
2023-02,FOOD_ECM_R27,6,-0.5340847955285424,-0.10582806277218836
2023-02,FOOD_ECM_R27,7,-0.26463080156864693,0.0
2023-02,FOOD_ECM_R27,8,0.5199611303600559,0.0
2023-02,FOOD_ECM_R27,9,0.35844534777426135,0.0
2023-02,FOOD_ECM_R27,10,0.060107155618743954,0.0
2023-02,FOOD_ECM_R27,11,2.032781366649529,0.0
2023-02,FOOD_ECM_R27,12,0.23066212264844016,0.0
2023-02,FOOD_ECM_A002_R27,1,0.12601429188909302,-0.04661753747188871
2023-02,FOOD_ECM_A002_R27,2,0.5427439122365506,-0.04568518672245093
2023-02,FOOD_ECM_A002_R27,3,0.7695242598998155,-0.04477148298800191
2023-02,FOOD_ECM_A002_R27,4,0.15213747180567902,-0.04387605332824187
2023-02,FOOD_ECM_A002_R27,5,-0.2518364020774938,-0.04299853226167703
2023-02,FOOD_ECM_A002_R27,6,-0.4703952943727975,-0.04213856161644349
2023-02,FOOD_ECM_A002_R27,7,-0.26463080156864693,0.0
2023-02,FOOD_ECM_A002_R27,8,0.5199611303600559,0.0
2023-02,FOOD_ECM_A002_R27,9,0.35844534777426135,0.0
2023-02,FOOD_ECM_A002_R27,10,0.060107155618743954,0.0
2023-02,FOOD_ECM_A002_R27,11,2.032781366649529,0.0
2023-02,FOOD_ECM_A002_R27,12,0.23066212264844016,0.0
2023-02,FOOD_ECM_A005_R27,1,0.059655654365333086,-0.11297617499564865
2023-02,FOOD_ECM_A005_R27,2,0.48110173271313533,-0.10732736624586621
2023-02,FOOD_ECM_A005_R27,3,0.7123347449542445,-0.1019609979335729
2023-02,FOOD_ECM_A005_R27,4,0.09915057709702665,-0.09686294803689424
2023-02,FOOD_ECM_A005_R27,5,-0.30085767045086625,-0.09201980063504951
2023-02,FOOD_ECM_A005_R27,6,-0.515675543359651,-0.08741881060329705
2023-02,FOOD_ECM_A005_R27,7,-0.26463080156864693,0.0
2023-02,FOOD_ECM_A005_R27,8,0.5199611303600559,0.0
2023-02,FOOD_ECM_A005_R27,9,0.35844534777426135,0.0
2023-02,FOOD_ECM_A005_R27,10,0.060107155618743954,0.0
2023-02,FOOD_ECM_A005_R27,11,2.032781366649529,0.0
2023-02,FOOD_ECM_A005_R27,12,0.23066212264844016,0.0
2023-02,FOOD_ECM_A010_R27,1,-0.04142829168340517,-0.2140601210443869
2023-02,FOOD_ECM_A010_R27,2,0.3957749900190533,-0.19265410893994822
2023-02,FOOD_ECM_A010_R27,3,0.6409070448418641,-0.17338869804595342
2023-02,FOOD_ECM_A010_R27,4,0.03996369689256282,-0.15604982824135807
2023-02,FOOD_ECM_A010_R27,5,-0.349282715233039,-0.14044484541722227
2023-02,FOOD_ECM_A010_R27,6,-0.554657093631854,-0.12640036087550005
2023-02,FOOD_ECM_A010_R27,7,-0.26463080156864693,0.0
2023-02,FOOD_ECM_A010_R27,8,0.5199611303600559,0.0
2023-02,FOOD_ECM_A010_R27,9,0.35844534777426135,0.0
2023-02,FOOD_ECM_A010_R27,10,0.060107155618743954,0.0
2023-02,FOOD_ECM_A010_R27,11,2.032781366649529,0.0
2023-02,FOOD_ECM_A010_R27,12,0.23066212264844016,0.0
2023-02,FOOD_ECM_A015_R27,1,-0.13062000878523303,-0.30325183814621476
2023-02,FOOD_ECM_A015_R27,2,0.330665036534719,-0.2577640624242825
2023-02,FOOD_ECM_A015_R27,3,0.5951962898271773,-0.21909945306064013
2023-02,FOOD_ECM_A015_R27,4,0.00977899003237681,-0.18623453510154409
2023-02,FOOD_ECM_A015_R27,5,-0.3671372246521293,-0.1582993548363125
2023-02,FOOD_ECM_A015_R27,6,-0.5628111843672197,-0.13455445161086563
2023-02,FOOD_ECM_A015_R27,7,-0.26463080156864693,0.0
2023-02,FOOD_ECM_A015_R27,8,0.5199611303600559,0.0
2023-02,FOOD_ECM_A015_R27,9,0.35844534777426135,0.0
2023-02,FOOD_ECM_A015_R27,10,0.060107155618743954,0.0
2023-02,FOOD_ECM_A015_R27,11,2.032781366649529,0.0
2023-02,FOOD_ECM_A015_R27,12,0.23066212264844016,0.0
2023-02,FOOD_ECM_PPI_R27,1,-0.24342369524094018,-0.4160555246019219
2023-02,FOOD_ECM_PPI_R27,2,0.2763874555075601,-0.3120416434514414
2023-02,FOOD_ECM_PPI_R27,3,0.5802645102992364,-0.23403123258858108
2023-02,FOOD_ECM_PPI_R27,4,0.02049010069248508,-0.17552342444143582
2023-02,FOOD_ECM_PPI_R27,5,-0.3404804381468936,-0.13164256833107685
2023-02,FOOD_ECM_PPI_R27,6,-0.5269886590046616,-0.09873192624830764
2023-02,FOOD_ECM_PPI_R27,7,-0.26463080156864693,0.0
2023-02,FOOD_ECM_PPI_R27,8,0.5199611303600559,0.0
2023-02,FOOD_ECM_PPI_R27,9,0.35844534777426135,0.0
2023-02,FOOD_ECM_PPI_R27,10,0.060107155618743954,0.0
2023-02,FOOD_ECM_PPI_R27,11,2.032781366649529,0.0
2023-02,FOOD_ECM_PPI_R27,12,0.23066212264844016,0.0
2023-03,FOOD_ECM_R27,1,0.2344157567690871,-0.3504840456867656
2023-03,FOOD_ECM_R27,2,0.5401250399617402,-0.2628630342650742
2023-03,FOOD_ECM_R27,3,-0.008368724997112775,-0.19714727569880564
2023-03,FOOD_ECM_R27,4,-0.3645740632107958,-0.14786045677410423
2023-03,FOOD_ECM_R27,5,-0.5443381948219708,-0.11089534258057818
2023-03,FOOD_ECM_R27,6,-0.35251793820405364,-0.08317150693543363
2023-03,FOOD_ECM_R27,7,0.5146945067619901,0.0
2023-03,FOOD_ECM_R27,8,0.3539184953974978,0.0
2023-03,FOOD_ECM_R27,9,0.056027455045771266,0.0
2023-03,FOOD_ECM_R27,10,2.0290810411760023,0.0
2023-03,FOOD_ECM_R27,11,0.25555769493861513,0.0
2023-03,FOOD_ECM_R27,12,-0.09230417040604974,0.0
2023-03,FOOD_ECM_A002_R27,1,0.5482625368800628,-0.0366372655757899
2023-03,FOOD_ECM_A002_R27,2,0.7670835539625402,-0.0359045202642741
2023-03,FOOD_ECM_A002_R27,3,0.15359212084270424,-0.035186429858988615
2023-03,FOOD_ECM_A002_R27,4,-0.2511963076985004,-0.034482701261808836
2023-03,FOOD_ECM_A002_R27,5,-0.46723589947796523,-0.033793047236572664
2023-03,FOOD_ECM_A002_R27,6,-0.30246361756046125,-0.03311718629184121
2023-03,FOOD_ECM_A002_R27,7,0.5146945067619901,0.0
2023-03,FOOD_ECM_A002_R27,8,0.3539184953974978,0.0
2023-03,FOOD_ECM_A002_R27,9,0.056027455045771266,0.0
2023-03,FOOD_ECM_A002_R27,10,2.0290810411760023,0.0
2023-03,FOOD_ECM_A002_R27,11,0.25555769493861513,0.0
2023-03,FOOD_ECM_A002_R27,12,-0.09230417040604974,0.0
2023-03,FOOD_ECM_A005_R27,1,0.4961105108818721,-0.08878929157398062
2023-03,FOOD_ECM_A005_R27,2,0.7186382472315328,-0.0843498269952816
2023-03,FOOD_ECM_A005_R27,3,0.10864621505617536,-0.0801323356455175
2023-03,FOOD_ECM_A005_R27,4,-0.2928393252999332,-0.07612571886324163
2023-03,FOOD_ECM_A005_R27,5,-0.505762285161472,-0.07231943292007953
2023-03,FOOD_ECM_A005_R27,6,-0.3380498925426956,-0.06870346127407556
2023-03,FOOD_ECM_A005_R27,7,0.5146945067619901,0.0
2023-03,FOOD_ECM_A005_R27,8,0.3539184953974978,0.0
2023-03,FOOD_ECM_A005_R27,9,0.056027455045771266,0.0
2023-03,FOOD_ECM_A005_R27,10,2.0290810411760023,0.0
2023-03,FOOD_ECM_A005_R27,11,0.25555769493861513,0.0
2023-03,FOOD_ECM_A005_R27,12,-0.09230417040604974,0.0
2023-03,FOOD_ECM_A010_R27,1,0.4166674605262052,-0.1682323419296475
2023-03,FOOD_ECM_A010_R27,2,0.6515789664901317,-0.15140910773668276
2023-03,FOOD_ECM_A010_R27,3,0.05251035373867838,-0.13626819696301448
2023-03,FOOD_ECM_A010_R27,4,-0.33935498370340456,-0.12264137726671304
2023-03,FOOD_ECM_A010_R27,5,-0.5438200917814343,-0.11037723954004174
2023-03,FOOD_ECM_A010_R27,6,-0.36868594685465755,-0.09933951558603756
2023-03,FOOD_ECM_A010_R27,7,0.5146945067619901,0.0
2023-03,FOOD_ECM_A010_R27,8,0.3539184953974978,0.0
2023-03,FOOD_ECM_A010_R27,9,0.056027455045771266,0.0
2023-03,FOOD_ECM_A010_R27,10,2.0290810411760023,0.0
2023-03,FOOD_ECM_A010_R27,11,0.25555769493861513,0.0
2023-03,FOOD_ECM_A010_R27,12,-0.09230417040604974,0.0
2023-03,FOOD_ECM_A015_R27,1,0.3465706513888521,-0.23832915106700056
2023-03,FOOD_ECM_A015_R27,2,0.600408295819864,-0.20257977840695046
2023-03,FOOD_ECM_A015_R27,3,0.016585739055784976,-0.17219281164590788
2023-03,FOOD_ECM_A015_R27,4,-0.3630774963357132,-0.1463638898990217
2023-03,FOOD_ECM_A015_R27,5,-0.557852158655561,-0.12440930641416846
2023-03,FOOD_ECM_A015_R27,6,-0.3750943417206632,-0.10574791045204318
2023-03,FOOD_ECM_A015_R27,7,0.5146945067619901,0.0
2023-03,FOOD_ECM_A015_R27,8,0.3539184953974978,0.0
2023-03,FOOD_ECM_A015_R27,9,0.056027455045771266,0.0
2023-03,FOOD_ECM_A015_R27,10,2.0290810411760023,0.0
2023-03,FOOD_ECM_A015_R27,11,0.25555769493861513,0.0
2023-03,FOOD_ECM_A015_R27,12,-0.09230417040604974,0.0
2023-03,FOOD_ECM_PPI_R27,1,0.24098559077807324,-0.34391421167777947
2023-03,FOOD_ECM_PPI_R27,2,0.5450524154684798,-0.2579356587583346
2023-03,FOOD_ECM_PPI_R27,3,-0.0046731933670580705,-0.19345174406875093
2023-03,FOOD_ECM_PPI_R27,4,-0.36180241448825473,-0.1450888080515632
2023-03,FOOD_ECM_PPI_R27,5,-0.5422594582800649,-0.1088166060386724
2023-03,FOOD_ECM_PPI_R27,6,-0.3509588857976243,-0.0816124545290043
2023-03,FOOD_ECM_PPI_R27,7,0.5146945067619901,0.0
2023-03,FOOD_ECM_PPI_R27,8,0.3539184953974978,0.0
2023-03,FOOD_ECM_PPI_R27,9,0.056027455045771266,0.0
2023-03,FOOD_ECM_PPI_R27,10,2.0290810411760023,0.0
2023-03,FOOD_ECM_PPI_R27,11,0.25555769493861513,0.0
2023-03,FOOD_ECM_PPI_R27,12,-0.09230417040604974,0.0
2023-04,FOOD_ECM_R27,1,0.12665613266836323,-0.38812301144969713
2023-04,FOOD_ECM_R27,2,-0.3514691488211832,-0.29109225858727283
2023-04,FOOD_ECM_R27,3,-0.6367462284289536,-0.21831919394045463
2023-04,FOOD_ECM_R27,4,-0.7719118931119135,-0.16373939545534097
2023-04,FOOD_ECM_R27,5,-0.5427460417632418,-0.12280454659150573
2023-04,FOOD_ECM_R27,6,0.30583751379772867,-0.0921034099436293
2023-04,FOOD_ECM_R27,7,0.26245648557310225,0.0
2023-04,FOOD_ECM_R27,8,-0.01731791578092448,0.0
2023-04,FOOD_ECM_R27,9,1.9707896077375522,0.0
2023-04,FOOD_ECM_R27,10,0.2090473760449409,0.0
2023-04,FOOD_ECM_R27,11,-0.09498213429261307,0.0
2023-04,FOOD_ECM_R27,12,0.2538350588771525,0.0
2023-04,FOOD_ECM_A002_R27,1,0.474207351987852,-0.04057179213020834
2023-04,FOOD_ECM_A002_R27,2,-0.10013724652151454,-0.039760356287604166
2023-04,FOOD_ECM_A002_R27,3,-0.45739218365035095,-0.038965149161852085
2023-04,FOOD_ECM_A002_R27,4,-0.6463583438351876,-0.03818584617861504
2023-04,FOOD_ECM_A002_R27,5,-0.4573636244267788,-0.03742212925504274
2023-04,FOOD_ECM_A002_R27,6,0.36126723707141606,-0.03667368666994189
2023-04,FOOD_ECM_A002_R27,7,0.26245648557310225,0.0
2023-04,FOOD_ECM_A002_R27,8,-0.01731791578092448,0.0
2023-04,FOOD_ECM_A002_R27,9,1.9707896077375522,0.0
2023-04,FOOD_ECM_A002_R27,10,0.2090473760449409,0.0
2023-04,FOOD_ECM_A002_R27,11,-0.09498213429261307,0.0
2023-04,FOOD_ECM_A002_R27,12,0.2538350588771525,0.0
2023-04,FOOD_ECM_A005_R27,1,0.4164546478841371,-0.09832449623392328
2023-04,FOOD_ECM_A005_R27,2,-0.15378516165613748,-0.09340827142222712
2023-04,FOOD_ECM_A005_R27,3,-0.5071648923396146,-0.08873785785111575
2023-04,FOOD_ECM_A005_R27,4,-0.6924734626151325,-0.08430096495855996
2023-04,FOOD_ECM_A005_R27,5,-0.500027411882368,-0.08008591671063195
2023-04,FOOD_ECM_A005_R27,6,0.32185930286625763,-0.07608162087510036
2023-04,FOOD_ECM_A005_R27,7,0.26245648557310225,0.0
2023-04,FOOD_ECM_A005_R27,8,-0.01731791578092448,0.0
2023-04,FOOD_ECM_A005_R27,9,1.9707896077375522,0.0
2023-04,FOOD_ECM_A005_R27,10,0.2090473760449409,0.0
2023-04,FOOD_ECM_A005_R27,11,-0.09498213429261307,0.0
2023-04,FOOD_ECM_A005_R27,12,0.2538350588771525,0.0
2023-04,FOOD_ECM_A010_R27,1,0.32848009862220573,-0.18629904549585466
2023-04,FOOD_ECM_A010_R27,2,-0.22804603118017958,-0.1676691409462692
2023-04,FOOD_ECM_A010_R27,3,-0.5693292613401412,-0.15090222685164228
2023-04,FOOD_ECM_A010_R27,4,-0.7439845018230506,-0.13581200416647804
2023-04,FOOD_ECM_A010_R27,5,-0.5421722989215663,-0.12223080374983025
2023-04,FOOD_ECM_A010_R27,6,0.28793320036651077,-0.11000772337484722
2023-04,FOOD_ECM_A010_R27,7,0.26245648557310225,0.0
2023-04,FOOD_ECM_A010_R27,8,-0.01731791578092448,0.0
2023-04,FOOD_ECM_A010_R27,9,1.9707896077375522,0.0
2023-04,FOOD_ECM_A010_R27,10,0.2090473760449409,0.0
2023-04,FOOD_ECM_A010_R27,11,-0.09498213429261307,0.0
2023-04,FOOD_ECM_A010_R27,12,0.2538350588771525,0.0
2023-04,FOOD_ECM_A015_R27,1,0.25085549633226634,-0.263923647785794
2023-04,FOOD_ECM_A015_R27,2,-0.2847119908518353,-0.2243351006179249
2023-04,FOOD_ECM_A015_R27,3,-0.609111870013735,-0.19068483552523616
2023-04,FOOD_ECM_A015_R27,4,-0.7702546078530232,-0.16208211019645072
2023-04,FOOD_ECM_A015_R27,5,-0.5577112888387192,-0.13776979366698314
2023-04,FOOD_ECM_A015_R27,6,0.2808365991244223,-0.11710432461693565
2023-04,FOOD_ECM_A015_R27,7,0.26245648557310225,0.0
2023-04,FOOD_ECM_A015_R27,8,-0.01731791578092448,0.0
2023-04,FOOD_ECM_A015_R27,9,1.9707896077375522,0.0
2023-04,FOOD_ECM_A015_R27,10,0.2090473760449409,0.0
2023-04,FOOD_ECM_A015_R27,11,-0.09498213429261307,0.0
2023-04,FOOD_ECM_A015_R27,12,0.2538350588771525,0.0
2023-04,FOOD_ECM_PPI_R27,1,0.11325798354547945,-0.4015211605725809
2023-04,FOOD_ECM_PPI_R27,2,-0.36151776066334607,-0.3011408704294357
2023-04,FOOD_ECM_PPI_R27,3,-0.6442826873105756,-0.22585565282207676
2023-04,FOOD_ECM_PPI_R27,4,-0.7775642372731302,-0.16939173961655757
2023-04,FOOD_ECM_PPI_R27,5,-0.5469852998841542,-0.1270438047124182
2023-04,FOOD_ECM_PPI_R27,6,0.3026580702070443,-0.09528285353431364
2023-04,FOOD_ECM_PPI_R27,7,0.26245648557310225,0.0
2023-04,FOOD_ECM_PPI_R27,8,-0.01731791578092448,0.0
2023-04,FOOD_ECM_PPI_R27,9,1.9707896077375522,0.0
2023-04,FOOD_ECM_PPI_R27,10,0.2090473760449409,0.0
2023-04,FOOD_ECM_PPI_R27,11,-0.09498213429261307,0.0
2023-04,FOOD_ECM_PPI_R27,12,0.2538350588771525,0.0
2023-05,FOOD_ECM_R27,1,-0.49155340629122485,-0.17957739888922336
2023-05,FOOD_ECM_R27,2,-0.8387339300140968,-0.1346830491669175
2023-05,FOOD_ECM_R27,3,-0.8787837676755942,-0.10101228687518814
2023-05,FOOD_ECM_R27,4,-0.6587347802958944,-0.0757592151563911
2023-05,FOOD_ECM_R27,5,0.23487461313626498,-0.05681941136729333
2023-05,FOOD_ECM_R27,6,0.15124884134188227,-0.04261455852546999
2023-05,FOOD_ECM_R27,7,-0.06718913804491645,0.0
2023-05,FOOD_ECM_R27,8,1.9396490366594572,0.0
2023-05,FOOD_ECM_R27,9,0.1909430958882472,0.0
2023-05,FOOD_ECM_R27,10,-0.10282948751670559,0.0
2023-05,FOOD_ECM_R27,11,-0.01618674922998101,0.0
2023-05,FOOD_ECM_R27,12,0.6322276613795654,0.0
2023-05,FOOD_ECM_A002_R27,1,-0.33074783149922166,-0.018771824097220145
2023-05,FOOD_ECM_A002_R27,2,-0.722447268462455,-0.01839638761527574
2023-05,FOOD_ECM_A002_R27,3,-0.7957999406633762,-0.018028459862970227
2023-05,FOOD_ECM_A002_R27,4,-0.6006434558052142,-0.017667890665710822
2023-05,FOOD_ECM_A002_R27,5,0.2743794916511617,-0.017314532852396605
2023-05,FOOD_ECM_A002_R27,6,0.1768951576720036,-0.016968242195348673
2023-05,FOOD_ECM_A002_R27,7,-0.06718913804491645,0.0
2023-05,FOOD_ECM_A002_R27,8,1.9396490366594572,0.0
2023-05,FOOD_ECM_A002_R27,9,0.1909430958882472,0.0
2023-05,FOOD_ECM_A002_R27,10,-0.10282948751670559,0.0
2023-05,FOOD_ECM_A002_R27,11,-0.01618674922998101,0.0
2023-05,FOOD_ECM_A002_R27,12,0.6322276613795654,0.0
2023-05,FOOD_ECM_A005_R27,1,-0.35746894845393806,-0.04549294105193658
2023-05,FOOD_ECM_A005_R27,2,-0.747269174846519,-0.043218293999339755
2023-05,FOOD_ECM_A005_R27,3,-0.8188288600997788,-0.04105737929937276
2023-05,FOOD_ECM_A005_R27,4,-0.6219800754739074,-0.03900451033440412
2023-05,FOOD_ECM_A005_R27,5,0.2546397396858744,-0.03705428481768391
2023-05,FOOD_ECM_A005_R27,6,0.15866182929055256,-0.03520157057679972
2023-05,FOOD_ECM_A005_R27,7,-0.06718913804491645,0.0
2023-05,FOOD_ECM_A005_R27,8,1.9396490366594572,0.0
2023-05,FOOD_ECM_A005_R27,9,0.1909430958882472,0.0
2023-05,FOOD_ECM_A005_R27,10,-0.10282948751670559,0.0
2023-05,FOOD_ECM_A005_R27,11,-0.01618674922998101,0.0
2023-05,FOOD_ECM_A005_R27,12,0.6322276613795654,0.0
2023-05,FOOD_ECM_A010_R27,1,-0.3981731588688287,-0.08619715146682722
2023-05,FOOD_ECM_A010_R27,2,-0.7816283171673237,-0.0775774363201445
2023-05,FOOD_ECM_A010_R27,3,-0.8475911734885361,-0.06981969268813006
2023-05,FOOD_ECM_A010_R27,4,-0.6458132885588204,-0.06283772341931704
2023-05,FOOD_ECM_A010_R27,5,0.23514007342617296,-0.05655395107738534
2023-05,FOOD_ECM_A010_R27,6,0.14296484389770547,-0.050898555969646805
2023-05,FOOD_ECM_A010_R27,7,-0.06718913804491645,0.0
2023-05,FOOD_ECM_A010_R27,8,1.9396490366594572,0.0
2023-05,FOOD_ECM_A010_R27,9,0.1909430958882472,0.0
2023-05,FOOD_ECM_A010_R27,10,-0.10282948751670559,0.0
2023-05,FOOD_ECM_A010_R27,11,-0.01618674922998101,0.0
2023-05,FOOD_ECM_A010_R27,12,0.6322276613795654,0.0
2023-05,FOOD_ECM_A015_R27,1,-0.43408863864667335,-0.12211263124467188
2023-05,FOOD_ECM_A015_R27,2,-0.8078466174051504,-0.10379573655797109
2023-05,FOOD_ECM_A015_R27,3,-0.8659978568746814,-0.08822637607427543
2023-05,FOOD_ECM_A015_R27,4,-0.6579679848026374,-0.07499241966313411
2023-05,FOOD_ECM_A015_R27,5,0.2279504677898943,-0.063743556713664
2023-05,FOOD_ECM_A015_R27,6,0.13968137666073788,-0.05418202320661439
2023-05,FOOD_ECM_A015_R27,7,-0.06718913804491645,0.0
2023-05,FOOD_ECM_A015_R27,8,1.9396490366594572,0.0
2023-05,FOOD_ECM_A015_R27,9,0.1909430958882472,0.0
2023-05,FOOD_ECM_A015_R27,10,-0.10282948751670559,0.0
2023-05,FOOD_ECM_A015_R27,11,-0.01618674922998101,0.0
2023-05,FOOD_ECM_A015_R27,12,0.6322276613795654,0.0
2023-05,FOOD_ECM_PPI_R27,1,-0.5253076271433519,-0.2133316197413504
2023-05,FOOD_ECM_PPI_R27,2,-0.8640495956531921,-0.1599987148060128
2023-05,FOOD_ECM_PPI_R27,3,-0.8977705169049156,-0.1199990361045096
2023-05,FOOD_ECM_PPI_R27,4,-0.6729748422178855,-0.0899992770783822
2023-05,FOOD_ECM_PPI_R27,5,0.22419456669477167,-0.06749945780878665
2023-05,FOOD_ECM_PPI_R27,6,0.14323880651076226,-0.05062459335658999
2023-05,FOOD_ECM_PPI_R27,7,-0.06718913804491645,0.0
2023-05,FOOD_ECM_PPI_R27,8,1.9396490366594572,0.0
2023-05,FOOD_ECM_PPI_R27,9,0.1909430958882472,0.0
2023-05,FOOD_ECM_PPI_R27,10,-0.10282948751670559,0.0
2023-05,FOOD_ECM_PPI_R27,11,-0.01618674922998101,0.0
2023-05,FOOD_ECM_PPI_R27,12,0.6322276613795654,0.0
2023-06,FOOD_ECM_R27,1,-1.1433595276608866,-0.2839272676437877
2023-06,FOOD_ECM_R27,2,-1.1062230636270725,-0.21294545073284074
2023-06,FOOD_ECM_R27,3,-0.8487876624687,-0.15970908804963055
2023-06,FOOD_ECM_R27,4,0.08810238821551976,-0.11978181603722292
2023-06,FOOD_ECM_R27,5,0.027037010196035105,-0.08983636202791719
2023-06,FOOD_ECM_R27,6,-0.19323592825436492,-0.06737727152093789
2023-06,FOOD_ECM_R27,7,1.8968571142619766,0.0
2023-06,FOOD_ECM_R27,8,0.15814529538954122,0.0
2023-06,FOOD_ECM_R27,9,-0.12712929791886957,0.0
2023-06,FOOD_ECM_R27,10,-0.03398967670933479,0.0
2023-06,FOOD_ECM_R27,11,0.6273914634561354,0.0
2023-06,FOOD_ECM_R27,12,0.01992561146576044,0.0
2023-06,FOOD_ECM_A002_R27,1,-0.8891121237281295,-0.029679863711030603
2023-06,FOOD_ECM_A002_R27,2,-0.9223638793310417,-0.02908626643680999
2023-06,FOOD_ECM_A002_R27,3,-0.7175831155271432,-0.02850454110807379
2023-06,FOOD_ECM_A002_R27,4,0.17994975396683036,-0.02793445028591231
2023-06,FOOD_ECM_A002_R27,5,0.08949761094375822,-0.027375761280194068
2023-06,FOOD_ECM_A002_R27,6,-0.15268690278801722,-0.026828246054590187
2023-06,FOOD_ECM_A002_R27,7,1.8968571142619766,0.0
2023-06,FOOD_ECM_A002_R27,8,0.15814529538954122,0.0
2023-06,FOOD_ECM_A002_R27,9,-0.12712929791886957,0.0
2023-06,FOOD_ECM_A002_R27,10,-0.03398967670933479,0.0
2023-06,FOOD_ECM_A002_R27,11,0.6273914634561354,0.0
2023-06,FOOD_ECM_A002_R27,12,0.01992561146576044,0.0
2023-06,FOOD_ECM_A005_R27,1,-0.9313605011535251,-0.07192824113642621
2023-06,FOOD_ECM_A005_R27,2,-0.9616094419738366,-0.0683318290796049
2023-06,FOOD_ECM_A005_R27,3,-0.7539938120446941,-0.06491523762562465
2023-06,FOOD_ECM_A005_R27,4,0.14621472850839926,-0.061669475744343415
2023-06,FOOD_ECM_A005_R27,5,0.05828737026682606,-0.05858600195712623
2023-06,FOOD_ECM_A005_R27,6,-0.18151535859269696,-0.05565670185926992
2023-06,FOOD_ECM_A005_R27,7,1.8968571142619766,0.0
2023-06,FOOD_ECM_A005_R27,8,0.15814529538954122,0.0
2023-06,FOOD_ECM_A005_R27,9,-0.12712929791886957,0.0
2023-06,FOOD_ECM_A005_R27,10,-0.03398967670933479,0.0
2023-06,FOOD_ECM_A005_R27,11,0.6273914634561354,0.0
2023-06,FOOD_ECM_A005_R27,12,0.01992561146576044,0.0
2023-06,FOOD_ECM_A010_R27,1,-0.995717348486117,-0.13628508846901807
2023-06,FOOD_ECM_A010_R27,2,-1.0159341925163479,-0.12265657962211628
2023-06,FOOD_ECM_A010_R27,3,-0.7994694960789741,-0.11039092165990466
2023-06,FOOD_ECM_A010_R27,4,0.10853237475882849,-0.09935182949391419
2023-06,FOOD_ECM_A010_R27,5,0.027456725679429514,-0.08941664654452278
2023-06,FOOD_ECM_A010_R27,6,-0.20633363862349752,-0.08047498189007049
2023-06,FOOD_ECM_A010_R27,7,1.8968571142619766,0.0
2023-06,FOOD_ECM_A010_R27,8,0.15814529538954122,0.0
2023-06,FOOD_ECM_A010_R27,9,-0.12712929791886957,0.0
2023-06,FOOD_ECM_A010_R27,10,-0.03398967670933479,0.0
2023-06,FOOD_ECM_A010_R27,11,0.6273914634561354,0.0
2023-06,FOOD_ECM_A010_R27,12,0.01992561146576044,0.0
2023-06,FOOD_ECM_A015_R27,1,-1.0525028020148746,-0.1930705419977756
2023-06,FOOD_ECM_A015_R27,2,-1.057387573592341,-0.16410996069810924
2023-06,FOOD_ECM_A015_R27,3,-0.8285720410124622,-0.13949346659339285
2023-06,FOOD_ECM_A015_R27,4,0.08931475764835876,-0.11856944660438391
2023-06,FOOD_ECM_A015_R27,5,0.016089342610225946,-0.10078402961372634
2023-06,FOOD_ECM_A015_R27,6,-0.2115250819050944,-0.08566642517166738
2023-06,FOOD_ECM_A015_R27,7,1.8968571142619766,0.0
2023-06,FOOD_ECM_A015_R27,8,0.15814529538954122,0.0
2023-06,FOOD_ECM_A015_R27,9,-0.12712929791886957,0.0
2023-06,FOOD_ECM_A015_R27,10,-0.03398967670933479,0.0
2023-06,FOOD_ECM_A015_R27,11,0.6273914634561354,0.0
2023-06,FOOD_ECM_A015_R27,12,0.01992561146576044,0.0
2023-06,FOOD_ECM_PPI_R27,1,-1.2300784109642342,-0.37064615094713527
2023-06,FOOD_ECM_PPI_R27,2,-1.171262226104583,-0.27798461321035145
2023-06,FOOD_ECM_PPI_R27,3,-0.8975670343268329,-0.20848845990776357
2023-06,FOOD_ECM_PPI_R27,4,0.05151785932191999,-0.1563663449308227
2023-06,FOOD_ECM_PPI_R27,5,-0.00040138647416472495,-0.11727475869811702
2023-06,FOOD_ECM_PPI_R27,6,-0.21381472575701477,-0.08795606902358775
2023-06,FOOD_ECM_PPI_R27,7,1.8968571142619766,0.0
2023-06,FOOD_ECM_PPI_R27,8,0.15814529538954122,0.0
2023-06,FOOD_ECM_PPI_R27,9,-0.12712929791886957,0.0
2023-06,FOOD_ECM_PPI_R27,10,-0.03398967670933479,0.0
2023-06,FOOD_ECM_PPI_R27,11,0.6273914634561354,0.0
2023-06,FOOD_ECM_PPI_R27,12,0.01992561146576044,0.0
2023-07,FOOD_ECM_R27,1,-1.1054018925504494,-0.26494676427737307
2023-07,FOOD_ECM_R27,2,-0.827011238831823,-0.1987100732080298
2023-07,FOOD_ECM_R27,3,0.10034639703113954,-0.14903255490602235
2023-07,FOOD_ECM_R27,4,0.04580127051113432,-0.11177441617951676
2023-07,FOOD_ECM_R27,5,-0.18098942684299874,-0.08383081213463758
2023-07,FOOD_ECM_R27,6,1.8568111565026009,-0.06287310910097818
2023-07,FOOD_ECM_R27,7,0.17835250605652894,0.0
2023-07,FOOD_ECM_R27,8,-0.1103287998042671,0.0
2023-07,FOOD_ECM_R27,9,-0.01944505290404655,0.0
2023-07,FOOD_ECM_R27,10,0.6400927586079326,0.0
2023-07,FOOD_ECM_R27,11,-0.0012338092592478478,0.0
2023-07,FOOD_ECM_R27,12,-0.32635805517069516,0.0
2023-07,FOOD_ECM_A002_R27,1,-0.868150896698871,-0.027695768425794732
2023-07,FOOD_ECM_A002_R27,2,-0.655443018681072,-0.027141853057278835
2023-07,FOOD_ECM_A002_R27,3,0.22277993594102863,-0.02659901599613326
2023-07,FOOD_ECM_A002_R27,4,0.13150865101444048,-0.026067035676210593
2023-07,FOOD_ECM_A002_R27,5,-0.12270430967104753,-0.025545694962686383
2023-07,FOOD_ECM_A002_R27,6,1.8946494845401465,-0.025034781063432654
2023-07,FOOD_ECM_A002_R27,7,0.17835250605652894,0.0
2023-07,FOOD_ECM_A002_R27,8,-0.1103287998042671,0.0
2023-07,FOOD_ECM_A002_R27,9,-0.01944505290404655,0.0
2023-07,FOOD_ECM_A002_R27,10,0.6400927586079326,0.0
2023-07,FOOD_ECM_A002_R27,11,-0.0012338092592478478,0.0
2023-07,FOOD_ECM_A002_R27,12,-0.32635805517069516,0.0
2023-07,FOOD_ECM_A005_R27,1,-0.9075749752233442,-0.06711984695026785
2023-07,FOOD_ECM_A005_R27,2,-0.6920650202265477,-0.06376385460275445
2023-07,FOOD_ECM_A005_R27,3,0.18880329006454516,-0.060575661872616725
2023-07,FOOD_ECM_A005_R27,4,0.1000288079116652,-0.057546878778985885
2023-07,FOOD_ECM_A005_R27,5,-0.15182814954839774,-0.05466953484003658
2023-07,FOOD_ECM_A005_R27,6,1.8677482075055443,-0.051936058098034754
2023-07,FOOD_ECM_A005_R27,7,0.17835250605652894,0.0
2023-07,FOOD_ECM_A005_R27,8,-0.1103287998042671,0.0
2023-07,FOOD_ECM_A005_R27,9,-0.01944505290404655,0.0
2023-07,FOOD_ECM_A005_R27,10,0.6400927586079326,0.0
2023-07,FOOD_ECM_A005_R27,11,-0.0012338092592478478,0.0
2023-07,FOOD_ECM_A005_R27,12,-0.32635805517069516,0.0
2023-07,FOOD_ECM_A010_R27,1,-0.9676295751262154,-0.12717444685313908
2023-07,FOOD_ECM_A010_R27,2,-0.7427581677916184,-0.11445700216782517
2023-07,FOOD_ECM_A010_R27,3,0.14636764998611923,-0.10301130195104266
2023-07,FOOD_ECM_A010_R27,4,0.0648655149347127,-0.09271017175593839
2023-07,FOOD_ECM_A010_R27,5,-0.1805977692887057,-0.08343915458034455
2023-07,FOOD_ECM_A010_R27,6,1.844589026481269,-0.0750952391223101
2023-07,FOOD_ECM_A010_R27,7,0.17835250605652894,0.0
2023-07,FOOD_ECM_A010_R27,8,-0.1103287998042671,0.0
2023-07,FOOD_ECM_A010_R27,9,-0.01944505290404655,0.0
2023-07,FOOD_ECM_A010_R27,10,0.6400927586079326,0.0
2023-07,FOOD_ECM_A010_R27,11,-0.0012338092592478478,0.0
2023-07,FOOD_ECM_A010_R27,12,-0.32635805517069516,0.0
2023-07,FOOD_ECM_A015_R27,1,-1.02061892798169,-0.1801637997086137
2023-07,FOOD_ECM_A015_R27,2,-0.7814403953761149,-0.15313922975232164
2023-07,FOOD_ECM_A015_R27,3,0.11921060664768851,-0.13016834528947338
2023-07,FOOD_ECM_A015_R27,4,0.04693259319459872,-0.11064309349605236
2023-07,FOOD_ECM_A015_R27,5,-0.19120524418000567,-0.09404662947164452
2023-07,FOOD_ECM_A015_R27,6,1.8397446305526812,-0.07993963505089784
2023-07,FOOD_ECM_A015_R27,7,0.17835250605652894,0.0
2023-07,FOOD_ECM_A015_R27,8,-0.1103287998042671,0.0
2023-07,FOOD_ECM_A015_R27,9,-0.01944505290404655,0.0
2023-07,FOOD_ECM_A015_R27,10,0.6400927586079326,0.0
2023-07,FOOD_ECM_A015_R27,11,-0.0012338092592478478,0.0
2023-07,FOOD_ECM_A015_R27,12,-0.32635805517069516,0.0
2023-07,FOOD_ECM_PPI_R27,1,-1.2427968967522474,-0.40234176847917114
2023-07,FOOD_ECM_PPI_R27,2,-0.9300574919831716,-0.3017563263593783
2023-07,FOOD_ECM_PPI_R27,3,0.023061707167628148,-0.22631724476953374
2023-07,FOOD_ECM_PPI_R27,4,-0.012162246886499223,-0.1697379335771503
2023-07,FOOD_ECM_PPI_R27,5,-0.2244620648912239,-0.12730345018286274
2023-07,FOOD_ECM_PPI_R27,6,1.824206677966432,-0.09547758763714705
2023-07,FOOD_ECM_PPI_R27,7,0.17835250605652894,0.0
2023-07,FOOD_ECM_PPI_R27,8,-0.1103287998042671,0.0
2023-07,FOOD_ECM_PPI_R27,9,-0.01944505290404655,0.0
2023-07,FOOD_ECM_PPI_R27,10,0.6400927586079326,0.0
2023-07,FOOD_ECM_PPI_R27,11,-0.0012338092592478478,0.0
2023-07,FOOD_ECM_PPI_R27,12,-0.32635805517069516,0.0
2023-08,FOOD_ECM_R27,1,-0.9231265486634296,-0.24349324001619452
2023-08,FOOD_ECM_R27,2,0.021368685013990474,-0.18261993001214588
2023-08,FOOD_ECM_R27,3,-0.014583346164965927,-0.13696494750910942
2023-08,FOOD_ECM_R27,4,-0.22925991515683702,-0.10272371063183207
2023-08,FOOD_ECM_R27,5,1.8199761273524888,-0.07704278297387404
2023-08,FOOD_ECM_R27,6,0.1047687144059308,-0.05778208723040554
2023-08,FOOD_ECM_R27,7,-0.12113758440660519,0.0
2023-08,FOOD_ECM_R27,8,-0.026230135377287276,0.0
2023-08,FOOD_ECM_R27,9,0.6364823980452619,0.0
2023-08,FOOD_ECM_R27,10,-0.002342599854878919,0.0
2023-08,FOOD_ECM_R27,11,-0.4122264442123668,0.0
2023-08,FOOD_ECM_R27,12,-0.5023745010986379,0.0
2023-08,FOOD_ECM_A002_R27,1,-0.7050864686702613,-0.0254531600230262
2023-08,FOOD_ECM_A002_R27,2,0.17904451820357067,-0.024944096822565678
2023-08,FOOD_ECM_A002_R27,3,0.09793638645802913,-0.024445214886114362
2023-08,FOOD_ECM_A002_R27,4,-0.150492515113397,-0.023956310588392073
2023-08,FOOD_ECM_A002_R27,5,1.8735417259497387,-0.023477184376624233
2023-08,FOOD_ECM_A002_R27,6,0.1395431609472446,-0.02300764068909175
2023-08,FOOD_ECM_A002_R27,7,-0.12113758440660519,0.0
2023-08,FOOD_ECM_A002_R27,8,-0.026230135377287276,0.0
2023-08,FOOD_ECM_A002_R27,9,0.6364823980452619,0.0
2023-08,FOOD_ECM_A002_R27,10,-0.002342599854878919,0.0
2023-08,FOOD_ECM_A002_R27,11,-0.4122264442123668,0.0
2023-08,FOOD_ECM_A002_R27,12,-0.5023745010986379,0.0
2023-08,FOOD_ECM_A005_R27,1,-0.741318262784671,-0.06168495413743595
2023-08,FOOD_ECM_A005_R27,2,0.1453879085955722,-0.058600706430564156
2023-08,FOOD_ECM_A005_R27,3,0.06671093023510756,-0.05567067110903594
2023-08,FOOD_ECM_A005_R27,4,-0.1794233420785891,-0.052887137553584145
2023-08,FOOD_ECM_A005_R27,5,1.846776129650458,-0.05024278067590493
2023-08,FOOD_ECM_A005_R27,6,0.11482015999422665,-0.04773064164210968
2023-08,FOOD_ECM_A005_R27,7,-0.12113758440660519,0.0
2023-08,FOOD_ECM_A005_R27,8,-0.026230135377287276,0.0
2023-08,FOOD_ECM_A005_R27,9,0.6364823980452619,0.0
2023-08,FOOD_ECM_A005_R27,10,-0.002342599854878919,0.0
2023-08,FOOD_ECM_A005_R27,11,-0.4122264442123668,0.0
2023-08,FOOD_ECM_A005_R27,12,-0.5023745010986379,0.0
2023-08,FOOD_ECM_A010_R27,1,-0.7965100638550084,-0.11687675520777338
2023-08,FOOD_ECM_A010_R27,2,0.09879953533914031,-0.10518907968699605
2023-08,FOOD_ECM_A010_R27,3,0.02771142962584705,-0.09467017171829645
2023-08,FOOD_ECM_A010_R27,4,-0.21173935907147173,-0.0852031545464668
2023-08,FOOD_ECM_A010_R27,5,1.8203360712345427,-0.07668283909182012
2023-08,FOOD_ECM_A010_R27,6,0.09353624645369822,-0.06901455518263812
2023-08,FOOD_ECM_A010_R27,7,-0.12113758440660519,0.0
2023-08,FOOD_ECM_A010_R27,8,-0.026230135377287276,0.0
2023-08,FOOD_ECM_A010_R27,9,0.6364823980452619,0.0
2023-08,FOOD_ECM_A010_R27,10,-0.002342599854878919,0.0
2023-08,FOOD_ECM_A010_R27,11,-0.4122264442123668,0.0
2023-08,FOOD_ECM_A010_R27,12,-0.5023745010986379,0.0
2023-08,FOOD_ECM_A015_R27,1,-0.8452087118582473,-0.16557540321101225
2023-08,FOOD_ECM_A015_R27,2,0.06324952229677594,-0.14073909272936042
2023-08,FOOD_ECM_A015_R27,3,0.002753372524187156,-0.11962822881995634
2023-08,FOOD_ECM_A015_R27,4,-0.22822019902196783,-0.10168399449696289
2023-08,FOOD_ECM_A015_R27,5,1.8105875150039443,-0.08643139532241846
2023-08,FOOD_ECM_A015_R27,6,0.08908411561228066,-0.07346668602405568
2023-08,FOOD_ECM_A015_R27,7,-0.12113758440660519,0.0
2023-08,FOOD_ECM_A015_R27,8,-0.026230135377287276,0.0
2023-08,FOOD_ECM_A015_R27,9,0.6364823980452619,0.0
2023-08,FOOD_ECM_A015_R27,10,-0.002342599854878919,0.0
2023-08,FOOD_ECM_A015_R27,11,-0.4122264442123668,0.0
2023-08,FOOD_ECM_A015_R27,12,-0.5023745010986379,0.0
2023-08,FOOD_ECM_PPI_R27,1,-1.0765628132300744,-0.3969295045828395
2023-08,FOOD_ECM_PPI_R27,2,-0.09370851341099323,-0.2976971284371296
2023-08,FOOD_ECM_PPI_R27,3,-0.10089124498370372,-0.22327284632784722
2023-08,FOOD_ECM_PPI_R27,4,-0.2939908392708903,-0.1674546347458854
2023-08,FOOD_ECM_PPI_R27,5,1.7714279342669488,-0.12559097605941405
2023-08,FOOD_ECM_PPI_R27,6,0.0683575695917758,-0.09419323204456054
2023-08,FOOD_ECM_PPI_R27,7,-0.12113758440660519,0.0
2023-08,FOOD_ECM_PPI_R27,8,-0.026230135377287276,0.0
2023-08,FOOD_ECM_PPI_R27,9,0.6364823980452619,0.0
2023-08,FOOD_ECM_PPI_R27,10,-0.002342599854878919,0.0
2023-08,FOOD_ECM_PPI_R27,11,-0.4122264442123668,0.0
2023-08,FOOD_ECM_PPI_R27,12,-0.5023745010986379,0.0
2023-09,FOOD_ECM_R27,1,-0.09605155435821033,-0.20328535946094523
2023-09,FOOD_ECM_R27,2,-0.12987928515220795,-0.1524640195957089
2023-09,FOOD_ECM_R27,3,-0.3133216557428503,-0.11434801469678169
2023-09,FOOD_ECM_R27,4,1.7450206254539813,-0.08576101102258626
2023-09,FOOD_ECM_R27,5,0.045310365589832785,-0.0643207582669397
2023-09,FOOD_ECM_R27,6,-0.2076715662145595,-0.048240568700204774
2023-09,FOOD_ECM_R27,7,-0.05596418413835308,0.0
2023-09,FOOD_ECM_R27,8,0.6137274710550878,0.0
2023-09,FOOD_ECM_R27,9,-0.019667715905501756,0.0
2023-09,FOOD_ECM_R27,10,-0.42524561637569236,0.0
2023-09,FOOD_ECM_R27,11,-0.5286845682624999,0.0
2023-09,FOOD_ECM_R27,12,-0.32574060705716434,0.0
2023-09,FOOD_ECM_A002_R27,1,0.08598370886041742,-0.021250096242317475
2023-09,FOOD_ECM_A002_R27,2,0.0017596401260298322,-0.02082509431747112
2023-09,FOOD_ECM_A002_R27,3,-0.2193822334771903,-0.0204085924311217
2023-09,FOOD_ECM_A002_R27,4,1.8107812158940684,-0.020000420582499265
2023-09,FOOD_ECM_A002_R27,5,0.0900307116859232,-0.01960041217084928
2023-09,FOOD_ECM_A002_R27,6,-0.17863940144178703,-0.019208403927432297
2023-09,FOOD_ECM_A002_R27,7,-0.05596418413835308,0.0
2023-09,FOOD_ECM_A002_R27,8,0.6137274710550878,0.0
2023-09,FOOD_ECM_A002_R27,9,-0.019667715905501756,0.0
2023-09,FOOD_ECM_A002_R27,10,-0.42524561637569236,0.0
2023-09,FOOD_ECM_A002_R27,11,-0.5286845682624999,0.0
2023-09,FOOD_ECM_A002_R27,12,-0.32574060705716434,0.0
2023-09,FOOD_ECM_A005_R27,1,0.05573484737262877,-0.05149895773010612
2023-09,FOOD_ECM_A005_R27,2,-0.02633927540009986,-0.04892400984360081
2023-09,FOOD_ECM_A005_R27,3,-0.24545145039748936,-0.04647780935142077
2023-09,FOOD_ECM_A005_R27,4,1.7866277175927179,-0.04415391888384973
2023-09,FOOD_ECM_A005_R27,5,0.06768490091711524,-0.04194622293965724
2023-09,FOOD_ECM_A005_R27,6,-0.19927990930702913,-0.03984891179267438
2023-09,FOOD_ECM_A005_R27,7,-0.05596418413835308,0.0
2023-09,FOOD_ECM_A005_R27,8,0.6137274710550878,0.0
2023-09,FOOD_ECM_A005_R27,9,-0.019667715905501756,0.0
2023-09,FOOD_ECM_A005_R27,10,-0.42524561637569236,0.0
2023-09,FOOD_ECM_A005_R27,11,-0.5286845682624999,0.0
2023-09,FOOD_ECM_A005_R27,12,-0.32574060705716434,0.0
2023-09,FOOD_ECM_A010_R27,1,0.009656832561481185,-0.0975769725412537
2023-09,FOOD_ECM_A010_R27,2,-0.06523454084362738,-0.08781927528712834
2023-09,FOOD_ECM_A010_R27,3,-0.2780109888044841,-0.07903734775841552
2023-09,FOOD_ECM_A010_R27,4,1.7596480234939937,-0.07113361298257395
2023-09,FOOD_ECM_A010_R27,5,0.04561087217245592,-0.06402025168431656
2023-09,FOOD_ECM_A010_R27,6,-0.21704922403023966,-0.057618226515884906
2023-09,FOOD_ECM_A010_R27,7,-0.05596418413835308,0.0
2023-09,FOOD_ECM_A010_R27,8,0.6137274710550878,0.0
2023-09,FOOD_ECM_A010_R27,9,-0.019667715905501756,0.0
2023-09,FOOD_ECM_A010_R27,10,-0.42524561637569236,0.0
2023-09,FOOD_ECM_A010_R27,11,-0.5286845682624999,0.0
2023-09,FOOD_ECM_A010_R27,12,-0.32574060705716434,0.0
2023-09,FOOD_ECM_A015_R27,1,-0.031000239330707835,-0.13823404443344273
2023-09,FOOD_ECM_A015_R27,2,-0.09491420332492537,-0.11749893776842632
2023-09,FOOD_ECM_A015_R27,3,-0.29884773814923093,-0.09987409710316236
2023-09,FOOD_ECM_A015_R27,4,1.7458886539388796,-0.08489298253768801
2023-09,FOOD_ECM_A015_R27,5,0.03747208869973767,-0.07215903515703481
2023-09,FOOD_ECM_A015_R27,6,-0.22076617739783433,-0.061335179883479585
2023-09,FOOD_ECM_A015_R27,7,-0.05596418413835308,0.0
2023-09,FOOD_ECM_A015_R27,8,0.6137274710550878,0.0
2023-09,FOOD_ECM_A015_R27,9,-0.019667715905501756,0.0
2023-09,FOOD_ECM_A015_R27,10,-0.42524561637569236,0.0
2023-09,FOOD_ECM_A015_R27,11,-0.5286845682624999,0.0
2023-09,FOOD_ECM_A015_R27,12,-0.32574060705716434,0.0
2023-09,FOOD_ECM_PPI_R27,1,-0.28353632734864687,-0.39077013245138176
2023-09,FOOD_ECM_PPI_R27,2,-0.2704928648950354,-0.29307759933853633
2023-09,FOOD_ECM_PPI_R27,3,-0.4187818405499708,-0.21980819950390224
2023-09,FOOD_ECM_PPI_R27,4,1.665925486848641,-0.1648561496279267
2023-09,FOOD_ECM_PPI_R27,5,-0.014010988364172527,-0.12364211222094501
2023-09,FOOD_ECM_PPI_R27,6,-0.2521625816800635,-0.09273158416570876
2023-09,FOOD_ECM_PPI_R27,7,-0.05596418413835308,0.0
2023-09,FOOD_ECM_PPI_R27,8,0.6137274710550878,0.0
2023-09,FOOD_ECM_PPI_R27,9,-0.019667715905501756,0.0
2023-09,FOOD_ECM_PPI_R27,10,-0.42524561637569236,0.0
2023-09,FOOD_ECM_PPI_R27,11,-0.5286845682624999,0.0
2023-09,FOOD_ECM_PPI_R27,12,-0.32574060705716434,0.0
2023-10,FOOD_ECM_R27,1,-0.245955200947003,-0.1956410931498
2023-10,FOOD_ECM_R27,2,-0.4264504546159392,-0.14673081986235
2023-10,FOOD_ECM_R27,3,1.6742745390386384,-0.1100481148967625
2023-10,FOOD_ECM_R27,4,-0.018301342952306426,-0.08253608617257188
2023-10,FOOD_ECM_R27,5,-0.24374708737797696,-0.06190206462942891
2023-10,FOOD_ECM_R27,6,-0.11443478372304278,-0.04642654847207168
2023-10,FOOD_ECM_R27,7,0.6085257849421835,0.0
2023-10,FOOD_ECM_R27,8,-0.01760561623130394,0.0
2023-10,FOOD_ECM_R27,9,-0.4181059447253225,0.0
2023-10,FOOD_ECM_R27,10,-0.5172935549012768,0.0
2023-10,FOOD_ECM_R27,11,-0.6034512942785194,0.0
2023-10,FOOD_ECM_R27,12,0.49910442517659925,0.0
2023-10,FOOD_ECM_A002_R27,1,-0.07076512340112875,-0.02045101560392576
2023-10,FOOD_ECM_A002_R27,2,-0.29976163004543643,-0.020041995291847244
2023-10,FOOD_ECM_A002_R27,3,1.7646814985493906,-0.019641155386010297
2023-10,FOOD_ECM_A002_R27,4,0.04498641094197536,-0.019248332278290092
2023-10,FOOD_ECM_A002_R27,5,-0.20070838838127233,-0.01886336563272429
2023-10,FOOD_ECM_A002_R27,6,-0.08649433357104089,-0.018486098320069803
2023-10,FOOD_ECM_A002_R27,7,0.6085257849421835,0.0
2023-10,FOOD_ECM_A002_R27,8,-0.01760561623130394,0.0
2023-10,FOOD_ECM_A002_R27,9,-0.4181059447253225,0.0
2023-10,FOOD_ECM_A002_R27,10,-0.5172935549012768,0.0
2023-10,FOOD_ECM_A002_R27,11,-0.6034512942785194,0.0
2023-10,FOOD_ECM_A002_R27,12,0.49910442517659925,0.0
2023-10,FOOD_ECM_A005_R27,1,-0.09987651806181899,-0.049562410264616004
2023-10,FOOD_ECM_A005_R27,2,-0.3268039245049744,-0.047084289751385205
2023-10,FOOD_ECM_A005_R27,3,1.739592578671585,-0.044730075263815935
2023-10,FOOD_ECM_A005_R27,4,0.021741171719640316,-0.04249357150062514
2023-10,FOOD_ECM_A005_R27,5,-0.22221391567414192,-0.040368892925593876
2023-10,FOOD_ECM_A005_R27,6,-0.10635868353028527,-0.038350448279314185
2023-10,FOOD_ECM_A005_R27,7,0.6085257849421835,0.0
2023-10,FOOD_ECM_A005_R27,8,-0.01760561623130394,0.0
2023-10,FOOD_ECM_A005_R27,9,-0.4181059447253225,0.0
2023-10,FOOD_ECM_A005_R27,10,-0.5172935549012768,0.0
2023-10,FOOD_ECM_A005_R27,11,-0.6034512942785194,0.0
2023-10,FOOD_ECM_A005_R27,12,0.49910442517659925,0.0
2023-10,FOOD_ECM_A010_R27,1,-0.144221832509107,-0.093907724711904
2023-10,FOOD_ECM_A010_R27,2,-0.3642365869943028,-0.08451695224071361
2023-10,FOOD_ECM_A010_R27,3,1.7082573969187587,-0.07606525701664225
2023-10,FOOD_ECM_A010_R27,4,-0.004223988094712569,-0.06845873131497802
2023-10,FOOD_ECM_A010_R27,5,-0.24345788093202828,-0.06161285818348023
2023-10,FOOD_ECM_A010_R27,6,-0.1234598076161033,-0.05545157236513221
2023-10,FOOD_ECM_A010_R27,7,0.6085257849421835,0.0
2023-10,FOOD_ECM_A010_R27,8,-0.01760561623130394,0.0
2023-10,FOOD_ECM_A010_R27,9,-0.4181059447253225,0.0
2023-10,FOOD_ECM_A010_R27,10,-0.5172935549012768,0.0
2023-10,FOOD_ECM_A010_R27,11,-0.6034512942785194,0.0
2023-10,FOOD_ECM_A010_R27,12,0.49910442517659925,0.0
2023-10,FOOD_ECM_A015_R27,1,-0.183350051139067,-0.133035943341864
2023-10,FOOD_ECM_A015_R27,2,-0.3928001865941736,-0.11308055184058438
2023-10,FOOD_ECM_A015_R27,3,1.6882041848709042,-0.09611846906449673
2023-10,FOOD_ECM_A015_R27,4,-0.01746595548455676,-0.08170069870482222
2023-10,FOOD_ECM_A015_R27,5,-0.25129061664764696,-0.06944559389909889
2023-10,FOOD_ECM_A015_R27,6,-0.12703699006520514,-0.05902875481423405
2023-10,FOOD_ECM_A015_R27,7,0.6085257849421835,0.0
2023-10,FOOD_ECM_A015_R27,8,-0.01760561623130394,0.0
2023-10,FOOD_ECM_A015_R27,9,-0.4181059447253225,0.0
2023-10,FOOD_ECM_A015_R27,10,-0.5172935549012768,0.0
2023-10,FOOD_ECM_A015_R27,11,-0.6034512942785194,0.0
2023-10,FOOD_ECM_A015_R27,12,0.49910442517659925,0.0
2023-10,FOOD_ECM_PPI_R27,1,-0.3928180772723083,-0.3425039694751053
2023-10,FOOD_ECM_PPI_R27,2,-0.5365976118599182,-0.256877977106329
2023-10,FOOD_ECM_PPI_R27,3,1.5916641711056543,-0.1926584828297467
2023-10,FOOD_ECM_PPI_R27,4,-0.0802591189020446,-0.14449386212231005
2023-10,FOOD_ECM_PPI_R27,5,-0.2902154193402806,-0.10837039659173253
2023-10,FOOD_ECM_PPI_R27,6,-0.14928603269477048,-0.0812777974437994
2023-10,FOOD_ECM_PPI_R27,7,0.6085257849421835,0.0
2023-10,FOOD_ECM_PPI_R27,8,-0.01760561623130394,0.0
2023-10,FOOD_ECM_PPI_R27,9,-0.4181059447253225,0.0
2023-10,FOOD_ECM_PPI_R27,10,-0.5172935549012768,0.0
2023-10,FOOD_ECM_PPI_R27,11,-0.6034512942785194,0.0
2023-10,FOOD_ECM_PPI_R27,12,0.49910442517659925,0.0
2023-11,FOOD_ECM_R27,1,-0.6587274188596152,-0.27567640529787474
2023-11,FOOD_ECM_R27,2,1.4968879893815383,-0.20675730397340608
2023-11,FOOD_ECM_R27,3,-0.17055893016444376,-0.15506797798005456
2023-11,FOOD_ECM_R27,4,-0.36071647885708097,-0.11630098348504092
2023-11,FOOD_ECM_R27,5,-0.22157945915951258,-0.08722573761378069
2023-11,FOOD_ECM_R27,6,0.4908632153239335,-0.06541930321033551
2023-11,FOOD_ECM_R27,7,-0.060504095133832064,0.0
2023-11,FOOD_ECM_R27,8,-0.4549469339744002,0.0
2023-11,FOOD_ECM_R27,9,-0.5485695750363779,0.0
2023-11,FOOD_ECM_R27,10,-0.630573423405627,0.0
2023-11,FOOD_ECM_R27,11,0.6157983842552838,0.0
2023-11,FOOD_ECM_R27,12,0.3358787653111064,0.0
2023-11,FOOD_ECM_A002_R27,1,-0.41186838712887824,-0.02881737356713784
2023-11,FOOD_ECM_A002_R27,2,1.6754042672591494,-0.028241026095795083
2023-11,FOOD_ECM_A002_R27,3,-0.04316715775826838,-0.027676205573879183
2023-11,FOOD_ECM_A002_R27,4,-0.27153817683444165,-0.027122681462401595
2023-11,FOOD_ECM_A002_R27,5,-0.16093394937888544,-0.026580227833153565
2023-11,FOOD_ECM_A002_R27,6,0.5302338952577785,-0.026048623276490494
2023-11,FOOD_ECM_A002_R27,7,-0.060504095133832064,0.0
2023-11,FOOD_ECM_A002_R27,8,-0.4549469339744002,0.0
2023-11,FOOD_ECM_A002_R27,9,-0.5485695750363779,0.0
2023-11,FOOD_ECM_A002_R27,10,-0.630573423405627,0.0
2023-11,FOOD_ECM_A002_R27,11,0.6157983842552838,0.0
2023-11,FOOD_ECM_A002_R27,12,0.3358787653111064,0.0
2023-11,FOOD_ECM_A005_R27,1,-0.452889036237202,-0.0698380226754616
2023-11,FOOD_ECM_A005_R27,2,1.637299171813256,-0.06634612154168854
2023-11,FOOD_ECM_A005_R27,3,-0.0785197676489933,-0.0630288154646041
2023-11,FOOD_ECM_A005_R27,4,-0.30429287006341393,-0.05987737469137389
2023-11,FOOD_ECM_A005_R27,5,-0.19123722750253708,-0.056883505956805185
2023-11,FOOD_ECM_A005_R27,6,0.5022431878753041,-0.05403933065896493
2023-11,FOOD_ECM_A005_R27,7,-0.060504095133832064,0.0
2023-11,FOOD_ECM_A005_R27,8,-0.4549469339744002,0.0
2023-11,FOOD_ECM_A005_R27,9,-0.5485695750363779,0.0
2023-11,FOOD_ECM_A005_R27,10,-0.630573423405627,0.0
2023-11,FOOD_ECM_A005_R27,11,0.6157983842552838,0.0
2023-11,FOOD_ECM_A005_R27,12,0.3358787653111064,0.0
2023-11,FOOD_ECM_A010_R27,1,-0.5153756881047203,-0.13232467454297991
2023-11,FOOD_ECM_A010_R27,2,1.5845530862662625,-0.11909220708868191
2023-11,FOOD_ECM_A010_R27,3,-0.12267393856420293,-0.10718298637981373
2023-11,FOOD_ECM_A010_R27,4,-0.3408801831138724,-0.09646468774183235
2023-11,FOOD_ECM_A010_R27,5,-0.22117194051338102,-0.08681821896764912
2023-11,FOOD_ECM_A010_R27,6,0.4781461214633848,-0.07813639707088421
2023-11,FOOD_ECM_A010_R27,7,-0.060504095133832064,0.0
2023-11,FOOD_ECM_A010_R27,8,-0.4549469339744002,0.0
2023-11,FOOD_ECM_A010_R27,9,-0.5485695750363779,0.0
2023-11,FOOD_ECM_A010_R27,10,-0.630573423405627,0.0
2023-11,FOOD_ECM_A010_R27,11,0.6157983842552838,0.0
2023-11,FOOD_ECM_A010_R27,12,0.3358787653111064,0.0
2023-11,FOOD_ECM_A015_R27,1,-0.5705109691642952,-0.18745995560255482
2023-11,FOOD_ECM_A015_R27,2,1.5443043310927729,-0.1593409622621716
2023-11,FOOD_ECM_A015_R27,3,-0.15093077010723505,-0.13543981792284585
2023-11,FOOD_ECM_A015_R27,4,-0.359539340606459,-0.11512384523441896
2023-11,FOOD_ECM_A015_R27,5,-0.232208989994988,-0.09785526844925613
2023-11,FOOD_ECM_A015_R27,6,0.4731055403524013,-0.0831769781818677
2023-11,FOOD_ECM_A015_R27,7,-0.060504095133832064,0.0
2023-11,FOOD_ECM_A015_R27,8,-0.4549469339744002,0.0
2023-11,FOOD_ECM_A015_R27,9,-0.5485695750363779,0.0
2023-11,FOOD_ECM_A015_R27,10,-0.630573423405627,0.0
2023-11,FOOD_ECM_A015_R27,11,0.6157983842552838,0.0
2023-11,FOOD_ECM_A015_R27,12,0.3358787653111064,0.0
2023-11,FOOD_ECM_PPI_R27,1,-0.8539690442564393,-0.47091803069469884
2023-11,FOOD_ECM_PPI_R27,2,1.3504567703339203,-0.3531885230210241
2023-11,FOOD_ECM_PPI_R27,3,-0.28038234445015725,-0.2648913922657681
2023-11,FOOD_ECM_PPI_R27,4,-0.4430840395713661,-0.19866854419932606
2023-11,FOOD_ECM_PPI_R27,5,-0.28335512969522647,-0.14900140814949456
2023-11,FOOD_ECM_PPI_R27,6,0.44453146242214814,-0.11175105611212091
2023-11,FOOD_ECM_PPI_R27,7,-0.060504095133832064,0.0
2023-11,FOOD_ECM_PPI_R27,8,-0.4549469339744002,0.0
2023-11,FOOD_ECM_PPI_R27,9,-0.5485695750363779,0.0
2023-11,FOOD_ECM_PPI_R27,10,-0.630573423405627,0.0
2023-11,FOOD_ECM_PPI_R27,11,0.6157983842552838,0.0
2023-11,FOOD_ECM_PPI_R27,12,0.3358787653111064,0.0
2023-12,FOOD_ECM_R27,1,1.6138784819414516,-0.20160079098357933
2023-12,FOOD_ECM_R27,2,-0.06670465720784098,-0.1512005932376845
2023-12,FOOD_ECM_R27,3,-0.2660121664956317,-0.11340044492826337
2023-12,FOOD_ECM_R27,4,-0.14875509755567937,-0.08505033369619754
2023-12,FOOD_ECM_R27,5,0.5623019971906185,-0.06378775027214814
2023-12,FOOD_ECM_R27,6,-0.057480502085516416,-0.04784081270411111
2023-12,FOOD_ECM_R27,7,-0.4156953206384172,0.0
2023-12,FOOD_ECM_R27,8,-0.5178705319054068,0.0
2023-12,FOOD_ECM_R27,9,-0.6073917454645114,0.0
2023-12,FOOD_ECM_R27,10,0.6333132470538334,0.0
2023-12,FOOD_ECM_R27,11,0.3859652764205838,0.0
2023-12,FOOD_ECM_R27,12,0.06290982847500429,0.0
2023-12,FOOD_ECM_A002_R27,1,1.7944052702408806,-0.02107400268415016
2023-12,FOOD_ECM_A002_R27,2,0.06384341339937637,-0.020652522630467154
2023-12,FOOD_ECM_A002_R27,3,-0.17285119374522614,-0.020239472177857813
2023-12,FOOD_ECM_A002_R27,4,-0.08353944659378248,-0.019834682734300654
2023-12,FOOD_ECM_A002_R27,5,0.6066517583831519,-0.019437989079614644
2023-12,FOOD_ECM_A002_R27,6,-0.028688918679427654,-0.01904922929802235
2023-12,FOOD_ECM_A002_R27,7,-0.4156953206384172,0.0
2023-12,FOOD_ECM_A002_R27,8,-0.5178705319054068,0.0
2023-12,FOOD_ECM_A002_R27,9,-0.6073917454645114,0.0
2023-12,FOOD_ECM_A002_R27,10,0.6333132470538334,0.0
2023-12,FOOD_ECM_A002_R27,11,0.3859652764205838,0.0
2023-12,FOOD_ECM_A002_R27,12,0.06290982847500429,0.0
2023-12,FOOD_ECM_A005_R27,1,1.764407072542524,-0.05107220038250677
2023-12,FOOD_ECM_A005_R27,2,0.035977345666462095,-0.04851859036338143
2023-12,FOOD_ECM_A005_R27,3,-0.19870438241258068,-0.04609266084521235
2023-12,FOOD_ECM_A005_R27,4,-0.10749279166243356,-0.04378802780295173
2023-12,FOOD_ECM_A005_R27,5,0.5844911210499625,-0.04159862641280414
2023-12,FOOD_ECM_A005_R27,6,-0.04915838447356924,-0.039518695092163936
2023-12,FOOD_ECM_A005_R27,7,-0.4156953206384172,0.0
2023-12,FOOD_ECM_A005_R27,8,-0.5178705319054068,0.0
2023-12,FOOD_ECM_A005_R27,9,-0.6073917454645114,0.0
2023-12,FOOD_ECM_A005_R27,10,0.6333132470538334,0.0
2023-12,FOOD_ECM_A005_R27,11,0.3859652764205838,0.0
2023-12,FOOD_ECM_A005_R27,12,0.06290982847500429,0.0
2023-12,FOOD_ECM_A010_R27,1,1.7187108932529127,-0.09676837967211808
2023-12,FOOD_ECM_A010_R27,2,-0.0025956056750627565,-0.08709154170490628
2023-12,FOOD_ECM_A010_R27,3,-0.23099410910178397,-0.07838238753441566
2023-12,FOOD_ECM_A010_R27,4,-0.1342489126404559,-0.07054414878097409
2023-12,FOOD_ECM_A010_R27,5,0.5626000135598899,-0.06348973390287668
2023-12,FOOD_ECM_A010_R27,6,-0.06678044989399431,-0.05714076051258901
2023-12,FOOD_ECM_A010_R27,7,-0.4156953206384172,0.0
2023-12,FOOD_ECM_A010_R27,8,-0.5178705319054068,0.0
2023-12,FOOD_ECM_A010_R27,9,-0.6073917454645114,0.0
2023-12,FOOD_ECM_A010_R27,10,0.6333132470538334,0.0
2023-12,FOOD_ECM_A010_R27,11,0.3859652764205838,0.0
2023-12,FOOD_ECM_A010_R27,12,0.06290982847500429,0.0
2023-12,FOOD_ECM_A015_R27,1,1.6783907350561968,-0.13708853786883396
2023-12,FOOD_ECM_A015_R27,2,-0.032029321158665316,-0.11652525718850884
2023-12,FOOD_ECM_A015_R27,3,-0.2516581901776008,-0.09904646861023252
2023-12,FOOD_ECM_A015_R27,4,-0.14789426217817947,-0.08418949831869764
2023-12,FOOD_ECM_A015_R27,5,0.5545286738918735,-0.07156107357089299
2023-12,FOOD_ECM_A015_R27,6,-0.07046660191666435,-0.06082691253525904
2023-12,FOOD_ECM_A015_R27,7,-0.4156953206384172,0.0
2023-12,FOOD_ECM_A015_R27,8,-0.5178705319054068,0.0
2023-12,FOOD_ECM_A015_R27,9,-0.6073917454645114,0.0
2023-12,FOOD_ECM_A015_R27,10,0.6333132470538334,0.0
2023-12,FOOD_ECM_A015_R27,11,0.3859652764205838,0.0
2023-12,FOOD_ECM_A015_R27,12,0.06290982847500429,0.0
2023-12,FOOD_ECM_PPI_R27,1,1.4601178329617912,-0.3553614399632396
2023-12,FOOD_ECM_PPI_R27,2,-0.18202514394258618,-0.2665210799724297
2023-12,FOOD_ECM_PPI_R27,3,-0.3525025315466906,-0.19989080997932226
2023-12,FOOD_ECM_PPI_R27,4,-0.2136228713439735,-0.1499181074844917
2023-12,FOOD_ECM_PPI_R27,5,0.5136511668493978,-0.11243858061336877
2023-12,FOOD_ECM_PPI_R27,6,-0.09396862484143188,-0.08432893546002658
2023-12,FOOD_ECM_PPI_R27,7,-0.4156953206384172,0.0
2023-12,FOOD_ECM_PPI_R27,8,-0.5178705319054068,0.0
2023-12,FOOD_ECM_PPI_R27,9,-0.6073917454645114,0.0
2023-12,FOOD_ECM_PPI_R27,10,0.6333132470538334,0.0
2023-12,FOOD_ECM_PPI_R27,11,0.3859652764205838,0.0
2023-12,FOOD_ECM_PPI_R27,12,0.06290982847500429,0.0
2024-01,FOOD_ECM_R27,1,0.07627152691666461,0.08447434595015535
2024-01,FOOD_ECM_R27,2,-0.2358328001257885,0.06335575946261651
2024-01,FOOD_ECM_R27,3,-0.07605882354571081,0.04751681959696238
2024-01,FOOD_ECM_R27,4,0.5827856820734173,0.03563761469772179
2024-01,FOOD_ECM_R27,5,-0.02348550869172143,0.02672821102329134
2024-01,FOOD_ECM_R27,6,-0.42006359693824047,0.020046158267468504
2024-01,FOOD_ECM_R27,7,-0.5386619552713127,0.0
2024-01,FOOD_ECM_R27,8,-0.6200502684382442,0.0
2024-01,FOOD_ECM_R27,9,0.6242032187959841,0.0
2024-01,FOOD_ECM_R27,10,0.38047604806920793,0.0
2024-01,FOOD_ECM_R27,11,-0.0058644117891783485,0.0
2024-01,FOOD_ECM_R27,12,2.04484384828179,0.0
2024-01,FOOD_ECM_A002_R27,1,0.0006275659298321697,0.008830384963322906
2024-01,FOOD_ECM_A002_R27,2,-0.29053478232434854,0.008653777264056446
2024-01,FOOD_ECM_A002_R27,3,-0.11509494142389787,0.008480701718775317
2024-01,FOOD_ECM_A002_R27,4,0.5554591550600954,0.008311087684399811
2024-01,FOOD_ECM_A002_R27,5,-0.042068853784300954,0.008144865930711816
2024-01,FOOD_ECM_A002_R27,6,-0.4321277865936114,0.007981968612097578
2024-01,FOOD_ECM_A002_R27,7,-0.5386619552713127,0.0
2024-01,FOOD_ECM_A002_R27,8,-0.6200502684382442,0.0
2024-01,FOOD_ECM_A002_R27,9,0.6242032187959841,0.0
2024-01,FOOD_ECM_A002_R27,10,0.38047604806920793,0.0
2024-01,FOOD_ECM_A002_R27,11,-0.0058644117891783485,0.0
2024-01,FOOD_ECM_A002_R27,12,2.04484384828179,0.0
2024-01,FOOD_ECM_A005_R27,1,0.013197348607215284,0.02140016764070602
2024-01,FOOD_ECM_A005_R27,2,-0.2788584003297343,0.02033015925867072
2024-01,FOOD_ECM_A005_R27,3,-0.104261991846936,0.019313651295737182
2024-01,FOOD_ECM_A005_R27,4,0.5654960361066459,0.018347968730950324
2024-01,FOOD_ECM_A005_R27,5,-0.03278314942060996,0.017430570294402804
2024-01,FOOD_ECM_A005_R27,6,-0.42355071342602635,0.016559041779682666
2024-01,FOOD_ECM_A005_R27,7,-0.5386619552713127,0.0
2024-01,FOOD_ECM_A005_R27,8,-0.6200502684382442,0.0
2024-01,FOOD_ECM_A005_R27,9,0.6242032187959841,0.0
2024-01,FOOD_ECM_A005_R27,10,0.38047604806920793,0.0
2024-01,FOOD_ECM_A005_R27,11,-0.0058644117891783485,0.0
2024-01,FOOD_ECM_A005_R27,12,2.04484384828179,0.0
2024-01,FOOD_ECM_A010_R27,1,0.03234486702258383,0.04054768605607457
2024-01,FOOD_ECM_A010_R27,2,-0.2626956421379379,0.036492917450467115
2024-01,FOOD_ECM_A010_R27,3,-0.09073201743725279,0.032843625705420404
2024-01,FOOD_ECM_A010_R27,4,0.5767073305105739,0.02955926313487836
2024-01,FOOD_ECM_A010_R27,5,-0.02361038289362224,0.026603336821390527
2024-01,FOOD_ECM_A010_R27,6,-0.41616675206645753,0.023943003139251476
2024-01,FOOD_ECM_A010_R27,7,-0.5386619552713127,0.0
2024-01,FOOD_ECM_A010_R27,8,-0.6200502684382442,0.0
2024-01,FOOD_ECM_A010_R27,9,0.6242032187959841,0.0
2024-01,FOOD_ECM_A010_R27,10,0.38047604806920793,0.0
2024-01,FOOD_ECM_A010_R27,11,-0.0058644117891783485,0.0
2024-01,FOOD_ECM_A010_R27,12,2.04484384828179,0.0
2024-01,FOOD_ECM_A015_R27,1,0.04923973621261489,0.05744255524610563
2024-01,FOOD_ECM_A015_R27,2,-0.25036238762921526,0.04882617195918978
2024-01,FOOD_ECM_A015_R27,3,-0.08207339697736188,0.04150224616531131
2024-01,FOOD_ECM_A015_R27,4,0.5824249766162102,0.03527690924051461
2024-01,FOOD_ECM_A015_R27,5,-0.020228346860575345,0.029985372854437423
2024-01,FOOD_ECM_A015_R27,6,-0.4146221882794372,0.02548756692627181
2024-01,FOOD_ECM_A015_R27,7,-0.5386619552713127,0.0
2024-01,FOOD_ECM_A015_R27,8,-0.6200502684382442,0.0
2024-01,FOOD_ECM_A015_R27,9,0.6242032187959841,0.0
2024-01,FOOD_ECM_A015_R27,10,0.38047604806920793,0.0
2024-01,FOOD_ECM_A015_R27,11,-0.0058644117891783485,0.0
2024-01,FOOD_ECM_A015_R27,12,2.04484384828179,0.0
2024-01,FOOD_ECM_PPI_R27,1,-0.11213020999793838,-0.10392739096444764
2024-01,FOOD_ECM_PPI_R27,2,-0.37713410281174076,-0.07794554322333573
2024-01,FOOD_ECM_PPI_R27,3,-0.182034800560175,-0.058459157417501795
2024-01,FOOD_ECM_PPI_R27,4,0.5033036993125692,-0.043844368063126346
2024-01,FOOD_ECM_PPI_R27,5,-0.08309699576235753,-0.03288327604734476
2024-01,FOOD_ECM_PPI_R27,6,-0.46477221224121756,-0.02466245703550857
2024-01,FOOD_ECM_PPI_R27,7,-0.5386619552713127,0.0
2024-01,FOOD_ECM_PPI_R27,8,-0.6200502684382442,0.0
2024-01,FOOD_ECM_PPI_R27,9,0.6242032187959841,0.0
2024-01,FOOD_ECM_PPI_R27,10,0.38047604806920793,0.0
2024-01,FOOD_ECM_PPI_R27,11,-0.0058644117891783485,0.0
2024-01,FOOD_ECM_PPI_R27,12,2.04484384828179,0.0
2024-02,FOOD_ECM_R27,1,0.027824434247858854,0.37272540094397105
2024-02,FOOD_ECM_R27,2,0.052650807195525645,0.2795440507079783
2024-02,FOOD_ECM_R27,3,0.7238495057144135,0.20965803803098373
2024-02,FOOD_ECM_R27,4,0.059619988422246584,0.15724352852323778
2024-02,FOOD_ECM_R27,5,-0.33118963044111366,0.11793264639242834
2024-02,FOOD_ECM_R27,6,-0.4507942647651183,0.08844948479432126
2024-02,FOOD_ECM_R27,7,-0.6198279273318968,0.0
2024-02,FOOD_ECM_R27,8,0.6295099952695674,0.0
2024-02,FOOD_ECM_R27,9,0.3876330199908165,0.0
2024-02,FOOD_ECM_R27,10,0.0032872060070910083,0.0
2024-02,FOOD_ECM_R27,11,1.8983811846364613,0.0
2024-02,FOOD_ECM_R27,12,0.2911049305435251,0.0
2024-02,FOOD_ECM_A002_R27,1,-0.30593873811743577,0.03896222857867644
2024-02,FOOD_ECM_A002_R27,2,-0.18871025950534973,0.038182984007102905
2024-02,FOOD_ECM_A002_R27,3,0.5516107920103906,0.03741932432696085
2024-02,FOOD_ECM_A002_R27,4,-0.06095260226056957,0.03667093784042163
2024-02,FOOD_ECM_A002_R27,5,-0.4131847577499288,0.0359375190836132
2024-02,FOOD_ECM_A002_R27,6,-0.5040249808574986,0.03521876870194093
2024-02,FOOD_ECM_A002_R27,7,-0.6198279273318968,0.0
2024-02,FOOD_ECM_A002_R27,8,0.6295099952695674,0.0
2024-02,FOOD_ECM_A002_R27,9,0.3876330199908165,0.0
2024-02,FOOD_ECM_A002_R27,10,0.0032872060070910083,0.0
2024-02,FOOD_ECM_A002_R27,11,1.8983811846364613,0.0
2024-02,FOOD_ECM_A002_R27,12,0.2911049305435251,0.0
2024-02,FOOD_ECM_A005_R27,1,-0.25047719845697286,0.09442376823913934
2024-02,FOOD_ECM_A005_R27,2,-0.13719066368527028,0.08970257982718237
2024-02,FOOD_ECM_A005_R27,3,0.599408918519253,0.08521745083582324
2024-02,FOOD_ECM_A005_R27,4,-0.01666696180695912,0.08095657829403208
2024-02,FOOD_ECM_A005_R27,5,-0.37221352745421155,0.07690874937933047
2024-02,FOOD_ECM_A005_R27,6,-0.4661804376490756,0.07306331191036394
2024-02,FOOD_ECM_A005_R27,7,-0.6198279273318968,0.0
2024-02,FOOD_ECM_A005_R27,8,0.6295099952695674,0.0
2024-02,FOOD_ECM_A005_R27,9,0.3876330199908165,0.0
2024-02,FOOD_ECM_A005_R27,10,0.0032872060070910083,0.0
2024-02,FOOD_ECM_A005_R27,11,1.8983811846364613,0.0
2024-02,FOOD_ECM_A005_R27,12,0.2911049305435251,0.0
2024-02,FOOD_ECM_A010_R27,1,-0.16599277424300607,0.17890819245310613
2024-02,FOOD_ECM_A010_R27,2,-0.06587587030465711,0.16101737320779552
2024-02,FOOD_ECM_A010_R27,3,0.6591071035704458,0.14491563588701598
2024-02,FOOD_ECM_A010_R27,4,0.03280053219732318,0.13042407229831438
2024-02,FOOD_ECM_A010_R27,5,-0.3317406117650591,0.11738166506848294
2024-02,FOOD_ECM_A010_R27,6,-0.4336002509978049,0.10564349856163464
2024-02,FOOD_ECM_A010_R27,7,-0.6198279273318968,0.0
2024-02,FOOD_ECM_A010_R27,8,0.6295099952695674,0.0
2024-02,FOOD_ECM_A010_R27,9,0.3876330199908165,0.0
2024-02,FOOD_ECM_A010_R27,10,0.0032872060070910083,0.0
2024-02,FOOD_ECM_A010_R27,11,1.8983811846364613,0.0
2024-02,FOOD_ECM_A010_R27,12,0.2911049305435251,0.0
2024-02,FOOD_ECM_A015_R27,1,-0.09144769405421188,0.2534532726419003
2024-02,FOOD_ECM_A015_R27,2,-0.01145796176683736,0.21543528174561527
2024-02,FOOD_ECM_A015_R27,3,0.6973114571672028,0.18311998948377298
2024-02,FOOD_ECM_A015_R27,4,0.058028450960215805,0.155651991061207
2024-02,FOOD_ECM_A015_R27,5,-0.31681808443151604,0.13230419240202598
2024-02,FOOD_ECM_A015_R27,6,-0.4267851860177175,0.11245856354172207
2024-02,FOOD_ECM_A015_R27,7,-0.6198279273318968,0.0
2024-02,FOOD_ECM_A015_R27,8,0.6295099952695674,0.0
2024-02,FOOD_ECM_A015_R27,9,0.3876330199908165,0.0
2024-02,FOOD_ECM_A015_R27,10,0.0032872060070910083,0.0
2024-02,FOOD_ECM_A015_R27,11,1.8983811846364613,0.0
2024-02,FOOD_ECM_A015_R27,12,0.2911049305435251,0.0
2024-02,FOOD_ECM_PPI_R27,1,-0.14600056518476678,0.19890040151134541
2024-02,FOOD_ECM_PPI_R27,2,-0.07771794237894356,0.14917530113350908
2024-02,FOOD_ECM_PPI_R27,3,0.6260729435335616,0.11188147585013179
2024-02,FOOD_ECM_PPI_R27,4,-0.013712433213392355,0.08391110688759884
2024-02,FOOD_ECM_PPI_R27,5,-0.38618894666784287,0.06293333016569913
2024-02,FOOD_ECM_PPI_R27,6,-0.4920437519351652,0.04719999762427435
2024-02,FOOD_ECM_PPI_R27,7,-0.6198279273318968,0.0
2024-02,FOOD_ECM_PPI_R27,8,0.6295099952695674,0.0
2024-02,FOOD_ECM_PPI_R27,9,0.3876330199908165,0.0
2024-02,FOOD_ECM_PPI_R27,10,0.0032872060070910083,0.0
2024-02,FOOD_ECM_PPI_R27,11,1.8983811846364613,0.0
2024-02,FOOD_ECM_PPI_R27,12,0.2911049305435251,0.0
2024-03,FOOD_ECM_R27,1,0.20677636674100208,0.4024070597955773
2024-03,FOOD_ECM_R27,2,0.8444938815141236,0.30180529484668295
2024-03,FOOD_ECM_R27,3,0.15772162150776547,0.2263539711350122
2024-03,FOOD_ECM_R27,4,-0.25605807361182525,0.16976547835125916
2024-03,FOOD_ECM_R27,5,-0.3848337429101121,0.12732410876344438
2024-03,FOOD_ECM_R27,6,-0.5037432399856404,0.09549308157258328
2024-03,FOOD_ECM_R27,7,0.6467955791758203,0.0
2024-03,FOOD_ECM_R27,8,0.40265675569521553,0.0
2024-03,FOOD_ECM_R27,9,0.016321797594000622,0.0
2024-03,FOOD_ECM_R27,10,1.9098872281131238,0.0
2024-03,FOOD_ECM_R27,11,0.22874621572423012,0.0
2024-03,FOOD_ECM_R27,12,-0.005832022004098075,0.0
2024-03,FOOD_ECM_A002_R27,1,-0.15356574173727752,0.04206495131729768
2024-03,FOOD_ECM_A002_R27,2,0.5839122389583924,0.04122365229095172
2024-03,FOOD_ECM_A002_R27,3,-0.028233170382114064,0.040399179245132685
2024-03,FOOD_ECM_A002_R27,4,-0.38623235630285435,0.03959119566023003
2024-03,FOOD_ECM_A002_R27,5,-0.473358479926531,0.038799371747025434
2024-03,FOOD_ECM_A002_R27,6,-0.5612129372461387,0.03802338431208492
2024-03,FOOD_ECM_A002_R27,7,0.6467955791758203,0.0
2024-03,FOOD_ECM_A002_R27,8,0.40265675569521553,0.0
2024-03,FOOD_ECM_A002_R27,9,0.016321797594000622,0.0
2024-03,FOOD_ECM_A002_R27,10,1.9098872281131238,0.0
2024-03,FOOD_ECM_A002_R27,11,0.22874621572423012,0.0
2024-03,FOOD_ECM_A002_R27,12,-0.005832022004098075,0.0
2024-03,FOOD_ECM_A005_R27,1,-0.09368757123969562,0.10194312181487958
2024-03,FOOD_ECM_A005_R27,2,0.6395345523915763,0.09684596572413559
2024-03,FOOD_ECM_A005_R27,3,0.023371317810682052,0.0920036674379288
2024-03,FOOD_ECM_A005_R27,4,-0.33842006789705203,0.08740348406603236
2024-03,FOOD_ECM_A005_R27,5,-0.4291245418108257,0.08303330986273073
2024-03,FOOD_ECM_A005_R27,6,-0.5203546771886295,0.0788816443695942
2024-03,FOOD_ECM_A005_R27,7,0.6467955791758203,0.0
2024-03,FOOD_ECM_A005_R27,8,0.40265675569521553,0.0
2024-03,FOOD_ECM_A005_R27,9,0.016321797594000622,0.0
2024-03,FOOD_ECM_A005_R27,10,1.9098872281131238,0.0
2024-03,FOOD_ECM_A005_R27,11,0.22874621572423012,0.0
2024-03,FOOD_ECM_A005_R27,12,-0.005832022004098075,0.0
2024-03,FOOD_ECM_A010_R27,1,-0.0024753043526981044,0.1931553887018771
2024-03,FOOD_ECM_A010_R27,2,0.7165284364991301,0.1738398498316894
2024-03,FOOD_ECM_A010_R27,3,0.08782351522127373,0.15645586484852048
2024-03,FOOD_ECM_A010_R27,4,-0.285013273599416,0.1408102783636684
2024-03,FOOD_ECM_A010_R27,5,-0.3854286011462549,0.12672925052730158
2024-03,FOOD_ECM_A010_R27,6,-0.48517999608365225,0.11405632547457142
2024-03,FOOD_ECM_A010_R27,7,0.6467955791758203,0.0
2024-03,FOOD_ECM_A010_R27,8,0.40265675569521553,0.0
2024-03,FOOD_ECM_A010_R27,9,0.016321797594000622,0.0
2024-03,FOOD_ECM_A010_R27,10,1.9098872281131238,0.0
2024-03,FOOD_ECM_A010_R27,11,0.22874621572423012,0.0
2024-03,FOOD_ECM_A010_R27,12,-0.005832022004098075,0.0
2024-03,FOOD_ECM_A015_R27,1,0.07800610760641735,0.27363680066099255
2024-03,FOOD_ECM_A015_R27,2,0.7752798672292843,0.23259128056184364
2024-03,FOOD_ECM_A015_R27,3,0.12907023885032032,0.19770258847756708
2024-03,FOOD_ECM_A015_R27,4,-0.2577763517571524,0.16804720020593203
2024-03,FOOD_ECM_A015_R27,5,-0.3693177314985142,0.14284012017504222
2024-03,FOOD_ECM_A015_R27,6,-0.4778222194094378,0.12141410214878588
2024-03,FOOD_ECM_A015_R27,7,0.6467955791758203,0.0
2024-03,FOOD_ECM_A015_R27,8,0.40265675569521553,0.0
2024-03,FOOD_ECM_A015_R27,9,0.016321797594000622,0.0
2024-03,FOOD_ECM_A015_R27,10,1.9098872281131238,0.0
2024-03,FOOD_ECM_A015_R27,11,0.22874621572423012,0.0
2024-03,FOOD_ECM_A015_R27,12,-0.005832022004098075,0.0
2024-03,FOOD_ECM_PPI_R27,1,0.07240566496168266,0.26803635801625786
2024-03,FOOD_ECM_PPI_R27,2,0.7437158551796341,0.20102726851219338
2024-03,FOOD_ECM_PPI_R27,3,0.0821381017568983,0.15077045138414505
2024-03,FOOD_ECM_PPI_R27,4,-0.31274571342497565,0.11307783853810878
2024-03,FOOD_ECM_PPI_R27,5,-0.4273494727699748,0.08480837890358159
2024-03,FOOD_ECM_PPI_R27,6,-0.5356300373805375,0.06360628417768618
2024-03,FOOD_ECM_PPI_R27,7,0.6467955791758203,0.0
2024-03,FOOD_ECM_PPI_R27,8,0.40265675569521553,0.0
2024-03,FOOD_ECM_PPI_R27,9,0.016321797594000622,0.0
2024-03,FOOD_ECM_PPI_R27,10,1.9098872281131238,0.0
2024-03,FOOD_ECM_PPI_R27,11,0.22874621572423012,0.0
2024-03,FOOD_ECM_PPI_R27,12,-0.005832022004098075,0.0
2024-04,FOOD_ECM_R27,1,1.123943993954006,0.5759896336655242
2024-04,FOOD_ECM_R27,2,0.34049979961774296,0.4319922252491432
2024-04,FOOD_ECM_R27,3,-0.09315861328214575,0.3239941689368574
2024-04,FOOD_ECM_R27,4,-0.2700743407462354,0.24299562670264305
2024-04,FOOD_ECM_R27,5,-0.40695799695919477,0.18224672002698228
2024-04,FOOD_ECM_R27,6,0.7974443288240118,0.1366850400202367
2024-04,FOOD_ECM_R27,7,0.41388781838597777,0.0
2024-04,FOOD_ECM_R27,8,0.027370404053014965,0.0
2024-04,FOOD_ECM_R27,9,1.9194250907768977,0.0
2024-04,FOOD_ECM_R27,10,0.23741572340574119,0.0
2024-04,FOOD_ECM_R27,11,-0.09391118836124962,0.0
2024-04,FOOD_ECM_R27,12,0.0772832380173586,0.0
2024-04,FOOD_ECM_A002_R27,1,0.6081644766609844,0.06021011637250281
2024-04,FOOD_ECM_A002_R27,2,-0.03248651158634751,0.059005914045052746
2024-04,FOOD_ECM_A002_R27,3,-0.35932698645485145,0.05782579576415169
2024-04,FOOD_ECM_A002_R27,4,-0.4564006876000098,0.05666927984886865
2024-04,FOOD_ECM_A002_R27,5,-0.5336688227342857,0.05553589425189128
2024-04,FOOD_ECM_A002_R27,6,0.7151844651706285,0.054425176366853456
2024-04,FOOD_ECM_A002_R27,7,0.41388781838597777,0.0
2024-04,FOOD_ECM_A002_R27,8,0.027370404053014965,0.0
2024-04,FOOD_ECM_A002_R27,9,1.9194250907768977,0.0
2024-04,FOOD_ECM_A002_R27,10,0.23741572340574119,0.0
2024-04,FOOD_ECM_A002_R27,11,-0.09391118836124962,0.0
2024-04,FOOD_ECM_A002_R27,12,0.0772832380173586,0.0
2024-04,FOOD_ECM_A005_R27,1,0.6938717341504144,0.14591737386193282
2024-04,FOOD_ECM_A005_R27,2,0.04712907953743592,0.13862150516883617
2024-04,FOOD_ECM_A005_R27,3,-0.2854623523086088,0.13169042991039437
2024-04,FOOD_ECM_A005_R27,4,-0.38796405903400377,0.12510590841487465
2024-04,FOOD_ECM_A005_R27,5,-0.47035410399204614,0.1188506129941309
2024-04,FOOD_ECM_A005_R27,6,0.7736673711481995,0.11290808234442436
2024-04,FOOD_ECM_A005_R27,7,0.41388781838597777,0.0
2024-04,FOOD_ECM_A005_R27,8,0.027370404053014965,0.0
2024-04,FOOD_ECM_A005_R27,9,1.9194250907768977,0.0
2024-04,FOOD_ECM_A005_R27,10,0.23741572340574119,0.0
2024-04,FOOD_ECM_A005_R27,11,-0.09391118836124962,0.0
2024-04,FOOD_ECM_A005_R27,12,0.0772832380173586,0.0
2024-04,FOOD_ECM_A010_R27,1,0.8244293844479332,0.2764750241594517
2024-04,FOOD_ECM_A010_R27,2,0.15733509611210628,0.24882752174350653
2024-04,FOOD_ECM_A010_R27,3,-0.19320801264984724,0.2239447695691559
2024-04,FOOD_ECM_A010_R27,4,-0.31151967483663817,0.20155029261224028
2024-04,FOOD_ECM_A010_R27,5,-0.40780945363516075,0.18139526335101627
2024-04,FOOD_ECM_A010_R27,6,0.8240150258196898,0.16325573701591464
2024-04,FOOD_ECM_A010_R27,7,0.41388781838597777,0.0
2024-04,FOOD_ECM_A010_R27,8,0.027370404053014965,0.0
2024-04,FOOD_ECM_A010_R27,9,1.9194250907768977,0.0
2024-04,FOOD_ECM_A010_R27,10,0.23741572340574119,0.0
2024-04,FOOD_ECM_A010_R27,11,-0.09391118836124962,0.0
2024-04,FOOD_ECM_A010_R27,12,0.0772832380173586,0.0
2024-04,FOOD_ECM_A015_R27,1,0.939627311181038,0.3916729508925565
2024-04,FOOD_ECM_A015_R27,2,0.2414295826272727,0.33292200825867296
2024-04,FOOD_ECM_A015_R27,3,-0.13416907519913113,0.282983707019872
2024-04,FOOD_ECM_A015_R27,4,-0.27253381648198727,0.2405361509668912
2024-04,FOOD_ECM_A015_R27,5,-0.3847489886643195,0.20445572832185754
2024-04,FOOD_ECM_A015_R27,6,0.8345466578773539,0.1737873690735789
2024-04,FOOD_ECM_A015_R27,7,0.41388781838597777,0.0
2024-04,FOOD_ECM_A015_R27,8,0.027370404053014965,0.0
2024-04,FOOD_ECM_A015_R27,9,1.9194250907768977,0.0
2024-04,FOOD_ECM_A015_R27,10,0.23741572340574119,0.0
2024-04,FOOD_ECM_A015_R27,11,-0.09391118836124962,0.0
2024-04,FOOD_ECM_A015_R27,12,0.0772832380173586,0.0
2024-04,FOOD_ECM_PPI_R27,1,0.9835022929902446,0.43554793270176306
2024-04,FOOD_ECM_PPI_R27,2,0.23516852389492204,0.3266609495263223
2024-04,FOOD_ECM_PPI_R27,3,-0.17215707007426143,0.24499571214474172
2024-04,FOOD_ECM_PPI_R27,4,-0.3293231833403222,0.1837467841085563
2024-04,FOOD_ECM_PPI_R27,5,-0.4513946289047598,0.13781008808141723
2024-04,FOOD_ECM_PPI_R27,6,0.764116854864838,0.10335756606106292
2024-04,FOOD_ECM_PPI_R27,7,0.41388781838597777,0.0
2024-04,FOOD_ECM_PPI_R27,8,0.027370404053014965,0.0
2024-04,FOOD_ECM_PPI_R27,9,1.9194250907768977,0.0
2024-04,FOOD_ECM_PPI_R27,10,0.23741572340574119,0.0
2024-04,FOOD_ECM_PPI_R27,11,-0.09391118836124962,0.0
2024-04,FOOD_ECM_PPI_R27,12,0.0772832380173586,0.0
2024-05,FOOD_ECM_R27,1,-0.06595992004120482,0.18208474780812567
2024-05,FOOD_ECM_R27,2,-0.371983204963104,0.13656356085609425
2024-05,FOOD_ECM_R27,3,-0.5427338722117702,0.1024226706420707
2024-05,FOOD_ECM_R27,4,-0.6004356074562058,0.07681700298155301
2024-05,FOOD_ECM_R27,5,0.61401127429517,0.057612752236164765
2024-05,FOOD_ECM_R27,6,0.36826125386450154,0.04320956417712357
2024-05,FOOD_ECM_R27,7,-0.044250991519352155,0.0
2024-05,FOOD_ECM_R27,8,1.8579666658043745,0.0
2024-05,FOOD_ECM_R27,9,0.18584017437623207,0.0
2024-05,FOOD_ECM_R27,10,-0.13837191488236547,0.0
2024-05,FOOD_ECM_R27,11,0.20928825480760754,0.0
2024-05,FOOD_ECM_R27,12,0.6915378639597015,0.0
2024-05,FOOD_ECM_A002_R27,1,-0.22901074221178774,0.019033925637542738
2024-05,FOOD_ECM_A002_R27,2,-0.48989351869440634,0.01865324712479188
2024-05,FOOD_ECM_A002_R27,3,-0.6268763606715448,0.018280182182296042
2024-05,FOOD_ECM_A002_R27,4,-0.6593380318991088,0.01791457853865012
2024-05,FOOD_ECM_A002_R27,5,0.5739548090268823,0.01755628696787712
2024-05,FOOD_ECM_A002_R27,6,0.3422568509158975,0.01720516122851958
2024-05,FOOD_ECM_A002_R27,7,-0.044250991519352155,0.0
2024-05,FOOD_ECM_A002_R27,8,1.8579666658043745,0.0
2024-05,FOOD_ECM_A002_R27,9,0.18584017437623207,0.0
2024-05,FOOD_ECM_A002_R27,10,-0.13837191488236547,0.0
2024-05,FOOD_ECM_A002_R27,11,0.20928825480760754,0.0
2024-05,FOOD_ECM_A002_R27,12,0.6915378639597015,0.0
2024-05,FOOD_ECM_A005_R27,1,-0.20191653173793866,0.04612813611139184
2024-05,FOOD_ECM_A005_R27,2,-0.464725036513376,0.043821729305822246
2024-05,FOOD_ECM_A005_R27,3,-0.6035259000133097,0.04163064284053113
2024-05,FOOD_ECM_A005_R27,4,-0.6377034997392543,0.03954911069850457
2024-05,FOOD_ECM_A005_R27,5,0.5939701772225845,0.03757165516357934
2024-05,FOOD_ECM_A005_R27,6,0.36074476209277834,0.03569307240540037
2024-05,FOOD_ECM_A005_R27,7,-0.044250991519352155,0.0
2024-05,FOOD_ECM_A005_R27,8,1.8579666658043745,0.0
2024-05,FOOD_ECM_A005_R27,9,0.18584017437623207,0.0
2024-05,FOOD_ECM_A005_R27,10,-0.13837191488236547,0.0
2024-05,FOOD_ECM_A005_R27,11,0.20928825480760754,0.0
2024-05,FOOD_ECM_A005_R27,12,0.6915378639597015,0.0
2024-05,FOOD_ECM_A010_R27,1,-0.16064398890143017,0.08740067894790034
2024-05,FOOD_ECM_A010_R27,2,-0.42988615476608794,0.0786606110531103
2024-05,FOOD_ECM_A010_R27,3,-0.5743619929060415,0.07079454994779928
2024-05,FOOD_ECM_A010_R27,4,-0.6135375154847396,0.06371509495301934
2024-05,FOOD_ECM_A010_R27,5,0.6137421075167226,0.057343585457717415
2024-05,FOOD_ECM_A010_R27,6,0.37666091659932366,0.05160922691194567
2024-05,FOOD_ECM_A010_R27,7,-0.044250991519352155,0.0
2024-05,FOOD_ECM_A010_R27,8,1.8579666658043745,0.0
2024-05,FOOD_ECM_A010_R27,9,0.18584017437623207,0.0
2024-05,FOOD_ECM_A010_R27,10,-0.13837191488236547,0.0
2024-05,FOOD_ECM_A010_R27,11,0.20928825480760754,0.0
2024-05,FOOD_ECM_A010_R27,12,0.6915378639597015,0.0
2024-05,FOOD_ECM_A015_R27,1,-0.12422703933980504,0.12381762850952545
2024-05,FOOD_ECM_A015_R27,2,-0.4033017815861016,0.10524498423309663
2024-05,FOOD_ECM_A015_R27,3,-0.5556983062557087,0.08945823659813212
2024-05,FOOD_ECM_A015_R27,4,-0.6012131093293466,0.0760395011084123
2024-05,FOOD_ECM_A015_R27,5,0.6210320980011557,0.06463357594215047
2024-05,FOOD_ECM_A015_R27,6,0.37999022923820586,0.05493853955082789
2024-05,FOOD_ECM_A015_R27,7,-0.044250991519352155,0.0
2024-05,FOOD_ECM_A015_R27,8,1.8579666658043745,0.0
2024-05,FOOD_ECM_A015_R27,9,0.18584017437623207,0.0
2024-05,FOOD_ECM_A015_R27,10,-0.13837191488236547,0.0
2024-05,FOOD_ECM_A015_R27,11,0.20928825480760754,0.0
2024-05,FOOD_ECM_A015_R27,12,0.6915378639597015,0.0
2024-05,FOOD_ECM_PPI_R27,1,-0.18739671742173228,0.06064795042759821
2024-05,FOOD_ECM_PPI_R27,2,-0.46306080299849955,0.04548596282069866
2024-05,FOOD_ECM_PPI_R27,3,-0.6110420707383168,0.034114472115524
2024-05,FOOD_ECM_PPI_R27,4,-0.6516667563511158,0.025585854086642996
2024-05,FOOD_ECM_PPI_R27,5,0.5755879126239875,0.01918939056498225
2024-05,FOOD_ECM_PPI_R27,6,0.33944373261111466,0.014392042923736687
2024-05,FOOD_ECM_PPI_R27,7,-0.044250991519352155,0.0
2024-05,FOOD_ECM_PPI_R27,8,1.8579666658043745,0.0
2024-05,FOOD_ECM_PPI_R27,9,0.18584017437623207,0.0
2024-05,FOOD_ECM_PPI_R27,10,-0.13837191488236547,0.0
2024-05,FOOD_ECM_PPI_R27,11,0.20928825480760754,0.0
2024-05,FOOD_ECM_PPI_R27,12,0.6915378639597015,0.0
2024-06,FOOD_ECM_R27,1,-0.2660837615656663,0.28923780624929657
2024-06,FOOD_ECM_R27,2,-0.4924946176857806,0.21692835468697244
2024-06,FOOD_ECM_R27,3,-0.5476818589801038,0.16269626601522932
2024-06,FOOD_ECM_R27,4,0.637279255463304,0.122022199511422
2024-06,FOOD_ECM_R27,5,0.3928293327914248,0.0915166496335665
2024-06,FOOD_ECM_R27,6,0.007521050159469217,0.06863748722517488
2024-06,FOOD_ECM_R27,7,1.8429341931455752,0.0
2024-06,FOOD_ECM_R27,8,0.1740014372605896,0.0
2024-06,FOOD_ECM_R27,9,-0.14871968590825968,0.0
2024-06,FOOD_ECM_R27,10,0.20051613631964765,0.0
2024-06,FOOD_ECM_R27,11,0.7381414867686291,0.0
2024-06,FOOD_ECM_R27,12,0.037525905740240346,0.0
2024-06,FOOD_ECM_A002_R27,1,-0.525086575801703,0.030234992013259805
2024-06,FOOD_ECM_A002_R27,2,-0.6797926801997585,0.029630292172994607
2024-06,FOOD_ECM_A002_R27,3,-0.6813404386657984,0.029037686329534716
2024-06,FOOD_ECM_A002_R27,4,0.543713988554826,0.02845693260294402
2024-06,FOOD_ECM_A002_R27,5,0.32920047710874345,0.02788779395088514
2024-06,FOOD_ECM_A002_R27,6,-0.03378639899383822,0.027330038071867437
2024-06,FOOD_ECM_A002_R27,7,1.8429341931455752,0.0
2024-06,FOOD_ECM_A002_R27,8,0.1740014372605896,0.0
2024-06,FOOD_ECM_A002_R27,9,-0.14871968590825968,0.0
2024-06,FOOD_ECM_A002_R27,10,0.20051613631964765,0.0
2024-06,FOOD_ECM_A002_R27,11,0.7381414867686291,0.0
2024-06,FOOD_ECM_A002_R27,12,0.037525905740240346,0.0
2024-06,FOOD_ECM_A005_R27,1,-0.4820479902318078,0.07327357758315514
2024-06,FOOD_ECM_A005_R27,2,-0.6398130736687557,0.06960989870399738
2024-06,FOOD_ECM_A005_R27,3,-0.6442487212265356,0.0661294037687975
2024-06,FOOD_ECM_A005_R27,4,0.5780799895322396,0.06282293358035763
2024-06,FOOD_ECM_A005_R27,5,0.36099447005919805,0.05968178690133974
2024-06,FOOD_ECM_A005_R27,6,-0.0044187395094329035,0.056697697556272755
2024-06,FOOD_ECM_A005_R27,7,1.8429341931455752,0.0
2024-06,FOOD_ECM_A005_R27,8,0.1740014372605896,0.0
2024-06,FOOD_ECM_A005_R27,9,-0.14871968590825968,0.0
2024-06,FOOD_ECM_A005_R27,10,0.20051613631964765,0.0
2024-06,FOOD_ECM_A005_R27,11,0.7381414867686291,0.0
2024-06,FOOD_ECM_A005_R27,12,0.037525905740240346,0.0
2024-06,FOOD_ECM_A010_R27,1,-0.41648742081530055,0.13883414699966237
2024-06,FOOD_ECM_A010_R27,2,-0.584472240073057,0.12495073229969615
2024-06,FOOD_ECM_A010_R27,3,-0.5979224659256066,0.11245565906972654
2024-06,FOOD_ECM_A010_R27,4,0.6164671491146358,0.10121009316275388
2024-06,FOOD_ECM_A010_R27,5,0.3924017670043368,0.0910890838464785
2024-06,FOOD_ECM_A010_R27,6,0.020863738396124987,0.08198017546183065
2024-06,FOOD_ECM_A010_R27,7,1.8429341931455752,0.0
2024-06,FOOD_ECM_A010_R27,8,0.1740014372605896,0.0
2024-06,FOOD_ECM_A010_R27,9,-0.14871968590825968,0.0
2024-06,FOOD_ECM_A010_R27,10,0.20051613631964765,0.0
2024-06,FOOD_ECM_A010_R27,11,0.7381414867686291,0.0
2024-06,FOOD_ECM_A010_R27,12,0.037525905740240346,0.0
2024-06,FOOD_ECM_A015_R27,1,-0.3586398595654412,0.19668170824952166
2024-06,FOOD_ECM_A015_R27,2,-0.5422435203606597,0.1671794520120934
2024-06,FOOD_ECM_A015_R27,3,-0.5682755907850537,0.14210253421027938
2024-06,FOOD_ECM_A015_R27,4,0.6360442100306194,0.12078715407873747
2024-06,FOOD_ECM_A015_R27,5,0.40398176412478515,0.10266908096692685
2024-06,FOOD_ECM_A015_R27,6,0.026152281756182158,0.08726871882188782
2024-06,FOOD_ECM_A015_R27,7,1.8429341931455752,0.0
2024-06,FOOD_ECM_A015_R27,8,0.1740014372605896,0.0
2024-06,FOOD_ECM_A015_R27,9,-0.14871968590825968,0.0
2024-06,FOOD_ECM_A015_R27,10,0.20051613631964765,0.0
2024-06,FOOD_ECM_A015_R27,11,0.7381414867686291,0.0
2024-06,FOOD_ECM_A015_R27,12,0.037525905740240346,0.0
2024-06,FOOD_ECM_PPI_R27,1,-0.39333537597579327,0.16198619183916962
2024-06,FOOD_ECM_PPI_R27,2,-0.5879333284933759,0.1214896438793772
2024-06,FOOD_ECM_PPI_R27,3,-0.6192608920858003,0.0911172329095329
2024-06,FOOD_ECM_PPI_R27,4,0.5835949806340317,0.06833792468214968
2024-06,FOOD_ECM_PPI_R27,5,0.35256612666947057,0.05125344351161226
2024-06,FOOD_ECM_PPI_R27,6,-0.022676354431996462,0.0384400826337092
2024-06,FOOD_ECM_PPI_R27,7,1.8429341931455752,0.0
2024-06,FOOD_ECM_PPI_R27,8,0.1740014372605896,0.0
2024-06,FOOD_ECM_PPI_R27,9,-0.14871968590825968,0.0
2024-06,FOOD_ECM_PPI_R27,10,0.20051613631964765,0.0
2024-06,FOOD_ECM_PPI_R27,11,0.7381414867686291,0.0
2024-06,FOOD_ECM_PPI_R27,12,0.037525905740240346,0.0
2024-07,FOOD_ECM_R27,1,-0.4840203754928958,0.2807703191137805
2024-07,FOOD_ECM_R27,2,-0.5510870415747919,0.21057773933533538
2024-07,FOOD_ECM_R27,3,0.6340030274942169,0.15793330450150153
2024-07,FOOD_ECM_R27,4,0.3827090857117179,0.11844997837612616
2024-07,FOOD_ECM_R27,5,0.003247018693261175,0.0888374837820946
2024-07,FOOD_ECM_R27,6,1.8884580015966015,0.06662811283657095
2024-07,FOOD_ECM_R27,7,0.15679209787082835,0.0
2024-07,FOOD_ECM_R27,8,-0.16246066540010276,0.0
2024-07,FOOD_ECM_R27,9,0.1895129177475752,0.0
2024-07,FOOD_ECM_R27,10,0.7293154195365674,0.0
2024-07,FOOD_ECM_R27,11,0.03727624205668082,0.0
2024-07,FOOD_ECM_R27,12,-0.3839303937817928,0.0
2024-07,FOOD_ECM_A002_R27,1,-0.7354408372486491,0.029349857358027188
2024-07,FOOD_ECM_A002_R27,2,-0.7329019206992607,0.02876286021086664
2024-07,FOOD_ECM_A002_R27,3,0.5042573259993647,0.028187603006649308
2024-07,FOOD_ECM_A002_R27,4,0.2918829582821081,0.027623850946516322
2024-07,FOOD_ECM_A002_R27,5,-0.058519091161247434,0.027071373927585997
2024-07,FOOD_ECM_A002_R27,6,1.8483598352090649,0.026529946449034277
2024-07,FOOD_ECM_A002_R27,7,0.15679209787082835,0.0
2024-07,FOOD_ECM_A002_R27,8,-0.16246066540010276,0.0
2024-07,FOOD_ECM_A002_R27,9,0.1895129177475752,0.0
2024-07,FOOD_ECM_A002_R27,10,0.7293154195365674,0.0
2024-07,FOOD_ECM_A002_R27,11,0.03727624205668082,0.0
2024-07,FOOD_ECM_A002_R27,12,-0.3839303937817928,0.0
2024-07,FOOD_ECM_A005_R27,1,-0.6936622137645185,0.07112848084215773
2024-07,FOOD_ECM_A005_R27,2,-0.6940927241100775,0.06757205680004985
2024-07,FOOD_ECM_A005_R27,3,0.5402631769527627,0.06419345396004734
2024-07,FOOD_ECM_A005_R27,4,0.3252428885976367,0.06098378126204498
2024-07,FOOD_ECM_A005_R27,5,-0.027655872889890708,0.05793459219894272
2024-07,FOOD_ECM_A005_R27,6,1.8768677513490262,0.05503786258899559
2024-07,FOOD_ECM_A005_R27,7,0.15679209787082835,0.0
2024-07,FOOD_ECM_A005_R27,8,-0.16246066540010276,0.0
2024-07,FOOD_ECM_A005_R27,9,0.1895129177475752,0.0
2024-07,FOOD_ECM_A005_R27,10,0.7293154195365674,0.0
2024-07,FOOD_ECM_A005_R27,11,0.03727624205668082,0.0
2024-07,FOOD_ECM_A005_R27,12,-0.3839303937817928,0.0
2024-07,FOOD_ECM_A010_R27,1,-0.6300209414320617,0.13476975317461465
2024-07,FOOD_ECM_A010_R27,2,-0.6403720030529741,0.1212927778571532
2024-07,FOOD_ECM_A010_R27,3,0.5852332230641533,0.10916350007143788
2024-07,FOOD_ECM_A010_R27,4,0.36250625739988585,0.09824715006429409
2024-07,FOOD_ECM_A010_R27,5,0.0028319699690312616,0.08842243505786469
2024-07,FOOD_ECM_A010_R27,6,1.9014100803121088,0.07958019155207821
2024-07,FOOD_ECM_A010_R27,7,0.15679209787082835,0.0
2024-07,FOOD_ECM_A010_R27,8,-0.16246066540010276,0.0
2024-07,FOOD_ECM_A010_R27,9,0.1895129177475752,0.0
2024-07,FOOD_ECM_A010_R27,10,0.7293154195365674,0.0
2024-07,FOOD_ECM_A010_R27,11,0.03727624205668082,0.0
2024-07,FOOD_ECM_A010_R27,12,-0.3839303937817928,0.0
2024-07,FOOD_ECM_A015_R27,1,-0.5738668776093055,0.1909238169973707
2024-07,FOOD_ECM_A015_R27,2,-0.5993795364623622,0.1622852444477651
2024-07,FOOD_ECM_A015_R27,3,0.6140121807733157,0.13794245778060032
2024-07,FOOD_ECM_A015_R27,4,0.38151019644910206,0.11725108911351027
2024-07,FOOD_ECM_A015_R27,5,0.014072960657650305,0.09966342574648374
2024-07,FOOD_ECM_A015_R27,6,1.9065438006445419,0.08471391188451118
2024-07,FOOD_ECM_A015_R27,7,0.15679209787082835,0.0
2024-07,FOOD_ECM_A015_R27,8,-0.16246066540010276,0.0
2024-07,FOOD_ECM_A015_R27,9,0.1895129177475752,0.0
2024-07,FOOD_ECM_A015_R27,10,0.7293154195365674,0.0
2024-07,FOOD_ECM_A015_R27,11,0.03727624205668082,0.0
2024-07,FOOD_ECM_A015_R27,12,-0.3839303937817928,0.0
2024-07,FOOD_ECM_PPI_R27,1,-0.5804916861393128,0.18429900846736344
2024-07,FOOD_ECM_PPI_R27,2,-0.6234405245596047,0.13822425635052257
2024-07,FOOD_ECM_PPI_R27,3,0.5797379152556073,0.10366819226289194
2024-07,FOOD_ECM_PPI_R27,4,0.3420102515327607,0.07775114419716896
2024-07,FOOD_ECM_PPI_R27,5,-0.027277106940956718,0.058313358147876714
2024-07,FOOD_ECM_PPI_R27,6,1.8655649073709382,0.04373501861090753
2024-07,FOOD_ECM_PPI_R27,7,0.15679209787082835,0.0
2024-07,FOOD_ECM_PPI_R27,8,-0.16246066540010276,0.0
2024-07,FOOD_ECM_PPI_R27,9,0.1895129177475752,0.0
2024-07,FOOD_ECM_PPI_R27,10,0.7293154195365674,0.0
2024-07,FOOD_ECM_PPI_R27,11,0.03727624205668082,0.0
2024-07,FOOD_ECM_PPI_R27,12,-0.3839303937817928,0.0
2024-08,FOOD_ECM_R27,1,-0.4551732505617462,0.17429061673247007
2024-08,FOOD_ECM_R27,2,0.7463520832347639,0.13071796254935256
2024-08,FOOD_ECM_R27,3,0.4580477187450586,0.09803847191201441
2024-08,FOOD_ECM_R27,4,0.07980185422125537,0.0735288539340108
2024-08,FOOD_ECM_R27,5,1.9416295756849467,0.05514664045050811
2024-08,FOOD_ECM_R27,6,0.24670053357775737,0.04135998033788108
2024-08,FOOD_ECM_R27,7,-0.1234551201226606,0.0
2024-08,FOOD_ECM_R27,8,0.21912443472421675,0.0
2024-08,FOOD_ECM_R27,9,0.7524973029186517,0.0
2024-08,FOOD_ECM_R27,10,0.05509300810633482,0.0
2024-08,FOOD_ECM_R27,11,-0.39025657536550684,0.0
2024-08,FOOD_ECM_R27,12,-0.48327863119859954,0.0
2024-08,FOOD_ECM_A002_R27,1,-0.6112446881584487,0.018219179135767538
2024-08,FOOD_ECM_A002_R27,2,0.6334889162384635,0.017854795553052187
2024-08,FOOD_ECM_A002_R27,3,0.37750694647503535,0.017497699641991143
2024-08,FOOD_ECM_A002_R27,4,0.02342074593639588,0.01714774564915132
2024-08,FOOD_ECM_A002_R27,5,1.903287725970607,0.016804790736168293
2024-08,FOOD_ECM_A002_R27,6,0.22180924816132122,0.016468694921444926
2024-08,FOOD_ECM_A002_R27,7,-0.1234551201226606,0.0
2024-08,FOOD_ECM_A002_R27,8,0.21912443472421675,0.0
2024-08,FOOD_ECM_A002_R27,9,0.7524973029186517,0.0
2024-08,FOOD_ECM_A002_R27,10,0.05509300810633482,0.0
2024-08,FOOD_ECM_A002_R27,11,-0.39025657536550684,0.0
2024-08,FOOD_ECM_A002_R27,12,-0.48327863119859954,0.0
2024-08,FOOD_ECM_A005_R27,1,-0.5853102443886571,0.04415362290555908
2024-08,FOOD_ECM_A005_R27,2,0.6575800624456924,0.04194594176028113
2024-08,FOOD_ECM_A005_R27,3,0.39985789150531126,0.03984864467226707
2024-08,FOOD_ECM_A005_R27,4,0.04412921272589828,0.03785621243865372
2024-08,FOOD_ECM_A005_R27,5,1.9224463370511595,0.03596340181672102
2024-08,FOOD_ECM_A005_R27,6,0.23950578496576128,0.034165231725884974
2024-08,FOOD_ECM_A005_R27,7,-0.1234551201226606,0.0
2024-08,FOOD_ECM_A005_R27,8,0.21912443472421675,0.0
2024-08,FOOD_ECM_A005_R27,9,0.7524973029186517,0.0
2024-08,FOOD_ECM_A005_R27,10,0.05509300810633482,0.0
2024-08,FOOD_ECM_A005_R27,11,-0.39025657536550684,0.0
2024-08,FOOD_ECM_A005_R27,12,-0.48327863119859954,0.0
2024-08,FOOD_ECM_A010_R27,1,-0.5458043712626306,0.08365949603158564
2024-08,FOOD_ECM_A010_R27,2,0.6909276671138385,0.07529354642842707
2024-08,FOOD_ECM_A010_R27,3,0.4277734386186286,0.06776419178558438
2024-08,FOOD_ECM_A010_R27,4,0.06726077289427049,0.06098777260702593
2024-08,FOOD_ECM_A010_R27,5,1.941371930580762,0.05488899534632334
2024-08,FOOD_ECM_A010_R27,6,0.2547406490515673,0.049400095811691004
2024-08,FOOD_ECM_A010_R27,7,-0.1234551201226606,0.0
2024-08,FOOD_ECM_A010_R27,8,0.21912443472421675,0.0
2024-08,FOOD_ECM_A010_R27,9,0.7524973029186517,0.0
2024-08,FOOD_ECM_A010_R27,10,0.05509300810633482,0.0
2024-08,FOOD_ECM_A010_R27,11,-0.39025657536550684,0.0
2024-08,FOOD_ECM_A010_R27,12,-0.48327863119859954,0.0
2024-08,FOOD_ECM_A015_R27,1,-0.5109462479161366,0.11851761937807964
2024-08,FOOD_ECM_A015_R27,2,0.716374097156779,0.10073997647136769
2024-08,FOOD_ECM_A015_R27,3,0.44563822683370674,0.08562898000066253
2024-08,FOOD_ECM_A015_R27,4,0.07905763328780771,0.07278463300056315
2024-08,FOOD_ECM_A015_R27,5,1.9483498732849172,0.06186693805047868
2024-08,FOOD_ECM_A015_R27,6,0.25792745058278316,0.05258689734290687
2024-08,FOOD_ECM_A015_R27,7,-0.1234551201226606,0.0
2024-08,FOOD_ECM_A015_R27,8,0.21912443472421675,0.0
2024-08,FOOD_ECM_A015_R27,9,0.7524973029186517,0.0
2024-08,FOOD_ECM_A015_R27,10,0.05509300810633482,0.0
2024-08,FOOD_ECM_A015_R27,11,-0.39025657536550684,0.0
2024-08,FOOD_ECM_A015_R27,12,-0.48327863119859954,0.0
2024-08,FOOD_ECM_PPI_R27,1,-0.5453602774091649,0.08410358988505129
2024-08,FOOD_ECM_PPI_R27,2,0.6787118130991998,0.06307769241378847
2024-08,FOOD_ECM_PPI_R27,3,0.4073175161433855,0.04730826931034135
2024-08,FOOD_ECM_PPI_R27,4,0.041754202270000575,0.03548120198275601
2024-08,FOOD_ECM_PPI_R27,5,1.9130938367215056,0.02661090148706701
2024-08,FOOD_ECM_PPI_R27,6,0.22529872935517656,0.019958176115300257
2024-08,FOOD_ECM_PPI_R27,7,-0.1234551201226606,0.0
2024-08,FOOD_ECM_PPI_R27,8,0.21912443472421675,0.0
2024-08,FOOD_ECM_PPI_R27,9,0.7524973029186517,0.0
2024-08,FOOD_ECM_PPI_R27,10,0.05509300810633482,0.0
2024-08,FOOD_ECM_PPI_R27,11,-0.39025657536550684,0.0
2024-08,FOOD_ECM_PPI_R27,12,-0.48327863119859954,0.0
2024-09,FOOD_ECM_R27,1,0.8019601423214138,0.06729969110973402
2024-09,FOOD_ECM_R27,2,0.5512457915840061,0.050474768332300524
2024-09,FOOD_ECM_R27,3,0.13174150725174166,0.03785607624922539
2024-09,FOOD_ECM_R27,4,2.0003934425524124,0.028392057186919045
2024-09,FOOD_ECM_R27,5,0.28399021662874296,0.021294042890189283
2024-09,FOOD_ECM_R27,6,-0.06947234269698169,0.015970532167641962
2024-09,FOOD_ECM_R27,7,0.24755140452623492,0.0
2024-09,FOOD_ECM_R27,8,0.770974643190438,0.0
2024-09,FOOD_ECM_R27,9,0.06691273998820857,0.0
2024-09,FOOD_ECM_R27,10,-0.38413959863069214,0.0
2024-09,FOOD_ECM_R27,11,-0.3451137171367193,0.0
2024-09,FOOD_ECM_R27,12,-0.5813929410403373,0.0
2024-09,FOOD_ECM_A002_R27,1,0.741695512255684,0.007035061044004197
2024-09,FOOD_ECM_A002_R27,2,0.5076653830748298,0.006894359823124112
2024-09,FOOD_ECM_A002_R27,3,0.10064190362917791,0.00675647262666163
2024-09,FOOD_ECM_A002_R27,4,1.9786227285396218,0.0066213431741283975
2024-09,FOOD_ECM_A002_R27,5,0.26918509004919955,0.00648891631064583
2024-09,FOOD_ECM_A002_R27,6,-0.07908373688019074,0.006359137984432913
2024-09,FOOD_ECM_A002_R27,7,0.24755140452623492,0.0
2024-09,FOOD_ECM_A002_R27,8,0.770974643190438,0.0
2024-09,FOOD_ECM_A002_R27,9,0.06691273998820857,0.0
2024-09,FOOD_ECM_A002_R27,10,-0.38413959863069214,0.0
2024-09,FOOD_ECM_A002_R27,11,-0.3451137171367193,0.0
2024-09,FOOD_ECM_A002_R27,12,-0.5813929410403373,0.0
2024-09,FOOD_ECM_A005_R27,1,0.7517097062928124,0.01704925508113262
2024-09,FOOD_ECM_A005_R27,2,0.5169678155787816,0.01619679232707599
2024-09,FOOD_ECM_A005_R27,3,0.10927238371323847,0.015386952710722188
2024-09,FOOD_ECM_A005_R27,4,1.9866189904406795,0.014617605075186078
2024-09,FOOD_ECM_A005_R27,5,0.2765828985599805,0.013886724821426772
2024-09,FOOD_ECM_A005_R27,6,-0.07225048628426822,0.013192388580355435
2024-09,FOOD_ECM_A005_R27,7,0.24755140452623492,0.0
2024-09,FOOD_ECM_A005_R27,8,0.770974643190438,0.0
2024-09,FOOD_ECM_A005_R27,9,0.06691273998820857,0.0
2024-09,FOOD_ECM_A005_R27,10,-0.38413959863069214,0.0
2024-09,FOOD_ECM_A005_R27,11,-0.3451137171367193,0.0
2024-09,FOOD_ECM_A005_R27,12,-0.5813929410403373,0.0
2024-09,FOOD_ECM_A010_R27,1,0.7669643029443521,0.032303851732672334
2024-09,FOOD_ECM_A010_R27,2,0.5298444898111108,0.0290734665594051
2024-09,FOOD_ECM_A010_R27,3,0.12005155090598088,0.026166119903464593
2024-09,FOOD_ECM_A010_R27,4,1.9955508932786115,0.02354950791311813
2024-09,FOOD_ECM_A010_R27,5,0.28389073086036004,0.02119455712180632
2024-09,FOOD_ECM_A010_R27,6,-0.06636777345499796,0.019075101409625688
2024-09,FOOD_ECM_A010_R27,7,0.24755140452623492,0.0
2024-09,FOOD_ECM_A010_R27,8,0.770974643190438,0.0
2024-09,FOOD_ECM_A010_R27,9,0.06691273998820857,0.0
2024-09,FOOD_ECM_A010_R27,10,-0.38413959863069214,0.0
2024-09,FOOD_ECM_A010_R27,11,-0.3451137171367193,0.0
2024-09,FOOD_ECM_A010_R27,12,-0.5813929410403373,0.0
2024-09,FOOD_ECM_A015_R27,1,0.7804242411662989,0.04576378995461914
2024-09,FOOD_ECM_A015_R27,2,0.5396702447131319,0.03889922146142626
2024-09,FOOD_ECM_A015_R27,3,0.12694976924472862,0.033064338242212325
2024-09,FOOD_ECM_A015_R27,4,2.000106072871374,0.028104687505880473
2024-09,FOOD_ECM_A015_R27,5,0.2865851581185521,0.023888984379998406
2024-09,FOOD_ECM_A015_R27,6,-0.065137238141625,0.020305636722998642
2024-09,FOOD_ECM_A015_R27,7,0.24755140452623492,0.0
2024-09,FOOD_ECM_A015_R27,8,0.770974643190438,0.0
2024-09,FOOD_ECM_A015_R27,9,0.06691273998820857,0.0
2024-09,FOOD_ECM_A015_R27,10,-0.38413959863069214,0.0
2024-09,FOOD_ECM_A015_R27,11,-0.3451137171367193,0.0
2024-09,FOOD_ECM_A015_R27,12,-0.5813929410403373,0.0
2024-09,FOOD_ECM_PPI_R27,1,0.7319877516037444,-0.0026726996079353485
2024-09,FOOD_ECM_PPI_R27,2,0.4987664985457541,-0.0020045247059515114
2024-09,FOOD_ECM_PPI_R27,3,0.09238203747305265,-0.0015033935294636335
2024-09,FOOD_ECM_PPI_R27,4,1.9708738402183956,-0.0011275451470977253
2024-09,FOOD_ECM_PPI_R27,5,0.2618505148782304,-0.0008456588603232938
2024-09,FOOD_ECM_PPI_R27,6,-0.08607711900986613,-0.0006342441452424703
2024-09,FOOD_ECM_PPI_R27,7,0.24755140452623492,0.0
2024-09,FOOD_ECM_PPI_R27,8,0.770974643190438,0.0
2024-09,FOOD_ECM_PPI_R27,9,0.06691273998820857,0.0
2024-09,FOOD_ECM_PPI_R27,10,-0.38413959863069214,0.0
2024-09,FOOD_ECM_PPI_R27,11,-0.3451137171367193,0.0
2024-09,FOOD_ECM_PPI_R27,12,-0.5813929410403373,0.0
2024-10,FOOD_ECM_R27,1,0.2897321313081019,-0.11295714796561263
2024-10,FOOD_ECM_R27,2,-0.0618596451374632,-0.08471786097420947
2024-10,FOOD_ECM_R27,3,1.8332706280072792,-0.0635383957306571
2024-10,FOOD_ECM_R27,4,0.15654418152557203,-0.04765379679799282
2024-10,FOOD_ECM_R27,5,-0.18918033143264093,-0.03574034759849462
2024-10,FOOD_ECM_R27,6,0.16853508837236317,-0.026805260698870965
2024-10,FOOD_ECM_R27,7,0.7287957546568608,0.0
2024-10,FOOD_ECM_R27,8,0.03149578482192346,0.0
2024-10,FOOD_ECM_R27,9,-0.41369604064296195,0.0
2024-10,FOOD_ECM_R27,10,-0.37016599588371835,0.0
2024-10,FOOD_ECM_R27,11,-0.5084363610997648,0.0
2024-10,FOOD_ECM_R27,12,0.6326670009113695,0.0
2024-10,FOOD_ECM_A002_R27,1,0.39088149207304246,-0.01180778720067204
2024-10,FOOD_ECM_A002_R27,2,0.011286584380087672,-0.011571631456658599
2024-10,FOOD_ECM_A002_R27,3,1.8854688249104108,-0.011340198827525428
2024-10,FOOD_ECM_A002_R27,4,0.19308458347258994,-0.011113394850974918
2024-10,FOOD_ECM_A002_R27,5,-0.16433111078810173,-0.01089112695395542
2024-10,FOOD_ECM_A002_R27,6,0.1846670446563578,-0.010673304414876312
2024-10,FOOD_ECM_A002_R27,7,0.7287957546568608,0.0
2024-10,FOOD_ECM_A002_R27,8,0.03149578482192346,0.0
2024-10,FOOD_ECM_A002_R27,9,-0.41369604064296195,0.0
2024-10,FOOD_ECM_A002_R27,10,-0.37016599588371835,0.0
2024-10,FOOD_ECM_A002_R27,11,-0.5084363610997648,0.0
2024-10,FOOD_ECM_A002_R27,12,0.6326670009113695,0.0
2024-10,FOOD_ECM_A005_R27,1,0.3740734684557593,-0.0286158108179552
2024-10,FOOD_ECM_A005_R27,2,-0.004326804440311166,-0.027185020277057437
2024-10,FOOD_ECM_A005_R27,3,1.8709832544747318,-0.025825769263204564
2024-10,FOOD_ECM_A005_R27,4,0.17966349752352054,-0.024534480800044334
2024-10,FOOD_ECM_A005_R27,5,-0.17674774059418843,-0.023307756760042115
2024-10,FOOD_ECM_A005_R27,6,0.17319798014919413,-0.02214236892204001
2024-10,FOOD_ECM_A005_R27,7,0.7287957546568608,0.0
2024-10,FOOD_ECM_A005_R27,8,0.03149578482192346,0.0
2024-10,FOOD_ECM_A005_R27,9,-0.41369604064296195,0.0
2024-10,FOOD_ECM_A005_R27,10,-0.37016599588371835,0.0
2024-10,FOOD_ECM_A005_R27,11,-0.5084363610997648,0.0
2024-10,FOOD_ECM_A005_R27,12,0.6326670009113695,0.0
2024-10,FOOD_ECM_A010_R27,1,0.3484698482502204,-0.05421943102349406
2024-10,FOOD_ECM_A010_R27,2,-0.02593927208439839,-0.04879748792114466
2024-10,FOOD_ECM_A010_R27,3,1.852891284608906,-0.043917739129030194
2024-10,FOOD_ECM_A010_R27,4,0.1646720131074377,-0.039525965216127175
2024-10,FOOD_ECM_A010_R27,5,-0.18901335252866078,-0.03557336869451446
2024-10,FOOD_ECM_A010_R27,6,0.1633243172461711,-0.03201603182506301
2024-10,FOOD_ECM_A010_R27,7,0.7287957546568608,0.0
2024-10,FOOD_ECM_A010_R27,8,0.03149578482192346,0.0
2024-10,FOOD_ECM_A010_R27,9,-0.41369604064296195,0.0
2024-10,FOOD_ECM_A010_R27,10,-0.37016599588371835,0.0
2024-10,FOOD_ECM_A010_R27,11,-0.5084363610997648,0.0
2024-10,FOOD_ECM_A010_R27,12,0.6326670009113695,0.0
2024-10,FOOD_ECM_A015_R27,1,0.32587841865709793,-0.07681086061661657
2024-10,FOOD_ECM_A015_R27,2,-0.04243101568737781,-0.06528923152412408
2024-10,FOOD_ECM_A015_R27,3,1.8413131769424307,-0.05549584679550547
2024-10,FOOD_ECM_A015_R27,4,0.15702650854738523,-0.04717146977617965
2024-10,FOOD_ECM_A015_R27,5,-0.19353573314389902,-0.0400957493097527
2024-10,FOOD_ECM_A015_R27,6,0.16125896215794433,-0.034081386913289796
2024-10,FOOD_ECM_A015_R27,7,0.7287957546568608,0.0
2024-10,FOOD_ECM_A015_R27,8,0.03149578482192346,0.0
2024-10,FOOD_ECM_A015_R27,9,-0.41369604064296195,0.0
2024-10,FOOD_ECM_A015_R27,10,-0.37016599588371835,0.0
2024-10,FOOD_ECM_A015_R27,11,-0.5084363610997648,0.0
2024-10,FOOD_ECM_A015_R27,12,0.6326670009113695,0.0
2024-10,FOOD_ECM_PPI_R27,1,0.18130733187257342,-0.2213819474011411
2024-10,FOOD_ECM_PPI_R27,2,-0.14317824471410956,-0.16603646055085583
2024-10,FOOD_ECM_PPI_R27,3,1.7722816783247943,-0.12452734541314187
2024-10,FOOD_ECM_PPI_R27,4,0.11080246926370847,-0.0933955090598564
2024-10,FOOD_ECM_PPI_R27,5,-0.2234866156290386,-0.0700466317948923
2024-10,FOOD_ECM_PPI_R27,6,0.1428053752250649,-0.052534973846169224
2024-10,FOOD_ECM_PPI_R27,7,0.7287957546568608,0.0
2024-10,FOOD_ECM_PPI_R27,8,0.03149578482192346,0.0
2024-10,FOOD_ECM_PPI_R27,9,-0.41369604064296195,0.0
2024-10,FOOD_ECM_PPI_R27,10,-0.37016599588371835,0.0
2024-10,FOOD_ECM_PPI_R27,11,-0.5084363610997648,0.0
2024-10,FOOD_ECM_PPI_R27,12,0.6326670009113695,0.0
2024-11,FOOD_ECM_R27,1,-0.022502794490000082,-0.07297812838623549
2024-11,FOOD_ECM_R27,2,1.8598880988550366,-0.054733596289676625
2024-11,FOOD_ECM_R27,3,0.18219458042198255,-0.041050197217257466
2024-11,FOOD_ECM_R27,4,-0.1683490171510444,-0.0307876479129431
2024-11,FOOD_ECM_R27,5,0.1930986944383612,-0.023090735934707327
2024-11,FOOD_ECM_R27,6,0.7234348794807816,-0.017318051951030495
2024-11,FOOD_ECM_R27,7,0.03936120894046474,0.0
2024-11,FOOD_ECM_R27,8,-0.40857371189985087,0.0
2024-11,FOOD_ECM_R27,9,-0.36734585559220173,0.0
2024-11,FOOD_ECM_R27,10,-0.5076094166405013,0.0
2024-11,FOOD_ECM_R27,11,0.7040470208702125,0.0
2024-11,FOOD_ECM_R27,12,0.3792651352587873,0.0
2024-11,FOOD_ECM_A002_R27,1,0.04284668687559426,-0.007628647020641151
2024-11,FOOD_ECM_A002_R27,2,1.9071456210644848,-0.007476074080228327
2024-11,FOOD_ECM_A002_R27,3,0.21591822504061628,-0.00732655259862376
2024-11,FOOD_ECM_A002_R27,4,-0.14474139078475257,-0.007180021546651285
2024-11,FOOD_ECM_A002_R27,5,0.20915300925735028,-0.00703642111571826
2024-11,FOOD_ECM_A002_R27,6,0.7338572387384082,-0.006895692693403894
2024-11,FOOD_ECM_A002_R27,7,0.03936120894046474,0.0
2024-11,FOOD_ECM_A002_R27,8,-0.40857371189985087,0.0
2024-11,FOOD_ECM_A002_R27,9,-0.36734585559220173,0.0
2024-11,FOOD_ECM_A002_R27,10,-0.5076094166405013,0.0
2024-11,FOOD_ECM_A002_R27,11,0.7040470208702125,0.0
2024-11,FOOD_ECM_A002_R27,12,0.3792651352587873,0.0
2024-11,FOOD_ECM_A005_R27,1,0.03198754137172242,-0.01848779252451299
2024-11,FOOD_ECM_A005_R27,2,1.8970582922464259,-0.017563402898287343
2024-11,FOOD_ECM_A005_R27,3,0.20655954488586706,-0.016685232753372973
2024-11,FOOD_ECM_A005_R27,4,-0.1534123403538056,-0.015850971115704326
2024-11,FOOD_ECM_A005_R27,5,0.20113100781314944,-0.015058422559919106
2024-11,FOOD_ECM_A005_R27,6,0.726447429999889,-0.014305501431923152
2024-11,FOOD_ECM_A005_R27,7,0.03936120894046474,0.0
2024-11,FOOD_ECM_A005_R27,8,-0.40857371189985087,0.0
2024-11,FOOD_ECM_A005_R27,9,-0.36734585559220173,0.0
2024-11,FOOD_ECM_A005_R27,10,-0.5076094166405013,0.0
2024-11,FOOD_ECM_A005_R27,11,0.7040470208702125,0.0
2024-11,FOOD_ECM_A005_R27,12,0.3792651352587873,0.0
2024-11,FOOD_ECM_A010_R27,1,0.015445832270842369,-0.03502950162539304
2024-11,FOOD_ECM_A010_R27,2,1.8830951436818595,-0.031526551462853734
2024-11,FOOD_ECM_A010_R27,3,0.19487088132267166,-0.028373896316568364
2024-11,FOOD_ECM_A010_R27,4,-0.1630978759230128,-0.025536506684911527
2024-11,FOOD_ECM_A010_R27,5,0.19320657435664818,-0.022982856016420375
2024-11,FOOD_ECM_A010_R27,6,0.7200683610170338,-0.020684570414778336
2024-11,FOOD_ECM_A010_R27,7,0.03936120894046474,0.0
2024-11,FOOD_ECM_A010_R27,8,-0.40857371189985087,0.0
2024-11,FOOD_ECM_A010_R27,9,-0.36734585559220173,0.0
2024-11,FOOD_ECM_A010_R27,10,-0.5076094166405013,0.0
2024-11,FOOD_ECM_A010_R27,11,0.7040470208702125,0.0
2024-11,FOOD_ECM_A010_R27,12,0.3792651352587873,0.0
2024-11,FOOD_ECM_A015_R27,1,0.0008502065935952693,-0.04962512730264014
2024-11,FOOD_ECM_A015_R27,2,1.8724403369374691,-0.04218135820724411
2024-11,FOOD_ECM_A015_R27,3,0.18739062316308253,-0.035854154476157495
2024-11,FOOD_ECM_A015_R27,4,-0.16803740054283514,-0.03047603130473387
2024-11,FOOD_ECM_A015_R27,5,0.19028480376404475,-0.02590462660902379
2024-11,FOOD_ECM_A015_R27,6,0.7187339988141419,-0.022018932617670222
2024-11,FOOD_ECM_A015_R27,7,0.03936120894046474,0.0
2024-11,FOOD_ECM_A015_R27,8,-0.40857371189985087,0.0
2024-11,FOOD_ECM_A015_R27,9,-0.36734585559220173,0.0
2024-11,FOOD_ECM_A015_R27,10,-0.5076094166405013,0.0
2024-11,FOOD_ECM_A015_R27,11,0.7040470208702125,0.0
2024-11,FOOD_ECM_A015_R27,12,0.3792651352587873,0.0
2024-11,FOOD_ECM_PPI_R27,1,-0.09129070296584066,-0.14176603686207606
2024-11,FOOD_ECM_PPI_R27,2,1.8082971674981563,-0.10632452764655705
2024-11,FOOD_ECM_PPI_R27,3,0.14350138190432224,-0.07974339573491779
2024-11,FOOD_ECM_PPI_R27,4,-0.19736891603928963,-0.05980754680118834
2024-11,FOOD_ECM_PPI_R27,5,0.17133377027217728,-0.04485566010089126
2024-11,FOOD_ECM_PPI_R27,6,0.7071111863561437,-0.033641745075668444
2024-11,FOOD_ECM_PPI_R27,7,0.03936120894046474,0.0
2024-11,FOOD_ECM_PPI_R27,8,-0.40857371189985087,0.0
2024-11,FOOD_ECM_PPI_R27,9,-0.36734585559220173,0.0
2024-11,FOOD_ECM_PPI_R27,10,-0.5076094166405013,0.0
2024-11,FOOD_ECM_PPI_R27,11,0.7040470208702125,0.0
2024-11,FOOD_ECM_PPI_R27,12,0.3792651352587873,0.0
2024-12,FOOD_ECM_R27,1,1.869286896697201,-0.06497027762468854
2024-12,FOOD_ECM_R27,2,0.19471926729645864,-0.04872770821851641
2024-12,FOOD_ECM_R27,3,-0.1544954454656116,-0.036545781163887306
2024-12,FOOD_ECM_R27,4,0.20461177254950216,-0.02740933587291548
2024-12,FOOD_ECM_R27,5,0.7402295823422301,-0.02055700190468661
2024-12,FOOD_ECM_R27,6,0.04364854016344415,-0.015417751428514957
2024-12,FOOD_ECM_R27,7,-0.389469324153832,0.0
2024-12,FOOD_ECM_R27,8,-0.348535609861528,0.0
2024-12,FOOD_ECM_R27,9,-0.4891560701086606,0.0
2024-12,FOOD_ECM_R27,10,0.7223950841674225,0.0
2024-12,FOOD_ECM_R27,11,0.183262873961973,0.0
2024-12,FOOD_ECM_R27,12,0.004441959757967462,0.0
2024-12,FOOD_ECM_A002_R27,1,1.9274656146341886,-0.006791559687700776
2024-12,FOOD_ECM_A002_R27,2,0.23679124702102827,-0.00665572849394676
2024-12,FOOD_ECM_A002_R27,3,-0.12447227822579211,-0.006522613924067824
2024-12,FOOD_ECM_A002_R27,4,0.22562894677683115,-0.0063921616455864675
2024-12,FOOD_ECM_A002_R27,5,0.754522265834242,-0.006264318412674739
2024-12,FOOD_ECM_A002_R27,6,0.05292725954753787,-0.006139032044421244
2024-12,FOOD_ECM_A002_R27,7,-0.389469324153832,0.0
2024-12,FOOD_ECM_A002_R27,8,-0.348535609861528,0.0
2024-12,FOOD_ECM_A002_R27,9,-0.4891560701086606,0.0
2024-12,FOOD_ECM_A002_R27,10,0.7223950841674225,0.0
2024-12,FOOD_ECM_A002_R27,11,0.183262873961973,0.0
2024-12,FOOD_ECM_A002_R27,12,0.004441959757967462,0.0
2024-12,FOOD_ECM_A005_R27,1,1.917798037323635,-0.01645913699825443
2024-12,FOOD_ECM_A005_R27,2,0.22781079536663335,-0.01563618014834171
2024-12,FOOD_ECM_A005_R27,3,-0.1328040354426489,-0.014854371140924623
2024-12,FOOD_ECM_A005_R27,4,0.21790945583853924,-0.01411165258387839
2024-12,FOOD_ECM_A005_R27,5,0.7473805142922322,-0.01340606995468447
2024-12,FOOD_ECM_A005_R27,6,0.04633052513500886,-0.012735766456950246
2024-12,FOOD_ECM_A005_R27,7,-0.389469324153832,0.0
2024-12,FOOD_ECM_A005_R27,8,-0.348535609861528,0.0
2024-12,FOOD_ECM_A005_R27,9,-0.4891560701086606,0.0
2024-12,FOOD_ECM_A005_R27,10,0.7223950841674225,0.0
2024-12,FOOD_ECM_A005_R27,11,0.183262873961973,0.0
2024-12,FOOD_ECM_A005_R27,12,0.004441959757967462,0.0
2024-12,FOOD_ECM_A010_R27,1,1.903071441062039,-0.031185733259850502
2024-12,FOOD_ECM_A010_R27,2,0.21537981558110958,-0.02806715993386545
2024-12,FOOD_ECM_A010_R27,3,-0.1432101082422032,-0.02526044394047891
2024-12,FOOD_ECM_A010_R27,4,0.2092867088759866,-0.022734399546431017
2024-12,FOOD_ECM_A010_R27,5,0.7403256246551287,-0.020460959591787915
2024-12,FOOD_ECM_A010_R27,6,0.04065142795934998,-0.018414863632609125
2024-12,FOOD_ECM_A010_R27,7,-0.389469324153832,0.0
2024-12,FOOD_ECM_A010_R27,8,-0.348535609861528,0.0
2024-12,FOOD_ECM_A010_R27,9,-0.4891560701086606,0.0
2024-12,FOOD_ECM_A010_R27,10,0.7223950841674225,0.0
2024-12,FOOD_ECM_A010_R27,11,0.183262873961973,0.0
2024-12,FOOD_ECM_A010_R27,12,0.004441959757967462,0.0
2024-12,FOOD_ECM_A015_R27,1,1.8900773855371014,-0.04417978878478821
2024-12,FOOD_ECM_A015_R27,2,0.20589415504790506,-0.037552820467069974
2024-12,FOOD_ECM_A015_R27,3,-0.14986956169873378,-0.03191989739700948
2024-12,FOOD_ECM_A015_R27,4,0.20488919563495958,-0.027131912787458055
2024-12,FOOD_ECM_A015_R27,5,0.7377244583775774,-0.023062125869339346
2024-12,FOOD_ECM_A015_R27,6,0.03946348460302066,-0.019602806988938445
2024-12,FOOD_ECM_A015_R27,7,-0.389469324153832,0.0
2024-12,FOOD_ECM_A015_R27,8,-0.348535609861528,0.0
2024-12,FOOD_ECM_A015_R27,9,-0.4891560701086606,0.0
2024-12,FOOD_ECM_A015_R27,10,0.7223950841674225,0.0
2024-12,FOOD_ECM_A015_R27,11,0.183262873961973,0.0
2024-12,FOOD_ECM_A015_R27,12,0.004441959757967462,0.0
2024-12,FOOD_ECM_PPI_R27,1,1.7907877391651266,-0.143469435156763
2024-12,FOOD_ECM_PPI_R27,2,0.1358448991474028,-0.10760207636757224
2024-12,FOOD_ECM_PPI_R27,3,-0.19865122157740348,-0.08070155727567918
2024-12,FOOD_ECM_PPI_R27,4,0.17149494046565825,-0.060526167956759386
2024-12,FOOD_ECM_PPI_R27,5,0.7153919582793472,-0.04539462596756954
2024-12,FOOD_ECM_PPI_R27,6,0.025020322116281954,-0.03404596947567715
2024-12,FOOD_ECM_PPI_R27,7,-0.389469324153832,0.0
2024-12,FOOD_ECM_PPI_R27,8,-0.348535609861528,0.0
2024-12,FOOD_ECM_PPI_R27,9,-0.4891560701086606,0.0
2024-12,FOOD_ECM_PPI_R27,10,0.7223950841674225,0.0
2024-12,FOOD_ECM_PPI_R27,11,0.183262873961973,0.0
2024-12,FOOD_ECM_PPI_R27,12,0.004441959757967462,0.0
2025-01,FOOD_ECM_R27,1,0.3007504441314846,0.02971976868355386
2025-01,FOOD_ECM_R27,2,-0.08244239399020292,0.022289826512665395
2025-01,FOOD_ECM_R27,3,0.2764928039592773,0.016717369884499046
2025-01,FOOD_ECM_R27,4,0.7896401689804586,0.012538027413374285
2025-01,FOOD_ECM_R27,5,0.09705404391208372,0.009403520560030713
2025-01,FOOD_ECM_R27,6,-0.35583530684730674,0.007052640420023035
2025-01,FOOD_ECM_R27,7,-0.3253175729942323,0.0
2025-01,FOOD_ECM_R27,8,-0.4673842430355129,0.0
2025-01,FOOD_ECM_R27,9,0.7425640994370895,0.0
2025-01,FOOD_ECM_R27,10,0.20227971980539555,0.0
2025-01,FOOD_ECM_R27,11,-0.14962911505636056,0.0
2025-01,FOOD_ECM_R27,12,1.910663045437822,0.0
2025-01,FOOD_ECM_A002_R27,1,0.27413738193431825,0.003106706486387497
2025-01,FOOD_ECM_A002_R27,2,-0.10168764814620856,0.0030445723566597466
2025-01,FOOD_ECM_A002_R27,3,0.26275911498430476,0.0029836809095265516
2025-01,FOOD_ECM_A002_R27,4,0.7800261488584204,0.0029240072913360206
2025-01,FOOD_ECM_A002_R27,5,0.09051605049756231,0.0028655271455093004
2025-01,FOOD_ECM_A002_R27,6,-0.36007973066473065,0.0028082166025991144
2025-01,FOOD_ECM_A002_R27,7,-0.3253175729942323,0.0
2025-01,FOOD_ECM_A002_R27,8,-0.4673842430355129,0.0
2025-01,FOOD_ECM_A002_R27,9,0.7425640994370895,0.0
2025-01,FOOD_ECM_A002_R27,10,0.20227971980539555,0.0
2025-01,FOOD_ECM_A002_R27,11,-0.14962911505636056,0.0
2025-01,FOOD_ECM_A002_R27,12,1.910663045437822,0.0
2025-01,FOOD_ECM_A005_R27,1,0.27855968351443106,0.0075290080665003116
2025-01,FOOD_ECM_A005_R27,2,-0.09757966283969302,0.007152557663175296
2025-01,FOOD_ECM_A005_R27,3,0.26657036385479477,0.00679492978001653
2025-01,FOOD_ECM_A005_R27,4,0.7835573248581,0.006455183291015704
2025-01,FOOD_ECM_A005_R27,5,0.09378294747851793,0.006132424126464918
2025-01,FOOD_ECM_A005_R27,6,-0.3570621443471881,0.005825802920141673
2025-01,FOOD_ECM_A005_R27,7,-0.3253175729942323,0.0
2025-01,FOOD_ECM_A005_R27,8,-0.4673842430355129,0.0
2025-01,FOOD_ECM_A005_R27,9,0.7425640994370895,0.0
2025-01,FOOD_ECM_A005_R27,10,0.20227971980539555,0.0
2025-01,FOOD_ECM_A005_R27,11,-0.14962911505636056,0.0
2025-01,FOOD_ECM_A005_R27,12,1.910663045437822,0.0
2025-01,FOOD_ECM_A010_R27,1,0.2852961644160366,0.014265488968105856
2025-01,FOOD_ECM_A010_R27,2,-0.09189328043157305,0.01283894007129527
2025-01,FOOD_ECM_A010_R27,3,0.27133048013894395,0.011555046064165743
2025-01,FOOD_ECM_A010_R27,4,0.7875016830248335,0.010399541457749168
2025-01,FOOD_ECM_A010_R27,5,0.09701011066402726,0.009359587311974253
2025-01,FOOD_ECM_A010_R27,6,-0.3544643186865529,0.008423628580776827
2025-01,FOOD_ECM_A010_R27,7,-0.3253175729942323,0.0
2025-01,FOOD_ECM_A010_R27,8,-0.4673842430355129,0.0
2025-01,FOOD_ECM_A010_R27,9,0.7425640994370895,0.0
2025-01,FOOD_ECM_A010_R27,10,0.20227971980539555,0.0
2025-01,FOOD_ECM_A010_R27,11,-0.14962911505636056,0.0
2025-01,FOOD_ECM_A010_R27,12,1.910663045437822,0.0
2025-01,FOOD_ECM_A015_R27,1,0.29124011815274736,0.020209442704816623
2025-01,FOOD_ECM_A015_R27,2,-0.0875541942037742,0.017178026299094127
2025-01,FOOD_ECM_A015_R27,3,0.2743767564290082,0.014601322354230008
2025-01,FOOD_ECM_A015_R27,4,0.7895132655681798,0.012411124001095506
2025-01,FOOD_ECM_A015_R27,5,0.09819997875298418,0.010549455400931182
2025-01,FOOD_ECM_A015_R27,6,-0.35392091017653826,0.008967037090791503
2025-01,FOOD_ECM_A015_R27,7,-0.3253175729942323,0.0
2025-01,FOOD_ECM_A015_R27,8,-0.4673842430355129,0.0
2025-01,FOOD_ECM_A015_R27,9,0.7425640994370895,0.0
2025-01,FOOD_ECM_A015_R27,10,0.20227971980539555,0.0
2025-01,FOOD_ECM_A015_R27,11,-0.14962911505636056,0.0
2025-01,FOOD_ECM_A015_R27,12,1.910663045437822,0.0
2025-01,FOOD_ECM_PPI_R27,1,0.2595842247318038,-0.011446450716126953
2025-01,FOOD_ECM_PPI_R27,2,-0.11331705853996353,-0.008584838037095215
2025-01,FOOD_ECM_PPI_R27,3,0.2533368055469568,-0.006438628527821412
2025-01,FOOD_ECM_PPI_R27,4,0.7722731701712183,-0.004828971395866058
2025-01,FOOD_ECM_PPI_R27,5,0.08402879480515346,-0.0036217285468995437
2025-01,FOOD_ECM_PPI_R27,6,-0.36560424367750444,-0.0027162964101746577
2025-01,FOOD_ECM_PPI_R27,7,-0.3253175729942323,0.0
2025-01,FOOD_ECM_PPI_R27,8,-0.4673842430355129,0.0
2025-01,FOOD_ECM_PPI_R27,9,0.7425640994370895,0.0
2025-01,FOOD_ECM_PPI_R27,10,0.20227971980539555,0.0
2025-01,FOOD_ECM_PPI_R27,11,-0.14962911505636056,0.0
2025-01,FOOD_ECM_PPI_R27,12,1.910663045437822,0.0
2025-02,FOOD_ECM_R27,1,-0.17896216256092753,-0.09393880017068743
2025-02,FOOD_ECM_R27,2,0.21325494440452708,-0.07045410012801556
2025-02,FOOD_ECM_R27,3,0.7265510627323122,-0.05284057509601168
2025-02,FOOD_ECM_R27,4,0.05844497062579257,-0.03963043132200876
2025-02,FOOD_ECM_R27,5,-0.397344740819433,-0.029722823491506567
2025-02,FOOD_ECM_R27,6,-0.3569162135596569,-0.022292117618629925
2025-02,FOOD_ECM_R27,7,-0.4776858113754297,0.0
2025-02,FOOD_ECM_R27,8,0.7306479437221711,0.0
2025-02,FOOD_ECM_R27,9,0.1895883556570357,0.0
2025-02,FOOD_ECM_R27,10,-0.16315736497635608,0.0
2025-02,FOOD_ECM_R27,11,2.085694242504923,0.0
2025-02,FOOD_ECM_R27,12,0.21145193827030445,0.0
2025-02,FOOD_ECM_A002_R27,1,-0.09484309830141596,-0.00981973591117586
2025-02,FOOD_ECM_A002_R27,2,0.2740857033395903,-0.009623341192952342
2025-02,FOOD_ECM_A002_R27,3,0.7699607634592306,-0.009430874369093295
2025-02,FOOD_ECM_A002_R27,4,0.0888331450660899,-0.009242256881711429
2025-02,FOOD_ECM_A002_R27,5,-0.37667932907200363,-0.0090574117440772
2025-02,FOOD_ECM_A002_R27,6,-0.34350035945022267,-0.008876263509195657
2025-02,FOOD_ECM_A002_R27,7,-0.4776858113754297,0.0
2025-02,FOOD_ECM_A002_R27,8,0.7306479437221711,0.0
2025-02,FOOD_ECM_A002_R27,9,0.1895883556570357,0.0
2025-02,FOOD_ECM_A002_R27,10,-0.16315736497635608,0.0
2025-02,FOOD_ECM_A002_R27,11,2.085694242504923,0.0
2025-02,FOOD_ECM_A002_R27,12,0.21145193827030445,0.0
2025-02,FOOD_ECM_A005_R27,1,-0.10882119176681426,-0.023797829376574146
2025-02,FOOD_ECM_A005_R27,2,0.2611011066247972,-0.02260793790774544
2025-02,FOOD_ECM_A005_R27,3,0.7579140968159657,-0.021477541012358166
2025-02,FOOD_ECM_A005_R27,4,0.07767173798606107,-0.020403663961740256
2025-02,FOOD_ECM_A005_R27,5,-0.3870053980915797,-0.01938348076365324
2025-02,FOOD_ECM_A005_R27,6,-0.35303840266649755,-0.01841430672547058
2025-02,FOOD_ECM_A005_R27,7,-0.4776858113754297,0.0
2025-02,FOOD_ECM_A005_R27,8,0.7306479437221711,0.0
2025-02,FOOD_ECM_A005_R27,9,0.1895883556570357,0.0
2025-02,FOOD_ECM_A005_R27,10,-0.16315736497635608,0.0
2025-02,FOOD_ECM_A005_R27,11,2.085694242504923,0.0
2025-02,FOOD_ECM_A005_R27,12,0.21145193827030445,0.0
2025-02,FOOD_ECM_A010_R27,1,-0.13011398647217007,-0.045090624081929966
2025-02,FOOD_ECM_A010_R27,2,0.24312748285880567,-0.04058156167373697
2025-02,FOOD_ECM_A010_R27,3,0.7428682323219606,-0.03652340550636327
2025-02,FOOD_ECM_A010_R27,4,0.06520433699207438,-0.03287106495572695
2025-02,FOOD_ECM_A010_R27,5,-0.3972058757880807,-0.029583958460154252
2025-02,FOOD_ECM_A010_R27,6,-0.36124965855516583,-0.02662556261413883
2025-02,FOOD_ECM_A010_R27,7,-0.4776858113754297,0.0
2025-02,FOOD_ECM_A010_R27,8,0.7306479437221711,0.0
2025-02,FOOD_ECM_A010_R27,9,0.1895883556570357,0.0
2025-02,FOOD_ECM_A010_R27,10,-0.16315736497635608,0.0
2025-02,FOOD_ECM_A010_R27,11,2.085694242504923,0.0
2025-02,FOOD_ECM_A010_R27,12,0.21145193827030445,0.0
2025-02,FOOD_ECM_A015_R27,1,-0.14890174650630755,-0.06387838411606744
2025-02,FOOD_ECM_A015_R27,2,0.22941241803388532,-0.054296626498657324
2025-02,FOOD_ECM_A015_R27,3,0.7332395053044651,-0.046152132523858726
2025-02,FOOD_ECM_A015_R27,4,0.058846089302521415,-0.039229312645279915
2025-02,FOOD_ECM_A015_R27,5,-0.40096683307641434,-0.03334491574848793
2025-02,FOOD_ECM_A015_R27,6,-0.36296727432724174,-0.028343178386214737
2025-02,FOOD_ECM_A015_R27,7,-0.4776858113754297,0.0
2025-02,FOOD_ECM_A015_R27,8,0.7306479437221711,0.0
2025-02,FOOD_ECM_A015_R27,9,0.1895883556570357,0.0
2025-02,FOOD_ECM_A015_R27,10,-0.16315736497635608,0.0
2025-02,FOOD_ECM_A015_R27,11,2.085694242504923,0.0
2025-02,FOOD_ECM_A015_R27,12,0.21145193827030445,0.0
2025-02,FOOD_ECM_PPI_R27,1,-0.21838946982751714,-0.13336610743727703
2025-02,FOOD_ECM_PPI_R27,2,0.18368446395458488,-0.10002458057795777
2025-02,FOOD_ECM_PPI_R27,3,0.7043732023948556,-0.07501843543346833
2025-02,FOOD_ECM_PPI_R27,4,0.04181157537270008,-0.05626382657510125
2025-02,FOOD_ECM_PPI_R27,5,-0.4098197872592524,-0.04219786993132594
2025-02,FOOD_ECM_PPI_R27,6,-0.3662724983895214,-0.03164840244849445
2025-02,FOOD_ECM_PPI_R27,7,-0.4776858113754297,0.0
2025-02,FOOD_ECM_PPI_R27,8,0.7306479437221711,0.0
2025-02,FOOD_ECM_PPI_R27,9,0.1895883556570357,0.0
2025-02,FOOD_ECM_PPI_R27,10,-0.16315736497635608,0.0
2025-02,FOOD_ECM_PPI_R27,11,2.085694242504923,0.0
2025-02,FOOD_ECM_PPI_R27,12,0.21145193827030445,0.0
2025-03,FOOD_ECM_R27,1,0.2967887865793048,0.051025726124047224
2025-03,FOOD_ECM_R27,2,0.7817855309928861,0.03826929459303542
2025-03,FOOD_ECM_R27,3,0.11128377239289286,0.028701970944776563
2025-03,FOOD_ECM_R27,4,-0.365565309065805,0.021526478208582424
2025-03,FOOD_ECM_R27,5,-0.3187382140587745,0.016144858656436816
2025-03,FOOD_ECM_R27,6,-0.4591054699303782,0.012108643992327613
2025-03,FOOD_ECM_R27,7,0.740193401241246,0.0
2025-03,FOOD_ECM_R27,8,0.2019958154339542,0.0
2025-03,FOOD_ECM_R27,9,-0.14883620869433045,0.0
2025-03,FOOD_ECM_R27,10,2.1017945962434648,0.0
2025-03,FOOD_ECM_R27,11,-0.01559389472116282,0.0
2025-03,FOOD_ECM_R27,12,-0.10403588409645002,0.0
2025-03,FOOD_ECM_A002_R27,1,0.251096949692758,0.0053338892375004035
2025-03,FOOD_ECM_A002_R27,2,0.748743447852601,0.005227211452750395
2025-03,FOOD_ECM_A002_R27,3,0.0877044686718117,0.005122667223695387
2025-03,FOOD_ECM_A002_R27,4,-0.38207157339516595,0.005020213879221479
2025-03,FOOD_ECM_A002_R27,5,-0.32996326311357427,0.00491980960163705
2025-03,FOOD_ECM_A002_R27,6,-0.46639270051310155,0.004821413409604309
2025-03,FOOD_ECM_A002_R27,7,0.740193401241246,0.0
2025-03,FOOD_ECM_A002_R27,8,0.2019958154339542,0.0
2025-03,FOOD_ECM_A002_R27,9,-0.14883620869433045,0.0
2025-03,FOOD_ECM_A002_R27,10,2.1017945962434648,0.0
2025-03,FOOD_ECM_A002_R27,11,-0.01559389472116282,0.0
2025-03,FOOD_ECM_A002_R27,12,-0.10403588409645002,0.0
2025-03,FOOD_ECM_A005_R27,1,0.25868957774001616,0.01292651728475863
2025-03,FOOD_ECM_A005_R27,2,0.7557964278203714,0.0122801914205207
2025-03,FOOD_ECM_A005_R27,3,0.09424798329761097,0.011666181849494663
2025-03,FOOD_ECM_A005_R27,4,-0.3760089145173675,0.01108287275701993
2025-03,FOOD_ECM_A005_R27,5,-0.3243543435960424,0.010528729119168932
2025-03,FOOD_ECM_A005_R27,6,-0.46121182125949534,0.010002292663210486
2025-03,FOOD_ECM_A005_R27,7,0.740193401241246,0.0
2025-03,FOOD_ECM_A005_R27,8,0.2019958154339542,0.0
2025-03,FOOD_ECM_A005_R27,9,-0.14883620869433045,0.0
2025-03,FOOD_ECM_A005_R27,10,2.1017945962434648,0.0
2025-03,FOOD_ECM_A005_R27,11,-0.01559389472116282,0.0
2025-03,FOOD_ECM_A005_R27,12,-0.10403588409645002,0.0
2025-03,FOOD_ECM_A010_R27,1,0.2702554089948002,0.02449234853954267
2025-03,FOOD_ECM_A010_R27,2,0.7655593500854391,0.022043113685588405
2025-03,FOOD_ECM_A010_R27,3,0.10242060376514586,0.019838802317029565
2025-03,FOOD_ECM_A010_R27,4,-0.3692368651890608,0.017854922085326606
2025-03,FOOD_ECM_A010_R27,5,-0.3188136428384174,0.016069429876793946
2025-03,FOOD_ECM_A010_R27,6,-0.4567516270335913,0.014462486889114553
2025-03,FOOD_ECM_A010_R27,7,0.740193401241246,0.0
2025-03,FOOD_ECM_A010_R27,8,0.2019958154339542,0.0
2025-03,FOOD_ECM_A010_R27,9,-0.14883620869433045,0.0
2025-03,FOOD_ECM_A010_R27,10,2.1017945962434648,0.0
2025-03,FOOD_ECM_A010_R27,11,-0.01559389472116282,0.0
2025-03,FOOD_ECM_A010_R27,12,-0.10403588409645002,0.0
2025-03,FOOD_ECM_A015_R27,1,0.2804605542196097,0.03469749376435211
2025-03,FOOD_ECM_A015_R27,2,0.77300910609955,0.02949286969969929
2025-03,FOOD_ECM_A015_R27,3,0.10765074069286071,0.025068939244744397
2025-03,FOOD_ECM_A015_R27,4,-0.3657831889163547,0.021308598358032737
2025-03,FOOD_ECM_A015_R27,5,-0.3167707641108835,0.018112308604327828
2025-03,FOOD_ECM_A015_R27,6,-0.4558186516090272,0.015395462313678651
2025-03,FOOD_ECM_A015_R27,7,0.740193401241246,0.0
2025-03,FOOD_ECM_A015_R27,8,0.2019958154339542,0.0
2025-03,FOOD_ECM_A015_R27,9,-0.14883620869433045,0.0
2025-03,FOOD_ECM_A015_R27,10,2.1017945962434648,0.0
2025-03,FOOD_ECM_A015_R27,11,-0.01559389472116282,0.0
2025-03,FOOD_ECM_A015_R27,12,-0.10403588409645002,0.0
2025-03,FOOD_ECM_PPI_R27,1,0.26264095830042,0.01687789784516247
2025-03,FOOD_ECM_PPI_R27,2,0.7561746597837224,0.012658423383871853
2025-03,FOOD_ECM_PPI_R27,3,0.0920756189860202,0.00949381753790389
2025-03,FOOD_ECM_PPI_R27,4,-0.3799714241209595,0.007120363153427917
2025-03,FOOD_ECM_PPI_R27,5,-0.3295428003501404,0.005340272365070938
2025-03,FOOD_ECM_PPI_R27,6,-0.46720890964890266,0.004005204273803203
2025-03,FOOD_ECM_PPI_R27,7,0.740193401241246,0.0
2025-03,FOOD_ECM_PPI_R27,8,0.2019958154339542,0.0
2025-03,FOOD_ECM_PPI_R27,9,-0.14883620869433045,0.0
2025-03,FOOD_ECM_PPI_R27,10,2.1017945962434648,0.0
2025-03,FOOD_ECM_PPI_R27,11,-0.01559389472116282,0.0
2025-03,FOOD_ECM_PPI_R27,12,-0.10403588409645002,0.0
2025-04,FOOD_ECM_R27,1,0.5446413582933244,-0.12118326731748828
2025-04,FOOD_ECM_R27,2,-0.0755072291712064,-0.09088745048811621
2025-04,FOOD_ECM_R27,3,-0.5167763762955119,-0.06816558786608716
2025-04,FOOD_ECM_R27,4,-0.4372531903821879,-0.05112419089956537
2025-04,FOOD_ECM_R27,5,-0.562466917949405,-0.03834314317467403
2025-04,FOOD_ECM_R27,6,0.6660990221427971,-0.02875735738100552
2025-04,FOOD_ECM_R27,7,0.1642239005172509,0.0
2025-04,FOOD_ECM_R27,8,-0.18071584211802907,0.0
2025-04,FOOD_ECM_R27,9,2.074471074138491,0.0
2025-04,FOOD_ECM_R27,10,-0.039253180040647886,0.0
2025-04,FOOD_ECM_R27,11,-0.0012267571720164794,0.0
2025-04,FOOD_ECM_R27,12,0.21856112020765286,0.0
2025-04,FOOD_ECM_A002_R27,1,0.6531569347338912,-0.012667690876921442
2025-04,FOOD_ECM_A002_R27,2,0.0029658842575267953,-0.012414337059383012
2025-04,FOOD_ECM_A002_R27,3,-0.46077683874762004,-0.012166050318195351
2025-04,FOOD_ECM_A002_R27,4,-0.398051728794454,-0.011922729311831444
2025-04,FOOD_ECM_A002_R27,5,-0.5358080495003258,-0.011684274725594817
2025-04,FOOD_ECM_A002_R27,6,0.6834057902927198,-0.011450589231082919
2025-04,FOOD_ECM_A002_R27,7,0.1642239005172509,0.0
2025-04,FOOD_ECM_A002_R27,8,-0.18071584211802907,0.0
2025-04,FOOD_ECM_A002_R27,9,2.074471074138491,0.0
2025-04,FOOD_ECM_A002_R27,10,-0.039253180040647886,0.0
2025-04,FOOD_ECM_A002_R27,11,-0.0012267571720164794,0.0
2025-04,FOOD_ECM_A002_R27,12,0.21856112020765286,0.0
2025-04,FOOD_ECM_A005_R27,1,0.635124864557049,-0.030699761053763694
2025-04,FOOD_ECM_A005_R27,2,-0.013784551684165706,-0.029164773001075513
2025-04,FOOD_ECM_A005_R27,3,-0.4763173227804464,-0.027706534351021734
2025-04,FOOD_ECM_A005_R27,4,-0.41245020711609315,-0.026321207633470647
2025-04,FOOD_ECM_A005_R27,5,-0.5491289220265281,-0.02500514725179711
2025-04,FOOD_ECM_A005_R27,6,0.6711014896345954,-0.023754889889207254
2025-04,FOOD_ECM_A005_R27,7,0.1642239005172509,0.0
2025-04,FOOD_ECM_A005_R27,8,-0.18071584211802907,0.0
2025-04,FOOD_ECM_A005_R27,9,2.074471074138491,0.0
2025-04,FOOD_ECM_A005_R27,10,-0.039253180040647886,0.0
2025-04,FOOD_ECM_A005_R27,11,-0.0012267571720164794,0.0
2025-04,FOOD_ECM_A005_R27,12,0.21856112020765286,0.0
2025-04,FOOD_ECM_A010_R27,1,0.6076566572984183,-0.058167968312394375
2025-04,FOOD_ECM_A010_R27,2,-0.036970950164245134,-0.05235117148115494
2025-04,FOOD_ECM_A010_R27,3,-0.49572684276246415,-0.04711605433303945
2025-04,FOOD_ECM_A010_R27,4,-0.428533448382358,-0.0424044488997355
2025-04,FOOD_ECM_A010_R27,5,-0.5622877787844929,-0.03816400400976195
2025-04,FOOD_ECM_A010_R27,6,0.6605087759150169,-0.034347603608785755
2025-04,FOOD_ECM_A010_R27,7,0.1642239005172509,0.0
2025-04,FOOD_ECM_A010_R27,8,-0.18071584211802907,0.0
2025-04,FOOD_ECM_A010_R27,9,2.074471074138491,0.0
2025-04,FOOD_ECM_A010_R27,10,-0.039253180040647886,0.0
2025-04,FOOD_ECM_A010_R27,11,-0.0012267571720164794,0.0
2025-04,FOOD_ECM_A010_R27,12,0.21856112020765286,0.0
2025-04,FOOD_ECM_A015_R27,1,0.5834200038349207,-0.08240462177589203
2025-04,FOOD_ECM_A015_R27,2,-0.054663707192598415,-0.07004392850950822
2025-04,FOOD_ECM_A015_R27,3,-0.5081481276625067,-0.059537339233081986
2025-04,FOOD_ECM_A015_R27,4,-0.4367357378307422,-0.050606738348119684
2025-04,FOOD_ECM_A015_R27,5,-0.5671395023706327,-0.043015727595901734
2025-04,FOOD_ECM_A015_R27,6,0.6582930110672862,-0.036563368456516476
2025-04,FOOD_ECM_A015_R27,7,0.1642239005172509,0.0
2025-04,FOOD_ECM_A015_R27,8,-0.18071584211802907,0.0
2025-04,FOOD_ECM_A015_R27,9,2.074471074138491,0.0
2025-04,FOOD_ECM_A015_R27,10,-0.039253180040647886,0.0
2025-04,FOOD_ECM_A015_R27,11,-0.0012267571720164794,0.0
2025-04,FOOD_ECM_A015_R27,12,0.21856112020765286,0.0
2025-04,FOOD_ECM_PPI_R27,1,0.5184227822531497,-0.14740184335766293
2025-04,FOOD_ECM_PPI_R27,2,-0.0951711612013374,-0.1105513825182472
2025-04,FOOD_ECM_PPI_R27,3,-0.5315243253181101,-0.0829135368886854
2025-04,FOOD_ECM_PPI_R27,4,-0.44831415214913656,-0.062185152666514046
2025-04,FOOD_ECM_PPI_R27,5,-0.5707626392746165,-0.04663886449988554
2025-04,FOOD_ECM_PPI_R27,6,0.6598772311488885,-0.03497914837491415
2025-04,FOOD_ECM_PPI_R27,7,0.1642239005172509,0.0
2025-04,FOOD_ECM_PPI_R27,8,-0.18071584211802907,0.0
2025-04,FOOD_ECM_PPI_R27,9,2.074471074138491,0.0
2025-04,FOOD_ECM_PPI_R27,10,-0.039253180040647886,0.0
2025-04,FOOD_ECM_PPI_R27,11,-0.0012267571720164794,0.0
2025-04,FOOD_ECM_PPI_R27,12,0.21856112020765286,0.0
2025-05,FOOD_ECM_R27,1,-0.017906829171600646,-0.007577261527171208
2025-05,FOOD_ECM_R27,2,-0.4823901327045756,-0.005682946145378406
2025-05,FOOD_ECM_R27,3,-0.4022637539938788,-0.004262209609033805
2025-05,FOOD_ECM_R27,4,-0.5477737256343633,-0.0031966572067753532
2025-05,FOOD_ECM_R27,5,0.6853720618028717,-0.002397492905081515
2025-05,FOOD_ECM_R27,6,0.15805847029261597,-0.0017981196788111361
2025-05,FOOD_ECM_R27,7,-0.18465114565676358,0.0
2025-05,FOOD_ECM_R27,8,2.0713761413205622,0.0
2025-05,FOOD_ECM_R27,9,-0.042122480111009164,0.0
2025-05,FOOD_ECM_R27,10,-0.0036176690084700753,0.0
2025-05,FOOD_ECM_R27,11,0.24380036477441017,0.0
2025-05,FOOD_ECM_R27,12,0.7495078270425569,0.0
2025-05,FOOD_ECM_A002_R27,1,-0.011121644049403068,-0.0007920764049736302
2025-05,FOOD_ECM_A002_R27,2,-0.47748342143607136,-0.0007762348768741576
2025-05,FOOD_ECM_A002_R27,3,-0.3987622545641817,-0.0007607101793366745
2025-05,FOOD_ECM_A002_R27,4,-0.5453225644033379,-0.0007454959757499409
2025-05,FOOD_ECM_A002_R27,5,0.6870389686517182,-0.0007305860562349421
2025-05,FOOD_ECM_A002_R27,6,0.15914061563631685,-0.0007159743351102432
2025-05,FOOD_ECM_A002_R27,7,-0.18465114565676358,0.0
2025-05,FOOD_ECM_A002_R27,8,2.0713761413205622,0.0
2025-05,FOOD_ECM_A002_R27,9,-0.042122480111009164,0.0
2025-05,FOOD_ECM_A002_R27,10,-0.0036176690084700753,0.0
2025-05,FOOD_ECM_A002_R27,11,0.24380036477441017,0.0
2025-05,FOOD_ECM_A002_R27,12,0.7495078270425569,0.0
2025-05,FOOD_ECM_A005_R27,1,-0.012249140564646144,-0.001919572920216706
2025-05,FOOD_ECM_A005_R27,2,-0.47853078083340306,-0.0018235942742058707
2025-05,FOOD_ECM_A005_R27,3,-0.3997339589453406,-0.001732414560495577
2025-05,FOOD_ECM_A005_R27,4,-0.5462228622600588,-0.001645793832470798
2025-05,FOOD_ECM_A005_R27,5,0.6862060505671059,-0.001563504140847258
2025-05,FOOD_ECM_A005_R27,6,0.1583712610376222,-0.0014853289338048951
2025-05,FOOD_ECM_A005_R27,7,-0.18465114565676358,0.0
2025-05,FOOD_ECM_A005_R27,8,2.0713761413205622,0.0
2025-05,FOOD_ECM_A005_R27,9,-0.042122480111009164,0.0
2025-05,FOOD_ECM_A005_R27,10,-0.0036176690084700753,0.0
2025-05,FOOD_ECM_A005_R27,11,0.24380036477441017,0.0
2025-05,FOOD_ECM_A005_R27,12,0.7495078270425569,0.0
2025-05,FOOD_ECM_A010_R27,1,-0.013966653177471618,-0.00363708553304218
2025-05,FOOD_ECM_A010_R27,2,-0.47998056353893515,-0.003273376979737962
2025-05,FOOD_ECM_A010_R27,3,-0.4009475836666092,-0.002946039281764166
2025-05,FOOD_ECM_A010_R27,4,-0.5472285037811757,-0.002651435353587749
2025-05,FOOD_ECM_A010_R27,5,0.6853832628897242,-0.0023862918182289746
2025-05,FOOD_ECM_A010_R27,6,0.157708927335021,-0.002147662636406077
2025-05,FOOD_ECM_A010_R27,7,-0.18465114565676358,0.0
2025-05,FOOD_ECM_A010_R27,8,2.0713761413205622,0.0
2025-05,FOOD_ECM_A010_R27,9,-0.042122480111009164,0.0
2025-05,FOOD_ECM_A010_R27,10,-0.0036176690084700753,0.0
2025-05,FOOD_ECM_A010_R27,11,0.24380036477441017,0.0
2025-05,FOOD_ECM_A010_R27,12,0.7495078270425569,0.0
2025-05,FOOD_ECM_A015_R27,1,-0.015482105482905859,-0.005152537838476421
2025-05,FOOD_ECM_A015_R27,2,-0.48108684372190214,-0.0043796571627049575
2025-05,FOOD_ECM_A015_R27,3,-0.40172425297314424,-0.003722708588299214
2025-05,FOOD_ECM_A015_R27,4,-0.5477413707276424,-0.0031643023000543316
2025-05,FOOD_ECM_A015_R27,5,0.685079897752907,-0.002689656955046182
2025-05,FOOD_ECM_A015_R27,6,0.15757038155963785,-0.0022862084117892547
2025-05,FOOD_ECM_A015_R27,7,-0.18465114565676358,0.0
2025-05,FOOD_ECM_A015_R27,8,2.0713761413205622,0.0
2025-05,FOOD_ECM_A015_R27,9,-0.042122480111009164,0.0
2025-05,FOOD_ECM_A015_R27,10,-0.0036176690084700753,0.0
2025-05,FOOD_ECM_A015_R27,11,0.24380036477441017,0.0
2025-05,FOOD_ECM_A015_R27,12,0.7495078270425569,0.0
2025-05,FOOD_ECM_PPI_R27,1,-0.05140711751296989,-0.04107754986854045
2025-05,FOOD_ECM_PPI_R27,2,-0.5075153489606026,-0.03080816240140534
2025-05,FOOD_ECM_PPI_R27,3,-0.421107666185899,-0.023106121801054005
2025-05,FOOD_ECM_PPI_R27,4,-0.5619066597783785,-0.017329591350790503
2025-05,FOOD_ECM_PPI_R27,5,0.6747723611948603,-0.012997193513092878
2025-05,FOOD_ECM_PPI_R27,6,0.15010869483660744,-0.009747895134819658
2025-05,FOOD_ECM_PPI_R27,7,-0.18465114565676358,0.0
2025-05,FOOD_ECM_PPI_R27,8,2.0713761413205622,0.0
2025-05,FOOD_ECM_PPI_R27,9,-0.042122480111009164,0.0
2025-05,FOOD_ECM_PPI_R27,10,-0.0036176690084700753,0.0
2025-05,FOOD_ECM_PPI_R27,11,0.24380036477441017,0.0
2025-05,FOOD_ECM_PPI_R27,12,0.7495078270425569,0.0
2025-06,FOOD_ECM_R27,1,-0.5319057448156348,-0.09749504855657809
2025-06,FOOD_ECM_R27,2,-0.4194641557354729,-0.07312128641743357
2025-06,FOOD_ECM_R27,3,-0.5722022172106538,-0.05484096481307517
2025-06,FOOD_ECM_R27,4,0.6768910880476775,-0.04113072360980638
2025-06,FOOD_ECM_R27,5,0.14763308550078155,-0.030848042707354785
2025-06,FOOD_ECM_R27,6,-0.19720020676869676,-0.023136032030516087
2025-06,FOOD_ECM_R27,7,2.0778516617478693,0.0
2025-06,FOOD_ECM_R27,8,-0.03935604752003072,0.0
2025-06,FOOD_ECM_R27,9,-0.003246779650635272,0.0
2025-06,FOOD_ECM_R27,10,0.24194388864519478,0.0
2025-06,FOOD_ECM_R27,11,0.8537288037592955,0.0
2025-06,FOOD_ECM_R27,12,0.0479976853615035,0.0
2025-06,FOOD_ECM_A002_R27,1,-0.44460217866817103,-0.010191482409114296
2025-06,FOOD_ECM_A002_R27,2,-0.35633052207897137,-0.00998765276093201
2025-06,FOOD_ECM_A002_R27,3,-0.5271491521032919,-0.009787899705713369
2025-06,FOOD_ECM_A002_R27,4,0.7084296699458849,-0.009592141711599101
2025-06,FOOD_ECM_A002_R27,5,0.1690808293307692,-0.00940029887736712
2025-06,FOOD_ECM_A002_R27,6,-0.18327646763800046,-0.009212292899819776
2025-06,FOOD_ECM_A002_R27,7,2.0778516617478693,0.0
2025-06,FOOD_ECM_A002_R27,8,-0.03935604752003072,0.0
2025-06,FOOD_ECM_A002_R27,9,-0.003246779650635272,0.0
2025-06,FOOD_ECM_A002_R27,10,0.24194388864519478,0.0
2025-06,FOOD_ECM_A002_R27,11,0.8537288037592955,0.0
2025-06,FOOD_ECM_A002_R27,12,0.0479976853615035,0.0
2025-06,FOOD_ECM_A005_R27,1,-0.45910944189338987,-0.024698745634333115
2025-06,FOOD_ECM_A005_R27,2,-0.36980667767065584,-0.02346380835261646
2025-06,FOOD_ECM_A005_R27,3,-0.5396518703325642,-0.022290617934985636
2025-06,FOOD_ECM_A005_R27,4,0.6968457246192475,-0.02117608703823635
2025-06,FOOD_ECM_A005_R27,5,0.1583638455218118,-0.020117282686324532
2025-06,FOOD_ECM_A005_R27,6,-0.19317559329018896,-0.019111418552008305
2025-06,FOOD_ECM_A005_R27,7,2.0778516617478693,0.0
2025-06,FOOD_ECM_A005_R27,8,-0.03935604752003072,0.0
2025-06,FOOD_ECM_A005_R27,9,-0.003246779650635272,0.0
2025-06,FOOD_ECM_A005_R27,10,0.24194388864519478,0.0
2025-06,FOOD_ECM_A005_R27,11,0.8537288037592955,0.0
2025-06,FOOD_ECM_A005_R27,12,0.0479976853615035,0.0
2025-06,FOOD_ECM_A010_R27,1,-0.48120831956621424,-0.046797623307157483
2025-06,FOOD_ECM_A010_R27,2,-0.38846073029448114,-0.04211786097644174
2025-06,FOOD_ECM_A010_R27,3,-0.5552673272763762,-0.03790607487879757
2025-06,FOOD_ECM_A010_R27,4,0.683906344266566,-0.03411546739091781
2025-06,FOOD_ECM_A010_R27,5,0.1477772075563103,-0.03070392065182603
2025-06,FOOD_ECM_A010_R27,6,-0.2016977033248241,-0.027633528586643426
2025-06,FOOD_ECM_A010_R27,7,2.0778516617478693,0.0
2025-06,FOOD_ECM_A010_R27,8,-0.03935604752003072,0.0
2025-06,FOOD_ECM_A010_R27,9,-0.003246779650635272,0.0
2025-06,FOOD_ECM_A010_R27,10,0.24194388864519478,0.0
2025-06,FOOD_ECM_A010_R27,11,0.8537288037592955,0.0
2025-06,FOOD_ECM_A010_R27,12,0.0479976853615035,0.0
2025-06,FOOD_ECM_A015_R27,1,-0.5007073292775298,-0.06629663301847309
2025-06,FOOD_ECM_A015_R27,2,-0.4026950073837415,-0.05635213806570212
2025-06,FOOD_ECM_A015_R27,3,-0.5652605697534254,-0.0478993173558468
2025-06,FOOD_ECM_A015_R27,4,0.6773073919050141,-0.04071441975246978
2025-06,FOOD_ECM_A015_R27,5,0.14387387141853702,-0.03460725678959931
2025-06,FOOD_ECM_A015_R27,6,-0.2034803430093401,-0.029416168271159417
2025-06,FOOD_ECM_A015_R27,7,2.0778516617478693,0.0
2025-06,FOOD_ECM_A015_R27,8,-0.03935604752003072,0.0
2025-06,FOOD_ECM_A015_R27,9,-0.003246779650635272,0.0
2025-06,FOOD_ECM_A015_R27,10,0.24194388864519478,0.0
2025-06,FOOD_ECM_A015_R27,11,0.8537288037592955,0.0
2025-06,FOOD_ECM_A015_R27,12,0.0479976853615035,0.0
2025-06,FOOD_ECM_PPI_R27,1,-0.5257561938156804,-0.09134549755662359
2025-06,FOOD_ECM_PPI_R27,2,-0.4148519924855071,-0.0685091231674677
2025-06,FOOD_ECM_PPI_R27,3,-0.5687430947731793,-0.05138184237560077
2025-06,FOOD_ECM_PPI_R27,4,0.6794854298757833,-0.03853638178170058
2025-06,FOOD_ECM_PPI_R27,5,0.1495788418718609,-0.028902286336275434
2025-06,FOOD_ECM_PPI_R27,6,-0.19574088949038726,-0.021676714752206575
2025-06,FOOD_ECM_PPI_R27,7,2.0778516617478693,0.0
2025-06,FOOD_ECM_PPI_R27,8,-0.03935604752003072,0.0
2025-06,FOOD_ECM_PPI_R27,9,-0.003246779650635272,0.0
2025-06,FOOD_ECM_PPI_R27,10,0.24194388864519478,0.0
2025-06,FOOD_ECM_PPI_R27,11,0.8537288037592955,0.0
2025-06,FOOD_ECM_PPI_R27,12,0.0479976853615035,0.0
2025-07,FOOD_ECM_R27,1,-0.43094782787904506,-0.1274120437369722
2025-07,FOOD_ECM_R27,2,-0.5560258222110817,-0.09555903280272915
2025-07,FOOD_ECM_R27,3,0.6795270123092179,-0.07166927460204686
2025-07,FOOD_ECM_R27,4,0.16014437078294877,-0.053751955951535146
2025-07,FOOD_ECM_R27,5,-0.184748766331161,-0.04031396696365136
2025-07,FOOD_ECM_R27,6,2.069738102761256,-0.03023547522273852
2025-07,FOOD_ECM_R27,7,-0.021935829597750648,0.0
2025-07,FOOD_ECM_R27,8,0.010129085424627954,0.0
2025-07,FOOD_ECM_R27,9,0.25269898843580074,0.0
2025-07,FOOD_ECM_R27,10,0.8620711097818822,0.0
2025-07,FOOD_ECM_R27,11,0.05482989523756626,0.0
2025-07,FOOD_ECM_R27,12,-0.3929595043598969,0.0
2025-07,FOOD_ECM_A002_R27,1,-0.316854589780711,-0.013318805638638161
2025-07,FOOD_ECM_A002_R27,2,-0.47351921893421794,-0.013052429525865397
2025-07,FOOD_ECM_A002_R27,3,0.7384049059759167,-0.012791380935348089
2025-07,FOOD_ECM_A002_R27,4,0.20136077341784278,-0.012535553316641128
2025-07,FOOD_ECM_A002_R27,5,-0.15671964161781793,-0.012284842250308304
2025-07,FOOD_ECM_A002_R27,6,2.0879344325786926,-0.012039145405302138
2025-07,FOOD_ECM_A002_R27,7,-0.021935829597750648,0.0
2025-07,FOOD_ECM_A002_R27,8,0.010129085424627954,0.0
2025-07,FOOD_ECM_A002_R27,9,0.25269898843580074,0.0
2025-07,FOOD_ECM_A002_R27,10,0.8620711097818822,0.0
2025-07,FOOD_ECM_A002_R27,11,0.05482989523756626,0.0
2025-07,FOOD_ECM_A002_R27,12,-0.3929595043598969,0.0
2025-07,FOOD_ECM_A005_R27,1,-0.33581350188877246,-0.03227771774669962
2025-07,FOOD_ECM_A005_R27,2,-0.4911306212677172,-0.030663831859364644
2025-07,FOOD_ECM_A005_R27,3,0.7220656466448683,-0.029130640266396408
2025-07,FOOD_ECM_A005_R27,4,0.18622221848140733,-0.027674108253076587
2025-07,FOOD_ECM_A005_R27,5,-0.17072520220793239,-0.026290402840422753
2025-07,FOOD_ECM_A005_R27,6,2.0749976952855933,-0.024975882698401616
2025-07,FOOD_ECM_A005_R27,7,-0.021935829597750648,0.0
2025-07,FOOD_ECM_A005_R27,8,0.010129085424627954,0.0
2025-07,FOOD_ECM_A005_R27,9,0.25269898843580074,0.0
2025-07,FOOD_ECM_A005_R27,10,0.8620711097818822,0.0
2025-07,FOOD_ECM_A005_R27,11,0.05482989523756626,0.0
2025-07,FOOD_ECM_A005_R27,12,-0.3929595043598969,0.0
2025-07,FOOD_ECM_A010_R27,1,-0.3646935651358195,-0.06115778099374666
2025-07,FOOD_ECM_A010_R27,2,-0.5155087923027246,-0.055042002894372
2025-07,FOOD_ECM_A010_R27,3,0.7016584843063299,-0.0495378026049348
2025-07,FOOD_ECM_A010_R27,4,0.1693123043900426,-0.04458402234444132
2025-07,FOOD_ECM_A010_R27,5,-0.18456041947750682,-0.040125620109997186
2025-07,FOOD_ECM_A010_R27,6,2.0638605198849973,-0.036113058098997466
2025-07,FOOD_ECM_A010_R27,7,-0.021935829597750648,0.0
2025-07,FOOD_ECM_A010_R27,8,0.010129085424627954,0.0
2025-07,FOOD_ECM_A010_R27,9,0.25269898843580074,0.0
2025-07,FOOD_ECM_A010_R27,10,0.8620711097818822,0.0
2025-07,FOOD_ECM_A010_R27,11,0.05482989523756626,0.0
2025-07,FOOD_ECM_A010_R27,12,-0.3929595043598969,0.0
2025-07,FOOD_ECM_A015_R27,1,-0.3901759738832139,-0.08664018974114109
2025-07,FOOD_ECM_A015_R27,2,-0.5341109506883225,-0.07364416127996992
2025-07,FOOD_ECM_A015_R27,3,0.6885987498232903,-0.06259753708797443
2025-07,FOOD_ECM_A015_R27,4,0.16068842020970564,-0.05320790652477826
2025-07,FOOD_ECM_A015_R27,5,-0.18966151991357116,-0.04522672054606153
2025-07,FOOD_ECM_A015_R27,6,2.0615308655198423,-0.0384427124641523
2025-07,FOOD_ECM_A015_R27,7,-0.021935829597750648,0.0
2025-07,FOOD_ECM_A015_R27,8,0.010129085424627954,0.0
2025-07,FOOD_ECM_A015_R27,9,0.25269898843580074,0.0
2025-07,FOOD_ECM_A015_R27,10,0.8620711097818822,0.0
2025-07,FOOD_ECM_A015_R27,11,0.05482989523756626,0.0
2025-07,FOOD_ECM_A015_R27,12,-0.3929595043598969,0.0
2025-07,FOOD_ECM_PPI_R27,1,-0.38016443835011815,-0.07662865420804534
2025-07,FOOD_ECM_PPI_R27,2,-0.5179382800643866,-0.057471490656034005
2025-07,FOOD_ECM_PPI_R27,3,0.7080926689192393,-0.0431036179920255
2025-07,FOOD_ECM_PPI_R27,4,0.1815686132404648,-0.032327713494019125
2025-07,FOOD_ECM_PPI_R27,5,-0.16868058448802398,-0.024245785120514344
2025-07,FOOD_ECM_PPI_R27,6,2.081789239143609,-0.01818433884038576
2025-07,FOOD_ECM_PPI_R27,7,-0.021935829597750648,0.0
2025-07,FOOD_ECM_PPI_R27,8,0.010129085424627954,0.0
2025-07,FOOD_ECM_PPI_R27,9,0.25269898843580074,0.0
2025-07,FOOD_ECM_PPI_R27,10,0.8620711097818822,0.0
2025-07,FOOD_ECM_PPI_R27,11,0.05482989523756626,0.0
2025-07,FOOD_ECM_PPI_R27,12,-0.3929595043598969,0.0
2025-08,FOOD_ECM_R27,1,-0.563261085412994,-0.09278958171837016
2025-08,FOOD_ECM_R27,2,0.6748916342776012,-0.06959218628877763
2025-08,FOOD_ECM_R27,3,0.1616635492940682,-0.05219413971658322
2025-08,FOOD_ECM_R27,4,-0.18353180381208314,-0.039145604787437414
2025-08,FOOD_ECM_R27,5,2.0777441954536897,-0.02935920359057806
2025-08,FOOD_ECM_R27,6,-0.0336194585971269,-0.022019402692933544
2025-08,FOOD_ECM_R27,7,0.021706420335537213,0.0
2025-08,FOOD_ECM_R27,8,0.2654668461897273,0.0
2025-08,FOOD_ECM_R27,9,0.8757469683222907,0.0
2025-08,FOOD_ECM_R27,10,0.0692458826854176,0.0
2025-08,FOOD_ECM_R27,11,-0.5677864054521703,0.0
2025-08,FOOD_ECM_R27,12,-0.3360421296612498,0.0
2025-08,FOOD_ECM_A002_R27,1,-0.4801711079702508,-0.009699604275626961
2025-08,FOOD_ECM_A002_R27,2,0.7349782083762644,-0.009505612190114423
2025-08,FOOD_ECM_A002_R27,3,0.20454218906433927,-0.009315499946312132
2025-08,FOOD_ECM_A002_R27,4,-0.15351538897203162,-0.00912918994738589
2025-08,FOOD_ECM_A002_R27,5,2.09815679289583,-0.008946606148438173
2025-08,FOOD_ECM_A002_R27,6,-0.020367729929662765,-0.00876767402546941
2025-08,FOOD_ECM_A002_R27,7,0.021706420335537213,0.0
2025-08,FOOD_ECM_A002_R27,8,0.2654668461897273,0.0
2025-08,FOOD_ECM_A002_R27,9,0.8757469683222907,0.0
2025-08,FOOD_ECM_A002_R27,10,0.0692458826854176,0.0
2025-08,FOOD_ECM_A002_R27,11,-0.5677864054521703,0.0
2025-08,FOOD_ECM_A002_R27,12,-0.3360421296612498,0.0
2025-08,FOOD_ECM_A005_R27,1,-0.49397819772994433,-0.023506694035320443
2025-08,FOOD_ECM_A005_R27,2,0.7221524612328244,-0.02233135933355442
2025-08,FOOD_ECM_A005_R27,3,0.1926428976437747,-0.021214791366876696
2025-08,FOOD_ECM_A005_R27,4,-0.16454025082317858,-0.02015405179853286
2025-08,FOOD_ECM_A005_R27,5,2.0879570498356617,-0.019146349208606216
2025-08,FOOD_ECM_A005_R27,6,-0.02978908765236926,-0.018189031748175905
2025-08,FOOD_ECM_A005_R27,7,0.021706420335537213,0.0
2025-08,FOOD_ECM_A005_R27,8,0.2654668461897273,0.0
2025-08,FOOD_ECM_A005_R27,9,0.8757469683222907,0.0
2025-08,FOOD_ECM_A005_R27,10,0.0692458826854176,0.0
2025-08,FOOD_ECM_A005_R27,11,-0.5677864054521703,0.0
2025-08,FOOD_ECM_A005_R27,12,-0.3360421296612498,0.0
2025-08,FOOD_ECM_A010_R27,1,-0.5150105029194415,-0.04453899922481768
2025-08,FOOD_ECM_A010_R27,2,0.7043987212640429,-0.04008509930233591
2025-08,FOOD_ECM_A010_R27,3,0.1777810996385491,-0.03607658937210233
2025-08,FOOD_ECM_A010_R27,4,-0.1768551294595378,-0.03246893043489209
2025-08,FOOD_ECM_A010_R27,5,2.077881361652865,-0.029222037391402885
2025-08,FOOD_ECM_A010_R27,6,-0.03789988955645596,-0.026299833652262596
2025-08,FOOD_ECM_A010_R27,7,0.021706420335537213,0.0
2025-08,FOOD_ECM_A010_R27,8,0.2654668461897273,0.0
2025-08,FOOD_ECM_A010_R27,9,0.8757469683222907,0.0
2025-08,FOOD_ECM_A010_R27,10,0.0692458826854176,0.0
2025-08,FOOD_ECM_A010_R27,11,-0.5677864054521703,0.0
2025-08,FOOD_ECM_A010_R27,12,-0.3360421296612498,0.0
2025-08,FOOD_ECM_A015_R27,1,-0.5335684192631156,-0.0630969155684917
2025-08,FOOD_ECM_A015_R27,2,0.6908514423331609,-0.053632378233217946
2025-08,FOOD_ECM_A015_R27,3,0.16827016751241616,-0.04558752149823525
2025-08,FOOD_ECM_A015_R27,4,-0.1831355922981457,-0.03874939327349996
2025-08,FOOD_ECM_A015_R27,5,2.074166414761793,-0.03293698428247497
2025-08,FOOD_ECM_A015_R27,6,-0.03959649254429708,-0.027996436640103723
2025-08,FOOD_ECM_A015_R27,7,0.021706420335537213,0.0
2025-08,FOOD_ECM_A015_R27,8,0.2654668461897273,0.0
2025-08,FOOD_ECM_A015_R27,9,0.8757469683222907,0.0
2025-08,FOOD_ECM_A015_R27,10,0.0692458826854176,0.0
2025-08,FOOD_ECM_A015_R27,11,-0.5677864054521703,0.0
2025-08,FOOD_ECM_A015_R27,12,-0.3360421296612498,0.0
2025-08,FOOD_ECM_PPI_R27,1,-0.5005961681429457,-0.03012466444832187
2025-08,FOOD_ECM_PPI_R27,2,0.7218903222301375,-0.022593498336241403
2025-08,FOOD_ECM_PPI_R27,3,0.19691256525847037,-0.016945123752181053
2025-08,FOOD_ECM_PPI_R27,4,-0.1570950418387815,-0.01270884281413579
2025-08,FOOD_ECM_PPI_R27,5,2.0975717669336658,-0.009531632110601842
2025-08,FOOD_ECM_PPI_R27,6,-0.018748779987144738,-0.007148724082951381
2025-08,FOOD_ECM_PPI_R27,7,0.021706420335537213,0.0
2025-08,FOOD_ECM_PPI_R27,8,0.2654668461897273,0.0
2025-08,FOOD_ECM_PPI_R27,9,0.8757469683222907,0.0
2025-08,FOOD_ECM_PPI_R27,10,0.0692458826854176,0.0
2025-08,FOOD_ECM_PPI_R27,11,-0.5677864054521703,0.0
2025-08,FOOD_ECM_PPI_R27,12,-0.3360421296612498,0.0
2025-09,FOOD_ECM_R27,1,0.5222193728721338,-0.16151981672048338
2025-09,FOOD_ECM_R27,2,0.03754318919298817,-0.12113986254036253
2025-09,FOOD_ECM_R27,3,-0.28192486795404076,-0.09085489690527189
2025-09,FOOD_ECM_R27,4,1.9972057398712448,-0.06814117267895392
2025-09,FOOD_ECM_R27,5,-0.09953945194136865,-0.05110587950921544
2025-09,FOOD_ECM_R27,6,-0.04721703229890858,-0.03832940963191158
2025-09,FOOD_ECM_R27,7,0.2398124406841357,0.0
2025-09,FOOD_ECM_R27,8,0.8540572617086419,0.0
2025-09,FOOD_ECM_R27,9,0.05059826802080056,0.0
2025-09,FOOD_ECM_R27,10,-0.58394322729657,0.0
2025-09,FOOD_ECM_R27,11,-0.2542525069396957,0.0
2025-09,FOOD_ECM_R27,12,-0.48870495608649256,0.0
2025-09,FOOD_ECM_A002_R27,1,0.666854984751436,-0.016884204841181194
2025-09,FOOD_ECM_A002_R27,2,0.14213653098899315,-0.016546520744357567
2025-09,FOOD_ECM_A002_R27,3,-0.2072855613782393,-0.016215590329470418
2025-09,FOOD_ECM_A002_R27,4,2.049455634027318,-0.015891278522881008
2025-09,FOOD_ECM_A002_R27,5,-0.0640070253845766,-0.015573452952423388
2025-09,FOOD_ECM_A002_R27,6,-0.02414960656037192,-0.01526198389337492
2025-09,FOOD_ECM_A002_R27,7,0.2398124406841357,0.0
2025-09,FOOD_ECM_A002_R27,8,0.8540572617086419,0.0
2025-09,FOOD_ECM_A002_R27,9,0.05059826802080056,0.0
2025-09,FOOD_ECM_A002_R27,10,-0.58394322729657,0.0
2025-09,FOOD_ECM_A002_R27,11,-0.2542525069396957,0.0
2025-09,FOOD_ECM_A002_R27,12,-0.48870495608649256,0.0
2025-09,FOOD_ECM_A005_R27,1,0.642820836023428,-0.040918353569189124
2025-09,FOOD_ECM_A005_R27,2,0.11981061584262104,-0.03887243589072967
2025-09,FOOD_ECM_A005_R27,3,-0.22799878514496205,-0.036928814096193176
2025-09,FOOD_ECM_A005_R27,4,2.030264539158815,-0.035082373391383516
2025-09,FOOD_ECM_A005_R27,5,-0.08176182715396754,-0.03332825472181434
2025-09,FOOD_ECM_A005_R27,6,-0.04054946465272062,-0.031661841985723624
2025-09,FOOD_ECM_A005_R27,7,0.2398124406841357,0.0
2025-09,FOOD_ECM_A005_R27,8,0.8540572617086419,0.0
2025-09,FOOD_ECM_A005_R27,9,0.05059826802080056,0.0
2025-09,FOOD_ECM_A005_R27,10,-0.58394322729657,0.0
2025-09,FOOD_ECM_A005_R27,11,-0.2542525069396957,0.0
2025-09,FOOD_ECM_A005_R27,12,-0.48870495608649256,0.0
2025-09,FOOD_ECM_A010_R27,1,0.6062096775667851,-0.07752951202583203
2025-09,FOOD_ECM_A010_R27,2,0.08890649091010187,-0.06977656082324883
2025-09,FOOD_ECM_A010_R27,3,-0.25386887578969286,-0.06279890474092395
2025-09,FOOD_ECM_A010_R27,4,2.0088278982833674,-0.05651901426683155
2025-09,FOOD_ECM_A010_R27,5,-0.0993006852723016,-0.050867112840148394
2025-09,FOOD_ECM_A010_R27,6,-0.05466802422313055,-0.045780401556133554
2025-09,FOOD_ECM_A010_R27,7,0.2398124406841357,0.0
2025-09,FOOD_ECM_A010_R27,8,0.8540572617086419,0.0
2025-09,FOOD_ECM_A010_R27,9,0.05059826802080056,0.0
2025-09,FOOD_ECM_A010_R27,10,-0.58394322729657,0.0
2025-09,FOOD_ECM_A010_R27,11,-0.2542525069396957,0.0
2025-09,FOOD_ECM_A010_R27,12,-0.48870495608649256,0.0
2025-09,FOOD_ECM_A015_R27,1,0.5739057142226884,-0.10983347536992868
2025-09,FOOD_ECM_A015_R27,2,0.06532459766891133,-0.09335845406443938
2025-09,FOOD_ECM_A015_R27,3,-0.27042465700354235,-0.07935468595477346
2025-09,FOOD_ECM_A015_R27,4,1.9978954294886415,-0.06745148306155745
2025-09,FOOD_ECM_A015_R27,5,-0.10576733303447704,-0.05733376060232383
2025-09,FOOD_ECM_A015_R27,6,-0.05762131917897225,-0.048733696511975254
2025-09,FOOD_ECM_A015_R27,7,0.2398124406841357,0.0
2025-09,FOOD_ECM_A015_R27,8,0.8540572617086419,0.0
2025-09,FOOD_ECM_A015_R27,9,0.05059826802080056,0.0
2025-09,FOOD_ECM_A015_R27,10,-0.58394322729657,0.0
2025-09,FOOD_ECM_A015_R27,11,-0.2542525069396957,0.0
2025-09,FOOD_ECM_A015_R27,12,-0.48870495608649256,0.0
2025-09,FOOD_ECM_PPI_R27,1,0.5960115451420369,-0.08772764445058018
2025-09,FOOD_ECM_PPI_R27,2,0.09288731839541557,-0.06579573333793513
2025-09,FOOD_ECM_PPI_R27,3,-0.24041677105222023,-0.04934680000345135
2025-09,FOOD_ECM_PPI_R27,4,2.0283368125476104,-0.03701010000258851
2025-09,FOOD_ECM_PPI_R27,5,-0.0761911474340946,-0.027757575001941384
2025-09,FOOD_ECM_PPI_R27,6,-0.029705803918453035,-0.020818181251456038
2025-09,FOOD_ECM_PPI_R27,7,0.2398124406841357,0.0
2025-09,FOOD_ECM_PPI_R27,8,0.8540572617086419,0.0
2025-09,FOOD_ECM_PPI_R27,9,0.05059826802080056,0.0
2025-09,FOOD_ECM_PPI_R27,10,-0.58394322729657,0.0
2025-09,FOOD_ECM_PPI_R27,11,-0.2542525069396957,0.0
2025-09,FOOD_ECM_PPI_R27,12,-0.48870495608649256,0.0
2025-10,FOOD_ECM_R27,1,-0.046175771719186576,-0.0781321690796275
2025-10,FOOD_ECM_R27,2,-0.38565448903075006,-0.058599126809720625
2025-10,FOOD_ECM_R27,3,1.937071465178335,-0.04394934510729047
2025-10,FOOD_ECM_R27,4,-0.16636393057213478,-0.03296200883046785
2025-10,FOOD_ECM_R27,5,-0.09468702389229486,-0.02472150662285089
2025-10,FOOD_ECM_R27,6,0.18045725811530772,-0.018541129967138168
2025-10,FOOD_ECM_R27,7,0.8245590940420452,0.0
2025-10,FOOD_ECM_R27,8,0.030989692402980384,0.0
2025-10,FOOD_ECM_R27,9,-0.5967066795453267,0.0
2025-10,FOOD_ECM_R27,10,-0.2610733874147694,0.0
2025-10,FOOD_ECM_R27,11,-0.6432353342987478,0.0
2025-10,FOOD_ECM_R27,12,0.7257377782716438,0.0
2025-10,FOOD_ECM_A002_R27,1,0.023788981285983862,-0.00816741607445706
2025-10,FOOD_ECM_A002_R27,2,-0.33505942997399735,-0.008004067752967919
2025-10,FOOD_ECM_A002_R27,3,1.973176823887717,-0.007843986397908561
2025-10,FOOD_ECM_A002_R27,4,-0.14108902841161733,-0.007687106669950389
2025-10,FOOD_ECM_A002_R27,5,-0.07749888180599536,-0.007533364536551382
2025-10,FOOD_ECM_A002_R27,6,0.19161569083662552,-0.007382697245820354
2025-10,FOOD_ECM_A002_R27,7,0.8245590940420452,0.0
2025-10,FOOD_ECM_A002_R27,8,0.030989692402980384,0.0
2025-10,FOOD_ECM_A002_R27,9,-0.5967066795453267,0.0
2025-10,FOOD_ECM_A002_R27,10,-0.2610733874147694,0.0
2025-10,FOOD_ECM_A002_R27,11,-0.6432353342987478,0.0
2025-10,FOOD_ECM_A002_R27,12,0.7257377782716438,0.0
2025-10,FOOD_ECM_A005_R27,1,0.012162914526935291,-0.019793482833505634
2025-10,FOOD_ECM_A005_R27,2,-0.3458591709128598,-0.01880380869183035
2025-10,FOOD_ECM_A005_R27,3,1.9631571920283866,-0.017863618257238832
2025-10,FOOD_ECM_A005_R27,4,-0.15037235908604382,-0.01697043734437689
2025-10,FOOD_ECM_A005_R27,5,-0.08608743274660202,-0.016121915477158043
2025-10,FOOD_ECM_A005_R27,6,0.18368256837914573,-0.015315819703300142
2025-10,FOOD_ECM_A005_R27,7,0.8245590940420452,0.0
2025-10,FOOD_ECM_A005_R27,8,0.030989692402980384,0.0
2025-10,FOOD_ECM_A005_R27,9,-0.5967066795453267,0.0
2025-10,FOOD_ECM_A005_R27,10,-0.2610733874147694,0.0
2025-10,FOOD_ECM_A005_R27,11,-0.6432353342987478,0.0
2025-10,FOOD_ECM_A005_R27,12,0.7257377782716438,0.0
2025-10,FOOD_ECM_A010_R27,1,-0.005547043797780281,-0.037503441158221205
2025-10,FOOD_ECM_A010_R27,2,-0.3608084592634285,-0.03375309704239909
2025-10,FOOD_ECM_A010_R27,3,1.9506430229474663,-0.030377787338159178
2025-10,FOOD_ECM_A010_R27,4,-0.1607419303460102,-0.02734000860434326
2025-10,FOOD_ECM_A010_R27,5,-0.0945715250133529,-0.024606007743908934
2025-10,FOOD_ECM_A010_R27,6,0.17685298111292785,-0.02214540696951804
2025-10,FOOD_ECM_A010_R27,7,0.8245590940420452,0.0
2025-10,FOOD_ECM_A010_R27,8,0.030989692402980384,0.0
2025-10,FOOD_ECM_A010_R27,9,-0.5967066795453267,0.0
2025-10,FOOD_ECM_A010_R27,10,-0.2610733874147694,0.0
2025-10,FOOD_ECM_A010_R27,11,-0.6432353342987478,0.0
2025-10,FOOD_ECM_A010_R27,12,0.7257377782716438,0.0
2025-10,FOOD_ECM_A015_R27,1,-0.02117347761370577,-0.053129874974146694
2025-10,FOOD_ECM_A015_R27,2,-0.3722157559490541,-0.04516039372802469
2025-10,FOOD_ECM_A015_R27,3,1.9426344756168046,-0.038386334668820986
2025-10,FOOD_ECM_A015_R27,4,-0.16603030621016476,-0.032628384468497834
2025-10,FOOD_ECM_A015_R27,5,-0.09769964406766714,-0.027734126798223162
2025-10,FOOD_ECM_A015_R27,6,0.17542438030395618,-0.023574007778489687
2025-10,FOOD_ECM_A015_R27,7,0.8245590940420452,0.0
2025-10,FOOD_ECM_A015_R27,8,0.030989692402980384,0.0
2025-10,FOOD_ECM_A015_R27,9,-0.5967066795453267,0.0
2025-10,FOOD_ECM_A015_R27,10,-0.2610733874147694,0.0
2025-10,FOOD_ECM_A015_R27,11,-0.6432353342987478,0.0
2025-10,FOOD_ECM_A015_R27,12,0.7257377782716438,0.0
2025-10,FOOD_ECM_PPI_R27,1,-0.017734620011927216,-0.04969101737236814
2025-10,FOOD_ECM_PPI_R27,2,-0.36432362525030554,-0.037268263029276105
2025-10,FOOD_ECM_PPI_R27,3,1.9530696130136684,-0.02795119727195708
2025-10,FOOD_ECM_PPI_R27,4,-0.15436531969563475,-0.02096339795396781
2025-10,FOOD_ECM_PPI_R27,5,-0.08568806573491983,-0.015722548465475855
2025-10,FOOD_ECM_PPI_R27,6,0.18720647673333898,-0.011791911349106893
2025-10,FOOD_ECM_PPI_R27,7,0.8245590940420452,0.0
2025-10,FOOD_ECM_PPI_R27,8,0.030989692402980384,0.0
2025-10,FOOD_ECM_PPI_R27,9,-0.5967066795453267,0.0
2025-10,FOOD_ECM_PPI_R27,10,-0.2610733874147694,0.0
2025-10,FOOD_ECM_PPI_R27,11,-0.6432353342987478,0.0
2025-10,FOOD_ECM_PPI_R27,12,0.7257377782716438,0.0
2025-11,FOOD_ECM_R27,1,-0.57081097519805,-0.16725534776435147
2025-11,FOOD_ECM_R27,2,1.7584485365684126,-0.1254415108232636
2025-11,FOOD_ECM_R27,3,-0.2923158063356949,-0.09408113311744769
2025-11,FOOD_ECM_R27,4,-0.1987475508836509,-0.07056084983808578
2025-11,FOOD_ECM_R27,5,0.09009855971213258,-0.052920637378564325
2025-11,FOOD_ECM_R27,6,0.7420939350025092,-0.03969047803392325
2025-11,FOOD_ECM_R27,7,-0.0017267663644589537,0.0
2025-11,FOOD_ECM_R27,8,-0.6209965131855021,0.0
2025-11,FOOD_ECM_R27,9,-0.27944773799610245,0.0
2025-11,FOOD_ECM_R27,10,-0.6565324382654041,0.0
2025-11,FOOD_ECM_R27,11,0.65386513129881,0.0
2025-11,FOOD_ECM_R27,12,0.18472115422806823,0.0
2025-11,FOOD_ECM_A002_R27,1,-0.4210393864533321,-0.01748375901963354
2025-11,FOOD_ECM_A002_R27,2,1.8667559635524353,-0.017134083839240866
2025-11,FOOD_ECM_A002_R27,3,-0.2150260753807033,-0.01679140216245605
2025-11,FOOD_ECM_A002_R27,4,-0.14464227516477204,-0.016455574119206926
2025-11,FOOD_ECM_A002_R27,5,0.1268927344538741,-0.01612646263682279
2025-11,FOOD_ECM_A002_R27,6,0.7659804796523461,-0.01580393338408633
2025-11,FOOD_ECM_A002_R27,7,-0.0017267663644589537,0.0
2025-11,FOOD_ECM_A002_R27,8,-0.6209965131855021,0.0
2025-11,FOOD_ECM_A002_R27,9,-0.27944773799610245,0.0
2025-11,FOOD_ECM_A002_R27,10,-0.6565324382654041,0.0
2025-11,FOOD_ECM_A002_R27,11,0.65386513129881,0.0
2025-11,FOOD_ECM_A002_R27,12,0.18472115422806823,0.0
2025-11,FOOD_ECM_A005_R27,1,-0.44592698220066757,-0.04237135476696904
2025-11,FOOD_ECM_A005_R27,2,1.8436372603630555,-0.04025278702862058
2025-11,FOOD_ECM_A005_R27,3,-0.2364748208954368,-0.03824014767718955
2025-11,FOOD_ECM_A005_R27,4,-0.16451484133889518,-0.03632814029333007
2025-11,FOOD_ECM_A005_R27,5,0.10850746381203336,-0.03451173327866356
2025-11,FOOD_ECM_A005_R27,6,0.7489982664217021,-0.03278614661473039
2025-11,FOOD_ECM_A005_R27,7,-0.0017267663644589537,0.0
2025-11,FOOD_ECM_A005_R27,8,-0.6209965131855021,0.0
2025-11,FOOD_ECM_A005_R27,9,-0.27944773799610245,0.0
2025-11,FOOD_ECM_A005_R27,10,-0.6565324382654041,0.0
2025-11,FOOD_ECM_A005_R27,11,0.65386513129881,0.0
2025-11,FOOD_ECM_A005_R27,12,0.18472115422806823,0.0
2025-11,FOOD_ECM_A010_R27,1,-0.4838381943605873,-0.0802825669268887
2025-11,FOOD_ECM_A010_R27,2,1.8116357371574763,-0.07225431023419983
2025-11,FOOD_ECM_A010_R27,3,-0.2632635524290271,-0.06502887921077985
2025-11,FOOD_ECM_A010_R27,4,-0.186712692335267,-0.058525991289701866
2025-11,FOOD_ECM_A010_R27,5,0.09034580492996522,-0.052673392160731684
2025-11,FOOD_ECM_A010_R27,6,0.7343783600917739,-0.047406052944658515
2025-11,FOOD_ECM_A010_R27,7,-0.0017267663644589537,0.0
2025-11,FOOD_ECM_A010_R27,8,-0.6209965131855021,0.0
2025-11,FOOD_ECM_A010_R27,9,-0.27944773799610245,0.0
2025-11,FOOD_ECM_A010_R27,10,-0.6565324382654041,0.0
2025-11,FOOD_ECM_A010_R27,11,0.65386513129881,0.0
2025-11,FOOD_ECM_A010_R27,12,0.18472115422806823,0.0
2025-11,FOOD_ECM_A015_R27,1,-0.5172892639134575,-0.11373363647975898
2025-11,FOOD_ECM_A015_R27,2,1.787216456383881,-0.09667359100779513
2025-11,FOOD_ECM_A015_R27,3,-0.28040722557487313,-0.08217255235662586
2025-11,FOOD_ECM_A015_R27,4,-0.1980333705486971,-0.06984666950313198
2025-11,FOOD_ECM_A015_R27,5,0.08364952801303473,-0.05936966907766218
2025-11,FOOD_ECM_A015_R27,6,0.7313201943204196,-0.05046421871601285
2025-11,FOOD_ECM_A015_R27,7,-0.0017267663644589537,0.0
2025-11,FOOD_ECM_A015_R27,8,-0.6209965131855021,0.0
2025-11,FOOD_ECM_A015_R27,9,-0.27944773799610245,0.0
2025-11,FOOD_ECM_A015_R27,10,-0.6565324382654041,0.0
2025-11,FOOD_ECM_A015_R27,11,0.65386513129881,0.0
2025-11,FOOD_ECM_A015_R27,12,0.18472115422806823,0.0
2025-11,FOOD_ECM_PPI_R27,1,-0.6045294694674377,-0.20097384203373914
2025-11,FOOD_ECM_PPI_R27,2,1.733159665866372,-0.15073038152530435
2025-11,FOOD_ECM_PPI_R27,3,-0.31128245936222554,-0.11304778614397826
2025-11,FOOD_ECM_PPI_R27,4,-0.21297254065354881,-0.08478583960798369
2025-11,FOOD_ECM_PPI_R27,5,0.07942981738470914,-0.06358937970598777
2025-11,FOOD_ECM_PPI_R27,6,0.7340923782569416,-0.04769203477949083
2025-11,FOOD_ECM_PPI_R27,7,-0.0017267663644589537,0.0
2025-11,FOOD_ECM_PPI_R27,8,-0.6209965131855021,0.0
2025-11,FOOD_ECM_PPI_R27,9,-0.27944773799610245,0.0
2025-11,FOOD_ECM_PPI_R27,10,-0.6565324382654041,0.0
2025-11,FOOD_ECM_PPI_R27,11,0.65386513129881,0.0
2025-11,FOOD_ECM_PPI_R27,12,0.18472115422806823,0.0
2025-12,FOOD_ECM_R27,1,1.6589594375774908,-0.09012717933285894
2025-12,FOOD_ECM_R27,2,-0.37896406166682384,-0.0675953844996442
2025-12,FOOD_ECM_R27,3,-0.2634946506365481,-0.05069653837473315
2025-12,FOOD_ECM_R27,4,0.02599534522122332,-0.03802240378104986
2025-12,FOOD_ECM_R27,5,0.6978512867755504,-0.028516802835787395
2025-12,FOOD_ECM_R27,6,-0.06144973477045876,-0.021387602126840547
2025-12,FOOD_ECM_R27,7,-0.6490175160141648,0.0
2025-12,FOOD_ECM_R27,8,-0.298760777366351,0.0
2025-12,FOOD_ECM_R27,9,-0.6692357239983673,0.0
2025-12,FOOD_ECM_R27,10,0.6466665505836147,0.0
2025-12,FOOD_ECM_R27,11,0.03452719755810744,0.0
2025-12,FOOD_ECM_R27,12,-0.1600955716032865,0.0
2025-12,FOOD_ECM_A002_R27,1,1.7396653224307548,-0.009421294479594854
2025-12,FOOD_ECM_A002_R27,2,-0.3206015457571826,-0.009232868590002956
2025-12,FOOD_ECM_A002_R27,3,-0.22184632348001787,-0.009048211218202897
2025-12,FOOD_ECM_A002_R27,4,0.05515050200843434,-0.008867246993838838
2025-12,FOOD_ECM_A002_R27,5,0.7176781875573758,-0.008689902053962062
2025-12,FOOD_ECM_A002_R27,6,-0.04857823665650103,-0.008516104012882822
2025-12,FOOD_ECM_A002_R27,7,-0.6490175160141648,0.0
2025-12,FOOD_ECM_A002_R27,8,-0.298760777366351,0.0
2025-12,FOOD_ECM_A002_R27,9,-0.6692357239983673,0.0
2025-12,FOOD_ECM_A002_R27,10,0.6466665505836147,0.0
2025-12,FOOD_ECM_A002_R27,11,0.03452719755810744,0.0
2025-12,FOOD_ECM_A002_R27,12,-0.1600955716032865,0.0
2025-12,FOOD_ECM_A005_R27,1,1.7262543981460254,-0.02283221876432426
2025-12,FOOD_ECM_A005_R27,2,-0.3330592849932877,-0.021690607826108047
2025-12,FOOD_ECM_A005_R27,3,-0.2334041896966176,-0.020606077434802642
2025-12,FOOD_ECM_A005_R27,4,0.04444197543921067,-0.01957577356306251
2025-12,FOOD_ECM_A005_R27,5,0.7077711047264285,-0.018596984884909382
2025-12,FOOD_ECM_A005_R27,6,-0.057729268284282126,-0.017667135640663915
2025-12,FOOD_ECM_A005_R27,7,-0.6490175160141648,0.0
2025-12,FOOD_ECM_A005_R27,8,-0.298760777366351,0.0
2025-12,FOOD_ECM_A005_R27,9,-0.6692357239983673,0.0
2025-12,FOOD_ECM_A005_R27,10,0.6466665505836147,0.0
2025-12,FOOD_ECM_A005_R27,11,0.03452719755810744,0.0
2025-12,FOOD_ECM_A005_R27,12,-0.1600955716032865,0.0
2025-12,FOOD_ECM_A010_R27,1,1.7058255708305774,-0.04326104607977229
2025-12,FOOD_ECM_A010_R27,2,-0.3503036186389747,-0.03893494147179506
2025-12,FOOD_ECM_A010_R27,3,-0.24783955958643053,-0.03504144732461555
2025-12,FOOD_ECM_A010_R27,4,0.032480446410119185,-0.031537302592153996
2025-12,FOOD_ECM_A010_R27,5,0.6979845172783992,-0.0283835723329386
2025-12,FOOD_ECM_A010_R27,6,-0.06560734774326295,-0.02554521509964474
2025-12,FOOD_ECM_A010_R27,7,-0.6490175160141648,0.0
2025-12,FOOD_ECM_A010_R27,8,-0.298760777366351,0.0
2025-12,FOOD_ECM_A010_R27,9,-0.6692357239983673,0.0
2025-12,FOOD_ECM_A010_R27,10,0.6466665505836147,0.0
2025-12,FOOD_ECM_A010_R27,11,0.03452719755810744,0.0
2025-12,FOOD_ECM_A010_R27,12,-0.1600955716032865,0.0
2025-12,FOOD_ECM_A015_R27,1,1.6878001349640055,-0.06128648194634407
2025-12,FOOD_ECM_A015_R27,2,-0.3634621868215721,-0.05209350965439245
2025-12,FOOD_ECM_A015_R27,3,-0.25707759546804854,-0.04427948320623359
2025-12,FOOD_ECM_A015_R27,4,0.026380188276974637,-0.037637560725298544
2025-12,FOOD_ECM_A015_R27,5,0.6943761629948341,-0.03199192661650377
2025-12,FOOD_ECM_A015_R27,6,-0.06725527026764641,-0.0271931376240282
2025-12,FOOD_ECM_A015_R27,7,-0.6490175160141648,0.0
2025-12,FOOD_ECM_A015_R27,8,-0.298760777366351,0.0
2025-12,FOOD_ECM_A015_R27,9,-0.6692357239983673,0.0
2025-12,FOOD_ECM_A015_R27,10,0.6466665505836147,0.0
2025-12,FOOD_ECM_A015_R27,11,0.03452719755810744,0.0
2025-12,FOOD_ECM_A015_R27,12,-0.1600955716032865,0.0
2025-12,FOOD_ECM_PPI_R27,1,1.6289780318420854,-0.12010858506826425
2025-12,FOOD_ECM_PPI_R27,2,-0.4014501159683778,-0.09008143880119818
2025-12,FOOD_ECM_PPI_R27,3,-0.2803591913627136,-0.06756107910089863
2025-12,FOOD_ECM_PPI_R27,4,0.013346939676599202,-0.05067080932567398
2025-12,FOOD_ECM_PPI_R27,5,0.6883649826170823,-0.03800310699425548
2025-12,FOOD_ECM_PPI_R27,6,-0.06856446288930981,-0.028502330245691612
2025-12,FOOD_ECM_PPI_R27,7,-0.6490175160141648,0.0
2025-12,FOOD_ECM_PPI_R27,8,-0.298760777366351,0.0
2025-12,FOOD_ECM_PPI_R27,9,-0.6692357239983673,0.0
2025-12,FOOD_ECM_PPI_R27,10,0.6466665505836147,0.0
2025-12,FOOD_ECM_PPI_R27,11,0.03452719755810744,0.0
2025-12,FOOD_ECM_PPI_R27,12,-0.1600955716032865,0.0
2026-01,FOOD_ECM_R27,1,-0.2875566559486795,0.09780094057736013
2026-01,FOOD_ECM_R27,2,-0.23440501470318545,0.07335070543302011
2026-01,FOOD_ECM_R27,3,0.07577290735791412,0.055013029074765074
2026-01,FOOD_ECM_R27,4,0.7181684918004301,0.041259771806073806
2026-01,FOOD_ECM_R27,5,-0.04027021502845321,0.030944828854555354
2026-01,FOOD_ECM_R27,6,-0.6412022467256808,0.023208621640916516
2026-01,FOOD_ECM_R27,7,-0.3076448719940451,0.0
2026-01,FOOD_ECM_R27,8,-0.6714309410091169,0.0
2026-01,FOOD_ECM_R27,9,0.6483567217171458,0.0
2026-01,FOOD_ECM_R27,10,0.03994678858122999,0.0
2026-01,FOOD_ECM_R27,11,-0.36420177419935323,0.0
2026-01,FOOD_ECM_R27,12,2.1074287673415206,0.0
2026-01,FOOD_ECM_A002_R27,1,-0.37513413820435293,0.010223458321686713
2026-01,FOOD_ECM_A002_R27,2,-0.2977367309809526,0.010018989155252978
2026-01,FOOD_ECM_A002_R27,3,0.03057848765529696,0.009818609372147919
2026-01,FOOD_ECM_A002_R27,4,0.6865309571790613,0.00962223718470496
2026-01,FOOD_ECM_A002_R27,5,-0.0617852514419977,0.00942979244101086
2026-01,FOOD_ECM_A002_R27,6,-0.6551696717744067,0.009241196592190644
2026-01,FOOD_ECM_A002_R27,7,-0.3076448719940451,0.0
2026-01,FOOD_ECM_A002_R27,8,-0.6714309410091169,0.0
2026-01,FOOD_ECM_A002_R27,9,0.6483567217171458,0.0
2026-01,FOOD_ECM_A002_R27,10,0.03994678858122999,0.0
2026-01,FOOD_ECM_A002_R27,11,-0.36420177419935323,0.0
2026-01,FOOD_ECM_A002_R27,12,2.1074287673415206,0.0
2026-01,FOOD_ECM_A005_R27,1,-0.3605813582464417,0.0247762382795979
2026-01,FOOD_ECM_A005_R27,2,-0.28421829377058755,0.023537426365618005
2026-01,FOOD_ECM_A005_R27,3,0.043120433330486145,0.022360555047337104
2026-01,FOOD_ECM_A005_R27,4,0.6981512472893265,0.021242527294970247
2026-01,FOOD_ECM_A005_R27,5,-0.05103464295278683,0.02018040093022173
2026-01,FOOD_ECM_A005_R27,6,-0.6452394874828867,0.019171380883710645
2026-01,FOOD_ECM_A005_R27,7,-0.3076448719940451,0.0
2026-01,FOOD_ECM_A005_R27,8,-0.6714309410091169,0.0
2026-01,FOOD_ECM_A005_R27,9,0.6483567217171458,0.0
2026-01,FOOD_ECM_A005_R27,10,0.03994678858122999,0.0
2026-01,FOOD_ECM_A005_R27,11,-0.36420177419935323,0.0
2026-01,FOOD_ECM_A005_R27,12,2.1074287673415206,0.0
2026-01,FOOD_ECM_A010_R27,1,-0.33841314504890674,0.046944451477132866
2026-01,FOOD_ECM_A010_R27,2,-0.265505713806786,0.04225000632941958
2026-01,FOOD_ECM_A010_R27,3,0.05878488397962667,0.038025005696477626
2026-01,FOOD_ECM_A010_R27,4,0.7111312251211862,0.03422250512682986
2026-01,FOOD_ECM_A010_R27,5,-0.04041478926886169,0.030800254614146875
2026-01,FOOD_ECM_A010_R27,6,-0.6366906392138652,0.027720229152732187
2026-01,FOOD_ECM_A010_R27,7,-0.3076448719940451,0.0
2026-01,FOOD_ECM_A010_R27,8,-0.6714309410091169,0.0
2026-01,FOOD_ECM_A010_R27,9,0.6483567217171458,0.0
2026-01,FOOD_ECM_A010_R27,10,0.03994678858122999,0.0
2026-01,FOOD_ECM_A010_R27,11,-0.36420177419935323,0.0
2026-01,FOOD_ECM_A010_R27,12,2.1074287673415206,0.0
2026-01,FOOD_ECM_A015_R27,1,-0.31885295693343474,0.06650463959260489
2026-01,FOOD_ECM_A015_R27,2,-0.2512267764824914,0.05652894365371415
2026-01,FOOD_ECM_A015_R27,3,0.06880948038880608,0.04804960210565703
2026-01,FOOD_ECM_A015_R27,4,0.7177508817841648,0.04084216178980847
2026-01,FOOD_ECM_A015_R27,5,-0.03649920636167136,0.0347158375213372
2026-01,FOOD_ECM_A015_R27,6,-0.6349024064734607,0.02950846189313662
2026-01,FOOD_ECM_A015_R27,7,-0.3076448719940451,0.0
2026-01,FOOD_ECM_A015_R27,8,-0.6714309410091169,0.0
2026-01,FOOD_ECM_A015_R27,9,0.6483567217171458,0.0
2026-01,FOOD_ECM_A015_R27,10,0.03994678858122999,0.0
2026-01,FOOD_ECM_A015_R27,11,-0.36420177419935323,0.0
2026-01,FOOD_ECM_A015_R27,12,2.1074287673415206,0.0
2026-01,FOOD_ECM_PPI_R27,1,-0.4124584226336628,-0.027100826107623155
2026-01,FOOD_ECM_PPI_R27,2,-0.32808133971692294,-0.020325619580717366
2026-01,FOOD_ECM_PPI_R27,3,0.005515663597611017,-0.015244214685538025
2026-01,FOOD_ECM_PPI_R27,4,0.6654755589802028,-0.01143316101415352
2026-01,FOOD_ECM_PPI_R27,5,-0.0797899146436237,-0.008574870760615139
2026-01,FOOD_ECM_PPI_R27,6,-0.6708420214370587,-0.006431153070461354
2026-01,FOOD_ECM_PPI_R27,7,-0.3076448719940451,0.0
2026-01,FOOD_ECM_PPI_R27,8,-0.6714309410091169,0.0
2026-01,FOOD_ECM_PPI_R27,9,0.6483567217171458,0.0
2026-01,FOOD_ECM_PPI_R27,10,0.03994678858122999,0.0
2026-01,FOOD_ECM_PPI_R27,11,-0.36420177419935323,0.0
2026-01,FOOD_ECM_PPI_R27,12,2.1074287673415206,0.0
2026-02,FOOD_ECM_R27,1,-0.707920945478959,-0.1276644711584058
2026-02,FOOD_ECM_R27,2,-0.32530524917335824,-0.09574835336880436
2026-02,FOOD_ECM_R27,3,0.38850471216207416,-0.07181126502660326
2026-02,FOOD_ECM_R27,4,-0.31662932246211944,-0.053858448769952445
2026-02,FOOD_ECM_R27,5,-0.8827921413595948,-0.040393836577464336
2026-02,FOOD_ECM_R27,6,-0.4869579542146257,-0.030295377433098254
2026-02,FOOD_ECM_R27,7,-0.7953177242208385,0.0
2026-02,FOOD_ECM_R27,8,0.5447705786157548,0.0
2026-02,FOOD_ECM_R27,9,-0.0479116289685351,0.0
2026-02,FOOD_ECM_R27,10,-0.4389081942499734,0.0
2026-02,FOOD_ECM_R27,11,2.3120155914445437,0.0
2026-02,FOOD_ECM_R27,12,-0.058490111591440665,0.0
2026-02,FOOD_ECM_A002_R27,1,-0.5936016670389787,-0.013345192718425353
2026-02,FOOD_ECM_A002_R27,2,-0.24263518466861073,-0.013078288864056846
2026-02,FOOD_ECM_A002_R27,3,0.44749925410190167,-0.012816723086775708
2026-02,FOOD_ECM_A002_R27,4,-0.2753312623172072,-0.012560388625040194
2026-02,FOOD_ECM_A002_R27,5,-0.8547074856346699,-0.012309180852539391
2026-02,FOOD_ECM_A002_R27,6,-0.46872557401701603,-0.012062997235488603
2026-02,FOOD_ECM_A002_R27,7,-0.7953177242208385,0.0
2026-02,FOOD_ECM_A002_R27,8,0.5447705786157548,0.0
2026-02,FOOD_ECM_A002_R27,9,-0.0479116289685351,0.0
2026-02,FOOD_ECM_A002_R27,10,-0.4389081942499734,0.0
2026-02,FOOD_ECM_A002_R27,11,2.3120155914445437,0.0
2026-02,FOOD_ECM_A002_R27,12,-0.058490111591440665,0.0
2026-02,FOOD_ECM_A005_R27,1,-0.6125981403473494,-0.03234166602679613
2026-02,FOOD_ECM_A005_R27,2,-0.2602814785300102,-0.03072458272545633
2026-02,FOOD_ECM_A005_R27,3,0.43112762359949386,-0.02918835358918351
2026-02,FOOD_ECM_A005_R27,4,-0.29049980960189137,-0.027728935909724334
2026-02,FOOD_ECM_A005_R27,5,-0.8687407938963686,-0.026342489114238112
2026-02,FOOD_ECM_A005_R27,6,-0.48168794144005367,-0.025025364658526207
2026-02,FOOD_ECM_A005_R27,7,-0.7953177242208385,0.0
2026-02,FOOD_ECM_A005_R27,8,0.5447705786157548,0.0
2026-02,FOOD_ECM_A005_R27,9,-0.0479116289685351,0.0
2026-02,FOOD_ECM_A005_R27,10,-0.4389081942499734,0.0
2026-02,FOOD_ECM_A005_R27,11,2.3120155914445437,0.0
2026-02,FOOD_ECM_A005_R27,12,-0.058490111591440665,0.0
2026-02,FOOD_ECM_A010_R27,1,-0.6415354204765881,-0.06127894615603479
2026-02,FOOD_ECM_A010_R27,2,-0.28470794734498517,-0.05515105154043131
2026-02,FOOD_ECM_A010_R27,3,0.4106800308022892,-0.049635946386388186
2026-02,FOOD_ECM_A010_R27,4,-0.30744322543991637,-0.04467235174774936
2026-02,FOOD_ECM_A010_R27,5,-0.882603421355105,-0.04020511657297443
2026-02,FOOD_ECM_A010_R27,6,-0.49284718169720443,-0.03618460491567698
2026-02,FOOD_ECM_A010_R27,7,-0.7953177242208385,0.0
2026-02,FOOD_ECM_A010_R27,8,0.5447705786157548,0.0
2026-02,FOOD_ECM_A010_R27,9,-0.0479116289685351,0.0
2026-02,FOOD_ECM_A010_R27,10,-0.4389081942499734,0.0
2026-02,FOOD_ECM_A010_R27,11,2.3120155914445437,0.0
2026-02,FOOD_ECM_A010_R27,12,-0.058490111591440665,0.0
2026-02,FOOD_ECM_A015_R27,1,-0.6670683147082692,-0.08681184038771594
2026-02,FOOD_ECM_A015_R27,2,-0.30334696013411244,-0.07379006432955855
2026-02,FOOD_ECM_A015_R27,3,0.39759442250855265,-0.06272155468012476
2026-02,FOOD_ECM_A015_R27,4,-0.31608419517027303,-0.053313321478106045
2026-02,FOOD_ECM_A015_R27,5,-0.8877146280385206,-0.045316323256390144
2026-02,FOOD_ECM_A015_R27,6,-0.49518145154945903,-0.038518874767931616
2026-02,FOOD_ECM_A015_R27,7,-0.7953177242208385,0.0
2026-02,FOOD_ECM_A015_R27,8,0.5447705786157548,0.0
2026-02,FOOD_ECM_A015_R27,9,-0.0479116289685351,0.0
2026-02,FOOD_ECM_A015_R27,10,-0.4389081942499734,0.0
2026-02,FOOD_ECM_A015_R27,11,2.3120155914445437,0.0
2026-02,FOOD_ECM_A015_R27,12,-0.058490111591440665,0.0
2026-02,FOOD_ECM_PPI_R27,1,-0.8667229689118485,-0.2864664945912952
2026-02,FOOD_ECM_PPI_R27,2,-0.44440676674802526,-0.2148498709434714
2026-02,FOOD_ECM_PPI_R27,3,0.29917857398107384,-0.16113740320760356
2026-02,FOOD_ECM_PPI_R27,4,-0.38362392609786966,-0.12085305240570267
2026-02,FOOD_ECM_PPI_R27,5,-0.9330380940864075,-0.090639789304277
2026-02,FOOD_ECM_PPI_R27,6,-0.5246424187597352,-0.06797984197820775
2026-02,FOOD_ECM_PPI_R27,7,-0.7953177242208385,0.0
2026-02,FOOD_ECM_PPI_R27,8,0.5447705786157548,0.0
2026-02,FOOD_ECM_PPI_R27,9,-0.0479116289685351,0.0
2026-02,FOOD_ECM_PPI_R27,10,-0.4389081942499734,0.0
2026-02,FOOD_ECM_PPI_R27,11,2.3120155914445437,0.0
2026-02,FOOD_ECM_PPI_R27,12,-0.058490111591440665,0.0
2026-03,FOOD_ECM_R27,1,-0.2596385123920712,-0.018258988133347066
2026-03,FOOD_ECM_R27,2,0.43925192119375306,-0.0136942411000103
2026-03,FOOD_ECM_R27,3,-0.270206620262071,-0.010270680825007724
2026-03,FOOD_ECM_R27,4,-0.8508748900100522,-0.007703010618755794
2026-03,FOOD_ECM_R27,5,-0.45155747540557234,-0.0057772579640668455
2026-03,FOOD_ECM_R27,6,-0.7866260202231441,-0.0043329434730501335
2026-03,FOOD_ECM_R27,7,0.5566112631025404,0.0
2026-03,FOOD_ECM_R27,8,-0.036393439878644324,0.0
2026-03,FOOD_ECM_R27,9,-0.427696625259958,0.0
2026-03,FOOD_ECM_R27,10,2.322848681966206,0.0
2026-03,FOOD_ECM_R27,11,-0.15149561772323128,0.0
2026-03,FOOD_ECM_R27,12,-0.0012748352454869938,0.0
2026-03,FOOD_ECM_A002_R27,1,-0.2432881971515967,-0.0019086728928725467
2026-03,FOOD_ECM_A002_R27,2,0.4510756628587482,-0.0018704994350150956
2026-03,FOOD_ECM_A002_R27,3,-0.26176902888337805,-0.0018330894463147937
2026-03,FOOD_ECM_A002_R27,4,-0.844968307048685,-0.0017964276573884978
2026-03,FOOD_ECM_A002_R27,5,-0.44754071654574623,-0.0017604991042407278
2026-03,FOOD_ECM_A002_R27,6,-0.7840183658722498,-0.0017252891221559133
2026-03,FOOD_ECM_A002_R27,7,0.5566112631025404,0.0
2026-03,FOOD_ECM_A002_R27,8,-0.036393439878644324,0.0
2026-03,FOOD_ECM_A002_R27,9,-0.427696625259958,0.0
2026-03,FOOD_ECM_A002_R27,10,2.322848681966206,0.0
2026-03,FOOD_ECM_A002_R27,11,-0.15149561772323128,0.0
2026-03,FOOD_ECM_A002_R27,12,-0.0012748352454869938,0.0
2026-03,FOOD_ECM_A005_R27,1,-0.24600513458583873,-0.00462561032711459
2026-03,FOOD_ECM_A005_R27,2,0.44855183248300445,-0.004394329810758861
2026-03,FOOD_ECM_A005_R27,3,-0.2641105527572842,-0.004174613320220917
2026-03,FOOD_ECM_A005_R27,4,-0.8471377620455063,-0.003965882654209872
2026-03,FOOD_ECM_A005_R27,5,-0.44954780596300487,-0.003767588521499377
2026-03,FOOD_ECM_A005_R27,6,-0.7858722858455184,-0.0035792090954244087
2026-03,FOOD_ECM_A005_R27,7,0.5566112631025404,0.0
2026-03,FOOD_ECM_A005_R27,8,-0.036393439878644324,0.0
2026-03,FOOD_ECM_A005_R27,9,-0.427696625259958,0.0
2026-03,FOOD_ECM_A005_R27,10,2.322848681966206,0.0
2026-03,FOOD_ECM_A005_R27,11,-0.15149561772323128,0.0
2026-03,FOOD_ECM_A005_R27,12,-0.0012748352454869938,0.0
2026-03,FOOD_ECM_A010_R27,1,-0.2501438385627307,-0.008764314304006593
2026-03,FOOD_ECM_A010_R27,2,0.4450582794201574,-0.007887882873605935
2026-03,FOOD_ECM_A010_R27,3,-0.26703503402330864,-0.007099094586245341
2026-03,FOOD_ECM_A010_R27,4,-0.8495610645189172,-0.006389185127620807
2026-03,FOOD_ECM_A010_R27,5,-0.4515304840563642,-0.005750266614858726
2026-03,FOOD_ECM_A010_R27,6,-0.7874683167034668,-0.005175239953372854
2026-03,FOOD_ECM_A010_R27,7,0.5566112631025404,0.0
2026-03,FOOD_ECM_A010_R27,8,-0.036393439878644324,0.0
2026-03,FOOD_ECM_A010_R27,9,-0.427696625259958,0.0
2026-03,FOOD_ECM_A010_R27,10,2.322848681966206,0.0
2026-03,FOOD_ECM_A010_R27,11,-0.15149561772323128,0.0
2026-03,FOOD_ECM_A010_R27,12,-0.0012748352454869938,0.0
2026-03,FOOD_ECM_A015_R27,1,-0.25379563618940015,-0.012416111930676004
2026-03,FOOD_ECM_A015_R27,2,0.4423924671526887,-0.010553695141074602
2026-03,FOOD_ECM_A015_R27,3,-0.2689065803069767,-0.008970640869913412
2026-03,FOOD_ECM_A015_R27,4,-0.8507969241307228,-0.0076250447394263995
2026-03,FOOD_ECM_A015_R27,5,-0.4522615054700179,-0.00648128802851244
2026-03,FOOD_ECM_A015_R27,6,-0.7878021715743295,-0.005509094824235574
2026-03,FOOD_ECM_A015_R27,7,0.5566112631025404,0.0
2026-03,FOOD_ECM_A015_R27,8,-0.036393439878644324,0.0
2026-03,FOOD_ECM_A015_R27,9,-0.427696625259958,0.0
2026-03,FOOD_ECM_A015_R27,10,2.322848681966206,0.0
2026-03,FOOD_ECM_A015_R27,11,-0.15149561772323128,0.0
2026-03,FOOD_ECM_A015_R27,12,-0.0012748352454869938,0.0
2026-03,FOOD_ECM_PPI_R27,1,-0.3726358278874706,-0.13125630362874652
2026-03,FOOD_ECM_PPI_R27,2,0.3545039345722034,-0.09844222772155989
2026-03,FOOD_ECM_PPI_R27,3,-0.3337676102282332,-0.07383167079116992
2026-03,FOOD_ECM_PPI_R27,4,-0.8985456324846739,-0.055373753093377436
2026-03,FOOD_ECM_PPI_R27,5,-0.48731053226153853,-0.041530314820033075
2026-03,FOOD_ECM_PPI_R27,6,-0.8134408128651188,-0.031147736115024808
2026-03,FOOD_ECM_PPI_R27,7,0.5566112631025404,0.0
2026-03,FOOD_ECM_PPI_R27,8,-0.036393439878644324,0.0
2026-03,FOOD_ECM_PPI_R27,9,-0.427696625259958,0.0
2026-03,FOOD_ECM_PPI_R27,10,2.322848681966206,0.0
2026-03,FOOD_ECM_PPI_R27,11,-0.15149561772323128,0.0
2026-03,FOOD_ECM_PPI_R27,12,-0.0012748352454869938,0.0
2026-04,FOOD_ECM_R27,1,0.6142419944402586,0.16282767339042503
2026-04,FOOD_ECM_R27,2,-0.16152467085784583,0.12212075504281879
2026-04,FOOD_ECM_R27,3,-0.7512579368250614,0.0915905662821141
2026-04,FOOD_ECM_R27,4,-0.3855787079282063,0.06869292471158557
2026-04,FOOD_ECM_R27,5,-0.7333544463543651,0.051519693533689175
2026-04,FOOD_ECM_R27,6,0.5968377123877794,0.03863977015026688
2026-04,FOOD_ECM_R27,7,-0.03536883748950945,0.0
2026-04,FOOD_ECM_R27,8,-0.4260917598444746,0.0
2026-04,FOOD_ECM_R27,9,2.3242055818463596,0.0
2026-04,FOOD_ECM_R27,10,-0.15008545519235683,0.0
2026-04,FOOD_ECM_R27,11,-0.012185975967272583,0.0
2026-04,FOOD_ECM_R27,12,0.25404430294398717,0.0
2026-04,FOOD_ECM_A002_R27,1,0.4684352405082461,0.017020919458412432
2026-04,FOOD_ECM_A002_R27,2,-0.2669649248314204,0.016680501069244184
2026-04,FOOD_ECM_A002_R27,3,-0.8265016120593162,0.0163468910478593
2026-04,FOOD_ECM_A002_R27,4,-0.4382516794128898,0.01601995322690211
2026-04,FOOD_ECM_A002_R27,5,-0.7691745857256902,0.01569955416236407
2026-04,FOOD_ECM_A002_R27,6,0.5735835053166293,0.01538556307911679
2026-04,FOOD_ECM_A002_R27,7,-0.03536883748950945,0.0
2026-04,FOOD_ECM_A002_R27,8,-0.4260917598444746,0.0
2026-04,FOOD_ECM_A002_R27,9,2.3242055818463596,0.0
2026-04,FOOD_ECM_A002_R27,10,-0.15008545519235683,0.0
2026-04,FOOD_ECM_A002_R27,11,-0.012185975967272583,0.0
2026-04,FOOD_ECM_A002_R27,12,0.25404430294398717,0.0
2026-04,FOOD_ECM_A005_R27,1,0.4926639983087413,0.04124967725890768
2026-04,FOOD_ECM_A005_R27,2,-0.2444582325047023,0.03918719339596229
2026-04,FOOD_ECM_A005_R27,3,-0.8056206693810112,0.03722783372616418
2026-04,FOOD_ECM_A005_R27,4,-0.4189051905999359,0.035366442039855964
2026-04,FOOD_ECM_A005_R27,5,-0.751276019950191,0.033598119937863165
2026-04,FOOD_ECM_A005_R27,6,0.5901161561784826,0.031918213940970004
2026-04,FOOD_ECM_A005_R27,7,-0.03536883748950945,0.0
2026-04,FOOD_ECM_A005_R27,8,-0.4260917598444746,0.0
2026-04,FOOD_ECM_A005_R27,9,2.3242055818463596,0.0
2026-04,FOOD_ECM_A005_R27,10,-0.15008545519235683,0.0
2026-04,FOOD_ECM_A005_R27,11,-0.012185975967272583,0.0
2026-04,FOOD_ECM_A005_R27,12,0.25404430294398717,0.0
2026-04,FOOD_ECM_A010_R27,1,0.5295716042772377,0.07815728322740402
2026-04,FOOD_ECM_A010_R27,2,-0.21330387099600098,0.07034155490466362
2026-04,FOOD_ECM_A010_R27,3,-0.7795411036929781,0.06330739941419727
2026-04,FOOD_ECM_A010_R27,4,-0.39729497316701434,0.05697665947277754
2026-04,FOOD_ECM_A010_R27,5,-0.7335951463625544,0.051278993525499784
2026-04,FOOD_ECM_A010_R27,6,0.6043490364104623,0.046151094172949804
2026-04,FOOD_ECM_A010_R27,7,-0.03536883748950945,0.0
2026-04,FOOD_ECM_A010_R27,8,-0.4260917598444746,0.0
2026-04,FOOD_ECM_A010_R27,9,2.3242055818463596,0.0
2026-04,FOOD_ECM_A010_R27,10,-0.15008545519235683,0.0
2026-04,FOOD_ECM_A010_R27,11,-0.012185975967272583,0.0
2026-04,FOOD_ECM_A010_R27,12,0.25404430294398717,0.0
2026-04,FOOD_ECM_A015_R27,1,0.5621371389553227,0.11072281790548902
2026-04,FOOD_ECM_A015_R27,2,-0.18953103068099897,0.09411439521966565
2026-04,FOOD_ECM_A015_R27,3,-0.7628512671704596,0.0799972359367158
2026-04,FOOD_ECM_A015_R27,4,-0.38627398209358343,0.06799765054620843
2026-04,FOOD_ECM_A015_R27,5,-0.727076136923777,0.057798002964277166
2026-04,FOOD_ECM_A015_R27,6,0.6073262447571481,0.04912830251963559
2026-04,FOOD_ECM_A015_R27,7,-0.03536883748950945,0.0
2026-04,FOOD_ECM_A015_R27,8,-0.4260917598444746,0.0
2026-04,FOOD_ECM_A015_R27,9,2.3242055818463596,0.0
2026-04,FOOD_ECM_A015_R27,10,-0.15008545519235683,0.0
2026-04,FOOD_ECM_A015_R27,11,-0.012185975967272583,0.0
2026-04,FOOD_ECM_A015_R27,12,0.25404430294398717,0.0
2026-04,FOOD_ECM_PPI_R27,1,0.43257444085700164,-0.018839880192831983
2026-04,FOOD_ECM_PPI_R27,2,-0.2977753360452886,-0.014129910144623987
2026-04,FOOD_ECM_PPI_R27,3,-0.8534459357156434,-0.01059743260846799
2026-04,FOOD_ECM_PPI_R27,4,-0.46221970709614285,-0.007948074456350993
2026-04,FOOD_ECM_PPI_R27,5,-0.7908351957303175,-0.005961055842263244
2026-04,FOOD_ECM_PPI_R27,6,0.5537271503558151,-0.004470791881697434
2026-04,FOOD_ECM_PPI_R27,7,-0.03536883748950945,0.0
2026-04,FOOD_ECM_PPI_R27,8,-0.4260917598444746,0.0
2026-04,FOOD_ECM_PPI_R27,9,2.3242055818463596,0.0
2026-04,FOOD_ECM_PPI_R27,10,-0.15008545519235683,0.0
2026-04,FOOD_ECM_PPI_R27,11,-0.012185975967272583,0.0
2026-04,FOOD_ECM_PPI_R27,12,0.25404430294398717,0.0
2026-05,FOOD_ECM_R27,1,-0.11986940227329626,0.1878307567114236
2026-05,FOOD_ECM_R27,2,-0.719310321100441,0.1408730675335677
2026-05,FOOD_ECM_R27,3,-0.36395404265469866,0.10565480065017578
2026-05,FOOD_ECM_R27,4,-0.7187695042862432,0.07924110048763183
2026-05,FOOD_ECM_R27,5,0.6095853705727455,0.059430825365723874
2026-05,FOOD_ECM_R27,6,0.0036350414473828724,0.0445731190242929
2026-05,FOOD_ECM_R27,7,-0.43057257200364285,0.0
2026-05,FOOD_ECM_R27,8,2.3205091424187665,0.0
2026-05,FOOD_ECM_R27,9,-0.15305102470049528,0.0
2026-05,FOOD_ECM_R27,10,-0.014681646633666723,0.0
2026-05,FOOD_ECM_R27,11,0.27294983396312705,0.0
2026-05,FOOD_ECM_R27,12,0.8706314964073378,0.0
2026-05,FOOD_ECM_A002_R27,1,-0.2880655838831524,0.019634575101567478
2026-05,FOOD_ECM_A002_R27,2,-0.8409415050344726,0.01924188359953613
2026-05,FOOD_ECM_A002_R27,3,-0.45075179737732907,0.018857045927545404
2026-05,FOOD_ECM_A002_R27,4,-0.7795306997648805,0.018479905008994497
2026-05,FOOD_ECM_A002_R27,5,0.5682648521158363,0.018110306908814607
2026-05,FOOD_ECM_A002_R27,6,-0.023189976806271714,0.017748100770638316
2026-05,FOOD_ECM_A002_R27,7,-0.43057257200364285,0.0
2026-05,FOOD_ECM_A002_R27,8,2.3205091424187665,0.0
2026-05,FOOD_ECM_A002_R27,9,-0.15305102470049528,0.0
2026-05,FOOD_ECM_A002_R27,10,-0.014681646633666723,0.0
2026-05,FOOD_ECM_A002_R27,11,0.27294983396312705,0.0
2026-05,FOOD_ECM_A002_R27,12,0.8706314964073378,0.0
2026-05,FOOD_ECM_A005_R27,1,-0.26011636728449256,0.04758379170022731
2026-05,FOOD_ECM_A005_R27,2,-0.8149787865187929,0.045204602115215944
2026-05,FOOD_ECM_A005_R27,3,-0.4266644712954193,0.042944372009455146
2026-05,FOOD_ECM_A005_R27,4,-0.7572134513648927,0.040797153408982385
2026-05,FOOD_ECM_A005_R27,5,0.5889118409455549,0.03875729573853326
2026-05,FOOD_ECM_A005_R27,6,-0.004118646625303431,0.0368194309516066
2026-05,FOOD_ECM_A005_R27,7,-0.43057257200364285,0.0
2026-05,FOOD_ECM_A005_R27,8,2.3205091424187665,0.0
2026-05,FOOD_ECM_A005_R27,9,-0.15305102470049528,0.0
2026-05,FOOD_ECM_A005_R27,10,-0.014681646633666723,0.0
2026-05,FOOD_ECM_A005_R27,11,0.27294983396312705,0.0
2026-05,FOOD_ECM_A005_R27,12,0.8706314964073378,0.0
2026-05,FOOD_ECM_A010_R27,1,-0.21754139576323653,0.09015876322148333
2026-05,FOOD_ECM_A010_R27,2,-0.7790405017346738,0.081142886899335
2026-05,FOOD_ECM_A010_R27,3,-0.39658024509547296,0.07302859820940151
2026-05,FOOD_ECM_A010_R27,4,-0.7322848663854138,0.06572573838846135
2026-05,FOOD_ECM_A010_R27,5,0.6093077097566368,0.05915316454961522
2026-05,FOOD_ECM_A010_R27,6,0.012299770517743669,0.0532378480946537
2026-05,FOOD_ECM_A010_R27,7,-0.43057257200364285,0.0
2026-05,FOOD_ECM_A010_R27,8,2.3205091424187665,0.0
2026-05,FOOD_ECM_A010_R27,9,-0.15305102470049528,0.0
2026-05,FOOD_ECM_A010_R27,10,-0.014681646633666723,0.0
2026-05,FOOD_ECM_A010_R27,11,0.27294983396312705,0.0
2026-05,FOOD_ECM_A010_R27,12,0.8706314964073378,0.0
2026-05,FOOD_ECM_A015_R27,1,-0.1799752444209518,0.12772491456376805
2026-05,FOOD_ECM_A015_R27,2,-0.751617211254806,0.10856617737920284
2026-05,FOOD_ECM_A015_R27,3,-0.37732759253255205,0.09228125077232241
2026-05,FOOD_ECM_A015_R27,4,-0.7195715416174011,0.07843906315647403
2026-05,FOOD_ECM_A015_R27,5,0.6168277488900246,0.06667320368300293
2026-05,FOOD_ECM_A015_R27,6,0.015734145553642463,0.05667222313055249
2026-05,FOOD_ECM_A015_R27,7,-0.43057257200364285,0.0
2026-05,FOOD_ECM_A015_R27,8,2.3205091424187665,0.0
2026-05,FOOD_ECM_A015_R27,9,-0.15305102470049528,0.0
2026-05,FOOD_ECM_A015_R27,10,-0.014681646633666723,0.0
2026-05,FOOD_ECM_A015_R27,11,0.27294983396312705,0.0
2026-05,FOOD_ECM_A015_R27,12,0.8706314964073378,0.0
2026-05,FOOD_ECM_PPI_R27,1,-0.26659844686703676,0.0411017121176831
2026-05,FOOD_ECM_PPI_R27,2,-0.8293571045457464,0.030826284088262323
2026-05,FOOD_ECM_PPI_R27,3,-0.4464891302386777,0.023119713066196743
2026-05,FOOD_ECM_PPI_R27,4,-0.7806708199742275,0.017339784799647557
2026-05,FOOD_ECM_PPI_R27,5,0.5631593838067573,0.013004838599735669
2026-05,FOOD_ECM_PPI_R27,6,-0.03118444862710828,0.009753628949801751
2026-05,FOOD_ECM_PPI_R27,7,-0.43057257200364285,0.0
2026-05,FOOD_ECM_PPI_R27,8,2.3205091424187665,0.0
2026-05,FOOD_ECM_PPI_R27,9,-0.15305102470049528,0.0
2026-05,FOOD_ECM_PPI_R27,10,-0.014681646633666723,0.0
2026-05,FOOD_ECM_PPI_R27,11,0.27294983396312705,0.0
2026-05,FOOD_ECM_PPI_R27,12,0.8706314964073378,0.0
2026-06,FOOD_ECM_R27,1,-0.7347481128561151,0.1909146981625916
2026-06,FOOD_ECM_R27,2,-0.3941701029470179,0.14318602362194371
2026-06,FOOD_ECM_R27,3,-0.7404187883467171,0.10738951771645779
2026-06,FOOD_ECM_R27,4,0.5841002110691229,0.08054213828734334
2026-06,FOOD_ECM_R27,5,-0.020773590998435523,0.060406603715507504
2026-06,FOOD_ECM_R27,6,-0.41619579873429235,0.045304952786630624
2026-06,FOOD_ECM_R27,7,2.2961593968524667,0.0
2026-06,FOOD_ECM_R27,8,-0.1718361980883766,0.0
2026-06,FOOD_ECM_R27,9,-0.029310285931290456,0.0
2026-06,FOOD_ECM_R27,10,0.2619145549913143,0.0
2026-06,FOOD_ECM_R27,11,0.8191494700110266,0.0
2026-06,FOOD_ECM_R27,12,0.06484683663081388,0.0
2026-06,FOOD_ECM_A002_R27,1,-0.9057058612374438,0.01995694978126291
2026-06,FOOD_ECM_A002_R27,2,-0.5177983157833239,0.01955781078563765
2026-06,FOOD_ECM_A002_R27,3,-0.82864165149325,0.019166654569924897
2026-06,FOOD_ECM_A002_R27,4,0.5223413942603059,0.0187833214785264
2026-06,FOOD_ECM_A002_R27,5,-0.06277253966498715,0.018407655048955873
2026-06,FOOD_ECM_A002_R27,6,-0.4434612495729462,0.018039501947976756
2026-06,FOOD_ECM_A002_R27,7,2.2961593968524667,0.0
2026-06,FOOD_ECM_A002_R27,8,-0.1718361980883766,0.0
2026-06,FOOD_ECM_A002_R27,9,-0.029310285931290456,0.0
2026-06,FOOD_ECM_A002_R27,10,0.2619145549913143,0.0
2026-06,FOOD_ECM_A002_R27,11,0.8191494700110266,0.0
2026-06,FOOD_ECM_A002_R27,12,0.06484683663081388,0.0
2026-06,FOOD_ECM_A005_R27,1,-0.8772977541508502,0.04836505686785654
2026-06,FOOD_ECM_A005_R27,2,-0.4914093225444979,0.04594680402446372
2026-06,FOOD_ECM_A005_R27,3,-0.8041588422399344,0.043649463823240524
2026-06,FOOD_ECM_A005_R27,4,0.545025063413858,0.041466990632078496
2026-06,FOOD_ECM_A005_R27,5,-0.04178655361346846,0.039393641100474566
2026-06,FOOD_ECM_A005_R27,6,-0.42407679247547214,0.037423959045450844
2026-06,FOOD_ECM_A005_R27,7,2.2961593968524667,0.0
2026-06,FOOD_ECM_A005_R27,8,-0.1718361980883766,0.0
2026-06,FOOD_ECM_A005_R27,9,-0.029310285931290456,0.0
2026-06,FOOD_ECM_A005_R27,10,0.2619145549913143,0.0
2026-06,FOOD_ECM_A005_R27,11,0.8191494700110266,0.0
2026-06,FOOD_ECM_A005_R27,12,0.06484683663081388,0.0
2026-06,FOOD_ECM_A010_R27,1,-0.8340237559006627,0.09163905511804399
2026-06,FOOD_ECM_A010_R27,2,-0.454880976962722,0.08247514960623958
2026-06,FOOD_ECM_A010_R27,3,-0.7735806714175593,0.07422763464561563
2026-06,FOOD_ECM_A010_R27,4,0.5703629439628336,0.06680487118105406
2026-06,FOOD_ECM_A010_R27,5,-0.021055810650994364,0.06012438406294866
2026-06,FOOD_ECM_A010_R27,6,-0.4073888058642692,0.054111945656653795
2026-06,FOOD_ECM_A010_R27,7,2.2961593968524667,0.0
2026-06,FOOD_ECM_A010_R27,8,-0.1718361980883766,0.0
2026-06,FOOD_ECM_A010_R27,9,-0.029310285931290456,0.0
2026-06,FOOD_ECM_A010_R27,10,0.2619145549913143,0.0
2026-06,FOOD_ECM_A010_R27,11,0.8191494700110266,0.0
2026-06,FOOD_ECM_A010_R27,12,0.06484683663081388,0.0
2026-06,FOOD_ECM_A015_R27,1,-0.7958408162681444,0.1298219947505623
2026-06,FOOD_ECM_A015_R27,2,-0.42700743103098365,0.11034869553797794
2026-06,FOOD_ECM_A015_R27,3,-0.7540119148558937,0.09379639120728124
2026-06,FOOD_ECM_A015_R27,4,0.5832850053079686,0.07972693252618905
2026-06,FOOD_ECM_A015_R27,5,-0.013412302066682327,0.0677678926472607
2026-06,FOOD_ECM_A015_R27,6,-0.40389804277075136,0.057602708750171594
2026-06,FOOD_ECM_A015_R27,7,2.2961593968524667,0.0
2026-06,FOOD_ECM_A015_R27,8,-0.1718361980883766,0.0
2026-06,FOOD_ECM_A015_R27,9,-0.029310285931290456,0.0
2026-06,FOOD_ECM_A015_R27,10,0.2619145549913143,0.0
2026-06,FOOD_ECM_A015_R27,11,0.8191494700110266,0.0
2026-06,FOOD_ECM_A015_R27,12,0.06484683663081388,0.0
2026-06,FOOD_ECM_PPI_R27,1,-0.8936296363936411,0.03203317462506562
2026-06,FOOD_ECM_PPI_R27,2,-0.5133312456001624,0.024024880968799216
2026-06,FOOD_ECM_PPI_R27,3,-0.8297896453365755,0.01801866072659941
2026-06,FOOD_ECM_PPI_R27,4,0.5170720683267291,0.013513995544949559
2026-06,FOOD_ECM_PPI_R27,5,-0.07104469805523086,0.010135496658712169
2026-06,FOOD_ECM_PPI_R27,6,-0.45389912902688884,0.007601622494034127
2026-06,FOOD_ECM_PPI_R27,7,2.2961593968524667,0.0
2026-06,FOOD_ECM_PPI_R27,8,-0.1718361980883766,0.0
2026-06,FOOD_ECM_PPI_R27,9,-0.029310285931290456,0.0
2026-06,FOOD_ECM_PPI_R27,10,0.2619145549913143,0.0
2026-06,FOOD_ECM_PPI_R27,11,0.8191494700110266,0.0
2026-06,FOOD_ECM_PPI_R27,12,0.06484683663081388,0.0
2026-07,FOOD_ECM_R27,1,-0.3392310116356153,0.30147917171521665
2026-07,FOOD_ECM_R27,2,-0.7208342183627616,0.22610937878641246
2026-07,FOOD_ECM_R27,3,0.6006929290732954,0.16958203408980935
2026-07,FOOD_ECM_R27,4,-0.019923559500974464,0.12718652556735702
2026-07,FOOD_ECM_R27,5,-0.41260188622237254,0.09538989417551776
2026-07,FOOD_ECM_R27,6,2.3374336046154447,0.07154242063163832
2026-07,FOOD_ECM_R27,7,-0.19346532529053453,0.0
2026-07,FOOD_ECM_R27,8,-0.04320024965438838,0.0
2026-07,FOOD_ECM_R27,9,0.2541704733758034,0.0
2026-07,FOOD_ECM_R27,10,0.8165671566426537,0.0
2026-07,FOOD_ECM_R27,11,-0.1515693451692934,0.0
2026-07,FOOD_ECM_R27,12,-0.5604483024745329,0.0
2026-07,FOOD_ECM_A002_R27,1,-0.609195560600868,0.03151462274996398
2026-07,FOOD_ECM_A002_R27,2,-0.9160592668542094,0.0308843302949647
2026-07,FOOD_ECM_A002_R27,3,0.46137753867255143,0.030266643689065405
2026-07,FOOD_ECM_A002_R27,4,-0.11744877425304738,0.029661310815284097
2026-07,FOOD_ECM_A002_R27,5,-0.47892369579891186,0.029068084598978416
2026-07,FOOD_ECM_A002_R27,6,2.294377906890805,0.028486722906998847
2026-07,FOOD_ECM_A002_R27,7,-0.19346532529053453,0.0
2026-07,FOOD_ECM_A002_R27,8,-0.04320024965438838,0.0
2026-07,FOOD_ECM_A002_R27,9,0.2541704733758034,0.0
2026-07,FOOD_ECM_A002_R27,10,0.8165671566426537,0.0
2026-07,FOOD_ECM_A002_R27,11,-0.1515693451692934,0.0
2026-07,FOOD_ECM_A002_R27,12,-0.5604483024745329,0.0
2026-07,FOOD_ECM_A005_R27,1,-0.5643354598496437,0.07637472350118821
2026-07,FOOD_ECM_A005_R27,2,-0.8743876098230453,0.0725559873261288
2026-07,FOOD_ECM_A005_R27,3,0.5000390829433083,0.06892818795982236
2026-07,FOOD_ECM_A005_R27,4,-0.08162830650650024,0.06548177856183124
2026-07,FOOD_ECM_A005_R27,5,-0.4457840907641506,0.06220768963373967
2026-07,FOOD_ECM_A005_R27,6,2.3249884891358588,0.059097305152052686
2026-07,FOOD_ECM_A005_R27,7,-0.19346532529053453,0.0
2026-07,FOOD_ECM_A005_R27,8,-0.04320024965438838,0.0
2026-07,FOOD_ECM_A005_R27,9,0.2541704733758034,0.0
2026-07,FOOD_ECM_A005_R27,10,0.8165671566426537,0.0
2026-07,FOOD_ECM_A005_R27,11,-0.1515693451692934,0.0
2026-07,FOOD_ECM_A005_R27,12,-0.5604483024745329,0.0
2026-07,FOOD_ECM_A010_R27,1,-0.49600018092752796,0.144710002423304
2026-07,FOOD_ECM_A010_R27,2,-0.8167045949682005,0.1302390021809736
2026-07,FOOD_ECM_A010_R27,3,0.5483259969463623,0.11721510196287625
2026-07,FOOD_ECM_A010_R27,4,-0.04161649330174287,0.10549359176658861
2026-07,FOOD_ECM_A010_R27,5,-0.4130475478079605,0.09494423258992976
2026-07,FOOD_ECM_A010_R27,6,2.351340993314743,0.08544980933093678
2026-07,FOOD_ECM_A010_R27,7,-0.19346532529053453,0.0
2026-07,FOOD_ECM_A010_R27,8,-0.04320024965438838,0.0
2026-07,FOOD_ECM_A010_R27,9,0.2541704733758034,0.0
2026-07,FOOD_ECM_A010_R27,10,0.8165671566426537,0.0
2026-07,FOOD_ECM_A010_R27,11,-0.1515693451692934,0.0
2026-07,FOOD_ECM_A010_R27,12,-0.5604483024745329,0.0
2026-07,FOOD_ECM_A015_R27,1,-0.43570434658448465,0.2050058367663473
2026-07,FOOD_ECM_A015_R27,2,-0.7726886358977789,0.1742549612513952
2026-07,FOOD_ECM_A015_R27,3,0.579227612047172,0.1481167170636859
2026-07,FOOD_ECM_A015_R27,4,-0.021210875564198484,0.125899209504133
2026-07,FOOD_ECM_A015_R27,5,-0.4009774523193772,0.10701432807851306
2026-07,FOOD_ECM_A015_R27,6,2.3568533628505426,0.0909621788667361
2026-07,FOOD_ECM_A015_R27,7,-0.19346532529053453,0.0
2026-07,FOOD_ECM_A015_R27,8,-0.04320024965438838,0.0
2026-07,FOOD_ECM_A015_R27,9,0.2541704733758034,0.0
2026-07,FOOD_ECM_A015_R27,10,0.8165671566426537,0.0
2026-07,FOOD_ECM_A015_R27,11,-0.1515693451692934,0.0
2026-07,FOOD_ECM_A015_R27,12,-0.5604483024745329,0.0
2026-07,FOOD_ECM_PPI_R27,1,-0.47922090881736423,0.16148927453346773
2026-07,FOOD_ECM_PPI_R27,2,-0.8258266412490732,0.12111695590010081
2026-07,FOOD_ECM_PPI_R27,3,0.5219486119085617,0.09083771692507561
2026-07,FOOD_ECM_PPI_R27,4,-0.07898179737452478,0.0681282876938067
2026-07,FOOD_ECM_PPI_R27,5,-0.4568955646275352,0.05109621577035503
2026-07,FOOD_ECM_PPI_R27,6,2.3042133458115726,0.03832216182776627
2026-07,FOOD_ECM_PPI_R27,7,-0.19346532529053453,0.0
2026-07,FOOD_ECM_PPI_R27,8,-0.04320024965438838,0.0
2026-07,FOOD_ECM_PPI_R27,9,0.2541704733758034,0.0
2026-07,FOOD_ECM_PPI_R27,10,0.8165671566426537,0.0
2026-07,FOOD_ECM_PPI_R27,11,-0.1515693451692934,0.0
2026-07,FOOD_ECM_PPI_R27,12,-0.5604483024745329,0.0
