origin,last_target,available_from,actual,stage,family,band
2006-01,2006-04,2006-05-20 09:00:00,0.2280396826821831,signal,services,0
2006-02,2006-05,2006-06-20 09:00:00,-0.1625858140243266,signal,services,0
2006-03,2006-06,2006-07-20 09:00:00,-0.1302402260638087,signal,services,0
2006-04,2006-07,2006-08-20 09:00:00,-0.03263162875826353,signal,services,0
2006-05,2006-08,2006-09-20 09:00:00,-0.0001271568180531979,signal,services,0
2006-06,2006-09,2006-10-20 09:00:00,-3.1727161638794854e-05,signal,services,0
2006-07,2006-10,2006-11-20 09:00:00,0.2930803537242417,signal,services,0
2006-08,2006-11,2006-12-20 09:00:00,0.03253619910184824,signal,services,0
2006-09,2006-12,2007-01-20 09:00:00,-0.1625858140243266,signal,services,0
2006-10,2007-01,2007-02-20 09:00:00,-0.03253619910184824,signal,services,0
2006-11,2007-02,2007-03-20 09:00:00,0.19502707872560787,signal,services,0
2006-12,2007-03,2007-04-20 09:00:00,0.32485522077697615,signal,services,0
2007-01,2007-04,2007-05-20 09:00:00,0.45411510577141323,signal,services,0
2007-02,2007-05,2007-06-20 09:00:00,0.3892010962915613,signal,services,0
2007-03,2007-06,2007-07-20 09:00:00,0.0645359914000685,signal,services,0
2007-04,2007-07,2007-08-20 09:00:00,-0.2920976718956818,signal,services,0
2007-05,2007-08,2007-09-20 09:00:00,-0.8114184429078599,signal,services,0
2007-06,2007-09,2007-10-20 09:00:00,-0.3908490806113387,signal,services,0
2007-07,2007-10,2007-11-20 09:00:00,-0.5855911090508958,signal,services,0
2007-08,2007-11,2007-12-20 09:00:00,-3.178915903889745e-05,signal,services,0
2007-09,2007-12,2008-01-20 09:00:00,0.5870541078167353,signal,services,0
2007-10,2008-01,2008-02-20 09:00:00,0.744122935443762,signal,services,0
2007-11,2008-02,2008-03-20 09:00:00,1.3224440724064213,signal,services,0
2007-12,2008-03,2008-04-20 09:00:00,1.9638215639536205,signal,services,0
2008-01,2008-04,2008-05-20 09:00:00,2.1532539660196637,signal,services,0
2008-02,2008-05,2008-06-20 09:00:00,0.8608072193303578,signal,services,0
2008-03,2008-06,2008-07-20 09:00:00,0.4768424483856917,signal,services,0
2008-04,2008-07,2008-08-20 09:00:00,0.2855483706563424,signal,services,0
2008-05,2008-08,2008-09-20 09:00:00,0.2852768359410387,signal,services,0
2008-06,2008-09,2008-10-20 09:00:00,0.3481371491555798,signal,services,0
2008-07,2008-10,2008-11-20 09:00:00,0.3162860329582218,signal,services,0
2008-08,2008-11,2008-12-20 09:00:00,0.18963358374845107,signal,services,0
2008-09,2008-12,2009-01-20 09:00:00,-0.12677287027371698,signal,services,0
2008-10,2009-01,2009-02-20 09:00:00,-1.0489765541899638,signal,services,0
2008-11,2009-02,2009-03-20 09:00:00,-1.6281084348470838,signal,services,0
2008-12,2009-03,2009-04-20 09:00:00,-2.176629497994974,signal,services,0
2009-01,2009-04,2009-05-20 09:00:00,-2.2149497373196922,signal,services,0
2009-02,2009-05,2009-06-20 09:00:00,-0.9384403332629496,signal,services,0
2009-03,2009-06,2009-07-20 09:00:00,-0.5850201350623467,signal,services,0
2009-04,2009-07,2009-08-20 09:00:00,-0.651650728644829,signal,services,0
2009-05,2009-08,2009-09-20 09:00:00,-0.7838396079840151,signal,services,0
2009-06,2009-09,2009-10-20 09:00:00,-0.9486995583753335,signal,services,0
2009-07,2009-10,2009-11-20 09:00:00,-0.7215944996333372,signal,services,0
2009-08,2009-11,2009-12-20 09:00:00,-0.4928546201149102,signal,services,0
2009-09,2009-12,2010-01-20 09:00:00,-0.19743343037176175,signal,services,0
2009-10,2010-01,2010-02-09 09:00:00,0.13149260970054488,signal,services,0
2009-11,2010-02,2010-03-09 09:00:00,0.23016066398310642,signal,services,0
2009-12,2010-03,2010-04-09 09:00:00,0.29597180744036033,signal,services,0
2010-01,2010-04,2010-05-10 09:00:00,0.1974010111155664,signal,services,0
2010-02,2010-05,2010-06-09 09:00:00,-0.26282305889287905,signal,services,0
2010-03,2010-06,2010-07-12 09:00:00,-0.13149248181362183,signal,services,0
2010-04,2010-07,2010-08-09 09:00:00,0.06564904698709584,signal,services,0
2010-05,2010-08,2010-09-09 09:00:00,0.23006327813841576,signal,services,0
2010-06,2010-09,2010-10-11 09:00:00,0.23006327813841576,signal,services,0
2010-07,2010-10,2010-11-09 09:00:00,0.0,signal,services,0
2010-08,2010-11,2010-12-09 09:00:00,-0.16421990716076018,signal,services,0
2010-09,2010-12,2011-01-10 09:00:00,-0.09860315173211887,signal,services,0
2010-10,2011-01,2011-02-09 09:00:00,-0.36236977697629924,signal,services,0
2010-11,2011-02,2011-03-09 09:00:00,-0.5935082299429281,signal,services,0
2010-12,2011-03,2011-04-11 09:00:00,-0.6602972902706272,signal,services,0
2011-01,2011-04,2011-05-10 09:00:00,-0.8252343546946753,signal,services,0
2011-02,2011-05,2011-06-09 09:00:00,-0.1656562169883371,signal,services,0
2011-03,2011-06,2011-07-12 09:00:00,-0.099453016650839,signal,services,0
2011-04,2011-07,2011-08-09 09:00:00,-0.099453016650839,signal,services,0
2011-05,2011-08,2011-09-09 09:00:00,0.0,signal,services,0
2011-06,2011-09,2011-10-10 09:00:00,-0.03318400805005395,signal,services,0
2011-07,2011-10,2011-11-09 09:00:00,-3.3002499774337224e-05,signal,services,0
2011-08,2011-11,2011-12-09 09:00:00,0.03311800305050533,signal,services,0
2011-09,2011-12,2012-01-09 09:00:00,0.13257108528009826,signal,services,0
2011-10,2012-01,2012-02-16 09:00:00,0.5946246223927749,signal,services,0
2011-11,2012-02,2012-03-09 09:00:00,0.7908811299512254,signal,services,0
2011-12,2012-03,2012-04-10 09:00:00,1.1202645742844806,signal,services,0
2012-01,2012-04,2012-05-10 09:00:00,1.0536704037936393,signal,services,0
2012-02,2012-05,2012-06-11 09:00:00,0.09824794120243174,signal,services,0
2012-03,2012-06,2012-07-11 09:00:00,0.06545574081711725,signal,services,0
2012-04,2012-07,2012-08-09 09:00:00,0.1637358470079271,signal,services,0
2012-05,2012-08,2012-09-10 09:00:00,-3.216498837810278e-05,signal,services,0
2012-06,2012-09,2012-10-09 09:00:00,-0.09821577621405364,signal,services,0
2012-07,2012-10,2012-11-09 09:00:00,-0.09821577621405364,signal,services,0
2012-08,2012-11,2012-12-10 09:00:00,-0.06564898407745323,signal,services,0
2012-09,2012-12,2013-01-09 09:00:00,-0.16421984368802423,signal,services,0
2012-10,2013-01,2013-02-11 09:00:00,-0.4919173264158292,signal,services,0
2012-11,2013-02,2013-03-11 09:00:00,-0.39373371519015365,signal,services,0
2012-12,2013-03,2013-04-09 09:00:00,-0.06571382165061568,signal,services,0
2013-01,2013-04,2013-05-10 09:00:00,0.032759396714581834,signal,services,0
2013-02,2013-05,2013-06-10 09:00:00,-0.32967521877410766,signal,services,0
2013-03,2013-06,2013-07-09 09:00:00,-0.758608747898497,signal,services,0
2013-04,2013-07,2013-08-09 09:00:00,-0.8916353077158037,signal,services,0
2013-05,2013-08,2013-09-09 09:00:00,-0.661607868829637,signal,services,0
2013-06,2013-09,2013-10-09 09:00:00,-0.29839231496335733,signal,services,0
2013-07,2013-10,2013-11-11 09:00:00,0.03315093977547551,signal,services,0
2013-08,2013-11,2013-12-09 09:00:00,0.13250521104673552,signal,services,0
2013-09,2013-12,2014-01-09 09:00:00,0.2647805826755603,signal,services,0
2013-10,2014-01,2014-02-12 09:00:00,0.2643824409788662,signal,services,0
2013-11,2014-02,2014-03-10 09:00:00,-0.23377647823720682,signal,services,0
2013-12,2014-03,2014-04-09 09:00:00,-0.8302003093871385,signal,services,0
2014-01,2014-04,2014-05-12 09:00:00,-0.86199904301556,signal,services,0
2014-02,2014-05,2014-06-09 09:00:00,0.4989545446598942,signal,services,0
2014-03,2014-06,2014-07-09 09:00:00,0.7973155619960459,signal,services,0
2014-04,2014-07,2014-08-11 09:00:00,0.8289127876225696,signal,services,0
2014-05,2014-08,2014-09-09 09:00:00,0.7276810783145471,signal,services,0
2014-06,2014-09,2014-10-09 09:00:00,0.5610743088198795,signal,services,0
2014-07,2014-10,2014-11-10 09:00:00,0.36236810150083043,signal,services,0
2014-08,2014-11,2014-12-09 09:00:00,0.29629651306570537,signal,services,0
2014-09,2014-12,2015-01-09 09:00:00,0.13152490106981696,signal,services,0
2014-10,2015-01,2015-02-09 09:00:00,0.0985383770685988,signal,services,0
2014-11,2015-02,2015-03-09 09:00:00,0.13139528789390664,signal,services,0
2014-12,2015-03,2015-04-09 09:00:00,0.09853837706859858,signal,services,0
2015-01,2015-04,2015-05-12 09:00:00,-0.09860315173211887,signal,services,0
2015-02,2015-05,2015-06-09 09:00:00,-0.19707681798606824,signal,services,0
2015-03,2015-06,2015-07-09 09:00:00,-0.03292168548882768,signal,services,0
2015-04,2015-07,2015-08-10 09:00:00,0.13139528789390664,signal,services,0
2015-05,2015-08,2015-09-09 09:00:00,0.1972063673131077,signal,services,0
2015-06,2015-09,2015-10-09 09:00:00,-0.06571382165061568,signal,services,0
2015-07,2015-10,2015-11-09 09:00:00,-0.16418748790456505,signal,services,0
2015-08,2015-11,2015-12-09 09:00:00,-0.03285691082530762,signal,services,0
2015-09,2015-12,2016-01-12 09:00:00,0.13139528789390664,signal,services,0
2015-10,2016-01,2016-02-12 09:00:00,0.16421984331188955,signal,services,0
2015-11,2016-02,2016-03-09 09:00:00,0.09847366625394938,signal,services,0
2015-12,2016-03,2016-04-11 09:00:00,0.09847366625394938,signal,services,0
2016-01,2016-04,2016-05-10 09:00:00,-0.032824555417982904,signal,services,0
2016-02,2016-05,2016-06-09 09:00:00,-0.06564911083596625,signal,services,0
2016-03,2016-06,2016-07-12 09:00:00,-0.16421990716076018,signal,services,0
2016-04,2016-07,2016-08-09 09:00:00,-0.19707681798606824,signal,services,0
2016-05,2016-08,2016-09-09 09:00:00,-0.16434939263892967,signal,services,0
2016-06,2016-09,2016-10-10 09:00:00,-0.09860315173211887,signal,services,0
2016-07,2016-10,2016-11-09 09:00:00,0.16431703723160496,signal,services,0
2016-08,2016-11,2016-12-09 09:00:00,0.19701210698298133,signal,services,0
2016-09,2016-12,2017-01-10 09:00:00,0.4594805906417927,signal,services,0
2016-10,2017-01,2017-02-10 09:00:00,0.556217315724072,signal,services,0
2016-11,2017-02,2017-03-09 09:00:00,0.848754975653111,signal,services,0
2016-12,2017-03,2017-04-10 09:00:00,1.0755840161519914,signal,services,0
2017-01,2017-04,2017-05-10 09:00:00,0.9755860746580229,signal,services,0
2017-02,2017-05,2017-06-09 09:00:00,0.5513124846691881,signal,services,0
2017-03,2017-06,2017-07-12 09:00:00,0.32324887437468286,signal,services,0
2017-04,2017-07,2017-08-09 09:00:00,0.3551883914951488,signal,services,0
2017-05,2017-08,2017-09-11 09:00:00,0.41941273891624986,signal,services,0
2017-06,2017-09,2017-10-09 09:00:00,0.45160330958154704,signal,services,0
2017-07,2017-10,2017-11-09 09:00:00,0.09657171199589154,signal,services,0
2017-08,2017-11,2017-12-11 09:00:00,0.09657171199589154,signal,services,0
2017-09,2017-12,2018-01-10 09:00:00,-0.16126462674894793,signal,services,0
2017-10,2018-01,2018-02-14 09:00:00,-0.38725419292824004,signal,services,0
2017-11,2018-02,2018-03-09 09:00:00,-0.6780946226239113,signal,services,0
2017-12,2018-03,2018-04-10 09:00:00,-0.7752292226855615,signal,services,0
2018-01,2018-04,2018-05-10 09:00:00,-0.2590571627843228,signal,services,0
2018-02,2018-05,2018-06-11 09:00:00,0.09700885927170333,signal,services,0
2018-03,2018-06,2018-07-11 09:00:00,0.45329555330511173,signal,services,0
2018-04,2018-07,2018-08-09 09:00:00,0.7100715243594746,signal,services,0
2018-05,2018-08,2018-09-10 09:00:00,0.837150545895843,signal,services,0
2018-06,2018-09,2018-10-09 09:00:00,0.7398291874395122,signal,services,0
2018-07,2018-10,2018-11-09 09:00:00,0.6109409969747768,signal,services,0
2018-08,2018-11,2018-12-10 09:00:00,-0.1285445296429164,signal,services,0
2018-09,2018-12,2019-01-10 09:00:00,-0.03206658301445575,signal,services,0
2018-10,2019-01,2019-02-13 09:00:00,0.7371684493555928,signal,services,0
2018-11,2019-02,2019-03-11 09:00:00,0.4794033800820747,signal,services,0
2018-12,2019-03,2019-04-10 09:00:00,0.22333151646200555,signal,services,0
2019-01,2019-04,2019-05-13 09:00:00,0.1915407081561611,signal,services,0
2019-02,2019-05,2019-06-11 09:00:00,-0.3831729315183683,signal,services,0
2019-03,2019-06,2019-07-11 09:00:00,-0.4467857746915138,signal,services,0
2019-04,2019-07,2019-08-12 09:00:00,0.03182121513823155,signal,services,0
2019-05,2019-08,2019-09-10 09:00:00,0.223667811471425,signal,services,0
2019-06,2019-09,2019-10-10 09:00:00,0.25576497699669964,signal,services,0
2019-07,2019-10,2019-11-11 09:00:00,-0.19187741454791674,signal,services,0
2019-08,2019-11,2019-12-10 09:00:00,-0.4797405007389868,signal,services,0
2019-09,2019-12,2020-01-13 09:00:00,-0.5443347078990812,signal,services,0
2019-10,2020-01,2020-02-14 09:00:00,-0.35258009497190157,signal,services,0
2019-11,2020-02,2020-03-10 09:00:00,-0.0642569142113496,signal,services,0
2019-12,2020-03,2020-04-14 09:00:00,0.16036444329064414,signal,services,0
2020-01,2020-04,2020-05-13 09:00:00,0.06388542401984187,signal,services,0
2020-02,2020-05,2020-06-10 09:00:00,-0.4821462830802701,signal,services,0
2020-03,2020-06,2020-07-10 09:00:00,-0.8038065879977911,signal,services,0
2020-04,2020-07,2020-08-13 09:00:00,-0.6767834068951251,signal,services,0
2020-05,2020-08,2020-09-10 09:00:00,-0.5173306541132985,signal,services,0
2020-06,2020-09,2020-10-12 09:00:00,-0.5501478621864324,signal,services,0
2020-07,2020-10,2020-11-10 09:00:00,-0.48617749396993837,signal,services,0
2020-08,2020-11,2020-12-10 09:00:00,-0.259529869084127,signal,services,0
2020-09,2020-12,2021-01-13 09:00:00,0.03244114124934905,signal,services,0
2020-10,2021-01,2021-02-12 09:00:00,-0.09751347763683782,signal,services,0
2020-11,2021-02,2021-03-10 09:00:00,-0.09789470082829244,signal,services,0
2020-12,2021-03,2021-04-13 09:00:00,-0.3903400140700981,signal,services,0
2021-01,2021-04,2021-05-11 09:00:00,-0.2928265364332603,signal,services,0
2021-02,2021-05,2021-06-10 09:00:00,0.2598778187900548,signal,services,0
2021-03,2021-06,2021-07-13 09:00:00,0.8772182112328535,signal,services,0
2021-04,2021-07,2021-08-10 09:00:00,1.0031122079827703,signal,services,0
2021-05,2021-08,2021-09-10 09:00:00,1.415726276502307,signal,services,0
2021-06,2021-09,2021-10-11 09:00:00,2.080409804140127,signal,services,0
2021-07,2021-10,2021-11-10 09:00:00,2.574747157785323,signal,services,0
2021-08,2021-11,2021-12-10 09:00:00,2.965123068730122,signal,services,0
2021-09,2021-12,2022-01-12 09:00:00,2.658589439929404,signal,services,0
2021-10,2022-01,2022-02-14 09:00:00,2.4807592348999385,signal,services,0
2021-11,2022-02,2022-03-10 09:00:00,2.1531837284044757,signal,services,0
2021-12,2022-03,2022-04-11 09:00:00,1.890679110264001,signal,services,0
2022-01,2022-04,2022-05-10 09:00:00,2.513943159839851,signal,services,0
2022-02,2022-05,2022-06-10 09:00:00,2.5474398077556337,signal,services,0
2022-03,2022-06,2022-07-13 09:00:00,3.065407686209239,signal,services,0
2022-04,2022-07,2022-08-10 09:00:00,2.8998474698140466,signal,services,0
2022-05,2022-08,2022-09-12 09:00:00,1.5857579008731157,signal,services,0
2022-06,2022-09,2022-10-11 09:00:00,0.4386108662449555,signal,services,0
2022-07,2022-10,2022-11-10 09:00:00,-0.5835435607633972,signal,services,0
2022-08,2022-11,2022-12-12 09:00:00,-0.8782093589312883,signal,services,0
2022-09,2022-12,2023-01-11 09:00:00,-0.940143835935034,signal,services,0
2022-10,2023-01,2023-02-10 09:00:00,-1.5037566504588131,signal,services,0
2022-11,2023-02,2023-03-10 09:00:00,-1.7464399672707724,signal,services,0
2022-12,2023-03,2023-04-13 09:00:00,-1.488898511097812,signal,services,0
2023-01,2023-04,2023-05-11 09:00:00,-1.9757093658503102,signal,services,0
2023-02,2023-05,2023-06-12 09:00:00,-1.9681910313585025,signal,services,0
2023-03,2023-06,2023-07-13 09:00:00,-2.8032334819723834,signal,services,0
2023-04,2023-07,2023-08-10 09:00:00,-3.335349144558471,signal,services,0
2023-05,2023-08,2023-09-11 09:00:00,-2.5330721196278008,signal,services,0
2023-06,2023-09,2023-10-10 09:00:00,-1.6202173329476626,signal,services,0
2023-07,2023-10,2023-11-10 09:00:00,-1.224472181311529,signal,services,0
2023-08,2023-11,2023-12-11 09:00:00,-1.4163572162385423,signal,services,0
2023-09,2023-12,2024-01-11 09:00:00,-1.1693051141182114,signal,services,0
2023-10,2024-01,2024-02-15 09:00:00,-0.9506991314989168,signal,services,0
2023-11,2024-02,2024-03-11 09:00:00,-0.3180363101423813,signal,services,0
2023-12,2024-03,2024-04-10 09:00:00,-0.22275283461519368,signal,services,0
2024-01,2024-04,2024-05-13 09:00:00,-3.040784060104329e-05,signal,services,0
2024-02,2024-05,2024-06-11 09:00:00,0.15935243897359275,signal,services,0
2024-03,2024-06,2024-07-10 09:00:00,-0.28688389447483686,signal,services,0
2024-04,2024-07,2024-08-12 09:00:00,-0.3191325704816421,signal,services,0
2024-05,2024-08,2024-09-10 09:00:00,-0.3192240268465376,signal,services,0
2024-06,2024-09,2024-10-10 09:00:00,-0.4147806514134027,signal,services,0
2024-07,2024-10,2024-11-11 09:00:00,0.15974960716236453,signal,services,0
2024-08,2024-11,2024-12-10 09:00:00,0.19166280570660987,signal,services,0
2024-09,2024-12,2025-01-13 09:00:00,0.031882615694770244,signal,services,0
2024-10,2025-01,2025-02-12 09:00:00,0.12780582576864585,signal,services,0
2024-11,2025-02,2025-03-11 09:00:00,-0.2555197856445748,signal,services,0
2024-12,2025-03,2025-04-10 09:00:00,-0.2874942085599148,signal,services,0
2025-01,2025-04,2025-05-13 09:00:00,-9.186589271692469e-05,signal,services,0
2025-02,2025-05,2025-06-10 09:00:00,0.22354547990517126,signal,services,0
2025-03,2025-06,2025-07-10 09:00:00,0.3512595569570358,signal,services,0
2025-04,2025-07,2025-08-08 09:00:00,0.31934635841279135,signal,services,0
2025-05,2025-08,2025-09-10 09:00:00,-0.031943722889929305,signal,services,0
2025-06,2025-09,2025-10-10 09:00:00,-0.19138761822841754,signal,services,0
2025-07,2025-10,2025-11-11 09:00:00,-0.19138761822841754,signal,services,0
2025-08,2025-11,2025-12-10 09:00:00,-0.03194378139371867,signal,services,0
2025-09,2025-12,2026-01-13 09:00:00,-3.0582849473326235e-05,signal,services,0
2025-10,2026-01,2026-02-13 09:00:00,0.06376528989333163,signal,services,0
2025-11,2026-02,2026-03-10 09:00:00,0.06376528989333163,signal,services,0
2025-12,2026-03,2026-04-14 09:00:00,0.15959663407448943,signal,services,0
2026-01,2026-04,2026-05-13 09:00:00,-0.03197430573940352,signal,services,0
2026-02,2026-05,2026-06-10 09:00:00,-0.03188267419856139,signal,services,0
2026-03,2026-06,2026-07-10 09:00:00,0.25533628821101395,signal,services,0
2006-01,2006-04,2006-05-20 09:00:00,0.20449904877276381,signal,goods,0
2006-02,2006-05,2006-06-20 09:00:00,0.0,signal,goods,0
2006-03,2006-06,2006-07-20 09:00:00,-0.27350580797284874,signal,goods,0
2006-04,2006-07,2006-08-20 09:00:00,-0.47842448612302624,signal,goods,0
2006-05,2006-08,2006-09-20 09:00:00,-0.6491024490555355,signal,goods,0
2006-06,2006-09,2006-10-20 09:00:00,-0.477898511663283,signal,goods,0
2006-07,2006-10,2006-11-20 09:00:00,0.44523571982484444,signal,goods,0
2006-08,2006-11,2006-12-20 09:00:00,0.34198594369841784,signal,goods,0
2006-09,2006-12,2007-01-20 09:00:00,0.3415656686260107,signal,goods,0
2006-10,2007-01,2007-02-20 09:00:00,0.13643739157027168,signal,goods,0
2006-11,2007-02,2007-03-20 09:00:00,0.03392577822868326,signal,goods,0
2006-12,2007-03,2007-04-20 09:00:00,-0.034449813603434354,signal,goods,0
2007-01,2007-04,2007-05-20 09:00:00,0.033161492262499426,signal,goods,0
2007-02,2007-05,2007-06-20 09:00:00,0.6466609874920037,signal,goods,0
2007-03,2007-06,2007-07-20 09:00:00,0.987566777468937,signal,goods,0
2007-04,2007-07,2007-08-20 09:00:00,0.16956574134614977,signal,goods,0
2007-05,2007-08,2007-09-20 09:00:00,-0.4418490675635589,signal,goods,0
2007-06,2007-09,2007-10-20 09:00:00,-0.3063132397270234,signal,goods,0
2007-07,2007-10,2007-11-20 09:00:00,-0.06889000646736099,signal,goods,0
2007-08,2007-11,2007-12-20 09:00:00,0.9496553479405603,signal,goods,0
2007-09,2007-12,2008-01-20 09:00:00,1.2207338790289104,signal,goods,0
2007-10,2008-01,2008-02-20 09:00:00,0.3714796889520886,signal,goods,0
2007-11,2008-02,2008-03-20 09:00:00,-0.00010237493348896898,signal,goods,0
2007-12,2008-03,2008-04-20 09:00:00,-0.23621871328459187,signal,goods,0
2008-01,2008-04,2008-05-20 09:00:00,-0.26980345756925717,signal,goods,0
2008-02,2008-05,2008-06-20 09:00:00,0.10116331825382963,signal,goods,0
2008-03,2008-06,2008-07-20 09:00:00,0.10116331825382985,signal,goods,0
2008-04,2008-07,2008-08-20 09:00:00,0.10126590066922314,signal,goods,0
2008-05,2008-08,2008-09-20 09:00:00,-0.3037977020076694,signal,goods,0
2008-06,2008-09,2008-10-20 09:00:00,-0.37147962035373583,signal,goods,0
2008-07,2008-10,2008-11-20 09:00:00,-0.40747419133083085,signal,goods,0
2008-08,2008-11,2008-12-20 09:00:00,-0.8841591960707089,signal,goods,0
2008-09,2008-12,2009-01-20 09:00:00,-1.4306195219265887,signal,goods,0
2008-10,2009-01,2009-02-20 09:00:00,-1.4675062509659311,signal,goods,0
2008-11,2009-02,2009-03-20 09:00:00,-0.8575741953138745,signal,goods,0
2008-12,2009-03,2009-04-20 09:00:00,-0.4813490608246225,signal,goods,0
2009-01,2009-04,2009-05-20 09:00:00,-0.24142125177910412,signal,goods,0
2009-02,2009-05,2009-06-20 09:00:00,-0.3791981423157611,signal,goods,0
2009-03,2009-06,2009-07-20 09:00:00,-0.10360908251681522,signal,goods,0
2009-04,2009-07,2009-08-20 09:00:00,-0.20707520659444878,signal,goods,0
2009-05,2009-08,2009-09-20 09:00:00,0.06908465339907943,signal,goods,0
2009-06,2009-09,2009-10-20 09:00:00,-0.06912044856268729,signal,goods,0
2009-07,2009-10,2009-11-20 09:00:00,0.17130656515042197,signal,goods,0
2009-08,2009-11,2009-12-20 09:00:00,0.8250724397555644,signal,goods,0
2009-09,2009-12,2010-01-20 09:00:00,1.2028886088924495,signal,goods,0
2009-10,2010-01,2010-02-09 09:00:00,1.0306912966452177,signal,goods,0
2009-11,2010-02,2010-03-09 09:00:00,-0.2405674866926466,signal,goods,0
2009-12,2010-03,2010-04-09 09:00:00,-0.8913940667365607,signal,goods,0
2010-01,2010-04,2010-05-10 09:00:00,-0.9264447432296041,signal,goods,0
2010-02,2010-05,2010-06-09 09:00:00,-0.515766547964263,signal,goods,0
2010-03,2010-06,2010-07-12 09:00:00,-0.06912030064886743,signal,goods,0
2010-04,2010-07,2010-08-09 09:00:00,-0.10368059877228086,signal,goods,0
2010-05,2010-08,2010-09-09 09:00:00,-0.41407926660314054,signal,goods,0
2010-06,2010-09,2010-10-11 09:00:00,-0.27615985999352777,signal,goods,0
2010-07,2010-10,2010-11-09 09:00:00,-3.586946599209995e-05,signal,goods,0
2010-08,2010-11,2010-12-09 09:00:00,-0.10393205747442869,signal,goods,0
2010-09,2010-12,2011-01-10 09:00:00,-0.17308837550310852,signal,goods,0
2010-10,2011-01,2011-02-09 09:00:00,-0.10414653239875671,signal,goods,0
2010-11,2011-02,2011-03-09 09:00:00,0.4140445059251472,signal,goods,0
2010-12,2011-03,2011-04-11 09:00:00,0.8977133384817657,signal,goods,0
2011-01,2011-04,2011-05-10 09:00:00,0.8615462193460606,signal,goods,0
2011-02,2011-05,2011-06-09 09:00:00,0.37802523129746124,signal,goods,0
2011-03,2011-06,2011-07-12 09:00:00,0.24021393903498423,signal,goods,0
2011-04,2011-07,2011-08-09 09:00:00,0.17141497486301116,signal,goods,0
2011-05,2011-08,2011-09-09 09:00:00,0.10268700894573835,signal,goods,0
2011-06,2011-09,2011-10-10 09:00:00,0.4110652059833342,signal,goods,0
2011-07,2011-10,2011-11-09 09:00:00,0.4440090139429187,signal,goods,0
2011-08,2011-11,2011-12-09 09:00:00,0.5797481135105387,signal,goods,0
2011-09,2011-12,2012-01-09 09:00:00,0.5794332485599274,signal,goods,0
2011-10,2012-01,2012-02-16 09:00:00,0.510883333338823,signal,goods,0
2011-11,2012-02,2012-03-09 09:00:00,0.067715641371348,signal,goods,0
2011-12,2012-03,2012-04-10 09:00:00,0.06781962325958424,signal,goods,0
2012-01,2012-04,2012-05-10 09:00:00,0.4416058289147198,signal,goods,0
2012-02,2012-05,2012-06-11 09:00:00,0.13563924651916914,signal,goods,0
2012-03,2012-06,2012-07-11 09:00:00,-0.06781962325958446,signal,goods,0
2012-04,2012-07,2012-08-09 09:00:00,-0.0001382664020250779,signal,goods,0
2012-05,2012-08,2012-09-10 09:00:00,-0.33937464910197246,signal,goods,0
2012-06,2012-09,2012-10-09 09:00:00,-0.47542925975692385,signal,goods,0
2012-07,2012-10,2012-11-09 09:00:00,-0.3400671109715132,signal,goods,0
2012-08,2012-11,2012-12-10 09:00:00,-0.13619344198668504,signal,goods,0
2012-09,2012-12,2013-01-09 09:00:00,-0.06809672099334207,signal,goods,0
2012-10,2013-01,2013-02-11 09:00:00,0.2042901629800271,signal,goods,0
2012-11,2013-02,2013-03-11 09:00:00,0.27224805264163643,signal,goods,0
2012-12,2013-03,2013-04-09 09:00:00,0.1698428390799076,signal,goods,0
2013-01,2013-04,2013-05-10 09:00:00,0.373302270347168,signal,goods,0
2013-02,2013-05,2013-06-10 09:00:00,0.4749800309346015,signal,goods,0
2013-03,2013-06,2013-07-09 09:00:00,0.4739467444679586,signal,goods,0
2013-04,2013-07,2013-08-09 09:00:00,0.5743906546058044,signal,goods,0
2013-05,2013-08,2013-09-09 09:00:00,0.47209698098888797,signal,goods,0
2013-06,2013-09,2013-10-09 09:00:00,0.6072553742409915,signal,goods,0
2013-07,2013-10,2013-11-11 09:00:00,0.23557155452199507,signal,goods,0
2013-08,2013-11,2013-12-09 09:00:00,-0.1683672310980786,signal,goods,0
2013-09,2013-12,2014-01-09 09:00:00,-0.00023779706835880265,signal,goods,0
2013-10,2014-01,2014-02-12 09:00:00,0.20127444104773373,signal,goods,0
2013-11,2014-02,2014-03-10 09:00:00,0.16752101061838276,signal,goods,0
2013-12,2014-03,2014-04-09 09:00:00,0.8064559836730418,signal,goods,0
2014-01,2014-04,2014-05-12 09:00:00,0.36893101577236204,signal,goods,0
2014-02,2014-05,2014-06-09 09:00:00,0.03338327669534258,signal,goods,0
2014-03,2014-06,2014-07-09 09:00:00,0.23358407870240508,signal,goods,0
2014-04,2014-07,2014-08-11 09:00:00,0.4672688949096497,signal,goods,0
2014-05,2014-08,2014-09-09 09:00:00,0.7343046591925813,signal,goods,0
2014-06,2014-09,2014-10-09 09:00:00,0.46650095447630824,signal,goods,0
2014-07,2014-10,2014-11-10 09:00:00,-9.966761407367852e-05,signal,goods,0
2014-08,2014-11,2014-12-09 09:00:00,-0.033349878184921106,signal,goods,0
2014-09,2014-12,2015-01-09 09:00:00,-0.06669942552277688,signal,goods,0
2014-10,2015-01,2015-02-09 09:00:00,0.06636795012847158,signal,goods,0
2014-11,2015-02,2015-03-09 09:00:00,0.43238613500379935,signal,goods,0
2014-12,2015-03,2015-04-09 09:00:00,0.16618478436180723,signal,goods,0
2015-01,2015-04,2015-05-12 09:00:00,-0.1327691004747945,signal,goods,0
2015-02,2015-05,2015-06-09 09:00:00,-3.3068274578440526e-05,signal,goods,0
2015-03,2015-06,2015-07-09 09:00:00,-0.03328327884542587,signal,goods,0
2015-04,2015-07,2015-08-10 09:00:00,0.033150873803839076,signal,goods,0
2015-05,2015-08,2015-09-09 09:00:00,-0.13290143954474487,signal,goods,0
2015-06,2015-09,2015-10-09 09:00:00,-0.09965116319909334,signal,goods,0
2015-07,2015-10,2015-11-09 09:00:00,0.3319728801917339,signal,goods,0
2015-08,2015-11,2015-12-09 09:00:00,0.36489240703341697,signal,goods,0
2015-09,2015-12,2016-01-12 09:00:00,0.4310956727543973,signal,goods,0
2015-10,2016-01,2016-02-12 09:00:00,0.09932133435023971,signal,goods,0
2015-11,2016-02,2016-03-09 09:00:00,0.033052325554182915,signal,goods,0
2015-12,2016-03,2016-04-11 09:00:00,0.0661047162973506,signal,goods,0
2016-01,2016-04,2016-05-10 09:00:00,-0.03315087497781266,signal,goods,0
2016-02,2016-05,2016-06-09 09:00:00,0.09925565646414802,signal,goods,0
2016-03,2016-06,2016-07-12 09:00:00,-0.19860979716294103,signal,goods,0
2016-04,2016-07,2016-08-09 09:00:00,-0.23156370367146373,signal,goods,0
2016-05,2016-08,2016-09-09 09:00:00,0.06620326572098034,signal,goods,0
2016-06,2016-09,2016-10-10 09:00:00,-0.00013174787935332777,signal,goods,0
2016-07,2016-10,2016-11-09 09:00:00,-0.06633501360033367,signal,goods,0
2016-08,2016-11,2016-12-09 09:00:00,-0.16568915429912667,signal,goods,0
2016-09,2016-12,2017-01-10 09:00:00,-0.00029643346081820177,signal,goods,0
2016-10,2017-01,2017-02-10 09:00:00,0.23182667596944218,signal,goods,0
2016-11,2017-02,2017-03-09 09:00:00,-0.09958502684598652,signal,goods,0
2016-12,2017-03,2017-04-10 09:00:00,-0.2977999063134644,signal,goods,0
2017-01,2017-04,2017-05-10 09:00:00,0.36476092068876687,signal,goods,0
2017-02,2017-05,2017-06-09 09:00:00,0.09915710704051828,signal,goods,0
2017-03,2017-06,2017-07-12 09:00:00,0.29796432957913505,signal,goods,0
2017-04,2017-07,2017-08-09 09:00:00,0.1323737250934074,signal,goods,0
2017-05,2017-08,2017-09-11 09:00:00,-0.23153083213392556,signal,goods,0
2017-06,2017-09,2017-10-09 09:00:00,-0.13227517566977753,signal,goods,0
2017-07,2017-10,2017-11-09 09:00:00,0.19857699081438762,signal,goods,0
2017-08,2017-11,2017-12-11 09:00:00,0.09922278492660985,signal,goods,0
2017-09,2017-12,2018-01-10 09:00:00,-0.03318387708781778,signal,goods,0
2017-10,2018-01,2018-02-14 09:00:00,-0.5973525962416707,signal,goods,0
2017-11,2018-02,2018-03-09 09:00:00,-0.6973992041235579,signal,goods,0
2017-12,2018-03,2018-04-10 09:00:00,-0.731078318780246,signal,goods,0
2018-01,2018-04,2018-05-10 09:00:00,-0.43212079556500516,signal,goods,0
2018-02,2018-05,2018-06-11 09:00:00,0.267034157443554,signal,goods,0
2018-03,2018-06,2018-07-11 09:00:00,-0.20003346678357367,signal,goods,0
2018-04,2018-07,2018-08-09 09:00:00,-0.23338347790302477,signal,goods,0
2018-05,2018-08,2018-09-10 09:00:00,-0.06670002223890223,signal,goods,0
2018-06,2018-09,2018-10-09 09:00:00,0.13350024482840553,signal,goods,0
2018-07,2018-10,2018-11-09 09:00:00,-0.03345027843772182,signal,goods,0
2018-08,2018-11,2018-12-10 09:00:00,-0.13360057911434586,signal,goods,0
2018-09,2018-12,2019-01-10 09:00:00,-0.10045030202663215,signal,goods,0
2018-10,2019-01,2019-02-13 09:00:00,0.33227048988918667,signal,goods,0
2018-11,2019-02,2019-03-11 09:00:00,0.799073042938632,signal,goods,0
2018-12,2019-03,2019-04-10 09:00:00,0.8986251328635981,signal,goods,0
2019-01,2019-04,2019-05-13 09:00:00,0.16595317429965267,signal,goods,0
2019-02,2019-05,2019-06-11 09:00:00,-0.2984583857377101,signal,goods,0
2019-03,2019-06,2019-07-11 09:00:00,-0.19920325312405945,signal,goods,0
2019-04,2019-07,2019-08-12 09:00:00,-0.3319064803457459,signal,goods,0
2019-05,2019-08,2019-09-10 09:00:00,-0.06650042114169485,signal,goods,0
2019-06,2019-09,2019-10-10 09:00:00,-0.13303404269885974,signal,goods,0
2019-07,2019-10,2019-11-11 09:00:00,-0.03338274775332584,signal,goods,0
2019-08,2019-11,2019-12-10 09:00:00,0.1991701844550301,signal,goods,0
2019-09,2019-12,2020-01-13 09:00:00,0.3983739645664204,signal,goods,0
2019-10,2020-01,2020-02-14 09:00:00,0.5975784687966326,signal,goods,0
2019-11,2020-02,2020-03-10 09:00:00,0.5284836002925015,signal,goods,0
2019-12,2020-03,2020-04-14 09:00:00,0.6927972088858428,signal,goods,0
2020-01,2020-04,2020-05-13 09:00:00,0.8897412502395992,signal,goods,0
2020-02,2020-05,2020-06-10 09:00:00,0.921461596960755,signal,goods,0
2020-03,2020-06,2020-07-10 09:00:00,0.5551621308901844,signal,goods,0
2020-04,2020-07,2020-08-13 09:00:00,1.1739715661800867,signal,goods,0
2020-05,2020-08,2020-09-10 09:00:00,1.4959383269499154,signal,goods,0
2020-06,2020-09,2020-10-12 09:00:00,1.4597865307848326,signal,goods,0
2020-07,2020-10,2020-11-10 09:00:00,0.807357194101761,signal,goods,0
2020-08,2020-11,2020-12-10 09:00:00,0.3221548836489476,signal,goods,0
2020-09,2020-12,2021-01-13 09:00:00,-0.06450560965636143,signal,goods,0
2020-10,2021-01,2021-02-12 09:00:00,-0.0966651233263276,signal,goods,0
2020-11,2021-02,2021-03-10 09:00:00,-0.35440829108517224,signal,goods,0
2020-12,2021-03,2021-04-13 09:00:00,-0.38725419292824004,signal,goods,0
2021-01,2021-04,2021-05-11 09:00:00,-0.3556580497598567,signal,goods,0
2021-02,2021-05,2021-06-10 09:00:00,-0.6780001795147879,signal,goods,0
2021-03,2021-06,2021-07-13 09:00:00,-0.09716595901932878,signal,goods,0
2021-04,2021-07,2021-08-10 09:00:00,0.35540808608230146,signal,goods,0
2021-05,2021-08,2021-09-10 09:00:00,0.9026599752729729,signal,goods,0
2021-06,2021-09,2021-10-11 09:00:00,1.443033116704497,signal,goods,0
2021-07,2021-10,2021-11-10 09:00:00,1.9494862882157151,signal,goods,0
2021-08,2021-11,2021-12-10 09:00:00,2.4759377500274975,signal,goods,0
2021-09,2021-12,2022-01-12 09:00:00,2.7640057551383848,signal,goods,0
2021-10,2022-01,2022-02-14 09:00:00,2.9225062702796194,signal,goods,0
2021-11,2022-02,2022-03-10 09:00:00,3.6482642678578934,signal,goods,0
2021-12,2022-03,2022-04-11 09:00:00,3.176079291818507,signal,goods,0
2022-01,2022-04,2022-05-10 09:00:00,2.7428345445222373,signal,goods,0
2022-02,2022-05,2022-06-10 09:00:00,3.0786077480844423,signal,goods,0
2022-03,2022-06,2022-07-13 09:00:00,3.026500000230943,signal,goods,0
2022-04,2022-07,2022-08-10 09:00:00,2.2944871993505185,signal,goods,0
2022-05,2022-08,2022-09-12 09:00:00,1.6060655099496586,signal,goods,0
2022-06,2022-09,2022-10-11 09:00:00,1.0737777266087871,signal,goods,0
2022-07,2022-10,2022-11-10 09:00:00,1.0414523654223764,signal,goods,0
2022-08,2022-11,2022-12-12 09:00:00,0.6063272338260433,signal,goods,0
2022-09,2022-12,2023-01-11 09:00:00,-0.2621127373047649,signal,goods,0
2022-10,2023-01,2023-02-10 09:00:00,-1.276484647755714,signal,goods,0
2022-11,2023-02,2023-03-10 09:00:00,-2.030780715595256,signal,goods,0
2022-12,2023-03,2023-04-13 09:00:00,-1.8113211160955718,signal,goods,0
2023-01,2023-04,2023-05-11 09:00:00,-1.7394080458554182,signal,goods,0
2023-02,2023-05,2023-06-12 09:00:00,-2.1721503126004187,signal,goods,0
2023-03,2023-06,2023-07-13 09:00:00,-3.3800119277352483,signal,goods,0
2023-04,2023-07,2023-08-10 09:00:00,-3.6595173876711833,signal,goods,0
2023-05,2023-08,2023-09-11 09:00:00,-3.7343424531036318,signal,goods,0
2023-06,2023-09,2023-10-10 09:00:00,-3.8154132961510774,signal,goods,0
2023-07,2023-10,2023-11-10 09:00:00,-3.958068183281923,signal,goods,0
2023-08,2023-11,2023-12-11 09:00:00,-3.682879205508925,signal,goods,0
2023-09,2023-12,2024-01-11 09:00:00,-3.2052140970875302,signal,goods,0
2023-10,2024-01,2024-02-15 09:00:00,-2.1369977670267186,signal,goods,0
2023-11,2024-02,2024-03-11 09:00:00,-1.5040202041350066,signal,goods,0
2023-12,2024-03,2024-04-10 09:00:00,-1.6401773137845512,signal,goods,0
2024-01,2024-04,2024-05-13 09:00:00,-1.3184877405535997,signal,goods,0
2024-02,2024-05,2024-06-11 09:00:00,-1.057588745115455,signal,goods,0
2024-03,2024-06,2024-07-10 09:00:00,-0.4317567796723618,signal,goods,0
2024-04,2024-07,2024-08-12 09:00:00,-0.29908668669689037,signal,goods,0
2024-05,2024-08,2024-09-10 09:00:00,-0.09988343357283092,signal,goods,0
2024-06,2024-09,2024-10-10 09:00:00,0.1329345737909598,signal,goods,0
2024-07,2024-10,2024-11-11 09:00:00,0.299517763733633,signal,goods,0
2024-08,2024-11,2024-12-10 09:00:00,-0.16628445197588093,signal,goods,0
2024-09,2024-12,2025-01-13 09:00:00,-0.033349878184921106,signal,goods,0
2024-10,2025-01,2025-02-12 09:00:00,-0.26600194944220823,signal,goods,0
2024-11,2025-02,2025-03-11 09:00:00,-0.09975063171254228,signal,goods,0
2024-12,2025-03,2025-04-10 09:00:00,0.16651685528098817,signal,goods,0
2025-01,2025-04,2025-05-13 09:00:00,-0.09988349974208599,signal,goods,0
2025-02,2025-05,2025-06-10 09:00:00,-0.06663328917123856,signal,goods,0
2025-03,2025-06,2025-07-10 09:00:00,0.13257049094015172,signal,goods,0
2025-04,2025-07,2025-08-08 09:00:00,0.36548809955035244,signal,goods,0
2025-05,2025-08,2025-09-10 09:00:00,0.5318392172333922,signal,goods,0
2025-06,2025-09,2025-10-10 09:00:00,0.09961816069931889,signal,goods,0
2025-07,2025-10,2025-11-11 09:00:00,-0.26520830691330327,signal,goods,0
2025-08,2025-11,2025-12-10 09:00:00,-0.06650035517005837,signal,goods,0
2025-09,2025-12,2026-01-13 09:00:00,-0.13283530299558788,signal,goods,0
2025-10,2026-01,2026-02-13 09:00:00,-0.06656675580337981,signal,goods,0
2025-11,2026-02,2026-03-10 09:00:00,-0.23251979835659187,signal,goods,0
2025-12,2026-03,2026-04-14 09:00:00,0.13276910008034354,signal,goods,0
2026-01,2026-04,2026-05-13 09:00:00,0.0994529508760349,signal,goods,0
2026-02,2026-05,2026-06-10 09:00:00,0.39870504452142697,signal,goods,0
2026-03,2026-06,2026-07-10 09:00:00,0.1327691662495986,signal,goods,0
2010-01,2010-04,2010-05-10 09:00:00,-0.16897515478269906,core,own,0
2010-02,2010-05,2010-06-09 09:00:00,0.1974151497802018,core,own,0
2010-03,2010-06,2010-07-12 09:00:00,0.24035949305490634,core,own,0
2010-04,2010-07,2010-08-09 09:00:00,0.13419328472625422,core,own,0
2010-05,2010-08,2010-09-09 09:00:00,0.03671100234532941,core,own,0
2010-06,2010-09,2010-10-11 09:00:00,0.02061369179926617,core,own,0
2010-07,2010-10,2010-11-09 09:00:00,0.06974099752555188,core,own,0
2010-08,2010-11,2010-12-09 09:00:00,0.11900012913618702,core,own,0
2010-09,2010-12,2011-01-10 09:00:00,0.09438883223904326,core,own,0
2010-10,2011-01,2011-02-09 09:00:00,0.004408591616056931,core,own,0
2010-11,2011-02,2011-03-09 09:00:00,-0.11493514717303471,core,own,0
2010-12,2011-03,2011-04-11 09:00:00,-0.1124714087463336,core,own,0
2011-01,2011-04,2011-05-10 09:00:00,-0.04445255736320247,core,own,0
2011-02,2011-05,2011-06-09 09:00:00,0.019772634513628037,core,own,0
2011-03,2011-06,2011-07-12 09:00:00,0.10713488846806976,core,own,0
2011-04,2011-07,2011-08-09 09:00:00,0.0597657760748543,core,own,0
2011-05,2011-08,2011-09-09 09:00:00,0.006684812729638209,core,own,0
2011-06,2011-09,2011-10-10 09:00:00,0.07661286748358241,core,own,0
2011-07,2011-10,2011-11-09 09:00:00,0.17028580911326235,core,own,0
2011-08,2011-11,2011-12-09 09:00:00,0.20487924184750828,core,own,0
2011-09,2011-12,2012-01-09 09:00:00,0.16854677071185795,core,own,0
2011-10,2012-01,2012-02-16 09:00:00,0.019207548741954315,core,own,0
2011-11,2012-02,2012-03-09 09:00:00,-0.10427547255693177,core,own,0
2011-12,2012-03,2012-04-10 09:00:00,-0.11496824817876436,core,own,0
2012-01,2012-04,2012-05-10 09:00:00,-0.024972080556016754,core,own,0
2012-02,2012-05,2012-06-11 09:00:00,-0.021987108268455104,core,own,0
2012-03,2012-06,2012-07-11 09:00:00,0.04076977210042076,core,own,0
2012-04,2012-07,2012-08-09 09:00:00,-0.022540488264563063,core,own,0
2012-05,2012-08,2012-09-10 09:00:00,-0.15600933963201014,core,own,0
2012-06,2012-09,2012-10-09 09:00:00,-0.1145556647726258,core,own,0
2012-07,2012-10,2012-11-09 09:00:00,0.01484045082826102,core,own,0
2012-08,2012-11,2012-12-10 09:00:00,0.08649420369144084,core,own,0
2012-09,2012-12,2013-01-09 09:00:00,0.03998412717400246,core,own,0
2012-10,2013-01,2013-02-11 09:00:00,-0.030298625265797893,core,own,0
2012-11,2013-02,2013-03-11 09:00:00,-0.006373527625154293,core,own,0
2012-12,2013-03,2013-04-09 09:00:00,0.06345164873654673,core,own,0
2013-01,2013-04,2013-05-10 09:00:00,0.06495461847672168,core,own,0
2013-02,2013-05,2013-06-10 09:00:00,-0.13421026216621673,core,own,0
2013-03,2013-06,2013-07-09 09:00:00,-0.15249990272361041,core,own,0
2013-04,2013-07,2013-08-09 09:00:00,-0.12253398944044472,core,own,0
2013-05,2013-08,2013-09-09 09:00:00,-0.09372594377000187,core,own,0
2013-06,2013-09,2013-10-09 09:00:00,0.02629502713526563,core,own,0
2013-07,2013-10,2013-11-11 09:00:00,0.14540155673597377,core,own,0
2013-08,2013-11,2013-12-09 09:00:00,0.1627104771105848,core,own,0
2013-09,2013-12,2014-01-09 09:00:00,0.21684664790712932,core,own,0
2013-10,2014-01,2014-02-12 09:00:00,0.12242716945270546,core,own,0
2013-11,2014-02,2014-03-10 09:00:00,0.02472595320318635,core,own,0
2013-12,2014-03,2014-04-09 09:00:00,0.07091828941440625,core,own,0
2014-01,2014-04,2014-05-12 09:00:00,0.09613329051740349,core,own,0
2014-02,2014-05,2014-06-09 09:00:00,0.03649402953179309,core,own,0
2014-03,2014-06,2014-07-09 09:00:00,0.1069465752988915,core,own,0
2014-04,2014-07,2014-08-11 09:00:00,0.008682480215623747,core,own,0
2014-05,2014-08,2014-09-09 09:00:00,0.0004991712688259264,core,own,0
2014-06,2014-09,2014-10-09 09:00:00,-0.015951123991958305,core,own,0
2014-07,2014-10,2014-11-10 09:00:00,-0.029854050527516253,core,own,0
2014-08,2014-11,2014-12-09 09:00:00,0.041773759665834465,core,own,0
2014-09,2014-12,2015-01-09 09:00:00,0.10215301024588994,core,own,0
2014-10,2015-01,2015-02-09 09:00:00,0.11280634355471167,core,own,0
2014-11,2015-02,2015-03-09 09:00:00,0.0750864995444751,core,own,0
2014-12,2015-03,2015-04-09 09:00:00,-0.043449793680159415,core,own,0
2015-01,2015-04,2015-05-12 09:00:00,-0.10231737029372565,core,own,0
2015-02,2015-05,2015-06-09 09:00:00,-0.07677431400356623,core,own,0
2015-03,2015-06,2015-07-09 09:00:00,0.05851088767179288,core,own,0
2015-04,2015-07,2015-08-10 09:00:00,0.0998929865605389,core,own,0
2015-05,2015-08,2015-09-09 09:00:00,0.007833152079103956,core,own,0
2015-06,2015-09,2015-10-09 09:00:00,-0.016246524651243675,core,own,0
2015-07,2015-10,2015-11-09 09:00:00,0.03259488469047096,core,own,0
2015-08,2015-11,2015-12-09 09:00:00,0.05978657752702039,core,own,0
2015-09,2015-12,2016-01-12 09:00:00,0.12832323353633332,core,own,0
2015-10,2016-01,2016-02-12 09:00:00,0.013184198180604678,core,own,0
2015-11,2016-02,2016-03-09 09:00:00,-0.0331892792856357,core,own,0
2015-12,2016-03,2016-04-11 09:00:00,-0.1107085747184934,core,own,0
2016-01,2016-04,2016-05-10 09:00:00,-0.18465526697931872,core,own,0
2016-02,2016-05,2016-06-09 09:00:00,-0.06841101921681213,core,own,0
2016-03,2016-06,2016-07-12 09:00:00,-0.06818160437647078,core,own,0
2016-04,2016-07,2016-08-09 09:00:00,0.024850143840997513,core,own,0
2016-05,2016-08,2016-09-09 09:00:00,-0.00824760953241696,core,own,0
2016-06,2016-09,2016-10-10 09:00:00,0.01210833017686926,core,own,0
2016-07,2016-10,2016-11-09 09:00:00,0.14607955232539369,core,own,0
2016-08,2016-11,2016-12-09 09:00:00,0.16423040240692455,core,own,0
2016-09,2016-12,2017-01-10 09:00:00,0.32377898754560974,core,own,0
2016-10,2017-01,2017-02-10 09:00:00,0.27031731986458246,core,own,0
2016-11,2017-02,2017-03-09 09:00:00,0.1820768692778985,core,own,0
2016-12,2017-03,2017-04-10 09:00:00,0.0711916341935159,core,own,0
2017-01,2017-04,2017-05-10 09:00:00,-0.10379575086008797,core,own,0
2017-02,2017-05,2017-06-09 09:00:00,-0.161414469243267,core,own,0
2017-03,2017-06,2017-07-12 09:00:00,-0.1449380265766395,core,own,0
2017-04,2017-07,2017-08-09 09:00:00,-0.053229004168163535,core,own,0
2017-05,2017-08,2017-09-11 09:00:00,-0.09737579248796929,core,own,0
2017-06,2017-09,2017-10-09 09:00:00,-0.0176829631427438,core,own,0
2017-07,2017-10,2017-11-09 09:00:00,0.032894308171435516,core,own,0
2017-08,2017-11,2017-12-11 09:00:00,0.01428327019579699,core,own,0
2017-09,2017-12,2018-01-10 09:00:00,-0.0059654244966089315,core,own,0
2017-10,2018-01,2018-02-14 09:00:00,-0.13478415518009837,core,own,0
2017-11,2018-02,2018-03-09 09:00:00,-0.1164385868149177,core,own,0
2017-12,2018-03,2018-04-10 09:00:00,0.019378241390113182,core,own,0
2018-01,2018-04,2018-05-10 09:00:00,0.15480462703223166,core,own,0
2018-02,2018-05,2018-06-11 09:00:00,0.14349797103972972,core,own,0
2018-03,2018-06,2018-07-11 09:00:00,0.06106403422932716,core,own,0
2018-04,2018-07,2018-08-09 09:00:00,0.1998253593627773,core,own,0
2018-05,2018-08,2018-09-10 09:00:00,0.16269279118650987,core,own,0
2018-06,2018-09,2018-10-09 09:00:00,0.043840751647299406,core,own,0
2018-07,2018-10,2018-11-09 09:00:00,-0.053733524869706645,core,own,0
2018-08,2018-11,2018-12-10 09:00:00,-0.2254982766699846,core,own,0
2018-09,2018-12,2019-01-10 09:00:00,-0.053932909063755224,core,own,0
2018-10,2019-01,2019-02-13 09:00:00,0.17316207159253694,core,own,0
2018-11,2019-02,2019-03-11 09:00:00,0.057783738780593064,core,own,0
2018-12,2019-03,2019-04-10 09:00:00,0.005611701163288074,core,own,0
2019-01,2019-04,2019-05-13 09:00:00,-0.05700770428355281,core,own,0
2019-02,2019-05,2019-06-11 09:00:00,-0.19464564379868246,core,own,0
2019-03,2019-06,2019-07-11 09:00:00,-0.05666791301097884,core,own,0
2019-04,2019-07,2019-08-12 09:00:00,0.2030541127721705,core,own,0
2019-05,2019-08,2019-09-10 09:00:00,0.23045647209282505,core,own,0
2019-06,2019-09,2019-10-10 09:00:00,0.02551895422515915,core,own,0
2019-07,2019-10,2019-11-11 09:00:00,-0.11432476021748128,core,own,0
2019-08,2019-11,2019-12-10 09:00:00,-0.3046084645817216,core,own,0
2019-09,2019-12,2020-01-13 09:00:00,-0.08717336471848039,core,own,0
2019-10,2020-01,2020-02-14 09:00:00,0.24683298222962713,core,own,0
2019-11,2020-02,2020-03-10 09:00:00,0.2531973923988341,core,own,0
2019-12,2020-03,2020-04-14 09:00:00,0.17937933347936516,core,own,0
2020-01,2020-04,2020-05-13 09:00:00,-0.029653258470327848,core,own,0
2020-02,2020-05,2020-06-10 09:00:00,-0.14418101715816953,core,own,0
2020-03,2020-06,2020-07-10 09:00:00,-0.01097746531109306,core,own,0
2020-04,2020-07,2020-08-13 09:00:00,0.49408614743714757,core,own,0
2020-05,2020-08,2020-09-10 09:00:00,0.3368547319529065,core,own,0
2020-06,2020-09,2020-10-12 09:00:00,-0.12901247151189218,core,own,0
2020-07,2020-10,2020-11-10 09:00:00,-0.34773058628682985,core,own,0
2020-08,2020-11,2020-12-10 09:00:00,-0.44791592393051005,core,own,0
2020-09,2020-12,2021-01-13 09:00:00,-0.18560748614752856,core,own,0
2020-10,2021-01,2021-02-12 09:00:00,0.06965002954498051,core,own,0
2020-11,2021-02,2021-03-10 09:00:00,0.0040617364698711245,core,own,0
2020-12,2021-03,2021-04-13 09:00:00,0.002078949587630108,core,own,0
2021-01,2021-04,2021-05-11 09:00:00,-0.07007053755896939,core,own,0
2021-02,2021-05,2021-06-10 09:00:00,-0.10574699517696898,core,own,0
2021-03,2021-06,2021-07-13 09:00:00,0.23527543098382347,core,own,0
2021-04,2021-07,2021-08-10 09:00:00,0.6345370214069226,core,own,0
2021-05,2021-08,2021-09-10 09:00:00,0.8648930157126447,core,own,0
2021-06,2021-09,2021-10-11 09:00:00,0.761698830765284,core,own,0
2021-07,2021-10,2021-11-10 09:00:00,0.5362166967381878,core,own,0
2021-08,2021-11,2021-12-10 09:00:00,0.41442226054285963,core,own,0
2021-09,2021-12,2022-01-12 09:00:00,0.28510337271847874,core,own,0
2021-10,2022-01,2022-02-14 09:00:00,0.41225210719484395,core,own,0
2021-11,2022-02,2022-03-10 09:00:00,0.16095545017715007,core,own,0
2021-12,2022-03,2022-04-11 09:00:00,0.0679322361739092,core,own,0
2022-01,2022-04,2022-05-10 09:00:00,0.10979065822193601,core,own,0
2022-02,2022-05,2022-06-10 09:00:00,0.16041097614621425,core,own,0
2022-03,2022-06,2022-07-13 09:00:00,0.4616768280170832,core,own,0
2022-04,2022-07,2022-08-10 09:00:00,0.39152331419738484,core,own,0
2022-05,2022-08,2022-09-12 09:00:00,0.09897872126421214,core,own,0
2022-06,2022-09,2022-10-11 09:00:00,-0.15592103380828182,core,own,0
2022-07,2022-10,2022-11-10 09:00:00,-0.28253716164064857,core,own,0
2022-08,2022-11,2022-12-12 09:00:00,-0.32917478271450074,core,own,0
2022-09,2022-12,2023-01-11 09:00:00,-0.4193151181105029,core,own,0
2022-10,2023-01,2023-02-10 09:00:00,-0.537783656738163,core,own,0
2022-11,2023-02,2023-03-10 09:00:00,-0.49652510726851873,core,own,0
2022-12,2023-03,2023-04-13 09:00:00,-0.33408853687003837,core,own,0
2023-01,2023-04,2023-05-11 09:00:00,-0.3683810132616648,core,own,0
2023-02,2023-05,2023-06-12 09:00:00,-0.47047914477042685,core,own,0
2023-03,2023-06,2023-07-13 09:00:00,-0.49386376282209743,core,own,0
2023-04,2023-07,2023-08-10 09:00:00,-0.2938074478196767,core,own,0
2023-05,2023-08,2023-09-11 09:00:00,-0.04561189977209401,core,own,0
2023-06,2023-09,2023-10-10 09:00:00,-0.04607014079306049,core,own,0
2023-07,2023-10,2023-11-10 09:00:00,-0.25118145516290397,core,own,0
2023-08,2023-11,2023-12-11 09:00:00,-0.29042756990654844,core,own,0
2023-09,2023-12,2024-01-11 09:00:00,-0.2503154488978611,core,own,0
2023-10,2024-01,2024-02-15 09:00:00,-0.20504970452618532,core,own,0
2023-11,2024-02,2024-03-11 09:00:00,-0.09571573808271397,core,own,0
2023-12,2024-03,2024-04-10 09:00:00,-0.03144425680114282,core,own,0
2024-01,2024-04,2024-05-13 09:00:00,0.03888790067749143,core,own,0
2024-02,2024-05,2024-06-11 09:00:00,0.038239857075843424,core,own,0
2024-03,2024-06,2024-07-10 09:00:00,-0.22323582609463954,core,own,0
2024-04,2024-07,2024-08-12 09:00:00,-0.10306641448250631,core,own,0
2024-05,2024-08,2024-09-10 09:00:00,0.06519400883484527,core,own,0
2024-06,2024-09,2024-10-10 09:00:00,0.11505521841809133,core,own,0
2024-07,2024-10,2024-11-11 09:00:00,0.03608590027956799,core,own,0
2024-08,2024-11,2024-12-10 09:00:00,-0.1409414594514115,core,own,0
2024-09,2024-12,2025-01-13 09:00:00,-0.11932033535364125,core,own,0
2024-10,2025-01,2025-02-12 09:00:00,-0.01086447431547885,core,own,0
2024-11,2025-02,2025-03-11 09:00:00,0.06272612407369405,core,own,0
2024-12,2025-03,2025-04-10 09:00:00,0.12515937451199913,core,own,0
2025-01,2025-04,2025-05-13 09:00:00,0.10444614649326098,core,own,0
2025-02,2025-05,2025-06-10 09:00:00,0.016652848706233306,core,own,0
2025-03,2025-06,2025-07-10 09:00:00,-0.0844255849694941,core,own,0
2025-04,2025-07,2025-08-08 09:00:00,-0.04403487187772137,core,own,0
2025-05,2025-08,2025-09-10 09:00:00,0.062059287591157475,core,own,0
2025-06,2025-09,2025-10-10 09:00:00,0.02179068099992859,core,own,0
2025-07,2025-10,2025-11-11 09:00:00,-0.022246052152072447,core,own,0
2025-08,2025-11,2025-12-10 09:00:00,-0.1200968472848204,core,own,0
2025-09,2025-12,2026-01-13 09:00:00,-0.08800999560262687,core,own,0
2025-10,2026-01,2026-02-13 09:00:00,-0.023411083357944368,core,own,0
2025-11,2026-02,2026-03-10 09:00:00,0.08708726972324365,core,own,0
2025-12,2026-03,2026-04-14 09:00:00,0.1778160362469698,core,own,0
2026-01,2026-04,2026-05-13 09:00:00,0.13695079315736639,core,own,0
2026-02,2026-05,2026-06-10 09:00:00,0.13524344750690398,core,own,0
2026-03,2026-06,2026-07-10 09:00:00,-0.02562948753473382,core,own,0
2010-01,2010-04,2010-05-10 09:00:00,-0.16897515478269906,core,services,0
2010-02,2010-05,2010-06-09 09:00:00,0.1974151497802018,core,services,0
2010-03,2010-06,2010-07-12 09:00:00,0.24035949305490634,core,services,0
2010-04,2010-07,2010-08-09 09:00:00,0.13419328472625422,core,services,0
2010-05,2010-08,2010-09-09 09:00:00,0.03671100234532941,core,services,0
2010-06,2010-09,2010-10-11 09:00:00,0.02061369179926617,core,services,0
2010-07,2010-10,2010-11-09 09:00:00,0.06974099752555188,core,services,0
2010-08,2010-11,2010-12-09 09:00:00,0.11900012913618702,core,services,0
2010-09,2010-12,2011-01-10 09:00:00,0.09438883223904326,core,services,0
2010-10,2011-01,2011-02-09 09:00:00,0.004408591616056931,core,services,0
2010-11,2011-02,2011-03-09 09:00:00,-0.11493514717303471,core,services,0
2010-12,2011-03,2011-04-11 09:00:00,-0.1124714087463336,core,services,0
2011-01,2011-04,2011-05-10 09:00:00,-0.04445255736320247,core,services,0
2011-02,2011-05,2011-06-09 09:00:00,0.019772634513628037,core,services,0
2011-03,2011-06,2011-07-12 09:00:00,0.10713488846806976,core,services,0
2011-04,2011-07,2011-08-09 09:00:00,0.0597657760748543,core,services,0
2011-05,2011-08,2011-09-09 09:00:00,0.006684812729638209,core,services,0
2011-06,2011-09,2011-10-10 09:00:00,0.07661286748358241,core,services,0
2011-07,2011-10,2011-11-09 09:00:00,0.17028580911326235,core,services,0
2011-08,2011-11,2011-12-09 09:00:00,0.20487924184750828,core,services,0
2011-09,2011-12,2012-01-09 09:00:00,0.16854677071185795,core,services,0
2011-10,2012-01,2012-02-16 09:00:00,0.019207548741954315,core,services,0
2011-11,2012-02,2012-03-09 09:00:00,-0.10427547255693177,core,services,0
2011-12,2012-03,2012-04-10 09:00:00,-0.11496824817876436,core,services,0
2012-01,2012-04,2012-05-10 09:00:00,-0.024972080556016754,core,services,0
2012-02,2012-05,2012-06-11 09:00:00,-0.021987108268455104,core,services,0
2012-03,2012-06,2012-07-11 09:00:00,0.04076977210042076,core,services,0
2012-04,2012-07,2012-08-09 09:00:00,-0.022540488264563063,core,services,0
2012-05,2012-08,2012-09-10 09:00:00,-0.15600933963201014,core,services,0
2012-06,2012-09,2012-10-09 09:00:00,-0.1145556647726258,core,services,0
2012-07,2012-10,2012-11-09 09:00:00,0.01484045082826102,core,services,0
2012-08,2012-11,2012-12-10 09:00:00,0.08649420369144084,core,services,0
2012-09,2012-12,2013-01-09 09:00:00,0.03998412717400246,core,services,0
2012-10,2013-01,2013-02-11 09:00:00,-0.030298625265797893,core,services,0
2012-11,2013-02,2013-03-11 09:00:00,-0.006373527625154293,core,services,0
2012-12,2013-03,2013-04-09 09:00:00,0.06345164873654673,core,services,0
2013-01,2013-04,2013-05-10 09:00:00,0.06495461847672168,core,services,0
2013-02,2013-05,2013-06-10 09:00:00,-0.13421026216621673,core,services,0
2013-03,2013-06,2013-07-09 09:00:00,-0.15249990272361041,core,services,0
2013-04,2013-07,2013-08-09 09:00:00,-0.12253398944044472,core,services,0
2013-05,2013-08,2013-09-09 09:00:00,-0.09372594377000187,core,services,0
2013-06,2013-09,2013-10-09 09:00:00,0.02629502713526563,core,services,0
2013-07,2013-10,2013-11-11 09:00:00,0.14540155673597377,core,services,0
2013-08,2013-11,2013-12-09 09:00:00,0.1627104771105848,core,services,0
2013-09,2013-12,2014-01-09 09:00:00,0.21684664790712932,core,services,0
2013-10,2014-01,2014-02-12 09:00:00,0.12242716945270546,core,services,0
2013-11,2014-02,2014-03-10 09:00:00,0.02472595320318635,core,services,0
2013-12,2014-03,2014-04-09 09:00:00,0.07091828941440625,core,services,0
2014-01,2014-04,2014-05-12 09:00:00,0.09613329051740349,core,services,0
2014-02,2014-05,2014-06-09 09:00:00,0.03649402953179309,core,services,0
2014-03,2014-06,2014-07-09 09:00:00,0.1069465752988915,core,services,0
2014-04,2014-07,2014-08-11 09:00:00,0.008682480215623747,core,services,0
2014-05,2014-08,2014-09-09 09:00:00,0.0004991712688259264,core,services,0
2014-06,2014-09,2014-10-09 09:00:00,-0.015951123991958305,core,services,0
2014-07,2014-10,2014-11-10 09:00:00,-0.029854050527516253,core,services,0
2014-08,2014-11,2014-12-09 09:00:00,0.041773759665834465,core,services,0
2014-09,2014-12,2015-01-09 09:00:00,0.10215301024588994,core,services,0
2014-10,2015-01,2015-02-09 09:00:00,0.11280634355471167,core,services,0
2014-11,2015-02,2015-03-09 09:00:00,0.0750864995444751,core,services,0
2014-12,2015-03,2015-04-09 09:00:00,-0.043449793680159415,core,services,0
2015-01,2015-04,2015-05-12 09:00:00,-0.10231737029372565,core,services,0
2015-02,2015-05,2015-06-09 09:00:00,-0.07677431400356623,core,services,0
2015-03,2015-06,2015-07-09 09:00:00,0.05851088767179288,core,services,0
2015-04,2015-07,2015-08-10 09:00:00,0.0998929865605389,core,services,0
2015-05,2015-08,2015-09-09 09:00:00,0.007833152079103956,core,services,0
2015-06,2015-09,2015-10-09 09:00:00,-0.016246524651243675,core,services,0
2015-07,2015-10,2015-11-09 09:00:00,0.03259488469047096,core,services,0
2015-08,2015-11,2015-12-09 09:00:00,0.05978657752702039,core,services,0
2015-09,2015-12,2016-01-12 09:00:00,0.12832323353633332,core,services,0
2015-10,2016-01,2016-02-12 09:00:00,0.013184198180604678,core,services,0
2015-11,2016-02,2016-03-09 09:00:00,-0.0331892792856357,core,services,0
2015-12,2016-03,2016-04-11 09:00:00,-0.1107085747184934,core,services,0
2016-01,2016-04,2016-05-10 09:00:00,-0.18465526697931872,core,services,0
2016-02,2016-05,2016-06-09 09:00:00,-0.06841101921681213,core,services,0
2016-03,2016-06,2016-07-12 09:00:00,-0.06818160437647078,core,services,0
2016-04,2016-07,2016-08-09 09:00:00,0.024850143840997513,core,services,0
2016-05,2016-08,2016-09-09 09:00:00,-0.00824760953241696,core,services,0
2016-06,2016-09,2016-10-10 09:00:00,0.01210833017686926,core,services,0
2016-07,2016-10,2016-11-09 09:00:00,0.14607955232539369,core,services,0
2016-08,2016-11,2016-12-09 09:00:00,0.16423040240692455,core,services,0
2016-09,2016-12,2017-01-10 09:00:00,0.32377898754560974,core,services,0
2016-10,2017-01,2017-02-10 09:00:00,0.27031731986458246,core,services,0
2016-11,2017-02,2017-03-09 09:00:00,0.1820768692778985,core,services,0
2016-12,2017-03,2017-04-10 09:00:00,0.0711916341935159,core,services,0
2017-01,2017-04,2017-05-10 09:00:00,-0.10379575086008797,core,services,0
2017-02,2017-05,2017-06-09 09:00:00,-0.161414469243267,core,services,0
2017-03,2017-06,2017-07-12 09:00:00,-0.1449380265766395,core,services,0
2017-04,2017-07,2017-08-09 09:00:00,-0.053229004168163535,core,services,0
2017-05,2017-08,2017-09-11 09:00:00,-0.09737579248796929,core,services,0
2017-06,2017-09,2017-10-09 09:00:00,-0.0176829631427438,core,services,0
2017-07,2017-10,2017-11-09 09:00:00,0.032894308171435516,core,services,0
2017-08,2017-11,2017-12-11 09:00:00,0.01428327019579699,core,services,0
2017-09,2017-12,2018-01-10 09:00:00,-0.0059654244966089315,core,services,0
2017-10,2018-01,2018-02-14 09:00:00,-0.13478415518009837,core,services,0
2017-11,2018-02,2018-03-09 09:00:00,-0.1164385868149177,core,services,0
2017-12,2018-03,2018-04-10 09:00:00,0.019378241390113182,core,services,0
2018-01,2018-04,2018-05-10 09:00:00,0.15480462703223166,core,services,0
2018-02,2018-05,2018-06-11 09:00:00,0.14349797103972972,core,services,0
2018-03,2018-06,2018-07-11 09:00:00,0.06106403422932716,core,services,0
2018-04,2018-07,2018-08-09 09:00:00,0.1998253593627773,core,services,0
2018-05,2018-08,2018-09-10 09:00:00,0.16269279118650987,core,services,0
2018-06,2018-09,2018-10-09 09:00:00,0.043840751647299406,core,services,0
2018-07,2018-10,2018-11-09 09:00:00,-0.053733524869706645,core,services,0
2018-08,2018-11,2018-12-10 09:00:00,-0.2254982766699846,core,services,0
2018-09,2018-12,2019-01-10 09:00:00,-0.053932909063755224,core,services,0
2018-10,2019-01,2019-02-13 09:00:00,0.17316207159253694,core,services,0
2018-11,2019-02,2019-03-11 09:00:00,0.057783738780593064,core,services,0
2018-12,2019-03,2019-04-10 09:00:00,0.005611701163288074,core,services,0
2019-01,2019-04,2019-05-13 09:00:00,-0.05700770428355281,core,services,0
2019-02,2019-05,2019-06-11 09:00:00,-0.19464564379868246,core,services,0
2019-03,2019-06,2019-07-11 09:00:00,-0.05666791301097884,core,services,0
2019-04,2019-07,2019-08-12 09:00:00,0.2030541127721705,core,services,0
2019-05,2019-08,2019-09-10 09:00:00,0.23045647209282505,core,services,0
2019-06,2019-09,2019-10-10 09:00:00,0.02551895422515915,core,services,0
2019-07,2019-10,2019-11-11 09:00:00,-0.11432476021748128,core,services,0
2019-08,2019-11,2019-12-10 09:00:00,-0.3046084645817216,core,services,0
2019-09,2019-12,2020-01-13 09:00:00,-0.08717336471848039,core,services,0
2019-10,2020-01,2020-02-14 09:00:00,0.24683298222962713,core,services,0
2019-11,2020-02,2020-03-10 09:00:00,0.2531973923988341,core,services,0
2019-12,2020-03,2020-04-14 09:00:00,0.17937933347936516,core,services,0
2020-01,2020-04,2020-05-13 09:00:00,-0.029653258470327848,core,services,0
2020-02,2020-05,2020-06-10 09:00:00,-0.14418101715816953,core,services,0
2020-03,2020-06,2020-07-10 09:00:00,-0.01097746531109306,core,services,0
2020-04,2020-07,2020-08-13 09:00:00,0.49408614743714757,core,services,0
2020-05,2020-08,2020-09-10 09:00:00,0.3368547319529065,core,services,0
2020-06,2020-09,2020-10-12 09:00:00,-0.12901247151189218,core,services,0
2020-07,2020-10,2020-11-10 09:00:00,-0.34773058628682985,core,services,0
2020-08,2020-11,2020-12-10 09:00:00,-0.44791592393051005,core,services,0
2020-09,2020-12,2021-01-13 09:00:00,-0.18560748614752856,core,services,0
2020-10,2021-01,2021-02-12 09:00:00,0.06965002954498051,core,services,0
2020-11,2021-02,2021-03-10 09:00:00,0.0040617364698711245,core,services,0
2020-12,2021-03,2021-04-13 09:00:00,0.002078949587630108,core,services,0
2021-01,2021-04,2021-05-11 09:00:00,-0.07007053755896939,core,services,0
2021-02,2021-05,2021-06-10 09:00:00,-0.10574699517696898,core,services,0
2021-03,2021-06,2021-07-13 09:00:00,0.23527543098382347,core,services,0
2021-04,2021-07,2021-08-10 09:00:00,0.6345370214069226,core,services,0
2021-05,2021-08,2021-09-10 09:00:00,0.8648930157126447,core,services,0
2021-06,2021-09,2021-10-11 09:00:00,0.761698830765284,core,services,0
2021-07,2021-10,2021-11-10 09:00:00,0.5362166967381878,core,services,0
2021-08,2021-11,2021-12-10 09:00:00,0.41442226054285963,core,services,0
2021-09,2021-12,2022-01-12 09:00:00,0.28510337271847874,core,services,0
2021-10,2022-01,2022-02-14 09:00:00,0.41225210719484395,core,services,0
2021-11,2022-02,2022-03-10 09:00:00,0.16095545017715007,core,services,0
2021-12,2022-03,2022-04-11 09:00:00,0.0679322361739092,core,services,0
2022-01,2022-04,2022-05-10 09:00:00,0.10979065822193601,core,services,0
2022-02,2022-05,2022-06-10 09:00:00,0.16041097614621425,core,services,0
2022-03,2022-06,2022-07-13 09:00:00,0.4616768280170832,core,services,0
2022-04,2022-07,2022-08-10 09:00:00,0.39152331419738484,core,services,0
2022-05,2022-08,2022-09-12 09:00:00,0.09897872126421214,core,services,0
2022-06,2022-09,2022-10-11 09:00:00,-0.15592103380828182,core,services,0
2022-07,2022-10,2022-11-10 09:00:00,-0.28253716164064857,core,services,0
2022-08,2022-11,2022-12-12 09:00:00,-0.32917478271450074,core,services,0
2022-09,2022-12,2023-01-11 09:00:00,-0.4193151181105029,core,services,0
2022-10,2023-01,2023-02-10 09:00:00,-0.537783656738163,core,services,0
2022-11,2023-02,2023-03-10 09:00:00,-0.49652510726851873,core,services,0
2022-12,2023-03,2023-04-13 09:00:00,-0.33408853687003837,core,services,0
2023-01,2023-04,2023-05-11 09:00:00,-0.3683810132616648,core,services,0
2023-02,2023-05,2023-06-12 09:00:00,-0.47047914477042685,core,services,0
2023-03,2023-06,2023-07-13 09:00:00,-0.49386376282209743,core,services,0
2023-04,2023-07,2023-08-10 09:00:00,-0.2938074478196767,core,services,0
2023-05,2023-08,2023-09-11 09:00:00,-0.04561189977209401,core,services,0
2023-06,2023-09,2023-10-10 09:00:00,-0.04607014079306049,core,services,0
2023-07,2023-10,2023-11-10 09:00:00,-0.25118145516290397,core,services,0
2023-08,2023-11,2023-12-11 09:00:00,-0.29042756990654844,core,services,0
2023-09,2023-12,2024-01-11 09:00:00,-0.2503154488978611,core,services,0
2023-10,2024-01,2024-02-15 09:00:00,-0.20504970452618532,core,services,0
2023-11,2024-02,2024-03-11 09:00:00,-0.09571573808271397,core,services,0
2023-12,2024-03,2024-04-10 09:00:00,-0.03144425680114282,core,services,0
2024-01,2024-04,2024-05-13 09:00:00,0.03888790067749143,core,services,0
2024-02,2024-05,2024-06-11 09:00:00,0.038239857075843424,core,services,0
2024-03,2024-06,2024-07-10 09:00:00,-0.22323582609463954,core,services,0
2024-04,2024-07,2024-08-12 09:00:00,-0.10306641448250631,core,services,0
2024-05,2024-08,2024-09-10 09:00:00,0.06519400883484527,core,services,0
2024-06,2024-09,2024-10-10 09:00:00,0.11505521841809133,core,services,0
2024-07,2024-10,2024-11-11 09:00:00,0.03608590027956799,core,services,0
2024-08,2024-11,2024-12-10 09:00:00,-0.1409414594514115,core,services,0
2024-09,2024-12,2025-01-13 09:00:00,-0.11932033535364125,core,services,0
2024-10,2025-01,2025-02-12 09:00:00,-0.01086447431547885,core,services,0
2024-11,2025-02,2025-03-11 09:00:00,0.06272612407369405,core,services,0
2024-12,2025-03,2025-04-10 09:00:00,0.12515937451199913,core,services,0
2025-01,2025-04,2025-05-13 09:00:00,0.10444614649326098,core,services,0
2025-02,2025-05,2025-06-10 09:00:00,0.016652848706233306,core,services,0
2025-03,2025-06,2025-07-10 09:00:00,-0.0844255849694941,core,services,0
2025-04,2025-07,2025-08-08 09:00:00,-0.04403487187772137,core,services,0
2025-05,2025-08,2025-09-10 09:00:00,0.062059287591157475,core,services,0
2025-06,2025-09,2025-10-10 09:00:00,0.02179068099992859,core,services,0
2025-07,2025-10,2025-11-11 09:00:00,-0.022246052152072447,core,services,0
2025-08,2025-11,2025-12-10 09:00:00,-0.1200968472848204,core,services,0
2025-09,2025-12,2026-01-13 09:00:00,-0.08800999560262687,core,services,0
2025-10,2026-01,2026-02-13 09:00:00,-0.023411083357944368,core,services,0
2025-11,2026-02,2026-03-10 09:00:00,0.08708726972324365,core,services,0
2025-12,2026-03,2026-04-14 09:00:00,0.1778160362469698,core,services,0
2026-01,2026-04,2026-05-13 09:00:00,0.13695079315736639,core,services,0
2026-02,2026-05,2026-06-10 09:00:00,0.13524344750690398,core,services,0
2026-03,2026-06,2026-07-10 09:00:00,-0.02562948753473382,core,services,0
2010-01,2010-04,2010-05-10 09:00:00,-0.16897515478269906,core,goods,0
2010-02,2010-05,2010-06-09 09:00:00,0.1974151497802018,core,goods,0
2010-03,2010-06,2010-07-12 09:00:00,0.24035949305490634,core,goods,0
2010-04,2010-07,2010-08-09 09:00:00,0.13419328472625422,core,goods,0
2010-05,2010-08,2010-09-09 09:00:00,0.03671100234532941,core,goods,0
2010-06,2010-09,2010-10-11 09:00:00,0.02061369179926617,core,goods,0
2010-07,2010-10,2010-11-09 09:00:00,0.06974099752555188,core,goods,0
2010-08,2010-11,2010-12-09 09:00:00,0.11900012913618702,core,goods,0
2010-09,2010-12,2011-01-10 09:00:00,0.09438883223904326,core,goods,0
2010-10,2011-01,2011-02-09 09:00:00,0.004408591616056931,core,goods,0
2010-11,2011-02,2011-03-09 09:00:00,-0.11493514717303471,core,goods,0
2010-12,2011-03,2011-04-11 09:00:00,-0.1124714087463336,core,goods,0
2011-01,2011-04,2011-05-10 09:00:00,-0.04445255736320247,core,goods,0
2011-02,2011-05,2011-06-09 09:00:00,0.019772634513628037,core,goods,0
2011-03,2011-06,2011-07-12 09:00:00,0.10713488846806976,core,goods,0
2011-04,2011-07,2011-08-09 09:00:00,0.0597657760748543,core,goods,0
2011-05,2011-08,2011-09-09 09:00:00,0.006684812729638209,core,goods,0
2011-06,2011-09,2011-10-10 09:00:00,0.07661286748358241,core,goods,0
2011-07,2011-10,2011-11-09 09:00:00,0.17028580911326235,core,goods,0
2011-08,2011-11,2011-12-09 09:00:00,0.20487924184750828,core,goods,0
2011-09,2011-12,2012-01-09 09:00:00,0.16854677071185795,core,goods,0
2011-10,2012-01,2012-02-16 09:00:00,0.019207548741954315,core,goods,0
2011-11,2012-02,2012-03-09 09:00:00,-0.10427547255693177,core,goods,0
2011-12,2012-03,2012-04-10 09:00:00,-0.11496824817876436,core,goods,0
2012-01,2012-04,2012-05-10 09:00:00,-0.024972080556016754,core,goods,0
2012-02,2012-05,2012-06-11 09:00:00,-0.021987108268455104,core,goods,0
2012-03,2012-06,2012-07-11 09:00:00,0.04076977210042076,core,goods,0
2012-04,2012-07,2012-08-09 09:00:00,-0.022540488264563063,core,goods,0
2012-05,2012-08,2012-09-10 09:00:00,-0.15600933963201014,core,goods,0
2012-06,2012-09,2012-10-09 09:00:00,-0.1145556647726258,core,goods,0
2012-07,2012-10,2012-11-09 09:00:00,0.01484045082826102,core,goods,0
2012-08,2012-11,2012-12-10 09:00:00,0.08649420369144084,core,goods,0
2012-09,2012-12,2013-01-09 09:00:00,0.03998412717400246,core,goods,0
2012-10,2013-01,2013-02-11 09:00:00,-0.030298625265797893,core,goods,0
2012-11,2013-02,2013-03-11 09:00:00,-0.006373527625154293,core,goods,0
2012-12,2013-03,2013-04-09 09:00:00,0.06345164873654673,core,goods,0
2013-01,2013-04,2013-05-10 09:00:00,0.06495461847672168,core,goods,0
2013-02,2013-05,2013-06-10 09:00:00,-0.13421026216621673,core,goods,0
2013-03,2013-06,2013-07-09 09:00:00,-0.15249990272361041,core,goods,0
2013-04,2013-07,2013-08-09 09:00:00,-0.12253398944044472,core,goods,0
2013-05,2013-08,2013-09-09 09:00:00,-0.09372594377000187,core,goods,0
2013-06,2013-09,2013-10-09 09:00:00,0.02629502713526563,core,goods,0
2013-07,2013-10,2013-11-11 09:00:00,0.14540155673597377,core,goods,0
2013-08,2013-11,2013-12-09 09:00:00,0.1627104771105848,core,goods,0
2013-09,2013-12,2014-01-09 09:00:00,0.21684664790712932,core,goods,0
2013-10,2014-01,2014-02-12 09:00:00,0.12242716945270546,core,goods,0
2013-11,2014-02,2014-03-10 09:00:00,0.02472595320318635,core,goods,0
2013-12,2014-03,2014-04-09 09:00:00,0.07091828941440625,core,goods,0
2014-01,2014-04,2014-05-12 09:00:00,0.09613329051740349,core,goods,0
2014-02,2014-05,2014-06-09 09:00:00,0.03649402953179309,core,goods,0
2014-03,2014-06,2014-07-09 09:00:00,0.1069465752988915,core,goods,0
2014-04,2014-07,2014-08-11 09:00:00,0.008682480215623747,core,goods,0
2014-05,2014-08,2014-09-09 09:00:00,0.0004991712688259264,core,goods,0
2014-06,2014-09,2014-10-09 09:00:00,-0.015951123991958305,core,goods,0
2014-07,2014-10,2014-11-10 09:00:00,-0.029854050527516253,core,goods,0
2014-08,2014-11,2014-12-09 09:00:00,0.041773759665834465,core,goods,0
2014-09,2014-12,2015-01-09 09:00:00,0.10215301024588994,core,goods,0
2014-10,2015-01,2015-02-09 09:00:00,0.11280634355471167,core,goods,0
2014-11,2015-02,2015-03-09 09:00:00,0.0750864995444751,core,goods,0
2014-12,2015-03,2015-04-09 09:00:00,-0.043449793680159415,core,goods,0
2015-01,2015-04,2015-05-12 09:00:00,-0.10231737029372565,core,goods,0
2015-02,2015-05,2015-06-09 09:00:00,-0.07677431400356623,core,goods,0
2015-03,2015-06,2015-07-09 09:00:00,0.05851088767179288,core,goods,0
2015-04,2015-07,2015-08-10 09:00:00,0.0998929865605389,core,goods,0
2015-05,2015-08,2015-09-09 09:00:00,0.007833152079103956,core,goods,0
2015-06,2015-09,2015-10-09 09:00:00,-0.016246524651243675,core,goods,0
2015-07,2015-10,2015-11-09 09:00:00,0.03259488469047096,core,goods,0
2015-08,2015-11,2015-12-09 09:00:00,0.05978657752702039,core,goods,0
2015-09,2015-12,2016-01-12 09:00:00,0.12832323353633332,core,goods,0
2015-10,2016-01,2016-02-12 09:00:00,0.013184198180604678,core,goods,0
2015-11,2016-02,2016-03-09 09:00:00,-0.0331892792856357,core,goods,0
2015-12,2016-03,2016-04-11 09:00:00,-0.1107085747184934,core,goods,0
2016-01,2016-04,2016-05-10 09:00:00,-0.18465526697931872,core,goods,0
2016-02,2016-05,2016-06-09 09:00:00,-0.06841101921681213,core,goods,0
2016-03,2016-06,2016-07-12 09:00:00,-0.06818160437647078,core,goods,0
2016-04,2016-07,2016-08-09 09:00:00,0.024850143840997513,core,goods,0
2016-05,2016-08,2016-09-09 09:00:00,-0.00824760953241696,core,goods,0
2016-06,2016-09,2016-10-10 09:00:00,0.01210833017686926,core,goods,0
2016-07,2016-10,2016-11-09 09:00:00,0.14607955232539369,core,goods,0
2016-08,2016-11,2016-12-09 09:00:00,0.16423040240692455,core,goods,0
2016-09,2016-12,2017-01-10 09:00:00,0.32377898754560974,core,goods,0
2016-10,2017-01,2017-02-10 09:00:00,0.27031731986458246,core,goods,0
2016-11,2017-02,2017-03-09 09:00:00,0.1820768692778985,core,goods,0
2016-12,2017-03,2017-04-10 09:00:00,0.0711916341935159,core,goods,0
2017-01,2017-04,2017-05-10 09:00:00,-0.10379575086008797,core,goods,0
2017-02,2017-05,2017-06-09 09:00:00,-0.161414469243267,core,goods,0
2017-03,2017-06,2017-07-12 09:00:00,-0.1449380265766395,core,goods,0
2017-04,2017-07,2017-08-09 09:00:00,-0.053229004168163535,core,goods,0
2017-05,2017-08,2017-09-11 09:00:00,-0.09737579248796929,core,goods,0
2017-06,2017-09,2017-10-09 09:00:00,-0.0176829631427438,core,goods,0
2017-07,2017-10,2017-11-09 09:00:00,0.032894308171435516,core,goods,0
2017-08,2017-11,2017-12-11 09:00:00,0.01428327019579699,core,goods,0
2017-09,2017-12,2018-01-10 09:00:00,-0.0059654244966089315,core,goods,0
2017-10,2018-01,2018-02-14 09:00:00,-0.13478415518009837,core,goods,0
2017-11,2018-02,2018-03-09 09:00:00,-0.1164385868149177,core,goods,0
2017-12,2018-03,2018-04-10 09:00:00,0.019378241390113182,core,goods,0
2018-01,2018-04,2018-05-10 09:00:00,0.15480462703223166,core,goods,0
2018-02,2018-05,2018-06-11 09:00:00,0.14349797103972972,core,goods,0
2018-03,2018-06,2018-07-11 09:00:00,0.06106403422932716,core,goods,0
2018-04,2018-07,2018-08-09 09:00:00,0.1998253593627773,core,goods,0
2018-05,2018-08,2018-09-10 09:00:00,0.16269279118650987,core,goods,0
2018-06,2018-09,2018-10-09 09:00:00,0.043840751647299406,core,goods,0
2018-07,2018-10,2018-11-09 09:00:00,-0.053733524869706645,core,goods,0
2018-08,2018-11,2018-12-10 09:00:00,-0.2254982766699846,core,goods,0
2018-09,2018-12,2019-01-10 09:00:00,-0.053932909063755224,core,goods,0
2018-10,2019-01,2019-02-13 09:00:00,0.17316207159253694,core,goods,0
2018-11,2019-02,2019-03-11 09:00:00,0.057783738780593064,core,goods,0
2018-12,2019-03,2019-04-10 09:00:00,0.005611701163288074,core,goods,0
2019-01,2019-04,2019-05-13 09:00:00,-0.05700770428355281,core,goods,0
2019-02,2019-05,2019-06-11 09:00:00,-0.19464564379868246,core,goods,0
2019-03,2019-06,2019-07-11 09:00:00,-0.05666791301097884,core,goods,0
2019-04,2019-07,2019-08-12 09:00:00,0.2030541127721705,core,goods,0
2019-05,2019-08,2019-09-10 09:00:00,0.23045647209282505,core,goods,0
2019-06,2019-09,2019-10-10 09:00:00,0.02551895422515915,core,goods,0
2019-07,2019-10,2019-11-11 09:00:00,-0.11432476021748128,core,goods,0
2019-08,2019-11,2019-12-10 09:00:00,-0.3046084645817216,core,goods,0
2019-09,2019-12,2020-01-13 09:00:00,-0.08717336471848039,core,goods,0
2019-10,2020-01,2020-02-14 09:00:00,0.24683298222962713,core,goods,0
2019-11,2020-02,2020-03-10 09:00:00,0.2531973923988341,core,goods,0
2019-12,2020-03,2020-04-14 09:00:00,0.17937933347936516,core,goods,0
2020-01,2020-04,2020-05-13 09:00:00,-0.029653258470327848,core,goods,0
2020-02,2020-05,2020-06-10 09:00:00,-0.14418101715816953,core,goods,0
2020-03,2020-06,2020-07-10 09:00:00,-0.01097746531109306,core,goods,0
2020-04,2020-07,2020-08-13 09:00:00,0.49408614743714757,core,goods,0
2020-05,2020-08,2020-09-10 09:00:00,0.3368547319529065,core,goods,0
2020-06,2020-09,2020-10-12 09:00:00,-0.12901247151189218,core,goods,0
2020-07,2020-10,2020-11-10 09:00:00,-0.34773058628682985,core,goods,0
2020-08,2020-11,2020-12-10 09:00:00,-0.44791592393051005,core,goods,0
2020-09,2020-12,2021-01-13 09:00:00,-0.18560748614752856,core,goods,0
2020-10,2021-01,2021-02-12 09:00:00,0.06965002954498051,core,goods,0
2020-11,2021-02,2021-03-10 09:00:00,0.0040617364698711245,core,goods,0
2020-12,2021-03,2021-04-13 09:00:00,0.002078949587630108,core,goods,0
2021-01,2021-04,2021-05-11 09:00:00,-0.07007053755896939,core,goods,0
2021-02,2021-05,2021-06-10 09:00:00,-0.10574699517696898,core,goods,0
2021-03,2021-06,2021-07-13 09:00:00,0.23527543098382347,core,goods,0
2021-04,2021-07,2021-08-10 09:00:00,0.6345370214069226,core,goods,0
2021-05,2021-08,2021-09-10 09:00:00,0.8648930157126447,core,goods,0
2021-06,2021-09,2021-10-11 09:00:00,0.761698830765284,core,goods,0
2021-07,2021-10,2021-11-10 09:00:00,0.5362166967381878,core,goods,0
2021-08,2021-11,2021-12-10 09:00:00,0.41442226054285963,core,goods,0
2021-09,2021-12,2022-01-12 09:00:00,0.28510337271847874,core,goods,0
2021-10,2022-01,2022-02-14 09:00:00,0.41225210719484395,core,goods,0
2021-11,2022-02,2022-03-10 09:00:00,0.16095545017715007,core,goods,0
2021-12,2022-03,2022-04-11 09:00:00,0.0679322361739092,core,goods,0
2022-01,2022-04,2022-05-10 09:00:00,0.10979065822193601,core,goods,0
2022-02,2022-05,2022-06-10 09:00:00,0.16041097614621425,core,goods,0
2022-03,2022-06,2022-07-13 09:00:00,0.4616768280170832,core,goods,0
2022-04,2022-07,2022-08-10 09:00:00,0.39152331419738484,core,goods,0
2022-05,2022-08,2022-09-12 09:00:00,0.09897872126421214,core,goods,0
2022-06,2022-09,2022-10-11 09:00:00,-0.15592103380828182,core,goods,0
2022-07,2022-10,2022-11-10 09:00:00,-0.28253716164064857,core,goods,0
2022-08,2022-11,2022-12-12 09:00:00,-0.32917478271450074,core,goods,0
2022-09,2022-12,2023-01-11 09:00:00,-0.4193151181105029,core,goods,0
2022-10,2023-01,2023-02-10 09:00:00,-0.537783656738163,core,goods,0
2022-11,2023-02,2023-03-10 09:00:00,-0.49652510726851873,core,goods,0
2022-12,2023-03,2023-04-13 09:00:00,-0.33408853687003837,core,goods,0
2023-01,2023-04,2023-05-11 09:00:00,-0.3683810132616648,core,goods,0
2023-02,2023-05,2023-06-12 09:00:00,-0.47047914477042685,core,goods,0
2023-03,2023-06,2023-07-13 09:00:00,-0.49386376282209743,core,goods,0
2023-04,2023-07,2023-08-10 09:00:00,-0.2938074478196767,core,goods,0
2023-05,2023-08,2023-09-11 09:00:00,-0.04561189977209401,core,goods,0
2023-06,2023-09,2023-10-10 09:00:00,-0.04607014079306049,core,goods,0
2023-07,2023-10,2023-11-10 09:00:00,-0.25118145516290397,core,goods,0
2023-08,2023-11,2023-12-11 09:00:00,-0.29042756990654844,core,goods,0
2023-09,2023-12,2024-01-11 09:00:00,-0.2503154488978611,core,goods,0
2023-10,2024-01,2024-02-15 09:00:00,-0.20504970452618532,core,goods,0
2023-11,2024-02,2024-03-11 09:00:00,-0.09571573808271397,core,goods,0
2023-12,2024-03,2024-04-10 09:00:00,-0.03144425680114282,core,goods,0
2024-01,2024-04,2024-05-13 09:00:00,0.03888790067749143,core,goods,0
2024-02,2024-05,2024-06-11 09:00:00,0.038239857075843424,core,goods,0
2024-03,2024-06,2024-07-10 09:00:00,-0.22323582609463954,core,goods,0
2024-04,2024-07,2024-08-12 09:00:00,-0.10306641448250631,core,goods,0
2024-05,2024-08,2024-09-10 09:00:00,0.06519400883484527,core,goods,0
2024-06,2024-09,2024-10-10 09:00:00,0.11505521841809133,core,goods,0
2024-07,2024-10,2024-11-11 09:00:00,0.03608590027956799,core,goods,0
2024-08,2024-11,2024-12-10 09:00:00,-0.1409414594514115,core,goods,0
2024-09,2024-12,2025-01-13 09:00:00,-0.11932033535364125,core,goods,0
2024-10,2025-01,2025-02-12 09:00:00,-0.01086447431547885,core,goods,0
2024-11,2025-02,2025-03-11 09:00:00,0.06272612407369405,core,goods,0
2024-12,2025-03,2025-04-10 09:00:00,0.12515937451199913,core,goods,0
2025-01,2025-04,2025-05-13 09:00:00,0.10444614649326098,core,goods,0
2025-02,2025-05,2025-06-10 09:00:00,0.016652848706233306,core,goods,0
2025-03,2025-06,2025-07-10 09:00:00,-0.0844255849694941,core,goods,0
2025-04,2025-07,2025-08-08 09:00:00,-0.04403487187772137,core,goods,0
2025-05,2025-08,2025-09-10 09:00:00,0.062059287591157475,core,goods,0
2025-06,2025-09,2025-10-10 09:00:00,0.02179068099992859,core,goods,0
2025-07,2025-10,2025-11-11 09:00:00,-0.022246052152072447,core,goods,0
2025-08,2025-11,2025-12-10 09:00:00,-0.1200968472848204,core,goods,0
2025-09,2025-12,2026-01-13 09:00:00,-0.08800999560262687,core,goods,0
2025-10,2026-01,2026-02-13 09:00:00,-0.023411083357944368,core,goods,0
2025-11,2026-02,2026-03-10 09:00:00,0.08708726972324365,core,goods,0
2025-12,2026-03,2026-04-14 09:00:00,0.1778160362469698,core,goods,0
2026-01,2026-04,2026-05-13 09:00:00,0.13695079315736639,core,goods,0
2026-02,2026-05,2026-06-10 09:00:00,0.13524344750690398,core,goods,0
2026-03,2026-06,2026-07-10 09:00:00,-0.02562948753473382,core,goods,0
2010-01,2010-04,2010-05-10 09:00:00,-0.16897515478269906,core,both,0
2010-02,2010-05,2010-06-09 09:00:00,0.1974151497802018,core,both,0
2010-03,2010-06,2010-07-12 09:00:00,0.24035949305490634,core,both,0
2010-04,2010-07,2010-08-09 09:00:00,0.13419328472625422,core,both,0
2010-05,2010-08,2010-09-09 09:00:00,0.03671100234532941,core,both,0
2010-06,2010-09,2010-10-11 09:00:00,0.02061369179926617,core,both,0
2010-07,2010-10,2010-11-09 09:00:00,0.06974099752555188,core,both,0
2010-08,2010-11,2010-12-09 09:00:00,0.11900012913618702,core,both,0
2010-09,2010-12,2011-01-10 09:00:00,0.09438883223904326,core,both,0
2010-10,2011-01,2011-02-09 09:00:00,0.004408591616056931,core,both,0
2010-11,2011-02,2011-03-09 09:00:00,-0.11493514717303471,core,both,0
2010-12,2011-03,2011-04-11 09:00:00,-0.1124714087463336,core,both,0
2011-01,2011-04,2011-05-10 09:00:00,-0.04445255736320247,core,both,0
2011-02,2011-05,2011-06-09 09:00:00,0.019772634513628037,core,both,0
2011-03,2011-06,2011-07-12 09:00:00,0.10713488846806976,core,both,0
2011-04,2011-07,2011-08-09 09:00:00,0.0597657760748543,core,both,0
2011-05,2011-08,2011-09-09 09:00:00,0.006684812729638209,core,both,0
2011-06,2011-09,2011-10-10 09:00:00,0.07661286748358241,core,both,0
2011-07,2011-10,2011-11-09 09:00:00,0.17028580911326235,core,both,0
2011-08,2011-11,2011-12-09 09:00:00,0.20487924184750828,core,both,0
2011-09,2011-12,2012-01-09 09:00:00,0.16854677071185795,core,both,0
2011-10,2012-01,2012-02-16 09:00:00,0.019207548741954315,core,both,0
2011-11,2012-02,2012-03-09 09:00:00,-0.10427547255693177,core,both,0
2011-12,2012-03,2012-04-10 09:00:00,-0.11496824817876436,core,both,0
2012-01,2012-04,2012-05-10 09:00:00,-0.024972080556016754,core,both,0
2012-02,2012-05,2012-06-11 09:00:00,-0.021987108268455104,core,both,0
2012-03,2012-06,2012-07-11 09:00:00,0.04076977210042076,core,both,0
2012-04,2012-07,2012-08-09 09:00:00,-0.022540488264563063,core,both,0
2012-05,2012-08,2012-09-10 09:00:00,-0.15600933963201014,core,both,0
2012-06,2012-09,2012-10-09 09:00:00,-0.1145556647726258,core,both,0
2012-07,2012-10,2012-11-09 09:00:00,0.01484045082826102,core,both,0
2012-08,2012-11,2012-12-10 09:00:00,0.08649420369144084,core,both,0
2012-09,2012-12,2013-01-09 09:00:00,0.03998412717400246,core,both,0
2012-10,2013-01,2013-02-11 09:00:00,-0.030298625265797893,core,both,0
2012-11,2013-02,2013-03-11 09:00:00,-0.006373527625154293,core,both,0
2012-12,2013-03,2013-04-09 09:00:00,0.06345164873654673,core,both,0
2013-01,2013-04,2013-05-10 09:00:00,0.06495461847672168,core,both,0
2013-02,2013-05,2013-06-10 09:00:00,-0.13421026216621673,core,both,0
2013-03,2013-06,2013-07-09 09:00:00,-0.15249990272361041,core,both,0
2013-04,2013-07,2013-08-09 09:00:00,-0.12253398944044472,core,both,0
2013-05,2013-08,2013-09-09 09:00:00,-0.09372594377000187,core,both,0
2013-06,2013-09,2013-10-09 09:00:00,0.02629502713526563,core,both,0
2013-07,2013-10,2013-11-11 09:00:00,0.14540155673597377,core,both,0
2013-08,2013-11,2013-12-09 09:00:00,0.1627104771105848,core,both,0
2013-09,2013-12,2014-01-09 09:00:00,0.21684664790712932,core,both,0
2013-10,2014-01,2014-02-12 09:00:00,0.12242716945270546,core,both,0
2013-11,2014-02,2014-03-10 09:00:00,0.02472595320318635,core,both,0
2013-12,2014-03,2014-04-09 09:00:00,0.07091828941440625,core,both,0
2014-01,2014-04,2014-05-12 09:00:00,0.09613329051740349,core,both,0
2014-02,2014-05,2014-06-09 09:00:00,0.03649402953179309,core,both,0
2014-03,2014-06,2014-07-09 09:00:00,0.1069465752988915,core,both,0
2014-04,2014-07,2014-08-11 09:00:00,0.008682480215623747,core,both,0
2014-05,2014-08,2014-09-09 09:00:00,0.0004991712688259264,core,both,0
2014-06,2014-09,2014-10-09 09:00:00,-0.015951123991958305,core,both,0
2014-07,2014-10,2014-11-10 09:00:00,-0.029854050527516253,core,both,0
2014-08,2014-11,2014-12-09 09:00:00,0.041773759665834465,core,both,0
2014-09,2014-12,2015-01-09 09:00:00,0.10215301024588994,core,both,0
2014-10,2015-01,2015-02-09 09:00:00,0.11280634355471167,core,both,0
2014-11,2015-02,2015-03-09 09:00:00,0.0750864995444751,core,both,0
2014-12,2015-03,2015-04-09 09:00:00,-0.043449793680159415,core,both,0
2015-01,2015-04,2015-05-12 09:00:00,-0.10231737029372565,core,both,0
2015-02,2015-05,2015-06-09 09:00:00,-0.07677431400356623,core,both,0
2015-03,2015-06,2015-07-09 09:00:00,0.05851088767179288,core,both,0
2015-04,2015-07,2015-08-10 09:00:00,0.0998929865605389,core,both,0
2015-05,2015-08,2015-09-09 09:00:00,0.007833152079103956,core,both,0
2015-06,2015-09,2015-10-09 09:00:00,-0.016246524651243675,core,both,0
2015-07,2015-10,2015-11-09 09:00:00,0.03259488469047096,core,both,0
2015-08,2015-11,2015-12-09 09:00:00,0.05978657752702039,core,both,0
2015-09,2015-12,2016-01-12 09:00:00,0.12832323353633332,core,both,0
2015-10,2016-01,2016-02-12 09:00:00,0.013184198180604678,core,both,0
2015-11,2016-02,2016-03-09 09:00:00,-0.0331892792856357,core,both,0
2015-12,2016-03,2016-04-11 09:00:00,-0.1107085747184934,core,both,0
2016-01,2016-04,2016-05-10 09:00:00,-0.18465526697931872,core,both,0
2016-02,2016-05,2016-06-09 09:00:00,-0.06841101921681213,core,both,0
2016-03,2016-06,2016-07-12 09:00:00,-0.06818160437647078,core,both,0
2016-04,2016-07,2016-08-09 09:00:00,0.024850143840997513,core,both,0
2016-05,2016-08,2016-09-09 09:00:00,-0.00824760953241696,core,both,0
2016-06,2016-09,2016-10-10 09:00:00,0.01210833017686926,core,both,0
2016-07,2016-10,2016-11-09 09:00:00,0.14607955232539369,core,both,0
2016-08,2016-11,2016-12-09 09:00:00,0.16423040240692455,core,both,0
2016-09,2016-12,2017-01-10 09:00:00,0.32377898754560974,core,both,0
2016-10,2017-01,2017-02-10 09:00:00,0.27031731986458246,core,both,0
2016-11,2017-02,2017-03-09 09:00:00,0.1820768692778985,core,both,0
2016-12,2017-03,2017-04-10 09:00:00,0.0711916341935159,core,both,0
2017-01,2017-04,2017-05-10 09:00:00,-0.10379575086008797,core,both,0
2017-02,2017-05,2017-06-09 09:00:00,-0.161414469243267,core,both,0
2017-03,2017-06,2017-07-12 09:00:00,-0.1449380265766395,core,both,0
2017-04,2017-07,2017-08-09 09:00:00,-0.053229004168163535,core,both,0
2017-05,2017-08,2017-09-11 09:00:00,-0.09737579248796929,core,both,0
2017-06,2017-09,2017-10-09 09:00:00,-0.0176829631427438,core,both,0
2017-07,2017-10,2017-11-09 09:00:00,0.032894308171435516,core,both,0
2017-08,2017-11,2017-12-11 09:00:00,0.01428327019579699,core,both,0
2017-09,2017-12,2018-01-10 09:00:00,-0.0059654244966089315,core,both,0
2017-10,2018-01,2018-02-14 09:00:00,-0.13478415518009837,core,both,0
2017-11,2018-02,2018-03-09 09:00:00,-0.1164385868149177,core,both,0
2017-12,2018-03,2018-04-10 09:00:00,0.019378241390113182,core,both,0
2018-01,2018-04,2018-05-10 09:00:00,0.15480462703223166,core,both,0
2018-02,2018-05,2018-06-11 09:00:00,0.14349797103972972,core,both,0
2018-03,2018-06,2018-07-11 09:00:00,0.06106403422932716,core,both,0
2018-04,2018-07,2018-08-09 09:00:00,0.1998253593627773,core,both,0
2018-05,2018-08,2018-09-10 09:00:00,0.16269279118650987,core,both,0
2018-06,2018-09,2018-10-09 09:00:00,0.043840751647299406,core,both,0
2018-07,2018-10,2018-11-09 09:00:00,-0.053733524869706645,core,both,0
2018-08,2018-11,2018-12-10 09:00:00,-0.2254982766699846,core,both,0
2018-09,2018-12,2019-01-10 09:00:00,-0.053932909063755224,core,both,0
2018-10,2019-01,2019-02-13 09:00:00,0.17316207159253694,core,both,0
2018-11,2019-02,2019-03-11 09:00:00,0.057783738780593064,core,both,0
2018-12,2019-03,2019-04-10 09:00:00,0.005611701163288074,core,both,0
2019-01,2019-04,2019-05-13 09:00:00,-0.05700770428355281,core,both,0
2019-02,2019-05,2019-06-11 09:00:00,-0.19464564379868246,core,both,0
2019-03,2019-06,2019-07-11 09:00:00,-0.05666791301097884,core,both,0
2019-04,2019-07,2019-08-12 09:00:00,0.2030541127721705,core,both,0
2019-05,2019-08,2019-09-10 09:00:00,0.23045647209282505,core,both,0
2019-06,2019-09,2019-10-10 09:00:00,0.02551895422515915,core,both,0
2019-07,2019-10,2019-11-11 09:00:00,-0.11432476021748128,core,both,0
2019-08,2019-11,2019-12-10 09:00:00,-0.3046084645817216,core,both,0
2019-09,2019-12,2020-01-13 09:00:00,-0.08717336471848039,core,both,0
2019-10,2020-01,2020-02-14 09:00:00,0.24683298222962713,core,both,0
2019-11,2020-02,2020-03-10 09:00:00,0.2531973923988341,core,both,0
2019-12,2020-03,2020-04-14 09:00:00,0.17937933347936516,core,both,0
2020-01,2020-04,2020-05-13 09:00:00,-0.029653258470327848,core,both,0
2020-02,2020-05,2020-06-10 09:00:00,-0.14418101715816953,core,both,0
2020-03,2020-06,2020-07-10 09:00:00,-0.01097746531109306,core,both,0
2020-04,2020-07,2020-08-13 09:00:00,0.49408614743714757,core,both,0
2020-05,2020-08,2020-09-10 09:00:00,0.3368547319529065,core,both,0
2020-06,2020-09,2020-10-12 09:00:00,-0.12901247151189218,core,both,0
2020-07,2020-10,2020-11-10 09:00:00,-0.34773058628682985,core,both,0
2020-08,2020-11,2020-12-10 09:00:00,-0.44791592393051005,core,both,0
2020-09,2020-12,2021-01-13 09:00:00,-0.18560748614752856,core,both,0
2020-10,2021-01,2021-02-12 09:00:00,0.06965002954498051,core,both,0
2020-11,2021-02,2021-03-10 09:00:00,0.0040617364698711245,core,both,0
2020-12,2021-03,2021-04-13 09:00:00,0.002078949587630108,core,both,0
2021-01,2021-04,2021-05-11 09:00:00,-0.07007053755896939,core,both,0
2021-02,2021-05,2021-06-10 09:00:00,-0.10574699517696898,core,both,0
2021-03,2021-06,2021-07-13 09:00:00,0.23527543098382347,core,both,0
2021-04,2021-07,2021-08-10 09:00:00,0.6345370214069226,core,both,0
2021-05,2021-08,2021-09-10 09:00:00,0.8648930157126447,core,both,0
2021-06,2021-09,2021-10-11 09:00:00,0.761698830765284,core,both,0
2021-07,2021-10,2021-11-10 09:00:00,0.5362166967381878,core,both,0
2021-08,2021-11,2021-12-10 09:00:00,0.41442226054285963,core,both,0
2021-09,2021-12,2022-01-12 09:00:00,0.28510337271847874,core,both,0
2021-10,2022-01,2022-02-14 09:00:00,0.41225210719484395,core,both,0
2021-11,2022-02,2022-03-10 09:00:00,0.16095545017715007,core,both,0
2021-12,2022-03,2022-04-11 09:00:00,0.0679322361739092,core,both,0
2022-01,2022-04,2022-05-10 09:00:00,0.10979065822193601,core,both,0
2022-02,2022-05,2022-06-10 09:00:00,0.16041097614621425,core,both,0
2022-03,2022-06,2022-07-13 09:00:00,0.4616768280170832,core,both,0
2022-04,2022-07,2022-08-10 09:00:00,0.39152331419738484,core,both,0
2022-05,2022-08,2022-09-12 09:00:00,0.09897872126421214,core,both,0
2022-06,2022-09,2022-10-11 09:00:00,-0.15592103380828182,core,both,0
2022-07,2022-10,2022-11-10 09:00:00,-0.28253716164064857,core,both,0
2022-08,2022-11,2022-12-12 09:00:00,-0.32917478271450074,core,both,0
2022-09,2022-12,2023-01-11 09:00:00,-0.4193151181105029,core,both,0
2022-10,2023-01,2023-02-10 09:00:00,-0.537783656738163,core,both,0
2022-11,2023-02,2023-03-10 09:00:00,-0.49652510726851873,core,both,0
2022-12,2023-03,2023-04-13 09:00:00,-0.33408853687003837,core,both,0
2023-01,2023-04,2023-05-11 09:00:00,-0.3683810132616648,core,both,0
2023-02,2023-05,2023-06-12 09:00:00,-0.47047914477042685,core,both,0
2023-03,2023-06,2023-07-13 09:00:00,-0.49386376282209743,core,both,0
2023-04,2023-07,2023-08-10 09:00:00,-0.2938074478196767,core,both,0
2023-05,2023-08,2023-09-11 09:00:00,-0.04561189977209401,core,both,0
2023-06,2023-09,2023-10-10 09:00:00,-0.04607014079306049,core,both,0
2023-07,2023-10,2023-11-10 09:00:00,-0.25118145516290397,core,both,0
2023-08,2023-11,2023-12-11 09:00:00,-0.29042756990654844,core,both,0
2023-09,2023-12,2024-01-11 09:00:00,-0.2503154488978611,core,both,0
2023-10,2024-01,2024-02-15 09:00:00,-0.20504970452618532,core,both,0
2023-11,2024-02,2024-03-11 09:00:00,-0.09571573808271397,core,both,0
2023-12,2024-03,2024-04-10 09:00:00,-0.03144425680114282,core,both,0
2024-01,2024-04,2024-05-13 09:00:00,0.03888790067749143,core,both,0
2024-02,2024-05,2024-06-11 09:00:00,0.038239857075843424,core,both,0
2024-03,2024-06,2024-07-10 09:00:00,-0.22323582609463954,core,both,0
2024-04,2024-07,2024-08-12 09:00:00,-0.10306641448250631,core,both,0
2024-05,2024-08,2024-09-10 09:00:00,0.06519400883484527,core,both,0
2024-06,2024-09,2024-10-10 09:00:00,0.11505521841809133,core,both,0
2024-07,2024-10,2024-11-11 09:00:00,0.03608590027956799,core,both,0
2024-08,2024-11,2024-12-10 09:00:00,-0.1409414594514115,core,both,0
2024-09,2024-12,2025-01-13 09:00:00,-0.11932033535364125,core,both,0
2024-10,2025-01,2025-02-12 09:00:00,-0.01086447431547885,core,both,0
2024-11,2025-02,2025-03-11 09:00:00,0.06272612407369405,core,both,0
2024-12,2025-03,2025-04-10 09:00:00,0.12515937451199913,core,both,0
2025-01,2025-04,2025-05-13 09:00:00,0.10444614649326098,core,both,0
2025-02,2025-05,2025-06-10 09:00:00,0.016652848706233306,core,both,0
2025-03,2025-06,2025-07-10 09:00:00,-0.0844255849694941,core,both,0
2025-04,2025-07,2025-08-08 09:00:00,-0.04403487187772137,core,both,0
2025-05,2025-08,2025-09-10 09:00:00,0.062059287591157475,core,both,0
2025-06,2025-09,2025-10-10 09:00:00,0.02179068099992859,core,both,0
2025-07,2025-10,2025-11-11 09:00:00,-0.022246052152072447,core,both,0
2025-08,2025-11,2025-12-10 09:00:00,-0.1200968472848204,core,both,0
2025-09,2025-12,2026-01-13 09:00:00,-0.08800999560262687,core,both,0
2025-10,2026-01,2026-02-13 09:00:00,-0.023411083357944368,core,both,0
2025-11,2026-02,2026-03-10 09:00:00,0.08708726972324365,core,both,0
2025-12,2026-03,2026-04-14 09:00:00,0.1778160362469698,core,both,0
2026-01,2026-04,2026-05-13 09:00:00,0.13695079315736639,core,both,0
2026-02,2026-05,2026-06-10 09:00:00,0.13524344750690398,core,both,0
2026-03,2026-06,2026-07-10 09:00:00,-0.02562948753473382,core,both,0
2006-01,2006-07,2006-08-20 09:00:00,0.16287185482207134,signal,services,1
2006-02,2006-08,2006-09-20 09:00:00,-0.19524916994422803,signal,services,1
2006-03,2006-09,2006-10-20 09:00:00,-3.1727161638794854e-05,signal,services,1
2006-04,2006-10,2006-11-20 09:00:00,0.09757687014390681,signal,services,1
2006-05,2006-11,2006-12-20 09:00:00,0.03253619910184824,signal,services,1
2006-06,2006-12,2007-01-20 09:00:00,-0.06507239820369737,signal,services,1
2006-07,2007-01,2007-02-20 09:00:00,0.26057588178403224,signal,services,1
2006-08,2007-02,2007-03-20 09:00:00,0.19502707872560787,signal,services,1
2006-09,2007-03,2007-04-20 09:00:00,0.12973320765080132,signal,services,1
2006-10,2007-04,2007-05-20 09:00:00,0.45411510577141323,signal,services,1
2006-11,2007-05,2007-06-20 09:00:00,0.4868096935971069,signal,services,1
2006-12,2007-06,2007-07-20 09:00:00,0.45440003296580045,signal,services,1
2007-01,2007-07,2007-08-20 09:00:00,0.09738675425842347,signal,services,1
2007-02,2007-08,2007-09-20 09:00:00,-0.13081299600791096,signal,services,1
2007-03,2007-09,2007-10-20 09:00:00,-0.5855911090508958,signal,services,1
2007-04,2007-10,2007-11-20 09:00:00,-0.6828200909448148,signal,services,1
2007-05,2007-11,2007-12-20 09:00:00,-0.7782458333645335,signal,services,1
2007-06,2007-12,2008-01-20 09:00:00,-0.09754514298226802,signal,services,1
2007-07,2008-01,2008-02-20 09:00:00,0.25655492909536814,signal,services,1
2007-08,2008-02,2008-03-20 09:00:00,1.3224440724064213,signal,services,1
2007-09,2008-03,2008-04-20 09:00:00,2.5509073989319946,signal,services,1
2007-10,2008-04,2008-05-20 09:00:00,2.4460799439285004,signal,services,1
2007-11,2008-05,2008-06-20 09:00:00,2.5073335208819363,signal,services,1
2007-12,2008-06,2008-07-20 09:00:00,2.504917753621657,signal,services,1
2008-01,2008-07,2008-08-20 09:00:00,2.5025066372145757,signal,services,1
2008-02,2008-08,2008-09-20 09:00:00,1.1461142896010559,signal,services,1
2008-03,2008-09,2008-10-20 09:00:00,0.8250097743638722,signal,services,1
2008-04,2008-10,2008-11-20 09:00:00,0.6018645230940214,signal,services,1
2008-05,2008-11,2008-12-20 09:00:00,0.4749404819890959,signal,services,1
2008-06,2008-12,2009-01-20 09:00:00,0.15826295216193476,signal,services,1
2008-07,2009-01,2009-02-20 09:00:00,-0.5748172969317169,signal,services,1
2008-08,2009-02,2009-03-20 09:00:00,-1.4383550572279464,signal,services,1
2008-09,2009-03,2009-04-20 09:00:00,-2.2715511947281883,signal,services,1
2008-10,2009-04,2009-05-20 09:00:00,-2.879404009186551,signal,services,1
2008-11,2009-05,2009-06-20 09:00:00,-2.852374354332692,signal,services,1
2008-12,2009-06,2009-07-20 09:00:00,-2.8905977650549364,signal,services,1
2009-01,2009-07,2009-08-20 09:00:00,-2.8664740509459112,signal,services,1
2009-02,2009-08,2009-09-20 09:00:00,-1.7547210206801052,signal,services,1
2009-03,2009-09,2009-10-20 09:00:00,-1.4357925818349844,signal,services,1
2009-04,2009-10,2009-11-20 09:00:00,-1.4055248646574836,signal,services,1
2009-05,2009-11,2009-12-20 09:00:00,-1.2764041725097697,signal,services,1
2009-06,2009-12,2010-01-20 09:00:00,-1.178795575204224,signal,services,1
2009-07,2010-01,2010-02-09 09:00:00,-0.6559130333900463,signal,services,1
2009-08,2010-02,2010-03-09 09:00:00,-0.2626939561318038,signal,services,1
2009-09,2010-03,2010-04-09 09:00:00,0.09853837706859858,signal,services,1
2009-10,2010-04,2010-05-10 09:00:00,0.1974010111155664,signal,services,1
2009-11,2010-05,2010-06-09 09:00:00,0.1316547702087556,signal,services,1
2009-12,2010-06,2010-07-12 09:00:00,0.16451168103406344,signal,services,1
2010-01,2010-07,2010-08-09 09:00:00,0.2630824773588576,signal,services,1
2010-02,2010-08,2010-09-09 09:00:00,-0.06564911083596625,signal,services,1
2010-03,2010-09,2010-10-11 09:00:00,0.032824555417983126,signal,services,1
2010-04,2010-10,2010-11-09 09:00:00,0.09857073247592352,signal,services,1
2010-05,2010-11,2010-12-09 09:00:00,0.13149248181362183,signal,services,1
2010-06,2010-12,2011-01-10 09:00:00,0.09863557098831377,signal,services,1
2010-07,2011-01,2011-02-09 09:00:00,-0.36236977697629924,signal,services,1
2010-08,2011-02,2011-03-09 09:00:00,-0.6919818961968774,signal,services,1
2010-09,2011-03,2011-04-11 09:00:00,-0.8575360129910599,signal,services,1
2010-10,2011-04,2011-05-10 09:00:00,-0.9238050871705988,signal,services,1
2010-11,2011-05,2011-06-09 09:00:00,-0.9569560927208784,signal,services,1
2010-12,2011-06,2011-07-12 09:00:00,-0.7928683755507255,signal,services,1
2011-01,2011-07,2011-08-09 09:00:00,-0.8915363657952347,signal,services,1
2011-02,2011-08,2011-09-09 09:00:00,-0.19880722253861677,signal,services,1
2011-03,2011-09,2011-10-10 09:00:00,-0.13263702470089295,signal,services,1
2011-04,2011-10,2011-11-09 09:00:00,-0.09948601915061334,signal,services,1
2011-05,2011-11,2011-12-09 09:00:00,0.03311800305050533,signal,services,1
2011-06,2011-12,2012-01-09 09:00:00,0.13257108528009826,signal,services,1
2011-07,2012-01,2012-02-16 09:00:00,0.4950725982426129,signal,services,1
2011-08,2012-02,2012-03-09 09:00:00,0.8903341466020644,signal,services,1
2011-09,2012-03,2012-04-10 09:00:00,1.2197175909353195,signal,services,1
2011-10,2012-04,2012-05-10 09:00:00,1.352029650482418,signal,services,1
2011-11,2012-05,2012-06-11 09:00:00,1.1857524800899757,signal,services,1
2011-12,2012-06,2012-07-11 09:00:00,1.2512403858954713,signal,services,1
2012-01,2012-07,2012-08-09 09:00:00,1.1518861800076934,signal,services,1
2012-02,2012-08,2012-09-10 09:00:00,0.09824794120243174,signal,services,1
2012-03,2012-09,2012-10-09 09:00:00,-3.216498837810278e-05,signal,services,1
2012-04,2012-10,2012-11-09 09:00:00,0.09824794120243174,signal,services,1
2012-05,2012-11,2012-12-10 09:00:00,-0.06564898407745323,signal,services,1
2012-06,2012-12,2013-01-09 09:00:00,-0.3606835611045096,signal,services,1
2012-07,2013-01,2013-02-11 09:00:00,-0.4919173264158292,signal,services,1
2012-08,2013-02,2013-03-11 09:00:00,-0.39373371519015365,signal,services,1
2012-09,2013-03,2013-04-09 09:00:00,-0.2625642789178406,signal,services,1
2012-10,2013-04,2013-05-10 09:00:00,-0.5577935006895611,signal,services,1
2012-11,2013-05,2013-06-10 09:00:00,-0.723376514708066,signal,services,1
2012-12,2013-06,2013-07-09 09:00:00,-0.758608747898497,signal,services,1
2013-01,2013-07,2013-08-09 09:00:00,-0.7929673174712946,signal,services,1
2013-02,2013-08,2013-09-09 09:00:00,-0.9579043818953425,signal,services,1
2013-03,2013-09,2013-10-09 09:00:00,-1.0896921906958987,signal,services,1
2013-04,2013-10,2013-11-11 09:00:00,-0.9579374501699212,signal,services,1
2013-05,2013-11,2013-12-09 09:00:00,-0.5622866658329555,signal,services,1
2013-06,2013-12,2014-01-09 09:00:00,0.06597336013694355,signal,services,1
2013-07,2014-01,2014-02-12 09:00:00,0.16473121200496876,signal,services,1
2013-08,2014-02,2014-03-10 09:00:00,-0.1342244540870448,signal,services,1
2013-09,2014-03,2014-04-09 09:00:00,-0.5321374955733584,signal,services,1
2013-10,2014-04,2014-05-12 09:00:00,-0.16651685567859947,signal,services,1
2013-11,2014-05,2014-06-09 09:00:00,-0.0998496398023665,signal,services,1
2013-12,2014-06,2014-07-09 09:00:00,-0.09955143627999485,signal,services,1
2014-01,2014-07,2014-08-11 09:00:00,-0.06617026438588547,signal,services,1
2014-02,2014-08,2014-09-09 09:00:00,1.2269332386266458,signal,services,1
2014-03,2014-09,2014-10-09 09:00:00,1.358685715820757,signal,services,1
2014-04,2014-10,2014-11-10 09:00:00,1.2574511535092854,signal,services,1
2014-05,2014-11,2014-12-09 09:00:00,0.9910883899453964,signal,services,1
2014-06,2014-12,2015-01-09 09:00:00,0.7255860540819257,signal,services,1
2014-07,2015-01,2015-02-09 09:00:00,0.4937958086509324,signal,services,1
2014-08,2015-02,2015-03-09 09:00:00,0.42769180095961223,signal,services,1
2014-09,2015-03,2015-04-09 09:00:00,0.1972063673131077,signal,services,1
2014-10,2015-04,2015-05-12 09:00:00,-3.241925619534847e-05,signal,services,1
2014-11,2015-05,2015-06-09 09:00:00,-3.241925619534847e-05,signal,services,1
2014-12,2015-06,2015-07-09 09:00:00,0.06564904698709584,signal,services,1
2015-01,2015-07,2015-08-10 09:00:00,0.032824555417983126,signal,services,1
2015-02,2015-08,2015-09-09 09:00:00,-0.09850602166127431,signal,services,1
2015-03,2015-09,2015-10-09 09:00:00,-0.06571382165061568,signal,services,1
2015-04,2015-10,2015-11-09 09:00:00,0.03285691082530784,signal,services,1
2015-05,2015-11,2015-12-09 09:00:00,0.16438181189512502,signal,services,1
2015-06,2015-12,2016-01-12 09:00:00,0.032824555417983126,signal,services,1
2015-07,2016-01,2016-02-12 09:00:00,-0.03282455541798335,signal,services,1
2015-08,2016-02,2016-03-09 09:00:00,0.09847366625394938,signal,services,1
2015-09,2016-03,2016-04-11 09:00:00,0.1970443987298729,signal,services,1
2015-10,2016-04,2016-05-10 09:00:00,0.16421984331189,signal,services,1
2015-11,2016-05,2016-06-09 09:00:00,0.032824555417983126,signal,services,1
2015-12,2016-06,2016-07-12 09:00:00,-0.0657462409068108,signal,services,1
2016-01,2016-07,2016-08-09 09:00:00,-0.19707681798606824,signal,services,1
2016-02,2016-08,2016-09-09 09:00:00,-0.26282305889287905,signal,services,1
2016-03,2016-09,2016-10-10 09:00:00,-0.19707681798606824,signal,services,1
2016-04,2016-10,2016-11-09 09:00:00,-0.13139535174277706,signal,services,1
2016-05,2016-11,2016-12-09 09:00:00,0.09844137450705781,signal,services,1
2016-06,2016-12,2017-01-10 09:00:00,0.26224186792136006,signal,services,1
2016-07,2017-01,2017-02-10 09:00:00,0.7534560384445046,signal,services,1
2016-08,2017-02,2017-03-09 09:00:00,1.0457993743829839,signal,services,1
2016-09,2017-03,2017-04-10 09:00:00,1.469673196139649,signal,services,1
2016-10,2017-04,2017-05-10 09:00:00,1.4669875549009288,signal,services,1
2016-11,2017-05,2017-06-09 09:00:00,1.4332388280773232,signal,services,1
2016-12,2017-06,2017-07-12 09:00:00,1.4962828529236476,signal,services,1
2017-01,2017-07,2017-08-09 09:00:00,1.3308058860316174,signal,services,1
2017-02,2017-08,2017-09-11 09:00:00,1.0030719833613873,signal,services,1
2017-03,2017-09,2017-10-09 09:00:00,0.6457781278725792,signal,services,1
2017-04,2017-10,2017-11-09 09:00:00,0.5808341595746915,signal,services,1
2017-05,2017-11,2017-12-11 09:00:00,0.4837938802468442,signal,services,1
2017-06,2017-12,2018-01-10 09:00:00,0.3225292534978963,signal,services,1
2017-07,2018-01,2018-02-14 09:00:00,-0.2906824809323485,signal,services,1
2017-08,2018-02,2018-03-09 09:00:00,-0.5815229106280198,signal,services,1
2017-09,2018-03,2018-04-10 09:00:00,-0.7752292226855615,signal,services,1
2017-10,2018-04,2018-05-10 09:00:00,-0.742851043031167,signal,services,1
2017-11,2018-05,2018-06-11 09:00:00,-0.580959839266173,signal,services,1
2017-12,2018-06,2018-07-11 09:00:00,-0.41922573578190203,signal,services,1
2018-01,2018-07,2018-08-09 09:00:00,0.4186677241745236,signal,services,1
2018-02,2018-08,2018-09-10 09:00:00,0.9342850848590278,signal,services,1
2018-03,2018-09,2018-10-09 09:00:00,1.2255027987344933,signal,services,1
2018-04,2018-10,2018-11-09 09:00:00,1.0961433074275901,signal,services,1
2018-05,2018-11,2018-12-10 09:00:00,0.9337542094858264,signal,services,1
2018-06,2018-12,2019-01-10 09:00:00,0.9322610441659633,signal,services,1
2018-07,2019-01,2019-02-13 09:00:00,1.0271638193345747,signal,services,1
2018-08,2019-02,2019-03-11 09:00:00,0.3832957321270216,signal,services,1
2018-09,2019-03,2019-04-10 09:00:00,0.3192547852080274,signal,services,1
2018-10,2019-04,2019-05-13 09:00:00,0.7690206575445475,signal,services,1
2018-11,2019-05,2019-06-11 09:00:00,0.19209231742661714,signal,services,1
2018-12,2019-06,2019-07-11 09:00:00,-0.06401018771507339,signal,services,1
2019-01,2019-07,2019-08-12 09:00:00,0.1277444838842534,signal,services,1
2019-02,2019-08,2019-09-10 09:00:00,-0.1594744196841722,signal,services,1
2019-03,2019-09,2019-10-10 09:00:00,-0.31894924856009776,signal,services,1
2019-04,2019-10,2019-11-11 09:00:00,-0.09604607036675894,signal,services,1
2019-05,2019-11,2019-12-10 09:00:00,-0.19224629217907196,signal,services,1
2019-06,2019-12,2020-01-13 09:00:00,-0.25656472513756645,signal,services,1
2019-07,2020-01,2020-02-14 09:00:00,-0.5443347078990812,signal,services,1
2019-08,2020-02,2020-03-10 09:00:00,-0.5438741405606526,signal,services,1
2019-09,2020-03,2020-04-14 09:00:00,-0.41600602838436407,signal,services,1
2019-10,2020-04,2020-05-13 09:00:00,-0.4171159843586474,signal,services,1
2019-11,2020-05,2020-06-10 09:00:00,-0.4821462830802701,signal,services,1
2019-12,2020-06,2020-07-10 09:00:00,-0.5152060990842977,signal,services,1
2020-01,2020-07,2020-08-13 09:00:00,-0.5803978572644644,signal,services,1
2020-02,2020-08,2020-09-10 09:00:00,-1.0959243608176892,signal,services,1
2020-03,2020-09,2020-10-12 09:00:00,-1.3216078117194656,signal,services,1
2020-04,2020-10,2020-11-10 09:00:00,-1.1628354648573405,signal,services,1
2020-05,2020-11,2020-12-10 09:00:00,-0.7442617925166108,signal,services,1
2020-06,2020-12,2021-01-13 09:00:00,-0.6475031976430214,signal,services,1
2020-07,2021-01,2021-02-12 09:00:00,-0.48624088647700736,signal,services,1
2020-08,2021-02,2021-03-10 09:00:00,-0.4873791269823977,signal,services,1
2020-09,2021-03,2021-04-13 09:00:00,-0.2929215942857595,signal,services,1
2020-10,2021-04,2021-05-11 09:00:00,-0.2928265364332603,signal,services,1
2020-11,2021-05,2021-06-10 09:00:00,0.16226922148450917,signal,services,1
2020-12,2021-06,2021-07-13 09:00:00,0.2912790348435861,signal,services,1
2021-01,2021-07,2021-08-10 09:00:00,0.7105717750722569,signal,services,1
2021-02,2021-08,2021-09-10 09:00:00,1.7082667094128205,signal,services,1
2021-03,2021-09,2021-10-11 09:00:00,2.8609015710785317,signal,services,1
2021-04,2021-10,2021-11-10 09:00:00,3.5465721046774576,signal,services,1
2021-05,2021-11,2021-12-10 09:00:00,4.223001289416134,signal,services,1
2021-06,2021-12,2022-01-12 09:00:00,4.774052944219557,signal,services,1
2021-07,2022-01,2022-02-14 09:00:00,5.058467589460808,signal,services,1
2021-08,2022-02,2022-03-10 09:00:00,5.090391559637518,signal,services,1
2021-09,2022-03,2022-04-11 09:00:00,4.79758796321157,signal,services,1
2021-10,2022-04,2022-05-10 09:00:00,4.75075589589753,signal,services,1
2021-11,2022-05,2022-06-10 09:00:00,4.854879513776841,signal,services,1
2021-12,2022-06,2022-07-13 09:00:00,4.896960716852536,signal,services,1
2022-01,2022-07,2022-08-10 09:00:00,5.1778503029960365,signal,services,1
2022-02,2022-08,2022-09-12 09:00:00,4.2861920200406,signal,services,1
2022-03,2022-09,2022-10-11 09:00:00,3.565261270012577,signal,services,1
2022-04,2022-10,2022-11-10 09:00:00,2.6082167360671082,signal,services,1
2022-05,2022-11,2022-12-12 09:00:00,0.7951013699391432,signal,services,1
2022-06,2022-12,2023-01-11 09:00:00,-0.5889582247810718,signal,services,1
2022-07,2023-01,2023-02-10 09:00:00,-2.028692239073189,signal,services,1
2022-08,2023-02,2023-03-10 09:00:00,-2.447582191051172,signal,services,1
2022-09,2023-03,2023-04-13 09:00:00,-2.634790291504954,signal,services,1
2022-10,2023-04,2023-05-11 09:00:00,-3.211382634740854,signal,services,1
2022-11,2023-05,2023-06-12 09:00:00,-3.922072016990189,signal,services,1
2022-12,2023-06,2023-07-13 09:00:00,-4.321797723809804,signal,services,1
2023-01,2023-07,2023-08-10 09:00:00,-4.946843283799126,signal,services,1
2023-02,2023-08,2023-09-11 09:00:00,-4.525891691395857,signal,services,1
2023-03,2023-09,2023-10-10 09:00:00,-4.5427997710971955,signal,services,1
2023-04,2023-10,2023-11-10 09:00:00,-4.80776780952992,signal,services,1
2023-05,2023-11,2023-12-11 09:00:00,-3.823880903717063,signal,services,1
2023-06,2023-12,2024-01-11 09:00:00,-2.8515877785333643,signal,services,1
2023-07,2024-01,2024-02-15 09:00:00,-2.079591646979676,signal,services,1
2023-08,2024-02,2024-03-11 09:00:00,-1.924117125160814,signal,services,1
2023-09,2024-03,2024-04-10 09:00:00,-1.3602058563837902,signal,services,1
2023-10,2024-04,2024-05-13 09:00:00,-0.9506079078106797,signal,services,1
2023-11,2024-05,2024-06-11 09:00:00,-0.3179754362921745,signal,services,1
2023-12,2024-06,2024-07-10 09:00:00,-0.38225824600580793,signal,services,1
2024-01,2024-07,2024-08-12 09:00:00,-0.3191325704816421,signal,services,1
2024-02,2024-08,2024-09-10 09:00:00,-0.22357600425085522,signal,services,1
2024-03,2024-09,2024-10-10 09:00:00,-0.5102460524584638,signal,services,1
2024-04,2024-10,2024-11-11 09:00:00,-0.31894924856009776,signal,services,1
2024-05,2024-11,2024-12-10 09:00:00,-0.19147942544898733,signal,services,1
2024-06,2024-12,2025-01-13 09:00:00,-0.2550616271005124,signal,services,1
2024-07,2025-01,2025-02-12 09:00:00,0.12780582576864585,signal,services,1
2024-08,2025-02,2025-03-11 09:00:00,0.03197442291534003,signal,services,1
2024-09,2025-03,2025-04-10 09:00:00,-0.19175461292717966,signal,services,1
2024-10,2025-04,2025-05-13 09:00:00,0.09583140285330494,signal,services,1
2024-11,2025-05,2025-06-10 09:00:00,-0.06394872865474355,signal,services,1
2024-12,2025-06,2025-07-10 09:00:00,0.063765348397121,signal,services,1
2025-01,2025-07,2025-08-08 09:00:00,0.2234230896667695,signal,services,1
2025-02,2025-08,2025-09-10 09:00:00,0.2555504856699855,signal,services,1
2025-03,2025-09,2025-10-10 09:00:00,0.19175461292717966,signal,services,1
2025-04,2025-10,2025-11-11 09:00:00,0.19175461292717966,signal,services,1
2025-05,2025-11,2025-12-10 09:00:00,-0.12768337702645383,signal,services,1
2025-06,2025-12,2026-01-13 09:00:00,-0.19141820107789087,signal,services,1
2025-07,2026-01,2026-02-13 09:00:00,-0.1276223283350859,signal,services,1
2025-08,2026-02,2026-03-10 09:00:00,0.06376528989333163,signal,services,1
2025-09,2026-03,2026-04-14 09:00:00,0.06376528989333163,signal,services,1
2025-10,2026-04,2026-05-13 09:00:00,0.06376528989333163,signal,services,1
2025-11,2026-05,2026-06-10 09:00:00,0.15950494402985615,signal,services,1
2025-12,2026-06,2026-07-10 09:00:00,0.25533628821101395,signal,services,1
2006-01,2006-07,2006-08-20 09:00:00,-0.2739254373502624,signal,goods,1
2006-02,2006-08,2006-09-20 09:00:00,-0.6491024490555355,signal,goods,1
2006-03,2006-09,2006-10-20 09:00:00,-0.477898511663283,signal,goods,1
2006-04,2006-10,2006-11-20 09:00:00,-0.3752817040937022,signal,goods,1
2006-05,2006-11,2006-12-20 09:00:00,-0.2727700907521142,signal,goods,1
2006-06,2006-12,2007-01-20 09:00:00,-0.17046822017151753,signal,goods,1
2006-07,2007-01,2007-02-20 09:00:00,0.6500492037470291,signal,goods,1
2006-08,2007-02,2007-03-20 09:00:00,0.3417762009374261,signal,goods,1
2006-09,2007-03,2007-04-20 09:00:00,0.27308502642133003,signal,goods,1
2006-10,2007-04,2007-05-20 09:00:00,0.34006710400428863,signal,goods,1
2006-11,2007-05,2007-06-20 09:00:00,0.6466609874920037,signal,goods,1
2006-12,2007-06,2007-07-20 09:00:00,0.6800319374441726,signal,goods,1
2007-01,2007-07,2007-08-20 09:00:00,0.27165865475687223,signal,goods,1
2007-02,2007-08,2007-09-20 09:00:00,0.37448199635253454,signal,goods,1
2007-03,2007-09,2007-10-20 09:00:00,0.6134684107361221,signal,goods,1
2007-04,2007-10,2007-11-20 09:00:00,0.3384425322962208,signal,goods,1
2007-05,2007-11,2007-12-20 09:00:00,0.3380326461969514,signal,goods,1
2007-06,2007-12,2008-01-20 09:00:00,0.6084870685905293,signal,goods,1
2007-07,2008-01,2008-02-20 09:00:00,0.4730541009356346,signal,goods,1
2007-08,2008-02,2008-03-20 09:00:00,1.0172003963715592,signal,goods,1
2007-09,2008-03,2008-04-20 09:00:00,0.9845492447083453,signal,goods,1
2007-10,2008-04,2008-05-20 09:00:00,0.2365267380854157,signal,goods,1
2007-11,2008-05,2008-06-20 09:00:00,-0.00010251318479359561,signal,goods,1
2007-12,2008-06,2008-07-20 09:00:00,-0.10126590066922314,signal,goods,1
2008-01,2008-07,2008-08-20 09:00:00,-0.30359295193079605,signal,goods,1
2008-02,2008-08,2008-09-20 09:00:00,-0.10136848308461643,signal,goods,1
2008-03,2008-09,2008-10-20 09:00:00,-0.16905040143068284,signal,goods,1
2008-04,2008-10,2008-11-20 09:00:00,-0.40747419133083085,signal,goods,1
2008-05,2008-11,2008-12-20 09:00:00,-1.1879568980783783,signal,goods,1
2008-06,2008-12,2009-01-20 09:00:00,-1.7344172239342581,signal,goods,1
2008-07,2009-01,2009-02-20 09:00:00,-1.6705520060041308,signal,goods,1
2008-08,2009-02,2009-03-20 09:00:00,-1.8769510142681676,signal,goods,1
2008-09,2009-03,2009-04-20 09:00:00,-1.9114040750442567,signal,goods,1
2008-10,2009-04,2009-05-20 09:00:00,-1.8808022293467446,signal,goods,1
2008-11,2009-05,2009-06-20 09:00:00,-1.0989955945483865,signal,goods,1
2008-12,2009-06,2009-07-20 09:00:00,-0.7228061073089238,signal,goods,1
2009-01,2009-07,2009-08-20 09:00:00,-0.3104343889227179,signal,goods,1
2009-02,2009-08,2009-09-20 09:00:00,-0.44824707462298274,signal,goods,1
2009-03,2009-09,2009-10-20 09:00:00,-0.1726937359158942,signal,goods,1
2009-04,2009-10,2009-11-20 09:00:00,0.06784044107278842,signal,goods,1
2009-05,2009-11,2009-12-20 09:00:00,0.8250724397555644,signal,goods,1
2009-06,2009-12,2010-01-20 09:00:00,1.0992079360484186,signal,goods,1
2009-07,2010-01,2010-02-09 09:00:00,0.9271180092920108,signal,goods,1
2009-08,2010-02,2010-03-09 09:00:00,0.791433416506302,signal,goods,1
2009-09,2010-03,2010-04-09 09:00:00,0.4481416764871522,signal,goods,1
2009-10,2010-04,2010-05-10 09:00:00,0.20700376418105249,signal,goods,1
2009-11,2010-05,2010-06-09 09:00:00,-0.7213164661738651,signal,goods,1
2009-12,2010-06,2010-07-12 09:00:00,-1.097935959597709,signal,goods,1
2010-01,2010-07,2010-08-09 09:00:00,-1.1335558188297306,signal,goods,1
2010-02,2010-08,2010-09-09 09:00:00,-0.8264509849893464,signal,goods,1
2010-03,2010-09,2010-10-11 09:00:00,-0.27615985999352777,signal,goods,1
2010-04,2010-10,2010-11-09 09:00:00,-0.20728982966322995,signal,goods,1
2010-05,2010-11,2010-12-09 09:00:00,-0.5180113240775692,signal,goods,1
2010-06,2010-12,2011-01-10 09:00:00,-0.4838084597779799,signal,goods,1
2010-07,2011-01,2011-02-09 09:00:00,-0.0004658595547257782,signal,goods,1
2010-08,2011-02,2011-03-09 09:00:00,0.3102562246831413,signal,goods,1
2010-09,2011-03,2011-04-11 09:00:00,0.5860247744564533,signal,goods,1
2010-10,2011-04,2011-05-10 09:00:00,0.6540772652600237,signal,goods,1
2010-11,2011-05,2011-06-09 09:00:00,0.8958927791426077,signal,goods,1
2010-12,2011-06,2011-07-12 09:00:00,1.1723801917485859,signal,goods,1
2011-01,2011-07,2011-08-09 09:00:00,0.9987206241829472,signal,goods,1
2011-02,2011-08,2011-09-09 09:00:00,0.6178864998885425,signal,goods,1
2011-03,2011-09,2011-10-10 09:00:00,0.514104885372975,signal,goods,1
2011-04,2011-10,2011-11-09 09:00:00,0.6497704034109333,signal,goods,1
2011-05,2011-11,2011-12-09 09:00:00,0.6824702591635425,signal,goods,1
2011-06,2011-12,2012-01-09 09:00:00,0.9905335192121536,signal,goods,1
2011-07,2012-01,2012-02-16 09:00:00,0.8187337560475658,signal,goods,1
2011-08,2012-02,2012-03-09 09:00:00,0.7838312336541464,signal,goods,1
2011-09,2012-03,2012-04-10 09:00:00,0.7832033589214553,signal,goods,1
2011-10,2012-04,2012-05-10 09:00:00,0.748511440656509,signal,goods,1
2011-11,2012-05,2012-06-11 09:00:00,0.23752412542944956,signal,goods,1
2011-12,2012-06,2012-07-11 09:00:00,0.13563924651916914,signal,goods,1
2012-01,2012-07,2012-08-09 09:00:00,0.30582831599352556,signal,goods,1
2012-02,2012-08,2012-09-10 09:00:00,-0.13591577932321885,signal,goods,1
2012-03,2012-09,2012-10-09 09:00:00,-0.47542925975692385,signal,goods,1
2012-04,2012-10,2012-11-09 09:00:00,-0.3400671109715132,signal,goods,1
2012-05,2012-11,2012-12-10 09:00:00,-0.5435259807502668,signal,goods,1
2012-06,2012-12,2013-01-09 09:00:00,-0.47542925975692385,signal,goods,1
2012-07,2013-01,2013-02-11 09:00:00,-0.20387366898482817,signal,goods,1
2012-08,2013-02,2013-03-11 09:00:00,0.06795788966160932,signal,goods,1
2012-09,2013-03,2013-04-09 09:00:00,0.1698428390799076,signal,goods,1
2012-10,2013-04,2013-05-10 09:00:00,0.5775924333271951,signal,goods,1
2012-11,2013-05,2013-06-10 09:00:00,0.6792701939146286,signal,goods,1
2012-12,2013-06,2013-07-09 09:00:00,0.6778204134527868,signal,goods,1
2013-01,2013-07,2013-08-09 09:00:00,0.8800455028606993,signal,goods,1
2013-02,2013-08,2013-09-09 09:00:00,1.0824752747906694,signal,goods,1
2013-03,2013-09,2013-10-09 09:00:00,0.9122886560032911,signal,goods,1
2013-04,2013-10,2013-11-11 09:00:00,0.8440927020765511,signal,goods,1
2013-05,2013-11,2013-12-09 09:00:00,0.4383080371256588,signal,goods,1
2013-06,2013-12,2014-01-09 09:00:00,0.6070515187215518,signal,goods,1
2013-07,2014-01,2014-02-12 09:00:00,0.3023355916400835,signal,goods,1
2013-08,2014-02,2014-03-10 09:00:00,0.2682766866483628,signal,goods,1
2013-09,2014-03,2014-04-09 09:00:00,0.5032723254610245,signal,goods,1
2013-10,2014-04,2014-05-12 09:00:00,0.5707474313960803,signal,goods,1
2013-11,2014-05,2014-06-09 09:00:00,0.3350426306379067,signal,goods,1
2013-12,2014-06,2014-07-09 09:00:00,1.0400400623754469,signal,goods,1
2014-01,2014-07,2014-08-11 09:00:00,0.8696839248821938,signal,goods,1
2014-02,2014-08,2014-09-09 09:00:00,0.6338526165920348,signal,goods,1
2014-03,2014-09,2014-10-09 09:00:00,0.6671028271628823,signal,goods,1
2014-04,2014-10,2014-11-10 09:00:00,0.6005027384071138,signal,goods,1
2014-05,2014-11,2014-12-09 09:00:00,0.6677045704368127,signal,goods,1
2014-06,2014-12,2015-01-09 09:00:00,0.4330517395243788,signal,goods,1
2014-07,2015-01,2015-02-09 09:00:00,0.16611858184101386,signal,goods,1
2014-08,2015-02,2015-03-09 09:00:00,0.23258586873649373,signal,goods,1
2014-09,2015-03,2015-04-09 09:00:00,0.06643415264926494,signal,goods,1
2014-10,2015-04,2015-05-12 09:00:00,0.06643415264926494,signal,goods,1
2014-11,2015-05,2015-06-09 09:00:00,0.3991690586791669,signal,goods,1
2014-12,2015-06,2015-07-09 09:00:00,0.16611858184101386,signal,goods,1
2015-01,2015-07,2015-08-10 09:00:00,-0.16605237932022038,signal,goods,1
2015-02,2015-08,2015-09-09 09:00:00,-0.13290143954474487,signal,goods,1
2015-03,2015-09,2015-10-09 09:00:00,-9.91390489313293e-05,signal,goods,1
2015-04,2015-10,2015-11-09 09:00:00,0.2322222484791916,signal,goods,1
2015-05,2015-11,2015-12-09 09:00:00,0.2652411780595195,signal,goods,1
2015-06,2015-12,2016-01-12 09:00:00,0.23189241963033785,signal,goods,1
2015-07,2016-01,2016-02-12 09:00:00,0.49772823583768044,signal,goods,1
2015-08,2016-02,2016-03-09 09:00:00,0.43106280121685914,signal,goods,1
2015-09,2016-03,2016-04-11 09:00:00,0.4641151919600268,signal,goods,1
2015-10,2016-04,2016-05-10 09:00:00,0.16545892218512837,signal,goods,1
2015-11,2016-05,2016-06-09 09:00:00,-9.854942362974572e-05,signal,goods,1
2015-12,2016-06,2016-07-12 09:00:00,-0.09935420588777777,signal,goods,1
2016-01,2016-07,2016-08-09 09:00:00,-0.13240653144196068,signal,goods,1
2016-02,2016-08,2016-09-09 09:00:00,0.06620326572098034,signal,goods,1
2016-03,2016-09,2016-10-10 09:00:00,-0.19874154504229435,signal,goods,1
2016-04,2016-10,2016-11-09 09:00:00,-0.36410198299277774,signal,goods,1
2016-05,2016-11,2016-12-09 09:00:00,0.03292064286381435,signal,goods,1
2016-06,2016-12,2017-01-10 09:00:00,-0.00029643346081820177,signal,goods,1
2016-07,2017-01,2017-02-10 09:00:00,0.032821635168441166,signal,goods,1
2016-08,2017-02,2017-03-09 09:00:00,-0.29819482400892755,signal,goods,1
2016-09,2017-03,2017-04-10 09:00:00,-3.2936921020354504e-05,signal,goods,1
2016-10,2017-04,2017-05-10 09:00:00,0.2651096917148694,signal,goods,1
2016-11,2017-05,2017-06-09 09:00:00,0.19851131292829605,signal,goods,1
2016-12,2017-06,2017-07-12 09:00:00,-0.09925565646414802,signal,goods,1
2017-01,2017-07,2017-08-09 09:00:00,0.43102999486830584,signal,goods,1
2017-02,2017-08,2017-09-11 09:00:00,-0.033118068629259256,signal,goods,1
2017-03,2017-09,2017-10-09 09:00:00,0.26494481037350553,signal,goods,1
2017-04,2017-10,2017-11-09 09:00:00,0.19857699081438762,signal,goods,1
2017-05,2017-11,2017-12-11 09:00:00,-0.09918997857805645,signal,goods,1
2017-06,2017-12,2018-01-10 09:00:00,-0.23159664059248408,signal,goods,1
2017-07,2018-01,2018-02-14 09:00:00,-0.2995856268492266,signal,goods,1
2017-08,2018-02,2018-03-09 09:00:00,-0.5981436128483947,signal,goods,1
2017-09,2018-03,2018-04-10 09:00:00,-0.731078318780246,signal,goods,1
2017-10,2018-04,2018-05-10 09:00:00,-0.8293407816082883,signal,goods,1
2017-11,2018-05,2018-06-11 09:00:00,-0.8302337095040055,signal,goods,1
2017-12,2018-06,2018-07-11 09:00:00,-0.7976448071177444,signal,goods,1
2018-01,2018-07,2018-08-09 09:00:00,-0.6321875956985789,signal,goods,1
2018-02,2018-08,2018-09-10 09:00:00,0.23375087979096995,signal,goods,1
2018-03,2018-09,2018-10-09 09:00:00,-0.16665005554725554,signal,goods,1
2018-04,2018-10,2018-11-09 09:00:00,-0.23345034510442847,signal,goods,1
2018-05,2018-11,2018-12-10 09:00:00,-0.23365061247269922,signal,goods,1
2018-06,2018-12,2019-01-10 09:00:00,0.09974996504067561,signal,goods,1
2018-07,2019-01,2019-02-13 09:00:00,0.33227048988918667,signal,goods,1
2018-08,2019-02,2019-03-11 09:00:00,0.5986721742671132,signal,goods,1
2018-09,2019-03,2019-04-10 09:00:00,0.598174230833726,signal,goods,1
2018-10,2019-04,2019-05-13 09:00:00,0.5655541056378539,signal,goods,1
2018-11,2019-05,2019-06-11 09:00:00,0.6995538899346863,signal,goods,1
2018-12,2019-06,2019-07-11 09:00:00,0.60000180000972,signal,goods,1
2019-01,2019-07,2019-08-12 09:00:00,-0.03325021057084743,signal,goods,1
2019-02,2019-08,2019-09-10 09:00:00,-0.4645108968043711,signal,goods,1
2019-03,2019-09,2019-10-10 09:00:00,-0.33223729582291917,signal,goods,1
2019-04,2019-10,2019-11-11 09:00:00,-0.3320390175282243,signal,goods,1
2019-05,2019-11,2019-12-10 09:00:00,0.09941955274248782,signal,goods,1
2019-06,2019-12,2020-01-13 09:00:00,0.2986233328538781,signal,goods,1
2019-07,2020-01,2020-02-14 09:00:00,0.39797760412513794,signal,goods,1
2019-08,2020-02,2020-03-10 09:00:00,0.8274374851291032,signal,goods,1
2019-09,2020-03,2020-04-14 09:00:00,1.0912041103732837,signal,goods,1
2019-10,2020-04,2020-05-13 09:00:00,1.48735259057377,signal,goods,1
2019-11,2020-05,2020-06-10 09:00:00,1.219524410774535,signal,goods,1
2019-12,2020-06,2020-07-10 09:00:00,1.5442898787644528,signal,goods,1
2020-01,2020-07,2020-08-13 09:00:00,1.965271441912628,signal,goods,1
2020-02,2020-08,2020-09-10 09:00:00,2.3848330686745185,signal,goods,1
2020-03,2020-09,2020-10-12 09:00:00,1.852714344773789,signal,goods,1
2020-04,2020-10,2020-11-10 09:00:00,2.0800126480240317,signal,goods,1
2020-05,2020-11,2020-12-10 09:00:00,1.8831621907568068,signal,goods,1
2020-06,2020-12,2021-01-13 09:00:00,1.4919460444547987,signal,goods,1
2020-07,2021-01,2021-02-12 09:00:00,0.6785325571054677,signal,goods,1
2020-08,2021-02,2021-03-10 09:00:00,0.03206561990370682,signal,goods,1
2020-09,2021-03,2021-04-13 09:00:00,-0.38725419292824004,signal,goods,1
2020-10,2021-04,2021-05-11 09:00:00,-0.6456534197388386,signal,goods,1
2020-11,2021-05,2021-06-10 09:00:00,-0.774478720524685,signal,goods,1
2020-12,2021-06,2021-07-13 09:00:00,-0.580959839266173,signal,goods,1
2021-01,2021-07,2021-08-10 09:00:00,-0.03256524247659298,signal,goods,1
2021-02,2021-08,2021-09-10 09:00:00,0.12746229484117766,signal,goods,1
2021-03,2021-09,2021-10-11 09:00:00,1.3459928373766497,signal,goods,1
2021-04,2021-10,2021-11-10 09:00:00,2.240607308961559,signal,goods,1
2021-05,2021-11,2021-12-10 09:00:00,3.2511354304592928,signal,goods,1
2021-06,2021-12,2022-01-12 09:00:00,4.114074477028643,signal,goods,1
2021-07,2022-01,2022-02-14 09:00:00,5.126716257145503,signal,goods,1
2021-08,2022-02,2022-03-10 09:00:00,5.7495832277395245,signal,goods,1
2021-09,2022-03,2022-04-11 09:00:00,5.91597671062995,signal,goods,1
2021-10,2022-04,2022-05-10 09:00:00,5.914742246801598,signal,goods,1
2021-11,2022-05,2022-06-10 09:00:00,6.698492533782998,signal,goods,1
2021-12,2022-06,2022-07-13 09:00:00,6.055643945389107,signal,goods,1
2022-01,2022-07,2022-08-10 09:00:00,5.101371334968492,signal,goods,1
2022-02,2022-08,2022-09-12 09:00:00,4.74674535873946,signal,goods,1
2022-03,2022-09,2022-10-11 09:00:00,4.2768985399763295,signal,goods,1
2022-04,2022-10,2022-11-10 09:00:00,3.336345663976843,signal,goods,1
2022-05,2022-11,2022-12-12 09:00:00,2.1839234932427942,signal,goods,1
2022-06,2022-12,2023-01-11 09:00:00,0.8698105366890712,signal,goods,1
2022-07,2023-01,2023-02-10 09:00:00,-0.2348085619301461,signal,goods,1
2022-08,2023-02,2023-03-10 09:00:00,-1.0788046815356829,signal,goods,1
2022-09,2023-03,2023-04-13 09:00:00,-2.0713992861013057,signal,goods,1
2022-10,2023-04,2023-05-11 09:00:00,-3.0432074796684088,signal,goods,1
2022-11,2023-05,2023-06-12 09:00:00,-4.437055490839262,signal,goods,1
2022-12,2023-06,2023-07-13 09:00:00,-4.866703061768597,signal,goods,1
2023-01,2023-07,2023-08-10 09:00:00,-5.335780721788611,signal,goods,1
2023-02,2023-08,2023-09-11 09:00:00,-5.871556480690939,signal,goods,1
2023-03,2023-09,2023-10-10 09:00:00,-7.22076026017836,signal,goods,1
2023-04,2023-10,2023-11-10 09:00:00,-7.581653028686408,signal,goods,1
2023-05,2023-11,2023-12-11 09:00:00,-7.443065423876739,signal,goods,1
2023-06,2023-12,2024-01-11 09:00:00,-6.919661537586791,signal,goods,1
2023-07,2024-01,2024-02-15 09:00:00,-6.184609105488984,signal,goods,1
2023-08,2024-02,2024-03-11 09:00:00,-5.508368348219151,signal,goods,1
2023-09,2024-03,2024-04-10 09:00:00,-4.71438674355746,signal,goods,1
2023-10,2024-04,2024-05-13 09:00:00,-3.552674891003682,signal,goods,1
2023-11,2024-05,2024-06-11 09:00:00,-2.4288149315136494,signal,goods,1
2023-12,2024-06,2024-07-10 09:00:00,-2.302810870954765,signal,goods,1
2024-01,2024-07,2024-08-12 09:00:00,-1.5843243484260832,signal,goods,1
2024-02,2024-08,2024-09-10 09:00:00,-1.1906230524921249,signal,goods,1
2024-03,2024-09,2024-10-10 09:00:00,-0.26547232769648094,signal,goods,1
2024-04,2024-10,2024-11-11 09:00:00,-0.19923638737027438,signal,goods,1
2024-05,2024-11,2024-12-10 09:00:00,-0.06663322300198349,signal,goods,1
2024-06,2024-12,2025-01-13 09:00:00,-0.033349878184921106,signal,goods,1
2024-07,2025-01,2025-02-12 09:00:00,0.1332001775115371,signal,goods,1
2024-08,2025-02,2025-03-11 09:00:00,-0.19940186068643972,signal,goods,1
2024-09,2025-03,2025-04-10 09:00:00,-0.03328341098631746,signal,goods,1
2024-10,2025-04,2025-05-13 09:00:00,-0.2992853604285257,signal,goods,1
2024-11,2025-05,2025-06-10 09:00:00,-0.16638392088378084,signal,goods,1
2024-12,2025-06,2025-07-10 09:00:00,0.33237075720745735,signal,goods,1
2025-01,2025-07,2025-08-08 09:00:00,0.26563786659140015,signal,goods,1
2025-02,2025-08,2025-09-10 09:00:00,0.3320389509660866,signal,goods,1
2025-03,2025-09,2025-10-10 09:00:00,0.19936879241186117,signal,goods,1
2025-04,2025-10,2025-11-11 09:00:00,0.3324030334208675,signal,goods,1
2025-05,2025-11,2025-12-10 09:00:00,0.332701771783687,signal,goods,1
2025-06,2025-12,2026-01-13 09:00:00,0.06636795012847158,signal,goods,1
2025-07,2026-01,2026-02-13 09:00:00,-0.464577231466056,signal,goods,1
2025-08,2026-02,2026-03-10 09:00:00,-0.13296777420642986,signal,goods,1
2025-09,2026-03,2026-04-14 09:00:00,-0.1661847847562582,signal,goods,1
2025-10,2026-04,2026-05-13 09:00:00,0.19910417984993234,signal,goods,1
2025-11,2026-05,2026-06-10 09:00:00,-9.907327412711497e-05,signal,goods,1
2025-12,2026-06,2026-07-10 09:00:00,0.2325197979621409,signal,goods,1
2010-01,2010-07,2010-08-09 09:00:00,-0.045722536699488725,core,own,1
2010-02,2010-08,2010-09-09 09:00:00,0.13270769004898428,core,own,1
2010-03,2010-09,2010-10-11 09:00:00,0.16093814999292944,core,own,1
2010-04,2010-10,2010-11-09 09:00:00,0.16541220676378812,core,own,1
2010-05,2010-11,2010-12-09 09:00:00,0.14078682111571406,core,own,1
2010-06,2010-12,2011-01-10 09:00:00,0.0771657185473521,core,own,1
2010-07,2011-01,2011-02-09 09:00:00,0.006179435936711719,core,own,1
2010-08,2011-02,2011-03-09 09:00:00,-0.06781943183795816,core,own,1
2010-09,2011-03,2011-04-11 09:00:00,-0.06787313655783501,core,own,1
2010-10,2011-04,2011-05-10 09:00:00,-0.04594561621616863,core,own,1
2010-11,2011-05,2011-06-09 09:00:00,-0.01739436206675822,core,own,1
2010-12,2011-06,2011-07-12 09:00:00,0.015038345474986944,core,own,1
2011-01,2011-07,2011-08-09 09:00:00,0.004156636311227001,core,own,1
2011-02,2011-08,2011-09-09 09:00:00,0.021418197510878062,core,own,1
2011-03,2011-09,2011-10-10 09:00:00,0.12496880675999279,core,own,1
2011-04,2011-10,2011-11-09 09:00:00,0.21343174648897895,core,own,1
2011-05,2011-11,2011-12-09 09:00:00,0.20914760858480663,core,own,1
2011-06,2011-12,2012-01-09 09:00:00,0.17706135947675733,core,own,1
2011-07,2012-01,2012-02-16 09:00:00,0.06364095914789075,core,own,1
2011-08,2012-02,2012-03-09 09:00:00,0.01944127048337107,core,own,1
2011-09,2012-03,2012-04-10 09:00:00,0.00041673563893368054,core,own,1
2011-10,2012-04,2012-05-10 09:00:00,-0.00494057154055183,core,own,1
2011-11,2012-05,2012-06-11 09:00:00,-0.08563443697124634,core,own,1
2011-12,2012-06,2012-07-11 09:00:00,-0.013295105863499912,core,own,1
2012-01,2012-07,2012-08-09 09:00:00,-0.08682326100109687,core,own,1
2012-02,2012-08,2012-09-10 09:00:00,-0.1510450837384708,core,own,1
2012-03,2012-09,2012-10-09 09:00:00,-0.10559543271013269,core,own,1
2012-04,2012-10,2012-11-09 09:00:00,0.062320388980241365,core,own,1
2012-05,2012-11,2012-12-10 09:00:00,0.003929008595430328,core,own,1
2012-06,2012-12,2013-01-09 09:00:00,-0.06281739952606939,core,own,1
2012-07,2013-01,2013-02-11 09:00:00,-0.05804037839831729,core,own,1
2012-08,2013-02,2013-03-11 09:00:00,0.08038589917015802,core,own,1
2012-09,2013-03,2013-04-09 09:00:00,0.11068663809906329,core,own,1
2012-10,2013-04,2013-05-10 09:00:00,0.019230304548773343,core,own,1
2012-11,2013-05,2013-06-10 09:00:00,-0.15981014527301285,core,own,1
2012-12,2013-06,2013-07-09 09:00:00,-0.09305553786125748,core,own,1
2013-01,2013-07,2013-08-09 09:00:00,-0.08938140438298904,core,own,1
2013-02,2013-08,2013-09-09 09:00:00,-0.10460518465338442,core,own,1
2013-03,2013-09,2013-10-09 09:00:00,-0.10355989941211696,core,own,1
2013-04,2013-10,2013-11-11 09:00:00,0.07586700761283593,core,own,1
2013-05,2013-11,2013-12-09 09:00:00,0.09479492130473408,core,own,1
2013-06,2013-12,2014-01-09 09:00:00,0.22024786137675811,core,own,1
2013-07,2014-01,2014-02-12 09:00:00,0.14438640716068074,core,own,1
2013-08,2014-02,2014-03-10 09:00:00,0.1583901487303618,core,own,1
2013-09,2014-03,2014-04-09 09:00:00,0.17843028112606707,core,own,1
2013-10,2014-04,2014-05-12 09:00:00,0.19580758115729352,core,own,1
2013-11,2014-05,2014-06-09 09:00:00,0.034889626173441685,core,own,1
2013-12,2014-06,2014-07-09 09:00:00,0.1418607855245369,core,own,1
2014-01,2014-07,2014-08-11 09:00:00,0.036961800254613084,core,own,1
2014-02,2014-08,2014-09-09 09:00:00,0.06092517179367973,core,own,1
2014-03,2014-09,2014-10-09 09:00:00,-0.018628711477019666,core,own,1
2014-04,2014-10,2014-11-10 09:00:00,0.04687998648805673,core,own,1
2014-05,2014-11,2014-12-09 09:00:00,-0.0001356708413023655,core,own,1
2014-06,2014-12,2015-01-09 09:00:00,0.12397805181851297,core,own,1
2014-07,2015-01,2015-02-09 09:00:00,0.05444917287313747,core,own,1
2014-08,2015-02,2015-03-09 09:00:00,0.11492461507875966,core,own,1
2014-09,2015-03,2015-04-09 09:00:00,-0.020635084831638006,core,own,1
2014-10,2015-04,2015-05-12 09:00:00,-0.018853437849041255,core,own,1
2014-11,2015-05,2015-06-09 09:00:00,-0.015813686188261095,core,own,1
2014-12,2015-06,2015-07-09 09:00:00,0.08966055688559971,core,own,1
2015-01,2015-07,2015-08-10 09:00:00,-0.009340065084367688,core,own,1
2015-02,2015-08,2015-09-09 09:00:00,-0.046478818482316886,core,own,1
2015-03,2015-09,2015-10-09 09:00:00,-0.01174521900409799,core,own,1
2015-04,2015-10,2015-11-09 09:00:00,0.1284078020772299,core,own,1
2015-05,2015-11,2015-12-09 09:00:00,0.07077447788730505,core,own,1
2015-06,2015-12,2016-01-12 09:00:00,0.10779269847111894,core,own,1
2015-07,2016-01,2016-02-12 09:00:00,0.005483745564356712,core,own,1
2015-08,2016-02,2016-03-09 09:00:00,0.026910191667699424,core,own,1
2015-09,2016-03,2016-04-11 09:00:00,-0.07768282944625991,core,own,1
2015-10,2016-04,2016-05-10 09:00:00,-0.10098884248159311,core,own,1
2015-11,2016-05,2016-06-09 09:00:00,-0.11169862757412764,core,own,1
2015-12,2016-06,2016-07-12 09:00:00,-0.09500532710338414,core,own,1
2016-01,2016-07,2016-08-09 09:00:00,-0.10127003218195305,core,own,1
2016-02,2016-08,2016-09-09 09:00:00,-0.08075217755930214,core,own,1
2016-03,2016-09,2016-10-10 09:00:00,0.0009140792399153034,core,own,1
2016-04,2016-10,2016-11-09 09:00:00,0.11791295878523433,core,own,1
2016-05,2016-11,2016-12-09 09:00:00,0.20923988914439995,core,own,1
2016-06,2016-12,2017-01-10 09:00:00,0.2868404918909838,core,own,1
2016-07,2017-01,2017-02-10 09:00:00,0.3162281681579941,core,own,1
2016-08,2017-02,2017-03-09 09:00:00,0.3013876597573852,core,own,1
2016-09,2017-03,2017-04-10 09:00:00,0.20403552250050144,core,own,1
2016-10,2017-04,2017-05-10 09:00:00,0.1004785241648444,core,own,1
2016-11,2017-05,2017-06-09 09:00:00,-0.04903990849389994,core,own,1
2016-12,2017-06,2017-07-12 09:00:00,-0.044318999135753434,core,own,1
2017-01,2017-07,2017-08-09 09:00:00,-0.12351653394236592,core,own,1
2017-02,2017-08,2017-09-11 09:00:00,-0.19397380176232842,core,own,1
2017-03,2017-09,2017-10-09 09:00:00,-0.10736326395258881,core,own,1
2017-04,2017-10,2017-11-09 09:00:00,-0.031827517798531414,core,own,1
2017-05,2017-11,2017-12-11 09:00:00,0.0030649208330165946,core,own,1
2017-06,2017-12,2018-01-10 09:00:00,-0.06895261161052073,core,own,1
2017-07,2018-01,2018-02-14 09:00:00,-0.10852854366637352,core,own,1
2017-08,2018-02,2018-03-09 09:00:00,-0.08773406435441866,core,own,1
2017-09,2018-03,2018-04-10 09:00:00,0.05767856820817027,core,own,1
2017-10,2018-04,2018-05-10 09:00:00,0.0830922078615183,core,own,1
2017-11,2018-05,2018-06-11 09:00:00,0.03985919568082613,core,own,1
2017-12,2018-06,2018-07-11 09:00:00,0.07723896821050538,core,own,1
2018-01,2018-07,2018-08-09 09:00:00,0.2861994353645536,core,own,1
2018-02,2018-08,2018-09-10 09:00:00,0.26552668639687327,core,own,1
2018-03,2018-09,2018-10-09 09:00:00,0.08891139600462727,core,own,1
2018-04,2018-10,2018-11-09 09:00:00,-0.04497069719237019,core,own,1
2018-05,2018-11,2018-12-10 09:00:00,-0.04270235976033797,core,own,1
2018-06,2018-12,2019-01-10 09:00:00,0.0379547369679723,core,own,1
2018-07,2019-01,2019-02-13 09:00:00,0.10018527356448811,core,own,1
2018-08,2019-02,2019-03-11 09:00:00,-0.11662457002214865,core,own,1
2018-09,2019-03,2019-04-10 09:00:00,-0.06961800932118051,core,own,1
2018-10,2019-04,2019-05-13 09:00:00,-0.015391763115256474,core,own,1
2018-11,2019-05,2019-06-11 09:00:00,-0.09944673130237308,core,own,1
2018-12,2019-06,2019-07-11 09:00:00,-0.036633202170407664,core,own,1
2019-01,2019-07,2019-08-12 09:00:00,0.19310755100877375,core,own,1
2019-02,2019-08,2019-09-10 09:00:00,0.10282977079422545,core,own,1
2019-03,2019-09,2019-10-10 09:00:00,-0.055505308395709635,core,own,1
2019-04,2019-10,2019-11-11 09:00:00,-0.08014113621184427,core,own,1
2019-05,2019-11,2019-12-10 09:00:00,-0.09418864419909534,core,own,1
2019-06,2019-12,2020-01-13 09:00:00,0.05565769923177638,core,own,1
2019-07,2020-01,2020-02-14 09:00:00,0.1089226349988395,core,own,1
2019-08,2020-02,2020-03-10 09:00:00,0.08741079367170546,core,own,1
2019-09,2020-03,2020-04-14 09:00:00,0.06702738998671648,core,own,1
2019-10,2020-04,2020-05-13 09:00:00,0.04446730971223667,core,own,1
2019-11,2020-05,2020-06-10 09:00:00,-0.017231151144596446,core,own,1
2019-12,2020-06,2020-07-10 09:00:00,0.1956241546646071,core,own,1
2020-01,2020-07,2020-08-13 09:00:00,0.5266084323227769,core,own,1
2020-02,2020-08,2020-09-10 09:00:00,0.12975991396834508,core,own,1
2020-03,2020-09,2020-10-12 09:00:00,-0.1566017270773072,core,own,1
2020-04,2020-10,2020-11-10 09:00:00,-0.1585743903621804,core,own,1
2020-05,2020-11,2020-12-10 09:00:00,-0.03448452028766098,core,own,1
2020-06,2020-12,2021-01-13 09:00:00,-0.19775752847200675,core,own,1
2020-07,2021-01,2021-02-12 09:00:00,-0.1548433837022207,core,own,1
2020-08,2021-02,2021-03-10 09:00:00,-0.30669360203106055,core,own,1
2020-09,2021-03,2021-04-13 09:00:00,-0.12475350442483707,core,own,1
2020-10,2021-04,2021-05-11 09:00:00,-0.09249322792079936,core,own,1
2020-11,2021-05,2021-06-10 09:00:00,-0.04339047962607198,core,own,1
2020-12,2021-06,2021-07-13 09:00:00,0.23651410182819088,core,own,1
2021-01,2021-07,2021-08-10 09:00:00,0.6339025320157743,core,own,1
2021-02,2021-08,2021-09-10 09:00:00,0.731231203289838,core,own,1
2021-03,2021-09,2021-10-11 09:00:00,0.7922794710879351,core,own,1
2021-04,2021-10,2021-11-10 09:00:00,0.838897839171786,core,own,1
2021-05,2021-11,2021-12-10 09:00:00,0.9279434003464335,core,own,1
2021-06,2021-12,2022-01-12 09:00:00,0.8116040580263918,core,own,1
2021-07,2022-01,2022-02-14 09:00:00,0.7450091794179201,core,own,1
2021-08,2022-02,2022-03-10 09:00:00,0.3716583350065873,core,own,1
2021-09,2022-03,2022-04-11 09:00:00,0.3013832404001603,core,own,1
2021-10,2022-04,2022-05-10 09:00:00,0.2408207618367948,core,own,1
2021-11,2022-05,2022-06-10 09:00:00,0.4015054037816834,core,own,1
2021-12,2022-06,2022-07-13 09:00:00,0.42241533379847773,core,own,1
2022-01,2022-07,2022-08-10 09:00:00,0.4400528109564401,core,own,1
2022-02,2022-08,2022-09-12 09:00:00,0.11830000803808005,core,own,1
2022-03,2022-09,2022-10-11 09:00:00,0.10948405975409359,core,own,1
2022-04,2022-10,2022-11-10 09:00:00,0.03236891154538235,core,own,1
2022-05,2022-11,2022-12-12 09:00:00,-0.21636363902029077,core,own,1
2022-06,2022-12,2023-01-11 09:00:00,-0.5030290730573369,core,own,1
2022-07,2023-01,2023-02-10 09:00:00,-0.703276046718078,core,own,1
2022-08,2023-02,2023-03-10 09:00:00,-0.6409857393574278,core,own,1
2022-09,2023-03,2023-04-13 09:00:00,-0.5467317091833338,core,own,1
2022-10,2023-04,2023-05-11 09:00:00,-0.691188086898493,core,own,1
2022-11,2023-05,2023-06-12 09:00:00,-0.8021202737555834,core,own,1
2022-12,2023-06,2023-07-13 09:00:00,-0.6924326863115676,core,own,1
2023-01,2023-07,2023-08-10 09:00:00,-0.4055157223755185,core,own,1
2023-02,2023-08,2023-09-11 09:00:00,-0.30128059890928593,core,own,1
2023-03,2023-09,2023-10-10 09:00:00,-0.3842169446623309,core,own,1
2023-04,2023-10,2023-11-10 09:00:00,-0.5032749297867364,core,own,1
2023-05,2023-11,2023-12-11 09:00:00,-0.30433465689652683,core,own,1
2023-06,2023-12,2024-01-11 09:00:00,-0.22543179090113497,core,own,1
2023-07,2024-01,2024-02-15 09:00:00,-0.29789803251447217,core,own,1
2023-08,2024-02,2024-03-11 09:00:00,-0.3148972540009105,core,own,1
2023-09,2024-03,2024-04-10 09:00:00,-0.152461693265192,core,own,1
2023-10,2024-04,2024-05-13 09:00:00,-0.06384155938726829,core,own,1
2023-11,2024-05,2024-06-11 09:00:00,-0.07920398144084516,core,own,1
2023-12,2024-06,2024-07-10 09:00:00,-0.26476421286314844,core,own,1
2024-01,2024-07,2024-08-12 09:00:00,-0.01441898746586956,core,own,1
2024-02,2024-08,2024-09-10 09:00:00,0.12253915058777298,core,own,1
2024-03,2024-09,2024-10-10 09:00:00,0.03924399345134283,core,own,1
2024-04,2024-10,2024-11-11 09:00:00,-0.16560684306197831,core,own,1
2024-05,2024-11,2024-12-10 09:00:00,-0.08013519467372397,core,own,1
2024-06,2024-12,2025-01-13 09:00:00,-0.0348600197259156,core,own,1
2024-07,2025-01,2025-02-12 09:00:00,0.04926359037728115,core,own,1
2024-08,2025-02,2025-03-11 09:00:00,-0.030217462835657682,core,own,1
2024-09,2025-03,2025-04-10 09:00:00,0.04726440139547006,core,own,1
2024-10,2025-04,2025-05-13 09:00:00,0.07558199113277672,core,own,1
2024-11,2025-05,2025-06-10 09:00:00,0.032193358986202444,core,own,1
2024-12,2025-06,2025-07-10 09:00:00,-0.015035412092930245,core,own,1
2025-01,2025-07,2025-08-08 09:00:00,0.06195323249439433,core,own,1
2025-02,2025-08,2025-09-10 09:00:00,0.0857548477828104,core,own,1
2025-03,2025-09,2025-10-10 09:00:00,-0.0180931723541215,core,own,1
2025-04,2025-10,2025-11-11 09:00:00,-0.07927151136435692,core,own,1
2025-05,2025-11,2025-12-10 09:00:00,-0.11988037249183377,core,own,1
2025-06,2025-12,2026-01-13 09:00:00,-0.031217211577082238,core,own,1
2025-07,2026-01,2026-02-13 09:00:00,-0.03184838026772571,core,own,1
2025-08,2026-02,2026-03-10 09:00:00,0.04827286137901393,core,own,1
2025-09,2026-03,2026-04-14 09:00:00,0.062279293334416175,core,own,1
2025-10,2026-04,2026-05-13 09:00:00,0.16096013065476836,core,own,1
2025-11,2026-05,2026-06-10 09:00:00,0.13328331119953257,core,own,1
2025-12,2026-06,2026-07-10 09:00:00,0.06089903324321744,core,own,1
2010-01,2010-07,2010-08-09 09:00:00,-0.045722536699488725,core,services,1
2010-02,2010-08,2010-09-09 09:00:00,0.13270769004898428,core,services,1
2010-03,2010-09,2010-10-11 09:00:00,0.16093814999292944,core,services,1
2010-04,2010-10,2010-11-09 09:00:00,0.16541220676378812,core,services,1
2010-05,2010-11,2010-12-09 09:00:00,0.14078682111571406,core,services,1
2010-06,2010-12,2011-01-10 09:00:00,0.0771657185473521,core,services,1
2010-07,2011-01,2011-02-09 09:00:00,0.006179435936711719,core,services,1
2010-08,2011-02,2011-03-09 09:00:00,-0.06781943183795816,core,services,1
2010-09,2011-03,2011-04-11 09:00:00,-0.06787313655783501,core,services,1
2010-10,2011-04,2011-05-10 09:00:00,-0.04594561621616863,core,services,1
2010-11,2011-05,2011-06-09 09:00:00,-0.01739436206675822,core,services,1
2010-12,2011-06,2011-07-12 09:00:00,0.015038345474986944,core,services,1
2011-01,2011-07,2011-08-09 09:00:00,0.004156636311227001,core,services,1
2011-02,2011-08,2011-09-09 09:00:00,0.021418197510878062,core,services,1
2011-03,2011-09,2011-10-10 09:00:00,0.12496880675999279,core,services,1
2011-04,2011-10,2011-11-09 09:00:00,0.21343174648897895,core,services,1
2011-05,2011-11,2011-12-09 09:00:00,0.20914760858480663,core,services,1
2011-06,2011-12,2012-01-09 09:00:00,0.17706135947675733,core,services,1
2011-07,2012-01,2012-02-16 09:00:00,0.06364095914789075,core,services,1
2011-08,2012-02,2012-03-09 09:00:00,0.01944127048337107,core,services,1
2011-09,2012-03,2012-04-10 09:00:00,0.00041673563893368054,core,services,1
2011-10,2012-04,2012-05-10 09:00:00,-0.00494057154055183,core,services,1
2011-11,2012-05,2012-06-11 09:00:00,-0.08563443697124634,core,services,1
2011-12,2012-06,2012-07-11 09:00:00,-0.013295105863499912,core,services,1
2012-01,2012-07,2012-08-09 09:00:00,-0.08682326100109687,core,services,1
2012-02,2012-08,2012-09-10 09:00:00,-0.1510450837384708,core,services,1
2012-03,2012-09,2012-10-09 09:00:00,-0.10559543271013269,core,services,1
2012-04,2012-10,2012-11-09 09:00:00,0.062320388980241365,core,services,1
2012-05,2012-11,2012-12-10 09:00:00,0.003929008595430328,core,services,1
2012-06,2012-12,2013-01-09 09:00:00,-0.06281739952606939,core,services,1
2012-07,2013-01,2013-02-11 09:00:00,-0.05804037839831729,core,services,1
2012-08,2013-02,2013-03-11 09:00:00,0.08038589917015802,core,services,1
2012-09,2013-03,2013-04-09 09:00:00,0.11068663809906329,core,services,1
2012-10,2013-04,2013-05-10 09:00:00,0.019230304548773343,core,services,1
2012-11,2013-05,2013-06-10 09:00:00,-0.15981014527301285,core,services,1
2012-12,2013-06,2013-07-09 09:00:00,-0.09305553786125748,core,services,1
2013-01,2013-07,2013-08-09 09:00:00,-0.08938140438298904,core,services,1
2013-02,2013-08,2013-09-09 09:00:00,-0.10460518465338442,core,services,1
2013-03,2013-09,2013-10-09 09:00:00,-0.10355989941211696,core,services,1
2013-04,2013-10,2013-11-11 09:00:00,0.07586700761283593,core,services,1
2013-05,2013-11,2013-12-09 09:00:00,0.09479492130473408,core,services,1
2013-06,2013-12,2014-01-09 09:00:00,0.22024786137675811,core,services,1
2013-07,2014-01,2014-02-12 09:00:00,0.14438640716068074,core,services,1
2013-08,2014-02,2014-03-10 09:00:00,0.1583901487303618,core,services,1
2013-09,2014-03,2014-04-09 09:00:00,0.17843028112606707,core,services,1
2013-10,2014-04,2014-05-12 09:00:00,0.19580758115729352,core,services,1
2013-11,2014-05,2014-06-09 09:00:00,0.034889626173441685,core,services,1
2013-12,2014-06,2014-07-09 09:00:00,0.1418607855245369,core,services,1
2014-01,2014-07,2014-08-11 09:00:00,0.036961800254613084,core,services,1
2014-02,2014-08,2014-09-09 09:00:00,0.06092517179367973,core,services,1
2014-03,2014-09,2014-10-09 09:00:00,-0.018628711477019666,core,services,1
2014-04,2014-10,2014-11-10 09:00:00,0.04687998648805673,core,services,1
2014-05,2014-11,2014-12-09 09:00:00,-0.0001356708413023655,core,services,1
2014-06,2014-12,2015-01-09 09:00:00,0.12397805181851297,core,services,1
2014-07,2015-01,2015-02-09 09:00:00,0.05444917287313747,core,services,1
2014-08,2015-02,2015-03-09 09:00:00,0.11492461507875966,core,services,1
2014-09,2015-03,2015-04-09 09:00:00,-0.020635084831638006,core,services,1
2014-10,2015-04,2015-05-12 09:00:00,-0.018853437849041255,core,services,1
2014-11,2015-05,2015-06-09 09:00:00,-0.015813686188261095,core,services,1
2014-12,2015-06,2015-07-09 09:00:00,0.08966055688559971,core,services,1
2015-01,2015-07,2015-08-10 09:00:00,-0.009340065084367688,core,services,1
2015-02,2015-08,2015-09-09 09:00:00,-0.046478818482316886,core,services,1
2015-03,2015-09,2015-10-09 09:00:00,-0.01174521900409799,core,services,1
2015-04,2015-10,2015-11-09 09:00:00,0.1284078020772299,core,services,1
2015-05,2015-11,2015-12-09 09:00:00,0.07077447788730505,core,services,1
2015-06,2015-12,2016-01-12 09:00:00,0.10779269847111894,core,services,1
2015-07,2016-01,2016-02-12 09:00:00,0.005483745564356712,core,services,1
2015-08,2016-02,2016-03-09 09:00:00,0.026910191667699424,core,services,1
2015-09,2016-03,2016-04-11 09:00:00,-0.07768282944625991,core,services,1
2015-10,2016-04,2016-05-10 09:00:00,-0.10098884248159311,core,services,1
2015-11,2016-05,2016-06-09 09:00:00,-0.11169862757412764,core,services,1
2015-12,2016-06,2016-07-12 09:00:00,-0.09500532710338414,core,services,1
2016-01,2016-07,2016-08-09 09:00:00,-0.10127003218195305,core,services,1
2016-02,2016-08,2016-09-09 09:00:00,-0.08075217755930214,core,services,1
2016-03,2016-09,2016-10-10 09:00:00,0.0009140792399153034,core,services,1
2016-04,2016-10,2016-11-09 09:00:00,0.11791295878523433,core,services,1
2016-05,2016-11,2016-12-09 09:00:00,0.20923988914439995,core,services,1
2016-06,2016-12,2017-01-10 09:00:00,0.2868404918909838,core,services,1
2016-07,2017-01,2017-02-10 09:00:00,0.3162281681579941,core,services,1
2016-08,2017-02,2017-03-09 09:00:00,0.3013876597573852,core,services,1
2016-09,2017-03,2017-04-10 09:00:00,0.20403552250050144,core,services,1
2016-10,2017-04,2017-05-10 09:00:00,0.1004785241648444,core,services,1
2016-11,2017-05,2017-06-09 09:00:00,-0.04903990849389994,core,services,1
2016-12,2017-06,2017-07-12 09:00:00,-0.044318999135753434,core,services,1
2017-01,2017-07,2017-08-09 09:00:00,-0.12351653394236592,core,services,1
2017-02,2017-08,2017-09-11 09:00:00,-0.19397380176232842,core,services,1
2017-03,2017-09,2017-10-09 09:00:00,-0.10736326395258881,core,services,1
2017-04,2017-10,2017-11-09 09:00:00,-0.031827517798531414,core,services,1
2017-05,2017-11,2017-12-11 09:00:00,0.0030649208330165946,core,services,1
2017-06,2017-12,2018-01-10 09:00:00,-0.06895261161052073,core,services,1
2017-07,2018-01,2018-02-14 09:00:00,-0.10852854366637352,core,services,1
2017-08,2018-02,2018-03-09 09:00:00,-0.08773406435441866,core,services,1
2017-09,2018-03,2018-04-10 09:00:00,0.05767856820817027,core,services,1
2017-10,2018-04,2018-05-10 09:00:00,0.0830922078615183,core,services,1
2017-11,2018-05,2018-06-11 09:00:00,0.03985919568082613,core,services,1
2017-12,2018-06,2018-07-11 09:00:00,0.07723896821050538,core,services,1
2018-01,2018-07,2018-08-09 09:00:00,0.2861994353645536,core,services,1
2018-02,2018-08,2018-09-10 09:00:00,0.26552668639687327,core,services,1
2018-03,2018-09,2018-10-09 09:00:00,0.08891139600462727,core,services,1
2018-04,2018-10,2018-11-09 09:00:00,-0.04497069719237019,core,services,1
2018-05,2018-11,2018-12-10 09:00:00,-0.04270235976033797,core,services,1
2018-06,2018-12,2019-01-10 09:00:00,0.0379547369679723,core,services,1
2018-07,2019-01,2019-02-13 09:00:00,0.10018527356448811,core,services,1
2018-08,2019-02,2019-03-11 09:00:00,-0.11662457002214865,core,services,1
2018-09,2019-03,2019-04-10 09:00:00,-0.06961800932118051,core,services,1
2018-10,2019-04,2019-05-13 09:00:00,-0.015391763115256474,core,services,1
2018-11,2019-05,2019-06-11 09:00:00,-0.09944673130237308,core,services,1
2018-12,2019-06,2019-07-11 09:00:00,-0.036633202170407664,core,services,1
2019-01,2019-07,2019-08-12 09:00:00,0.19310755100877375,core,services,1
2019-02,2019-08,2019-09-10 09:00:00,0.10282977079422545,core,services,1
2019-03,2019-09,2019-10-10 09:00:00,-0.055505308395709635,core,services,1
2019-04,2019-10,2019-11-11 09:00:00,-0.08014113621184427,core,services,1
2019-05,2019-11,2019-12-10 09:00:00,-0.09418864419909534,core,services,1
2019-06,2019-12,2020-01-13 09:00:00,0.05565769923177638,core,services,1
2019-07,2020-01,2020-02-14 09:00:00,0.1089226349988395,core,services,1
2019-08,2020-02,2020-03-10 09:00:00,0.08741079367170546,core,services,1
2019-09,2020-03,2020-04-14 09:00:00,0.06702738998671648,core,services,1
2019-10,2020-04,2020-05-13 09:00:00,0.04446730971223667,core,services,1
2019-11,2020-05,2020-06-10 09:00:00,-0.017231151144596446,core,services,1
2019-12,2020-06,2020-07-10 09:00:00,0.1956241546646071,core,services,1
2020-01,2020-07,2020-08-13 09:00:00,0.5266084323227769,core,services,1
2020-02,2020-08,2020-09-10 09:00:00,0.12975991396834508,core,services,1
2020-03,2020-09,2020-10-12 09:00:00,-0.1566017270773072,core,services,1
2020-04,2020-10,2020-11-10 09:00:00,-0.1585743903621804,core,services,1
2020-05,2020-11,2020-12-10 09:00:00,-0.03448452028766098,core,services,1
2020-06,2020-12,2021-01-13 09:00:00,-0.19775752847200675,core,services,1
2020-07,2021-01,2021-02-12 09:00:00,-0.1548433837022207,core,services,1
2020-08,2021-02,2021-03-10 09:00:00,-0.30669360203106055,core,services,1
2020-09,2021-03,2021-04-13 09:00:00,-0.12475350442483707,core,services,1
2020-10,2021-04,2021-05-11 09:00:00,-0.09249322792079936,core,services,1
2020-11,2021-05,2021-06-10 09:00:00,-0.04339047962607198,core,services,1
2020-12,2021-06,2021-07-13 09:00:00,0.23651410182819088,core,services,1
2021-01,2021-07,2021-08-10 09:00:00,0.6339025320157743,core,services,1
2021-02,2021-08,2021-09-10 09:00:00,0.731231203289838,core,services,1
2021-03,2021-09,2021-10-11 09:00:00,0.7922794710879351,core,services,1
2021-04,2021-10,2021-11-10 09:00:00,0.838897839171786,core,services,1
2021-05,2021-11,2021-12-10 09:00:00,0.9279434003464335,core,services,1
2021-06,2021-12,2022-01-12 09:00:00,0.8116040580263918,core,services,1
2021-07,2022-01,2022-02-14 09:00:00,0.7450091794179201,core,services,1
2021-08,2022-02,2022-03-10 09:00:00,0.3716583350065873,core,services,1
2021-09,2022-03,2022-04-11 09:00:00,0.3013832404001603,core,services,1
2021-10,2022-04,2022-05-10 09:00:00,0.2408207618367948,core,services,1
2021-11,2022-05,2022-06-10 09:00:00,0.4015054037816834,core,services,1
2021-12,2022-06,2022-07-13 09:00:00,0.42241533379847773,core,services,1
2022-01,2022-07,2022-08-10 09:00:00,0.4400528109564401,core,services,1
2022-02,2022-08,2022-09-12 09:00:00,0.11830000803808005,core,services,1
2022-03,2022-09,2022-10-11 09:00:00,0.10948405975409359,core,services,1
2022-04,2022-10,2022-11-10 09:00:00,0.03236891154538235,core,services,1
2022-05,2022-11,2022-12-12 09:00:00,-0.21636363902029077,core,services,1
2022-06,2022-12,2023-01-11 09:00:00,-0.5030290730573369,core,services,1
2022-07,2023-01,2023-02-10 09:00:00,-0.703276046718078,core,services,1
2022-08,2023-02,2023-03-10 09:00:00,-0.6409857393574278,core,services,1
2022-09,2023-03,2023-04-13 09:00:00,-0.5467317091833338,core,services,1
2022-10,2023-04,2023-05-11 09:00:00,-0.691188086898493,core,services,1
2022-11,2023-05,2023-06-12 09:00:00,-0.8021202737555834,core,services,1
2022-12,2023-06,2023-07-13 09:00:00,-0.6924326863115676,core,services,1
2023-01,2023-07,2023-08-10 09:00:00,-0.4055157223755185,core,services,1
2023-02,2023-08,2023-09-11 09:00:00,-0.30128059890928593,core,services,1
2023-03,2023-09,2023-10-10 09:00:00,-0.3842169446623309,core,services,1
2023-04,2023-10,2023-11-10 09:00:00,-0.5032749297867364,core,services,1
2023-05,2023-11,2023-12-11 09:00:00,-0.30433465689652683,core,services,1
2023-06,2023-12,2024-01-11 09:00:00,-0.22543179090113497,core,services,1
2023-07,2024-01,2024-02-15 09:00:00,-0.29789803251447217,core,services,1
2023-08,2024-02,2024-03-11 09:00:00,-0.3148972540009105,core,services,1
2023-09,2024-03,2024-04-10 09:00:00,-0.152461693265192,core,services,1
2023-10,2024-04,2024-05-13 09:00:00,-0.06384155938726829,core,services,1
2023-11,2024-05,2024-06-11 09:00:00,-0.07920398144084516,core,services,1
2023-12,2024-06,2024-07-10 09:00:00,-0.26476421286314844,core,services,1
2024-01,2024-07,2024-08-12 09:00:00,-0.01441898746586956,core,services,1
2024-02,2024-08,2024-09-10 09:00:00,0.12253915058777298,core,services,1
2024-03,2024-09,2024-10-10 09:00:00,0.03924399345134283,core,services,1
2024-04,2024-10,2024-11-11 09:00:00,-0.16560684306197831,core,services,1
2024-05,2024-11,2024-12-10 09:00:00,-0.08013519467372397,core,services,1
2024-06,2024-12,2025-01-13 09:00:00,-0.0348600197259156,core,services,1
2024-07,2025-01,2025-02-12 09:00:00,0.04926359037728115,core,services,1
2024-08,2025-02,2025-03-11 09:00:00,-0.030217462835657682,core,services,1
2024-09,2025-03,2025-04-10 09:00:00,0.04726440139547006,core,services,1
2024-10,2025-04,2025-05-13 09:00:00,0.07558199113277672,core,services,1
2024-11,2025-05,2025-06-10 09:00:00,0.032193358986202444,core,services,1
2024-12,2025-06,2025-07-10 09:00:00,-0.015035412092930245,core,services,1
2025-01,2025-07,2025-08-08 09:00:00,0.06195323249439433,core,services,1
2025-02,2025-08,2025-09-10 09:00:00,0.0857548477828104,core,services,1
2025-03,2025-09,2025-10-10 09:00:00,-0.0180931723541215,core,services,1
2025-04,2025-10,2025-11-11 09:00:00,-0.07927151136435692,core,services,1
2025-05,2025-11,2025-12-10 09:00:00,-0.11988037249183377,core,services,1
2025-06,2025-12,2026-01-13 09:00:00,-0.031217211577082238,core,services,1
2025-07,2026-01,2026-02-13 09:00:00,-0.03184838026772571,core,services,1
2025-08,2026-02,2026-03-10 09:00:00,0.04827286137901393,core,services,1
2025-09,2026-03,2026-04-14 09:00:00,0.062279293334416175,core,services,1
2025-10,2026-04,2026-05-13 09:00:00,0.16096013065476836,core,services,1
2025-11,2026-05,2026-06-10 09:00:00,0.13328331119953257,core,services,1
2025-12,2026-06,2026-07-10 09:00:00,0.06089903324321744,core,services,1
2010-01,2010-07,2010-08-09 09:00:00,-0.045722536699488725,core,goods,1
2010-02,2010-08,2010-09-09 09:00:00,0.13270769004898428,core,goods,1
2010-03,2010-09,2010-10-11 09:00:00,0.16093814999292944,core,goods,1
2010-04,2010-10,2010-11-09 09:00:00,0.16541220676378812,core,goods,1
2010-05,2010-11,2010-12-09 09:00:00,0.14078682111571406,core,goods,1
2010-06,2010-12,2011-01-10 09:00:00,0.0771657185473521,core,goods,1
2010-07,2011-01,2011-02-09 09:00:00,0.006179435936711719,core,goods,1
2010-08,2011-02,2011-03-09 09:00:00,-0.06781943183795816,core,goods,1
2010-09,2011-03,2011-04-11 09:00:00,-0.06787313655783501,core,goods,1
2010-10,2011-04,2011-05-10 09:00:00,-0.04594561621616863,core,goods,1
2010-11,2011-05,2011-06-09 09:00:00,-0.01739436206675822,core,goods,1
2010-12,2011-06,2011-07-12 09:00:00,0.015038345474986944,core,goods,1
2011-01,2011-07,2011-08-09 09:00:00,0.004156636311227001,core,goods,1
2011-02,2011-08,2011-09-09 09:00:00,0.021418197510878062,core,goods,1
2011-03,2011-09,2011-10-10 09:00:00,0.12496880675999279,core,goods,1
2011-04,2011-10,2011-11-09 09:00:00,0.21343174648897895,core,goods,1
2011-05,2011-11,2011-12-09 09:00:00,0.20914760858480663,core,goods,1
2011-06,2011-12,2012-01-09 09:00:00,0.17706135947675733,core,goods,1
2011-07,2012-01,2012-02-16 09:00:00,0.06364095914789075,core,goods,1
2011-08,2012-02,2012-03-09 09:00:00,0.01944127048337107,core,goods,1
2011-09,2012-03,2012-04-10 09:00:00,0.00041673563893368054,core,goods,1
2011-10,2012-04,2012-05-10 09:00:00,-0.00494057154055183,core,goods,1
2011-11,2012-05,2012-06-11 09:00:00,-0.08563443697124634,core,goods,1
2011-12,2012-06,2012-07-11 09:00:00,-0.013295105863499912,core,goods,1
2012-01,2012-07,2012-08-09 09:00:00,-0.08682326100109687,core,goods,1
2012-02,2012-08,2012-09-10 09:00:00,-0.1510450837384708,core,goods,1
2012-03,2012-09,2012-10-09 09:00:00,-0.10559543271013269,core,goods,1
2012-04,2012-10,2012-11-09 09:00:00,0.062320388980241365,core,goods,1
2012-05,2012-11,2012-12-10 09:00:00,0.003929008595430328,core,goods,1
2012-06,2012-12,2013-01-09 09:00:00,-0.06281739952606939,core,goods,1
2012-07,2013-01,2013-02-11 09:00:00,-0.05804037839831729,core,goods,1
2012-08,2013-02,2013-03-11 09:00:00,0.08038589917015802,core,goods,1
2012-09,2013-03,2013-04-09 09:00:00,0.11068663809906329,core,goods,1
2012-10,2013-04,2013-05-10 09:00:00,0.019230304548773343,core,goods,1
2012-11,2013-05,2013-06-10 09:00:00,-0.15981014527301285,core,goods,1
2012-12,2013-06,2013-07-09 09:00:00,-0.09305553786125748,core,goods,1
2013-01,2013-07,2013-08-09 09:00:00,-0.08938140438298904,core,goods,1
2013-02,2013-08,2013-09-09 09:00:00,-0.10460518465338442,core,goods,1
2013-03,2013-09,2013-10-09 09:00:00,-0.10355989941211696,core,goods,1
2013-04,2013-10,2013-11-11 09:00:00,0.07586700761283593,core,goods,1
2013-05,2013-11,2013-12-09 09:00:00,0.09479492130473408,core,goods,1
2013-06,2013-12,2014-01-09 09:00:00,0.22024786137675811,core,goods,1
2013-07,2014-01,2014-02-12 09:00:00,0.14438640716068074,core,goods,1
2013-08,2014-02,2014-03-10 09:00:00,0.1583901487303618,core,goods,1
2013-09,2014-03,2014-04-09 09:00:00,0.17843028112606707,core,goods,1
2013-10,2014-04,2014-05-12 09:00:00,0.19580758115729352,core,goods,1
2013-11,2014-05,2014-06-09 09:00:00,0.034889626173441685,core,goods,1
2013-12,2014-06,2014-07-09 09:00:00,0.1418607855245369,core,goods,1
2014-01,2014-07,2014-08-11 09:00:00,0.036961800254613084,core,goods,1
2014-02,2014-08,2014-09-09 09:00:00,0.06092517179367973,core,goods,1
2014-03,2014-09,2014-10-09 09:00:00,-0.018628711477019666,core,goods,1
2014-04,2014-10,2014-11-10 09:00:00,0.04687998648805673,core,goods,1
2014-05,2014-11,2014-12-09 09:00:00,-0.0001356708413023655,core,goods,1
2014-06,2014-12,2015-01-09 09:00:00,0.12397805181851297,core,goods,1
2014-07,2015-01,2015-02-09 09:00:00,0.05444917287313747,core,goods,1
2014-08,2015-02,2015-03-09 09:00:00,0.11492461507875966,core,goods,1
2014-09,2015-03,2015-04-09 09:00:00,-0.020635084831638006,core,goods,1
2014-10,2015-04,2015-05-12 09:00:00,-0.018853437849041255,core,goods,1
2014-11,2015-05,2015-06-09 09:00:00,-0.015813686188261095,core,goods,1
2014-12,2015-06,2015-07-09 09:00:00,0.08966055688559971,core,goods,1
2015-01,2015-07,2015-08-10 09:00:00,-0.009340065084367688,core,goods,1
2015-02,2015-08,2015-09-09 09:00:00,-0.046478818482316886,core,goods,1
2015-03,2015-09,2015-10-09 09:00:00,-0.01174521900409799,core,goods,1
2015-04,2015-10,2015-11-09 09:00:00,0.1284078020772299,core,goods,1
2015-05,2015-11,2015-12-09 09:00:00,0.07077447788730505,core,goods,1
2015-06,2015-12,2016-01-12 09:00:00,0.10779269847111894,core,goods,1
2015-07,2016-01,2016-02-12 09:00:00,0.005483745564356712,core,goods,1
2015-08,2016-02,2016-03-09 09:00:00,0.026910191667699424,core,goods,1
2015-09,2016-03,2016-04-11 09:00:00,-0.07768282944625991,core,goods,1
2015-10,2016-04,2016-05-10 09:00:00,-0.10098884248159311,core,goods,1
2015-11,2016-05,2016-06-09 09:00:00,-0.11169862757412764,core,goods,1
2015-12,2016-06,2016-07-12 09:00:00,-0.09500532710338414,core,goods,1
2016-01,2016-07,2016-08-09 09:00:00,-0.10127003218195305,core,goods,1
2016-02,2016-08,2016-09-09 09:00:00,-0.08075217755930214,core,goods,1
2016-03,2016-09,2016-10-10 09:00:00,0.0009140792399153034,core,goods,1
2016-04,2016-10,2016-11-09 09:00:00,0.11791295878523433,core,goods,1
2016-05,2016-11,2016-12-09 09:00:00,0.20923988914439995,core,goods,1
2016-06,2016-12,2017-01-10 09:00:00,0.2868404918909838,core,goods,1
2016-07,2017-01,2017-02-10 09:00:00,0.3162281681579941,core,goods,1
2016-08,2017-02,2017-03-09 09:00:00,0.3013876597573852,core,goods,1
2016-09,2017-03,2017-04-10 09:00:00,0.20403552250050144,core,goods,1
2016-10,2017-04,2017-05-10 09:00:00,0.1004785241648444,core,goods,1
2016-11,2017-05,2017-06-09 09:00:00,-0.04903990849389994,core,goods,1
2016-12,2017-06,2017-07-12 09:00:00,-0.044318999135753434,core,goods,1
2017-01,2017-07,2017-08-09 09:00:00,-0.12351653394236592,core,goods,1
2017-02,2017-08,2017-09-11 09:00:00,-0.19397380176232842,core,goods,1
2017-03,2017-09,2017-10-09 09:00:00,-0.10736326395258881,core,goods,1
2017-04,2017-10,2017-11-09 09:00:00,-0.031827517798531414,core,goods,1
2017-05,2017-11,2017-12-11 09:00:00,0.0030649208330165946,core,goods,1
2017-06,2017-12,2018-01-10 09:00:00,-0.06895261161052073,core,goods,1
2017-07,2018-01,2018-02-14 09:00:00,-0.10852854366637352,core,goods,1
2017-08,2018-02,2018-03-09 09:00:00,-0.08773406435441866,core,goods,1
2017-09,2018-03,2018-04-10 09:00:00,0.05767856820817027,core,goods,1
2017-10,2018-04,2018-05-10 09:00:00,0.0830922078615183,core,goods,1
2017-11,2018-05,2018-06-11 09:00:00,0.03985919568082613,core,goods,1
2017-12,2018-06,2018-07-11 09:00:00,0.07723896821050538,core,goods,1
2018-01,2018-07,2018-08-09 09:00:00,0.2861994353645536,core,goods,1
2018-02,2018-08,2018-09-10 09:00:00,0.26552668639687327,core,goods,1
2018-03,2018-09,2018-10-09 09:00:00,0.08891139600462727,core,goods,1
2018-04,2018-10,2018-11-09 09:00:00,-0.04497069719237019,core,goods,1
2018-05,2018-11,2018-12-10 09:00:00,-0.04270235976033797,core,goods,1
2018-06,2018-12,2019-01-10 09:00:00,0.0379547369679723,core,goods,1
2018-07,2019-01,2019-02-13 09:00:00,0.10018527356448811,core,goods,1
2018-08,2019-02,2019-03-11 09:00:00,-0.11662457002214865,core,goods,1
2018-09,2019-03,2019-04-10 09:00:00,-0.06961800932118051,core,goods,1
2018-10,2019-04,2019-05-13 09:00:00,-0.015391763115256474,core,goods,1
2018-11,2019-05,2019-06-11 09:00:00,-0.09944673130237308,core,goods,1
2018-12,2019-06,2019-07-11 09:00:00,-0.036633202170407664,core,goods,1
2019-01,2019-07,2019-08-12 09:00:00,0.19310755100877375,core,goods,1
2019-02,2019-08,2019-09-10 09:00:00,0.10282977079422545,core,goods,1
2019-03,2019-09,2019-10-10 09:00:00,-0.055505308395709635,core,goods,1
2019-04,2019-10,2019-11-11 09:00:00,-0.08014113621184427,core,goods,1
2019-05,2019-11,2019-12-10 09:00:00,-0.09418864419909534,core,goods,1
2019-06,2019-12,2020-01-13 09:00:00,0.05565769923177638,core,goods,1
2019-07,2020-01,2020-02-14 09:00:00,0.1089226349988395,core,goods,1
2019-08,2020-02,2020-03-10 09:00:00,0.08741079367170546,core,goods,1
2019-09,2020-03,2020-04-14 09:00:00,0.06702738998671648,core,goods,1
2019-10,2020-04,2020-05-13 09:00:00,0.04446730971223667,core,goods,1
2019-11,2020-05,2020-06-10 09:00:00,-0.017231151144596446,core,goods,1
2019-12,2020-06,2020-07-10 09:00:00,0.1956241546646071,core,goods,1
2020-01,2020-07,2020-08-13 09:00:00,0.5266084323227769,core,goods,1
2020-02,2020-08,2020-09-10 09:00:00,0.12975991396834508,core,goods,1
2020-03,2020-09,2020-10-12 09:00:00,-0.1566017270773072,core,goods,1
2020-04,2020-10,2020-11-10 09:00:00,-0.1585743903621804,core,goods,1
2020-05,2020-11,2020-12-10 09:00:00,-0.03448452028766098,core,goods,1
2020-06,2020-12,2021-01-13 09:00:00,-0.19775752847200675,core,goods,1
2020-07,2021-01,2021-02-12 09:00:00,-0.1548433837022207,core,goods,1
2020-08,2021-02,2021-03-10 09:00:00,-0.30669360203106055,core,goods,1
2020-09,2021-03,2021-04-13 09:00:00,-0.12475350442483707,core,goods,1
2020-10,2021-04,2021-05-11 09:00:00,-0.09249322792079936,core,goods,1
2020-11,2021-05,2021-06-10 09:00:00,-0.04339047962607198,core,goods,1
2020-12,2021-06,2021-07-13 09:00:00,0.23651410182819088,core,goods,1
2021-01,2021-07,2021-08-10 09:00:00,0.6339025320157743,core,goods,1
2021-02,2021-08,2021-09-10 09:00:00,0.731231203289838,core,goods,1
2021-03,2021-09,2021-10-11 09:00:00,0.7922794710879351,core,goods,1
2021-04,2021-10,2021-11-10 09:00:00,0.838897839171786,core,goods,1
2021-05,2021-11,2021-12-10 09:00:00,0.9279434003464335,core,goods,1
2021-06,2021-12,2022-01-12 09:00:00,0.8116040580263918,core,goods,1
2021-07,2022-01,2022-02-14 09:00:00,0.7450091794179201,core,goods,1
2021-08,2022-02,2022-03-10 09:00:00,0.3716583350065873,core,goods,1
2021-09,2022-03,2022-04-11 09:00:00,0.3013832404001603,core,goods,1
2021-10,2022-04,2022-05-10 09:00:00,0.2408207618367948,core,goods,1
2021-11,2022-05,2022-06-10 09:00:00,0.4015054037816834,core,goods,1
2021-12,2022-06,2022-07-13 09:00:00,0.42241533379847773,core,goods,1
2022-01,2022-07,2022-08-10 09:00:00,0.4400528109564401,core,goods,1
2022-02,2022-08,2022-09-12 09:00:00,0.11830000803808005,core,goods,1
2022-03,2022-09,2022-10-11 09:00:00,0.10948405975409359,core,goods,1
2022-04,2022-10,2022-11-10 09:00:00,0.03236891154538235,core,goods,1
2022-05,2022-11,2022-12-12 09:00:00,-0.21636363902029077,core,goods,1
2022-06,2022-12,2023-01-11 09:00:00,-0.5030290730573369,core,goods,1
2022-07,2023-01,2023-02-10 09:00:00,-0.703276046718078,core,goods,1
2022-08,2023-02,2023-03-10 09:00:00,-0.6409857393574278,core,goods,1
2022-09,2023-03,2023-04-13 09:00:00,-0.5467317091833338,core,goods,1
2022-10,2023-04,2023-05-11 09:00:00,-0.691188086898493,core,goods,1
2022-11,2023-05,2023-06-12 09:00:00,-0.8021202737555834,core,goods,1
2022-12,2023-06,2023-07-13 09:00:00,-0.6924326863115676,core,goods,1
2023-01,2023-07,2023-08-10 09:00:00,-0.4055157223755185,core,goods,1
2023-02,2023-08,2023-09-11 09:00:00,-0.30128059890928593,core,goods,1
2023-03,2023-09,2023-10-10 09:00:00,-0.3842169446623309,core,goods,1
2023-04,2023-10,2023-11-10 09:00:00,-0.5032749297867364,core,goods,1
2023-05,2023-11,2023-12-11 09:00:00,-0.30433465689652683,core,goods,1
2023-06,2023-12,2024-01-11 09:00:00,-0.22543179090113497,core,goods,1
2023-07,2024-01,2024-02-15 09:00:00,-0.29789803251447217,core,goods,1
2023-08,2024-02,2024-03-11 09:00:00,-0.3148972540009105,core,goods,1
2023-09,2024-03,2024-04-10 09:00:00,-0.152461693265192,core,goods,1
2023-10,2024-04,2024-05-13 09:00:00,-0.06384155938726829,core,goods,1
2023-11,2024-05,2024-06-11 09:00:00,-0.07920398144084516,core,goods,1
2023-12,2024-06,2024-07-10 09:00:00,-0.26476421286314844,core,goods,1
2024-01,2024-07,2024-08-12 09:00:00,-0.01441898746586956,core,goods,1
2024-02,2024-08,2024-09-10 09:00:00,0.12253915058777298,core,goods,1
2024-03,2024-09,2024-10-10 09:00:00,0.03924399345134283,core,goods,1
2024-04,2024-10,2024-11-11 09:00:00,-0.16560684306197831,core,goods,1
2024-05,2024-11,2024-12-10 09:00:00,-0.08013519467372397,core,goods,1
2024-06,2024-12,2025-01-13 09:00:00,-0.0348600197259156,core,goods,1
2024-07,2025-01,2025-02-12 09:00:00,0.04926359037728115,core,goods,1
2024-08,2025-02,2025-03-11 09:00:00,-0.030217462835657682,core,goods,1
2024-09,2025-03,2025-04-10 09:00:00,0.04726440139547006,core,goods,1
2024-10,2025-04,2025-05-13 09:00:00,0.07558199113277672,core,goods,1
2024-11,2025-05,2025-06-10 09:00:00,0.032193358986202444,core,goods,1
2024-12,2025-06,2025-07-10 09:00:00,-0.015035412092930245,core,goods,1
2025-01,2025-07,2025-08-08 09:00:00,0.06195323249439433,core,goods,1
2025-02,2025-08,2025-09-10 09:00:00,0.0857548477828104,core,goods,1
2025-03,2025-09,2025-10-10 09:00:00,-0.0180931723541215,core,goods,1
2025-04,2025-10,2025-11-11 09:00:00,-0.07927151136435692,core,goods,1
2025-05,2025-11,2025-12-10 09:00:00,-0.11988037249183377,core,goods,1
2025-06,2025-12,2026-01-13 09:00:00,-0.031217211577082238,core,goods,1
2025-07,2026-01,2026-02-13 09:00:00,-0.03184838026772571,core,goods,1
2025-08,2026-02,2026-03-10 09:00:00,0.04827286137901393,core,goods,1
2025-09,2026-03,2026-04-14 09:00:00,0.062279293334416175,core,goods,1
2025-10,2026-04,2026-05-13 09:00:00,0.16096013065476836,core,goods,1
2025-11,2026-05,2026-06-10 09:00:00,0.13328331119953257,core,goods,1
2025-12,2026-06,2026-07-10 09:00:00,0.06089903324321744,core,goods,1
2010-01,2010-07,2010-08-09 09:00:00,-0.045722536699488725,core,both,1
2010-02,2010-08,2010-09-09 09:00:00,0.13270769004898428,core,both,1
2010-03,2010-09,2010-10-11 09:00:00,0.16093814999292944,core,both,1
2010-04,2010-10,2010-11-09 09:00:00,0.16541220676378812,core,both,1
2010-05,2010-11,2010-12-09 09:00:00,0.14078682111571406,core,both,1
2010-06,2010-12,2011-01-10 09:00:00,0.0771657185473521,core,both,1
2010-07,2011-01,2011-02-09 09:00:00,0.006179435936711719,core,both,1
2010-08,2011-02,2011-03-09 09:00:00,-0.06781943183795816,core,both,1
2010-09,2011-03,2011-04-11 09:00:00,-0.06787313655783501,core,both,1
2010-10,2011-04,2011-05-10 09:00:00,-0.04594561621616863,core,both,1
2010-11,2011-05,2011-06-09 09:00:00,-0.01739436206675822,core,both,1
2010-12,2011-06,2011-07-12 09:00:00,0.015038345474986944,core,both,1
2011-01,2011-07,2011-08-09 09:00:00,0.004156636311227001,core,both,1
2011-02,2011-08,2011-09-09 09:00:00,0.021418197510878062,core,both,1
2011-03,2011-09,2011-10-10 09:00:00,0.12496880675999279,core,both,1
2011-04,2011-10,2011-11-09 09:00:00,0.21343174648897895,core,both,1
2011-05,2011-11,2011-12-09 09:00:00,0.20914760858480663,core,both,1
2011-06,2011-12,2012-01-09 09:00:00,0.17706135947675733,core,both,1
2011-07,2012-01,2012-02-16 09:00:00,0.06364095914789075,core,both,1
2011-08,2012-02,2012-03-09 09:00:00,0.01944127048337107,core,both,1
2011-09,2012-03,2012-04-10 09:00:00,0.00041673563893368054,core,both,1
2011-10,2012-04,2012-05-10 09:00:00,-0.00494057154055183,core,both,1
2011-11,2012-05,2012-06-11 09:00:00,-0.08563443697124634,core,both,1
2011-12,2012-06,2012-07-11 09:00:00,-0.013295105863499912,core,both,1
2012-01,2012-07,2012-08-09 09:00:00,-0.08682326100109687,core,both,1
2012-02,2012-08,2012-09-10 09:00:00,-0.1510450837384708,core,both,1
2012-03,2012-09,2012-10-09 09:00:00,-0.10559543271013269,core,both,1
2012-04,2012-10,2012-11-09 09:00:00,0.062320388980241365,core,both,1
2012-05,2012-11,2012-12-10 09:00:00,0.003929008595430328,core,both,1
2012-06,2012-12,2013-01-09 09:00:00,-0.06281739952606939,core,both,1
2012-07,2013-01,2013-02-11 09:00:00,-0.05804037839831729,core,both,1
2012-08,2013-02,2013-03-11 09:00:00,0.08038589917015802,core,both,1
2012-09,2013-03,2013-04-09 09:00:00,0.11068663809906329,core,both,1
2012-10,2013-04,2013-05-10 09:00:00,0.019230304548773343,core,both,1
2012-11,2013-05,2013-06-10 09:00:00,-0.15981014527301285,core,both,1
2012-12,2013-06,2013-07-09 09:00:00,-0.09305553786125748,core,both,1
2013-01,2013-07,2013-08-09 09:00:00,-0.08938140438298904,core,both,1
2013-02,2013-08,2013-09-09 09:00:00,-0.10460518465338442,core,both,1
2013-03,2013-09,2013-10-09 09:00:00,-0.10355989941211696,core,both,1
2013-04,2013-10,2013-11-11 09:00:00,0.07586700761283593,core,both,1
2013-05,2013-11,2013-12-09 09:00:00,0.09479492130473408,core,both,1
2013-06,2013-12,2014-01-09 09:00:00,0.22024786137675811,core,both,1
2013-07,2014-01,2014-02-12 09:00:00,0.14438640716068074,core,both,1
2013-08,2014-02,2014-03-10 09:00:00,0.1583901487303618,core,both,1
2013-09,2014-03,2014-04-09 09:00:00,0.17843028112606707,core,both,1
2013-10,2014-04,2014-05-12 09:00:00,0.19580758115729352,core,both,1
2013-11,2014-05,2014-06-09 09:00:00,0.034889626173441685,core,both,1
2013-12,2014-06,2014-07-09 09:00:00,0.1418607855245369,core,both,1
2014-01,2014-07,2014-08-11 09:00:00,0.036961800254613084,core,both,1
2014-02,2014-08,2014-09-09 09:00:00,0.06092517179367973,core,both,1
2014-03,2014-09,2014-10-09 09:00:00,-0.018628711477019666,core,both,1
2014-04,2014-10,2014-11-10 09:00:00,0.04687998648805673,core,both,1
2014-05,2014-11,2014-12-09 09:00:00,-0.0001356708413023655,core,both,1
2014-06,2014-12,2015-01-09 09:00:00,0.12397805181851297,core,both,1
2014-07,2015-01,2015-02-09 09:00:00,0.05444917287313747,core,both,1
2014-08,2015-02,2015-03-09 09:00:00,0.11492461507875966,core,both,1
2014-09,2015-03,2015-04-09 09:00:00,-0.020635084831638006,core,both,1
2014-10,2015-04,2015-05-12 09:00:00,-0.018853437849041255,core,both,1
2014-11,2015-05,2015-06-09 09:00:00,-0.015813686188261095,core,both,1
2014-12,2015-06,2015-07-09 09:00:00,0.08966055688559971,core,both,1
2015-01,2015-07,2015-08-10 09:00:00,-0.009340065084367688,core,both,1
2015-02,2015-08,2015-09-09 09:00:00,-0.046478818482316886,core,both,1
2015-03,2015-09,2015-10-09 09:00:00,-0.01174521900409799,core,both,1
2015-04,2015-10,2015-11-09 09:00:00,0.1284078020772299,core,both,1
2015-05,2015-11,2015-12-09 09:00:00,0.07077447788730505,core,both,1
2015-06,2015-12,2016-01-12 09:00:00,0.10779269847111894,core,both,1
2015-07,2016-01,2016-02-12 09:00:00,0.005483745564356712,core,both,1
2015-08,2016-02,2016-03-09 09:00:00,0.026910191667699424,core,both,1
2015-09,2016-03,2016-04-11 09:00:00,-0.07768282944625991,core,both,1
2015-10,2016-04,2016-05-10 09:00:00,-0.10098884248159311,core,both,1
2015-11,2016-05,2016-06-09 09:00:00,-0.11169862757412764,core,both,1
2015-12,2016-06,2016-07-12 09:00:00,-0.09500532710338414,core,both,1
2016-01,2016-07,2016-08-09 09:00:00,-0.10127003218195305,core,both,1
2016-02,2016-08,2016-09-09 09:00:00,-0.08075217755930214,core,both,1
2016-03,2016-09,2016-10-10 09:00:00,0.0009140792399153034,core,both,1
2016-04,2016-10,2016-11-09 09:00:00,0.11791295878523433,core,both,1
2016-05,2016-11,2016-12-09 09:00:00,0.20923988914439995,core,both,1
2016-06,2016-12,2017-01-10 09:00:00,0.2868404918909838,core,both,1
2016-07,2017-01,2017-02-10 09:00:00,0.3162281681579941,core,both,1
2016-08,2017-02,2017-03-09 09:00:00,0.3013876597573852,core,both,1
2016-09,2017-03,2017-04-10 09:00:00,0.20403552250050144,core,both,1
2016-10,2017-04,2017-05-10 09:00:00,0.1004785241648444,core,both,1
2016-11,2017-05,2017-06-09 09:00:00,-0.04903990849389994,core,both,1
2016-12,2017-06,2017-07-12 09:00:00,-0.044318999135753434,core,both,1
2017-01,2017-07,2017-08-09 09:00:00,-0.12351653394236592,core,both,1
2017-02,2017-08,2017-09-11 09:00:00,-0.19397380176232842,core,both,1
2017-03,2017-09,2017-10-09 09:00:00,-0.10736326395258881,core,both,1
2017-04,2017-10,2017-11-09 09:00:00,-0.031827517798531414,core,both,1
2017-05,2017-11,2017-12-11 09:00:00,0.0030649208330165946,core,both,1
2017-06,2017-12,2018-01-10 09:00:00,-0.06895261161052073,core,both,1
2017-07,2018-01,2018-02-14 09:00:00,-0.10852854366637352,core,both,1
2017-08,2018-02,2018-03-09 09:00:00,-0.08773406435441866,core,both,1
2017-09,2018-03,2018-04-10 09:00:00,0.05767856820817027,core,both,1
2017-10,2018-04,2018-05-10 09:00:00,0.0830922078615183,core,both,1
2017-11,2018-05,2018-06-11 09:00:00,0.03985919568082613,core,both,1
2017-12,2018-06,2018-07-11 09:00:00,0.07723896821050538,core,both,1
2018-01,2018-07,2018-08-09 09:00:00,0.2861994353645536,core,both,1
2018-02,2018-08,2018-09-10 09:00:00,0.26552668639687327,core,both,1
2018-03,2018-09,2018-10-09 09:00:00,0.08891139600462727,core,both,1
2018-04,2018-10,2018-11-09 09:00:00,-0.04497069719237019,core,both,1
2018-05,2018-11,2018-12-10 09:00:00,-0.04270235976033797,core,both,1
2018-06,2018-12,2019-01-10 09:00:00,0.0379547369679723,core,both,1
2018-07,2019-01,2019-02-13 09:00:00,0.10018527356448811,core,both,1
2018-08,2019-02,2019-03-11 09:00:00,-0.11662457002214865,core,both,1
2018-09,2019-03,2019-04-10 09:00:00,-0.06961800932118051,core,both,1
2018-10,2019-04,2019-05-13 09:00:00,-0.015391763115256474,core,both,1
2018-11,2019-05,2019-06-11 09:00:00,-0.09944673130237308,core,both,1
2018-12,2019-06,2019-07-11 09:00:00,-0.036633202170407664,core,both,1
2019-01,2019-07,2019-08-12 09:00:00,0.19310755100877375,core,both,1
2019-02,2019-08,2019-09-10 09:00:00,0.10282977079422545,core,both,1
2019-03,2019-09,2019-10-10 09:00:00,-0.055505308395709635,core,both,1
2019-04,2019-10,2019-11-11 09:00:00,-0.08014113621184427,core,both,1
2019-05,2019-11,2019-12-10 09:00:00,-0.09418864419909534,core,both,1
2019-06,2019-12,2020-01-13 09:00:00,0.05565769923177638,core,both,1
2019-07,2020-01,2020-02-14 09:00:00,0.1089226349988395,core,both,1
2019-08,2020-02,2020-03-10 09:00:00,0.08741079367170546,core,both,1
2019-09,2020-03,2020-04-14 09:00:00,0.06702738998671648,core,both,1
2019-10,2020-04,2020-05-13 09:00:00,0.04446730971223667,core,both,1
2019-11,2020-05,2020-06-10 09:00:00,-0.017231151144596446,core,both,1
2019-12,2020-06,2020-07-10 09:00:00,0.1956241546646071,core,both,1
2020-01,2020-07,2020-08-13 09:00:00,0.5266084323227769,core,both,1
2020-02,2020-08,2020-09-10 09:00:00,0.12975991396834508,core,both,1
2020-03,2020-09,2020-10-12 09:00:00,-0.1566017270773072,core,both,1
2020-04,2020-10,2020-11-10 09:00:00,-0.1585743903621804,core,both,1
2020-05,2020-11,2020-12-10 09:00:00,-0.03448452028766098,core,both,1
2020-06,2020-12,2021-01-13 09:00:00,-0.19775752847200675,core,both,1
2020-07,2021-01,2021-02-12 09:00:00,-0.1548433837022207,core,both,1
2020-08,2021-02,2021-03-10 09:00:00,-0.30669360203106055,core,both,1
2020-09,2021-03,2021-04-13 09:00:00,-0.12475350442483707,core,both,1
2020-10,2021-04,2021-05-11 09:00:00,-0.09249322792079936,core,both,1
2020-11,2021-05,2021-06-10 09:00:00,-0.04339047962607198,core,both,1
2020-12,2021-06,2021-07-13 09:00:00,0.23651410182819088,core,both,1
2021-01,2021-07,2021-08-10 09:00:00,0.6339025320157743,core,both,1
2021-02,2021-08,2021-09-10 09:00:00,0.731231203289838,core,both,1
2021-03,2021-09,2021-10-11 09:00:00,0.7922794710879351,core,both,1
2021-04,2021-10,2021-11-10 09:00:00,0.838897839171786,core,both,1
2021-05,2021-11,2021-12-10 09:00:00,0.9279434003464335,core,both,1
2021-06,2021-12,2022-01-12 09:00:00,0.8116040580263918,core,both,1
2021-07,2022-01,2022-02-14 09:00:00,0.7450091794179201,core,both,1
2021-08,2022-02,2022-03-10 09:00:00,0.3716583350065873,core,both,1
2021-09,2022-03,2022-04-11 09:00:00,0.3013832404001603,core,both,1
2021-10,2022-04,2022-05-10 09:00:00,0.2408207618367948,core,both,1
2021-11,2022-05,2022-06-10 09:00:00,0.4015054037816834,core,both,1
2021-12,2022-06,2022-07-13 09:00:00,0.42241533379847773,core,both,1
2022-01,2022-07,2022-08-10 09:00:00,0.4400528109564401,core,both,1
2022-02,2022-08,2022-09-12 09:00:00,0.11830000803808005,core,both,1
2022-03,2022-09,2022-10-11 09:00:00,0.10948405975409359,core,both,1
2022-04,2022-10,2022-11-10 09:00:00,0.03236891154538235,core,both,1
2022-05,2022-11,2022-12-12 09:00:00,-0.21636363902029077,core,both,1
2022-06,2022-12,2023-01-11 09:00:00,-0.5030290730573369,core,both,1
2022-07,2023-01,2023-02-10 09:00:00,-0.703276046718078,core,both,1
2022-08,2023-02,2023-03-10 09:00:00,-0.6409857393574278,core,both,1
2022-09,2023-03,2023-04-13 09:00:00,-0.5467317091833338,core,both,1
2022-10,2023-04,2023-05-11 09:00:00,-0.691188086898493,core,both,1
2022-11,2023-05,2023-06-12 09:00:00,-0.8021202737555834,core,both,1
2022-12,2023-06,2023-07-13 09:00:00,-0.6924326863115676,core,both,1
2023-01,2023-07,2023-08-10 09:00:00,-0.4055157223755185,core,both,1
2023-02,2023-08,2023-09-11 09:00:00,-0.30128059890928593,core,both,1
2023-03,2023-09,2023-10-10 09:00:00,-0.3842169446623309,core,both,1
2023-04,2023-10,2023-11-10 09:00:00,-0.5032749297867364,core,both,1
2023-05,2023-11,2023-12-11 09:00:00,-0.30433465689652683,core,both,1
2023-06,2023-12,2024-01-11 09:00:00,-0.22543179090113497,core,both,1
2023-07,2024-01,2024-02-15 09:00:00,-0.29789803251447217,core,both,1
2023-08,2024-02,2024-03-11 09:00:00,-0.3148972540009105,core,both,1
2023-09,2024-03,2024-04-10 09:00:00,-0.152461693265192,core,both,1
2023-10,2024-04,2024-05-13 09:00:00,-0.06384155938726829,core,both,1
2023-11,2024-05,2024-06-11 09:00:00,-0.07920398144084516,core,both,1
2023-12,2024-06,2024-07-10 09:00:00,-0.26476421286314844,core,both,1
2024-01,2024-07,2024-08-12 09:00:00,-0.01441898746586956,core,both,1
2024-02,2024-08,2024-09-10 09:00:00,0.12253915058777298,core,both,1
2024-03,2024-09,2024-10-10 09:00:00,0.03924399345134283,core,both,1
2024-04,2024-10,2024-11-11 09:00:00,-0.16560684306197831,core,both,1
2024-05,2024-11,2024-12-10 09:00:00,-0.08013519467372397,core,both,1
2024-06,2024-12,2025-01-13 09:00:00,-0.0348600197259156,core,both,1
2024-07,2025-01,2025-02-12 09:00:00,0.04926359037728115,core,both,1
2024-08,2025-02,2025-03-11 09:00:00,-0.030217462835657682,core,both,1
2024-09,2025-03,2025-04-10 09:00:00,0.04726440139547006,core,both,1
2024-10,2025-04,2025-05-13 09:00:00,0.07558199113277672,core,both,1
2024-11,2025-05,2025-06-10 09:00:00,0.032193358986202444,core,both,1
2024-12,2025-06,2025-07-10 09:00:00,-0.015035412092930245,core,both,1
2025-01,2025-07,2025-08-08 09:00:00,0.06195323249439433,core,both,1
2025-02,2025-08,2025-09-10 09:00:00,0.0857548477828104,core,both,1
2025-03,2025-09,2025-10-10 09:00:00,-0.0180931723541215,core,both,1
2025-04,2025-10,2025-11-11 09:00:00,-0.07927151136435692,core,both,1
2025-05,2025-11,2025-12-10 09:00:00,-0.11988037249183377,core,both,1
2025-06,2025-12,2026-01-13 09:00:00,-0.031217211577082238,core,both,1
2025-07,2026-01,2026-02-13 09:00:00,-0.03184838026772571,core,both,1
2025-08,2026-02,2026-03-10 09:00:00,0.04827286137901393,core,both,1
2025-09,2026-03,2026-04-14 09:00:00,0.062279293334416175,core,both,1
2025-10,2026-04,2026-05-13 09:00:00,0.16096013065476836,core,both,1
2025-11,2026-05,2026-06-10 09:00:00,0.13328331119953257,core,both,1
2025-12,2026-06,2026-07-10 09:00:00,0.06089903324321744,core,both,1
2006-01,2006-10,2006-11-20 09:00:00,0.2930803537242417,signal,services,2
2006-02,2006-11,2006-12-20 09:00:00,-0.1625858140243266,signal,services,2
2006-03,2006-12,2007-01-20 09:00:00,-0.06507239820369737,signal,services,2
2006-04,2007-01,2007-02-20 09:00:00,0.06507239820369737,signal,services,2
2006-05,2007-02,2007-03-20 09:00:00,0.19502707872560787,signal,services,2
2006-06,2007-03,2007-04-20 09:00:00,0.22724662347143054,signal,services,2
2006-07,2007-04,2007-05-20 09:00:00,0.7472271866572937,signal,services,2
2006-08,2007-05,2007-06-20 09:00:00,0.4868096935971069,signal,services,2
2006-09,2007-06,2007-07-20 09:00:00,0.2592780198396256,signal,services,2
2006-10,2007-07,2007-08-20 09:00:00,0.09738675425842347,signal,services,2
2006-11,2007-08,2007-09-20 09:00:00,-0.033204398702365356,signal,services,2
2006-12,2007-09,2007-10-20 09:00:00,-0.19572706748516389,signal,services,2
2007-01,2007-10,2007-11-20 09:00:00,-0.2933356647907095,signal,services,2
2007-02,2007-11,2007-12-20 09:00:00,-0.0976403864645845,signal,services,2
2007-03,2007-12,2008-01-20 09:00:00,-0.29228717142182514,signal,services,2
2007-04,2008-01,2008-02-20 09:00:00,0.15932594720144921,signal,services,2
2007-05,2008-02,2008-03-20 09:00:00,0.5442300282009267,signal,services,2
2007-06,2008-03,2008-04-20 09:00:00,1.8663081481329913,signal,services,2
2007-07,2008-04,2008-05-20 09:00:00,1.9585119375801066,signal,services,2
2007-08,2008-05,2008-06-20 09:00:00,2.5073335208819363,signal,services,2
2007-09,2008-06,2008-07-20 09:00:00,3.092003588600031,signal,services,2
2007-10,2008-07,2008-08-20 09:00:00,2.7953326151234124,signal,services,2
2007-11,2008-08,2008-09-20 09:00:00,2.7926405911526344,signal,services,2
2007-12,2008-09,2008-10-20 09:00:00,2.8530850795998375,signal,services,2
2008-01,2008-10,2008-11-20 09:00:00,2.8188227896522546,signal,services,2
2008-02,2008-11,2008-12-20 09:00:00,1.335777935649113,signal,services,2
2008-03,2008-12,2009-01-20 09:00:00,0.6351355773702272,signal,services,2
2008-04,2009-01,2009-02-20 09:00:00,-0.2892388067959173,signal,services,2
2008-05,2009-02,2009-03-20 09:00:00,-1.1530481589873016,signal,services,2
2008-06,2009-03,2009-04-20 09:00:00,-1.9865153722925366,signal,services,2
2008-07,2009-04,2009-05-20 09:00:00,-2.4052447519283042,signal,services,2
2008-08,2009-05,2009-06-20 09:00:00,-2.6626209767135545,signal,services,2
2008-09,2009-06,2009-07-20 09:00:00,-2.985519461788151,signal,services,2
2008-10,2009-07,2009-08-20 09:00:00,-3.53092832281277,signal,services,2
2008-11,2009-08,2009-09-20 09:00:00,-3.6686550417498474,signal,services,2
2008-12,2009-09,2009-10-20 09:00:00,-3.741370211827574,signal,services,2
2009-01,2009-10,2009-11-20 09:00:00,-3.620348186958566,signal,services,2
2009-02,2009-11,2009-12-20 09:00:00,-2.2472855852058595,signal,services,2
2009-03,2009-12,2010-01-20 09:00:00,-1.665888598663875,signal,services,2
2009-04,2010-01,2010-02-09 09:00:00,-1.3398433984141926,signal,services,2
2009-05,2010-02,2010-03-09 09:00:00,-1.0462435085266633,signal,services,2
2009-06,2010-03,2010-04-09 09:00:00,-0.8828237677638637,signal,services,2
2009-07,2010-04,2010-05-10 09:00:00,-0.5900046319750247,signal,services,2
2009-08,2010-05,2010-06-09 09:00:00,-0.3611998499061546,signal,services,2
2009-09,2010-06,2010-07-12 09:00:00,-0.032921749337698314,signal,services,2
2009-10,2010-07,2010-08-09 09:00:00,0.2630824773588576,signal,services,2
2009-11,2010-08,2010-09-09 09:00:00,0.3288287182656684,signal,services,2
2009-12,2010-09,2010-10-11 09:00:00,0.3288287182656684,signal,services,2
2010-01,2010-10,2010-11-09 09:00:00,0.29600416284768527,signal,services,2
2010-02,2010-11,2010-12-09 09:00:00,-0.16421990716076018,signal,services,2
2010-03,2010-12,2011-01-10 09:00:00,-0.09860315173211887,signal,services,2
2010-04,2011-01,2011-02-09 09:00:00,-0.2637990445003757,signal,services,2
2010-05,2011-02,2011-03-09 09:00:00,-0.39626950722249543,signal,services,2
2010-06,2011-03,2011-04-11 09:00:00,-0.6602972902706272,signal,services,2
2010-07,2011-04,2011-05-10 09:00:00,-0.9238050871705988,signal,services,2
2010-08,2011-05,2011-06-09 09:00:00,-1.0554297589748278,signal,services,2
2010-09,2011-06,2011-07-12 09:00:00,-0.9901070982711582,signal,services,2
2010-10,2011-07,2011-08-09 09:00:00,-0.9901070982711582,signal,services,2
2010-11,2011-08,2011-09-09 09:00:00,-0.9901070982711582,signal,services,2
2010-12,2011-09,2011-10-10 09:00:00,-0.8260523836007794,signal,services,2
2011-01,2011-10,2011-11-09 09:00:00,-0.891569368295009,signal,services,2
2011-02,2011-11,2011-12-09 09:00:00,-0.16568921948811144,signal,services,2
2011-03,2011-12,2012-01-09 09:00:00,0.033118068629259256,signal,services,2
2011-04,2012-01,2012-02-16 09:00:00,0.3956195815917739,signal,services,2
2011-05,2012-02,2012-03-09 09:00:00,0.8903341466020644,signal,services,2
2011-06,2012-03,2012-04-10 09:00:00,1.2197175909353195,signal,services,2
2011-07,2012-04,2012-05-10 09:00:00,1.2524776263322561,signal,services,2
2011-08,2012-05,2012-06-11 09:00:00,1.2852054967408149,signal,services,2
2011-09,2012-06,2012-07-11 09:00:00,1.3506934025463102,signal,services,2
2011-10,2012-07,2012-08-09 09:00:00,1.4502454266964722,signal,services,2
2011-11,2012-08,2012-09-10 09:00:00,1.1857524800899757,signal,services,2
2011-12,2012-09,2012-10-09 09:00:00,1.1857524800899757,signal,services,2
2012-01,2012-10,2012-11-09 09:00:00,1.086398274202198,signal,services,2
2012-02,2012-11,2012-12-10 09:00:00,0.032631122113356614,signal,services,2
2012-03,2012-12,2013-01-09 09:00:00,-0.26249994987883407,signal,services,2
2012-04,2013-01,2013-02-11 09:00:00,-0.2954536089993438,signal,services,2
2012-05,2013-02,2013-03-11 09:00:00,-0.39373371519015365,signal,services,2
2012-06,2013-03,2013-04-09 09:00:00,-0.459027996334326,signal,services,2
2012-07,2013-04,2013-05-10 09:00:00,-0.5577935006895611,signal,services,2
2012-08,2013-05,2013-06-10 09:00:00,-0.723376514708066,signal,services,2
2012-09,2013-06,2013-07-09 09:00:00,-0.9554592051657219,signal,services,2
2012-10,2013-07,2013-08-09 09:00:00,-1.3835202148754375,signal,services,2
2012-11,2013-08,2013-09-09 09:00:00,-1.3516056778293009,signal,services,2
2012-12,2013-09,2013-10-09 09:00:00,-1.0896921906958987,signal,services,2
2013-01,2013-10,2013-11-11 09:00:00,-0.859269459925412,signal,services,2
2013-02,2013-11,2013-12-09 09:00:00,-0.8585831788986611,signal,services,2
2013-03,2013-12,2014-01-09 09:00:00,-0.7253265155955978,signal,services,2
2013-04,2014-01,2014-02-12 09:00:00,-0.8263571779404278,signal,services,2
2013-05,2014-02,2014-03-10 09:00:00,-0.8290163309667358,signal,services,2
2013-06,2014-03,2014-04-09 09:00:00,-0.7309447181119753,signal,services,2
2013-07,2014-04,2014-05-12 09:00:00,-0.2661680846524969,signal,services,2
2013-08,2014-05,2014-06-09 09:00:00,-0.00029761565220448594,signal,services,2
2013-09,2014-06,2014-07-09 09:00:00,0.19851137753378517,signal,services,2
2013-10,2014-07,2014-08-11 09:00:00,0.629311922951075,signal,services,2
2013-11,2014-08,2014-09-09 09:00:00,0.6281290541643851,signal,services,2
2013-12,2014-09,2014-10-09 09:00:00,0.46181871754471626,signal,services,2
2014-01,2014-10,2014-11-10 09:00:00,0.36236810150083043,signal,services,2
2014-02,2014-11,2014-12-09 09:00:00,1.4903405502574951,signal,services,2
2014-03,2014-12,2015-01-09 09:00:00,1.5231974610828032,signal,services,2
2014-04,2015-01,2015-02-09 09:00:00,1.3888788606593874,signal,services,2
2014-05,2015-02,2015-03-09 09:00:00,1.1224836778393033,signal,services,2
2014-06,2015-03,2015-04-09 09:00:00,0.7912675203252164,signal,services,2
2014-07,2015-04,2015-05-12 09:00:00,0.39522501232613827,signal,services,2
2014-08,2015-05,2015-06-09 09:00:00,0.29626409380951024,signal,services,2
2014-09,2015-06,2015-07-09 09:00:00,0.16431703723160496,signal,services,2
2014-10,2015-07,2015-08-10 09:00:00,0.13139528789390664,signal,services,2
2014-11,2015-08,2015-09-09 09:00:00,0.09853837706859858,signal,services,2
2014-12,2015-09,2015-10-09 09:00:00,0.03285691082530784,signal,services,2
2015-01,2015-10,2015-11-09 09:00:00,-0.06571382165061568,signal,services,2
2015-02,2015-11,2015-12-09 09:00:00,-0.131330577079257,signal,services,2
2015-03,2015-12,2016-01-12 09:00:00,0.032824555417983126,signal,services,2
2015-04,2016-01,2016-02-12 09:00:00,0.16421984331188955,signal,services,2
2015-05,2016-02,2016-03-09 09:00:00,0.295712388974382,signal,services,2
2015-06,2016-03,2016-04-11 09:00:00,0.09847366625394938,signal,services,2
2015-07,2016-04,2016-05-10 09:00:00,-0.032824555417982904,signal,services,2
2015-08,2016-05,2016-06-09 09:00:00,0.032824555417983126,signal,services,2
2015-09,2016-06,2016-07-12 09:00:00,0.03282449156911271,signal,services,2
2015-10,2016-07,2016-08-09 09:00:00,-3.241925619534847e-05,signal,services,2
2015-11,2016-08,2016-09-09 09:00:00,-0.16434939263892967,signal,services,2
2015-12,2016-09,2016-10-10 09:00:00,-0.09860315173211887,signal,services,2
2016-01,2016-10,2016-11-09 09:00:00,-0.13139535174277706,signal,services,2
2016-02,2016-11,2016-12-09 09:00:00,-3.229174689156622e-05,signal,services,2
2016-03,2016-12,2017-01-10 09:00:00,0.16376820166741068,signal,services,2
2016-04,2017-01,2017-02-10 09:00:00,0.4577436494701226,signal,services,2
2016-05,2017-02,2017-03-09 09:00:00,0.9472286419070604,signal,services,2
2016-06,2017-03,2017-04-10 09:00:00,1.2724344734192163,signal,services,2
2016-07,2017-04,2017-05-10 09:00:00,1.6642262776213614,signal,services,2
2016-08,2017-05,2017-06-09 09:00:00,1.630283226807196,signal,services,2
2016-09,2017-06,2017-07-12 09:00:00,1.8903720329113052,signal,services,2
2016-10,2017-07,2017-08-09 09:00:00,1.8222073662745233,signal,services,2
2016-11,2017-08,2017-09-11 09:00:00,1.8849983267695223,signal,services,2
2016-12,2017-09,2017-10-09 09:00:00,1.818812106421544,signal,services,2
2017-01,2017-10,2017-11-09 09:00:00,1.5564516541111602,signal,services,2
2017-02,2017-11,2017-12-11 09:00:00,1.0674531246919816,signal,services,2
2017-03,2017-12,2018-01-10 09:00:00,0.5167040717889284,signal,services,2
2017-04,2018-01,2018-02-14 09:00:00,0.1935799666464515,signal,services,2
2017-05,2018-02,2018-03-09 09:00:00,-0.19430074237706707,signal,services,2
2017-06,2018-03,2018-04-10 09:00:00,-0.29143534243871727,signal,services,2
2017-07,2018-04,2018-05-10 09:00:00,-0.6462793310352755,signal,services,2
2017-08,2018-05,2018-06-11 09:00:00,-0.48438812727028147,signal,services,2
2017-09,2018-06,2018-07-11 09:00:00,-0.41922573578190203,signal,services,2
2017-10,2018-07,2018-08-09 09:00:00,-0.06512615607232064,signal,services,2
2017-11,2018-08,2018-09-10 09:00:00,0.2563163863211515,signal,services,2
2017-12,2018-09,2018-10-09 09:00:00,0.35298150964747954,signal,services,2
2018-01,2018-10,2018-11-09 09:00:00,0.8047395072426391,signal,services,2
2018-02,2018-11,2018-12-10 09:00:00,1.0308887484490112,signal,services,2
2018-03,2018-12,2019-01-10 09:00:00,1.4179346554609444,signal,services,2
2018-04,2019-01,2019-02-13 09:00:00,1.512366129787388,signal,services,2
2018-05,2019-02,2019-03-11 09:00:00,1.4455944712557645,signal,services,2
2018-06,2019-03,2019-04-10 09:00:00,1.2835824123884465,signal,services,2
2018-07,2019-04,2019-05-13 09:00:00,1.0590160275235294,signal,services,2
2018-08,2019-05,2019-06-11 09:00:00,0.09598466947156403,signal,services,2
2018-09,2019-06,2019-07-11 09:00:00,0.031913081030948476,signal,services,2
2018-10,2019-07,2019-08-12 09:00:00,0.7052244332726398,signal,services,2
2018-11,2019-08,2019-09-10 09:00:00,0.41579082926081323,signal,services,2
2018-12,2019-09,2019-10-10 09:00:00,0.06382633841634267,signal,services,2
2019-01,2019-10,2019-11-11 09:00:00,-0.00012280162073707857,signal,services,2
2019-02,2019-11,2019-12-10 09:00:00,-0.5753885233346692,signal,services,2
2019-03,2019-12,2020-01-13 09:00:00,-0.8312789506943639,signal,services,2
2019-04,2020-01,2020-02-14 09:00:00,-0.44850336371792343,signal,services,2
2019-05,2020-02,2020-03-10 09:00:00,-0.25637993200073783,signal,services,2
2019-06,2020-03,2020-04-14 09:00:00,-0.1282360456228493,signal,services,2
2019-07,2020-04,2020-05-13 09:00:00,-0.608870597285827,signal,services,2
2019-08,2020-05,2020-06-10 09:00:00,-0.9617635094295731,signal,services,2
2019-09,2020-06,2020-07-10 09:00:00,-1.091576570759306,signal,services,2
2019-10,2020-07,2020-08-13 09:00:00,-1.0613992656429536,signal,services,2
2019-11,2020-08,2020-09-10 09:00:00,-1.0959243608176892,signal,services,2
2019-12,2020-09,2020-10-12 09:00:00,-1.0330073228059722,signal,services,2
2020-01,2020-10,2020-11-10 09:00:00,-1.0664499152266798,signal,services,2
2020-02,2020-11,2020-12-10 09:00:00,-1.3228554992210015,signal,services,2
2020-03,2020-12,2021-01-13 09:00:00,-1.4189631471760547,signal,services,2
2020-04,2021-01,2021-02-12 09:00:00,-1.1628988573644095,signal,services,2
2020-05,2021-02,2021-03-10 09:00:00,-0.9721110504148816,signal,services,2
2020-06,2021-03,2021-04-13 09:00:00,-0.97286593317813,signal,services,2
2020-07,2021-04,2021-05-11 09:00:00,-0.6815539452734298,signal,services,2
2020-08,2021-05,2021-06-10 09:00:00,-0.2272152046695961,signal,services,2
2020-09,2021-06,2021-07-13 09:00:00,0.3886974546279247,signal,services,2
2020-10,2021-07,2021-08-10 09:00:00,0.7105717750722569,signal,services,2
2020-11,2021-08,2021-09-10 09:00:00,1.610658112107275,signal,services,2
2020-12,2021-09,2021-10-11 09:00:00,2.2749623946892643,signal,services,2
2021-01,2021-10,2021-11-10 09:00:00,3.254031671766944,signal,services,2
2021-02,2021-11,2021-12-10 09:00:00,4.515541722326647,signal,services,2
2021-03,2021-12,2022-01-12 09:00:00,5.554544711157961,signal,services,2
2021-04,2022-01,2022-02-14 09:00:00,6.030292536352944,signal,services,2
2021-05,2022-02,2022-03-10 09:00:00,6.34826978032353,signal,services,2
2021-06,2022-03,2022-04-11 09:00:00,6.913051467501722,signal,services,2
2021-07,2022-04,2022-05-10 09:00:00,7.3284642504584,signal,services,2
2021-08,2022-05,2022-06-10 09:00:00,7.792087345009883,signal,services,2
2021-09,2022-06,2022-07-13 09:00:00,7.8038695698001055,signal,services,2
2021-10,2022-07,2022-08-10 09:00:00,7.414663039053716,signal,services,2
2021-11,2022-08,2022-09-12 09:00:00,6.593631726061807,signal,services,2
2021-12,2022-09,2022-10-11 09:00:00,5.396814300655874,signal,services,2
2022-01,2022-10,2022-11-10 09:00:00,4.886219569249098,signal,services,2
2022-02,2022-11,2022-12-12 09:00:00,3.4955354891066275,signal,services,2
2022-03,2022-12,2023-01-11 09:00:00,2.53769217898655,signal,services,2
2022-04,2023-01,2023-02-10 09:00:00,1.1630680577573163,signal,services,2
2022-05,2023-02,2023-03-10 09:00:00,-0.7742714621807405,signal,services,2
2022-06,2023-03,2023-04-13 09:00:00,-2.283604680350992,signal,services,2
2022-07,2023-04,2023-05-11 09:00:00,-3.73631822335523,signal,services,2
2022-08,2023-05,2023-06-12 09:00:00,-4.623214240770588,signal,services,2
2022-09,2023-06,2023-07-13 09:00:00,-5.467689504216946,signal,services,2
2022-10,2023-07,2023-08-10 09:00:00,-6.18251655268967,signal,services,2
2022-11,2023-08,2023-09-11 09:00:00,-6.479772677027543,signal,services,2
2022-12,2023-09,2023-10-10 09:00:00,-6.061364012934616,signal,services,2
2023-01,2023-10,2023-11-10 09:00:00,-6.419261948770575,signal,services,2
2023-02,2023-11,2023-12-11 09:00:00,-5.816700475485119,signal,services,2
2023-03,2023-12,2024-01-11 09:00:00,-5.774170216682897,signal,services,2
2023-04,2024-01,2024-02-15 09:00:00,-5.662887275198067,signal,services,2
2023-05,2024-02,2024-03-11 09:00:00,-4.331640812639335,signal,services,2
2023-06,2024-03,2024-04-10 09:00:00,-3.042488520798943,signal,services,2
2023-07,2024-04,2024-05-13 09:00:00,-2.0795004232914387,signal,services,2
2023-08,2024-05,2024-06-11 09:00:00,-1.9240562513106072,signal,services,2
2023-09,2024-06,2024-07-10 09:00:00,-1.5197112677744045,signal,services,2
2023-10,2024-07,2024-08-12 09:00:00,-1.2697100704517208,signal,services,2
2023-11,2024-08,2024-09-10 09:00:00,-0.7009038795166225,signal,services,2
2023-12,2024-09,2024-10-10 09:00:00,-0.6056204039894348,signal,services,2
2024-01,2024-10,2024-11-11 09:00:00,-0.31894924856009776,signal,services,2
2024-02,2024-11,2024-12-10 09:00:00,-0.09583140285330494,signal,services,2
2024-03,2024-12,2025-01-13 09:00:00,-0.35052702814557346,signal,services,2
2024-04,2025-01,2025-02-12 09:00:00,-0.35089302995381644,signal,services,2
2024-05,2025-02,2025-03-11 09:00:00,-0.3511678082402572,signal,services,2
2024-06,2025-03,2025-04-10 09:00:00,-0.4786988557224623,signal,services,2
2024-07,2025-04,2025-05-13 09:00:00,0.09583140285330494,signal,services,2
2024-08,2025-05,2025-06-10 09:00:00,0.22354547990517126,signal,services,2
2024-09,2025-06,2025-07-10 09:00:00,0.15950494402985615,signal,services,2
2024-10,2025-07,2025-08-08 09:00:00,0.31934635841279135,signal,services,2
2024-11,2025-08,2025-09-10 09:00:00,-0.031943722889929305,signal,services,2
2024-12,2025-09,2025-10-10 09:00:00,-0.09573959563273515,signal,services,2
2025-01,2025-10,2025-11-11 09:00:00,0.0958313441811578,signal,services,2
2025-02,2025-11,2025-12-10 09:00:00,0.15981083153346098,signal,services,2
2025-03,2025-12,2026-01-13 09:00:00,0.19172403007770633,signal,services,2
2025-04,2026-01,2026-02-13 09:00:00,0.2555199028205113,signal,services,2
2025-05,2026-02,2026-03-10 09:00:00,-0.03197430573940352,signal,services,2
2025-06,2026-03,2026-04-14 09:00:00,-0.1276223283350859,signal,services,2
2025-07,2026-04,2026-05-13 09:00:00,-0.1276223283350859,signal,services,2
2025-08,2026-05,2026-06-10 09:00:00,0.15950494402985615,signal,services,2
2025-09,2026-06,2026-07-10 09:00:00,0.15950494402985615,signal,services,2
2006-01,2006-10,2006-11-20 09:00:00,-0.1707826553209384,signal,goods,2
2006-02,2006-11,2006-12-20 09:00:00,-0.2727700907521142,signal,goods,2
2006-03,2006-12,2007-01-20 09:00:00,-0.17046822017151753,signal,goods,2
2006-04,2007-01,2007-02-20 09:00:00,-0.17046822017151753,signal,goods,2
2006-05,2007-02,2007-03-20 09:00:00,-0.27297983351310595,signal,goods,2
2006-06,2007-03,2007-04-20 09:00:00,-0.23894886237619817,signal,goods,2
2006-07,2007-04,2007-05-20 09:00:00,0.8536789161810461,signal,goods,2
2006-08,2007-05,2007-06-20 09:00:00,0.9545114102007466,signal,goods,2
2006-09,2007-06,2007-07-20 09:00:00,0.987566777468937,signal,goods,2
2006-10,2007-07,2007-08-20 09:00:00,0.5785642664986614,signal,goods,2
2006-11,2007-08,2007-09-20 09:00:00,0.37448199635253454,signal,goods,2
2006-12,2007-09,2007-10-20 09:00:00,0.30593357071135774,signal,goods,2
2007-01,2007-10,2007-11-20 09:00:00,0.44053544570694325,signal,goods,2
2007-02,2007-11,2007-12-20 09:00:00,1.1543637101130448,signal,goods,2
2007-03,2007-12,2008-01-20 09:00:00,1.5282687190536748,signal,goods,2
2007-04,2008-01,2008-02-20 09:00:00,0.8803866396992164,signal,goods,2
2007-05,2008-02,2008-03-20 09:00:00,0.40557769462795035,signal,goods,2
2007-06,2008-03,2008-04-20 09:00:00,0.3723024342699641,signal,goods,2
2007-07,2008-04,2008-05-20 09:00:00,0.3381011500689617,signal,goods,2
2007-08,2008-05,2008-06-20 09:00:00,1.0172002581202546,signal,goods,2
2007-09,2008-06,2008-07-20 09:00:00,1.119502057323714,signal,goods,2
2007-10,2008-07,2008-08-20 09:00:00,0.2027372437238768,signal,goods,2
2007-11,2008-08,2008-09-20 09:00:00,-0.20263431452323966,signal,goods,2
2007-12,2008-09,2008-10-20 09:00:00,-0.37147962035373583,signal,goods,2
2008-01,2008-10,2008-11-20 09:00:00,-0.81233304393085,signal,goods,2
2008-02,2008-11,2008-12-20 09:00:00,-0.9855276791553254,signal,goods,2
2008-03,2008-12,2009-01-20 09:00:00,-1.5319880050112051,signal,goods,2
2008-04,2009-01,2009-02-20 09:00:00,-1.6705520060041308,signal,goods,2
2008-05,2009-02,2009-03-20 09:00:00,-2.180748716275837,signal,goods,2
2008-06,2009-03,2009-04-20 09:00:00,-2.2152017770519263,signal,goods,2
2008-07,2009-04,2009-05-20 09:00:00,-2.0838479843849442,signal,goods,2
2008-08,2009-05,2009-06-20 09:00:00,-2.1183724135026796,signal,goods,2
2008-09,2009-06,2009-07-20 09:00:00,-2.152861121528558,signal,goods,2
2008-10,2009-07,2009-08-20 09:00:00,-1.9498153664903584,signal,goods,2
2008-11,2009-08,2009-09-20 09:00:00,-1.1680445268556081,signal,goods,2
2008-12,2009-09,2009-10-20 09:00:00,-0.7918907607080028,signal,goods,2
2009-01,2009-10,2009-11-20 09:00:00,-0.03551874125548071,signal,goods,2
2009-02,2009-11,2009-12-20 09:00:00,0.30774071173350226,signal,goods,2
2009-03,2009-12,2010-01-20 09:00:00,0.9956346486952117,signal,goods,2
2009-04,2010-01,2010-02-09 09:00:00,0.8236518852143773,signal,goods,2
2009-05,2010-02,2010-03-09 09:00:00,0.791433416506302,signal,goods,2
2009-06,2010-03,2010-04-09 09:00:00,0.34446100364312127,signal,goods,2
2009-07,2010-04,2010-05-10 09:00:00,0.10343047682784556,signal,goods,2
2009-08,2010-05,2010-06-09 09:00:00,0.3106844370250834,signal,goods,2
2009-09,2010-06,2010-07-12 09:00:00,0.24159978362600398,signal,goods,2
2009-10,2010-07,2010-08-09 09:00:00,-0.00010731141907394104,signal,goods,2
2009-11,2010-08,2010-09-09 09:00:00,-1.0320009031989485,signal,goods,2
2009-12,2010-09,2010-10-11 09:00:00,-1.3049755189423693,signal,goods,2
2010-01,2010-10,2010-11-09 09:00:00,-1.2371650497206796,signal,goods,2
2010-02,2010-11,2010-12-09 09:00:00,-0.9303830424637751,signal,goods,2
2010-03,2010-12,2011-01-10 09:00:00,-0.4838084597779799,signal,goods,2
2010-04,2011-01,2011-02-09 09:00:00,-0.20771981975196363,signal,goods,2
2010-05,2011-02,2011-03-09 09:00:00,-0.10382304191999925,signal,goods,2
2010-06,2011-03,2011-04-11 09:00:00,0.2753046901815819,signal,goods,2
2010-07,2011-04,2011-05-10 09:00:00,0.7577579381040547,signal,goods,2
2010-08,2011-05,2011-06-09 09:00:00,0.7921044979006018,signal,goods,2
2010-09,2011-06,2011-07-12 09:00:00,0.8606916277232735,signal,goods,2
2010-10,2011-07,2011-08-09 09:00:00,0.7912516700969103,signal,goods,2
2010-11,2011-08,2011-09-09 09:00:00,1.135754047733689,signal,goods,2
2010-12,2011-09,2011-10-10 09:00:00,1.4462711380865767,signal,goods,2
2011-01,2011-10,2011-11-09 09:00:00,1.4770760527308693,signal,goods,2
2011-02,2011-11,2011-12-09 09:00:00,1.1976697501063467,signal,goods,2
2011-03,2011-12,2012-01-09 09:00:00,1.0935731986017945,signal,goods,2
2011-04,2012-01,2012-02-16 09:00:00,1.0244951455155804,signal,goods,2
2011-05,2012-02,2012-03-09 09:00:00,0.8865533793071503,signal,goods,2
2011-06,2012-03,2012-04-10 09:00:00,1.1943036295736815,signal,goods,2
2011-07,2012-04,2012-05-10 09:00:00,1.0563618633652518,signal,goods,2
2011-08,2012-05,2012-06-11 09:00:00,0.953639717712248,signal,goods,2
2011-09,2012-06,2012-07-11 09:00:00,0.8510229821810402,signal,goods,2
2011-10,2012-07,2012-08-09 09:00:00,0.6127339277353148,signal,goods,2
2011-11,2012-08,2012-09-10 09:00:00,-0.034030900412938436,signal,goods,2
2011-12,2012-09,2012-10-09 09:00:00,-0.27197038997817025,signal,goods,2
2012-01,2012-10,2012-11-09 09:00:00,-0.034100528575962574,signal,goods,2
2012-02,2012-11,2012-12-10 09:00:00,-0.3400671109715132,signal,goods,2
2012-03,2012-12,2013-01-09 09:00:00,-0.47542925975692385,signal,goods,2
2012-04,2013-01,2013-02-11 09:00:00,-0.20387366898482817,signal,goods,2
2012-05,2013-02,2013-03-11 09:00:00,-0.33937464910197246,signal,goods,2
2012-06,2013-03,2013-04-09 09:00:00,-0.23748969968367417,signal,goods,2
2012-07,2013-04,2013-05-10 09:00:00,0.16942860136233984,signal,goods,2
2012-08,2013-05,2013-06-10 09:00:00,0.4749800309346015,signal,goods,2
2012-09,2013-06,2013-07-09 09:00:00,0.6778204134527868,signal,goods,2
2012-10,2013-07,2013-08-09 09:00:00,1.0843356658407264,signal,goods,2
2012-11,2013-08,2013-09-09 09:00:00,1.2867654377706965,signal,goods,2
2012-12,2013-09,2013-10-09 09:00:00,1.1161623249881192,signal,goods,2
2013-01,2013-10,2013-11-11 09:00:00,1.1497475503314458,signal,goods,2
2013-02,2013-11,2013-12-09 09:00:00,1.0486863309274401,signal,goods,2
2013-03,2013-12,2014-01-09 09:00:00,0.9120848004838514,signal,goods,2
2013-04,2014-01,2014-02-12 09:00:00,0.9108567391946395,signal,goods,2
2013-05,2014-02,2014-03-10 09:00:00,0.8749519548721002,signal,goods,2
2013-06,2014-03,2014-04-09 09:00:00,1.1105616412509351,signal,goods,2
2013-07,2014-04,2014-05-12 09:00:00,0.6718085819884301,signal,goods,2
2013-08,2014-05,2014-06-09 09:00:00,0.4357983066678867,signal,goods,2
2013-09,2014-06,2014-07-09 09:00:00,0.7368564041634297,signal,goods,2
2013-10,2014-07,2014-08-11 09:00:00,1.071500340505912,signal,goods,2
2013-11,2014-08,2014-09-09 09:00:00,0.935511970534599,signal,goods,2
2013-12,2014-09,2014-10-09 09:00:00,1.4735588108359243,signal,goods,2
2014-01,2014-10,2014-11-10 09:00:00,1.002917768379658,signal,goods,2
2014-02,2014-11,2014-12-09 09:00:00,0.5672525278362663,signal,goods,2
2014-03,2014-12,2015-01-09 09:00:00,0.6336536122109528,signal,goods,2
2014-04,2015-01,2015-02-09 09:00:00,0.7667209878622013,signal,goods,2
2014-05,2015-02,2015-03-09 09:00:00,0.9336403173582275,signal,goods,2
2014-06,2015-03,2015-04-09 09:00:00,0.5661853176964207,signal,goods,2
2014-07,2015-04,2015-05-12 09:00:00,0.16618478436180723,signal,goods,2
2014-08,2015-05,2015-06-09 09:00:00,0.19936879241186128,signal,goods,2
2014-09,2015-06,2015-07-09 09:00:00,0.06636795012847158,signal,goods,2
2014-10,2015-07,2015-08-10 09:00:00,0.033150873803839076,signal,goods,2
2014-11,2015-08,2015-09-09 09:00:00,0.2663006874090005,signal,goods,2
2014-12,2015-09,2015-10-09 09:00:00,0.1993027216375084,signal,goods,2
2015-01,2015-10,2015-11-09 09:00:00,0.03301899535513214,signal,goods,2
2015-02,2015-11,2015-12-09 09:00:00,0.2652411780595195,signal,goods,2
2015-03,2015-12,2016-01-12 09:00:00,0.33144444378049986,signal,goods,2
2015-04,2016-01,2016-02-12 09:00:00,0.39797760412513816,signal,goods,2
2015-05,2016-02,2016-03-09 09:00:00,0.3314115722429617,signal,goods,2
2015-06,2016-03,2016-04-11 09:00:00,0.26491193883596736,signal,goods,2
2015-07,2016-04,2016-05-10 09:00:00,0.5638658236725691,signal,goods,2
2015-08,2016-05,2016-06-09 09:00:00,0.3979119262390465,signal,goods,2
2015-09,2016-06,2016-07-12 09:00:00,0.29865626977489845,signal,goods,2
2015-10,2016-07,2016-08-09 09:00:00,0.06620326572098034,signal,goods,2
2015-11,2016-08,2016-09-09 09:00:00,-0.03315094016679743,signal,goods,2
2015-12,2016-09,2016-10-10 09:00:00,-0.0994859537671311,signal,goods,2
2016-01,2016-10,2016-11-09 09:00:00,-0.2649448107632747,signal,goods,2
2016-02,2016-11,2016-12-09 09:00:00,0.03292064286381435,signal,goods,2
2016-03,2016-12,2017-01-10 09:00:00,-0.19890623062375923,signal,goods,2
2016-04,2017-01,2017-02-10 09:00:00,-0.2649453342240029,signal,goods,2
2016-05,2017-02,2017-03-09 09:00:00,-0.09958502684598652,signal,goods,2
2016-06,2017-03,2017-04-10 09:00:00,-3.2936921020354504e-05,signal,goods,2
2016-07,2017-04,2017-05-10 09:00:00,0.06610465091386841,signal,goods,2
2016-08,2017-05,2017-06-09 09:00:00,-9.84842346449799e-05,signal,goods,2
2016-09,2017-06,2017-07-12 09:00:00,0.19851131292829605,signal,goods,2
2016-10,2017-07,2017-08-09 09:00:00,0.3313787658944084,signal,goods,2
2016-11,2017-08,2017-09-11 09:00:00,0.06623613725851851,signal,goods,2
2016-12,2017-09,2017-10-09 09:00:00,-0.13227517566977753,signal,goods,2
2017-01,2017-10,2017-11-09 09:00:00,0.4972332605892861,signal,goods,2
2017-02,2017-11,2017-12-11 09:00:00,0.09922278492660985,signal,goods,2
2017-03,2017-12,2018-01-10 09:00:00,0.165623345450799,signal,goods,2
2017-04,2018-01,2018-02-14 09:00:00,-0.2995856268492266,signal,goods,2
2017-05,2018-02,2018-03-09 09:00:00,-0.796556376353061,signal,goods,2
2017-06,2018-03,2018-04-10 09:00:00,-0.9294910822849123,signal,goods,2
2017-07,2018-04,2018-05-10 09:00:00,-0.5315738122158442,signal,goods,2
2017-08,2018-05,2018-06-11 09:00:00,-0.7309781182288423,signal,goods,2
2017-09,2018-06,2018-07-11 09:00:00,-0.7976448071177444,signal,goods,2
2017-10,2018-07,2018-08-09 09:00:00,-1.029407581741862,signal,goods,2
2017-11,2018-08,2018-09-10 09:00:00,-0.8635169871565896,signal,goods,2
2017-12,2018-09,2018-10-09 09:00:00,-0.7642613958814264,signal,goods,2
2018-01,2018-10,2018-11-09 09:00:00,-0.6322544628999826,signal,goods,2
2018-02,2018-11,2018-12-10 09:00:00,0.06680028955717296,signal,goods,2
2018-03,2018-12,2019-01-10 09:00:00,-0.20040033533498547,signal,goods,2
2018-04,2019-01,2019-02-13 09:00:00,0.13227042322248,signal,goods,2
2018-05,2019-02,2019-03-11 09:00:00,0.49862214090875984,signal,goods,2
2018-06,2019-03,2019-04-10 09:00:00,0.7983744979010338,signal,goods,2
2018-07,2019-04,2019-05-13 09:00:00,0.5655541056378539,signal,goods,2
2018-08,2019-05,2019-06-11 09:00:00,0.49915302126316735,signal,goods,2
2018-09,2019-06,2019-07-11 09:00:00,0.2995508979798479,signal,goods,2
2018-10,2019-07,2019-08-12 09:00:00,0.3663507207673538,signal,goods,2
2018-11,2019-08,2019-09-10 09:00:00,0.5335013788680252,signal,goods,2
2018-12,2019-09,2019-10-10 09:00:00,0.4669677573108604,signal,goods,2
2019-01,2019-10,2019-11-11 09:00:00,-0.03338274775332584,signal,goods,2
2019-02,2019-11,2019-12-10 09:00:00,-0.2985909229201884,signal,goods,2
2019-03,2019-12,2020-01-13 09:00:00,0.09942007972981864,signal,goods,2
2019-04,2020-01,2020-02-14 09:00:00,0.09932133435023949,signal,goods,2
2019-05,2020-02,2020-03-10 09:00:00,0.7276868534165609,signal,goods,2
2019-06,2020-03,2020-04-14 09:00:00,0.9914534786607413,signal,goods,2
2019-07,2020-04,2020-05-13 09:00:00,1.2877517259022753,signal,goods,2
2019-08,2020-05,2020-06-10 09:00:00,1.518478295611137,signal,goods,2
2019-09,2020-06,2020-07-10 09:00:00,1.9426967802518935,signal,goods,2
2019-10,2020-07,2020-08-13 09:00:00,2.562882782246799,signal,goods,2
2019-11,2020-08,2020-09-10 09:00:00,2.6828958824882982,signal,goods,2
2019-12,2020-09,2020-10-12 09:00:00,2.8418420926480574,signal,goods,2
2020-01,2020-10,2020-11-10 09:00:00,2.871312523756573,signal,goods,2
2020-02,2020-11,2020-12-10 09:00:00,2.77205693248141,signal,goods,2
2020-03,2020-12,2021-01-13 09:00:00,1.8848738584437552,signal,goods,2
2020-04,2021-01,2021-02-12 09:00:00,1.9511880110277384,signal,goods,2
2020-05,2021-02,2021-03-10 09:00:00,1.593072927011566,signal,goods,2
2020-06,2021-03,2021-04-13 09:00:00,1.1691974611829201,signal,goods,2
2020-07,2021-04,2021-05-11 09:00:00,0.12954426069295666,signal,goods,2
2020-08,2021-05,2021-06-10 09:00:00,-0.38800480953580596,signal,goods,2
2020-09,2021-06,2021-07-13 09:00:00,-0.580959839266173,signal,goods,2
2020-10,2021-07,2021-08-10 09:00:00,-0.3225606124555749,signal,goods,2
2020-11,2021-08,2021-09-10 09:00:00,0.03098375383128049,signal,goods,2
2020-12,2021-09,2021-10-11 09:00:00,0.8621989571298054,signal,goods,2
2021-01,2021-10,2021-11-10 09:00:00,1.8526339804026644,signal,goods,2
2021-02,2021-11,2021-12-10 09:00:00,2.4759377500274975,signal,goods,2
2021-03,2021-12,2022-01-12 09:00:00,4.017034197700795,signal,goods,2
2021-04,2022-01,2022-02-14 09:00:00,5.417837277891346,signal,goods,2
2021-05,2022-02,2022-03-10 09:00:00,6.52478090817132,signal,goods,2
2021-06,2022-03,2022-04-11 09:00:00,7.266045432520208,signal,goods,2
2021-07,2022-04,2022-05-10 09:00:00,8.118952233667482,signal,goods,2
2021-08,2022-05,2022-06-10 09:00:00,8.79981149366463,signal,goods,2
2021-09,2022-06,2022-07-13 09:00:00,8.79554136420055,signal,goods,2
2021-10,2022-07,2022-08-10 09:00:00,8.273279037247853,signal,goods,2
2021-11,2022-08,2022-09-12 09:00:00,8.366630144438016,signal,goods,2
2021-12,2022-09,2022-10-11 09:00:00,7.306042485134494,signal,goods,2
2022-01,2022-10,2022-11-10 09:00:00,6.143229799594817,signal,goods,2
2022-02,2022-11,2022-12-12 09:00:00,5.324603342032596,signal,goods,2
2022-03,2022-12,2023-01-11 09:00:00,4.0729313500566136,signal,goods,2
2022-04,2023-01,2023-02-10 09:00:00,2.0600847366243205,signal,goods,2
2022-05,2023-02,2023-03-10 09:00:00,0.4987915778810681,signal,goods,2
2022-06,2023-03,2023-04-13 09:00:00,-0.9394760121074697,signal,goods,2
2022-07,2023-04,2023-05-11 09:00:00,-2.001531393842841,signal,goods,2
2022-08,2023-05,2023-06-12 09:00:00,-3.4850794567796886,signal,goods,2
2022-09,2023-06,2023-07-13 09:00:00,-5.126781231774331,signal,goods,2
2022-10,2023-07,2023-08-10 09:00:00,-6.639580155601601,signal,goods,2
2022-11,2023-08,2023-09-11 09:00:00,-8.136461658929782,signal,goods,2
2022-12,2023-09,2023-10-10 09:00:00,-8.70745139421171,signal,goods,2
2023-01,2023-10,2023-11-10 09:00:00,-9.257916362803837,signal,goods,2
2023-02,2023-11,2023-12-11 09:00:00,-9.580279451464046,signal,goods,2
2023-03,2023-12,2024-01-11 09:00:00,-10.325008501614073,signal,goods,2
2023-04,2024-01,2024-02-15 09:00:00,-9.80819395089347,signal,goods,2
2023-05,2024-02,2024-03-11 09:00:00,-9.268554566586966,signal,goods,2
2023-06,2024-03,2024-04-10 09:00:00,-8.42883418405672,signal,goods,2
2023-07,2024-04,2024-05-13 09:00:00,-7.600286229465947,signal,goods,2
2023-08,2024-05,2024-06-11 09:00:00,-6.433163075597794,signal,goods,2
2023-09,2024-06,2024-07-10 09:00:00,-5.377020300727675,signal,goods,2
2023-10,2024-07,2024-08-12 09:00:00,-3.8185114988761657,signal,goods,2
2023-11,2024-08,2024-09-10 09:00:00,-2.561849238890319,signal,goods,2
2023-12,2024-09,2024-10-10 09:00:00,-2.1365264189788844,signal,goods,2
2024-01,2024-10,2024-11-11 09:00:00,-1.4844740490994672,signal,goods,2
2024-02,2024-11,2024-12-10 09:00:00,-1.1573728419212777,signal,goods,2
2024-03,2024-12,2025-01-13 09:00:00,-0.4317567796723618,signal,goods,2
2024-04,2025-01,2025-02-12 09:00:00,-0.3655539735923703,signal,goods,2
2024-05,2025-02,2025-03-11 09:00:00,-0.09975063171254228,signal,goods,2
2024-06,2025-03,2025-04-10 09:00:00,-0.03328341098631746,signal,goods,2
2024-07,2025-04,2025-05-13 09:00:00,0.09991676652521964,signal,goods,2
2024-08,2025-05,2025-06-10 09:00:00,-0.2660351498576783,signal,goods,2
2024-09,2025-06,2025-07-10 09:00:00,0.13257049094015172,signal,goods,2
2024-10,2025-07,2025-08-08 09:00:00,0.06623600590496043,signal,goods,2
2024-11,2025-08,2025-09-10 09:00:00,0.23228831925354432,signal,goods,2
2024-12,2025-09,2025-10-10 09:00:00,0.3991690586791668,signal,goods,2
2025-01,2025-10,2025-11-11 09:00:00,0.23255280046191523,signal,goods,2
2025-02,2025-11,2025-12-10 09:00:00,0.13290150551638136,signal,goods,2
2025-03,2025-12,2026-01-13 09:00:00,0.16611858184101386,signal,goods,2
2025-04,2026-01,2026-02-13 09:00:00,0.1330341088681148,signal,goods,2
2025-05,2026-02,2026-03-10 09:00:00,0.2662343527473155,signal,goods,2
2025-06,2026-03,2026-04-14 09:00:00,0.03301846836780126,signal,goods,2
2025-07,2026-04,2026-05-13 09:00:00,-0.19890629581274388,signal,goods,2
2025-08,2026-05,2026-06-10 09:00:00,0.0994529508760349,signal,goods,2
2025-09,2026-06,2026-07-10 09:00:00,-0.06643408687446084,signal,goods,2
2010-01,2010-10,2010-11-09 09:00:00,-0.005645751214241879,core,own,2
2010-02,2010-11,2010-12-09 09:00:00,0.2296985242652947,core,own,2
2010-03,2010-12,2011-01-10 09:00:00,0.20850813796815057,core,own,2
2010-04,2011-01,2011-02-09 09:00:00,0.09580942421768895,core,own,2
2010-05,2011-02,2011-03-09 09:00:00,-0.047059624208637504,core,own,2
2010-06,2011-03,2011-04-11 09:00:00,-0.08379156343048146,core,own,2
2010-07,2011-04,2011-05-10 09:00:00,-0.04513040018638297,core,own,2
2010-08,2011-05,2011-06-09 09:00:00,0.025818764434753432,core,own,2
2010-09,2011-06,2011-07-12 09:00:00,0.05685537923117888,core,own,2
2010-10,2011-07,2011-08-09 09:00:00,0.0029492696499253263,core,own,2
2010-11,2011-08,2011-09-09 09:00:00,-0.013506127379519617,core,own,2
2010-12,2011-09,2011-10-10 09:00:00,0.039600348440947994,core,own,2
2011-01,2011-10,2011-11-09 09:00:00,0.16112349387799546,core,own,2
2011-02,2011-11,2011-12-09 09:00:00,0.22139368697002682,core,own,2
2011-03,2011-12,2012-01-09 09:00:00,0.2228165309293115,core,own,2
2011-04,2012-01,2012-02-16 09:00:00,0.10436833935089948,core,own,2
2011-05,2012-02,2012-03-09 09:00:00,0.02283268286642154,core,own,2
2011-06,2012-03,2012-04-10 09:00:00,0.008735444548811477,core,own,2
2011-07,2012-04,2012-05-10 09:00:00,0.03601207805301859,core,own,2
2011-08,2012-05,2012-06-11 09:00:00,0.028266909154306734,core,own,2
2011-09,2012-06,2012-07-11 09:00:00,0.09514084020159172,core,own,2
2011-10,2012-07,2012-08-09 09:00:00,-0.06662826801712259,core,own,2
2011-11,2012-08,2012-09-10 09:00:00,-0.210992982273274,core,own,2
2011-12,2012-09,2012-10-09 09:00:00,-0.1565366620053443,core,own,2
2012-01,2012-10,2012-11-09 09:00:00,0.003040264933139414,core,own,2
2012-02,2012-11,2012-12-10 09:00:00,0.0074690619297949346,core,own,2
2012-03,2012-12,2013-01-09 09:00:00,-0.05492984600836612,core,own,2
2012-04,2013-01,2013-02-11 09:00:00,-0.012703634630375119,core,own,2
2012-05,2013-02,2013-03-11 09:00:00,0.004017349889308186,core,own,2
2012-06,2013-03,2013-04-09 09:00:00,0.014949714449836955,core,own,2
2012-07,2013-04,2013-05-10 09:00:00,-0.008125199952627227,core,own,2
2012-08,2013-05,2013-06-10 09:00:00,-0.07975849823728122,core,own,2
2012-09,2013-06,2013-07-09 09:00:00,-0.04737708422906095,core,own,2
2012-10,2013-07,2013-08-09 09:00:00,-0.13105010757774854,core,own,2
2012-11,2013-08,2013-09-09 09:00:00,-0.13019432461491368,core,own,2
2012-12,2013-09,2013-10-09 09:00:00,-0.048753090187659,core,own,2
2013-01,2013-10,2013-11-11 09:00:00,0.1083758903079349,core,own,2
2013-02,2013-11,2013-12-09 09:00:00,0.08458237176769182,core,own,2
2013-03,2013-12,2014-01-09 09:00:00,0.09949556921685498,core,own,2
2013-04,2014-01,2014-02-12 09:00:00,0.07957889401663959,core,own,2
2013-05,2014-02,2014-03-10 09:00:00,0.0936406501953641,core,own,2
2013-06,2014-03,2014-04-09 09:00:00,0.18194793292410474,core,own,2
2013-07,2014-04,2014-05-12 09:00:00,0.21629205073896193,core,own,2
2013-08,2014-05,2014-06-09 09:00:00,0.1578888452241128,core,own,2
2013-09,2014-06,2014-07-09 09:00:00,0.2430648793480399,core,own,2
2013-10,2014-07,2014-08-11 09:00:00,0.13127458583859672,core,own,2
2013-11,2014-08,2014-09-09 09:00:00,0.05863878868108949,core,own,2
2013-12,2014-09,2014-10-09 09:00:00,0.014068980160255165,core,own,2
2014-01,2014-10,2014-11-10 09:00:00,0.0733472336646512,core,own,2
2014-02,2014-11,2014-12-09 09:00:00,0.055588093901974694,core,own,2
2014-03,2014-12,2015-01-09 09:00:00,0.12228924985614655,core,own,2
2014-04,2015-01,2015-02-09 09:00:00,0.12552774843822873,core,own,2
2014-05,2015-02,2015-03-09 09:00:00,0.07596716646257753,core,own,2
2014-06,2015-03,2015-04-09 09:00:00,0.0005925663534789988,core,own,2
2014-07,2015-04,2015-05-12 09:00:00,-0.0741625476993314,core,own,2
2014-08,2015-05,2015-06-09 09:00:00,0.02107634584401652,core,own,2
2014-09,2015-06,2015-07-09 09:00:00,0.11111297841795846,core,own,2
2014-10,2015-07,2015-08-10 09:00:00,0.06824347419682555,core,own,2
2014-11,2015-08,2015-09-09 09:00:00,0.010260562969415132,core,own,2
2014-12,2015-09,2015-10-09 09:00:00,0.018506577878577346,core,own,2
2015-01,2015-10,2015-11-09 09:00:00,0.027492924812794715,core,own,2
2015-02,2015-11,2015-12-09 09:00:00,0.018764751657890294,core,own,2
2015-03,2015-12,2016-01-12 09:00:00,0.11078030902063324,core,own,2
2015-04,2016-01,2016-02-12 09:00:00,0.09556554335335651,core,own,2
2015-05,2016-02,2016-03-09 09:00:00,0.03779021183043957,core,own,2
2015-06,2016-03,2016-04-11 09:00:00,-0.09660921558968007,core,own,2
2015-07,2016-04,2016-05-10 09:00:00,-0.10881107771127722,core,own,2
2015-08,2016-05,2016-06-09 09:00:00,-0.056187476943430376,core,own,2
2015-09,2016-06,2016-07-12 09:00:00,-0.06339799334929927,core,own,2
2015-10,2016-07,2016-08-09 09:00:00,-0.023576021357803678,core,own,2
2015-11,2016-08,2016-09-09 09:00:00,-0.12049776168655266,core,own,2
2015-12,2016-09,2016-10-10 09:00:00,-0.02316543102280851,core,own,2
2016-01,2016-10,2016-11-09 09:00:00,-0.000524306106405352,core,own,2
2016-02,2016-11,2016-12-09 09:00:00,0.14165864162076322,core,own,2
2016-03,2016-12,2017-01-10 09:00:00,0.27547282319983585,core,own,2
2016-04,2017-01,2017-02-10 09:00:00,0.2902581845332626,core,own,2
2016-05,2017-02,2017-03-09 09:00:00,0.3433639695164683,core,own,2
2016-06,2017-03,2017-04-10 09:00:00,0.16955104025541748,core,own,2
2016-07,2017-04,2017-05-10 09:00:00,0.14342589554764223,core,own,2
2016-08,2017-05,2017-06-09 09:00:00,0.06051389420271676,core,own,2
2016-09,2017-06,2017-07-12 09:00:00,0.08057475007444896,core,own,2
2016-10,2017-07,2017-08-09 09:00:00,0.06725268823406982,core,own,2
2016-11,2017-08,2017-09-11 09:00:00,-0.08948252409099972,core,own,2
2016-12,2017-09,2017-10-09 09:00:00,-0.011802480236671159,core,own,2
2017-01,2017-10,2017-11-09 09:00:00,-0.0965225248363197,core,own,2
2017-02,2017-11,2017-12-11 09:00:00,-0.08752092256689073,core,own,2
2017-03,2017-12,2018-01-10 09:00:00,-0.1533070067233167,core,own,2
2017-04,2018-01,2018-02-14 09:00:00,-0.16860848121147096,core,own,2
2017-05,2018-02,2018-03-09 09:00:00,-0.09900436244525757,core,own,2
2017-06,2018-03,2018-04-10 09:00:00,-0.0006584829644354917,core,own,2
2017-07,2018-04,2018-05-10 09:00:00,0.10749655487584492,core,own,2
2017-08,2018-05,2018-06-11 09:00:00,0.06540318518592231,core,own,2
2017-09,2018-06,2018-07-11 09:00:00,0.1143878982450289,core,own,2
2017-10,2018-07,2018-08-09 09:00:00,0.22049016641543584,core,own,2
2017-11,2018-08,2018-09-10 09:00:00,0.16808943733918258,core,own,2
2017-12,2018-09,2018-10-09 09:00:00,0.10269463645841106,core,own,2
2018-01,2018-10,2018-11-09 09:00:00,0.035887132938892785,core,own,2
2018-02,2018-11,2018-12-10 09:00:00,0.05389310257480908,core,own,2
2018-03,2018-12,2019-01-10 09:00:00,0.08008200985094702,core,own,2
2018-04,2019-01,2019-02-13 09:00:00,0.10883057029096063,core,own,2
2018-05,2019-02,2019-03-11 09:00:00,0.05172063000878213,core,own,2
2018-06,2019-03,2019-04-10 09:00:00,0.017083169900270673,core,own,2
2018-07,2019-04,2019-05-13 09:00:00,-0.0791627886810303,core,own,2
2018-08,2019-05,2019-06-11 09:00:00,-0.2647437231057247,core,own,2
2018-09,2019-06,2019-07-11 09:00:00,-0.10955786734805206,core,own,2
2018-10,2019-07,2019-08-12 09:00:00,0.23336639334199058,core,own,2
2018-11,2019-08,2019-09-10 09:00:00,0.19039598846880457,core,own,2
2018-12,2019-09,2019-10-10 09:00:00,-0.03669811790004099,core,own,2
2019-01,2019-10,2019-11-11 09:00:00,-0.08699354677891691,core,own,2
2019-02,2019-11,2019-12-10 09:00:00,-0.2140645883995246,core,own,2
2019-03,2019-12,2020-01-13 09:00:00,-0.020894751579246612,core,own,2
2019-04,2020-01,2020-02-14 09:00:00,0.140313498177321,core,own,2
2019-05,2020-02,2020-03-10 09:00:00,0.2818462005800706,core,own,2
2019-06,2020-03,2020-04-14 09:00:00,0.20192744298041185,core,own,2
2019-07,2020-04,2020-05-13 09:00:00,-0.07942282702474665,core,own,2
2019-08,2020-05,2020-06-10 09:00:00,-0.17472291112158375,core,own,2
2019-09,2020-06,2020-07-10 09:00:00,0.08806842700692358,core,own,2
2019-10,2020-07,2020-08-13 09:00:00,0.5977938578399217,core,own,2
2019-11,2020-08,2020-09-10 09:00:00,0.24592354083962958,core,own,2
2019-12,2020-09,2020-10-12 09:00:00,0.0349776963772048,core,own,2
2020-01,2020-10,2020-11-10 09:00:00,-0.12374900938774991,core,own,2
2020-02,2020-11,2020-12-10 09:00:00,-0.22626729434581,core,own,2
2020-03,2020-12,2021-01-13 09:00:00,-0.22895106215554675,core,own,2
2020-04,2021-01,2021-02-12 09:00:00,0.020796176629752805,core,own,2
2020-05,2021-02,2021-03-10 09:00:00,0.08056654242784661,core,own,2
2020-06,2021-03,2021-04-13 09:00:00,-0.13325808629924585,core,own,2
2020-07,2021-04,2021-05-11 09:00:00,-0.2983382865176787,core,own,2
2020-08,2021-05,2021-06-10 09:00:00,-0.3367581126246749,core,own,2
2020-09,2021-06,2021-07-13 09:00:00,0.11595160534209087,core,own,2
2020-10,2021-07,2021-08-10 09:00:00,0.6144341237089914,core,own,2
2020-11,2021-08,2021-09-10 09:00:00,0.787923444208017,core,own,2
2020-12,2021-09,2021-10-11 09:00:00,0.7934441617738842,core,own,2
2021-01,2021-10,2021-11-10 09:00:00,0.8405699043189221,core,own,2
2021-02,2021-11,2021-12-10 09:00:00,0.8026126199406055,core,own,2
2021-03,2021-12,2022-01-12 09:00:00,0.8381843310559144,core,own,2
2021-04,2022-01,2022-02-14 09:00:00,1.0250742384427713,core,own,2
2021-05,2022-02,2022-03-10 09:00:00,0.8502916473047106,core,own,2
2021-06,2022-03,2022-04-11 09:00:00,0.7943054621571848,core,own,2
2021-07,2022-04,2022-05-10 09:00:00,0.5538693479360102,core,own,2
2021-08,2022-05,2022-06-10 09:00:00,0.5987634540596404,core,own,2
2021-09,2022-06,2022-07-13 09:00:00,0.6388314490900389,core,own,2
2021-10,2022-07,2022-08-10 09:00:00,0.5642500407819434,core,own,2
2021-11,2022-08,2022-09-12 09:00:00,0.3426772412366418,core,own,2
2021-12,2022-09,2022-10-11 09:00:00,0.07353874291230389,core,own,2
2022-01,2022-10,2022-11-10 09:00:00,0.07939868343078937,core,own,2
2022-02,2022-11,2022-12-12 09:00:00,-0.20170230501228692,core,own,2
2022-03,2022-12,2023-01-11 09:00:00,-0.25620855399342446,core,own,2
2022-04,2023-01,2023-02-10 09:00:00,-0.4082106476744549,core,own,2
2022-05,2023-02,2023-03-10 09:00:00,-0.5334893814330072,core,own,2
2022-06,2023-03,2023-04-13 09:00:00,-0.6233147531817812,core,own,2
2022-07,2023-04,2023-05-11 09:00:00,-0.8464562273357166,core,own,2
2022-08,2023-05,2023-06-12 09:00:00,-0.9375115189538334,core,own,2
2022-09,2023-06,2023-07-13 09:00:00,-0.8894505009973863,core,own,2
2022-10,2023-07,2023-08-10 09:00:00,-0.7060546245081732,core,own,2
2022-11,2023-08,2023-09-11 09:00:00,-0.6121835699346749,core,own,2
2022-12,2023-09,2023-10-10 09:00:00,-0.5709951062065884,core,own,2
2023-01,2023-10,2023-11-10 09:00:00,-0.607522337653804,core,own,2
2023-02,2023-11,2023-12-11 09:00:00,-0.5405835542129045,core,own,2
2023-03,2023-12,2024-01-11 09:00:00,-0.5405742519485554,core,own,2
2023-04,2024-01,2024-02-15 09:00:00,-0.5362369523218283,core,own,2
2023-05,2024-02,2024-03-11 09:00:00,-0.32961423275244717,core,own,2
2023-06,2024-03,2024-04-10 09:00:00,-0.127960951221482,core,own,2
2023-07,2024-04,2024-05-13 09:00:00,-0.14893895233455276,core,own,2
2023-08,2024-05,2024-06-11 09:00:00,-0.2834911748898657,core,own,2
2023-09,2024-06,2024-07-10 09:00:00,-0.379246003866268,core,own,2
2023-10,2024-07,2024-08-12 09:00:00,-0.11047810053061047,core,own,2
2023-11,2024-08,2024-09-10 09:00:00,0.014534856024585041,core,own,2
2023-12,2024-09,2024-10-10 09:00:00,-0.001630833078134386,core,own,2
2024-01,2024-10,2024-11-11 09:00:00,-0.08458163940203858,core,own,2
2024-02,2024-11,2024-12-10 09:00:00,-0.023519219332389082,core,own,2
2024-03,2024-12,2025-01-13 09:00:00,-0.10444143609268522,core,own,2
2024-04,2025-01,2025-02-12 09:00:00,-0.13976949298079097,core,own,2
2024-05,2025-02,2025-03-11 09:00:00,0.024193516334683918,core,own,2
2024-06,2025-03,2025-04-10 09:00:00,0.12559199549658115,core,own,2
2024-07,2025-04,2025-05-13 09:00:00,0.13444408832160412,core,own,2
2024-08,2025-05,2025-06-10 09:00:00,-0.05457607905994166,core,own,2
2024-09,2025-06,2025-07-10 09:00:00,-0.08886561766345863,core,own,2
2024-10,2025-07,2025-08-08 09:00:00,0.03516292954319872,core,own,2
2024-11,2025-08,2025-09-10 09:00:00,0.10004873282020976,core,own,2
2024-12,2025-09,2025-10-10 09:00:00,0.045720035048406396,core,own,2
2025-01,2025-10,2025-11-11 09:00:00,0.019922435230420955,core,own,2
2025-02,2025-11,2025-12-10 09:00:00,-0.09628429263973373,core,own,2
2025-03,2025-12,2026-01-13 09:00:00,-0.06823271585880572,core,own,2
2025-04,2026-01,2026-02-13 09:00:00,-0.08567250210120445,core,own,2
2025-05,2026-02,2026-03-10 09:00:00,0.04817475312485642,core,own,2
2025-06,2026-03,2026-04-14 09:00:00,0.11456681319954415,core,own,2
2025-07,2026-04,2026-05-13 09:00:00,0.15403438593531318,core,own,2
2025-08,2026-05,2026-06-10 09:00:00,0.09792108287685664,core,own,2
2025-09,2026-06,2026-07-10 09:00:00,-0.04743042927682145,core,own,2
2010-01,2010-10,2010-11-09 09:00:00,-0.005645751214241879,core,services,2
2010-02,2010-11,2010-12-09 09:00:00,0.2296985242652947,core,services,2
2010-03,2010-12,2011-01-10 09:00:00,0.20850813796815057,core,services,2
2010-04,2011-01,2011-02-09 09:00:00,0.09580942421768895,core,services,2
2010-05,2011-02,2011-03-09 09:00:00,-0.047059624208637504,core,services,2
2010-06,2011-03,2011-04-11 09:00:00,-0.08379156343048146,core,services,2
2010-07,2011-04,2011-05-10 09:00:00,-0.04513040018638297,core,services,2
2010-08,2011-05,2011-06-09 09:00:00,0.025818764434753432,core,services,2
2010-09,2011-06,2011-07-12 09:00:00,0.05685537923117888,core,services,2
2010-10,2011-07,2011-08-09 09:00:00,0.0029492696499253263,core,services,2
2010-11,2011-08,2011-09-09 09:00:00,-0.013506127379519617,core,services,2
2010-12,2011-09,2011-10-10 09:00:00,0.039600348440947994,core,services,2
2011-01,2011-10,2011-11-09 09:00:00,0.16112349387799546,core,services,2
2011-02,2011-11,2011-12-09 09:00:00,0.22139368697002682,core,services,2
2011-03,2011-12,2012-01-09 09:00:00,0.2228165309293115,core,services,2
2011-04,2012-01,2012-02-16 09:00:00,0.10436833935089948,core,services,2
2011-05,2012-02,2012-03-09 09:00:00,0.02283268286642154,core,services,2
2011-06,2012-03,2012-04-10 09:00:00,0.008735444548811477,core,services,2
2011-07,2012-04,2012-05-10 09:00:00,0.03601207805301859,core,services,2
2011-08,2012-05,2012-06-11 09:00:00,0.028266909154306734,core,services,2
2011-09,2012-06,2012-07-11 09:00:00,0.09514084020159172,core,services,2
2011-10,2012-07,2012-08-09 09:00:00,-0.06662826801712259,core,services,2
2011-11,2012-08,2012-09-10 09:00:00,-0.210992982273274,core,services,2
2011-12,2012-09,2012-10-09 09:00:00,-0.1565366620053443,core,services,2
2012-01,2012-10,2012-11-09 09:00:00,0.003040264933139414,core,services,2
2012-02,2012-11,2012-12-10 09:00:00,0.0074690619297949346,core,services,2
2012-03,2012-12,2013-01-09 09:00:00,-0.05492984600836612,core,services,2
2012-04,2013-01,2013-02-11 09:00:00,-0.012703634630375119,core,services,2
2012-05,2013-02,2013-03-11 09:00:00,0.004017349889308186,core,services,2
2012-06,2013-03,2013-04-09 09:00:00,0.014949714449836955,core,services,2
2012-07,2013-04,2013-05-10 09:00:00,-0.008125199952627227,core,services,2
2012-08,2013-05,2013-06-10 09:00:00,-0.07975849823728122,core,services,2
2012-09,2013-06,2013-07-09 09:00:00,-0.04737708422906095,core,services,2
2012-10,2013-07,2013-08-09 09:00:00,-0.13105010757774854,core,services,2
2012-11,2013-08,2013-09-09 09:00:00,-0.13019432461491368,core,services,2
2012-12,2013-09,2013-10-09 09:00:00,-0.048753090187659,core,services,2
2013-01,2013-10,2013-11-11 09:00:00,0.1083758903079349,core,services,2
2013-02,2013-11,2013-12-09 09:00:00,0.08458237176769182,core,services,2
2013-03,2013-12,2014-01-09 09:00:00,0.09949556921685498,core,services,2
2013-04,2014-01,2014-02-12 09:00:00,0.07957889401663959,core,services,2
2013-05,2014-02,2014-03-10 09:00:00,0.0936406501953641,core,services,2
2013-06,2014-03,2014-04-09 09:00:00,0.18194793292410474,core,services,2
2013-07,2014-04,2014-05-12 09:00:00,0.21629205073896193,core,services,2
2013-08,2014-05,2014-06-09 09:00:00,0.1578888452241128,core,services,2
2013-09,2014-06,2014-07-09 09:00:00,0.2430648793480399,core,services,2
2013-10,2014-07,2014-08-11 09:00:00,0.13127458583859672,core,services,2
2013-11,2014-08,2014-09-09 09:00:00,0.05863878868108949,core,services,2
2013-12,2014-09,2014-10-09 09:00:00,0.014068980160255165,core,services,2
2014-01,2014-10,2014-11-10 09:00:00,0.0733472336646512,core,services,2
2014-02,2014-11,2014-12-09 09:00:00,0.055588093901974694,core,services,2
2014-03,2014-12,2015-01-09 09:00:00,0.12228924985614655,core,services,2
2014-04,2015-01,2015-02-09 09:00:00,0.12552774843822873,core,services,2
2014-05,2015-02,2015-03-09 09:00:00,0.07596716646257753,core,services,2
2014-06,2015-03,2015-04-09 09:00:00,0.0005925663534789988,core,services,2
2014-07,2015-04,2015-05-12 09:00:00,-0.0741625476993314,core,services,2
2014-08,2015-05,2015-06-09 09:00:00,0.02107634584401652,core,services,2
2014-09,2015-06,2015-07-09 09:00:00,0.11111297841795846,core,services,2
2014-10,2015-07,2015-08-10 09:00:00,0.06824347419682555,core,services,2
2014-11,2015-08,2015-09-09 09:00:00,0.010260562969415132,core,services,2
2014-12,2015-09,2015-10-09 09:00:00,0.018506577878577346,core,services,2
2015-01,2015-10,2015-11-09 09:00:00,0.027492924812794715,core,services,2
2015-02,2015-11,2015-12-09 09:00:00,0.018764751657890294,core,services,2
2015-03,2015-12,2016-01-12 09:00:00,0.11078030902063324,core,services,2
2015-04,2016-01,2016-02-12 09:00:00,0.09556554335335651,core,services,2
2015-05,2016-02,2016-03-09 09:00:00,0.03779021183043957,core,services,2
2015-06,2016-03,2016-04-11 09:00:00,-0.09660921558968007,core,services,2
2015-07,2016-04,2016-05-10 09:00:00,-0.10881107771127722,core,services,2
2015-08,2016-05,2016-06-09 09:00:00,-0.056187476943430376,core,services,2
2015-09,2016-06,2016-07-12 09:00:00,-0.06339799334929927,core,services,2
2015-10,2016-07,2016-08-09 09:00:00,-0.023576021357803678,core,services,2
2015-11,2016-08,2016-09-09 09:00:00,-0.12049776168655266,core,services,2
2015-12,2016-09,2016-10-10 09:00:00,-0.02316543102280851,core,services,2
2016-01,2016-10,2016-11-09 09:00:00,-0.000524306106405352,core,services,2
2016-02,2016-11,2016-12-09 09:00:00,0.14165864162076322,core,services,2
2016-03,2016-12,2017-01-10 09:00:00,0.27547282319983585,core,services,2
2016-04,2017-01,2017-02-10 09:00:00,0.2902581845332626,core,services,2
2016-05,2017-02,2017-03-09 09:00:00,0.3433639695164683,core,services,2
2016-06,2017-03,2017-04-10 09:00:00,0.16955104025541748,core,services,2
2016-07,2017-04,2017-05-10 09:00:00,0.14342589554764223,core,services,2
2016-08,2017-05,2017-06-09 09:00:00,0.06051389420271676,core,services,2
2016-09,2017-06,2017-07-12 09:00:00,0.08057475007444896,core,services,2
2016-10,2017-07,2017-08-09 09:00:00,0.06725268823406982,core,services,2
2016-11,2017-08,2017-09-11 09:00:00,-0.08948252409099972,core,services,2
2016-12,2017-09,2017-10-09 09:00:00,-0.011802480236671159,core,services,2
2017-01,2017-10,2017-11-09 09:00:00,-0.0965225248363197,core,services,2
2017-02,2017-11,2017-12-11 09:00:00,-0.08752092256689073,core,services,2
2017-03,2017-12,2018-01-10 09:00:00,-0.1533070067233167,core,services,2
2017-04,2018-01,2018-02-14 09:00:00,-0.16860848121147096,core,services,2
2017-05,2018-02,2018-03-09 09:00:00,-0.09900436244525757,core,services,2
2017-06,2018-03,2018-04-10 09:00:00,-0.0006584829644354917,core,services,2
2017-07,2018-04,2018-05-10 09:00:00,0.10749655487584492,core,services,2
2017-08,2018-05,2018-06-11 09:00:00,0.06540318518592231,core,services,2
2017-09,2018-06,2018-07-11 09:00:00,0.1143878982450289,core,services,2
2017-10,2018-07,2018-08-09 09:00:00,0.22049016641543584,core,services,2
2017-11,2018-08,2018-09-10 09:00:00,0.16808943733918258,core,services,2
2017-12,2018-09,2018-10-09 09:00:00,0.10269463645841106,core,services,2
2018-01,2018-10,2018-11-09 09:00:00,0.035887132938892785,core,services,2
2018-02,2018-11,2018-12-10 09:00:00,0.05389310257480908,core,services,2
2018-03,2018-12,2019-01-10 09:00:00,0.08008200985094702,core,services,2
2018-04,2019-01,2019-02-13 09:00:00,0.10883057029096063,core,services,2
2018-05,2019-02,2019-03-11 09:00:00,0.05172063000878213,core,services,2
2018-06,2019-03,2019-04-10 09:00:00,0.017083169900270673,core,services,2
2018-07,2019-04,2019-05-13 09:00:00,-0.0791627886810303,core,services,2
2018-08,2019-05,2019-06-11 09:00:00,-0.2647437231057247,core,services,2
2018-09,2019-06,2019-07-11 09:00:00,-0.10955786734805206,core,services,2
2018-10,2019-07,2019-08-12 09:00:00,0.23336639334199058,core,services,2
2018-11,2019-08,2019-09-10 09:00:00,0.19039598846880457,core,services,2
2018-12,2019-09,2019-10-10 09:00:00,-0.03669811790004099,core,services,2
2019-01,2019-10,2019-11-11 09:00:00,-0.08699354677891691,core,services,2
2019-02,2019-11,2019-12-10 09:00:00,-0.2140645883995246,core,services,2
2019-03,2019-12,2020-01-13 09:00:00,-0.020894751579246612,core,services,2
2019-04,2020-01,2020-02-14 09:00:00,0.140313498177321,core,services,2
2019-05,2020-02,2020-03-10 09:00:00,0.2818462005800706,core,services,2
2019-06,2020-03,2020-04-14 09:00:00,0.20192744298041185,core,services,2
2019-07,2020-04,2020-05-13 09:00:00,-0.07942282702474665,core,services,2
2019-08,2020-05,2020-06-10 09:00:00,-0.17472291112158375,core,services,2
2019-09,2020-06,2020-07-10 09:00:00,0.08806842700692358,core,services,2
2019-10,2020-07,2020-08-13 09:00:00,0.5977938578399217,core,services,2
2019-11,2020-08,2020-09-10 09:00:00,0.24592354083962958,core,services,2
2019-12,2020-09,2020-10-12 09:00:00,0.0349776963772048,core,services,2
2020-01,2020-10,2020-11-10 09:00:00,-0.12374900938774991,core,services,2
2020-02,2020-11,2020-12-10 09:00:00,-0.22626729434581,core,services,2
2020-03,2020-12,2021-01-13 09:00:00,-0.22895106215554675,core,services,2
2020-04,2021-01,2021-02-12 09:00:00,0.020796176629752805,core,services,2
2020-05,2021-02,2021-03-10 09:00:00,0.08056654242784661,core,services,2
2020-06,2021-03,2021-04-13 09:00:00,-0.13325808629924585,core,services,2
2020-07,2021-04,2021-05-11 09:00:00,-0.2983382865176787,core,services,2
2020-08,2021-05,2021-06-10 09:00:00,-0.3367581126246749,core,services,2
2020-09,2021-06,2021-07-13 09:00:00,0.11595160534209087,core,services,2
2020-10,2021-07,2021-08-10 09:00:00,0.6144341237089914,core,services,2
2020-11,2021-08,2021-09-10 09:00:00,0.787923444208017,core,services,2
2020-12,2021-09,2021-10-11 09:00:00,0.7934441617738842,core,services,2
2021-01,2021-10,2021-11-10 09:00:00,0.8405699043189221,core,services,2
2021-02,2021-11,2021-12-10 09:00:00,0.8026126199406055,core,services,2
2021-03,2021-12,2022-01-12 09:00:00,0.8381843310559144,core,services,2
2021-04,2022-01,2022-02-14 09:00:00,1.0250742384427713,core,services,2
2021-05,2022-02,2022-03-10 09:00:00,0.8502916473047106,core,services,2
2021-06,2022-03,2022-04-11 09:00:00,0.7943054621571848,core,services,2
2021-07,2022-04,2022-05-10 09:00:00,0.5538693479360102,core,services,2
2021-08,2022-05,2022-06-10 09:00:00,0.5987634540596404,core,services,2
2021-09,2022-06,2022-07-13 09:00:00,0.6388314490900389,core,services,2
2021-10,2022-07,2022-08-10 09:00:00,0.5642500407819434,core,services,2
2021-11,2022-08,2022-09-12 09:00:00,0.3426772412366418,core,services,2
2021-12,2022-09,2022-10-11 09:00:00,0.07353874291230389,core,services,2
2022-01,2022-10,2022-11-10 09:00:00,0.07939868343078937,core,services,2
2022-02,2022-11,2022-12-12 09:00:00,-0.20170230501228692,core,services,2
2022-03,2022-12,2023-01-11 09:00:00,-0.25620855399342446,core,services,2
2022-04,2023-01,2023-02-10 09:00:00,-0.4082106476744549,core,services,2
2022-05,2023-02,2023-03-10 09:00:00,-0.5334893814330072,core,services,2
2022-06,2023-03,2023-04-13 09:00:00,-0.6233147531817812,core,services,2
2022-07,2023-04,2023-05-11 09:00:00,-0.8464562273357166,core,services,2
2022-08,2023-05,2023-06-12 09:00:00,-0.9375115189538334,core,services,2
2022-09,2023-06,2023-07-13 09:00:00,-0.8894505009973863,core,services,2
2022-10,2023-07,2023-08-10 09:00:00,-0.7060546245081732,core,services,2
2022-11,2023-08,2023-09-11 09:00:00,-0.6121835699346749,core,services,2
2022-12,2023-09,2023-10-10 09:00:00,-0.5709951062065884,core,services,2
2023-01,2023-10,2023-11-10 09:00:00,-0.607522337653804,core,services,2
2023-02,2023-11,2023-12-11 09:00:00,-0.5405835542129045,core,services,2
2023-03,2023-12,2024-01-11 09:00:00,-0.5405742519485554,core,services,2
2023-04,2024-01,2024-02-15 09:00:00,-0.5362369523218283,core,services,2
2023-05,2024-02,2024-03-11 09:00:00,-0.32961423275244717,core,services,2
2023-06,2024-03,2024-04-10 09:00:00,-0.127960951221482,core,services,2
2023-07,2024-04,2024-05-13 09:00:00,-0.14893895233455276,core,services,2
2023-08,2024-05,2024-06-11 09:00:00,-0.2834911748898657,core,services,2
2023-09,2024-06,2024-07-10 09:00:00,-0.379246003866268,core,services,2
2023-10,2024-07,2024-08-12 09:00:00,-0.11047810053061047,core,services,2
2023-11,2024-08,2024-09-10 09:00:00,0.014534856024585041,core,services,2
2023-12,2024-09,2024-10-10 09:00:00,-0.001630833078134386,core,services,2
2024-01,2024-10,2024-11-11 09:00:00,-0.08458163940203858,core,services,2
2024-02,2024-11,2024-12-10 09:00:00,-0.023519219332389082,core,services,2
2024-03,2024-12,2025-01-13 09:00:00,-0.10444143609268522,core,services,2
2024-04,2025-01,2025-02-12 09:00:00,-0.13976949298079097,core,services,2
2024-05,2025-02,2025-03-11 09:00:00,0.024193516334683918,core,services,2
2024-06,2025-03,2025-04-10 09:00:00,0.12559199549658115,core,services,2
2024-07,2025-04,2025-05-13 09:00:00,0.13444408832160412,core,services,2
2024-08,2025-05,2025-06-10 09:00:00,-0.05457607905994166,core,services,2
2024-09,2025-06,2025-07-10 09:00:00,-0.08886561766345863,core,services,2
2024-10,2025-07,2025-08-08 09:00:00,0.03516292954319872,core,services,2
2024-11,2025-08,2025-09-10 09:00:00,0.10004873282020976,core,services,2
2024-12,2025-09,2025-10-10 09:00:00,0.045720035048406396,core,services,2
2025-01,2025-10,2025-11-11 09:00:00,0.019922435230420955,core,services,2
2025-02,2025-11,2025-12-10 09:00:00,-0.09628429263973373,core,services,2
2025-03,2025-12,2026-01-13 09:00:00,-0.06823271585880572,core,services,2
2025-04,2026-01,2026-02-13 09:00:00,-0.08567250210120445,core,services,2
2025-05,2026-02,2026-03-10 09:00:00,0.04817475312485642,core,services,2
2025-06,2026-03,2026-04-14 09:00:00,0.11456681319954415,core,services,2
2025-07,2026-04,2026-05-13 09:00:00,0.15403438593531318,core,services,2
2025-08,2026-05,2026-06-10 09:00:00,0.09792108287685664,core,services,2
2025-09,2026-06,2026-07-10 09:00:00,-0.04743042927682145,core,services,2
2010-01,2010-10,2010-11-09 09:00:00,-0.005645751214241879,core,goods,2
2010-02,2010-11,2010-12-09 09:00:00,0.2296985242652947,core,goods,2
2010-03,2010-12,2011-01-10 09:00:00,0.20850813796815057,core,goods,2
2010-04,2011-01,2011-02-09 09:00:00,0.09580942421768895,core,goods,2
2010-05,2011-02,2011-03-09 09:00:00,-0.047059624208637504,core,goods,2
2010-06,2011-03,2011-04-11 09:00:00,-0.08379156343048146,core,goods,2
2010-07,2011-04,2011-05-10 09:00:00,-0.04513040018638297,core,goods,2
2010-08,2011-05,2011-06-09 09:00:00,0.025818764434753432,core,goods,2
2010-09,2011-06,2011-07-12 09:00:00,0.05685537923117888,core,goods,2
2010-10,2011-07,2011-08-09 09:00:00,0.0029492696499253263,core,goods,2
2010-11,2011-08,2011-09-09 09:00:00,-0.013506127379519617,core,goods,2
2010-12,2011-09,2011-10-10 09:00:00,0.039600348440947994,core,goods,2
2011-01,2011-10,2011-11-09 09:00:00,0.16112349387799546,core,goods,2
2011-02,2011-11,2011-12-09 09:00:00,0.22139368697002682,core,goods,2
2011-03,2011-12,2012-01-09 09:00:00,0.2228165309293115,core,goods,2
2011-04,2012-01,2012-02-16 09:00:00,0.10436833935089948,core,goods,2
2011-05,2012-02,2012-03-09 09:00:00,0.02283268286642154,core,goods,2
2011-06,2012-03,2012-04-10 09:00:00,0.008735444548811477,core,goods,2
2011-07,2012-04,2012-05-10 09:00:00,0.03601207805301859,core,goods,2
2011-08,2012-05,2012-06-11 09:00:00,0.028266909154306734,core,goods,2
2011-09,2012-06,2012-07-11 09:00:00,0.09514084020159172,core,goods,2
2011-10,2012-07,2012-08-09 09:00:00,-0.06662826801712259,core,goods,2
2011-11,2012-08,2012-09-10 09:00:00,-0.210992982273274,core,goods,2
2011-12,2012-09,2012-10-09 09:00:00,-0.1565366620053443,core,goods,2
2012-01,2012-10,2012-11-09 09:00:00,0.003040264933139414,core,goods,2
2012-02,2012-11,2012-12-10 09:00:00,0.0074690619297949346,core,goods,2
2012-03,2012-12,2013-01-09 09:00:00,-0.05492984600836612,core,goods,2
2012-04,2013-01,2013-02-11 09:00:00,-0.012703634630375119,core,goods,2
2012-05,2013-02,2013-03-11 09:00:00,0.004017349889308186,core,goods,2
2012-06,2013-03,2013-04-09 09:00:00,0.014949714449836955,core,goods,2
2012-07,2013-04,2013-05-10 09:00:00,-0.008125199952627227,core,goods,2
2012-08,2013-05,2013-06-10 09:00:00,-0.07975849823728122,core,goods,2
2012-09,2013-06,2013-07-09 09:00:00,-0.04737708422906095,core,goods,2
2012-10,2013-07,2013-08-09 09:00:00,-0.13105010757774854,core,goods,2
2012-11,2013-08,2013-09-09 09:00:00,-0.13019432461491368,core,goods,2
2012-12,2013-09,2013-10-09 09:00:00,-0.048753090187659,core,goods,2
2013-01,2013-10,2013-11-11 09:00:00,0.1083758903079349,core,goods,2
2013-02,2013-11,2013-12-09 09:00:00,0.08458237176769182,core,goods,2
2013-03,2013-12,2014-01-09 09:00:00,0.09949556921685498,core,goods,2
2013-04,2014-01,2014-02-12 09:00:00,0.07957889401663959,core,goods,2
2013-05,2014-02,2014-03-10 09:00:00,0.0936406501953641,core,goods,2
2013-06,2014-03,2014-04-09 09:00:00,0.18194793292410474,core,goods,2
2013-07,2014-04,2014-05-12 09:00:00,0.21629205073896193,core,goods,2
2013-08,2014-05,2014-06-09 09:00:00,0.1578888452241128,core,goods,2
2013-09,2014-06,2014-07-09 09:00:00,0.2430648793480399,core,goods,2
2013-10,2014-07,2014-08-11 09:00:00,0.13127458583859672,core,goods,2
2013-11,2014-08,2014-09-09 09:00:00,0.05863878868108949,core,goods,2
2013-12,2014-09,2014-10-09 09:00:00,0.014068980160255165,core,goods,2
2014-01,2014-10,2014-11-10 09:00:00,0.0733472336646512,core,goods,2
2014-02,2014-11,2014-12-09 09:00:00,0.055588093901974694,core,goods,2
2014-03,2014-12,2015-01-09 09:00:00,0.12228924985614655,core,goods,2
2014-04,2015-01,2015-02-09 09:00:00,0.12552774843822873,core,goods,2
2014-05,2015-02,2015-03-09 09:00:00,0.07596716646257753,core,goods,2
2014-06,2015-03,2015-04-09 09:00:00,0.0005925663534789988,core,goods,2
2014-07,2015-04,2015-05-12 09:00:00,-0.0741625476993314,core,goods,2
2014-08,2015-05,2015-06-09 09:00:00,0.02107634584401652,core,goods,2
2014-09,2015-06,2015-07-09 09:00:00,0.11111297841795846,core,goods,2
2014-10,2015-07,2015-08-10 09:00:00,0.06824347419682555,core,goods,2
2014-11,2015-08,2015-09-09 09:00:00,0.010260562969415132,core,goods,2
2014-12,2015-09,2015-10-09 09:00:00,0.018506577878577346,core,goods,2
2015-01,2015-10,2015-11-09 09:00:00,0.027492924812794715,core,goods,2
2015-02,2015-11,2015-12-09 09:00:00,0.018764751657890294,core,goods,2
2015-03,2015-12,2016-01-12 09:00:00,0.11078030902063324,core,goods,2
2015-04,2016-01,2016-02-12 09:00:00,0.09556554335335651,core,goods,2
2015-05,2016-02,2016-03-09 09:00:00,0.03779021183043957,core,goods,2
2015-06,2016-03,2016-04-11 09:00:00,-0.09660921558968007,core,goods,2
2015-07,2016-04,2016-05-10 09:00:00,-0.10881107771127722,core,goods,2
2015-08,2016-05,2016-06-09 09:00:00,-0.056187476943430376,core,goods,2
2015-09,2016-06,2016-07-12 09:00:00,-0.06339799334929927,core,goods,2
2015-10,2016-07,2016-08-09 09:00:00,-0.023576021357803678,core,goods,2
2015-11,2016-08,2016-09-09 09:00:00,-0.12049776168655266,core,goods,2
2015-12,2016-09,2016-10-10 09:00:00,-0.02316543102280851,core,goods,2
2016-01,2016-10,2016-11-09 09:00:00,-0.000524306106405352,core,goods,2
2016-02,2016-11,2016-12-09 09:00:00,0.14165864162076322,core,goods,2
2016-03,2016-12,2017-01-10 09:00:00,0.27547282319983585,core,goods,2
2016-04,2017-01,2017-02-10 09:00:00,0.2902581845332626,core,goods,2
2016-05,2017-02,2017-03-09 09:00:00,0.3433639695164683,core,goods,2
2016-06,2017-03,2017-04-10 09:00:00,0.16955104025541748,core,goods,2
2016-07,2017-04,2017-05-10 09:00:00,0.14342589554764223,core,goods,2
2016-08,2017-05,2017-06-09 09:00:00,0.06051389420271676,core,goods,2
2016-09,2017-06,2017-07-12 09:00:00,0.08057475007444896,core,goods,2
2016-10,2017-07,2017-08-09 09:00:00,0.06725268823406982,core,goods,2
2016-11,2017-08,2017-09-11 09:00:00,-0.08948252409099972,core,goods,2
2016-12,2017-09,2017-10-09 09:00:00,-0.011802480236671159,core,goods,2
2017-01,2017-10,2017-11-09 09:00:00,-0.0965225248363197,core,goods,2
2017-02,2017-11,2017-12-11 09:00:00,-0.08752092256689073,core,goods,2
2017-03,2017-12,2018-01-10 09:00:00,-0.1533070067233167,core,goods,2
2017-04,2018-01,2018-02-14 09:00:00,-0.16860848121147096,core,goods,2
2017-05,2018-02,2018-03-09 09:00:00,-0.09900436244525757,core,goods,2
2017-06,2018-03,2018-04-10 09:00:00,-0.0006584829644354917,core,goods,2
2017-07,2018-04,2018-05-10 09:00:00,0.10749655487584492,core,goods,2
2017-08,2018-05,2018-06-11 09:00:00,0.06540318518592231,core,goods,2
2017-09,2018-06,2018-07-11 09:00:00,0.1143878982450289,core,goods,2
2017-10,2018-07,2018-08-09 09:00:00,0.22049016641543584,core,goods,2
2017-11,2018-08,2018-09-10 09:00:00,0.16808943733918258,core,goods,2
2017-12,2018-09,2018-10-09 09:00:00,0.10269463645841106,core,goods,2
2018-01,2018-10,2018-11-09 09:00:00,0.035887132938892785,core,goods,2
2018-02,2018-11,2018-12-10 09:00:00,0.05389310257480908,core,goods,2
2018-03,2018-12,2019-01-10 09:00:00,0.08008200985094702,core,goods,2
2018-04,2019-01,2019-02-13 09:00:00,0.10883057029096063,core,goods,2
2018-05,2019-02,2019-03-11 09:00:00,0.05172063000878213,core,goods,2
2018-06,2019-03,2019-04-10 09:00:00,0.017083169900270673,core,goods,2
2018-07,2019-04,2019-05-13 09:00:00,-0.0791627886810303,core,goods,2
2018-08,2019-05,2019-06-11 09:00:00,-0.2647437231057247,core,goods,2
2018-09,2019-06,2019-07-11 09:00:00,-0.10955786734805206,core,goods,2
2018-10,2019-07,2019-08-12 09:00:00,0.23336639334199058,core,goods,2
2018-11,2019-08,2019-09-10 09:00:00,0.19039598846880457,core,goods,2
2018-12,2019-09,2019-10-10 09:00:00,-0.03669811790004099,core,goods,2
2019-01,2019-10,2019-11-11 09:00:00,-0.08699354677891691,core,goods,2
2019-02,2019-11,2019-12-10 09:00:00,-0.2140645883995246,core,goods,2
2019-03,2019-12,2020-01-13 09:00:00,-0.020894751579246612,core,goods,2
2019-04,2020-01,2020-02-14 09:00:00,0.140313498177321,core,goods,2
2019-05,2020-02,2020-03-10 09:00:00,0.2818462005800706,core,goods,2
2019-06,2020-03,2020-04-14 09:00:00,0.20192744298041185,core,goods,2
2019-07,2020-04,2020-05-13 09:00:00,-0.07942282702474665,core,goods,2
2019-08,2020-05,2020-06-10 09:00:00,-0.17472291112158375,core,goods,2
2019-09,2020-06,2020-07-10 09:00:00,0.08806842700692358,core,goods,2
2019-10,2020-07,2020-08-13 09:00:00,0.5977938578399217,core,goods,2
2019-11,2020-08,2020-09-10 09:00:00,0.24592354083962958,core,goods,2
2019-12,2020-09,2020-10-12 09:00:00,0.0349776963772048,core,goods,2
2020-01,2020-10,2020-11-10 09:00:00,-0.12374900938774991,core,goods,2
2020-02,2020-11,2020-12-10 09:00:00,-0.22626729434581,core,goods,2
2020-03,2020-12,2021-01-13 09:00:00,-0.22895106215554675,core,goods,2
2020-04,2021-01,2021-02-12 09:00:00,0.020796176629752805,core,goods,2
2020-05,2021-02,2021-03-10 09:00:00,0.08056654242784661,core,goods,2
2020-06,2021-03,2021-04-13 09:00:00,-0.13325808629924585,core,goods,2
2020-07,2021-04,2021-05-11 09:00:00,-0.2983382865176787,core,goods,2
2020-08,2021-05,2021-06-10 09:00:00,-0.3367581126246749,core,goods,2
2020-09,2021-06,2021-07-13 09:00:00,0.11595160534209087,core,goods,2
2020-10,2021-07,2021-08-10 09:00:00,0.6144341237089914,core,goods,2
2020-11,2021-08,2021-09-10 09:00:00,0.787923444208017,core,goods,2
2020-12,2021-09,2021-10-11 09:00:00,0.7934441617738842,core,goods,2
2021-01,2021-10,2021-11-10 09:00:00,0.8405699043189221,core,goods,2
2021-02,2021-11,2021-12-10 09:00:00,0.8026126199406055,core,goods,2
2021-03,2021-12,2022-01-12 09:00:00,0.8381843310559144,core,goods,2
2021-04,2022-01,2022-02-14 09:00:00,1.0250742384427713,core,goods,2
2021-05,2022-02,2022-03-10 09:00:00,0.8502916473047106,core,goods,2
2021-06,2022-03,2022-04-11 09:00:00,0.7943054621571848,core,goods,2
2021-07,2022-04,2022-05-10 09:00:00,0.5538693479360102,core,goods,2
2021-08,2022-05,2022-06-10 09:00:00,0.5987634540596404,core,goods,2
2021-09,2022-06,2022-07-13 09:00:00,0.6388314490900389,core,goods,2
2021-10,2022-07,2022-08-10 09:00:00,0.5642500407819434,core,goods,2
2021-11,2022-08,2022-09-12 09:00:00,0.3426772412366418,core,goods,2
2021-12,2022-09,2022-10-11 09:00:00,0.07353874291230389,core,goods,2
2022-01,2022-10,2022-11-10 09:00:00,0.07939868343078937,core,goods,2
2022-02,2022-11,2022-12-12 09:00:00,-0.20170230501228692,core,goods,2
2022-03,2022-12,2023-01-11 09:00:00,-0.25620855399342446,core,goods,2
2022-04,2023-01,2023-02-10 09:00:00,-0.4082106476744549,core,goods,2
2022-05,2023-02,2023-03-10 09:00:00,-0.5334893814330072,core,goods,2
2022-06,2023-03,2023-04-13 09:00:00,-0.6233147531817812,core,goods,2
2022-07,2023-04,2023-05-11 09:00:00,-0.8464562273357166,core,goods,2
2022-08,2023-05,2023-06-12 09:00:00,-0.9375115189538334,core,goods,2
2022-09,2023-06,2023-07-13 09:00:00,-0.8894505009973863,core,goods,2
2022-10,2023-07,2023-08-10 09:00:00,-0.7060546245081732,core,goods,2
2022-11,2023-08,2023-09-11 09:00:00,-0.6121835699346749,core,goods,2
2022-12,2023-09,2023-10-10 09:00:00,-0.5709951062065884,core,goods,2
2023-01,2023-10,2023-11-10 09:00:00,-0.607522337653804,core,goods,2
2023-02,2023-11,2023-12-11 09:00:00,-0.5405835542129045,core,goods,2
2023-03,2023-12,2024-01-11 09:00:00,-0.5405742519485554,core,goods,2
2023-04,2024-01,2024-02-15 09:00:00,-0.5362369523218283,core,goods,2
2023-05,2024-02,2024-03-11 09:00:00,-0.32961423275244717,core,goods,2
2023-06,2024-03,2024-04-10 09:00:00,-0.127960951221482,core,goods,2
2023-07,2024-04,2024-05-13 09:00:00,-0.14893895233455276,core,goods,2
2023-08,2024-05,2024-06-11 09:00:00,-0.2834911748898657,core,goods,2
2023-09,2024-06,2024-07-10 09:00:00,-0.379246003866268,core,goods,2
2023-10,2024-07,2024-08-12 09:00:00,-0.11047810053061047,core,goods,2
2023-11,2024-08,2024-09-10 09:00:00,0.014534856024585041,core,goods,2
2023-12,2024-09,2024-10-10 09:00:00,-0.001630833078134386,core,goods,2
2024-01,2024-10,2024-11-11 09:00:00,-0.08458163940203858,core,goods,2
2024-02,2024-11,2024-12-10 09:00:00,-0.023519219332389082,core,goods,2
2024-03,2024-12,2025-01-13 09:00:00,-0.10444143609268522,core,goods,2
2024-04,2025-01,2025-02-12 09:00:00,-0.13976949298079097,core,goods,2
2024-05,2025-02,2025-03-11 09:00:00,0.024193516334683918,core,goods,2
2024-06,2025-03,2025-04-10 09:00:00,0.12559199549658115,core,goods,2
2024-07,2025-04,2025-05-13 09:00:00,0.13444408832160412,core,goods,2
2024-08,2025-05,2025-06-10 09:00:00,-0.05457607905994166,core,goods,2
2024-09,2025-06,2025-07-10 09:00:00,-0.08886561766345863,core,goods,2
2024-10,2025-07,2025-08-08 09:00:00,0.03516292954319872,core,goods,2
2024-11,2025-08,2025-09-10 09:00:00,0.10004873282020976,core,goods,2
2024-12,2025-09,2025-10-10 09:00:00,0.045720035048406396,core,goods,2
2025-01,2025-10,2025-11-11 09:00:00,0.019922435230420955,core,goods,2
2025-02,2025-11,2025-12-10 09:00:00,-0.09628429263973373,core,goods,2
2025-03,2025-12,2026-01-13 09:00:00,-0.06823271585880572,core,goods,2
2025-04,2026-01,2026-02-13 09:00:00,-0.08567250210120445,core,goods,2
2025-05,2026-02,2026-03-10 09:00:00,0.04817475312485642,core,goods,2
2025-06,2026-03,2026-04-14 09:00:00,0.11456681319954415,core,goods,2
2025-07,2026-04,2026-05-13 09:00:00,0.15403438593531318,core,goods,2
2025-08,2026-05,2026-06-10 09:00:00,0.09792108287685664,core,goods,2
2025-09,2026-06,2026-07-10 09:00:00,-0.04743042927682145,core,goods,2
2010-01,2010-10,2010-11-09 09:00:00,-0.005645751214241879,core,both,2
2010-02,2010-11,2010-12-09 09:00:00,0.2296985242652947,core,both,2
2010-03,2010-12,2011-01-10 09:00:00,0.20850813796815057,core,both,2
2010-04,2011-01,2011-02-09 09:00:00,0.09580942421768895,core,both,2
2010-05,2011-02,2011-03-09 09:00:00,-0.047059624208637504,core,both,2
2010-06,2011-03,2011-04-11 09:00:00,-0.08379156343048146,core,both,2
2010-07,2011-04,2011-05-10 09:00:00,-0.04513040018638297,core,both,2
2010-08,2011-05,2011-06-09 09:00:00,0.025818764434753432,core,both,2
2010-09,2011-06,2011-07-12 09:00:00,0.05685537923117888,core,both,2
2010-10,2011-07,2011-08-09 09:00:00,0.0029492696499253263,core,both,2
2010-11,2011-08,2011-09-09 09:00:00,-0.013506127379519617,core,both,2
2010-12,2011-09,2011-10-10 09:00:00,0.039600348440947994,core,both,2
2011-01,2011-10,2011-11-09 09:00:00,0.16112349387799546,core,both,2
2011-02,2011-11,2011-12-09 09:00:00,0.22139368697002682,core,both,2
2011-03,2011-12,2012-01-09 09:00:00,0.2228165309293115,core,both,2
2011-04,2012-01,2012-02-16 09:00:00,0.10436833935089948,core,both,2
2011-05,2012-02,2012-03-09 09:00:00,0.02283268286642154,core,both,2
2011-06,2012-03,2012-04-10 09:00:00,0.008735444548811477,core,both,2
2011-07,2012-04,2012-05-10 09:00:00,0.03601207805301859,core,both,2
2011-08,2012-05,2012-06-11 09:00:00,0.028266909154306734,core,both,2
2011-09,2012-06,2012-07-11 09:00:00,0.09514084020159172,core,both,2
2011-10,2012-07,2012-08-09 09:00:00,-0.06662826801712259,core,both,2
2011-11,2012-08,2012-09-10 09:00:00,-0.210992982273274,core,both,2
2011-12,2012-09,2012-10-09 09:00:00,-0.1565366620053443,core,both,2
2012-01,2012-10,2012-11-09 09:00:00,0.003040264933139414,core,both,2
2012-02,2012-11,2012-12-10 09:00:00,0.0074690619297949346,core,both,2
2012-03,2012-12,2013-01-09 09:00:00,-0.05492984600836612,core,both,2
2012-04,2013-01,2013-02-11 09:00:00,-0.012703634630375119,core,both,2
2012-05,2013-02,2013-03-11 09:00:00,0.004017349889308186,core,both,2
2012-06,2013-03,2013-04-09 09:00:00,0.014949714449836955,core,both,2
2012-07,2013-04,2013-05-10 09:00:00,-0.008125199952627227,core,both,2
2012-08,2013-05,2013-06-10 09:00:00,-0.07975849823728122,core,both,2
2012-09,2013-06,2013-07-09 09:00:00,-0.04737708422906095,core,both,2
2012-10,2013-07,2013-08-09 09:00:00,-0.13105010757774854,core,both,2
2012-11,2013-08,2013-09-09 09:00:00,-0.13019432461491368,core,both,2
2012-12,2013-09,2013-10-09 09:00:00,-0.048753090187659,core,both,2
2013-01,2013-10,2013-11-11 09:00:00,0.1083758903079349,core,both,2
2013-02,2013-11,2013-12-09 09:00:00,0.08458237176769182,core,both,2
2013-03,2013-12,2014-01-09 09:00:00,0.09949556921685498,core,both,2
2013-04,2014-01,2014-02-12 09:00:00,0.07957889401663959,core,both,2
2013-05,2014-02,2014-03-10 09:00:00,0.0936406501953641,core,both,2
2013-06,2014-03,2014-04-09 09:00:00,0.18194793292410474,core,both,2
2013-07,2014-04,2014-05-12 09:00:00,0.21629205073896193,core,both,2
2013-08,2014-05,2014-06-09 09:00:00,0.1578888452241128,core,both,2
2013-09,2014-06,2014-07-09 09:00:00,0.2430648793480399,core,both,2
2013-10,2014-07,2014-08-11 09:00:00,0.13127458583859672,core,both,2
2013-11,2014-08,2014-09-09 09:00:00,0.05863878868108949,core,both,2
2013-12,2014-09,2014-10-09 09:00:00,0.014068980160255165,core,both,2
2014-01,2014-10,2014-11-10 09:00:00,0.0733472336646512,core,both,2
2014-02,2014-11,2014-12-09 09:00:00,0.055588093901974694,core,both,2
2014-03,2014-12,2015-01-09 09:00:00,0.12228924985614655,core,both,2
2014-04,2015-01,2015-02-09 09:00:00,0.12552774843822873,core,both,2
2014-05,2015-02,2015-03-09 09:00:00,0.07596716646257753,core,both,2
2014-06,2015-03,2015-04-09 09:00:00,0.0005925663534789988,core,both,2
2014-07,2015-04,2015-05-12 09:00:00,-0.0741625476993314,core,both,2
2014-08,2015-05,2015-06-09 09:00:00,0.02107634584401652,core,both,2
2014-09,2015-06,2015-07-09 09:00:00,0.11111297841795846,core,both,2
2014-10,2015-07,2015-08-10 09:00:00,0.06824347419682555,core,both,2
2014-11,2015-08,2015-09-09 09:00:00,0.010260562969415132,core,both,2
2014-12,2015-09,2015-10-09 09:00:00,0.018506577878577346,core,both,2
2015-01,2015-10,2015-11-09 09:00:00,0.027492924812794715,core,both,2
2015-02,2015-11,2015-12-09 09:00:00,0.018764751657890294,core,both,2
2015-03,2015-12,2016-01-12 09:00:00,0.11078030902063324,core,both,2
2015-04,2016-01,2016-02-12 09:00:00,0.09556554335335651,core,both,2
2015-05,2016-02,2016-03-09 09:00:00,0.03779021183043957,core,both,2
2015-06,2016-03,2016-04-11 09:00:00,-0.09660921558968007,core,both,2
2015-07,2016-04,2016-05-10 09:00:00,-0.10881107771127722,core,both,2
2015-08,2016-05,2016-06-09 09:00:00,-0.056187476943430376,core,both,2
2015-09,2016-06,2016-07-12 09:00:00,-0.06339799334929927,core,both,2
2015-10,2016-07,2016-08-09 09:00:00,-0.023576021357803678,core,both,2
2015-11,2016-08,2016-09-09 09:00:00,-0.12049776168655266,core,both,2
2015-12,2016-09,2016-10-10 09:00:00,-0.02316543102280851,core,both,2
2016-01,2016-10,2016-11-09 09:00:00,-0.000524306106405352,core,both,2
2016-02,2016-11,2016-12-09 09:00:00,0.14165864162076322,core,both,2
2016-03,2016-12,2017-01-10 09:00:00,0.27547282319983585,core,both,2
2016-04,2017-01,2017-02-10 09:00:00,0.2902581845332626,core,both,2
2016-05,2017-02,2017-03-09 09:00:00,0.3433639695164683,core,both,2
2016-06,2017-03,2017-04-10 09:00:00,0.16955104025541748,core,both,2
2016-07,2017-04,2017-05-10 09:00:00,0.14342589554764223,core,both,2
2016-08,2017-05,2017-06-09 09:00:00,0.06051389420271676,core,both,2
2016-09,2017-06,2017-07-12 09:00:00,0.08057475007444896,core,both,2
2016-10,2017-07,2017-08-09 09:00:00,0.06725268823406982,core,both,2
2016-11,2017-08,2017-09-11 09:00:00,-0.08948252409099972,core,both,2
2016-12,2017-09,2017-10-09 09:00:00,-0.011802480236671159,core,both,2
2017-01,2017-10,2017-11-09 09:00:00,-0.0965225248363197,core,both,2
2017-02,2017-11,2017-12-11 09:00:00,-0.08752092256689073,core,both,2
2017-03,2017-12,2018-01-10 09:00:00,-0.1533070067233167,core,both,2
2017-04,2018-01,2018-02-14 09:00:00,-0.16860848121147096,core,both,2
2017-05,2018-02,2018-03-09 09:00:00,-0.09900436244525757,core,both,2
2017-06,2018-03,2018-04-10 09:00:00,-0.0006584829644354917,core,both,2
2017-07,2018-04,2018-05-10 09:00:00,0.10749655487584492,core,both,2
2017-08,2018-05,2018-06-11 09:00:00,0.06540318518592231,core,both,2
2017-09,2018-06,2018-07-11 09:00:00,0.1143878982450289,core,both,2
2017-10,2018-07,2018-08-09 09:00:00,0.22049016641543584,core,both,2
2017-11,2018-08,2018-09-10 09:00:00,0.16808943733918258,core,both,2
2017-12,2018-09,2018-10-09 09:00:00,0.10269463645841106,core,both,2
2018-01,2018-10,2018-11-09 09:00:00,0.035887132938892785,core,both,2
2018-02,2018-11,2018-12-10 09:00:00,0.05389310257480908,core,both,2
2018-03,2018-12,2019-01-10 09:00:00,0.08008200985094702,core,both,2
2018-04,2019-01,2019-02-13 09:00:00,0.10883057029096063,core,both,2
2018-05,2019-02,2019-03-11 09:00:00,0.05172063000878213,core,both,2
2018-06,2019-03,2019-04-10 09:00:00,0.017083169900270673,core,both,2
2018-07,2019-04,2019-05-13 09:00:00,-0.0791627886810303,core,both,2
2018-08,2019-05,2019-06-11 09:00:00,-0.2647437231057247,core,both,2
2018-09,2019-06,2019-07-11 09:00:00,-0.10955786734805206,core,both,2
2018-10,2019-07,2019-08-12 09:00:00,0.23336639334199058,core,both,2
2018-11,2019-08,2019-09-10 09:00:00,0.19039598846880457,core,both,2
2018-12,2019-09,2019-10-10 09:00:00,-0.03669811790004099,core,both,2
2019-01,2019-10,2019-11-11 09:00:00,-0.08699354677891691,core,both,2
2019-02,2019-11,2019-12-10 09:00:00,-0.2140645883995246,core,both,2
2019-03,2019-12,2020-01-13 09:00:00,-0.020894751579246612,core,both,2
2019-04,2020-01,2020-02-14 09:00:00,0.140313498177321,core,both,2
2019-05,2020-02,2020-03-10 09:00:00,0.2818462005800706,core,both,2
2019-06,2020-03,2020-04-14 09:00:00,0.20192744298041185,core,both,2
2019-07,2020-04,2020-05-13 09:00:00,-0.07942282702474665,core,both,2
2019-08,2020-05,2020-06-10 09:00:00,-0.17472291112158375,core,both,2
2019-09,2020-06,2020-07-10 09:00:00,0.08806842700692358,core,both,2
2019-10,2020-07,2020-08-13 09:00:00,0.5977938578399217,core,both,2
2019-11,2020-08,2020-09-10 09:00:00,0.24592354083962958,core,both,2
2019-12,2020-09,2020-10-12 09:00:00,0.0349776963772048,core,both,2
2020-01,2020-10,2020-11-10 09:00:00,-0.12374900938774991,core,both,2
2020-02,2020-11,2020-12-10 09:00:00,-0.22626729434581,core,both,2
2020-03,2020-12,2021-01-13 09:00:00,-0.22895106215554675,core,both,2
2020-04,2021-01,2021-02-12 09:00:00,0.020796176629752805,core,both,2
2020-05,2021-02,2021-03-10 09:00:00,0.08056654242784661,core,both,2
2020-06,2021-03,2021-04-13 09:00:00,-0.13325808629924585,core,both,2
2020-07,2021-04,2021-05-11 09:00:00,-0.2983382865176787,core,both,2
2020-08,2021-05,2021-06-10 09:00:00,-0.3367581126246749,core,both,2
2020-09,2021-06,2021-07-13 09:00:00,0.11595160534209087,core,both,2
2020-10,2021-07,2021-08-10 09:00:00,0.6144341237089914,core,both,2
2020-11,2021-08,2021-09-10 09:00:00,0.787923444208017,core,both,2
2020-12,2021-09,2021-10-11 09:00:00,0.7934441617738842,core,both,2
2021-01,2021-10,2021-11-10 09:00:00,0.8405699043189221,core,both,2
2021-02,2021-11,2021-12-10 09:00:00,0.8026126199406055,core,both,2
2021-03,2021-12,2022-01-12 09:00:00,0.8381843310559144,core,both,2
2021-04,2022-01,2022-02-14 09:00:00,1.0250742384427713,core,both,2
2021-05,2022-02,2022-03-10 09:00:00,0.8502916473047106,core,both,2
2021-06,2022-03,2022-04-11 09:00:00,0.7943054621571848,core,both,2
2021-07,2022-04,2022-05-10 09:00:00,0.5538693479360102,core,both,2
2021-08,2022-05,2022-06-10 09:00:00,0.5987634540596404,core,both,2
2021-09,2022-06,2022-07-13 09:00:00,0.6388314490900389,core,both,2
2021-10,2022-07,2022-08-10 09:00:00,0.5642500407819434,core,both,2
2021-11,2022-08,2022-09-12 09:00:00,0.3426772412366418,core,both,2
2021-12,2022-09,2022-10-11 09:00:00,0.07353874291230389,core,both,2
2022-01,2022-10,2022-11-10 09:00:00,0.07939868343078937,core,both,2
2022-02,2022-11,2022-12-12 09:00:00,-0.20170230501228692,core,both,2
2022-03,2022-12,2023-01-11 09:00:00,-0.25620855399342446,core,both,2
2022-04,2023-01,2023-02-10 09:00:00,-0.4082106476744549,core,both,2
2022-05,2023-02,2023-03-10 09:00:00,-0.5334893814330072,core,both,2
2022-06,2023-03,2023-04-13 09:00:00,-0.6233147531817812,core,both,2
2022-07,2023-04,2023-05-11 09:00:00,-0.8464562273357166,core,both,2
2022-08,2023-05,2023-06-12 09:00:00,-0.9375115189538334,core,both,2
2022-09,2023-06,2023-07-13 09:00:00,-0.8894505009973863,core,both,2
2022-10,2023-07,2023-08-10 09:00:00,-0.7060546245081732,core,both,2
2022-11,2023-08,2023-09-11 09:00:00,-0.6121835699346749,core,both,2
2022-12,2023-09,2023-10-10 09:00:00,-0.5709951062065884,core,both,2
2023-01,2023-10,2023-11-10 09:00:00,-0.607522337653804,core,both,2
2023-02,2023-11,2023-12-11 09:00:00,-0.5405835542129045,core,both,2
2023-03,2023-12,2024-01-11 09:00:00,-0.5405742519485554,core,both,2
2023-04,2024-01,2024-02-15 09:00:00,-0.5362369523218283,core,both,2
2023-05,2024-02,2024-03-11 09:00:00,-0.32961423275244717,core,both,2
2023-06,2024-03,2024-04-10 09:00:00,-0.127960951221482,core,both,2
2023-07,2024-04,2024-05-13 09:00:00,-0.14893895233455276,core,both,2
2023-08,2024-05,2024-06-11 09:00:00,-0.2834911748898657,core,both,2
2023-09,2024-06,2024-07-10 09:00:00,-0.379246003866268,core,both,2
2023-10,2024-07,2024-08-12 09:00:00,-0.11047810053061047,core,both,2
2023-11,2024-08,2024-09-10 09:00:00,0.014534856024585041,core,both,2
2023-12,2024-09,2024-10-10 09:00:00,-0.001630833078134386,core,both,2
2024-01,2024-10,2024-11-11 09:00:00,-0.08458163940203858,core,both,2
2024-02,2024-11,2024-12-10 09:00:00,-0.023519219332389082,core,both,2
2024-03,2024-12,2025-01-13 09:00:00,-0.10444143609268522,core,both,2
2024-04,2025-01,2025-02-12 09:00:00,-0.13976949298079097,core,both,2
2024-05,2025-02,2025-03-11 09:00:00,0.024193516334683918,core,both,2
2024-06,2025-03,2025-04-10 09:00:00,0.12559199549658115,core,both,2
2024-07,2025-04,2025-05-13 09:00:00,0.13444408832160412,core,both,2
2024-08,2025-05,2025-06-10 09:00:00,-0.05457607905994166,core,both,2
2024-09,2025-06,2025-07-10 09:00:00,-0.08886561766345863,core,both,2
2024-10,2025-07,2025-08-08 09:00:00,0.03516292954319872,core,both,2
2024-11,2025-08,2025-09-10 09:00:00,0.10004873282020976,core,both,2
2024-12,2025-09,2025-10-10 09:00:00,0.045720035048406396,core,both,2
2025-01,2025-10,2025-11-11 09:00:00,0.019922435230420955,core,both,2
2025-02,2025-11,2025-12-10 09:00:00,-0.09628429263973373,core,both,2
2025-03,2025-12,2026-01-13 09:00:00,-0.06823271585880572,core,both,2
2025-04,2026-01,2026-02-13 09:00:00,-0.08567250210120445,core,both,2
2025-05,2026-02,2026-03-10 09:00:00,0.04817475312485642,core,both,2
2025-06,2026-03,2026-04-14 09:00:00,0.11456681319954415,core,both,2
2025-07,2026-04,2026-05-13 09:00:00,0.15403438593531318,core,both,2
2025-08,2026-05,2026-06-10 09:00:00,0.09792108287685664,core,both,2
2025-09,2026-06,2026-07-10 09:00:00,-0.04743042927682145,core,both,2
2006-01,2007-01,2007-02-20 09:00:00,0.26057588178403224,signal,services,3
2006-02,2007-02,2007-03-20 09:00:00,-9.493440056695945e-05,signal,services,3
2006-03,2007-03,2007-04-20 09:00:00,0.22724662347143054,signal,services,3
2006-04,2007-04,2007-05-20 09:00:00,0.5517237030769588,signal,services,3
2006-05,2007-05,2007-06-20 09:00:00,0.4868096935971069,signal,services,3
2006-06,2007-06,2007-07-20 09:00:00,0.35679143566025484,signal,services,3
2006-07,2007-07,2007-08-20 09:00:00,0.39049883514430395,signal,services,3
2006-08,2007-08,2007-09-20 09:00:00,-0.033204398702365356,signal,services,3
2006-09,2007-09,2007-10-20 09:00:00,-0.3908490806113387,signal,services,3
2006-10,2007-10,2007-11-20 09:00:00,-0.2933356647907095,signal,services,3
2006-11,2007-11,2007-12-20 09:00:00,-3.178915903889745e-05,signal,services,3
2006-12,2007-12,2008-01-20 09:00:00,0.09757687014390681,signal,services,3
2007-01,2008-01,2008-02-20 09:00:00,0.5488103733555545,signal,services,3
2007-02,2008-02,2008-03-20 09:00:00,1.2248354751008756,signal,services,3
2007-03,2008-03,2008-04-20 09:00:00,1.6715661196934342,signal,services,3
2007-04,2008-04,2008-05-20 09:00:00,1.8612829556861876,signal,services,3
2007-05,2008-05,2008-06-20 09:00:00,1.7291194766764417,signal,services,3
2007-06,2008-06,2008-07-20 09:00:00,2.4074043378010277,signal,services,3
2007-07,2008-07,2008-08-20 09:00:00,2.3077646087750185,signal,services,3
2007-08,2008-08,2008-09-20 09:00:00,2.7926405911526344,signal,services,3
2007-09,2008-09,2008-10-20 09:00:00,3.4401709145782116,signal,services,3
2007-10,2008-10,2008-11-20 09:00:00,3.1116487675610913,signal,services,3
2007-11,2008-11,2008-12-20 09:00:00,2.9823042372006916,signal,services,3
2007-12,2008-12,2009-01-20 09:00:00,2.6632108826061924,signal,services,3
2008-01,2009-01,2009-02-20 09:00:00,1.927719459762316,signal,services,3
2008-02,2009-02,2009-03-20 09:00:00,-0.29221070532728444,signal,services,3
2008-03,2009-03,2009-04-20 09:00:00,-1.5096427470842442,signal,services,3
2008-04,2009-04,2009-05-20 09:00:00,-2.1196662617925046,signal,services,3
2008-05,2009-05,2009-06-20 09:00:00,-2.3773140784729097,signal,services,3
2008-06,2009-06,2009-07-20 09:00:00,-2.700483639352499,signal,services,3
2008-07,2009-07,2009-08-20 09:00:00,-3.056769065554523,signal,services,3
2008-08,2009-08,2009-09-20 09:00:00,-3.47890166413071,signal,services,3
2008-09,2009-09,2009-10-20 09:00:00,-3.8362919085607885,signal,services,3
2008-10,2009-10,2009-11-20 09:00:00,-4.284802458825425,signal,services,3
2008-11,2009-11,2009-12-20 09:00:00,-4.161219606275602,signal,services,3
2008-12,2009-12,2010-01-20 09:00:00,-3.971466228656465,signal,services,3
2009-01,2010-01,2010-02-09 09:00:00,-3.554666720715275,signal,services,3
2009-02,2010-02,2010-03-09 09:00:00,-2.017124921222753,signal,services,3
2009-03,2010-03,2010-04-09 09:00:00,-1.3699167912235146,signal,services,3
2009-04,2010-04,2010-05-10 09:00:00,-1.2739349969991711,signal,services,3
2009-05,2010-05,2010-06-09 09:00:00,-1.144749402301014,signal,services,3
2009-06,2010-06,2010-07-12 09:00:00,-1.0142838941701606,signal,services,3
2009-07,2010-07,2010-08-09 09:00:00,-0.5243231657317335,signal,services,3
2009-08,2010-08,2010-09-09 09:00:00,-0.16402590184924182,signal,services,3
2009-09,2010-09,2010-10-11 09:00:00,0.13139528789390664,signal,services,3
2009-10,2010-10,2010-11-09 09:00:00,0.29600416284768527,signal,services,3
2009-11,2010-11,2010-12-09 09:00:00,0.23025792194087447,signal,services,3
2009-12,2010-12,2011-01-10 09:00:00,0.1974010111155664,signal,services,3
2010-01,2011-01,2011-02-09 09:00:00,-0.06636561412861397,signal,services,3
2010-02,2011-02,2011-03-09 09:00:00,-0.6919818961968774,signal,services,3
2010-03,2011-03,2011-04-11 09:00:00,-0.8575360129910599,signal,services,3
2010-04,2011-04,2011-05-10 09:00:00,-0.8252343546946753,signal,services,3
2010-05,2011-05,2011-06-09 09:00:00,-0.7597173700004458,signal,services,3
2010-06,2011-06,2011-07-12 09:00:00,-0.7928683755507255,signal,services,3
2010-07,2011-07,2011-08-09 09:00:00,-0.9901070982711582,signal,services,3
2010-08,2011-08,2011-09-09 09:00:00,-1.0885807645251075,signal,services,3
2010-09,2011-09,2011-10-10 09:00:00,-1.023291106321212,signal,services,3
2010-10,2011-10,2011-11-09 09:00:00,-0.9901401007709325,signal,services,3
2010-11,2011-11,2011-12-09 09:00:00,-0.9569890952206528,signal,services,3
2010-12,2011-12,2012-01-09 09:00:00,-0.6602972902706272,signal,services,3
2011-01,2012-01,2012-02-16 09:00:00,-0.3964637675526217,signal,services,3
2011-02,2012-02,2012-03-09 09:00:00,0.6915269240634476,signal,services,3
2011-03,2012-03,2012-04-10 09:00:00,1.1202645742844806,signal,services,3
2011-04,2012-04,2012-05-10 09:00:00,1.1530246096814172,signal,services,3
2011-05,2012-05,2012-06-11 09:00:00,1.2852054967408149,signal,services,3
2011-06,2012-06,2012-07-11 09:00:00,1.3506934025463102,signal,services,3
2011-07,2012-07,2012-08-09 09:00:00,1.3506934025463102,signal,services,3
2011-08,2012-08,2012-09-10 09:00:00,1.2852054967408149,signal,services,3
2011-09,2012-09,2012-10-09 09:00:00,1.2852054967408149,signal,services,3
2011-10,2012-10,2012-11-09 09:00:00,1.3847575208909768,signal,services,3
2011-11,2012-11,2012-12-10 09:00:00,1.1201356610009006,signal,services,3
2011-12,2012-12,2013-01-09 09:00:00,0.9232846951995198,signal,services,3
2012-01,2013-01,2013-02-11 09:00:00,0.6926967240004225,signal,services,3
2012-02,2013-02,2013-03-11 09:00:00,-0.2954536089993438,signal,services,3
2012-03,2013-03,2013-04-09 09:00:00,-0.36084438510865047,signal,services,3
2012-04,2013-04,2013-05-10 09:00:00,-0.36132978327307574,signal,services,3
2012-05,2013-05,2013-06-10 09:00:00,-0.723376514708066,signal,services,3
2012-06,2013-06,2013-07-09 09:00:00,-1.1519229225822074,signal,services,3
2012-07,2013-07,2013-08-09 09:00:00,-1.3835202148754375,signal,services,3
2012-08,2013-08,2013-09-09 09:00:00,-1.3516056778293009,signal,services,3
2012-09,2013-09,2013-10-09 09:00:00,-1.2865426479631237,signal,services,3
2012-10,2013-10,2013-11-11 09:00:00,-1.449822357329555,signal,services,3
2012-11,2013-11,2013-12-09 09:00:00,-1.2522844748326194,signal,services,3
2012-12,2013-12,2014-01-09 09:00:00,-0.7253265155955978,signal,services,3
2013-01,2014-01,2014-02-12 09:00:00,-0.7276891876959187,signal,services,3
2013-02,2014-02,2014-03-10 09:00:00,-1.1253128440324414,signal,services,3
2013-03,2014-03,2014-04-09 09:00:00,-1.5222445938445166,signal,services,3
2013-04,2014-04,2014-05-12 09:00:00,-1.2572564745978936,signal,services,3
2013-05,2014-05,2014-06-09 09:00:00,-0.6950894925318956,signal,services,3
2013-06,2014-06,2014-07-09 09:00:00,-0.00029584500483159637,signal,services,3
2013-07,2014-07,2014-08-11 09:00:00,0.5296606939771775,signal,services,3
2013-08,2014-08,2014-09-09 09:00:00,0.7276810783145471,signal,services,3
2013-09,2014-09,2014-10-09 09:00:00,0.7598815313584963,signal,services,3
2013-10,2014-10,2014-11-10 09:00:00,1.0578502888377908,signal,services,3
2013-11,2014-11,2014-12-09 09:00:00,0.8915363657952344,signal,services,3
2013-12,2014-12,2015-01-09 09:00:00,0.6263304628067624,signal,services,3
2014-01,2015-01,2015-02-09 09:00:00,0.4937958086509324,signal,services,3
2014-02,2015-02,2015-03-09 09:00:00,1.621735838151402,signal,services,3
2014-03,2015-03,2015-04-09 09:00:00,1.588878927326094,signal,services,3
2014-04,2015-04,2015-05-12 09:00:00,1.2903080643345932,signal,services,3
2014-05,2015-05,2015-06-09 09:00:00,0.9910559706892013,signal,services,3
2014-06,2015-06,2015-07-09 09:00:00,0.7583781902437137,signal,services,3
2014-07,2015-07,2015-08-10 09:00:00,0.5266527194762403,signal,services,3
2014-08,2015-08,2015-09-09 09:00:00,0.3948348901343042,signal,services,3
2014-09,2015-09,2015-10-09 09:00:00,0.13152490106981696,signal,services,3
2014-10,2015-10,2015-11-09 09:00:00,0.03285691082530784,signal,services,3
2014-11,2015-11,2015-12-09 09:00:00,0.0657138216506159,signal,services,3
2014-12,2015-12,2016-01-12 09:00:00,0.13139528789390664,signal,services,3
2015-01,2016-01,2016-02-12 09:00:00,0.06564911083596603,signal,services,3
2015-02,2016-02,2016-03-09 09:00:00,0.0,signal,services,3
2015-03,2016-03,2016-04-11 09:00:00,0.09847366625394938,signal,services,3
2015-04,2016-04,2016-05-10 09:00:00,0.16421984331189,signal,services,3
2015-05,2016-05,2016-06-09 09:00:00,0.23006327813841576,signal,services,3
2015-06,2016-06,2016-07-12 09:00:00,-0.0657462409068108,signal,services,3
2015-07,2016-07,2016-08-09 09:00:00,-0.19707681798606824,signal,services,3
2015-08,2016-08,2016-09-09 09:00:00,-0.16434939263892967,signal,services,3
2015-09,2016-09,2016-10-10 09:00:00,-3.241925619534847e-05,signal,services,3
2015-10,2016-10,2016-11-09 09:00:00,0.06564904698709584,signal,services,3
2015-11,2016-11,2016-12-09 09:00:00,0.09844137450705781,signal,services,3
2015-12,2016-12,2017-01-10 09:00:00,0.26224186792136006,signal,services,3
2016-01,2017-01,2017-02-10 09:00:00,0.4577436494701226,signal,services,3
2016-02,2017-02,2017-03-09 09:00:00,0.848754975653111,signal,services,3
2016-03,2017-03,2017-04-10 09:00:00,1.173960807165267,signal,services,3
2016-04,2017-04,2017-05-10 09:00:00,1.3685138886469794,signal,services,3
2016-05,2017-05,2017-06-09 09:00:00,1.5317124943312725,signal,services,3
2016-06,2017-06,2017-07-12 09:00:00,1.6931333101908725,signal,services,3
2016-07,2017-07,2017-08-09 09:00:00,2.0194460889949557,signal,services,3
2016-08,2017-08,2017-09-11 09:00:00,2.082042725499395,signal,services,3
2016-09,2017-09,2017-10-09 09:00:00,2.2129012864092017,signal,services,3
2016-10,2017-10,2017-11-09 09:00:00,2.047853134354066,signal,services,3
2016-11,2017-11,2017-12-11 09:00:00,1.9493794681001166,signal,services,3
2016-12,2017-12,2018-01-10 09:00:00,1.6897380503378931,signal,services,3
2017-01,2018-01,2018-02-14 09:00:00,1.1691974611829201,signal,services,3
2017-02,2018-02,2018-03-09 09:00:00,0.3893585020680703,signal,services,3
2017-03,2018-03,2018-04-10 09:00:00,-0.09726052414768516,signal,services,3
2017-04,2018-04,2018-05-10 09:00:00,-0.16201688345647547,signal,services,3
2017-05,2018-05,2018-06-11 09:00:00,-0.09716595901932878,signal,services,3
2017-06,2018-06,2018-07-11 09:00:00,0.06456814446494219,signal,services,3
2017-07,2018-07,2018-08-09 09:00:00,0.0314455559235709,signal,services,3
2017-08,2018-08,2018-09-10 09:00:00,0.35288809831704304,signal,services,3
2017-09,2018-09,2018-10-09 09:00:00,0.35298150964747954,signal,services,3
2017-10,2018-10,2018-11-09 09:00:00,0.3209456269957949,signal,services,3
2017-11,2018-11,2018-12-10 09:00:00,0.3529200499111349,signal,services,3
2017-12,2018-12,2019-01-10 09:00:00,0.5454133663739307,signal,services,3
2018-01,2019-01,2019-02-13 09:00:00,1.220962329602437,signal,services,3
2018-02,2019-02,2019-03-11 09:00:00,1.5427290102189493,signal,services,3
2018-03,2019-03,2019-04-10 09:00:00,1.7692560236834276,signal,services,3
2018-04,2019-04,2019-05-13 09:00:00,1.5442183379763428,signal,services,3
2018-05,2019-05,2019-06-11 09:00:00,1.1582834086003069,signal,services,3
2018-06,2019-06,2019-07-11 09:00:00,0.9962407082113676,signal,services,3
2018-07,2019-07,2019-08-12 09:00:00,0.9952198032516217,signal,services,3
2018-08,2019-08,2019-09-10 09:00:00,0.3196831813057601,signal,services,3
2018-09,2019-09,2019-10-10 09:00:00,0.15974960716236453,signal,services,3
2018-10,2019-10,2019-11-11 09:00:00,0.5773571477676493,signal,services,3
2018-11,2019-11,2019-12-10 09:00:00,-0.00012327438968373627,signal,services,3
2018-12,2019-12,2020-01-13 09:00:00,-0.44850336371792343,signal,services,3
2019-01,2020-01,2020-02-14 09:00:00,-0.35258009497190157,signal,services,3
2019-02,2020-02,2020-03-10 09:00:00,-0.639522163156335,signal,services,3
2019-03,2020-03,2020-04-14 09:00:00,-0.7029502711796467,signal,services,3
2019-04,2020-04,2020-05-13 09:00:00,-0.5130392531046692,signal,services,3
2019-05,2020-05,2020-06-10 09:00:00,-0.6742693008696583,signal,services,3
2019-06,2020-06,2020-07-10 09:00:00,-0.8038065879977911,signal,services,3
2019-07,2020-07,2020-08-13 09:00:00,-1.2531538785701333,signal,services,3
2019-08,2020-08,2020-09-10 09:00:00,-1.5755415871669922,signal,services,3
2019-09,2020-09,2020-10-12 09:00:00,-1.6093777944809804,signal,services,3
2019-10,2020-10,2020-11-10 09:00:00,-1.547451323605169,signal,services,3
2019-11,2020-11,2020-12-10 09:00:00,-1.3228554992210015,signal,services,3
2019-12,2020-12,2021-01-13 09:00:00,-1.1303626582625612,signal,services,3
2020-01,2021-01,2021-02-12 09:00:00,-1.0665133077337487,signal,services,3
2020-02,2021-02,2021-03-10 09:00:00,-1.5507047571192722,signal,services,3
2020-03,2021-03,2021-04-13 09:00:00,-1.7443258827111632,signal,services,3
2020-04,2021-04,2021-05-11 09:00:00,-1.358211916160832,signal,services,3
2020-05,2021-05,2021-06-10 09:00:00,-0.7119471281020799,signal,services,3
2020-06,2021-06,2021-07-13 09:00:00,-0.2912468842644458,signal,services,3
2020-07,2021-07,2021-08-10 09:00:00,0.32184436623208734,signal,services,3
2020-08,2021-08,2021-09-10 09:00:00,1.2211736859531697,signal,services,3
2020-09,2021-09,2021-10-11 09:00:00,2.372380814473603,signal,services,3
2020-10,2021-10,2021-11-10 09:00:00,3.254031671766944,signal,services,3
2020-11,2021-11,2021-12-10 09:00:00,4.4179331250211025,signal,services,3
2020-12,2021-12,2022-01-12 09:00:00,4.9686055347686935,signal,services,3
2021-01,2022-01,2022-02-14 09:00:00,5.73775210344243,signal,services,3
2021-02,2022-02,2022-03-10 09:00:00,6.640810213234044,signal,services,3
2021-03,2022-03,2022-04-11 09:00:00,7.693543234440128,signal,services,3
2021-04,2022-04,2022-05-10 09:00:00,8.300289197350535,signal,services,3
2021-05,2022-05,2022-06-10 09:00:00,9.049965565695896,signal,services,3
2021-06,2022-06,2022-07-13 09:00:00,9.919333074090257,signal,services,3
2021-07,2022-07,2022-08-10 09:00:00,9.992371393614587,signal,services,3
2021-08,2022-08,2022-09-12 09:00:00,9.53083955729485,signal,services,3
2021-09,2022-09,2022-10-11 09:00:00,8.303723153603443,signal,services,3
2021-10,2022-10,2022-11-10 09:00:00,7.1230323053067774,signal,services,3
2021-11,2022-11,2022-12-12 09:00:00,5.802975195127835,signal,services,3
2021-12,2022-12,2023-01-11 09:00:00,4.369245209629847,signal,services,3
2022-01,2023-01,2023-02-10 09:00:00,3.441070890939306,signal,services,3
2022-02,2023-02,2023-03-10 09:00:00,1.9261626569867438,signal,services,3
2022-03,2023-03,2023-04-13 09:00:00,0.8430457234166298,signal,services,3
2022-04,2023-04,2023-05-11 09:00:00,-0.5445579265247247,signal,services,3
2022-05,2023-05,2023-06-12 09:00:00,-2.949903511900157,signal,services,3
2022-06,2023-06,2023-07-13 09:00:00,-5.116503893062984,signal,services,3
2022-07,2023-07,2023-08-10 09:00:00,-6.707452141304046,signal,services,3
2022-08,2023-08,2023-09-11 09:00:00,-7.1809149008079425,signal,services,3
2022-09,2023-09,2023-10-10 09:00:00,-7.2072557933417585,signal,services,3
2022-10,2023-10,2023-11-10 09:00:00,-7.6549352176611185,signal,services,3
2022-11,2023-11,2023-12-11 09:00:00,-7.770581461116805,signal,services,3
2022-12,2023-12,2024-01-11 09:00:00,-7.292734458520318,signal,services,3
2023-01,2024-01,2024-02-15 09:00:00,-7.2743814144387215,signal,services,3
2023-02,2024-02,2024-03-11 09:00:00,-6.324460384407391,signal,services,3
2023-03,2024-03,2024-04-10 09:00:00,-5.965070958948476,signal,services,3
2023-04,2024-04,2024-05-13 09:00:00,-5.6627960515098295,signal,services,3
2023-05,2024-05,2024-06-11 09:00:00,-4.331579938789128,signal,services,3
2023-06,2024-06,2024-07-10 09:00:00,-3.2019939321895574,signal,services,3
2023-07,2024-07,2024-08-12 09:00:00,-2.3986025859324798,signal,services,3
2023-08,2024-08,2024-09-10 09:00:00,-2.306984694535055,signal,services,3
2023-09,2024-09,2024-10-10 09:00:00,-1.7430734257580314,signal,services,3
2023-10,2024-10,2024-11-11 09:00:00,-1.2695267485301764,signal,services,3
2023-11,2024-11,2024-12-10 09:00:00,-0.5731592781190722,signal,services,3
2023-12,2024-12,2025-01-13 09:00:00,-0.44590137967654453,signal,services,3
2024-01,2025-01,2025-02-12 09:00:00,-0.35089302995381644,signal,services,3
2024-02,2025-02,2025-03-11 09:00:00,-0.2555197856445748,signal,services,3
2024-03,2025-03,2025-04-10 09:00:00,-0.5741642567675234,signal,services,3
2024-04,2025-04,2025-05-13 09:00:00,-0.38286745286915735,signal,services,3
2024-05,2025-05,2025-06-10 09:00:00,-0.15959675125042594,signal,services,3
2024-06,2025-06,2025-07-10 09:00:00,-0.12743929876542648,signal,services,3
2024-07,2025-07,2025-08-08 09:00:00,0.31934635841279135,signal,services,3
2024-08,2025-08,2025-09-10 09:00:00,0.2555504856699855,signal,services,3
2024-09,2025-09,2025-10-10 09:00:00,0.0,signal,services,3
2024-10,2025-10,2025-11-11 09:00:00,0.19175461292717966,signal,services,3
2024-11,2025-11,2025-12-10 09:00:00,-0.12768337702645383,signal,services,3
2024-12,2025-12,2026-01-13 09:00:00,-0.09577017848220848,signal,services,3
2025-01,2026-01,2026-02-13 09:00:00,0.15959663407448943,signal,services,3
2025-02,2026-02,2026-03-10 09:00:00,0.2555199028205113,signal,services,3
2025-03,2026-03,2026-04-14 09:00:00,0.2555199028205113,signal,services,3
2025-04,2026-04,2026-05-13 09:00:00,0.2555199028205113,signal,services,3
2025-05,2026-05,2026-06-10 09:00:00,0.063765348397121,signal,services,3
2025-06,2026-06,2026-07-10 09:00:00,-0.03188267419856139,signal,services,3
2006-01,2007-01,2007-02-20 09:00:00,0.03403082860124629,signal,goods,3
2006-02,2007-02,2007-03-20 09:00:00,-0.27297983351310595,signal,goods,3
2006-03,2007-03,2007-04-20 09:00:00,-0.23894886237619817,signal,goods,3
2006-04,2007-04,2007-05-20 09:00:00,0.033161492262499426,signal,goods,3
2006-05,2007-05,2007-06-20 09:00:00,0.3397553757502145,signal,goods,3
2006-06,2007-06,2007-07-20 09:00:00,0.47553288867140875,signal,goods,3
2006-07,2007-07,2007-08-20 09:00:00,1.0921760786754189,signal,goods,3
2006-08,2007-08,2007-09-20 09:00:00,0.6823324190612774,signal,goods,3
2006-09,2007-09,2007-10-20 09:00:00,0.6134684107361221,signal,goods,3
2006-10,2007-10,2007-11-20 09:00:00,0.7474410574487325,signal,goods,3
2006-11,2007-11,2007-12-20 09:00:00,1.1543637101130448,signal,goods,3
2006-12,2007-12,2008-01-20 09:00:00,1.2207338790289104,signal,goods,3
2007-01,2008-01,2008-02-20 09:00:00,0.9824795531099388,signal,goods,3
2007-02,2008-02,2008-03-20 09:00:00,1.2219087585440438,signal,goods,3
2007-03,2008-03,2008-04-20 09:00:00,1.2920840847331097,signal,goods,3
2007-04,2008-04,2008-05-20 09:00:00,0.7454336888325435,signal,goods,3
2007-05,2008-05,2008-06-20 09:00:00,0.4055775563766457,signal,goods,3
2007-06,2008-06,2008-07-20 09:00:00,0.5072552468853329,signal,goods,3
2007-07,2008-07,2008-08-20 09:00:00,0.3043116557074228,signal,goods,3
2007-08,2008-08,2008-09-20 09:00:00,0.8146684567818085,signal,goods,3
2007-09,2008-09,2008-10-20 09:00:00,0.8492883376392013,signal,goods,3
2007-10,2008-10,2008-11-20 09:00:00,-0.3060028482761772,signal,goods,3
2007-11,2008-11,2008-12-20 09:00:00,-1.0867935105939486,signal,goods,3
2007-12,2008-12,2009-01-20 09:00:00,-1.7344172239342581,signal,goods,3
2008-01,2009-01,2009-02-20 09:00:00,-2.07541085860415,signal,goods,3
2008-02,2009-02,2009-03-20 09:00:00,-1.978319497352784,signal,goods,3
2008-03,2009-03,2009-04-20 09:00:00,-2.012772558128873,signal,goods,3
2008-04,2009-04,2009-05-20 09:00:00,-2.0838479843849442,signal,goods,3
2008-05,2009-05,2009-06-20 09:00:00,-2.422170115510349,signal,goods,3
2008-06,2009-06,2009-07-20 09:00:00,-2.4566588235362277,signal,goods,3
2008-07,2009-07,2009-08-20 09:00:00,-2.152861121528558,signal,goods,3
2008-08,2009-08,2009-09-20 09:00:00,-2.187421345809901,signal,goods,3
2008-09,2009-09,2009-10-20 09:00:00,-2.221945774927637,signal,goods,3
2008-10,2009-10,2009-11-20 09:00:00,-1.6748997188231212,signal,goods,3
2008-11,2009-11,2009-12-20 09:00:00,-0.4120567404991231,signal,goods,3
2008-12,2009-12,2010-01-20 09:00:00,0.3764376239031031,signal,goods,3
2009-01,2010-01,2010-02-09 09:00:00,0.7202927028861081,signal,goods,3
2009-02,2010-02,2010-03-09 09:00:00,0.27410168848423977,signal,goods,3
2009-03,2010-03,2010-04-09 09:00:00,0.24088771628991434,signal,goods,3
2009-04,2010-04,2010-05-10 09:00:00,-3.5647249787995605e-05,signal,goods,3
2009-05,2010-05,2010-06-09 09:00:00,0.3106844370250834,signal,goods,3
2009-06,2010-06,2010-07-12 09:00:00,0.13791911078197305,signal,goods,3
2009-07,2010-07,2010-08-09 09:00:00,-0.10368059877228086,signal,goods,3
2009-08,2010-08,2010-09-09 09:00:00,0.0,signal,goods,3
2009-09,2010-09,2010-10-11 09:00:00,0.03456022428134364,signal,goods,3
2009-10,2010-10,2010-11-09 09:00:00,-0.10371654231002303,signal,goods,3
2009-11,2010-11,2010-12-09 09:00:00,-1.1359329606733772,signal,goods,3
2009-12,2010-12,2011-01-10 09:00:00,-1.5126241187268215,signal,goods,3
2010-01,2011-01,2011-02-09 09:00:00,-1.2375950398094133,signal,goods,3
2010-02,2011-02,2011-03-09 09:00:00,-0.5161947603062051,signal,goods,3
2010-03,2011-03,2011-04-11 09:00:00,0.2753046901815819,signal,goods,3
2010-04,2011-04,2011-05-10 09:00:00,0.5505039779068168,signal,goods,3
2010-05,2011-05,2011-06-09 09:00:00,0.37802523129746124,signal,goods,3
2010-06,2011-06,2011-07-12 09:00:00,0.549971543448402,signal,goods,3
2010-07,2011-07,2011-08-09 09:00:00,0.8949323429409413,signal,goods,3
2010-08,2011-08,2011-09-09 09:00:00,1.031965766491683,signal,goods,3
2010-09,2011-09,2011-10-10 09:00:00,1.1345825740612643,signal,goods,3
2010-10,2011-10,2011-11-09 09:00:00,1.2696070986448325,signal,goods,3
2010-11,2011-11,2011-12-09 09:00:00,1.7155372979514931,signal,goods,3
2010-12,2011-12,2012-01-09 09:00:00,2.0257394513153963,signal,goods,3
2011-01,2012-01,2012-02-16 09:00:00,1.8518007948355164,signal,goods,3
2011-02,2012-02,2012-03-09 09:00:00,1.4017528702499544,signal,goods,3
2011-03,2012-03,2012-04-10 09:00:00,1.2973433089633224,signal,goods,3
2011-04,2012-04,2012-05-10 09:00:00,1.2621232528332664,signal,goods,3
2011-05,2012-05,2012-06-11 09:00:00,1.0563618633652518,signal,goods,3
2011-06,2012-06,2012-07-11 09:00:00,1.2621232528332664,signal,goods,3
2011-07,2012-07,2012-08-09 09:00:00,0.9205843504440576,signal,goods,3
2011-08,2012-08,2012-09-10 09:00:00,0.68208469186986,signal,goods,3
2011-09,2012-09,2012-10-09 09:00:00,0.44341334568370083,signal,goods,3
2011-10,2012-10,2012-11-09 09:00:00,0.27280508316582663,signal,goods,3
2011-11,2012-11,2012-12-10 09:00:00,-0.2381822320612328,signal,goods,3
2011-12,2012-12,2013-01-09 09:00:00,-0.27197038997817025,signal,goods,3
2012-01,2013-01,2013-02-11 09:00:00,0.10209291341072246,signal,goods,3
2012-02,2013-02,2013-03-11 09:00:00,-0.13591577932321885,signal,goods,3
2012-03,2013-03,2013-04-09 09:00:00,-0.23748969968367417,signal,goods,3
2012-04,2013-04,2013-05-10 09:00:00,0.16942860136233984,signal,goods,3
2012-05,2013-05,2013-06-10 09:00:00,0.06764749217101973,signal,goods,3
2012-06,2013-06,2013-07-09 09:00:00,0.270487874689205,signal,goods,3
2012-07,2013-07,2013-08-09 09:00:00,0.6761718338758711,signal,goods,3
2012-08,2013-08,2013-09-09 09:00:00,1.0824752747906694,signal,goods,3
2012-09,2013-09,2013-10-09 09:00:00,1.1161623249881192,signal,goods,3
2012-10,2013-10,2013-11-11 09:00:00,1.354037713311473,signal,goods,3
2012-11,2013-11,2013-12-09 09:00:00,1.2529764939074672,signal,goods,3
2012-12,2013-12,2014-01-09 09:00:00,1.1159584694686795,signal,goods,3
2013-01,2014-01,2014-02-12 09:00:00,1.2165115874495345,signal,goods,3
2013-02,2014-02,2014-03-10 09:00:00,1.4853302486738817,signal,goods,3
2013-03,2014-03,2014-04-09 09:00:00,1.4155949230132348,signal,goods,3
2013-04,2014-04,2014-05-12 09:00:00,1.280329729542986,signal,goods,3
2013-05,2014-05,2014-06-09 09:00:00,1.042473574891624,signal,goods,3
2013-06,2014-06,2014-07-09 09:00:00,1.3441457199533402,signal,goods,3
2013-07,2014-07,2014-08-11 09:00:00,1.1725614910982618,signal,goods,3
2013-08,2014-08,2014-09-09 09:00:00,1.036267646564579,signal,goods,3
2013-09,2014-09,2014-10-09 09:00:00,1.1703751526239068,signal,goods,3
2013-10,2014-10,2014-11-10 09:00:00,1.204734184003376,signal,goods,3
2013-11,2014-11,2014-12-09 09:00:00,0.8689118817788305,signal,goods,3
2013-12,2014-12,2015-01-09 09:00:00,1.4401095958839947,signal,goods,3
2014-01,2015-01,2015-02-09 09:00:00,1.1691360178347454,signal,goods,3
2014-02,2015-02,2015-03-09 09:00:00,0.8331882747576812,signal,goods,3
2014-03,2015-03,2015-04-09 09:00:00,0.7667871903829947,signal,goods,3
2014-04,2015-04,2015-05-12 09:00:00,0.7667871903829947,signal,goods,3
2014-05,2015-05,2015-06-09 09:00:00,0.9004232410335951,signal,goods,3
2014-06,2015-06,2015-07-09 09:00:00,0.5661191151756273,signal,goods,3
2014-07,2015-07,2015-08-10 09:00:00,0.13290150551638136,signal,goods,3
2014-08,2015-08,2015-09-09 09:00:00,0.06650042114169485,signal,goods,3
2014-09,2015-09,2015-10-09 09:00:00,0.09955208992496611,signal,goods,3
2014-10,2015-10,2015-11-09 09:00:00,0.2322222484791916,signal,goods,3
2014-11,2015-11,2015-12-09 09:00:00,0.6644433050132649,signal,goods,3
2014-12,2015-12,2016-01-12 09:00:00,0.5308463044669396,signal,goods,3
2015-01,2016-01,2016-02-12 09:00:00,0.1987743510010787,signal,goods,3
2015-02,2016-02,2016-03-09 09:00:00,0.3314115722429617,signal,goods,3
2015-03,2016-03,2016-04-11 09:00:00,0.3644639629861294,signal,goods,3
2015-04,2016-04,2016-05-10 09:00:00,0.4641151919600268,signal,goods,3
2015-05,2016-05,2016-06-09 09:00:00,0.29826069726514903,signal,goods,3
2015-06,2016-06,2016-07-12 09:00:00,0.099453016650839,signal,goods,3
2015-07,2016-07,2016-08-09 09:00:00,0.4646101672084211,signal,goods,3
2015-08,2016-08,2016-09-09 09:00:00,0.3648595354958788,signal,goods,3
2015-09,2016-09,2016-10-10 09:00:00,0.2985245218955451,signal,goods,3
2015-10,2016-10,2016-11-09 09:00:00,-0.06633501360033367,signal,goods,3
2015-11,2016-11,2016-12-09 09:00:00,-0.06643356302396342,signal,goods,3
2015-12,2016-12,2017-01-10 09:00:00,-0.09965063934859597,signal,goods,3
2016-01,2017-01,2017-02-10 09:00:00,-0.16578816199449986,signal,goods,3
2016-02,2017-02,2017-03-09 09:00:00,-0.09958502684598652,signal,goods,3
2016-03,2017-03,2017-04-10 09:00:00,-0.19864273408396138,signal,goods,3
2016-04,2017-04,2017-05-10 09:00:00,-0.23166231847857566,signal,goods,3
2016-05,2017-05,2017-06-09 09:00:00,0.19851131292829605,signal,goods,3
2016-06,2017-06,2017-07-12 09:00:00,0.19851131292829605,signal,goods,3
2016-07,2017-07,2017-08-09 09:00:00,0.1323737250934074,signal,goods,3
2016-08,2017-08,2017-09-11 09:00:00,-0.1323736599044225,signal,goods,3
2016-09,2017-09,2017-10-09 09:00:00,0.16549179372266654,signal,goods,3
2016-10,2017-10,2017-11-09 09:00:00,0.39758203161538863,signal,goods,3
2016-11,2017-11,2017-12-11 09:00:00,0.19857699081438762,signal,goods,3
2016-12,2017-12,2018-01-10 09:00:00,-0.23159664059248408,signal,goods,3
2017-01,2018-01,2018-02-14 09:00:00,-0.0009293570743281743,signal,goods,3
2017-02,2018-02,2018-03-09 09:00:00,-0.5981436128483947,signal,goods,3
2017-03,2018-03,2018-04-10 09:00:00,-0.5322710962416293,signal,goods,3
2017-04,2018-04,2018-05-10 09:00:00,-0.5315738122158442,signal,goods,3
2017-05,2018-05,2018-06-11 09:00:00,-0.9293908817335086,signal,goods,3
2017-06,2018-06,2018-07-11 09:00:00,-0.9960575706224108,signal,goods,3
2017-07,2018-07,2018-08-09 09:00:00,-0.7316406123494178,signal,goods,3
2017-08,2018-08,2018-09-10 09:00:00,-0.7642613958814264,signal,goods,3
2017-09,2018-09,2018-10-09 09:00:00,-0.7642613958814264,signal,goods,3
2017-10,2018-10,2018-11-09 09:00:00,-1.0294744489432657,signal,goods,3
2017-11,2018-11,2018-12-10 09:00:00,-1.0304675773903866,signal,goods,3
2017-12,2018-12,2019-01-10 09:00:00,-0.7980116756691563,signal,goods,3
2018-01,2019-01,2019-02-13 09:00:00,-0.2665336945730741,signal,goods,3
2018-02,2019-02,2019-03-11 09:00:00,0.799073042938632,signal,goods,3
2018-03,2019-03,2019-04-10 09:00:00,0.4982241975253727,signal,goods,3
2018-04,2019-04,2019-05-13 09:00:00,0.36555403897114724,signal,goods,3
2018-05,2019-05,2019-06-11 09:00:00,0.399102987904814,signal,goods,3
2018-06,2019-06,2019-07-11 09:00:00,0.49975116504715567,signal,goods,3
2018-07,2019-07,2019-08-12 09:00:00,0.3663507207673538,signal,goods,3
2018-08,2019-08,2019-09-10 09:00:00,0.3331005101965064,signal,goods,3
2018-09,2019-09,2019-10-10 09:00:00,0.16651685528098817,signal,goods,3
2018-10,2019-10,2019-11-11 09:00:00,0.3662181835848754,signal,goods,3
2018-11,2019-11,2019-12-10 09:00:00,0.699421352752208,signal,goods,3
2018-12,2019-12,2020-01-13 09:00:00,0.8986251328635981,signal,goods,3
2019-01,2020-01,2020-02-14 09:00:00,0.39797760412513794,signal,goods,3
2019-02,2020-02,2020-03-10 09:00:00,0.3296763777538847,signal,goods,3
2019-03,2020-03,2020-04-14 09:00:00,0.7922502255366819,signal,goods,3
2019-04,2020-04,2020-05-13 09:00:00,0.9890954561273769,signal,goods,3
2019-05,2020-05,2020-06-10 09:00:00,1.4187276638985944,signal,goods,3
2019-06,2020-06,2020-07-10 09:00:00,1.8429461485393515,signal,goods,3
2019-07,2020-07,2020-08-13 09:00:00,2.3632819175753044,signal,goods,3
2019-08,2020-08,2020-09-10 09:00:00,2.9818497673249,signal,goods,3
2019-09,2020-09,2020-10-12 09:00:00,3.240248994135498,signal,goods,3
2019-10,2020-10,2020-11-10 09:00:00,3.468923864090744,signal,goods,3
2019-11,2020-11,2020-12-10 09:00:00,3.0701197462951897,signal,goods,3
2019-12,2020-12,2021-01-13 09:00:00,2.8740016063180236,signal,goods,3
2020-01,2021-01,2021-02-12 09:00:00,2.74248788676028,signal,goods,3
2020-02,2021-02,2021-03-10 09:00:00,2.481967668736169,signal,goods,3
2020-03,2021-03,2021-04-13 09:00:00,1.5621252751718766,signal,goods,3
2020-04,2021-04,2021-05-11 09:00:00,1.4021997146152274,signal,goods,3
2020-05,2021-05,2021-06-10 09:00:00,1.1730024975720532,signal,goods,3
2020-06,2021-06,2021-07-13 09:00:00,0.9754918148449871,signal,goods,3
2020-07,2021-07,2021-08-10 09:00:00,0.4526370679762204,signal,goods,3
2020-08,2021-08,2021-09-10 09:00:00,0.41745766482015956,signal,goods,3
2020-09,2021-09,2021-10-11 09:00:00,0.8621989571298054,signal,goods,3
2020-10,2021-10,2021-11-10 09:00:00,1.5626386104236825,signal,goods,3
2020-11,2021-11,2021-12-10 09:00:00,2.3794592090176003,signal,goods,3
2020-12,2021-12,2022-01-12 09:00:00,3.533240317453951,signal,goods,3
2021-01,2022-01,2022-02-14 09:00:00,5.0298639493324515,signal,goods,3
2021-02,2022-02,2022-03-10 09:00:00,5.7495832277395245,signal,goods,3
2021-03,2022-03,2022-04-11 09:00:00,7.16900515319236,signal,goods,3
2021-04,2022-04,2022-05-10 09:00:00,8.410073254413325,signal,goods,3
2021-05,2022-05,2022-06-10 09:00:00,9.575009174096426,signal,goods,3
2021-06,2022-06,2022-07-13 09:00:00,10.145610086090809,signal,goods,3
2021-07,2022-07,2022-08-10 09:00:00,10.477489024113737,signal,goods,3
2021-08,2022-08,2022-09-12 09:00:00,10.467949104319647,signal,goods,3
2021-09,2022-09,2022-10-11 09:00:00,10.045939903945937,signal,goods,3
2021-10,2022-10,2022-11-10 09:00:00,9.315137501874178,signal,goods,3
2021-11,2022-11,2022-12-12 09:00:00,8.944488127731152,signal,goods,3
2021-12,2022-12,2023-01-11 09:00:00,7.102075295214778,signal,goods,3
2022-01,2023-01,2023-02-10 09:00:00,4.866968872242294,signal,goods,3
2022-02,2023-02,2023-03-10 09:00:00,3.6394714266708696,signal,goods,3
2022-03,2023-03,2023-04-13 09:00:00,2.2636448012600727,signal,goods,3
2022-04,2023-04,2023-05-11 09:00:00,0.2933619047116256,signal,goods,3
2022-05,2023-05,2023-06-12 09:00:00,-1.9074831973629376,signal,goods,3
2022-06,2023-06,2023-07-13 09:00:00,-3.9948579577804946,signal,goods,3
2022-07,2023-07,2023-08-10 09:00:00,-5.597904069776034,signal,goods,3
2022-08,2023-08,2023-09-11 09:00:00,-7.1844856248702085,signal,goods,3
2022-09,2023-09,2023-10-10 09:00:00,-8.967529564217443,signal,goods,3
2022-10,2023-10,2023-11-10 09:00:00,-10.561715796616827,signal,goods,3
2022-11,2023-11,2023-12-11 09:00:00,-11.845184629702889,signal,goods,3
2022-12,2023-12,2024-01-11 09:00:00,-11.811699635647422,signal,goods,3
2023-01,2024-01,2024-02-15 09:00:00,-11.484457285010897,signal,goods,3
2023-02,2024-02,2024-03-11 09:00:00,-11.405768594174273,signal,goods,3
2023-03,2024-03,2024-04-10 09:00:00,-11.834181148084003,signal,goods,3
2023-04,2024-04,2024-05-13 09:00:00,-11.223871074870432,signal,goods,3
2023-05,2024-05,2024-06-11 09:00:00,-10.193349293965607,signal,goods,3
2023-06,2024-06,2024-07-10 09:00:00,-9.091467741226934,signal,goods,3
2023-07,2024-07,2024-08-12 09:00:00,-7.866122837338431,signal,goods,3
2023-08,2024-08,2024-09-10 09:00:00,-6.566197382974464,signal,goods,3
2023-09,2024-09,2024-10-10 09:00:00,-5.210735848751794,signal,goods,3
2023-10,2024-10,2024-11-11 09:00:00,-3.7186611995495498,signal,goods,3
2023-11,2024-11,2024-12-10 09:00:00,-2.528599028319472,signal,goods,3
2023-12,2024-12,2025-01-13 09:00:00,-2.302810870954765,signal,goods,3
2024-01,2025-01,2025-02-12 09:00:00,-1.6507916353215633,signal,goods,3
2024-02,2025-02,2025-03-11 09:00:00,-1.1904902506318362,signal,goods,3
2024-03,2025-03,2025-04-10 09:00:00,-0.4316903124737582,signal,goods,3
2024-04,2025-04,2025-05-13 09:00:00,-0.3988373845786877,signal,goods,3
2024-05,2025-05,2025-06-10 09:00:00,-0.16638392088378084,signal,goods,3
2024-06,2025-06,2025-07-10 09:00:00,0.13257049094015172,signal,goods,3
2024-07,2025-07,2025-08-08 09:00:00,0.4654381328587058,signal,goods,3
2024-08,2025-08,2025-09-10 09:00:00,0.13263709027964687,signal,goods,3
2024-09,2025-09,2025-10-10 09:00:00,0.19936879241186117,signal,goods,3
2024-10,2025-10,2025-11-11 09:00:00,0.03315093977547551,signal,goods,3
2024-11,2025-11,2025-12-10 09:00:00,0.033150873803839076,signal,goods,3
2024-12,2025-12,2026-01-13 09:00:00,0.3659188481083195,signal,goods,3
2025-01,2026-01,2026-02-13 09:00:00,0.03318387590916247,signal,goods,3
2025-02,2026-02,2026-03-10 09:00:00,0.06643408648000987,signal,goods,3
2025-03,2026-03,2026-04-14 09:00:00,0.13276910008034354,signal,goods,3
2025-04,2026-04,2026-05-13 09:00:00,0.39870504452142697,signal,goods,3
2025-05,2026-05,2026-06-10 09:00:00,0.49865507782978025,signal,goods,3
2025-06,2026-06,2026-07-10 09:00:00,0.1327691662495986,signal,goods,3
2010-01,2011-01,2011-02-09 09:00:00,-0.15317006960631313,core,own,3
2010-02,2011-02,2011-03-09 09:00:00,0.007282861731887913,core,own,3
2010-03,2011-03,2011-04-11 09:00:00,0.04617046776093385,core,own,3
2010-04,2011-04,2011-05-10 09:00:00,0.055747113423807365,core,own,3
2010-05,2011-05,2011-06-09 09:00:00,0.05992516163655562,core,own,3
2010-06,2011-06,2011-07-12 09:00:00,0.05501457473398369,core,own,3
2010-07,2011-07,2011-08-09 09:00:00,0.004705900427102026,core,own,3
2010-08,2011-08,2011-09-09 09:00:00,0.0300207880796155,core,own,3
2010-09,2011-09,2011-10-10 09:00:00,0.09895809698107753,core,own,3
2010-10,2011-10,2011-11-09 09:00:00,0.18460354485143515,core,own,3
2010-11,2011-11,2011-12-09 09:00:00,0.20148392731841114,core,own,3
2010-12,2011-12,2012-01-09 09:00:00,0.14737139755055,core,own,3
2011-01,2012-01,2012-02-16 09:00:00,0.05498006837354846,core,own,3
2011-02,2012-02,2012-03-09 09:00:00,0.01763264498055329,core,own,3
2011-03,2012-03,2012-04-10 09:00:00,0.053371675950749445,core,own,3
2011-04,2012-04,2012-05-10 09:00:00,0.08890236582833316,core,own,3
2011-05,2012-05,2012-06-11 09:00:00,0.028412828074823097,core,own,3
2011-06,2012-06,2012-07-11 09:00:00,0.10866890275455861,core,own,3
2011-07,2012-07,2012-08-09 09:00:00,-0.020517747054029728,core,own,3
2011-08,2012-08,2012-09-10 09:00:00,-0.10374313955481469,core,own,3
2011-09,2012-09,2012-10-09 09:00:00,-0.03727711046658433,core,own,3
2011-10,2012-10,2012-11-09 09:00:00,0.054319710170585095,core,own,3
2011-11,2012-11,2012-12-10 09:00:00,-0.042954040474859706,core,own,3
2011-12,2012-12,2013-01-09 09:00:00,-0.1065032987062491,core,own,3
2012-01,2013-01,2013-02-11 09:00:00,-0.06591030192636582,core,own,3
2012-02,2013-02,2013-03-11 09:00:00,0.005457677193222828,core,own,3
2012-03,2013-03,2013-04-09 09:00:00,0.011295053477597912,core,own,3
2012-04,2013-04,2013-05-10 09:00:00,0.04636163637908894,core,own,3
2012-05,2013-05,2013-06-10 09:00:00,-0.15351728470669648,core,own,3
2012-06,2013-06,2013-07-09 09:00:00,-0.14186617100886068,core,own,3
2012-07,2013-07,2013-08-09 09:00:00,-0.1712425270492991,core,own,3
2012-08,2013-08,2013-09-09 09:00:00,-0.06455880413448739,core,own,3
2012-09,2013-09,2013-10-09 09:00:00,0.0019798239066277645,core,own,3
2012-10,2013-10,2013-11-11 09:00:00,0.08017048427683271,core,own,3
2012-11,2013-11,2013-12-09 09:00:00,0.05132987305071729,core,own,3
2012-12,2013-12,2014-01-09 09:00:00,0.14626734050329207,core,own,3
2013-01,2014-01,2014-02-12 09:00:00,0.12103827882200209,core,own,3
2013-02,2014-02,2014-03-10 09:00:00,0.09025809102345775,core,own,3
2013-03,2014-03,2014-04-09 09:00:00,0.059918961142716304,core,own,3
2013-04,2014-04,2014-05-12 09:00:00,0.1575097408957778,core,own,3
2013-05,2014-05,2014-06-09 09:00:00,0.08186259958133692,core,own,3
2013-06,2014-06,2014-07-09 09:00:00,0.24413674196705892,core,own,3
2013-07,2014-07,2014-08-11 09:00:00,0.1511075016287274,core,own,3
2013-08,2014-08,2014-09-09 09:00:00,0.17163925813557618,core,own,3
2013-09,2014-09,2014-10-09 09:00:00,0.11360649148821003,core,own,3
2013-10,2014-10,2014-11-10 09:00:00,0.185457138176783,core,own,3
2013-11,2014-11,2014-12-09 09:00:00,0.053879595213793346,core,own,3
2013-12,2014-12,2015-01-09 09:00:00,0.15855325721140082,core,own,3
2014-01,2015-01,2015-02-09 09:00:00,0.15730319198485487,core,own,3
2014-02,2015-02,2015-03-09 09:00:00,0.13392171429873523,core,own,3
2014-03,2015-03,2015-04-09 09:00:00,0.003911627492880196,core,own,3
2014-04,2015-04,2015-05-12 09:00:00,0.004112753606026032,core,own,3
2014-05,2015-05,2015-06-09 09:00:00,-0.02000496505173098,core,own,3
2014-06,2015-06,2015-07-09 09:00:00,0.14332558036858903,core,own,3
2014-07,2015-07,2015-08-10 09:00:00,0.00901692507858412,core,own,3
2014-08,2015-08,2015-09-09 09:00:00,0.045577713525777275,core,own,3
2014-09,2015-09,2015-10-09 09:00:00,0.038022535333882446,core,own,3
2014-10,2015-10,2015-11-09 09:00:00,0.10603289651459445,core,own,3
2014-11,2015-11,2015-12-09 09:00:00,0.07281871346891698,core,own,3
2014-12,2015-12,2016-01-12 09:00:00,0.14721371367643787,core,own,3
2015-01,2016-01,2016-02-12 09:00:00,0.0021869019754275215,core,own,3
2015-02,2016-02,2016-03-09 09:00:00,-0.015117948415536597,core,own,3
2015-03,2016-03,2016-04-11 09:00:00,-0.10352774038093591,core,own,3
2015-04,2016-04,2016-05-10 09:00:00,-0.01756765342424013,core,own,3
2015-05,2016-05,2016-06-09 09:00:00,-0.043227703182987715,core,own,3
2015-06,2016-06,2016-07-12 09:00:00,-0.07892925108571988,core,own,3
2015-07,2016-07,2016-08-09 09:00:00,-0.03349725463704134,core,own,3
2015-08,2016-08,2016-09-09 09:00:00,-0.06877337028993938,core,own,3
2015-09,2016-09,2016-10-10 09:00:00,0.009582356614733573,core,own,3
2015-10,2016-10,2016-11-09 09:00:00,0.0791611963423487,core,own,3
2015-11,2016-11,2016-12-09 09:00:00,0.1015989074533186,core,own,3
2015-12,2016-12,2017-01-10 09:00:00,0.26042525120548515,core,own,3
2016-01,2017-01,2017-02-10 09:00:00,0.17060186858258908,core,own,3
2016-02,2017-02,2017-03-09 09:00:00,0.27637876336882894,core,own,3
2016-03,2017-03,2017-04-10 09:00:00,0.15346574510986408,core,own,3
2016-04,2017-04,2017-05-10 09:00:00,0.11376038682678888,core,own,3
2016-05,2017-05,2017-06-09 09:00:00,0.1025943661971728,core,own,3
2016-06,2017-06,2017-07-12 09:00:00,0.042253958105694794,core,own,3
2016-07,2017-07,2017-08-09 09:00:00,0.11109519259305324,core,own,3
2016-08,2017-08,2017-09-11 09:00:00,0.010869953857218811,core,own,3
2016-09,2017-09,2017-10-09 09:00:00,0.11139688974725759,core,own,3
2016-10,2017-10,2017-11-09 09:00:00,0.09925457110305239,core,own,3
2016-11,2017-11,2017-12-11 09:00:00,0.015293299662208265,core,own,3
2016-12,2017-12,2018-01-10 09:00:00,-0.04759303910484704,core,own,3
2017-01,2018-01,2018-02-14 09:00:00,-0.2229296682611498,core,own,3
2017-02,2018-02,2018-03-09 09:00:00,-0.18361976226220034,core,own,3
2017-03,2018-03,2018-04-10 09:00:00,-0.08486855922246658,core,own,3
2017-04,2018-04,2018-05-10 09:00:00,0.049261576557984466,core,own,3
2017-05,2018-05,2018-06-11 09:00:00,0.05210974358737777,core,own,3
2017-06,2018-06,2018-07-11 09:00:00,0.05353426822120144,core,own,3
2017-07,2018-07,2018-08-09 09:00:00,0.24504038434493572,core,own,3
2017-08,2018-08,2018-09-10 09:00:00,0.18421836839716926,core,own,3
2017-09,2018-09,2018-10-09 09:00:00,0.1397889447810453,core,own,3
2017-10,2018-10,2018-11-09 09:00:00,-0.024410100883684553,core,own,3
2017-11,2018-11,2018-12-10 09:00:00,-0.04514192985397181,core,own,3
2017-12,2018-12,2019-01-10 09:00:00,0.08348523020455889,core,own,3
2018-01,2019-01,2019-02-13 09:00:00,0.17274841655562434,core,own,3
2018-02,2019-02,2019-03-11 09:00:00,0.1387597632579351,core,own,3
2018-03,2019-03,2019-04-10 09:00:00,0.05797468649452667,core,own,3
2018-04,2019-04,2019-05-13 09:00:00,-0.06034046004289448,core,own,3
2018-05,2019-05,2019-06-11 09:00:00,-0.10047423251233162,core,own,3
2018-06,2019-06,2019-07-11 09:00:00,-0.022466463287316996,core,own,3
2018-07,2019-07,2019-08-12 09:00:00,0.1894666899702266,core,own,3
2018-08,2019-08,2019-09-10 09:00:00,0.0281016875406237,core,own,3
2018-09,2019-09,2019-10-10 09:00:00,-0.11234334925915065,core,own,3
2018-10,2019-10,2019-11-11 09:00:00,-0.023001097931042935,core,own,3
2018-11,2019-11,2019-12-10 09:00:00,-0.12372469537442979,core,own,3
2018-12,2019-12,2020-01-13 09:00:00,-0.0004833340049305579,core,own,3
2019-01,2020-01,2020-02-14 09:00:00,0.14167820000376471,core,own,3
2019-02,2020-02,2020-03-10 09:00:00,0.16483744447472565,core,own,3
2019-03,2020-03,2020-04-14 09:00:00,0.11685291376851814,core,own,3
2019-04,2020-04,2020-05-13 09:00:00,-0.046964260894957865,core,own,3
2019-05,2020-05,2020-06-10 09:00:00,0.0073823933483430915,core,own,3
2019-06,2020-06,2020-07-10 09:00:00,0.220860357737457,core,own,3
2019-07,2020-07,2020-08-13 09:00:00,0.498726927466806,core,own,3
2019-08,2020-08,2020-09-10 09:00:00,0.08686681559918336,core,own,3
2019-09,2020-09,2020-10-12 09:00:00,-0.08877817096509727,core,own,3
2019-10,2020-10,2020-11-10 09:00:00,-0.042148038300922765,core,own,3
2019-11,2020-11,2020-12-10 09:00:00,-0.11975728703916501,core,own,3
2019-12,2020-12,2021-01-13 09:00:00,-0.04586240066672573,core,own,3
2020-01,2021-01,2021-02-12 09:00:00,0.09010464745891858,core,own,3
2020-02,2021-02,2021-03-10 09:00:00,-0.08841569222044426,core,own,3
2020-03,2021-03,2021-04-13 09:00:00,-0.18432456099516287,core,own,3
2020-04,2021-04,2021-05-11 09:00:00,-0.13708453011324107,core,own,3
2020-05,2021-05,2021-06-10 09:00:00,0.04790073381649243,core,own,3
2020-06,2021-06,2021-07-13 09:00:00,0.1129316361148131,core,own,3
2020-07,2021-07,2021-08-10 09:00:00,0.43768240411383735,core,own,3
2020-08,2021-08,2021-09-10 09:00:00,0.4901791655969171,core,own,3
2020-09,2021-09,2021-10-11 09:00:00,0.6558189089851227,core,own,3
2020-10,2021-10,2021-11-10 09:00:00,0.8290132595428319,core,own,3
2020-11,2021-11,2021-12-10 09:00:00,0.8492389310252068,core,own,3
2020-12,2021-12,2022-01-12 09:00:00,0.8290846205369077,core,own,3
2021-01,2022-01,2022-02-14 09:00:00,1.0392858635303293,core,own,3
2021-02,2022-02,2022-03-10 09:00:00,0.7317585292195365,core,own,3
2021-03,2022-03,2022-04-11 09:00:00,0.8044328749063412,core,own,3
2021-04,2022-04,2022-05-10 09:00:00,0.8146139388801439,core,own,3
2021-05,2022-05,2022-06-10 09:00:00,1.0656607418454367,core,own,3
2021-06,2022-06,2022-07-13 09:00:00,1.1328087177238553,core,own,3
2021-07,2022-07,2022-08-10 09:00:00,0.894687827311259,core,own,3
2021-08,2022-08,2022-09-12 09:00:00,0.5512915918879304,core,own,3
2021-09,2022-09,2022-10-11 09:00:00,0.287166917327069,core,own,3
2021-10,2022-10,2022-11-10 09:00:00,0.21768750320408037,core,own,3
2021-11,2022-11,2022-12-12 09:00:00,0.032352461383430065,core,own,3
2021-12,2022-12,2023-01-11 09:00:00,-0.2843385330247292,core,own,3
2022-01,2023-01,2023-02-10 09:00:00,-0.3353353471502354,core,own,3
2022-02,2023-02,2023-03-10 09:00:00,-0.5220263165960105,core,own,3
2022-03,2023-03,2023-04-13 09:00:00,-0.38620263581587444,core,own,3
2022-04,2023-04,2023-05-11 09:00:00,-0.5550506174285157,core,own,3
2022-05,2023-05,2023-06-12 09:00:00,-0.8220134630149987,core,own,3
2022-06,2023-06,2023-07-13 09:00:00,-0.9500208678242599,core,own,3
2022-07,2023-07,2023-08-10 09:00:00,-0.8446034954568121,core,own,3
2022-08,2023-08,2023-09-11 09:00:00,-0.7478282787304318,core,own,3
2022-09,2023-09,2023-10-10 09:00:00,-0.7716941155664624,core,own,3
2022-10,2023-10,2023-11-10 09:00:00,-0.8986075946395746,core,own,3
2022-11,2023-11,2023-12-11 09:00:00,-0.8545514061445255,core,own,3
2022-12,2023-12,2024-01-11 09:00:00,-0.7375137584232074,core,own,3
2023-01,2024-01,2024-02-15 09:00:00,-0.6501956208510439,core,own,3
2023-02,2024-02,2024-03-11 09:00:00,-0.5719314273290304,core,own,3
2023-03,2024-03,2024-04-10 09:00:00,-0.44921244059522186,core,own,3
2023-04,2024-04,2024-05-13 09:00:00,-0.4081525031731468,core,own,3
2023-05,2024-05,2024-06-11 09:00:00,-0.310443390193873,core,own,3
2023-06,2024-06,2024-07-10 09:00:00,-0.35767606438771826,core,own,3
2023-07,2024-07,2024-08-12 09:00:00,-0.18587149856101193,core,own,3
2023-08,2024-08,2024-09-10 09:00:00,-0.1909698624837894,core,own,3
2023-09,2024-09,2024-10-10 09:00:00,-0.12938034319986788,core,own,3
2023-10,2024-10,2024-11-11 09:00:00,-0.19080365147177136,core,own,3
2023-11,2024-11,2024-12-10 09:00:00,-0.1291538442461754,core,own,3
2023-12,2024-12,2025-01-13 09:00:00,-0.15578501999703256,core,own,3
2024-01,2025-01,2025-02-12 09:00:00,-0.07179186817826094,core,own,3
2024-02,2025-02,2025-03-11 09:00:00,0.0818085297538853,core,own,3
2024-03,2025-03,2025-04-10 09:00:00,0.05477262430717833,core,own,3
2024-04,2025-04,2025-05-13 09:00:00,-0.06501034770019462,core,own,3
2024-05,2025-05,2025-06-10 09:00:00,-0.0031441769391136465,core,own,3
2024-06,2025-06,2025-07-10 09:00:00,-0.024484907043983983,core,own,3
2024-07,2025-07,2025-08-08 09:00:00,0.11875484994426638,core,own,3
2024-08,2025-08,2025-09-10 09:00:00,0.0158958964867833,core,own,3
2024-09,2025-09,2025-10-10 09:00:00,-0.036049914322341,core,own,3
2024-10,2025-10,2025-11-11 09:00:00,-0.003027215060837326,core,own,3
2024-11,2025-11,2025-12-10 09:00:00,-0.08260573300270341,core,own,3
2024-12,2025-12,2026-01-13 09:00:00,-0.016691977303048056,core,own,3
2025-01,2026-01,2026-02-13 09:00:00,0.01337254813076899,core,own,3
2025-02,2026-02,2026-03-10 09:00:00,0.0783746325193827,core,own,3
2025-03,2026-03,2026-04-14 09:00:00,0.08210437698860007,core,own,3
2025-04,2026-04,2026-05-13 09:00:00,0.09133638950218692,core,own,3
2025-05,2026-05,2026-06-10 09:00:00,0.0974022125356665,core,own,3
2025-06,2026-06,2026-07-10 09:00:00,0.0014558477953313664,core,own,3
2010-01,2011-01,2011-02-09 09:00:00,-0.15317006960631313,core,services,3
2010-02,2011-02,2011-03-09 09:00:00,0.007282861731887913,core,services,3
2010-03,2011-03,2011-04-11 09:00:00,0.04617046776093385,core,services,3
2010-04,2011-04,2011-05-10 09:00:00,0.055747113423807365,core,services,3
2010-05,2011-05,2011-06-09 09:00:00,0.05992516163655562,core,services,3
2010-06,2011-06,2011-07-12 09:00:00,0.05501457473398369,core,services,3
2010-07,2011-07,2011-08-09 09:00:00,0.004705900427102026,core,services,3
2010-08,2011-08,2011-09-09 09:00:00,0.0300207880796155,core,services,3
2010-09,2011-09,2011-10-10 09:00:00,0.09895809698107753,core,services,3
2010-10,2011-10,2011-11-09 09:00:00,0.18460354485143515,core,services,3
2010-11,2011-11,2011-12-09 09:00:00,0.20148392731841114,core,services,3
2010-12,2011-12,2012-01-09 09:00:00,0.14737139755055,core,services,3
2011-01,2012-01,2012-02-16 09:00:00,0.05498006837354846,core,services,3
2011-02,2012-02,2012-03-09 09:00:00,0.01763264498055329,core,services,3
2011-03,2012-03,2012-04-10 09:00:00,0.053371675950749445,core,services,3
2011-04,2012-04,2012-05-10 09:00:00,0.08890236582833316,core,services,3
2011-05,2012-05,2012-06-11 09:00:00,0.028412828074823097,core,services,3
2011-06,2012-06,2012-07-11 09:00:00,0.10866890275455861,core,services,3
2011-07,2012-07,2012-08-09 09:00:00,-0.020517747054029728,core,services,3
2011-08,2012-08,2012-09-10 09:00:00,-0.10374313955481469,core,services,3
2011-09,2012-09,2012-10-09 09:00:00,-0.03727711046658433,core,services,3
2011-10,2012-10,2012-11-09 09:00:00,0.054319710170585095,core,services,3
2011-11,2012-11,2012-12-10 09:00:00,-0.042954040474859706,core,services,3
2011-12,2012-12,2013-01-09 09:00:00,-0.1065032987062491,core,services,3
2012-01,2013-01,2013-02-11 09:00:00,-0.06591030192636582,core,services,3
2012-02,2013-02,2013-03-11 09:00:00,0.005457677193222828,core,services,3
2012-03,2013-03,2013-04-09 09:00:00,0.011295053477597912,core,services,3
2012-04,2013-04,2013-05-10 09:00:00,0.04636163637908894,core,services,3
2012-05,2013-05,2013-06-10 09:00:00,-0.15351728470669648,core,services,3
2012-06,2013-06,2013-07-09 09:00:00,-0.14186617100886068,core,services,3
2012-07,2013-07,2013-08-09 09:00:00,-0.1712425270492991,core,services,3
2012-08,2013-08,2013-09-09 09:00:00,-0.06455880413448739,core,services,3
2012-09,2013-09,2013-10-09 09:00:00,0.0019798239066277645,core,services,3
2012-10,2013-10,2013-11-11 09:00:00,0.08017048427683271,core,services,3
2012-11,2013-11,2013-12-09 09:00:00,0.05132987305071729,core,services,3
2012-12,2013-12,2014-01-09 09:00:00,0.14626734050329207,core,services,3
2013-01,2014-01,2014-02-12 09:00:00,0.12103827882200209,core,services,3
2013-02,2014-02,2014-03-10 09:00:00,0.09025809102345775,core,services,3
2013-03,2014-03,2014-04-09 09:00:00,0.059918961142716304,core,services,3
2013-04,2014-04,2014-05-12 09:00:00,0.1575097408957778,core,services,3
2013-05,2014-05,2014-06-09 09:00:00,0.08186259958133692,core,services,3
2013-06,2014-06,2014-07-09 09:00:00,0.24413674196705892,core,services,3
2013-07,2014-07,2014-08-11 09:00:00,0.1511075016287274,core,services,3
2013-08,2014-08,2014-09-09 09:00:00,0.17163925813557618,core,services,3
2013-09,2014-09,2014-10-09 09:00:00,0.11360649148821003,core,services,3
2013-10,2014-10,2014-11-10 09:00:00,0.185457138176783,core,services,3
2013-11,2014-11,2014-12-09 09:00:00,0.053879595213793346,core,services,3
2013-12,2014-12,2015-01-09 09:00:00,0.15855325721140082,core,services,3
2014-01,2015-01,2015-02-09 09:00:00,0.15730319198485487,core,services,3
2014-02,2015-02,2015-03-09 09:00:00,0.13392171429873523,core,services,3
2014-03,2015-03,2015-04-09 09:00:00,0.003911627492880196,core,services,3
2014-04,2015-04,2015-05-12 09:00:00,0.004112753606026032,core,services,3
2014-05,2015-05,2015-06-09 09:00:00,-0.02000496505173098,core,services,3
2014-06,2015-06,2015-07-09 09:00:00,0.14332558036858903,core,services,3
2014-07,2015-07,2015-08-10 09:00:00,0.00901692507858412,core,services,3
2014-08,2015-08,2015-09-09 09:00:00,0.045577713525777275,core,services,3
2014-09,2015-09,2015-10-09 09:00:00,0.038022535333882446,core,services,3
2014-10,2015-10,2015-11-09 09:00:00,0.10603289651459445,core,services,3
2014-11,2015-11,2015-12-09 09:00:00,0.07281871346891698,core,services,3
2014-12,2015-12,2016-01-12 09:00:00,0.14721371367643787,core,services,3
2015-01,2016-01,2016-02-12 09:00:00,0.0021869019754275215,core,services,3
2015-02,2016-02,2016-03-09 09:00:00,-0.015117948415536597,core,services,3
2015-03,2016-03,2016-04-11 09:00:00,-0.10352774038093591,core,services,3
2015-04,2016-04,2016-05-10 09:00:00,-0.01756765342424013,core,services,3
2015-05,2016-05,2016-06-09 09:00:00,-0.043227703182987715,core,services,3
2015-06,2016-06,2016-07-12 09:00:00,-0.07892925108571988,core,services,3
2015-07,2016-07,2016-08-09 09:00:00,-0.03349725463704134,core,services,3
2015-08,2016-08,2016-09-09 09:00:00,-0.06877337028993938,core,services,3
2015-09,2016-09,2016-10-10 09:00:00,0.009582356614733573,core,services,3
2015-10,2016-10,2016-11-09 09:00:00,0.0791611963423487,core,services,3
2015-11,2016-11,2016-12-09 09:00:00,0.1015989074533186,core,services,3
2015-12,2016-12,2017-01-10 09:00:00,0.26042525120548515,core,services,3
2016-01,2017-01,2017-02-10 09:00:00,0.17060186858258908,core,services,3
2016-02,2017-02,2017-03-09 09:00:00,0.27637876336882894,core,services,3
2016-03,2017-03,2017-04-10 09:00:00,0.15346574510986408,core,services,3
2016-04,2017-04,2017-05-10 09:00:00,0.11376038682678888,core,services,3
2016-05,2017-05,2017-06-09 09:00:00,0.1025943661971728,core,services,3
2016-06,2017-06,2017-07-12 09:00:00,0.042253958105694794,core,services,3
2016-07,2017-07,2017-08-09 09:00:00,0.11109519259305324,core,services,3
2016-08,2017-08,2017-09-11 09:00:00,0.010869953857218811,core,services,3
2016-09,2017-09,2017-10-09 09:00:00,0.11139688974725759,core,services,3
2016-10,2017-10,2017-11-09 09:00:00,0.09925457110305239,core,services,3
2016-11,2017-11,2017-12-11 09:00:00,0.015293299662208265,core,services,3
2016-12,2017-12,2018-01-10 09:00:00,-0.04759303910484704,core,services,3
2017-01,2018-01,2018-02-14 09:00:00,-0.2229296682611498,core,services,3
2017-02,2018-02,2018-03-09 09:00:00,-0.18361976226220034,core,services,3
2017-03,2018-03,2018-04-10 09:00:00,-0.08486855922246658,core,services,3
2017-04,2018-04,2018-05-10 09:00:00,0.049261576557984466,core,services,3
2017-05,2018-05,2018-06-11 09:00:00,0.05210974358737777,core,services,3
2017-06,2018-06,2018-07-11 09:00:00,0.05353426822120144,core,services,3
2017-07,2018-07,2018-08-09 09:00:00,0.24504038434493572,core,services,3
2017-08,2018-08,2018-09-10 09:00:00,0.18421836839716926,core,services,3
2017-09,2018-09,2018-10-09 09:00:00,0.1397889447810453,core,services,3
2017-10,2018-10,2018-11-09 09:00:00,-0.024410100883684553,core,services,3
2017-11,2018-11,2018-12-10 09:00:00,-0.04514192985397181,core,services,3
2017-12,2018-12,2019-01-10 09:00:00,0.08348523020455889,core,services,3
2018-01,2019-01,2019-02-13 09:00:00,0.17274841655562434,core,services,3
2018-02,2019-02,2019-03-11 09:00:00,0.1387597632579351,core,services,3
2018-03,2019-03,2019-04-10 09:00:00,0.05797468649452667,core,services,3
2018-04,2019-04,2019-05-13 09:00:00,-0.06034046004289448,core,services,3
2018-05,2019-05,2019-06-11 09:00:00,-0.10047423251233162,core,services,3
2018-06,2019-06,2019-07-11 09:00:00,-0.022466463287316996,core,services,3
2018-07,2019-07,2019-08-12 09:00:00,0.1894666899702266,core,services,3
2018-08,2019-08,2019-09-10 09:00:00,0.0281016875406237,core,services,3
2018-09,2019-09,2019-10-10 09:00:00,-0.11234334925915065,core,services,3
2018-10,2019-10,2019-11-11 09:00:00,-0.023001097931042935,core,services,3
2018-11,2019-11,2019-12-10 09:00:00,-0.12372469537442979,core,services,3
2018-12,2019-12,2020-01-13 09:00:00,-0.0004833340049305579,core,services,3
2019-01,2020-01,2020-02-14 09:00:00,0.14167820000376471,core,services,3
2019-02,2020-02,2020-03-10 09:00:00,0.16483744447472565,core,services,3
2019-03,2020-03,2020-04-14 09:00:00,0.11685291376851814,core,services,3
2019-04,2020-04,2020-05-13 09:00:00,-0.046964260894957865,core,services,3
2019-05,2020-05,2020-06-10 09:00:00,0.0073823933483430915,core,services,3
2019-06,2020-06,2020-07-10 09:00:00,0.220860357737457,core,services,3
2019-07,2020-07,2020-08-13 09:00:00,0.498726927466806,core,services,3
2019-08,2020-08,2020-09-10 09:00:00,0.08686681559918336,core,services,3
2019-09,2020-09,2020-10-12 09:00:00,-0.08877817096509727,core,services,3
2019-10,2020-10,2020-11-10 09:00:00,-0.042148038300922765,core,services,3
2019-11,2020-11,2020-12-10 09:00:00,-0.11975728703916501,core,services,3
2019-12,2020-12,2021-01-13 09:00:00,-0.04586240066672573,core,services,3
2020-01,2021-01,2021-02-12 09:00:00,0.09010464745891858,core,services,3
2020-02,2021-02,2021-03-10 09:00:00,-0.08841569222044426,core,services,3
2020-03,2021-03,2021-04-13 09:00:00,-0.18432456099516287,core,services,3
2020-04,2021-04,2021-05-11 09:00:00,-0.13708453011324107,core,services,3
2020-05,2021-05,2021-06-10 09:00:00,0.04790073381649243,core,services,3
2020-06,2021-06,2021-07-13 09:00:00,0.1129316361148131,core,services,3
2020-07,2021-07,2021-08-10 09:00:00,0.43768240411383735,core,services,3
2020-08,2021-08,2021-09-10 09:00:00,0.4901791655969171,core,services,3
2020-09,2021-09,2021-10-11 09:00:00,0.6558189089851227,core,services,3
2020-10,2021-10,2021-11-10 09:00:00,0.8290132595428319,core,services,3
2020-11,2021-11,2021-12-10 09:00:00,0.8492389310252068,core,services,3
2020-12,2021-12,2022-01-12 09:00:00,0.8290846205369077,core,services,3
2021-01,2022-01,2022-02-14 09:00:00,1.0392858635303293,core,services,3
2021-02,2022-02,2022-03-10 09:00:00,0.7317585292195365,core,services,3
2021-03,2022-03,2022-04-11 09:00:00,0.8044328749063412,core,services,3
2021-04,2022-04,2022-05-10 09:00:00,0.8146139388801439,core,services,3
2021-05,2022-05,2022-06-10 09:00:00,1.0656607418454367,core,services,3
2021-06,2022-06,2022-07-13 09:00:00,1.1328087177238553,core,services,3
2021-07,2022-07,2022-08-10 09:00:00,0.894687827311259,core,services,3
2021-08,2022-08,2022-09-12 09:00:00,0.5512915918879304,core,services,3
2021-09,2022-09,2022-10-11 09:00:00,0.287166917327069,core,services,3
2021-10,2022-10,2022-11-10 09:00:00,0.21768750320408037,core,services,3
2021-11,2022-11,2022-12-12 09:00:00,0.032352461383430065,core,services,3
2021-12,2022-12,2023-01-11 09:00:00,-0.2843385330247292,core,services,3
2022-01,2023-01,2023-02-10 09:00:00,-0.3353353471502354,core,services,3
2022-02,2023-02,2023-03-10 09:00:00,-0.5220263165960105,core,services,3
2022-03,2023-03,2023-04-13 09:00:00,-0.38620263581587444,core,services,3
2022-04,2023-04,2023-05-11 09:00:00,-0.5550506174285157,core,services,3
2022-05,2023-05,2023-06-12 09:00:00,-0.8220134630149987,core,services,3
2022-06,2023-06,2023-07-13 09:00:00,-0.9500208678242599,core,services,3
2022-07,2023-07,2023-08-10 09:00:00,-0.8446034954568121,core,services,3
2022-08,2023-08,2023-09-11 09:00:00,-0.7478282787304318,core,services,3
2022-09,2023-09,2023-10-10 09:00:00,-0.7716941155664624,core,services,3
2022-10,2023-10,2023-11-10 09:00:00,-0.8986075946395746,core,services,3
2022-11,2023-11,2023-12-11 09:00:00,-0.8545514061445255,core,services,3
2022-12,2023-12,2024-01-11 09:00:00,-0.7375137584232074,core,services,3
2023-01,2024-01,2024-02-15 09:00:00,-0.6501956208510439,core,services,3
2023-02,2024-02,2024-03-11 09:00:00,-0.5719314273290304,core,services,3
2023-03,2024-03,2024-04-10 09:00:00,-0.44921244059522186,core,services,3
2023-04,2024-04,2024-05-13 09:00:00,-0.4081525031731468,core,services,3
2023-05,2024-05,2024-06-11 09:00:00,-0.310443390193873,core,services,3
2023-06,2024-06,2024-07-10 09:00:00,-0.35767606438771826,core,services,3
2023-07,2024-07,2024-08-12 09:00:00,-0.18587149856101193,core,services,3
2023-08,2024-08,2024-09-10 09:00:00,-0.1909698624837894,core,services,3
2023-09,2024-09,2024-10-10 09:00:00,-0.12938034319986788,core,services,3
2023-10,2024-10,2024-11-11 09:00:00,-0.19080365147177136,core,services,3
2023-11,2024-11,2024-12-10 09:00:00,-0.1291538442461754,core,services,3
2023-12,2024-12,2025-01-13 09:00:00,-0.15578501999703256,core,services,3
2024-01,2025-01,2025-02-12 09:00:00,-0.07179186817826094,core,services,3
2024-02,2025-02,2025-03-11 09:00:00,0.0818085297538853,core,services,3
2024-03,2025-03,2025-04-10 09:00:00,0.05477262430717833,core,services,3
2024-04,2025-04,2025-05-13 09:00:00,-0.06501034770019462,core,services,3
2024-05,2025-05,2025-06-10 09:00:00,-0.0031441769391136465,core,services,3
2024-06,2025-06,2025-07-10 09:00:00,-0.024484907043983983,core,services,3
2024-07,2025-07,2025-08-08 09:00:00,0.11875484994426638,core,services,3
2024-08,2025-08,2025-09-10 09:00:00,0.0158958964867833,core,services,3
2024-09,2025-09,2025-10-10 09:00:00,-0.036049914322341,core,services,3
2024-10,2025-10,2025-11-11 09:00:00,-0.003027215060837326,core,services,3
2024-11,2025-11,2025-12-10 09:00:00,-0.08260573300270341,core,services,3
2024-12,2025-12,2026-01-13 09:00:00,-0.016691977303048056,core,services,3
2025-01,2026-01,2026-02-13 09:00:00,0.01337254813076899,core,services,3
2025-02,2026-02,2026-03-10 09:00:00,0.0783746325193827,core,services,3
2025-03,2026-03,2026-04-14 09:00:00,0.08210437698860007,core,services,3
2025-04,2026-04,2026-05-13 09:00:00,0.09133638950218692,core,services,3
2025-05,2026-05,2026-06-10 09:00:00,0.0974022125356665,core,services,3
2025-06,2026-06,2026-07-10 09:00:00,0.0014558477953313664,core,services,3
2010-01,2011-01,2011-02-09 09:00:00,-0.15317006960631313,core,goods,3
2010-02,2011-02,2011-03-09 09:00:00,0.007282861731887913,core,goods,3
2010-03,2011-03,2011-04-11 09:00:00,0.04617046776093385,core,goods,3
2010-04,2011-04,2011-05-10 09:00:00,0.055747113423807365,core,goods,3
2010-05,2011-05,2011-06-09 09:00:00,0.05992516163655562,core,goods,3
2010-06,2011-06,2011-07-12 09:00:00,0.05501457473398369,core,goods,3
2010-07,2011-07,2011-08-09 09:00:00,0.004705900427102026,core,goods,3
2010-08,2011-08,2011-09-09 09:00:00,0.0300207880796155,core,goods,3
2010-09,2011-09,2011-10-10 09:00:00,0.09895809698107753,core,goods,3
2010-10,2011-10,2011-11-09 09:00:00,0.18460354485143515,core,goods,3
2010-11,2011-11,2011-12-09 09:00:00,0.20148392731841114,core,goods,3
2010-12,2011-12,2012-01-09 09:00:00,0.14737139755055,core,goods,3
2011-01,2012-01,2012-02-16 09:00:00,0.05498006837354846,core,goods,3
2011-02,2012-02,2012-03-09 09:00:00,0.01763264498055329,core,goods,3
2011-03,2012-03,2012-04-10 09:00:00,0.053371675950749445,core,goods,3
2011-04,2012-04,2012-05-10 09:00:00,0.08890236582833316,core,goods,3
2011-05,2012-05,2012-06-11 09:00:00,0.028412828074823097,core,goods,3
2011-06,2012-06,2012-07-11 09:00:00,0.10866890275455861,core,goods,3
2011-07,2012-07,2012-08-09 09:00:00,-0.020517747054029728,core,goods,3
2011-08,2012-08,2012-09-10 09:00:00,-0.10374313955481469,core,goods,3
2011-09,2012-09,2012-10-09 09:00:00,-0.03727711046658433,core,goods,3
2011-10,2012-10,2012-11-09 09:00:00,0.054319710170585095,core,goods,3
2011-11,2012-11,2012-12-10 09:00:00,-0.042954040474859706,core,goods,3
2011-12,2012-12,2013-01-09 09:00:00,-0.1065032987062491,core,goods,3
2012-01,2013-01,2013-02-11 09:00:00,-0.06591030192636582,core,goods,3
2012-02,2013-02,2013-03-11 09:00:00,0.005457677193222828,core,goods,3
2012-03,2013-03,2013-04-09 09:00:00,0.011295053477597912,core,goods,3
2012-04,2013-04,2013-05-10 09:00:00,0.04636163637908894,core,goods,3
2012-05,2013-05,2013-06-10 09:00:00,-0.15351728470669648,core,goods,3
2012-06,2013-06,2013-07-09 09:00:00,-0.14186617100886068,core,goods,3
2012-07,2013-07,2013-08-09 09:00:00,-0.1712425270492991,core,goods,3
2012-08,2013-08,2013-09-09 09:00:00,-0.06455880413448739,core,goods,3
2012-09,2013-09,2013-10-09 09:00:00,0.0019798239066277645,core,goods,3
2012-10,2013-10,2013-11-11 09:00:00,0.08017048427683271,core,goods,3
2012-11,2013-11,2013-12-09 09:00:00,0.05132987305071729,core,goods,3
2012-12,2013-12,2014-01-09 09:00:00,0.14626734050329207,core,goods,3
2013-01,2014-01,2014-02-12 09:00:00,0.12103827882200209,core,goods,3
2013-02,2014-02,2014-03-10 09:00:00,0.09025809102345775,core,goods,3
2013-03,2014-03,2014-04-09 09:00:00,0.059918961142716304,core,goods,3
2013-04,2014-04,2014-05-12 09:00:00,0.1575097408957778,core,goods,3
2013-05,2014-05,2014-06-09 09:00:00,0.08186259958133692,core,goods,3
2013-06,2014-06,2014-07-09 09:00:00,0.24413674196705892,core,goods,3
2013-07,2014-07,2014-08-11 09:00:00,0.1511075016287274,core,goods,3
2013-08,2014-08,2014-09-09 09:00:00,0.17163925813557618,core,goods,3
2013-09,2014-09,2014-10-09 09:00:00,0.11360649148821003,core,goods,3
2013-10,2014-10,2014-11-10 09:00:00,0.185457138176783,core,goods,3
2013-11,2014-11,2014-12-09 09:00:00,0.053879595213793346,core,goods,3
2013-12,2014-12,2015-01-09 09:00:00,0.15855325721140082,core,goods,3
2014-01,2015-01,2015-02-09 09:00:00,0.15730319198485487,core,goods,3
2014-02,2015-02,2015-03-09 09:00:00,0.13392171429873523,core,goods,3
2014-03,2015-03,2015-04-09 09:00:00,0.003911627492880196,core,goods,3
2014-04,2015-04,2015-05-12 09:00:00,0.004112753606026032,core,goods,3
2014-05,2015-05,2015-06-09 09:00:00,-0.02000496505173098,core,goods,3
2014-06,2015-06,2015-07-09 09:00:00,0.14332558036858903,core,goods,3
2014-07,2015-07,2015-08-10 09:00:00,0.00901692507858412,core,goods,3
2014-08,2015-08,2015-09-09 09:00:00,0.045577713525777275,core,goods,3
2014-09,2015-09,2015-10-09 09:00:00,0.038022535333882446,core,goods,3
2014-10,2015-10,2015-11-09 09:00:00,0.10603289651459445,core,goods,3
2014-11,2015-11,2015-12-09 09:00:00,0.07281871346891698,core,goods,3
2014-12,2015-12,2016-01-12 09:00:00,0.14721371367643787,core,goods,3
2015-01,2016-01,2016-02-12 09:00:00,0.0021869019754275215,core,goods,3
2015-02,2016-02,2016-03-09 09:00:00,-0.015117948415536597,core,goods,3
2015-03,2016-03,2016-04-11 09:00:00,-0.10352774038093591,core,goods,3
2015-04,2016-04,2016-05-10 09:00:00,-0.01756765342424013,core,goods,3
2015-05,2016-05,2016-06-09 09:00:00,-0.043227703182987715,core,goods,3
2015-06,2016-06,2016-07-12 09:00:00,-0.07892925108571988,core,goods,3
2015-07,2016-07,2016-08-09 09:00:00,-0.03349725463704134,core,goods,3
2015-08,2016-08,2016-09-09 09:00:00,-0.06877337028993938,core,goods,3
2015-09,2016-09,2016-10-10 09:00:00,0.009582356614733573,core,goods,3
2015-10,2016-10,2016-11-09 09:00:00,0.0791611963423487,core,goods,3
2015-11,2016-11,2016-12-09 09:00:00,0.1015989074533186,core,goods,3
2015-12,2016-12,2017-01-10 09:00:00,0.26042525120548515,core,goods,3
2016-01,2017-01,2017-02-10 09:00:00,0.17060186858258908,core,goods,3
2016-02,2017-02,2017-03-09 09:00:00,0.27637876336882894,core,goods,3
2016-03,2017-03,2017-04-10 09:00:00,0.15346574510986408,core,goods,3
2016-04,2017-04,2017-05-10 09:00:00,0.11376038682678888,core,goods,3
2016-05,2017-05,2017-06-09 09:00:00,0.1025943661971728,core,goods,3
2016-06,2017-06,2017-07-12 09:00:00,0.042253958105694794,core,goods,3
2016-07,2017-07,2017-08-09 09:00:00,0.11109519259305324,core,goods,3
2016-08,2017-08,2017-09-11 09:00:00,0.010869953857218811,core,goods,3
2016-09,2017-09,2017-10-09 09:00:00,0.11139688974725759,core,goods,3
2016-10,2017-10,2017-11-09 09:00:00,0.09925457110305239,core,goods,3
2016-11,2017-11,2017-12-11 09:00:00,0.015293299662208265,core,goods,3
2016-12,2017-12,2018-01-10 09:00:00,-0.04759303910484704,core,goods,3
2017-01,2018-01,2018-02-14 09:00:00,-0.2229296682611498,core,goods,3
2017-02,2018-02,2018-03-09 09:00:00,-0.18361976226220034,core,goods,3
2017-03,2018-03,2018-04-10 09:00:00,-0.08486855922246658,core,goods,3
2017-04,2018-04,2018-05-10 09:00:00,0.049261576557984466,core,goods,3
2017-05,2018-05,2018-06-11 09:00:00,0.05210974358737777,core,goods,3
2017-06,2018-06,2018-07-11 09:00:00,0.05353426822120144,core,goods,3
2017-07,2018-07,2018-08-09 09:00:00,0.24504038434493572,core,goods,3
2017-08,2018-08,2018-09-10 09:00:00,0.18421836839716926,core,goods,3
2017-09,2018-09,2018-10-09 09:00:00,0.1397889447810453,core,goods,3
2017-10,2018-10,2018-11-09 09:00:00,-0.024410100883684553,core,goods,3
2017-11,2018-11,2018-12-10 09:00:00,-0.04514192985397181,core,goods,3
2017-12,2018-12,2019-01-10 09:00:00,0.08348523020455889,core,goods,3
2018-01,2019-01,2019-02-13 09:00:00,0.17274841655562434,core,goods,3
2018-02,2019-02,2019-03-11 09:00:00,0.1387597632579351,core,goods,3
2018-03,2019-03,2019-04-10 09:00:00,0.05797468649452667,core,goods,3
2018-04,2019-04,2019-05-13 09:00:00,-0.06034046004289448,core,goods,3
2018-05,2019-05,2019-06-11 09:00:00,-0.10047423251233162,core,goods,3
2018-06,2019-06,2019-07-11 09:00:00,-0.022466463287316996,core,goods,3
2018-07,2019-07,2019-08-12 09:00:00,0.1894666899702266,core,goods,3
2018-08,2019-08,2019-09-10 09:00:00,0.0281016875406237,core,goods,3
2018-09,2019-09,2019-10-10 09:00:00,-0.11234334925915065,core,goods,3
2018-10,2019-10,2019-11-11 09:00:00,-0.023001097931042935,core,goods,3
2018-11,2019-11,2019-12-10 09:00:00,-0.12372469537442979,core,goods,3
2018-12,2019-12,2020-01-13 09:00:00,-0.0004833340049305579,core,goods,3
2019-01,2020-01,2020-02-14 09:00:00,0.14167820000376471,core,goods,3
2019-02,2020-02,2020-03-10 09:00:00,0.16483744447472565,core,goods,3
2019-03,2020-03,2020-04-14 09:00:00,0.11685291376851814,core,goods,3
2019-04,2020-04,2020-05-13 09:00:00,-0.046964260894957865,core,goods,3
2019-05,2020-05,2020-06-10 09:00:00,0.0073823933483430915,core,goods,3
2019-06,2020-06,2020-07-10 09:00:00,0.220860357737457,core,goods,3
2019-07,2020-07,2020-08-13 09:00:00,0.498726927466806,core,goods,3
2019-08,2020-08,2020-09-10 09:00:00,0.08686681559918336,core,goods,3
2019-09,2020-09,2020-10-12 09:00:00,-0.08877817096509727,core,goods,3
2019-10,2020-10,2020-11-10 09:00:00,-0.042148038300922765,core,goods,3
2019-11,2020-11,2020-12-10 09:00:00,-0.11975728703916501,core,goods,3
2019-12,2020-12,2021-01-13 09:00:00,-0.04586240066672573,core,goods,3
2020-01,2021-01,2021-02-12 09:00:00,0.09010464745891858,core,goods,3
2020-02,2021-02,2021-03-10 09:00:00,-0.08841569222044426,core,goods,3
2020-03,2021-03,2021-04-13 09:00:00,-0.18432456099516287,core,goods,3
2020-04,2021-04,2021-05-11 09:00:00,-0.13708453011324107,core,goods,3
2020-05,2021-05,2021-06-10 09:00:00,0.04790073381649243,core,goods,3
2020-06,2021-06,2021-07-13 09:00:00,0.1129316361148131,core,goods,3
2020-07,2021-07,2021-08-10 09:00:00,0.43768240411383735,core,goods,3
2020-08,2021-08,2021-09-10 09:00:00,0.4901791655969171,core,goods,3
2020-09,2021-09,2021-10-11 09:00:00,0.6558189089851227,core,goods,3
2020-10,2021-10,2021-11-10 09:00:00,0.8290132595428319,core,goods,3
2020-11,2021-11,2021-12-10 09:00:00,0.8492389310252068,core,goods,3
2020-12,2021-12,2022-01-12 09:00:00,0.8290846205369077,core,goods,3
2021-01,2022-01,2022-02-14 09:00:00,1.0392858635303293,core,goods,3
2021-02,2022-02,2022-03-10 09:00:00,0.7317585292195365,core,goods,3
2021-03,2022-03,2022-04-11 09:00:00,0.8044328749063412,core,goods,3
2021-04,2022-04,2022-05-10 09:00:00,0.8146139388801439,core,goods,3
2021-05,2022-05,2022-06-10 09:00:00,1.0656607418454367,core,goods,3
2021-06,2022-06,2022-07-13 09:00:00,1.1328087177238553,core,goods,3
2021-07,2022-07,2022-08-10 09:00:00,0.894687827311259,core,goods,3
2021-08,2022-08,2022-09-12 09:00:00,0.5512915918879304,core,goods,3
2021-09,2022-09,2022-10-11 09:00:00,0.287166917327069,core,goods,3
2021-10,2022-10,2022-11-10 09:00:00,0.21768750320408037,core,goods,3
2021-11,2022-11,2022-12-12 09:00:00,0.032352461383430065,core,goods,3
2021-12,2022-12,2023-01-11 09:00:00,-0.2843385330247292,core,goods,3
2022-01,2023-01,2023-02-10 09:00:00,-0.3353353471502354,core,goods,3
2022-02,2023-02,2023-03-10 09:00:00,-0.5220263165960105,core,goods,3
2022-03,2023-03,2023-04-13 09:00:00,-0.38620263581587444,core,goods,3
2022-04,2023-04,2023-05-11 09:00:00,-0.5550506174285157,core,goods,3
2022-05,2023-05,2023-06-12 09:00:00,-0.8220134630149987,core,goods,3
2022-06,2023-06,2023-07-13 09:00:00,-0.9500208678242599,core,goods,3
2022-07,2023-07,2023-08-10 09:00:00,-0.8446034954568121,core,goods,3
2022-08,2023-08,2023-09-11 09:00:00,-0.7478282787304318,core,goods,3
2022-09,2023-09,2023-10-10 09:00:00,-0.7716941155664624,core,goods,3
2022-10,2023-10,2023-11-10 09:00:00,-0.8986075946395746,core,goods,3
2022-11,2023-11,2023-12-11 09:00:00,-0.8545514061445255,core,goods,3
2022-12,2023-12,2024-01-11 09:00:00,-0.7375137584232074,core,goods,3
2023-01,2024-01,2024-02-15 09:00:00,-0.6501956208510439,core,goods,3
2023-02,2024-02,2024-03-11 09:00:00,-0.5719314273290304,core,goods,3
2023-03,2024-03,2024-04-10 09:00:00,-0.44921244059522186,core,goods,3
2023-04,2024-04,2024-05-13 09:00:00,-0.4081525031731468,core,goods,3
2023-05,2024-05,2024-06-11 09:00:00,-0.310443390193873,core,goods,3
2023-06,2024-06,2024-07-10 09:00:00,-0.35767606438771826,core,goods,3
2023-07,2024-07,2024-08-12 09:00:00,-0.18587149856101193,core,goods,3
2023-08,2024-08,2024-09-10 09:00:00,-0.1909698624837894,core,goods,3
2023-09,2024-09,2024-10-10 09:00:00,-0.12938034319986788,core,goods,3
2023-10,2024-10,2024-11-11 09:00:00,-0.19080365147177136,core,goods,3
2023-11,2024-11,2024-12-10 09:00:00,-0.1291538442461754,core,goods,3
2023-12,2024-12,2025-01-13 09:00:00,-0.15578501999703256,core,goods,3
2024-01,2025-01,2025-02-12 09:00:00,-0.07179186817826094,core,goods,3
2024-02,2025-02,2025-03-11 09:00:00,0.0818085297538853,core,goods,3
2024-03,2025-03,2025-04-10 09:00:00,0.05477262430717833,core,goods,3
2024-04,2025-04,2025-05-13 09:00:00,-0.06501034770019462,core,goods,3
2024-05,2025-05,2025-06-10 09:00:00,-0.0031441769391136465,core,goods,3
2024-06,2025-06,2025-07-10 09:00:00,-0.024484907043983983,core,goods,3
2024-07,2025-07,2025-08-08 09:00:00,0.11875484994426638,core,goods,3
2024-08,2025-08,2025-09-10 09:00:00,0.0158958964867833,core,goods,3
2024-09,2025-09,2025-10-10 09:00:00,-0.036049914322341,core,goods,3
2024-10,2025-10,2025-11-11 09:00:00,-0.003027215060837326,core,goods,3
2024-11,2025-11,2025-12-10 09:00:00,-0.08260573300270341,core,goods,3
2024-12,2025-12,2026-01-13 09:00:00,-0.016691977303048056,core,goods,3
2025-01,2026-01,2026-02-13 09:00:00,0.01337254813076899,core,goods,3
2025-02,2026-02,2026-03-10 09:00:00,0.0783746325193827,core,goods,3
2025-03,2026-03,2026-04-14 09:00:00,0.08210437698860007,core,goods,3
2025-04,2026-04,2026-05-13 09:00:00,0.09133638950218692,core,goods,3
2025-05,2026-05,2026-06-10 09:00:00,0.0974022125356665,core,goods,3
2025-06,2026-06,2026-07-10 09:00:00,0.0014558477953313664,core,goods,3
2010-01,2011-01,2011-02-09 09:00:00,-0.15317006960631313,core,both,3
2010-02,2011-02,2011-03-09 09:00:00,0.007282861731887913,core,both,3
2010-03,2011-03,2011-04-11 09:00:00,0.04617046776093385,core,both,3
2010-04,2011-04,2011-05-10 09:00:00,0.055747113423807365,core,both,3
2010-05,2011-05,2011-06-09 09:00:00,0.05992516163655562,core,both,3
2010-06,2011-06,2011-07-12 09:00:00,0.05501457473398369,core,both,3
2010-07,2011-07,2011-08-09 09:00:00,0.004705900427102026,core,both,3
2010-08,2011-08,2011-09-09 09:00:00,0.0300207880796155,core,both,3
2010-09,2011-09,2011-10-10 09:00:00,0.09895809698107753,core,both,3
2010-10,2011-10,2011-11-09 09:00:00,0.18460354485143515,core,both,3
2010-11,2011-11,2011-12-09 09:00:00,0.20148392731841114,core,both,3
2010-12,2011-12,2012-01-09 09:00:00,0.14737139755055,core,both,3
2011-01,2012-01,2012-02-16 09:00:00,0.05498006837354846,core,both,3
2011-02,2012-02,2012-03-09 09:00:00,0.01763264498055329,core,both,3
2011-03,2012-03,2012-04-10 09:00:00,0.053371675950749445,core,both,3
2011-04,2012-04,2012-05-10 09:00:00,0.08890236582833316,core,both,3
2011-05,2012-05,2012-06-11 09:00:00,0.028412828074823097,core,both,3
2011-06,2012-06,2012-07-11 09:00:00,0.10866890275455861,core,both,3
2011-07,2012-07,2012-08-09 09:00:00,-0.020517747054029728,core,both,3
2011-08,2012-08,2012-09-10 09:00:00,-0.10374313955481469,core,both,3
2011-09,2012-09,2012-10-09 09:00:00,-0.03727711046658433,core,both,3
2011-10,2012-10,2012-11-09 09:00:00,0.054319710170585095,core,both,3
2011-11,2012-11,2012-12-10 09:00:00,-0.042954040474859706,core,both,3
2011-12,2012-12,2013-01-09 09:00:00,-0.1065032987062491,core,both,3
2012-01,2013-01,2013-02-11 09:00:00,-0.06591030192636582,core,both,3
2012-02,2013-02,2013-03-11 09:00:00,0.005457677193222828,core,both,3
2012-03,2013-03,2013-04-09 09:00:00,0.011295053477597912,core,both,3
2012-04,2013-04,2013-05-10 09:00:00,0.04636163637908894,core,both,3
2012-05,2013-05,2013-06-10 09:00:00,-0.15351728470669648,core,both,3
2012-06,2013-06,2013-07-09 09:00:00,-0.14186617100886068,core,both,3
2012-07,2013-07,2013-08-09 09:00:00,-0.1712425270492991,core,both,3
2012-08,2013-08,2013-09-09 09:00:00,-0.06455880413448739,core,both,3
2012-09,2013-09,2013-10-09 09:00:00,0.0019798239066277645,core,both,3
2012-10,2013-10,2013-11-11 09:00:00,0.08017048427683271,core,both,3
2012-11,2013-11,2013-12-09 09:00:00,0.05132987305071729,core,both,3
2012-12,2013-12,2014-01-09 09:00:00,0.14626734050329207,core,both,3
2013-01,2014-01,2014-02-12 09:00:00,0.12103827882200209,core,both,3
2013-02,2014-02,2014-03-10 09:00:00,0.09025809102345775,core,both,3
2013-03,2014-03,2014-04-09 09:00:00,0.059918961142716304,core,both,3
2013-04,2014-04,2014-05-12 09:00:00,0.1575097408957778,core,both,3
2013-05,2014-05,2014-06-09 09:00:00,0.08186259958133692,core,both,3
2013-06,2014-06,2014-07-09 09:00:00,0.24413674196705892,core,both,3
2013-07,2014-07,2014-08-11 09:00:00,0.1511075016287274,core,both,3
2013-08,2014-08,2014-09-09 09:00:00,0.17163925813557618,core,both,3
2013-09,2014-09,2014-10-09 09:00:00,0.11360649148821003,core,both,3
2013-10,2014-10,2014-11-10 09:00:00,0.185457138176783,core,both,3
2013-11,2014-11,2014-12-09 09:00:00,0.053879595213793346,core,both,3
2013-12,2014-12,2015-01-09 09:00:00,0.15855325721140082,core,both,3
2014-01,2015-01,2015-02-09 09:00:00,0.15730319198485487,core,both,3
2014-02,2015-02,2015-03-09 09:00:00,0.13392171429873523,core,both,3
2014-03,2015-03,2015-04-09 09:00:00,0.003911627492880196,core,both,3
2014-04,2015-04,2015-05-12 09:00:00,0.004112753606026032,core,both,3
2014-05,2015-05,2015-06-09 09:00:00,-0.02000496505173098,core,both,3
2014-06,2015-06,2015-07-09 09:00:00,0.14332558036858903,core,both,3
2014-07,2015-07,2015-08-10 09:00:00,0.00901692507858412,core,both,3
2014-08,2015-08,2015-09-09 09:00:00,0.045577713525777275,core,both,3
2014-09,2015-09,2015-10-09 09:00:00,0.038022535333882446,core,both,3
2014-10,2015-10,2015-11-09 09:00:00,0.10603289651459445,core,both,3
2014-11,2015-11,2015-12-09 09:00:00,0.07281871346891698,core,both,3
2014-12,2015-12,2016-01-12 09:00:00,0.14721371367643787,core,both,3
2015-01,2016-01,2016-02-12 09:00:00,0.0021869019754275215,core,both,3
2015-02,2016-02,2016-03-09 09:00:00,-0.015117948415536597,core,both,3
2015-03,2016-03,2016-04-11 09:00:00,-0.10352774038093591,core,both,3
2015-04,2016-04,2016-05-10 09:00:00,-0.01756765342424013,core,both,3
2015-05,2016-05,2016-06-09 09:00:00,-0.043227703182987715,core,both,3
2015-06,2016-06,2016-07-12 09:00:00,-0.07892925108571988,core,both,3
2015-07,2016-07,2016-08-09 09:00:00,-0.03349725463704134,core,both,3
2015-08,2016-08,2016-09-09 09:00:00,-0.06877337028993938,core,both,3
2015-09,2016-09,2016-10-10 09:00:00,0.009582356614733573,core,both,3
2015-10,2016-10,2016-11-09 09:00:00,0.0791611963423487,core,both,3
2015-11,2016-11,2016-12-09 09:00:00,0.1015989074533186,core,both,3
2015-12,2016-12,2017-01-10 09:00:00,0.26042525120548515,core,both,3
2016-01,2017-01,2017-02-10 09:00:00,0.17060186858258908,core,both,3
2016-02,2017-02,2017-03-09 09:00:00,0.27637876336882894,core,both,3
2016-03,2017-03,2017-04-10 09:00:00,0.15346574510986408,core,both,3
2016-04,2017-04,2017-05-10 09:00:00,0.11376038682678888,core,both,3
2016-05,2017-05,2017-06-09 09:00:00,0.1025943661971728,core,both,3
2016-06,2017-06,2017-07-12 09:00:00,0.042253958105694794,core,both,3
2016-07,2017-07,2017-08-09 09:00:00,0.11109519259305324,core,both,3
2016-08,2017-08,2017-09-11 09:00:00,0.010869953857218811,core,both,3
2016-09,2017-09,2017-10-09 09:00:00,0.11139688974725759,core,both,3
2016-10,2017-10,2017-11-09 09:00:00,0.09925457110305239,core,both,3
2016-11,2017-11,2017-12-11 09:00:00,0.015293299662208265,core,both,3
2016-12,2017-12,2018-01-10 09:00:00,-0.04759303910484704,core,both,3
2017-01,2018-01,2018-02-14 09:00:00,-0.2229296682611498,core,both,3
2017-02,2018-02,2018-03-09 09:00:00,-0.18361976226220034,core,both,3
2017-03,2018-03,2018-04-10 09:00:00,-0.08486855922246658,core,both,3
2017-04,2018-04,2018-05-10 09:00:00,0.049261576557984466,core,both,3
2017-05,2018-05,2018-06-11 09:00:00,0.05210974358737777,core,both,3
2017-06,2018-06,2018-07-11 09:00:00,0.05353426822120144,core,both,3
2017-07,2018-07,2018-08-09 09:00:00,0.24504038434493572,core,both,3
2017-08,2018-08,2018-09-10 09:00:00,0.18421836839716926,core,both,3
2017-09,2018-09,2018-10-09 09:00:00,0.1397889447810453,core,both,3
2017-10,2018-10,2018-11-09 09:00:00,-0.024410100883684553,core,both,3
2017-11,2018-11,2018-12-10 09:00:00,-0.04514192985397181,core,both,3
2017-12,2018-12,2019-01-10 09:00:00,0.08348523020455889,core,both,3
2018-01,2019-01,2019-02-13 09:00:00,0.17274841655562434,core,both,3
2018-02,2019-02,2019-03-11 09:00:00,0.1387597632579351,core,both,3
2018-03,2019-03,2019-04-10 09:00:00,0.05797468649452667,core,both,3
2018-04,2019-04,2019-05-13 09:00:00,-0.06034046004289448,core,both,3
2018-05,2019-05,2019-06-11 09:00:00,-0.10047423251233162,core,both,3
2018-06,2019-06,2019-07-11 09:00:00,-0.022466463287316996,core,both,3
2018-07,2019-07,2019-08-12 09:00:00,0.1894666899702266,core,both,3
2018-08,2019-08,2019-09-10 09:00:00,0.0281016875406237,core,both,3
2018-09,2019-09,2019-10-10 09:00:00,-0.11234334925915065,core,both,3
2018-10,2019-10,2019-11-11 09:00:00,-0.023001097931042935,core,both,3
2018-11,2019-11,2019-12-10 09:00:00,-0.12372469537442979,core,both,3
2018-12,2019-12,2020-01-13 09:00:00,-0.0004833340049305579,core,both,3
2019-01,2020-01,2020-02-14 09:00:00,0.14167820000376471,core,both,3
2019-02,2020-02,2020-03-10 09:00:00,0.16483744447472565,core,both,3
2019-03,2020-03,2020-04-14 09:00:00,0.11685291376851814,core,both,3
2019-04,2020-04,2020-05-13 09:00:00,-0.046964260894957865,core,both,3
2019-05,2020-05,2020-06-10 09:00:00,0.0073823933483430915,core,both,3
2019-06,2020-06,2020-07-10 09:00:00,0.220860357737457,core,both,3
2019-07,2020-07,2020-08-13 09:00:00,0.498726927466806,core,both,3
2019-08,2020-08,2020-09-10 09:00:00,0.08686681559918336,core,both,3
2019-09,2020-09,2020-10-12 09:00:00,-0.08877817096509727,core,both,3
2019-10,2020-10,2020-11-10 09:00:00,-0.042148038300922765,core,both,3
2019-11,2020-11,2020-12-10 09:00:00,-0.11975728703916501,core,both,3
2019-12,2020-12,2021-01-13 09:00:00,-0.04586240066672573,core,both,3
2020-01,2021-01,2021-02-12 09:00:00,0.09010464745891858,core,both,3
2020-02,2021-02,2021-03-10 09:00:00,-0.08841569222044426,core,both,3
2020-03,2021-03,2021-04-13 09:00:00,-0.18432456099516287,core,both,3
2020-04,2021-04,2021-05-11 09:00:00,-0.13708453011324107,core,both,3
2020-05,2021-05,2021-06-10 09:00:00,0.04790073381649243,core,both,3
2020-06,2021-06,2021-07-13 09:00:00,0.1129316361148131,core,both,3
2020-07,2021-07,2021-08-10 09:00:00,0.43768240411383735,core,both,3
2020-08,2021-08,2021-09-10 09:00:00,0.4901791655969171,core,both,3
2020-09,2021-09,2021-10-11 09:00:00,0.6558189089851227,core,both,3
2020-10,2021-10,2021-11-10 09:00:00,0.8290132595428319,core,both,3
2020-11,2021-11,2021-12-10 09:00:00,0.8492389310252068,core,both,3
2020-12,2021-12,2022-01-12 09:00:00,0.8290846205369077,core,both,3
2021-01,2022-01,2022-02-14 09:00:00,1.0392858635303293,core,both,3
2021-02,2022-02,2022-03-10 09:00:00,0.7317585292195365,core,both,3
2021-03,2022-03,2022-04-11 09:00:00,0.8044328749063412,core,both,3
2021-04,2022-04,2022-05-10 09:00:00,0.8146139388801439,core,both,3
2021-05,2022-05,2022-06-10 09:00:00,1.0656607418454367,core,both,3
2021-06,2022-06,2022-07-13 09:00:00,1.1328087177238553,core,both,3
2021-07,2022-07,2022-08-10 09:00:00,0.894687827311259,core,both,3
2021-08,2022-08,2022-09-12 09:00:00,0.5512915918879304,core,both,3
2021-09,2022-09,2022-10-11 09:00:00,0.287166917327069,core,both,3
2021-10,2022-10,2022-11-10 09:00:00,0.21768750320408037,core,both,3
2021-11,2022-11,2022-12-12 09:00:00,0.032352461383430065,core,both,3
2021-12,2022-12,2023-01-11 09:00:00,-0.2843385330247292,core,both,3
2022-01,2023-01,2023-02-10 09:00:00,-0.3353353471502354,core,both,3
2022-02,2023-02,2023-03-10 09:00:00,-0.5220263165960105,core,both,3
2022-03,2023-03,2023-04-13 09:00:00,-0.38620263581587444,core,both,3
2022-04,2023-04,2023-05-11 09:00:00,-0.5550506174285157,core,both,3
2022-05,2023-05,2023-06-12 09:00:00,-0.8220134630149987,core,both,3
2022-06,2023-06,2023-07-13 09:00:00,-0.9500208678242599,core,both,3
2022-07,2023-07,2023-08-10 09:00:00,-0.8446034954568121,core,both,3
2022-08,2023-08,2023-09-11 09:00:00,-0.7478282787304318,core,both,3
2022-09,2023-09,2023-10-10 09:00:00,-0.7716941155664624,core,both,3
2022-10,2023-10,2023-11-10 09:00:00,-0.8986075946395746,core,both,3
2022-11,2023-11,2023-12-11 09:00:00,-0.8545514061445255,core,both,3
2022-12,2023-12,2024-01-11 09:00:00,-0.7375137584232074,core,both,3
2023-01,2024-01,2024-02-15 09:00:00,-0.6501956208510439,core,both,3
2023-02,2024-02,2024-03-11 09:00:00,-0.5719314273290304,core,both,3
2023-03,2024-03,2024-04-10 09:00:00,-0.44921244059522186,core,both,3
2023-04,2024-04,2024-05-13 09:00:00,-0.4081525031731468,core,both,3
2023-05,2024-05,2024-06-11 09:00:00,-0.310443390193873,core,both,3
2023-06,2024-06,2024-07-10 09:00:00,-0.35767606438771826,core,both,3
2023-07,2024-07,2024-08-12 09:00:00,-0.18587149856101193,core,both,3
2023-08,2024-08,2024-09-10 09:00:00,-0.1909698624837894,core,both,3
2023-09,2024-09,2024-10-10 09:00:00,-0.12938034319986788,core,both,3
2023-10,2024-10,2024-11-11 09:00:00,-0.19080365147177136,core,both,3
2023-11,2024-11,2024-12-10 09:00:00,-0.1291538442461754,core,both,3
2023-12,2024-12,2025-01-13 09:00:00,-0.15578501999703256,core,both,3
2024-01,2025-01,2025-02-12 09:00:00,-0.07179186817826094,core,both,3
2024-02,2025-02,2025-03-11 09:00:00,0.0818085297538853,core,both,3
2024-03,2025-03,2025-04-10 09:00:00,0.05477262430717833,core,both,3
2024-04,2025-04,2025-05-13 09:00:00,-0.06501034770019462,core,both,3
2024-05,2025-05,2025-06-10 09:00:00,-0.0031441769391136465,core,both,3
2024-06,2025-06,2025-07-10 09:00:00,-0.024484907043983983,core,both,3
2024-07,2025-07,2025-08-08 09:00:00,0.11875484994426638,core,both,3
2024-08,2025-08,2025-09-10 09:00:00,0.0158958964867833,core,both,3
2024-09,2025-09,2025-10-10 09:00:00,-0.036049914322341,core,both,3
2024-10,2025-10,2025-11-11 09:00:00,-0.003027215060837326,core,both,3
2024-11,2025-11,2025-12-10 09:00:00,-0.08260573300270341,core,both,3
2024-12,2025-12,2026-01-13 09:00:00,-0.016691977303048056,core,both,3
2025-01,2026-01,2026-02-13 09:00:00,0.01337254813076899,core,both,3
2025-02,2026-02,2026-03-10 09:00:00,0.0783746325193827,core,both,3
2025-03,2026-03,2026-04-14 09:00:00,0.08210437698860007,core,both,3
2025-04,2026-04,2026-05-13 09:00:00,0.09133638950218692,core,both,3
2025-05,2026-05,2026-06-10 09:00:00,0.0974022125356665,core,both,3
2025-06,2026-06,2026-07-10 09:00:00,0.0014558477953313664,core,both,3
