origin,h,model,core_log,core_mm
2019-02,1,CORE_ROBUST_R17,0.18179981724615893,0.18196517330440015
2019-02,2,CORE_ROBUST_R17,0.5383635548921766,0.5398153355951795
2019-02,3,CORE_ROBUST_R17,0.2580327039349837,0.25836589483534694
2019-02,4,CORE_ROBUST_R17,0.3278079243516889,0.3283458021027361
2019-02,5,CORE_ROBUST_R17,0.5938770101498981,0.5956439557619937
2019-02,6,CORE_ROBUST_R17,0.28596752301280537,0.28637680017416034
2019-02,7,CORE_ROBUST_R17,-0.2530634254730138,-0.25274348992331125
2019-02,8,CORE_ROBUST_R17,0.49276745048352777,0.4939835459718608
2019-02,9,CORE_ROBUST_R17,0.1422953834542351,0.1423966713719766
2019-02,10,CORE_ROBUST_R17,0.31223864496246334,0.31272661756700887
2019-02,11,CORE_ROBUST_R17,0.420347988281653,0.42123268961165217
2019-02,12,CORE_ROBUST_R17,0.4339745425159899,0.4349175757149297
2019-02,1,CORE_NEWS_R17,0.18172493815449633,0.18189015798695404
2019-02,2,CORE_NEWS_R17,0.5382846271069579,0.5397359817769882
2019-02,3,CORE_NEWS_R17,0.25794998337386954,0.2582829605868167
2019-02,4,CORE_NEWS_R17,0.3277216434398602,0.32825923792849965
2019-02,5,CORE_NEWS_R17,0.5937873811339998,0.5955537929166855
2019-02,6,CORE_NEWS_R17,0.28587474068132784,0.28628375217877694
2019-02,7,CORE_NEWS_R17,-0.25315918154766176,-0.25283900393498415
2019-02,8,CORE_NEWS_R17,0.4926688868781718,0.49388449552732583
2019-02,9,CORE_NEWS_R17,0.1421941667149495,0.14229531055472047
2019-02,10,CORE_NEWS_R17,0.312134918962139,0.31262256724183574
2019-02,11,CORE_NEWS_R17,0.42024188745629737,0.42112614191146025
2019-02,12,CORE_NEWS_R17,0.4338661927852191,0.4348087548110901
2019-02,1,CORE_FAST_H0_R17,0.1865135254611521,0.18668757012584491
2019-02,2,CORE_FAST_H0_R17,0.5399527698005971,0.5414131420256466
2019-02,3,CORE_FAST_H0_R17,0.25657276303804355,0.25690219263366393
2019-02,4,CORE_FAST_H0_R17,0.32338657570836254,0.32391003420784753
2019-02,5,CORE_FAST_H0_R17,0.5865905563624702,0.5883143676897583
2019-02,6,CORE_FAST_H0_R17,0.275917805110453,0.2762988086245952
2019-02,7,CORE_FAST_H0_R17,-0.2657713756669666,-0.2654185162153744
2019-02,8,CORE_FAST_H0_R17,0.4775076745066168,0.4786495592082417
2019-02,9,CORE_FAST_H0_R17,0.12459016889876362,0.12466781469268841
2019-02,10,CORE_FAST_H0_R17,0.29219330048955916,0.29262060119380007
2019-02,11,CORE_FAST_H0_R17,0.39806594977294757,0.3988592845907655
2019-02,12,CORE_FAST_H0_R17,0.40955678818188124,0.41039661813105244
2019-02,1,CORE_NEWS_H0_R17,0.18172493815449633,0.18189015798695404
2019-02,2,CORE_NEWS_H0_R17,0.5382846271069579,0.5397359817769882
2019-02,3,CORE_NEWS_H0_R17,0.25794998337386954,0.2582829605868167
2019-02,4,CORE_NEWS_H0_R17,0.3277216434398602,0.32825923792849965
2019-02,5,CORE_NEWS_H0_R17,0.5937873811339998,0.5955537929166855
2019-02,6,CORE_NEWS_H0_R17,0.28587474068132784,0.28628375217877694
2019-02,7,CORE_NEWS_H0_R17,-0.25315918154766176,-0.25283900393498415
2019-02,8,CORE_NEWS_H0_R17,0.4926688868781718,0.49388449552732583
2019-02,9,CORE_NEWS_H0_R17,0.1421941667149495,0.14229531055472047
2019-02,10,CORE_NEWS_H0_R17,0.312134918962139,0.31262256724183574
2019-02,11,CORE_NEWS_H0_R17,0.42024188745629737,0.42112614191146025
2019-02,12,CORE_NEWS_H0_R17,0.4338661927852191,0.4348087548110901
2019-03,1,CORE_ROBUST_R17,0.49441912843088426,0.4956433966441656
2019-03,2,CORE_ROBUST_R17,0.21485014480219877,0.21508111310809974
2019-03,3,CORE_ROBUST_R17,0.28503253257278943,0.28543913652198
2019-03,4,CORE_ROBUST_R17,0.5512351420706326,0.5527572384714465
2019-03,5,CORE_ROBUST_R17,0.24324987421894628,0.2435459667583861
2019-03,6,CORE_ROBUST_R17,-0.2960151685291334,-0.29557747561479064
2019-03,7,CORE_ROBUST_R17,0.4494636358115433,0.45047523863890293
2019-03,8,CORE_ROBUST_R17,0.0985533550938053,0.09860193487049572
2019-03,9,CORE_ROBUST_R17,0.2679973170753113,0.2683567509043929
2019-03,10,CORE_ROBUST_R17,0.3755659286259556,0.3762720611807058
2019-03,11,CORE_ROBUST_R17,0.3853220712881103,0.3860653911998031
2019-03,12,CORE_ROBUST_R17,0.14994638149444436,0.15005885729183144
2019-03,1,CORE_NEWS_R17,0.4943680550065351,0.49559207009086836
2019-03,2,CORE_NEWS_R17,0.21479509297585597,0.21502594289086216
2019-03,3,CORE_NEWS_R17,0.28497390592202526,0.2853803425450445
2019-03,4,CORE_NEWS_R17,0.5511732830626463,0.5526950375525544
2019-03,5,CORE_NEWS_R17,0.24318507545238155,0.24348101019808446
2019-03,6,CORE_NEWS_R17,-0.2960826552817217,-0.29564476286903435
2019-03,7,CORE_NEWS_R17,0.44939367929993346,0.45040496701511024
2019-03,8,CORE_NEWS_R17,0.09848111937328557,0.09852962795027359
2019-03,9,CORE_NEWS_R17,0.26792296975605573,0.26828220409679876
2019-03,10,CORE_NEWS_R17,0.3754896182076838,0.3761954636568762
2019-03,11,CORE_NEWS_R17,0.3852439302615993,0.38598694852848037
2019-03,12,CORE_NEWS_R17,0.14986652885876714,0.14997888486213165
2019-03,1,CORE_FAST_H0_R17,0.4877100525173458,0.4889012938078136
2019-03,2,CORE_FAST_H0_R17,0.20630248881823277,0.2065154388178995
2019-03,3,CORE_FAST_H0_R17,0.2746942559393043,0.27507188630767787
2019-03,4,CORE_FAST_H0_R17,0.5391606001540139,0.5406166866231327
2019-03,5,CORE_FAST_H0_R17,0.22949773975047838,0.22976128738662352
2019-03,6,CORE_FAST_H0_R17,-0.3113835283481559,-0.31089923264228486
2019-03,7,CORE_FAST_H0_R17,0.4325418519684556,0.4334786644519961
2019-03,8,CORE_FAST_H0_R17,0.08014141047502504,0.08017353228377344
2019-03,9,CORE_FAST_H0_R17,0.24815819335735867,0.24846636066342578
2019-03,10,CORE_FAST_H0_R17,0.35436176367397754,0.3549903672626865
2019-03,11,CORE_FAST_H0_R17,0.3628137402919588,0.3634727060411005
2019-03,12,CORE_FAST_H0_R17,0.12619319125884867,0.1262728483702088
2019-03,1,CORE_NEWS_H0_R17,0.4943680550065351,0.49559207009086836
2019-03,2,CORE_NEWS_H0_R17,0.21479509297585597,0.21502594289086216
2019-03,3,CORE_NEWS_H0_R17,0.28497390592202526,0.2853803425450445
2019-03,4,CORE_NEWS_H0_R17,0.5511732830626463,0.5526950375525544
2019-03,5,CORE_NEWS_H0_R17,0.24318507545238155,0.24348101019808446
2019-03,6,CORE_NEWS_H0_R17,-0.2960826552817217,-0.29564476286903435
2019-03,7,CORE_NEWS_H0_R17,0.44939367929993346,0.45040496701511024
2019-03,8,CORE_NEWS_H0_R17,0.09848111937328557,0.09852962795027359
2019-03,9,CORE_NEWS_H0_R17,0.26792296975605573,0.26828220409679876
2019-03,10,CORE_NEWS_H0_R17,0.3754896182076838,0.3761954636568762
2019-03,11,CORE_NEWS_H0_R17,0.3852439302615993,0.38598694852848037
2019-03,12,CORE_NEWS_H0_R17,0.14986652885876714,0.14997888486213165
2019-04,1,CORE_ROBUST_R17,0.14013943966578807,0.14023768086473265
2019-04,2,CORE_ROBUST_R17,0.21160158163116688,0.21182561576996964
2019-04,3,CORE_ROBUST_R17,0.4784736008473838,0.4796201136385938
2019-04,4,CORE_ROBUST_R17,0.1706871868148124,0.17083294030924237
2019-04,5,CORE_ROBUST_R17,-0.36873861313578016,-0.36805960715383096
2019-04,6,CORE_ROBUST_R17,0.37630773719797195,0.37701666373288545
2019-04,7,CORE_ROBUST_R17,0.024762837442025315,0.024765903685707306
2019-04,8,CORE_ROBUST_R17,0.1934248811519291,0.1936120677441975
2019-04,9,CORE_ROBUST_R17,0.300107446196308,0.3005582194144881
2019-04,10,CORE_ROBUST_R17,0.30890726535891594,0.3093848755160746
2019-04,11,CORE_ROBUST_R17,0.0400964666432696,0.0401045063509663
2019-04,12,CORE_ROBUST_R17,0.4297224600435831,0.43064709098142645
2019-04,1,CORE_NEWS_R17,0.1413317994374236,0.14143171989266587
2019-04,2,CORE_NEWS_R17,0.21312714850543463,0.2133544258471432
2019-04,3,CORE_NEWS_R17,0.4803013582719029,0.4814566541390511
2019-04,4,CORE_NEWS_R17,0.1727905403042709,0.17293990917773597
2019-04,5,CORE_NEWS_R17,-0.3663826313508688,-0.3657122691349022
2019-04,6,CORE_NEWS_R17,0.37889636549057176,0.37961508521710213
2019-04,7,CORE_NEWS_R17,0.027566599618535914,0.027570399554771606
2019-04,8,CORE_NEWS_R17,0.1964283162794403,0.19662136307545278
2019-04,9,CORE_NEWS_R17,0.303296807236298,0.30375721735475647
2019-04,10,CORE_NEWS_R17,0.3122702453029834,0.3127583167352135
2019-04,11,CORE_NEWS_R17,0.0436219759759888,0.04363149174353403
2019-04,12,CORE_NEWS_R17,0.4334004454393439,0.43434098344429706
2019-04,1,CORE_FAST_H0_R17,0.12514259168300498,0.12522092769810247
2019-04,2,CORE_FAST_H0_R17,0.196639367655016,0.19683282964627138
2019-04,3,CORE_FAST_H0_R17,0.4635897189504772,0.46466595855741655
2019-04,4,CORE_FAST_H0_R17,0.15591406421154289,0.15603567338235866
2019-04,5,CORE_FAST_H0_R17,-0.38337743935541047,-0.3826434862867803
2019-04,6,CORE_FAST_H0_R17,0.361819752586546,0.3624751104196742
2019-04,7,CORE_FAST_H0_R17,0.010436760393391253,0.01043730504217653
2019-04,8,CORE_FAST_H0_R17,0.17926750271594555,0.17942828296482022
2019-04,9,CORE_FAST_H0_R17,0.28612224058474095,0.28653196094135824
2019-04,10,CORE_FAST_H0_R17,0.29509515124446345,0.29553098558913066
2019-04,11,CORE_FAST_H0_R17,0.026456411302211047,0.026459911319358848
2019-04,12,CORE_FAST_H0_R17,0.4162519580181568,0.4171194897692399
2019-04,1,CORE_NEWS_H0_R17,0.1413317994374236,0.14143171989266587
2019-04,2,CORE_NEWS_H0_R17,0.21312714850543463,0.2133544258471432
2019-04,3,CORE_NEWS_H0_R17,0.4803013582719029,0.4814566541390511
2019-04,4,CORE_NEWS_H0_R17,0.1727905403042709,0.17293990917773597
2019-04,5,CORE_NEWS_H0_R17,-0.3663826313508688,-0.3657122691349022
2019-04,6,CORE_NEWS_H0_R17,0.37889636549057176,0.37961508521710213
2019-04,7,CORE_NEWS_H0_R17,0.027566599618535914,0.027570399554771606
2019-04,8,CORE_NEWS_H0_R17,0.1964283162794403,0.19662136307545278
2019-04,9,CORE_NEWS_H0_R17,0.303296807236298,0.30375721735475647
2019-04,10,CORE_NEWS_H0_R17,0.3122702453029834,0.3127583167352135
2019-04,11,CORE_NEWS_H0_R17,0.0436219759759888,0.04363149174353403
2019-04,12,CORE_NEWS_H0_R17,0.4334004454393439,0.43434098344429706
2019-05,1,CORE_ROBUST_R17,0.20216070841534925,0.20236519094671193
2019-05,2,CORE_ROBUST_R17,0.46921196907398,0.47031449214920373
2019-05,3,CORE_ROBUST_R17,0.1615284843289822,0.16165901185548084
2019-05,4,CORE_ROBUST_R17,-0.3778534128645911,-0.3771404451301826
2019-05,5,CORE_ROBUST_R17,0.36719154103538865,0.367866515070758
2019-05,6,CORE_ROBUST_R17,0.015610831425005911,0.015612049978702773
2019-05,7,CORE_ROBUST_R17,0.1842112691793135,0.1843810423688876
2019-05,8,CORE_ROBUST_R17,0.29081323929077035,0.291236511202301
2019-05,9,CORE_ROBUST_R17,0.29951883784701794,0.2999678436919263
2019-05,10,CORE_ROBUST_R17,0.03060440521926175,0.030609088845142303
2019-05,11,CORE_ROBUST_R17,0.42761343641864946,0.4285290072431256
2019-05,12,CORE_ROBUST_R17,0.13959847424808475,0.13969595827494052
2019-05,1,CORE_NEWS_R17,0.20212926094186764,0.20233367983944528
2019-05,2,CORE_NEWS_R17,0.46917455569937905,0.47027690282111184
2019-05,3,CORE_NEWS_R17,0.16148570981639276,0.16161616820320013
2019-05,4,CORE_NEWS_R17,-0.3779010352838097,-0.37718788793470065
2019-05,5,CORE_NEWS_R17,0.3671395092444404,0.36781429188586007
2019-05,6,CORE_NEWS_R17,0.015554767642568718,0.015555977459278038
2019-05,7,CORE_NEWS_R17,0.1841515005342853,0.18432116353970315
2019-05,8,CORE_NEWS_R17,0.29075005144973953,0.29117313935522804
2019-05,9,CORE_NEWS_R17,0.2994524821085517,0.2999012889296636
2019-05,10,CORE_NEWS_R17,0.03053510424924538,0.03053976668675092
2019-05,11,CORE_NEWS_R17,0.42754138889547144,0.4284566510014772
2019-05,12,CORE_NEWS_R17,0.1395238586328518,0.1396212384525852
2019-05,1,CORE_FAST_H0_R17,0.19211466480970968,0.19229932326494112
2019-05,2,CORE_FAST_H0_R17,0.4592242271781601,0.46028027755987794
2019-05,3,CORE_FAST_H0_R17,0.15167594129761708,0.15179102743209702
2019-05,4,CORE_FAST_H0_R17,-0.38751366718262314,-0.3867638018942264
2019-05,5,CORE_FAST_H0_R17,0.35776504082870375,0.35840578384119964
2019-05,6,CORE_FAST_H0_R17,0.006447261491045353,0.00644746933141567
2019-05,7,CORE_FAST_H0_R17,0.17533017409799675,0.17548396731658153
2019-05,8,CORE_FAST_H0_R17,0.2822266481943098,0.28262528252828806
2019-05,9,CORE_FAST_H0_R17,0.2912329478360465,0.29165744297544427
2019-05,10,CORE_FAST_H0_R17,0.02262091907940536,0.02262347780223725
2019-05,11,CORE_FAST_H0_R17,0.4199306242282728,0.42081356835907585
2019-05,12,CORE_FAST_H0_R17,0.13221201452725012,0.13229945314171543
2019-05,1,CORE_NEWS_H0_R17,0.20212926094186764,0.20233367983944528
2019-05,2,CORE_NEWS_H0_R17,0.46917455569937905,0.47027690282111184
2019-05,3,CORE_NEWS_H0_R17,0.16148570981639276,0.16161616820320013
2019-05,4,CORE_NEWS_H0_R17,-0.3779010352838097,-0.37718788793470065
2019-05,5,CORE_NEWS_H0_R17,0.3671395092444404,0.36781429188586007
2019-05,6,CORE_NEWS_H0_R17,0.015554767642568718,0.015555977459278038
2019-05,7,CORE_NEWS_H0_R17,0.1841515005342853,0.18432116353970315
2019-05,8,CORE_NEWS_H0_R17,0.29075005144973953,0.29117313935522804
2019-05,9,CORE_NEWS_H0_R17,0.2994524821085517,0.2999012889296636
2019-05,10,CORE_NEWS_H0_R17,0.03053510424924538,0.03053976668675092
2019-05,11,CORE_NEWS_H0_R17,0.42754138889547144,0.4284566510014772
2019-05,12,CORE_NEWS_H0_R17,0.1395238586328518,0.1396212384525852
2019-06,1,CORE_ROBUST_R17,0.462574431930384,0.4636459590221295
2019-06,2,CORE_ROBUST_R17,0.15498915351100426,0.1551093237751402
2019-06,3,CORE_ROBUST_R17,-0.38434854645917554,-0.3836108728152808
2019-06,4,CORE_ROBUST_R17,0.36069911577427316,0.36135041787974975
2019-06,5,CORE_ROBUST_R17,0.009089555857682008,0.009089968970327066
2019-06,6,CORE_ROBUST_R17,0.17763744724268843,0.17779531602018572
2019-06,7,CORE_ROBUST_R17,0.28416938744058673,0.28457353137148467
2019-06,8,CORE_ROBUST_R17,0.29279236888877563,0.2932214243902371
2019-06,9,CORE_ROBUST_R17,0.02378657905622128,0.023789408287258583
2019-06,10,CORE_ROBUST_R17,0.42069852414933684,0.4215847026679652
2019-06,11,CORE_ROBUST_R17,0.12014484454959284,0.12021704738104995
2019-06,12,CORE_ROBUST_R17,0.20152811437812806,0.2017313187642803
2019-06,1,CORE_NEWS_R17,0.46255340412472745,0.46362483372412294
2019-06,2,CORE_NEWS_R17,0.15496424364395237,0.15508437527366928
2019-06,3,CORE_NEWS_R17,-0.3843768595451539,-0.38363907728519003
2019-06,4,CORE_NEWS_R17,0.3606677974218341,0.3613189863632352
2019-06,5,CORE_NEWS_R17,0.009055564735320598,0.009055974763960686
2019-06,6,CORE_NEWS_R17,0.17760106277547316,0.17775886686972292
2019-06,7,CORE_NEWS_R17,0.28413084592501825,0.28453488018441275
2019-06,8,CORE_NEWS_R17,0.29275187148067794,0.29318080824328674
2019-06,9,CORE_NEWS_R17,0.02374429819294585,0.023747117374556443
2019-06,10,CORE_NEWS_R17,0.4206546087178226,0.421540602105393
2019-06,11,CORE_NEWS_R17,0.12009942404959578,0.1201715722881964
2019-06,12,CORE_NEWS_R17,0.2014813022801476,0.20168441224261618
2019-06,1,CORE_FAST_H0_R17,0.45603322797463125,0.4570746419625334
2019-06,2,CORE_FAST_H0_R17,0.148623699240932,0.14873419899697324
2019-06,3,CORE_FAST_H0_R17,-0.3904549035218333,-0.389693619509307
2019-06,4,CORE_FAST_H0_R17,0.35491260906347355,0.3555431696227956
2019-06,5,CORE_FAST_H0_R17,0.00366587338499913,0.0036659405789585837
2019-06,6,CORE_FAST_H0_R17,0.1726056209192977,0.17275467016461782
2019-06,7,CORE_FAST_H0_R17,0.2795475629574885,0.27993866150784125
2019-06,8,CORE_FAST_H0_R17,0.28859023695272734,0.28900705945027877
2019-06,9,CORE_FAST_H0_R17,0.020007307678888003,0.020009309274177007
2019-06,10,CORE_FAST_H0_R17,0.41734029241399684,0.4182123697670426
2019-06,11,CORE_FAST_H0_R17,0.11720205816311777,0.11727076661525758
2019-06,12,CORE_FAST_H0_R17,0.19899236722425168,0.19919048842888246
2019-06,1,CORE_NEWS_H0_R17,0.46255340412472745,0.46362483372412294
2019-06,2,CORE_NEWS_H0_R17,0.15496424364395237,0.15508437527366928
2019-06,3,CORE_NEWS_H0_R17,-0.3843768595451539,-0.38363907728519003
2019-06,4,CORE_NEWS_H0_R17,0.3606677974218341,0.3613189863632352
2019-06,5,CORE_NEWS_H0_R17,0.009055564735320598,0.009055974763960686
2019-06,6,CORE_NEWS_H0_R17,0.17760106277547316,0.17775886686972292
2019-06,7,CORE_NEWS_H0_R17,0.28413084592501825,0.28453488018441275
2019-06,8,CORE_NEWS_H0_R17,0.29275187148067794,0.29318080824328674
2019-06,9,CORE_NEWS_H0_R17,0.02374429819294585,0.023747117374556443
2019-06,10,CORE_NEWS_H0_R17,0.4206546087178226,0.421540602105393
2019-06,11,CORE_NEWS_H0_R17,0.12009942404959578,0.1201715722881964
2019-06,12,CORE_NEWS_H0_R17,0.2014813022801476,0.20168441224261618
2019-07,1,CORE_ROBUST_R17,0.19091018443428304,0.19109253394968853
2019-07,2,CORE_ROBUST_R17,-0.3490515931955953,-0.3484431162940224
2019-07,3,CORE_ROBUST_R17,0.395663158143379,0.3964469381856377
2019-07,4,CORE_ROBUST_R17,0.04394530318282852,0.04395496054578833
2019-07,5,CORE_ROBUST_R17,0.21255669052070672,0.21278275239563724
2019-07,6,CORE_ROBUST_R17,0.3192820528695397,0.3197923009149233
2019-07,7,CORE_ROBUST_R17,0.3281952661576818,0.32873441648192125
2019-07,8,CORE_ROBUST_R17,0.059550381210335096,0.059568115970044216
2019-07,9,CORE_ROBUST_R17,0.4568733336541997,0.45791859109715616
2019-07,10,CORE_ROBUST_R17,0.1567646292055086,0.15688756918409888
2019-07,11,CORE_ROBUST_R17,0.2444719060016097,0.24477098223519267
2019-07,12,CORE_ROBUST_R17,0.50393015447039,0.5052020180104674
2019-07,1,CORE_NEWS_R17,0.19088330449784152,0.1910656026513149
2019-07,2,CORE_NEWS_R17,-0.34908371381883474,-0.3484751249900206
2019-07,3,CORE_NEWS_R17,0.39562638379478554,0.3964100180530538
2019-07,4,CORE_NEWS_R17,0.043904367736831984,0.0439140071150149
2019-07,5,CORE_NEWS_R17,0.2125120099855238,0.21273797679798476
2019-07,6,CORE_NEWS_R17,0.3192339808623069,0.31974407518870396
2019-07,7,CORE_NEWS_R17,0.3281441053421435,0.3286830874963048
2019-07,8,CORE_NEWS_R17,0.05949639249901997,0.059514095113253514
2019-07,9,CORE_NEWS_R17,0.45681674361958735,0.45786174194234014
2019-07,10,CORE_NEWS_R17,0.15670563605591648,0.15682848349901662
2019-07,11,CORE_NEWS_R17,0.2444106844065089,0.24470961080617853
2019-07,12,CORE_NEWS_R17,0.5038668594630336,0.505138403255589
2019-07,1,CORE_FAST_H0_R17,0.1914111339165946,0.1915944419662114
2019-07,2,CORE_FAST_H0_R17,-0.34928763289973164,-0.34867833325645514
2019-07,3,CORE_FAST_H0_R17,0.39478374844272646,0.39556404597427847
2019-07,4,CORE_FAST_H0_R17,0.04250010776997307,0.042509140345348126
2019-07,5,CORE_FAST_H0_R17,0.21061033130884846,0.21083227064882865
2019-07,6,CORE_FAST_H0_R17,0.3168886541507007,0.31739127702440334
2019-07,7,CORE_FAST_H0_R17,0.3254004327888687,0.3259304347174331
2019-07,8,CORE_FAST_H0_R17,0.05639278722937266,0.056408690951006944
2019-07,9,CORE_FAST_H0_R17,0.4533859989359562,0.45441534831016006
2019-07,10,CORE_FAST_H0_R17,0.15297594626225683,0.15309301415055693
2019-07,11,CORE_FAST_H0_R17,0.24040646662492698,0.24069567468275577
2019-07,12,CORE_FAST_H0_R17,0.49960941598620945,0.5008595448824011
2019-07,1,CORE_NEWS_H0_R17,0.19088330449784152,0.1910656026513149
2019-07,2,CORE_NEWS_H0_R17,-0.34908371381883474,-0.3484751249900206
2019-07,3,CORE_NEWS_H0_R17,0.39562638379478554,0.3964100180530538
2019-07,4,CORE_NEWS_H0_R17,0.043904367736831984,0.0439140071150149
2019-07,5,CORE_NEWS_H0_R17,0.2125120099855238,0.21273797679798476
2019-07,6,CORE_NEWS_H0_R17,0.3192339808623069,0.31974407518870396
2019-07,7,CORE_NEWS_H0_R17,0.3281441053421435,0.3286830874963048
2019-07,8,CORE_NEWS_H0_R17,0.05949639249901997,0.059514095113253514
2019-07,9,CORE_NEWS_H0_R17,0.45681674361958735,0.45786174194234014
2019-07,10,CORE_NEWS_H0_R17,0.15670563605591648,0.15682848349901662
2019-07,11,CORE_NEWS_H0_R17,0.2444106844065089,0.24470961080617853
2019-07,12,CORE_NEWS_H0_R17,0.5038668594630336,0.505138403255589
2019-08,1,CORE_ROBUST_R17,-0.20479751302418975,-0.2045879460045791
2019-08,2,CORE_ROBUST_R17,0.5374462383591145,0.538893071476843
2019-08,3,CORE_ROBUST_R17,0.18442089105504514,0.1845910509677307
2019-08,4,CORE_ROBUST_R17,0.3526221267580744,0.3532445699886175
2019-08,5,CORE_ROBUST_R17,0.4596234179269961,0.4606813065054354
2019-08,6,CORE_ROBUST_R17,0.46933122189277876,0.47043430590273216
2019-08,7,CORE_ROBUST_R17,0.20186716472803556,0.20207105366086578
2019-08,8,CORE_ROBUST_R17,0.6006526768764493,0.6024602122586681
2019-08,9,CORE_ROBUST_R17,0.3022060227959409,0.30266312554503844
2019-08,10,CORE_ROBUST_R17,0.3917103423609041,0.3924785300184701
2019-08,11,CORE_ROBUST_R17,0.7059848331684938,0.7084827810094481
2019-08,12,CORE_ROBUST_R17,0.34602641647526666,0.346625778997922
2019-08,1,CORE_NEWS_R17,-0.20485422927735897,-0.20464454620708014
2019-08,2,CORE_NEWS_R17,0.5373895965972042,0.53883612449253
2019-08,3,CORE_NEWS_R17,0.184364149163629,0.18453420435198878
2019-08,4,CORE_NEWS_R17,0.35256515302666636,0.35318739501688434
2019-08,5,CORE_NEWS_R17,0.45956611457402663,0.4606237391831248
2019-08,6,CORE_NEWS_R17,0.46927351790047056,0.4703763304677755
2019-08,7,CORE_NEWS_R17,0.20180901012927138,0.20201278156543515
2019-08,8,CORE_NEWS_R17,0.6005940382022846,0.6024012203271187
2019-08,9,CORE_NEWS_R17,0.3021468794507317,0.3026038032122747
2019-08,10,CORE_NEWS_R17,0.3916506837386715,0.39241863726681936
2019-08,11,CORE_NEWS_R17,0.7059246563614642,0.7084221778783371
2019-08,12,CORE_NEWS_R17,0.34596572445537993,0.34656487662233004
2019-08,1,CORE_FAST_H0_R17,-0.16957631829154302,-0.16943261889111114
2019-08,2,CORE_FAST_H0_R17,0.5676478948892976,0.5692620683807669
2019-08,3,CORE_FAST_H0_R17,0.2098865196872501,0.21010693562378605
2019-08,4,CORE_FAST_H0_R17,0.3736145556026903,0.37431336479674304
2019-08,5,CORE_FAST_H0_R17,0.47638712834579433,0.47752365586630474
2019-08,6,CORE_FAST_H0_R17,0.4820943069049638,0.48325825119341764
2019-08,7,CORE_FAST_H0_R17,0.21084298128226892,0.21106541139467153
2019-08,8,CORE_FAST_H0_R17,0.6060412489382934,0.6078813943840347
2019-08,9,CORE_FAST_H0_R17,0.30419524102414675,0.30465838424826686
2019-08,10,CORE_FAST_H0_R17,0.39047699719445916,0.39124035187256656
2019-08,11,CORE_FAST_H0_R17,0.701695510974975,0.7041631623486094
2019-08,12,CORE_FAST_H0_R17,0.33883828266430305,0.33941298849776286
2019-08,1,CORE_NEWS_H0_R17,-0.20485422927735897,-0.20464454620708014
2019-08,2,CORE_NEWS_H0_R17,0.5373895965972042,0.53883612449253
2019-08,3,CORE_NEWS_H0_R17,0.184364149163629,0.18453420435198878
2019-08,4,CORE_NEWS_H0_R17,0.35256515302666636,0.35318739501688434
2019-08,5,CORE_NEWS_H0_R17,0.45956611457402663,0.4606237391831248
2019-08,6,CORE_NEWS_H0_R17,0.46927351790047056,0.4703763304677755
2019-08,7,CORE_NEWS_H0_R17,0.20180901012927138,0.20201278156543515
2019-08,8,CORE_NEWS_H0_R17,0.6005940382022846,0.6024012203271187
2019-08,9,CORE_NEWS_H0_R17,0.3021468794507317,0.3026038032122747
2019-08,10,CORE_NEWS_H0_R17,0.3916506837386715,0.39241863726681936
2019-08,11,CORE_NEWS_H0_R17,0.7059246563614642,0.7084221778783371
2019-08,12,CORE_NEWS_H0_R17,0.34596572445537993,0.34656487662233004
2019-09,1,CORE_ROBUST_R17,0.4908247599132332,0.49203127779312605
2019-09,2,CORE_ROBUST_R17,0.13859728236578567,0.13869337278695795
2019-09,3,CORE_ROBUST_R17,0.30720982031191824,0.30768219328191976
2019-09,4,CORE_ROBUST_R17,0.4143245093912381,0.4151840200310955
2019-09,5,CORE_ROBUST_R17,0.42391816999545895,0.42481797409812005
2019-09,6,CORE_ROBUST_R17,0.1561681795360801,0.15629018554083074
2019-09,7,CORE_ROBUST_R17,0.5545400573736684,0.5560804768478496
2019-09,8,CORE_ROBUST_R17,0.25558685255313834,0.2559137541956727
2019-09,9,CORE_ROBUST_R17,0.34451907039929125,0.34511321947165063
2019-09,10,CORE_ROBUST_R17,0.6581773617613794,0.6603481088009915
2019-09,11,CORE_ROBUST_R17,0.28013962523422686,0.28053238295339095
2019-09,12,CORE_ROBUST_R17,-0.24142123460832515,-0.24113004792169307
2019-09,1,CORE_NEWS_R17,0.4909340776939481,0.49214113351156025
2019-09,2,CORE_NEWS_R17,0.1387040124607678,0.1388002509665442
2019-09,3,CORE_NEWS_R17,0.3073150946299913,0.3077877915659076
2019-09,4,CORE_NEWS_R17,0.4144292027408773,0.41528914810582357
2019-09,5,CORE_NEWS_R17,0.42402295304078974,0.4249232023357917
2019-09,6,CORE_NEWS_R17,0.15627356108488083,0.1563957318462628
2019-09,7,CORE_NEWS_R17,0.5546464181348161,0.5561874291173027
2019-09,8,CORE_NEWS_R17,0.2556944720732559,0.2560216491870024
2019-09,9,CORE_NEWS_R17,0.3446281485462225,0.345222674121382
2019-09,10,CORE_NEWS_R17,0.6582880358484174,0.6604595137839185
2019-09,11,CORE_NEWS_R17,0.2802519836600734,0.2806450566443063
2019-09,12,CORE_NEWS_R17,-0.24130714150404492,-0.24101622986524066
2019-09,1,CORE_FAST_H0_R17,0.5014736566670446,0.5027331402547351
2019-09,2,CORE_FAST_H0_R17,0.14623050993144776,0.1463374788756783
2019-09,3,CORE_FAST_H0_R17,0.31197312862004833,0.3124602712379138
2019-09,4,CORE_FAST_H0_R17,0.4163573675816808,0.41722533907238524
2019-09,5,CORE_FAST_H0_R17,0.4233538791156729,0.42425128760813197
2019-09,6,CORE_FAST_H0_R17,0.1531340198728362,0.15325132988591894
2019-09,7,CORE_FAST_H0_R17,0.5491574606327472,0.5506680942019775
2019-09,8,CORE_FAST_H0_R17,0.2479715912017098,0.24827929503872617
2019-09,9,CORE_FAST_H0_R17,0.3347814581585095,0.3353424771699849
2019-09,10,CORE_FAST_H0_R17,0.6464224605682152,0.6485162797636373
2019-09,11,CORE_FAST_H0_R17,0.2664674550503019,0.26682279512509327
2019-09,12,CORE_FAST_H0_R17,-0.256915485922271,-0.25658574053717176
2019-09,1,CORE_NEWS_H0_R17,0.4909340776939481,0.49214113351156025
2019-09,2,CORE_NEWS_H0_R17,0.1387040124607678,0.1388002509665442
2019-09,3,CORE_NEWS_H0_R17,0.3073150946299913,0.3077877915659076
2019-09,4,CORE_NEWS_H0_R17,0.4144292027408773,0.41528914810582357
2019-09,5,CORE_NEWS_H0_R17,0.42402295304078974,0.4249232023357917
2019-09,6,CORE_NEWS_H0_R17,0.15627356108488083,0.1563957318462628
2019-09,7,CORE_NEWS_H0_R17,0.5546464181348161,0.5561874291173027
2019-09,8,CORE_NEWS_H0_R17,0.2556944720732559,0.2560216491870024
2019-09,9,CORE_NEWS_H0_R17,0.3446281485462225,0.345222674121382
2019-09,10,CORE_NEWS_H0_R17,0.6582880358484174,0.6604595137839185
2019-09,11,CORE_NEWS_H0_R17,0.2802519836600734,0.2806450566443063
2019-09,12,CORE_NEWS_H0_R17,-0.24130714150404492,-0.24101622986524066
2019-10,1,CORE_ROBUST_R17,0.009396252298846025,0.009396693760459185
2019-10,2,CORE_ROBUST_R17,0.18015704180769554,0.18031942210479845
2019-10,3,CORE_ROBUST_R17,0.28838973892227177,0.28880598216793923
2019-10,4,CORE_ROBUST_R17,0.2983072424005264,0.2987526212105046
2019-10,5,CORE_ROBUST_R17,0.030274290863911868,0.030278873989839722
2019-10,6,CORE_ROBUST_R17,0.4279048662320721,0.4288216863443113
2019-10,7,CORE_ROBUST_R17,0.127869432508742,0.12795122032441616
2019-10,8,CORE_ROBUST_R17,0.2154711396517601,0.21570344553262
2019-10,9,CORE_ROBUST_R17,0.5276235312494905,0.5290179154909384
2019-10,10,CORE_ROBUST_R17,0.1479616582690942,0.14807117553854482
2019-10,11,CORE_ROBUST_R17,-0.4312643631220844,-0.4303357537676101
2019-10,12,CORE_ROBUST_R17,0.3686732610308241,0.3693536968358114
2019-10,1,CORE_NEWS_R17,0.009418687838925854,0.009419131411255013
2019-10,2,CORE_NEWS_R17,0.18018513312369577,0.1803475640788501
2019-10,3,CORE_NEWS_R17,0.288423327399501,0.28883966765635716
2019-10,4,CORE_NEWS_R17,0.2983461525202069,0.2987916475827802
2019-10,5,CORE_NEWS_R17,0.03031833601534789,0.030322932487354466
2019-10,6,CORE_NEWS_R17,0.4279538532408175,0.42887088343202384
2019-10,7,CORE_NEWS_R17,0.12792316514364446,0.12800502172533515
2019-10,8,CORE_NEWS_R17,0.21552942132088243,0.21576185293433114
2019-10,9,CORE_NEWS_R17,0.5276861670526181,0.529080882668406
2019-10,10,CORE_NEWS_R17,0.14802845654072405,0.1481380727415038
2019-10,11,CORE_NEWS_R17,-0.4311935896724196,-0.4302652848564667
2019-10,12,CORE_NEWS_R17,0.3687478275659881,0.3694285388131331
2019-10,1,CORE_FAST_H0_R17,-0.10200399607574537,-0.1019519896840372
2019-10,2,CORE_FAST_H0_R17,0.07317096669341303,0.07319774317571935
2019-10,3,CORE_FAST_H0_R17,0.18510108091949168,0.18527249871936324
2019-10,4,CORE_FAST_H0_R17,0.1981342926650408,0.19833070835554834
2019-10,5,CORE_FAST_H0_R17,-0.06725620640855032,-0.06723359449163792
2019-10,6,CORE_FAST_H0_R17,0.3326307224867571,0.33318455237366584
2019-10,7,CORE_FAST_H0_R17,0.034535643564036905,0.034541607803995275
2019-10,8,CORE_FAST_H0_R17,0.1238181429274904,0.123894829237336
2019-10,9,CORE_FAST_H0_R17,0.4374372512625191,0.4383954046035885
2019-10,10,CORE_FAST_H0_R17,0.059064730484864124,0.059082177131569574
2019-10,11,CORE_FAST_H0_R17,-0.519019629271864,-0.5176750496105834
2019-10,12,CORE_FAST_H0_R17,0.28193599506724953,0.28233380836559574
2019-10,1,CORE_NEWS_H0_R17,0.009418687838925854,0.009419131411255013
2019-10,2,CORE_NEWS_H0_R17,0.18018513312369577,0.1803475640788501
2019-10,3,CORE_NEWS_H0_R17,0.288423327399501,0.28883966765635716
2019-10,4,CORE_NEWS_H0_R17,0.2983461525202069,0.2987916475827802
2019-10,5,CORE_NEWS_H0_R17,0.03031833601534789,0.030322932487354466
2019-10,6,CORE_NEWS_H0_R17,0.4279538532408175,0.42887088343202384
2019-10,7,CORE_NEWS_H0_R17,0.12792316514364446,0.12800502172533515
2019-10,8,CORE_NEWS_H0_R17,0.21552942132088243,0.21576185293433114
2019-10,9,CORE_NEWS_H0_R17,0.5276861670526181,0.529080882668406
2019-10,10,CORE_NEWS_H0_R17,0.14802845654072405,0.1481380727415038
2019-10,11,CORE_NEWS_H0_R17,-0.4311935896724196,-0.4302652848564667
2019-10,12,CORE_NEWS_H0_R17,0.3687478275659881,0.3694285388131331
2019-11,1,CORE_ROBUST_R17,0.2610164033868952,0.26135734777680714
2019-11,2,CORE_ROBUST_R17,0.367915369322652,0.3685930087091969
2019-11,3,CORE_ROBUST_R17,0.3771485891928164,0.3778606894283662
2019-11,4,CORE_ROBUST_R17,0.1089317770379466,0.10899112924737217
2019-11,5,CORE_ROBUST_R17,0.5067606518663088,0.5080468553976841
2019-11,6,CORE_ROBUST_R17,0.20721197626820603,0.20742680864426188
2019-11,7,CORE_ROBUST_R17,0.2955148025406186,0.2959518779680369
2019-11,8,CORE_ROBUST_R17,0.6085242164396165,0.610379486396105
2019-11,9,CORE_ROBUST_R17,0.22982928194809854,0.23009359189072967
2019-11,10,CORE_ROBUST_R17,-0.34835593403650633,-0.34774987870010354
2019-11,11,CORE_ROBUST_R17,0.4884232421694905,0.48961797280903213
2019-11,12,CORE_ROBUST_R17,0.1013146435645916,0.10136598418665346
2019-11,1,CORE_NEWS_R17,0.26112859198290633,0.26146982964905324
2019-11,2,CORE_NEWS_R17,0.3680310849041116,0.368709150877397
2019-11,3,CORE_NEWS_R17,0.3772682924888076,0.377980845107972
2019-11,4,CORE_NEWS_R17,0.10905577832542723,0.1091152657622217
2019-11,5,CORE_NEWS_R17,0.5068891439758518,0.5081760003903196
2019-11,6,CORE_NEWS_R17,0.2073450608428266,0.20756016936070965
2019-11,7,CORE_NEWS_R17,0.2956525109043572,0.2960899939773627
2019-11,8,CORE_NEWS_R17,0.6086665261608526,0.6105226648485651
2019-11,9,CORE_NEWS_R17,0.22997612996522587,0.2302407779038041
2019-11,10,CORE_NEWS_R17,-0.34820464103326765,-0.3475991117040502
2019-11,11,CORE_NEWS_R17,0.48857886479354684,0.48977435751111065
2019-11,12,CORE_NEWS_R17,0.10147446483563402,0.10152596758994394
2019-11,1,CORE_FAST_H0_R17,0.2039268636713834,0.20413493591437826
2019-11,2,CORE_FAST_H0_R17,0.3108791791332499,0.3113629095958837
2019-11,3,CORE_FAST_H0_R17,0.31993015186742924,0.32044247459039255
2019-11,4,CORE_FAST_H0_R17,0.05135386158474231,0.0513670499377202
2019-11,5,CORE_FAST_H0_R17,0.44869215751277314,0.4497002880107172
2019-11,6,CORE_FAST_H0_R17,0.14855817221623158,0.14866857453267837
2019-11,7,CORE_FAST_H0_R17,0.23620954648062803,0.23648874101464043
2019-11,8,CORE_FAST_H0_R17,0.548523754736411,0.5500309007084276
2019-11,9,CORE_FAST_H0_R17,0.1691073138953596,0.16925038094767442
2019-11,10,CORE_FAST_H0_R17,-0.40981218191208574,-0.4089735977210315
2019-11,11,CORE_FAST_H0_R17,0.4262303494295858,0.4271400029307096
2019-11,12,CORE_FAST_H0_R17,0.03839067497747631,0.038398045140224005
2019-11,1,CORE_NEWS_H0_R17,0.26112859198290633,0.26146982964905324
2019-11,2,CORE_NEWS_H0_R17,0.3680310849041116,0.368709150877397
2019-11,3,CORE_NEWS_H0_R17,0.3772682924888076,0.377980845107972
2019-11,4,CORE_NEWS_H0_R17,0.10905577832542723,0.1091152657622217
2019-11,5,CORE_NEWS_H0_R17,0.5068891439758518,0.5081760003903196
2019-11,6,CORE_NEWS_H0_R17,0.2073450608428266,0.20756016936070965
2019-11,7,CORE_NEWS_H0_R17,0.2956525109043572,0.2960899939773627
2019-11,8,CORE_NEWS_H0_R17,0.6086665261608526,0.6105226648485651
2019-11,9,CORE_NEWS_H0_R17,0.22997612996522587,0.2302407779038041
2019-11,10,CORE_NEWS_H0_R17,-0.34820464103326765,-0.3475991117040502
2019-11,11,CORE_NEWS_H0_R17,0.48857886479354684,0.48977435751111065
2019-11,12,CORE_NEWS_H0_R17,0.10147446483563402,0.10152596758994394
2019-12,1,CORE_ROBUST_R17,0.33639205118174015,0.3369584842093701
2019-12,2,CORE_ROBUST_R17,0.34606472266972477,0.34666421797888736
2019-12,3,CORE_ROBUST_R17,0.07805593083922752,0.07808640240869674
2019-12,4,CORE_ROBUST_R17,0.4759148580056983,0.47704913144413513
2019-12,5,CORE_ROBUST_R17,0.17626067855276265,0.17641610899428387
2019-12,6,CORE_ROBUST_R17,0.2643560333022549,0.26470576197234913
2019-12,7,CORE_ROBUST_R17,0.5770825549658153,0.5787508840100923
2019-12,8,CORE_ROBUST_R17,0.19805023741970118,0.1982464864382417
2019-12,9,CORE_ROBUST_R17,-0.38051040081151444,-0.3797873773364453
2019-12,10,CORE_ROBUST_R17,0.45586819758440666,0.456908857397041
2019-12,11,CORE_ROBUST_R17,0.055950713347936026,0.0559663686791771
2019-12,12,CORE_ROBUST_R17,0.2369098317252193,0.23719068481279168
2019-12,1,CORE_NEWS_R17,0.33634371768083027,0.33690998785634824
2019-12,2,CORE_NEWS_R17,0.3460185354410843,0.3466178706463552
2019-12,3,CORE_NEWS_R17,0.07801200804967728,0.07804244533107389
2019-12,4,CORE_NEWS_R17,0.4758732668176311,0.47700734185435684
2019-12,5,CORE_NEWS_R17,0.1762214466935821,0.17637680793149313
2019-12,6,CORE_NEWS_R17,0.264319158251499,0.26466878931802595
2019-12,7,CORE_NEWS_R17,0.5770480112398486,0.578716140368007
2019-12,8,CORE_NEWS_R17,0.1980179823377129,0.19821416741689896
2019-12,9,CORE_NEWS_R17,-0.3805404225733803,-0.3798172850749597
2019-12,10,CORE_NEWS_R17,0.4558403447633315,0.456880877317856
2019-12,11,CORE_NEWS_R17,0.05592495884995152,0.05594059977065363
2019-12,12,CORE_NEWS_R17,0.23688610089764245,0.23716689770072485
2019-12,1,CORE_FAST_H0_R17,0.301749746123112,0.30220546893506145
2019-12,2,CORE_FAST_H0_R17,0.3111630554777328,0.31164767023019624
2019-12,3,CORE_FAST_H0_R17,0.04287663449139914,0.04288582783421073
2019-12,4,CORE_FAST_H0_R17,0.4404468258565125,0.4414182185209918
2019-12,5,CORE_FAST_H0_R17,0.14049835690963705,0.14059710209081264
2019-12,6,CORE_FAST_H0_R17,0.22829814425376632,0.22855894289550435
2019-12,7,CORE_FAST_H0_R17,0.5407310829733356,0.5421956721334519
2019-12,8,CORE_FAST_H0_R17,0.1614096265033132,0.16153996195617543
2019-12,9,CORE_FAST_H0_R17,-0.4174338818073089,-0.4165638376196581
2019-12,10,CORE_FAST_H0_R17,0.41866943953182123,0.4195470844126671
2019-12,11,CORE_FAST_H0_R17,0.018485201706315346,0.01848691032500488
2019-12,12,CORE_FAST_H0_R17,0.199186711865948,0.19938522037584533
2019-12,1,CORE_NEWS_H0_R17,0.33634371768083027,0.33690998785634824
2019-12,2,CORE_NEWS_H0_R17,0.3460185354410843,0.3466178706463552
2019-12,3,CORE_NEWS_H0_R17,0.07801200804967728,0.07804244533107389
2019-12,4,CORE_NEWS_H0_R17,0.4758732668176311,0.47700734185435684
2019-12,5,CORE_NEWS_H0_R17,0.1762214466935821,0.17637680793149313
2019-12,6,CORE_NEWS_H0_R17,0.264319158251499,0.26466878931802595
2019-12,7,CORE_NEWS_H0_R17,0.5770480112398486,0.578716140368007
2019-12,8,CORE_NEWS_H0_R17,0.1980179823377129,0.19821416741689896
2019-12,9,CORE_NEWS_H0_R17,-0.3805404225733803,-0.3798172850749597
2019-12,10,CORE_NEWS_H0_R17,0.4558403447633315,0.456880877317856
2019-12,11,CORE_NEWS_H0_R17,0.05592495884995152,0.05594059977065363
2019-12,12,CORE_NEWS_H0_R17,0.23688610089764245,0.23716689770072485
2020-01,1,CORE_ROBUST_R17,0.2991746663805006,0.29962264041572817
2020-01,2,CORE_ROBUST_R17,0.031952743620836194,0.0319578490537215
2020-01,3,CORE_ROBUST_R17,0.43022624611436666,0.43115304786673775
2020-01,4,CORE_ROBUST_R17,0.1306995529899524,0.1307850020788487
2020-01,5,CORE_ROBUST_R17,0.21870293156579182,0.21894226086876692
2020-01,6,CORE_ROBUST_R17,0.5311716053157833,0.532584822782579
2020-01,7,CORE_ROBUST_R17,0.1517579558129002,0.15187316647173849
2020-01,8,CORE_ROBUST_R17,-0.4272740489283492,-0.42636253205105035
2020-01,9,CORE_ROBUST_R17,0.4085694703621574,0.40940525328635524
2020-01,10,CORE_ROBUST_R17,0.008073836238837007,0.008074162181767038
2020-01,11,CORE_ROBUST_R17,0.18602966039372032,0.18620280291528657
2020-01,12,CORE_ROBUST_R17,0.2944931950245672,0.294927252219192
2020-01,1,CORE_NEWS_R17,0.2991467970977504,0.2995946876341922
2020-01,2,CORE_NEWS_R17,0.031926403708161744,0.031931500726847584
2020-01,3,CORE_NEWS_R17,0.43020168435718464,0.4311283802138204
2020-01,4,CORE_NEWS_R17,0.1306769406836247,0.1307623602015756
2020-01,5,CORE_NEWS_R17,0.2186823794002848,0.21892166370800062
2020-01,6,CORE_NEWS_R17,0.5311531768140634,0.5325662961351628
2020-01,7,CORE_NEWS_R17,0.15174167801578353,0.15185686395434275
2020-01,8,CORE_NEWS_R17,-0.4272881769768878,-0.4263765998618897
2020-01,9,CORE_NEWS_R17,0.4085574698381315,0.40939320363227666
2020-01,10,CORE_NEWS_R17,0.008063925073789308,0.008064250216966997
2020-01,11,CORE_NEWS_R17,0.18602178868825464,0.1861949165527951
2020-01,12,CORE_NEWS_R17,0.2944873044605467,0.29492134428246697
2020-01,1,CORE_FAST_H0_R17,0.273635269249778,0.27400999226615724
2020-01,2,CORE_FAST_H0_R17,0.0067657611738590195,0.006765990056642186
2020-01,3,CORE_FAST_H0_R17,0.40546948286730417,0.4062926225256783
2020-01,4,CORE_FAST_H0_R17,0.10642783818309412,0.10648449270374025
2020-01,5,CORE_FAST_H0_R17,0.19495308493735572,0.19514324201627423
2020-01,6,CORE_FAST_H0_R17,0.507966391185031,0.5092587277430953
2020-01,7,CORE_FAST_H0_R17,0.12910922873749314,0.1291926105829104
2020-01,8,CORE_FAST_H0_R17,-0.4493628443551412,-0.4483547201362238
2020-01,9,CORE_FAST_H0_R17,0.38703762515837914,0.38778758300235433
2020-01,10,CORE_FAST_H0_R17,-0.01290889412761459,-0.012908060965727646
2020-01,11,CORE_FAST_H0_R17,0.1655845988230999,0.16572176581862863
2020-01,12,CORE_FAST_H0_R17,0.2745717265702831,0.2749490199700838
2020-01,1,CORE_NEWS_H0_R17,0.2991467970977504,0.2995946876341922
2020-01,2,CORE_NEWS_H0_R17,0.031926403708161744,0.031931500726847584
2020-01,3,CORE_NEWS_H0_R17,0.43020168435718464,0.4311283802138204
2020-01,4,CORE_NEWS_H0_R17,0.1306769406836247,0.1307623602015756
2020-01,5,CORE_NEWS_H0_R17,0.2186823794002848,0.21892166370800062
2020-01,6,CORE_NEWS_H0_R17,0.5311531768140634,0.5325662961351628
2020-01,7,CORE_NEWS_H0_R17,0.15174167801578353,0.15185686395434275
2020-01,8,CORE_NEWS_H0_R17,-0.4272881769768878,-0.4263765998618897
2020-01,9,CORE_NEWS_H0_R17,0.4085574698381315,0.40939320363227666
2020-01,10,CORE_NEWS_H0_R17,0.008063925073789308,0.008064250216966997
2020-01,11,CORE_NEWS_H0_R17,0.18602178868825464,0.1861949165527951
2020-01,12,CORE_NEWS_H0_R17,0.2944873044605467,0.29492134428246697
2020-02,1,CORE_ROBUST_R17,0.14635457877559296,0.14646172935612015
2020-02,2,CORE_ROBUST_R17,0.5426179443216095,0.544092781860154
2020-02,3,CORE_ROBUST_R17,0.24204516211743599,0.24233832790344187
2020-02,4,CORE_ROBUST_R17,0.32974558888380723,0.3302898477094847
2020-02,5,CORE_ROBUST_R17,0.6424791246678467,0.6445474489406687
2020-02,6,CORE_ROBUST_R17,0.26375922709974287,0.26410737777502996
2020-02,7,CORE_ROBUST_R17,-0.3142600069015188,-0.31376672700427033
2020-02,8,CORE_ROBUST_R17,0.5228286097135338,0.5241977435236782
2020-02,9,CORE_ROBUST_R17,0.12374219014577853,0.12381878238293478
2020-02,10,CORE_ROBUST_R17,0.3032178658062456,0.3036780361656662
2020-02,11,CORE_ROBUST_R17,0.5131818514814419,0.5145008849263828
2020-02,12,CORE_ROBUST_R17,0.42314794950359336,0.424044484549956
2020-02,1,CORE_NEWS_R17,0.15175834952870795,0.15187356078549566
2020-02,2,CORE_NEWS_R17,0.5483032106009883,0.5498091437566464
2020-02,3,CORE_NEWS_R17,0.2479808209474847,0.24828854770047576
2020-02,4,CORE_NEWS_R17,0.33590549807756775,0.33647029281088914
2020-02,5,CORE_NEWS_R17,0.6488411736595938,0.6509507080439733
2020-02,6,CORE_NEWS_R17,0.27030459046154554,0.27067024270370854
2020-02,7,CORE_NEWS_R17,-0.30754746963858876,-0.30707502686088894
2020-02,8,CORE_NEWS_R17,0.5296943823821946,0.5310997433528412
2020-02,9,CORE_NEWS_R17,0.13074907260961116,0.13083458647502003
2020-02,10,CORE_NEWS_R17,0.3103552315032738,0.3108373319641991
2020-02,11,CORE_NEWS_R17,0.5204403193922317,0.5217969625073273
2020-02,12,CORE_NEWS_R17,0.4305191790312371,0.4314472442037062
2020-02,1,CORE_FAST_H0_R17,0.12604412343107815,0.1261235924214925
2020-02,2,CORE_FAST_H0_R17,0.5205249105060787,0.5218819950510021
2020-02,3,CORE_FAST_H0_R17,0.21810491812711302,0.21834293991795684
2020-02,4,CORE_FAST_H0_R17,0.3039274867255701,0.3043898145733239
2020-02,5,CORE_FAST_H0_R17,0.6147786504486017,0.6166722929749372
2020-02,6,CORE_FAST_H0_R17,0.23419177398134897,0.23446621711561544
2020-02,7,CORE_FAST_H0_R17,-0.34566407032705726,-0.3450673398384558
2020-02,8,CORE_FAST_H0_R17,0.48962938221384555,0.4908300256413342
2020-02,9,CORE_FAST_H0_R17,0.08879724934975775,0.08883668577917586
2020-02,10,CORE_FAST_H0_R17,0.266582251437997,0.2669378978817856
2020-02,11,CORE_FAST_H0_R17,0.47491430046700733,0.4760438057838354
2020-02,12,CORE_FAST_H0_R17,0.3833094212732263,0.3840449913716226
2020-02,1,CORE_NEWS_H0_R17,0.12585579042725112,0.1259350220628855
2020-02,2,CORE_NEWS_H0_R17,0.5230541190914844,0.5244244352723049
2020-02,3,CORE_NEWS_H0_R17,0.22313231785181414,0.22338144326680887
2020-02,4,CORE_NEWS_H0_R17,0.31126138933622133,0.31174631059236224
2020-02,5,CORE_NEWS_H0_R17,0.6242503078438011,0.6262028107988514
2020-02,6,CORE_NEWS_H0_R17,0.24565156005618563,0.24595353071556184
2020-02,7,CORE_NEWS_H0_R17,-0.33234975269911216,-0.3317980822362172
2020-02,8,CORE_NEWS_H0_R17,0.5046781522632062,0.505953797514871
2020-02,9,CORE_NEWS_H0_R17,0.1054718671562333,0.10552750829023523
2020-02,10,CORE_NEWS_H0_R17,0.28478391897914773,0.2851898135977688
2020-02,11,CORE_NEWS_H0_R17,0.49455266074843224,0.49577759089542417
2020-02,12,CORE_NEWS_H0_R17,0.40430143605177793,0.4051198368714691
2020-03,1,CORE_ROBUST_R17,0.6232977420642457,0.6252442845909134
2020-03,2,CORE_ROBUST_R17,0.3213393394863094,0.3218561878058626
2020-03,3,CORE_ROBUST_R17,0.40831279569353174,0.4091475281089101
2020-03,4,CORE_ROBUST_R17,0.7208272044831201,0.7234314173077423
2020-03,5,CORE_ROBUST_R17,0.3422763322996803,0.34286276662235593
2020-03,6,CORE_ROBUST_R17,-0.2352805707626368,-0.23500400297368995
2020-03,7,CORE_ROBUST_R17,0.6024886657032246,0.604307279143545
2020-03,8,CORE_ROBUST_R17,0.2042419593607863,0.2044506753216051
2020-03,9,CORE_ROBUST_R17,0.3846698620789437,0.3854106661716925
2020-03,10,CORE_ROBUST_R17,0.5956620630538573,0.5974396572527455
2020-03,11,CORE_ROBUST_R17,0.5515861640452743,0.5531102013649501
2020-03,12,CORE_ROBUST_R17,0.2401421866567104,0.2404307589541464
2020-03,1,CORE_NEWS_R17,0.6273443546112734,0.6293162807400087
2020-03,2,CORE_NEWS_R17,0.32566784948305055,0.32619872336273303
2020-03,3,CORE_NEWS_R17,0.41288470856588844,0.4137382517909152
2020-03,4,CORE_NEWS_R17,0.7256108303260218,0.7282497646478133
2020-03,5,CORE_NEWS_R17,0.34724546965556774,0.3478490651870452
2020-03,6,CORE_NEWS_R17,-0.23014769011663827,-0.2298830533776863
2020-03,7,CORE_NEWS_R17,0.6077671083570482,0.6096177599646607
2020-03,8,CORE_NEWS_R17,0.2096506906278194,0.209870611349806
2020-03,9,CORE_NEWS_R17,0.3901959712931464,0.3909582268809511
2020-03,10,CORE_NEWS_R17,0.6012945643295675,0.603105968900812
2020-03,11,CORE_NEWS_R17,0.5573156441887739,0.5588715368933201
2020-03,12,CORE_NEWS_R17,0.2459605218520956,0.24626325289237877
2020-03,1,CORE_FAST_H0_R17,0.483430610115776,0.48460102117147635
2020-03,2,CORE_FAST_H0_R17,0.1835863368595499,0.1837549597486971
2020-03,3,CORE_FAST_H0_R17,0.27146948075619876,0.27183829281298755
2020-03,4,CORE_FAST_H0_R17,0.5839691047177837,0.5856775282302908
2020-03,5,CORE_FAST_H0_R17,0.2047009964413738,0.2049106519623347
2020-03,6,CORE_FAST_H0_R17,-0.37409983331435837,-0.373400951664582
2020-03,7,CORE_FAST_H0_R17,0.4620376308686838,0.46310667055145327
2020-03,8,CORE_FAST_H0_R17,0.061880707318307554,0.06189985737785901
2020-03,9,CORE_FAST_H0_R17,0.240205876857516,0.24049460230611622
2020-03,10,CORE_FAST_H0_R17,0.44897005984730165,0.44997944046072985
2020-03,11,CORE_FAST_H0_R17,0.40259320658074615,0.403404701673255
2020-03,12,CORE_FAST_H0_R17,0.08881585290942767,0.08885530586736365
2020-03,1,CORE_NEWS_H0_R17,0.49820974479484176,0.4994528731486869
2020-03,2,CORE_NEWS_H0_R17,0.19964706557960138,0.1998464930285072
2020-03,3,CORE_NEWS_H0_R17,0.2887408963063364,0.2891581543338748
2020-03,4,CORE_NEWS_H0_R17,0.6023852107494232,0.6042031990577653
2020-03,5,CORE_NEWS_H0_R17,0.22420018882477594,0.22445170537986134
2020-03,6,CORE_NEWS_H0_R17,-0.3535752045813129,-0.35295086351000676
2020-03,7,CORE_NEWS_H0_R17,0.48353362758626534,0.48470453791899976
2020-03,8,CORE_NEWS_H0_R17,0.08429726638309828,0.0843328065144481
2020-03,9,CORE_NEWS_H0_R17,0.2634951803616756,0.2638426340195704
2020-03,10,CORE_NEWS_H0_R17,0.4730870387364776,0.4742078622608199
2020-03,11,CORE_NEWS_H0_R17,0.4274953316197806,0.4284103964009771
2020-03,12,CORE_NEWS_H0_R17,0.11446295041810173,0.1145284842547963
2020-04,1,CORE_ROBUST_R17,0.211091835552751,0.21131479122073943
2020-04,2,CORE_ROBUST_R17,0.29988449213402046,0.30033459549473035
2020-04,3,CORE_ROBUST_R17,0.6133355974061376,0.6152203515003554
2020-04,4,CORE_ROBUST_R17,0.235041351782847,0.23531779050743018
2020-04,5,CORE_ROBUST_R17,-0.34277834412593045,-0.3421915298421645
2020-04,6,CORE_ROBUST_R17,0.4943359686729114,0.4955598247450929
2020-04,7,CORE_ROBUST_R17,0.09514286847649933,0.09518814366117363
2020-04,8,CORE_ROBUST_R17,0.27441232393713716,0.27478917918835544
2020-04,9,CORE_ROBUST_R17,0.48409650154041156,0.4852701417405614
2020-04,10,CORE_ROBUST_R17,0.438611981547175,0.4395752917820613
2020-04,11,CORE_ROBUST_R17,0.0716143633502219,0.07164001255788567
2020-04,12,CORE_ROBUST_R17,0.5236113199477997,0.5249845597865721
2020-04,1,CORE_NEWS_R17,0.2126288062188955,0.21285502156965225
2020-04,2,CORE_NEWS_R17,0.3016349022060577,0.30209027801955396
2020-04,3,CORE_NEWS_R17,0.6152624618157574,0.6171590890503309
2020-04,4,CORE_NEWS_R17,0.23711479733475774,0.23739613679221594
2020-04,5,CORE_NEWS_R17,-0.3405824868715732,-0.3400031625987166
2020-04,6,CORE_NEWS_R17,0.4966346447384089,0.49786991867635844
2020-04,7,CORE_NEWS_R17,0.09752844456763271,0.09757601902008237
2020-04,8,CORE_NEWS_R17,0.276871832776667,0.2772554768213173
2020-04,9,CORE_NEWS_R17,0.4866193486701519,0.48780526347263253
2020-04,10,CORE_NEWS_R17,0.4411894817960023,0.4421641554489685
2020-04,11,CORE_NEWS_R17,0.0742393694568915,0.07426693369752907
2020-04,12,CORE_NEWS_R17,0.5262779249351872,0.5276651997792949
2020-04,1,CORE_FAST_H0_R17,-0.059006185857882906,-0.058988780631590486
2020-04,2,CORE_FAST_H0_R17,0.03953092273943733,0.03953873723838107
2020-04,3,CORE_FAST_H0_R17,0.3605537184615595,0.36120449527932286
2020-04,4,CORE_FAST_H0_R17,-0.011895852406420819,-0.011895144877954233
2020-04,5,CORE_FAST_H0_R17,-0.5852418522354091,-0.5835326480589509
2020-04,6,CORE_FAST_H0_R17,0.255259475889028,0.255585540266899
2020-04,7,CORE_FAST_H0_R17,-0.1414063565082323,-0.14130642482872668
2020-04,8,CORE_FAST_H0_R17,0.03971168595346893,0.0397195720873463
2020-04,9,CORE_FAST_H0_R17,0.25071016728124884,0.2510247080280897
2020-04,10,CORE_FAST_H0_R17,0.20612075268508878,0.20633332753706374
2020-04,11,CORE_FAST_H0_R17,-0.16030930189760462,-0.16018087517205942
2020-04,12,CORE_FAST_H0_R17,0.29200061092314944,0.29242734796421216
2020-04,1,CORE_NEWS_H0_R17,-0.020373005144676673,-0.020370929988909804
2020-04,2,CORE_NEWS_H0_R17,0.07434564543758183,0.07437328866264639
2020-04,3,CORE_NEWS_H0_R17,0.3914521256951017,0.39221930024238066
2020-04,4,CORE_NEWS_H0_R17,0.015051030855514312,0.015052163579991572
2020-04,5,CORE_NEWS_H0_R17,-0.5622337361706886,-0.5606561602396553
2020-04,6,CORE_NEWS_H0_R17,0.27437790757704417,0.2747546682617677
2020-04,7,CORE_NEWS_H0_R17,-0.12610140940956543,-0.12602193499192046
2020-04,8,CORE_NEWS_H0_R17,0.05129919514706969,0.05131235543446101
2020-04,9,CORE_NEWS_H0_R17,0.25869040842888946,0.25902530078182273
2020-04,10,CORE_NEWS_H0_R17,0.2106135275601493,0.21083547363890992
2020-04,11,CORE_NEWS_H0_R17,-0.15917806928462952,-0.1590514481891729
2020-04,12,CORE_NEWS_H0_R17,0.289899618944636,0.29032023424579767
2020-05,1,CORE_ROBUST_R17,0.18420114603523863,0.18437090056016753
2020-05,2,CORE_ROBUST_R17,0.4994204354918486,0.5006696180406588
2020-05,3,CORE_ROBUST_R17,0.12200605457883269,0.12208051224347617
2020-05,4,CORE_ROBUST_R17,-0.4556176980671788,-0.45458133518154464
2020-05,5,CORE_ROBUST_R17,0.38117081826169497,0.38189819811811465
2020-05,6,CORE_ROBUST_R17,-0.01874134263686375,-0.01873958655695062
2020-05,7,CORE_ROBUST_R17,0.15951736191219346,0.15964465853368942
2020-05,8,CORE_ROBUST_R17,0.3679792115538332,0.36865708627883303
2020-05,9,CORE_ROBUST_R17,0.32112378832053723,0.3216399431083847
2020-05,10,CORE_ROBUST_R17,-0.047343941295677566,-0.047332735820231536
2020-05,11,CORE_ROBUST_R17,0.3807263472683804,0.3814520306896285
2020-05,12,CORE_ROBUST_R17,0.10202143824282955,0.10207349781460463
2020-05,1,CORE_NEWS_R17,0.18257205219195236,0.18273881643601853
2020-05,2,CORE_NEWS_R17,0.49772825155727907,0.4989689762442816
2020-05,3,CORE_NEWS_R17,0.1202432571148666,0.12031557830348732
2020-05,4,CORE_NEWS_R17,-0.4574561207382136,-0.45641138390418834
2020-05,5,CORE_NEWS_R17,0.3792537177606312,0.3799737946912139
2020-05,6,CORE_NEWS_R17,-0.02073865418310583,-0.020736503872870238
2020-05,7,CORE_NEWS_R17,0.15743947618771129,0.1575634771979975
2020-05,8,CORE_NEWS_R17,0.36582128141176634,0.36649122414336055
2020-05,9,CORE_NEWS_R17,0.3188870168231597,0.31939600235644267
2020-05,10,CORE_NEWS_R17,-0.04965785140748441,-0.04964552393705579
2020-05,11,CORE_NEWS_R17,0.3783373640113583,0.3790539632522886
2020-05,12,CORE_NEWS_R17,0.09955970232864716,0.09960927945186632
2020-05,1,CORE_FAST_H0_R17,0.26430326952820654,0.2646528585435075
2020-05,2,CORE_FAST_H0_R17,0.575992061703753,0.5776540854889036
2020-05,3,CORE_FAST_H0_R17,0.19607528799851237,0.1962676412898762
2020-05,4,CORE_FAST_H0_R17,-0.3832444741002843,-0.3825110297264814
2020-05,5,CORE_FAST_H0_R17,0.45247784420830617,0.4535030709304925
2020-05,6,CORE_FAST_H0_R17,0.051988803958368524,0.05200232047931133
2020-05,7,CORE_FAST_H0_R17,0.23004828013792786,0.23031309422171312
2020-05,8,CORE_FAST_H0_R17,0.4385999084399943,0.43956316560521635
2020-05,9,CORE_FAST_H0_R17,0.39205301142326343,0.39282254457274357
2020-05,10,CORE_FAST_H0_R17,0.02405697090411335,0.024059864825417374
2020-05,11,CORE_FAST_H0_R17,0.45271823546344503,0.45374455265760605
2020-05,12,CORE_FAST_H0_R17,0.17468905071585397,0.1748417209244904
2020-05,1,CORE_NEWS_H0_R17,0.26484173733210903,0.26519275287142263
2020-05,2,CORE_NEWS_H0_R17,0.578004840882969,0.5796785119428289
2020-05,3,CORE_NEWS_H0_R17,0.19931256232073824,0.19951132183719184
2020-05,4,CORE_NEWS_H0_R17,-0.3789848099230292,-0.3782675688565839
2020-05,5,CORE_NEWS_H0_R17,0.45759607432317495,0.45864464395375654
2020-05,6,CORE_NEWS_H0_R17,0.05783250817423899,0.057849234393489574
2020-05,7,CORE_NEWS_H0_R17,0.23650905391796484,0.2367889572029297
2020-05,8,CORE_NEWS_H0_R17,0.44558919364056143,0.4465834184589534
2020-05,9,CORE_NEWS_H0_R17,0.3994982187409918,0.40029727659450104
2020-05,10,CORE_NEWS_H0_R17,0.031898373247270906,0.03190346131933971
2020-05,11,CORE_NEWS_H0_R17,0.46090647829206116,0.4619702859589281
2020-05,12,CORE_NEWS_H0_R17,0.18318315617469644,0.18335103901360425
2020-06,1,CORE_ROBUST_R17,0.5937891600076542,0.5955555823845055
2020-06,2,CORE_ROBUST_R17,0.21467272110404276,0.21490330796281307
2020-06,3,CORE_ROBUST_R17,-0.3638598821975343,-0.3631987142795323
2020-06,4,CORE_ROBUST_R17,0.47263170955695244,0.4737503749160636
2020-06,5,CORE_ROBUST_R17,0.07289065715144627,0.07291722884664836
2020-06,6,CORE_ROBUST_R17,0.2516744642398795,0.2519914302713744
2020-06,7,CORE_ROBUST_R17,0.4609252008707073,0.46198909503208524
2020-06,8,CORE_ROBUST_R17,0.41505125193856474,0.41591378254908956
2020-06,9,CORE_ROBUST_R17,0.04770154823758552,0.04771292723535428
2020-06,10,CORE_ROBUST_R17,0.4769824616844291,0.4781218338430374
2020-06,11,CORE_ROBUST_R17,0.23194160656148932,0.2322107991887625
2020-06,12,CORE_ROBUST_R17,0.28753208719725404,0.2879458571818771
2020-06,1,CORE_NEWS_R17,0.5902797651784539,0.5920253491037665
2020-06,2,CORE_NEWS_R17,0.21131896040514117,0.21154239628001104
2020-06,3,CORE_NEWS_R17,-0.36711355765330544,-0.3664405196886819
2020-06,4,CORE_NEWS_R17,0.46943490133763244,0.47053847314526276
2020-06,5,CORE_NEWS_R17,0.06971730181113672,0.0697416099706653
2020-06,6,CORE_NEWS_R17,0.2484989323381354,0.24880794684790566
2020-06,7,CORE_NEWS_R17,0.4577280357984047,0.4587772107506931
2020-06,8,CORE_NEWS_R17,0.4118178830044751,0.4126670180781822
2020-06,9,CORE_NEWS_R17,0.04442126375499292,0.044431131459426454
2020-06,10,CORE_NEWS_R17,0.4736475899269145,0.4747710732076152
2020-06,11,CORE_NEWS_R17,0.2285468628897236,0.22880823031015884
2020-06,12,CORE_NEWS_R17,0.28407405400448943,0.2844779266872333
2020-06,1,CORE_FAST_H0_R17,0.8183932664256448,0.8217512583941843
2020-06,2,CORE_FAST_H0_R17,0.428508165489392,0.4294275745073378
2020-06,3,CORE_FAST_H0_R17,-0.15878625839421429,-0.15866025971329403
2020-06,4,CORE_FAST_H0_R17,0.6705563304865285,0.6728095930977149
2020-06,5,CORE_FAST_H0_R17,0.26496350669431273,0.26531484523148563
2020-06,6,CORE_FAST_H0_R17,0.43893995604004954,0.43990470850997093
2020-06,7,CORE_FAST_H0_R17,0.6442251628750579,0.6463047565341885
2020-06,8,CORE_FAST_H0_R17,0.5950651286846806,0.5968391583532137
2020-06,9,CORE_FAST_H0_R17,0.22497857842661348,0.2252318451266941
2020-06,10,CORE_FAST_H0_R17,0.6519674351948115,0.654097369186962
2020-06,11,CORE_FAST_H0_R17,0.4049954842676287,0.4058166992325972
2020-06,12,CORE_FAST_H0_R17,0.45894851032173895,0.4600032920149928
2020-06,1,CORE_NEWS_H0_R17,0.7695574597396047,0.7725261635665526
2020-06,2,CORE_NEWS_H0_R17,0.38652072400528853,0.3872686787118879
2020-06,3,CORE_NEWS_H0_R17,-0.19433596091781846,-0.19414725085292295
2020-06,4,CORE_NEWS_H0_R17,0.6410679135903263,0.6431271519598668
2020-06,5,CORE_NEWS_H0_R17,0.24118965803608433,0.24148075427609822
2020-06,6,CORE_NEWS_H0_R17,0.42056002472145,0.42144561944399184
2020-06,7,CORE_NEWS_H0_R17,0.6309415150399487,0.6329361437906563
2020-06,8,CORE_NEWS_H0_R17,0.5866005997675614,0.5883244701821518
2020-06,9,CORE_NEWS_H0_R17,0.22107433216852432,0.22131888164908167
2020-06,10,CORE_NEWS_H0_R17,0.6523811532123523,0.6545137941845836
2020-06,11,CORE_NEWS_H0_R17,0.4094998249466595,0.41033942113693045
2020-06,12,CORE_NEWS_H0_R17,0.46732978780889806,0.46842347650909055
2020-07,1,CORE_ROBUST_R17,0.3127508393100774,0.3132404149985011
2020-07,2,CORE_ROBUST_R17,-0.2668046061172509,-0.2664489989570885
2020-07,3,CORE_ROBUST_R17,0.5693022612707795,0.5709258662051487
2020-07,4,CORE_ROBUST_R17,0.16966530123954576,0.1698093142469534
2020-07,5,CORE_ROBUST_R17,0.34892366050146256,0.34953310773479396
2020-07,6,CORE_ROBUST_R17,0.5589257532314397,0.5604906574119062
2020-07,7,CORE_ROBUST_R17,0.5140060178209607,0.5153292950227455
2020-07,8,CORE_ROBUST_R17,0.14775515714753948,0.14786436886188103
2020-07,9,CORE_ROBUST_R17,0.5782338436161452,0.5799088424193725
2020-07,10,CORE_ROBUST_R17,0.33445397058034476,0.33501389192490133
2020-07,11,CORE_ROBUST_R17,0.402195273062151,0.4030051636670846
2020-07,12,CORE_ROBUST_R17,0.7053208059456368,0.7078140514883315
2020-07,1,CORE_NEWS_R17,0.30597980982945955,0.3064484058641038
2020-07,2,CORE_NEWS_R17,-0.273499901493711,-0.27312623125333396
2020-07,3,CORE_NEWS_R17,0.5626346396829933,0.5642204009910645
2020-07,4,CORE_NEWS_R17,0.16298855086277902,0.1631214493946632
2020-07,5,CORE_NEWS_R17,0.3422099026645878,0.3427961092469187
2020-07,6,CORE_NEWS_R17,0.5521541702190009,0.5536813508608486
2020-07,7,CORE_NEWS_R17,0.5071613664209672,0.5084496065769775
2020-07,8,CORE_NEWS_R17,0.14082658320275368,0.14092579040000616
2020-07,9,CORE_NEWS_R17,0.5712139371925145,0.5728484747561627
2020-07,10,CORE_NEWS_R17,0.3273380134527778,0.32787434937881965
2020-07,11,CORE_NEWS_R17,0.3949806398866176,0.39576171644452923
2020-07,12,CORE_NEWS_R17,0.6980064882211536,0.7004482313782509
2020-07,1,CORE_FAST_H0_R17,0.33171230974522964,0.3322630838542051
2020-07,2,CORE_FAST_H0_R17,-0.25175452514801555,-0.25143788921418675
2020-07,3,CORE_FAST_H0_R17,0.580650134925016,0.5823391753770459
2020-07,4,CORE_FAST_H0_R17,0.1775069680866313,0.1776646049635761
2020-07,5,CORE_FAST_H0_R17,0.353443142995433,0.3540684898035064
2020-07,6,CORE_FAST_H0_R17,0.5602961302808933,0.561868724739031
2020-07,7,CORE_FAST_H0_R17,0.5123903204508775,0.5137052846103776
2020-07,8,CORE_FAST_H0_R17,0.14330714968109956,0.14340988344593034
2020-07,9,CORE_FAST_H0_R17,0.571098710039929,0.5727325875933578
2020-07,10,CORE_FAST_H0_R17,0.3247689219852512,0.32529686762843246
2020-07,11,CORE_FAST_H0_R17,0.39009008902745207,0.3908519307161026
2020-07,12,CORE_FAST_H0_R17,0.6909183203059752,0.6933106674805187
2020-07,1,CORE_NEWS_H0_R17,0.3201124701871755,0.32062537730220675
2020-07,2,CORE_NEWS_H0_R17,-0.25970435127801106,-0.2593674112733802
2020-07,3,CORE_NEWS_H0_R17,0.5762264341386012,0.5778898120619359
2020-07,4,CORE_NEWS_H0_R17,0.17647997644615798,0.17663579400537205
2020-07,5,CORE_NEWS_H0_R17,0.355680537099236,0.35631383093329516
2020-07,6,CORE_NEWS_H0_R17,0.5656647004862645,0.5672676041813717
2020-07,7,CORE_NEWS_H0_R17,0.5207575156683428,0.5221158144096653
2020-07,8,CORE_NEWS_H0_R17,0.15454224483253784,0.15466172289982902
2020-07,9,CORE_NEWS_H0_R17,0.5850736750666283,0.5867885739355816
2020-07,10,CORE_NEWS_H0_R17,0.34135905534383826,0.3419423488867618
2020-07,11,CORE_NEWS_H0_R17,0.4091744658616439,0.4100127275067927
2020-07,12,CORE_NEWS_H0_R17,0.7123800952902409,0.7149235584122318
2020-08,1,CORE_ROBUST_R17,-0.1021540705046311,-0.10210191099655987
2020-08,2,CORE_ROBUST_R17,0.7312545520839824,0.7339347472169838
2020-08,3,CORE_ROBUST_R17,0.330210513542484,0.33075630905145476
2020-08,4,CORE_ROBUST_R17,0.5090571514589947,0.5103550487880594
2020-08,5,CORE_ROBUST_R17,0.7194081115023121,0.72200206830439
2020-08,6,CORE_ROBUST_R17,0.6754118021126876,0.6776978514758039
2020-08,7,CORE_ROBUST_R17,0.31051179781762256,0.3109943850680482
2020-08,8,CORE_ROBUST_R17,0.7426526791725023,0.7454171834996471
2020-08,9,CORE_ROBUST_R17,0.5007549963401313,0.5020108695795321
2020-08,10,CORE_ROBUST_R17,0.5705268635643702,0.5721574676110857
2020-08,11,CORE_ROBUST_R17,0.9344115644547888,0.9387908187721594
2020-08,12,CORE_ROBUST_R17,0.5002067635451917,0.5014598861067087
2020-08,1,CORE_NEWS_R17,-0.07473803021062875,-0.07471010830135814
2020-08,2,CORE_NEWS_R17,0.7591484189228819,0.762037256092945
2020-08,3,CORE_NEWS_R17,0.3584407978747759,0.359083965131036
2020-08,4,CORE_NEWS_R17,0.5375130182306012,0.5389602112428482
2020-08,5,CORE_NEWS_R17,0.7480030702477412,0.7508076015122815
2020-08,6,CORE_NEWS_R17,0.7040787291584265,0.7065631908754317
2020-08,7,CORE_NEWS_R17,0.33919895948879936,0.33977489015889534
2020-08,8,CORE_NEWS_R17,0.7713205555299596,0.7743028953958726
2020-08,9,CORE_NEWS_R17,0.5293737450832464,0.530777403666792
2020-08,10,CORE_NEWS_R17,0.5990742958208136,0.6008723346165873
2020-08,11,CORE_NEWS_R17,0.9628715298464566,0.9675220519615325
2020-08,12,CORE_NEWS_R17,0.5285678624533728,0.52996724685848
2020-08,1,CORE_FAST_H0_R17,-0.2829105606169049,-0.28251074581866475
2020-08,2,CORE_FAST_H0_R17,0.5521515655336111,0.5536787317538359
2020-08,3,CORE_FAST_H0_R17,0.15113437155721388,0.15124863710613284
2020-08,4,CORE_FAST_H0_R17,0.3287713247556056,0.32931237044739076
2020-08,5,CORE_FAST_H0_R17,0.5369849346727379,0.5384292829265996
2020-08,6,CORE_FAST_H0_R17,0.4901676229480597,0.49137090967830993
2020-08,7,CORE_FAST_H0_R17,0.12195525066255186,0.12202964631843508
2020-08,8,CORE_FAST_H0_R17,0.5504434498087971,0.5519611732245251
2020-08,9,CORE_FAST_H0_R17,0.3046709727840524,0.30513556649991846
2020-08,10,CORE_FAST_H0_R17,0.3704379886501995,0.37112495817081104
2020-08,11,CORE_FAST_H0_R17,0.7302590432501614,0.7329319369894604
2020-08,12,CORE_FAST_H0_R17,0.29198654836441507,0.2924132442837019
2020-08,1,CORE_NEWS_H0_R17,-0.25375000889533306,-0.25342833569970624
2020-08,2,CORE_NEWS_H0_R17,0.5818417694320246,0.5835377563799543
2020-08,3,CORE_NEWS_H0_R17,0.18167483549016644,0.18183996420338308
2020-08,4,CORE_NEWS_H0_R17,0.3603972080946021,0.3610474197128042
2020-08,5,CORE_NEWS_H0_R17,0.5698641043460614,0.571490918575227
2020-08,6,CORE_NEWS_H0_R17,0.5244151249578621,0.5257925878963091
2020-08,7,CORE_NEWS_H0_R17,0.15764483664710394,0.15776916144166772
2020-08,8,CORE_NEWS_H0_R17,0.5876167501734372,0.5893466040427193
2020-08,9,CORE_NEWS_H0_R17,0.34334478949303643,0.3439348928852002
2020-08,10,CORE_NEWS_H0_R17,0.4106100860329188,0.41145424425081634
2020-08,11,CORE_NEWS_H0_R17,0.7719127393902161,0.774899666319894
2020-08,12,CORE_NEWS_H0_R17,0.3350943490177677,0.33565641777634675
2020-09,1,CORE_ROBUST_R17,0.5693332974488502,0.5709570795816316
2020-09,2,CORE_ROBUST_R17,0.17098809712797056,0.17113436512984515
2020-09,3,CORE_ROBUST_R17,0.35123422710382823,0.35185177731951056
2020-09,4,CORE_ROBUST_R17,0.5619831812033327,0.5635652689837164
2020-09,5,CORE_ROBUST_R17,0.5176197474469316,0.518961712888607
2020-09,6,CORE_ROBUST_R17,0.1517748000273057,0.15189003626940656
2020-09,7,CORE_ROBUST_R17,0.5825410454329542,0.5842411153795781
2020-09,8,CORE_ROBUST_R17,0.33895590646409424,0.33953101159741966
2020-09,9,CORE_ROBUST_R17,0.40681944877089365,0.4076480823902431
2020-09,10,CORE_ROBUST_R17,0.7686470477195246,0.7716087225516741
2020-09,11,CORE_ROBUST_R17,0.29245519285998556,0.2928832602591972
2020-09,12,CORE_ROBUST_R17,-0.24497109008757972,-0.24467128077803324
2020-09,1,CORE_NEWS_R17,0.5708962929895129,0.5725290114405677
2020-09,2,CORE_NEWS_R17,0.17081272879812245,0.17095869683855247
2020-09,3,CORE_NEWS_R17,0.34935278690721316,0.3499637350033737
2020-09,4,CORE_NEWS_R17,0.5584372717814636,0.5599994392687957
2020-09,5,CORE_NEWS_R17,0.5124576314996109,0.5137729414622957
2020-09,6,CORE_NEWS_R17,0.14504931927163778,0.14515456667747398
2020-09,7,CORE_NEWS_R17,0.5743079932220216,0.5759603031790522
2020-09,8,CORE_NEWS_R17,0.3292727614607929,0.3298154597070142
2020-09,9,CORE_NEWS_R17,0.39574439568694764,0.3965284978260891
2020-09,10,CORE_NEWS_R17,0.7562382260166509,0.7591049291009372
2020-09,11,CORE_NEWS_R17,0.2787701262152782,0.27915905145011216
2020-09,12,CORE_NEWS_R17,-0.2598759212301108,-0.25953853608213723
2020-09,1,CORE_FAST_H0_R17,0.17325537404847208,0.1734055478872143
2020-09,2,CORE_FAST_H0_R17,-0.21060840017851462,-0.2103867763008562
2020-09,3,CORE_FAST_H0_R17,-0.019248711180594527,-0.019246858735043167
2020-09,4,CORE_FAST_H0_R17,0.1999430873761605,0.20014310685326603
2020-09,5,CORE_FAST_H0_R17,0.16190832656318052,0.16203946886144935
2020-09,6,CORE_FAST_H0_R17,-0.19927800499296883,-0.19907957820546573
2020-09,7,CORE_FAST_H0_R17,0.2348310267367634,0.2351069707507987
2020-09,8,CORE_FAST_H0_R17,-0.0064447842211919106,-0.006444576549434979
2020-09,9,CORE_FAST_H0_R17,0.06291956449838675,0.06293936300853113
2020-09,10,CORE_FAST_H0_R17,0.425618485381094,0.4265255272459829
2020-09,11,CORE_FAST_H0_R17,-0.050189168967523956,-0.050176576310920366
2020-09,12,CORE_FAST_H0_R17,-0.5876053056908751,-0.5858822822255183
2020-09,1,CORE_NEWS_H0_R17,0.21281085129804406,0.21303745430694818
2020-09,2,CORE_NEWS_H0_R17,-0.18456731543041632,-0.18439709470083918
2020-09,3,CORE_NEWS_H0_R17,-0.006183928320853465,-0.00618373711994734
2020-09,4,CORE_NEWS_H0_R17,0.20057028023239643,0.20077155696356538
2020-09,5,CORE_NEWS_H0_R17,0.15063172634843391,0.1507452329184947
2020-09,6,CORE_NEWS_H0_R17,-0.22193367467927094,-0.22168758398585872
2020-09,7,CORE_NEWS_H0_R17,0.2013088682091859,0.20151163054797924
2020-09,8,CORE_NEWS_H0_R17,-0.050335205422619184,-0.05032253938334261
2020-09,9,CORE_NEWS_H0_R17,0.009143215137091678,0.009143633141746484
2020-09,10,CORE_NEWS_H0_R17,0.3624216413721561,0.3630791827202445
2020-09,11,CORE_NEWS_H0_R17,-0.12235857320833726,-0.12228374562858067
2020-09,12,CORE_NEWS_H0_R17,-0.6683171144052618,-0.6660888423161612
2020-10,1,CORE_ROBUST_R17,-0.0035935707754905233,-0.0035935062075093654
2020-10,2,CORE_ROBUST_R17,0.1795639301266542,0.1797252426902769
2020-10,3,CORE_ROBUST_R17,0.39184628680983036,0.39261500811293826
2020-10,4,CORE_ROBUST_R17,0.3479536656708765,0.3485597271720099
2020-10,5,CORE_ROBUST_R17,-0.018232745631807074,-0.018231083567755543
2020-10,6,CORE_ROBUST_R17,0.41157812038923036,0.4124262663303191
2020-10,7,CORE_ROBUST_R17,0.16658058004842521,0.1667194025697569
2020-10,8,CORE_ROBUST_R17,0.23269850828662467,0.23296946139260288
2020-10,9,CORE_ROBUST_R17,0.5925447076578841,0.5943037264186879
2020-10,10,CORE_ROBUST_R17,0.11421207023008087,0.11427731705256328
2020-10,11,CORE_ROBUST_R17,-0.4862736422016285,-0.48509324601970927
2020-10,12,CORE_ROBUST_R17,0.40990088415494974,0.4107421268567981
2020-10,1,CORE_NEWS_R17,-0.018208070839037444,-0.018206413270424326
2020-10,2,CORE_NEWS_R17,0.160186255933473,0.16031462264921767
2020-10,3,CORE_NEWS_R17,0.3679802660913549,0.3686581447039878
2020-10,4,CORE_NEWS_R17,0.3198530508716583,0.32036512656010085
2020-10,5,CORE_NEWS_R17,-0.05033275671310161,-0.05032009190604787
2020-10,6,CORE_NEWS_R17,0.37569745731566684,0.3764040848629533
2020-10,7,CORE_NEWS_R17,0.12712331716276884,0.12720415310174785
2020-10,8,CORE_NEWS_R17,0.18985549124393036,0.1900358308918904
2020-10,9,CORE_NEWS_R17,0.546494836697564,0.5479908436890293
2020-10,10,CORE_NEWS_R17,0.06512337807326432,0.06514458794906867
2020-10,11,CORE_NEWS_R17,-0.5382430624749182,-0.5367971298772168
2020-10,12,CORE_NEWS_R17,0.35519969378716953,0.35583127547017135
2020-10,1,CORE_FAST_H0_R17,-0.10145214396841512,-0.10140069867975636
2020-10,2,CORE_FAST_H0_R17,0.08639761619111043,0.08643494968250269
2020-10,3,CORE_FAST_H0_R17,0.3027814716771498,0.3032403177585386
2020-10,4,CORE_FAST_H0_R17,0.26250035640759734,0.2628451902571809
2020-10,5,CORE_FAST_H0_R17,-0.10048305871381007,-0.1004325913934854
2020-10,6,CORE_FAST_H0_R17,0.33218830616371575,0.3327406629696991
2020-10,7,CORE_FAST_H0_R17,0.08976236172399531,0.08980266018862254
2020-10,8,CORE_FAST_H0_R17,0.15820660365816186,0.15833181632823157
2020-10,9,CORE_FAST_H0_R17,0.5201694391125394,0.5215246691513583
2020-10,10,CORE_FAST_H0_R17,0.04377291642125772,0.043782498160335706
2020-10,11,CORE_FAST_H0_R17,-0.5549332386447086,-0.5533963284040854
2020-10,12,CORE_FAST_H0_R17,0.3428840659021636,0.3434725857701183
2020-10,1,CORE_NEWS_H0_R17,-0.09733711732020042,-0.09728976011478518
2020-10,2,CORE_NEWS_H0_R17,0.08151877494514721,0.08155201052895672
2020-10,3,CORE_NEWS_H0_R17,0.28914348366234627,0.2895619066167801
2020-10,4,CORE_NEWS_H0_R17,0.24036920114689836,0.24065831951529368
2020-10,5,CORE_NEWS_H0_R17,-0.13082030511050735,-0.1307347726513684
2020-10,6,CORE_NEWS_H0_R17,0.2939452073859019,0.2943776499215192
2020-10,7,CORE_NEWS_H0_R17,0.04392065054258627,0.0439302970725279
2020-10,8,CORE_NEWS_H0_R17,0.10507576858010975,0.10513099250645117
2020-10,9,CORE_NEWS_H0_R17,0.46005758264209434,0.46111747228305383
2020-10,10,CORE_NEWS_H0_R17,-0.023015993324426387,-0.023013344847877794
2020-10,11,CORE_NEWS_H0_R17,-0.6281014153638422,-0.6261329818331212
2020-10,12,CORE_NEWS_H0_R17,0.2636267324686748,0.263974533303872
2020-11,1,CORE_ROBUST_R17,0.20549779690651154,0.2057090883374686
2020-11,2,CORE_ROBUST_R17,0.41703011394164125,0.41790089457301205
2020-11,3,CORE_ROBUST_R17,0.3726780246516842,0.37337333268707457
2020-11,4,CORE_ROBUST_R17,0.006257574217260142,0.0062577700075194505
2020-11,5,CORE_ROBUST_R17,0.4360080675525143,0.43695996567542983
2020-11,6,CORE_ROBUST_R17,0.1910827447517111,0.19126542416616968
2020-11,7,CORE_ROBUST_R17,0.2573729369261093,0.2577044253956172
2020-11,8,CORE_ROBUST_R17,0.6174657128553152,0.6193759620754832
2020-11,9,CORE_ROBUST_R17,0.13943366381240685,0.13953091774174725
2020-11,10,CORE_ROBUST_R17,-0.4607134171297754,-0.4596537608170118
2020-11,11,CORE_ROBUST_R17,0.4550227805164799,0.4560595811336172
2020-11,12,CORE_ROBUST_R17,0.03521459518453127,0.03522079625097344
2020-11,1,CORE_NEWS_R17,0.20523845522741208,0.2054492135059474
2020-11,2,CORE_NEWS_R17,0.41322941284303816,0.414084382838079
2020-11,3,CORE_NEWS_R17,0.3655544787065036,0.3662234439868197
2020-11,4,CORE_NEWS_R17,-0.003989517050608099,-0.003989437470434906
2020-11,5,CORE_NEWS_R17,0.4228201340533414,0.4237152795559606
2020-11,6,CORE_NEWS_R17,0.17512223179299777,0.1752756603227552
2020-11,7,CORE_NEWS_R17,0.23879545000899166,0.2390807934275451
2020-11,8,CORE_NEWS_R17,0.5964156819002407,0.5981977813736614
2020-11,9,CORE_NEWS_R17,0.1160455809992954,0.11611293993681296
2020-11,10,CORE_NEWS_R17,-0.4863139572256046,-0.4851333654701399
2020-11,11,CORE_NEWS_R17,0.42732735958800283,0.4282417049012296
2020-11,12,CORE_NEWS_R17,0.005534600333785972,0.005534753495615864
2020-11,1,CORE_FAST_H0_R17,0.3316700476329431,0.3322206813294812
2020-11,2,CORE_FAST_H0_R17,0.5378383702237544,0.5392873172859137
2020-11,3,CORE_FAST_H0_R17,0.4893848286380194,0.49058427202362875
2020-11,4,CORE_FAST_H0_R17,0.11986347246366605,0.11993533743423607
2020-11,5,CORE_FAST_H0_R17,0.5473044844988351,0.5488049315817354
2020-11,6,CORE_FAST_H0_R17,0.30069425778522924,0.3011467964407898
2020-11,7,CORE_FAST_H0_R17,0.3657910739002874,0.36646090592858227
2020-11,8,CORE_FAST_H0_R17,0.7250759686993784,0.7277110093334318
2020-11,9,CORE_FAST_H0_R17,0.2465370934838673,0.24684124607447688
2020-11,10,CORE_FAST_H0_R17,-0.3538829436014825,-0.3532575158908025
2020-11,11,CORE_FAST_H0_R17,0.5617607686854078,0.563341603274817
2020-11,12,CORE_FAST_H0_R17,0.14199818064337782,0.14209904579648547
2020-11,1,CORE_NEWS_H0_R17,0.3232017951998585,0.32372465534800715
2020-11,2,CORE_NEWS_H0_R17,0.5305349266924084,0.5319447553430745
2020-11,3,CORE_NEWS_H0_R17,0.48313883052123086,0.48430782803777545
2020-11,4,CORE_NEWS_H0_R17,0.11458274905703139,0.11464842016913204
2020-11,5,CORE_NEWS_H0_R17,0.5429093333199062,0.5443857567118058
2020-11,6,CORE_NEWS_H0_R17,0.29711524922506843,0.2975570740496247
2020-11,7,CORE_NEWS_H0_R17,0.36296728002991446,0.36362680397239733
2020-11,8,CORE_NEWS_H0_R17,0.7229535321458702,0.7255731502628889
2020-11,9,CORE_NEWS_H0_R17,0.24506806907063408,0.24536860631982216
2020-11,10,CORE_NEWS_H0_R17,-0.354741528330052,-0.3541130639314804
2020-11,11,CORE_NEWS_H0_R17,0.5614738601783908,0.5630530789067173
2020-11,12,CORE_NEWS_H0_R17,0.1422477713637333,0.14234899149479346
2020-12,1,CORE_ROBUST_R17,0.4214753800940082,0.4223648367487161
2020-12,2,CORE_ROBUST_R17,0.3774067179262659,0.37811979386323885
2020-12,3,CORE_ROBUST_R17,0.011216885929714204,0.011217515045886198
2020-12,4,CORE_ROBUST_R17,0.4411555569183618,0.4421300805734592
2020-12,5,CORE_ROBUST_R17,0.1963842749982141,0.1965772352093763
2020-12,6,CORE_ROBUST_R17,0.2628010236971804,0.2631466482894659
2020-12,7,CORE_ROBUST_R17,0.6229982024750822,0.6249428725990128
2020-12,8,CORE_ROBUST_R17,0.14505267545872025,0.14515792773627167
2020-12,9,CORE_ROBUST_R17,-0.455022338102015,-0.45398867984744506
2020-12,10,CORE_ROBUST_R17,0.46077422072159746,0.4618374174856522
2020-12,11,CORE_ROBUST_R17,0.019519432575245743,0.01952133774044317
2020-12,12,CORE_ROBUST_R17,0.21890859273349472,0.21914837252762584
2020-12,1,CORE_NEWS_R17,0.40767034931238433,0.4085024552464007
2020-12,2,CORE_NEWS_R17,0.35990300275981124,0.3605514312880057
2020-12,3,CORE_NEWS_R17,-0.009746111677037844,-0.009745636759002543
2020-12,4,CORE_NEWS_R17,0.4169498151735607,0.4178202602680356
2020-12,5,CORE_NEWS_R17,0.1691327856664533,0.1692758958330873
2020-12,6,CORE_NEWS_R17,0.2326839616331572,0.23295488085093569
2020-12,7,CORE_NEWS_R17,0.5901811562956893,0.5919261564803258
2020-12,8,CORE_NEWS_R17,0.1096884923539498,0.10974867218216153
2020-12,9,CORE_NEWS_R17,-0.4927920228985152,-0.4915797950808077
2020-12,10,CORE_NEWS_R17,0.420730732027857,0.4216170463351828
2020-12,11,CORE_NEWS_R17,-0.0226750316529504,-0.022672461061945866
2020-12,12,CORE_NEWS_R17,0.1746780122819037,0.17483066319136256
2020-12,1,CORE_FAST_H0_R17,0.4513341081568842,0.45235415457125183
2020-12,2,CORE_FAST_H0_R17,0.4059029484788712,0.40672785021932695
2020-12,3,CORE_FAST_H0_R17,0.038799497830695445,0.03880702580942952
2020-12,4,CORE_FAST_H0_R17,0.46817483428680656,0.469272484970342
2020-12,5,CORE_FAST_H0_R17,0.2231120671099544,0.22336114729060472
2020-12,6,CORE_FAST_H0_R17,0.2894468508544155,0.28986615270616595
2020-12,7,CORE_FAST_H0_R17,0.6497221197570288,0.6518373925718677
2020-12,8,CORE_FAST_H0_R17,0.17197554382433555,0.1721235065704592
2020-12,9,CORE_FAST_H0_R17,-0.4278106538347598,-0.42689684764161173
2020-12,10,CORE_FAST_H0_R17,0.4883401299931339,0.48953445373522964
2020-12,11,CORE_FAST_H0_R17,0.04748573551902835,0.047497011779218334
2020-12,12,CORE_FAST_H0_R17,0.24730637360045424,0.24761242805796044
2020-12,1,CORE_NEWS_H0_R17,0.44435614416760294,0.4453448700274804
2020-12,2,CORE_NEWS_H0_R17,0.39635071209817524,0.3971372203000644
2020-12,3,CORE_NEWS_H0_R17,0.0267576896198643,0.026761269808951438
2020-12,4,CORE_NEWS_H0_R17,0.45373272239071405,0.4547636479333304
2020-12,5,CORE_NEWS_H0_R17,0.20636149835555717,0.2065745702364755
2020-12,6,CORE_NEWS_H0_R17,0.2704807133987837,0.2708468425088448
2020-12,7,CORE_NEWS_H0_R17,0.628633164286548,0.6306132094618511
2020-12,8,CORE_NEWS_H0_R17,0.1488554890408076,0.14896633381658334
2020-12,9,CORE_NEWS_H0_R17,-0.45287179072483547,-0.45184787269245913
2020-12,10,CORE_NEWS_H0_R17,0.4614257348945159,0.46249194272696137
2020-12,11,CORE_NEWS_H0_R17,0.01880336095643728,0.01880512889916272
2020-12,12,CORE_NEWS_H0_R17,0.2169385112144026,0.2171739930554536
2021-01,1,CORE_ROBUST_R17,0.3061089713668049,0.3065779632985906
2021-01,2,CORE_ROBUST_R17,-0.05946812395124329,-0.05945044516699932
2021-01,3,CORE_ROBUST_R17,0.3706607840834726,0.37134858070265303
2021-01,4,CORE_ROBUST_R17,0.12575673711828186,0.1258358440602293
2021-01,5,CORE_ROBUST_R17,0.1917965668334109,0.19198061409529057
2021-01,6,CORE_ROBUST_R17,0.5514350388238303,0.5529582403693151
2021-01,7,CORE_ROBUST_R17,0.07279823335709018,0.07282473770216454
2021-01,8,CORE_ROBUST_R17,-0.5280619003333199,-0.5266701044060889
2021-01,9,CORE_ROBUST_R17,0.3868860698856487,0.3876354401323851
2021-01,10,CORE_ROBUST_R17,-0.055257057020276584,-0.055241793120114
2021-01,11,CORE_ROBUST_R17,0.11254286755671039,0.11260622080619193
2021-01,12,CORE_ROBUST_R17,0.3506174602155102,0.3512328422346293
2021-01,1,CORE_NEWS_R17,0.3022155214911105,0.3026726529897082
2021-01,2,CORE_NEWS_R17,-0.06728677683106044,-0.06726414435588451
2021-01,3,CORE_NEWS_R17,0.3590808359815881,0.35972630356766366
2021-01,4,CORE_NEWS_R17,0.11057767666091264,0.11063883631468857
2021-01,5,CORE_NEWS_R17,0.17317764412271466,0.17332768320371528
2021-01,6,CORE_NEWS_R17,0.5295316825599801,0.5309361795653474
2021-01,7,CORE_NEWS_R17,0.04776141368774925,0.0477728212670046
2021-01,8,CORE_NEWS_R17,-0.5560861114618728,-0.5545428146566312
2021-01,9,CORE_NEWS_R17,0.35601535589164796,0.3566498432938889
2021-01,10,CORE_NEWS_R17,-0.08883873351981007,-0.08879928360007755
2021-01,11,CORE_NEWS_R17,0.07638034885023504,0.07640952606676787
2021-01,12,CORE_NEWS_R17,0.3119987991510915,0.3124860219824731
2021-01,1,CORE_FAST_H0_R17,0.33960693760779265,0.34018425532015384
2021-01,2,CORE_FAST_H0_R17,-0.02523631390891612,-0.025233129819072178
2021-01,3,CORE_FAST_H0_R17,0.4059471818523686,0.4067722635120961
2021-01,4,CORE_FAST_H0_R17,0.16233094211965532,0.162462770116395
2021-01,5,CORE_FAST_H0_R17,0.22982294781942758,0.23008724318783563
2021-01,6,CORE_FAST_H0_R17,0.5910239942862897,0.5927739870223632
2021-01,7,CORE_FAST_H0_R17,0.11401804040499566,0.11408306568385254
2021-01,8,CORE_FAST_H0_R17,-0.4851756596129804,-0.48400058367183096
2021-01,9,CORE_FAST_H0_R17,0.43144912232780874,0.43238120405764524
2021-01,10,CORE_FAST_H0_R17,-0.009026073655980515,-0.009025666318207927
2021-01,11,CORE_FAST_H0_R17,0.16041835312616104,0.16054709219742186
2021-01,12,CORE_FAST_H0_R17,0.4001031971431579,0.40090467854605844
2021-01,1,CORE_NEWS_H0_R17,0.33402883741900713,0.3345873354151312
2021-01,2,CORE_NEWS_H0_R17,-0.03571532595807628,-0.03570894879476564
2021-01,3,CORE_NEWS_H0_R17,0.3906657826617904,0.39142987612372165
2021-01,4,CORE_NEWS_H0_R17,0.14237005844548023,0.1424714527258451
2021-01,5,CORE_NEWS_H0_R17,0.2053227805264357,0.2055337120862615
2021-01,6,CORE_NEWS_H0_R17,0.5621364888679021,0.5637194407552165
2021-01,7,CORE_NEWS_H0_R17,0.08090254881746622,0.08093528375669692
2021-01,8,CORE_NEWS_H0_R17,-0.5223557500212073,-0.5209938447353683
2021-01,9,CORE_NEWS_H0_R17,0.3903692534719092,0.3911321866713681
2021-01,10,CORE_NEWS_H0_R17,-0.05384145969157711,-0.05382696777867102
2021-01,11,CORE_NEWS_H0_R17,0.11202964364632564,0.11209242029223208
2021-01,12,CORE_NEWS_H0_R17,0.3483001646924745,0.34890743455205325
2021-02,1,CORE_ROBUST_R17,0.0580487933775618,0.05806564495017855
2021-02,2,CORE_ROBUST_R17,0.4864406208117461,0.4876256639308233
2021-02,3,CORE_ROBUST_R17,0.2406583813650033,0.24094819608878457
2021-02,4,CORE_ROBUST_R17,0.30648155549382006,0.3069516903826574
2021-02,5,CORE_ROBUST_R17,0.6664083064941726,0.6686337474101536
2021-02,6,CORE_ROBUST_R17,0.18844064754041306,0.18861830850627206
2021-02,7,CORE_ROBUST_R17,-0.41146757179983057,-0.4106222038557288
2021-02,8,CORE_ROBUST_R17,0.5046376971820643,0.5059131377579342
2021-02,9,CORE_ROBUST_R17,0.06379638820513336,0.06381674242906324
2021-02,10,CORE_ROBUST_R17,0.23299494709803656,0.23326659125632096
2021-02,11,CORE_ROBUST_R17,0.5066035802341137,0.5078889858919852
2021-02,12,CORE_ROBUST_R17,0.4262646071315449,0.4271744069669109
2021-02,1,CORE_NEWS_R17,0.05440605503425905,0.05442085781279522
2021-02,2,CORE_NEWS_R17,0.4807585326055551,0.48191603061902855
2021-02,3,CORE_NEWS_R17,0.23302299659528938,0.23329470618762296
2021-02,4,CORE_NEWS_R17,0.29697780763373605,0.2974192235858466
2021-02,5,CORE_NEWS_R17,0.6551194286142183,0.657270029713165
2021-02,6,CORE_NEWS_R17,0.17544774807436708,0.1756017476856696
2021-02,7,CORE_NEWS_R17,-0.42608581022643555,-0.42517935252426836
2021-02,8,CORE_NEWS_R17,0.4884701719799107,0.4896651324073047
2021-02,9,CORE_NEWS_R17,0.04615286875579458,0.046163520830949586
2021-02,10,CORE_NEWS_R17,0.2139458956655406,0.21417492319944653
2021-02,11,CORE_NEWS_R17,0.48621660345895346,0.4874005544640691
2021-02,12,CORE_NEWS_R17,0.40460446531392147,0.4054240942262593
2021-02,1,CORE_FAST_H0_R17,0.20000668006351097,0.2002068268372573
2021-02,2,CORE_FAST_H0_R17,0.6217005472024124,0.6236371161943323
2021-02,3,CORE_FAST_H0_R17,0.37049260457179256,0.3711797768006901
2021-02,4,CORE_FAST_H0_R17,0.43191124795323954,0.4328453288998386
2021-02,5,CORE_FAST_H0_R17,0.7882536045654415,0.7913685023433348
2021-02,6,CORE_FAST_H0_R17,0.3073606988004192,0.3078335361108352
2021-02,7,CORE_FAST_H0_R17,-0.29494256272453945,-0.29450803445592355
2021-02,8,CORE_FAST_H0_R17,0.6191945700106637,0.6211155423938567
2021-02,9,CORE_FAST_H0_R17,0.17672925466240566,0.17688551284742346
2021-02,10,CORE_FAST_H0_R17,0.34458158595297217,0.34517595079437996
2021-02,11,CORE_FAST_H0_R17,0.6170685656271686,0.6189763558063845
2021-02,12,CORE_FAST_H0_R17,0.5357898319440846,0.5372277525946695
2021-02,1,CORE_NEWS_H0_R17,0.1870849531342288,0.18726006621905847
2021-02,2,CORE_NEWS_H0_R17,0.6122083860291962,0.6140862116817071
2021-02,3,CORE_NEWS_H0_R17,0.36432721687614505,0.3649916951943261
2021-02,4,CORE_NEWS_H0_R17,0.42896124386872714,0.42988259956097724
2021-02,5,CORE_NEWS_H0_R17,0.7884021739574631,0.7915182475779668
2021-02,6,CORE_NEWS_H0_R17,0.31048808023191293,0.31097059372480007
2021-02,7,CORE_NEWS_H0_R17,-0.2889571760661356,-0.2885400966418267
2021-02,8,CORE_NEWS_H0_R17,0.6279175686661617,0.6298931037774818
2021-02,9,CORE_NEWS_H0_R17,0.18807099034036653,0.18824795474958758
2021-02,10,CORE_NEWS_H0_R17,0.3584255263024515,0.35906863872211453
2021-02,11,CORE_NEWS_H0_R17,0.6333011240147336,0.6353107155986892
2021-02,12,CORE_NEWS_H0_R17,0.5543007963479454,0.5558398856260947
2021-03,1,CORE_ROBUST_R17,0.43665236497819504,0.43760708050759045
2021-03,2,CORE_ROBUST_R17,0.1916774585082262,0.1918612771762819
2021-03,3,CORE_ROBUST_R17,0.2579285957570965,0.2582615177317669
2021-03,4,CORE_ROBUST_R17,0.6179907091551943,0.6199042114628891
2021-03,5,CORE_ROBUST_R17,0.13993468242624812,0.14003263668831004
2021-03,6,CORE_ROBUST_R17,-0.4602310559428582,-0.4591736156634149
2021-03,7,CORE_ROBUST_R17,0.4554907142476687,0.4565296500212251
2021-03,8,CORE_ROBUST_R17,0.014173996847779397,0.014175001406174068
2021-03,9,CORE_ROBUST_R17,0.18283205008194514,0.1829992897816907
2021-03,10,CORE_ROBUST_R17,0.45585610871668014,0.4568967132949412
2021-03,11,CORE_ROBUST_R17,0.3825014363212859,0.3832339066706688
2021-03,12,CORE_ROBUST_R17,0.006549068447190859,0.006549282903360092
2021-03,1,CORE_NEWS_R17,0.4277840774996137,0.42870037971683594
2021-03,2,CORE_NEWS_R17,0.18008125626844806,0.18024349993827357
2021-03,3,CORE_NEWS_R17,0.24376105358720188,0.24405839239308194
2021-03,4,CORE_NEWS_R17,0.6013965373261055,0.603208556954885
2021-03,5,CORE_NEWS_R17,0.12104812704045811,0.12112141985596821
2021-03,6,CORE_NEWS_R17,-0.4812850440118879,-0.4801287233538437
2021-03,7,CORE_NEWS_R17,0.43238593048606255,0.4333220672053279
2021-03,8,CORE_NEWS_R17,-0.010872430536573413,-0.010871839509264423
2021-03,9,CORE_NEWS_R17,0.15594635108414376,0.156068010639219
2021-03,10,CORE_NEWS_R17,0.4272273335486313,0.4281412505588819
2021-03,11,CORE_NEWS_R17,0.3522201242815248,0.3528411482710316
2021-03,12,CORE_NEWS_R17,-0.025299445228678497,-0.025296245188903894
2021-03,1,CORE_FAST_H0_R17,0.3356815052824245,0.33624554659824
2021-03,2,CORE_FAST_H0_R17,0.09597206411737352,0.09601813203909468
2021-03,3,CORE_FAST_H0_R17,0.16658950867127562,0.16672834607875325
2021-03,4,CORE_FAST_H0_R17,0.5302909062214416,0.5316994371173237
2021-03,5,CORE_FAST_H0_R17,0.055285233206790685,0.05530051830851593
2021-03,6,CORE_FAST_H0_R17,-0.5423082421178709,-0.5408404055687549
2021-03,7,CORE_FAST_H0_R17,0.37559671957756985,0.37630296799482654
2021-03,8,CORE_FAST_H0_R17,-0.06385433260249809,-0.06383395006214676
2021-03,9,CORE_FAST_H0_R17,0.10640940922262043,0.10646604412098146
2021-03,10,CORE_FAST_H0_R17,0.3808255173244586,0.38155157908126053
2021-03,11,CORE_FAST_H0_R17,0.3086866081673708,0.30916353588875306
2021-03,12,CORE_FAST_H0_R17,-0.06619613163468646,-0.06617422682911406
2021-03,1,CORE_NEWS_H0_R17,0.33566949703091187,0.3362334979702399
2021-03,2,CORE_NEWS_H0_R17,0.08897539525498471,0.08901499010214177
2021-03,3,CORE_NEWS_H0_R17,0.1528993690214026,0.15301631970466176
2021-03,4,CORE_NEWS_H0_R17,0.5101955347577372,0.5114992483961179
2021-03,5,CORE_NEWS_H0_R17,0.029067743867369225,0.029071968945405292
2021-03,6,CORE_NEWS_H0_R17,-0.5743714615612854,-0.5727251022627994
2021-03,7,CORE_NEWS_H0_R17,0.3379562820377128,0.3385279981493032
2021-03,8,CORE_NEWS_H0_R17,-0.10681214693209522,-0.10675512306304727
2021-03,9,CORE_NEWS_H0_R17,0.058384871264274635,0.0584019185477541
2021-03,10,CORE_NEWS_H0_R17,0.32797541937600505,0.32851384723066696
2021-03,11,CORE_NEWS_H0_R17,0.25124249019407774,0.2515583686233539
2021-03,12,CORE_NEWS_H0_R17,-0.1280123590589668,-0.12793045819008017
2021-04,1,CORE_ROBUST_R17,0.13293647001049555,0.13302486970326033
2021-04,2,CORE_ROBUST_R17,0.20034932377145476,0.20055015712949556
2021-04,3,CORE_ROBUST_R17,0.5610710935400276,0.5626480452940665
2021-04,4,CORE_ROBUST_R17,0.08328656091022531,0.08332125379720219
2021-04,5,CORE_ROBUST_R17,-0.5169054016269404,-0.5155717445604197
2021-04,6,CORE_ROBUST_R17,0.39856414075413316,0.3993594638988575
2021-04,7,CORE_ROBUST_R17,-0.043174044944574136,-0.043164726294917334
2021-04,8,CORE_ROBUST_R17,0.12493813190184451,0.1250162120997879
2021-04,9,CORE_ROBUST_R17,0.3973272227651238,0.3981176138411477
2021-04,10,CORE_ROBUST_R17,0.32327622282436985,0.32379932394087646
2021-04,11,CORE_ROBUST_R17,-0.09662615942665234,-0.09657949138561346
2021-04,12,CORE_ROBUST_R17,0.37411032371020597,0.3748109898640757
2021-04,1,CORE_NEWS_R17,0.11934923357685108,0.11942048311706867
2021-04,2,CORE_NEWS_R17,0.18321522672143004,0.18338316836717047
2021-04,3,CORE_NEWS_R17,0.5406306269056971,0.5420946714480929
2021-04,4,CORE_NEWS_R17,0.059755561571808405,0.059773418764213625
2021-04,5,CORE_NEWS_R17,-0.5433319923134359,-0.5418586136976474
2021-04,6,CORE_NEWS_R17,0.36941907006360586,0.3701022633332619
2021-04,7,CORE_NEWS_R17,-0.07487580621761755,-0.0748477812809027
2021-04,8,CORE_NEWS_R17,0.09082820691246217,0.09086946821967307
2021-04,9,CORE_NEWS_R17,0.36094609611486056,0.36159829099092883
2021-04,10,CORE_NEWS_R17,0.2847506976919827,0.2851564975724108
2021-04,11,CORE_NEWS_R17,-0.137178268640487,-0.13708422226219766
2021-04,12,CORE_NEWS_R17,0.33164143520025247,0.3321919738444786
2021-04,1,CORE_FAST_H0_R17,0.05276104073440245,0.05277496181969485
2021-04,2,CORE_FAST_H0_R17,0.12560615715692347,0.12568507472881976
2021-04,3,CORE_FAST_H0_R17,0.4910896922019846,0.49229751398427574
2021-04,4,CORE_FAST_H0_R17,0.017509729183249764,0.017511262225806016
2021-04,5,CORE_FAST_H0_R17,-0.578943178144679,-0.5772705315748511
2021-04,6,CORE_FAST_H0_R17,0.3398742379481481,0.34045246533264456
2021-04,7,CORE_FAST_H0_R17,-0.0988468507140108,-0.09879801330726865
2021-04,8,CORE_FAST_H0_R17,0.07200086192543498,0.0720267887681684
2021-04,9,CORE_FAST_H0_R17,0.3468841466787349,0.3474864860066565
2021-04,10,CORE_FAST_H0_R17,0.27511897884281655,0.2754977784089225
2021-04,11,CORE_FAST_H0_R17,-0.14267878458115912,-0.1425770467951427
2021-04,12,CORE_FAST_H0_R17,0.3300035491033556,0.33054866027926605
2021-04,1,CORE_NEWS_H0_R17,0.05055861004401298,0.05057139306347578
2021-04,2,CORE_NEWS_H0_R17,0.11529461019612583,0.11536109998241854
2021-04,3,CORE_NEWS_H0_R17,0.4729992896185381,0.474119697068346
2021-04,4,CORE_NEWS_H0_R17,-0.00803074237432215,-0.008030419918838651
2021-04,5,CORE_NEWS_H0_R17,-0.6116093401337571,-0.6097428174234675
2021-04,6,CORE_NEWS_H0_R17,0.30040017012426934,0.3008518235779998
2021-04,7,CORE_NEWS_H0_R17,-0.14481922902084593,-0.14471441657767117
2021-04,8,CORE_NEWS_H0_R17,0.019830448707874704,0.0198324150713319
2021-04,9,CORE_NEWS_H0_R17,0.2888058883344524,0.28922333431292063
2021-04,10,CORE_NEWS_H0_R17,0.21141249805892137,0.21163613184942445
2021-04,11,CORE_NEWS_H0_R17,-0.21174469233806767,-0.2115206714097726
2021-04,12,CORE_NEWS_H0_R17,0.2558360931977793,0.25616363299280387
2021-05,1,CORE_ROBUST_R17,0.18194195399625868,0.18210756879508175
2021-05,2,CORE_ROBUST_R17,0.5430387711474944,0.5445158992647179
2021-05,3,CORE_ROBUST_R17,0.06543248562567289,0.06545389734636768
2021-05,4,CORE_ROBUST_R17,-0.5347325804833505,-0.533305430764849
2021-05,5,CORE_ROBUST_R17,0.38064856284490717,0.3813739495862598
2021-05,6,CORE_ROBUST_R17,-0.061264762481616525,-0.0612459994579098
2021-05,7,CORE_ROBUST_R17,0.10660810329626369,0.10666494993395177
2021-05,8,CORE_ROBUST_R17,0.37871150590674113,0.3794295240499187
2021-05,9,CORE_ROBUST_R17,0.30434242793567323,0.30480601968570986
2021-05,10,CORE_ROBUST_R17,-0.11589946779626908,-0.11583233030292919
2021-05,11,CORE_ROBUST_R17,0.33126150592570014,0.33181078319949775
2021-05,12,CORE_ROBUST_R17,0.10733180915546106,0.10738943035519201
2021-05,1,CORE_NEWS_R17,0.16601929505239327,0.16615718338056032
2021-05,2,CORE_NEWS_R17,0.5234428747760532,0.5248152304462959
2021-05,3,CORE_NEWS_R17,0.042472099524356766,0.04248112019759137
2021-05,4,CORE_NEWS_R17,-0.56078916316699,-0.5592196759479837
2021-05,5,CORE_NEWS_R17,0.3517306483369063,0.35234994645602785
2021-05,6,CORE_NEWS_R17,-0.09283689827968364,-0.09279381816371848
2021-05,7,CORE_NEWS_R17,0.07256569242709515,0.0725920276954203
2021-05,8,CORE_NEWS_R17,0.3423633218435954,0.34295005445899357
2021-05,9,CORE_NEWS_R17,0.26583654983710464,0.2661902085084847
2021-05,10,CORE_NEWS_R17,-0.15642892282940507,-0.15630663656192542
2021-05,11,CORE_NEWS_R17,0.2888306387239925,0.28924815628943434
2021-05,12,CORE_NEWS_R17,0.06311138912902431,0.06313130855646869
2021-05,1,CORE_FAST_H0_R17,0.48966611390889125,0.4908669376333473
2021-05,2,CORE_FAST_H0_R17,0.8391968156951451,0.8427279429633983
2021-05,3,CORE_FAST_H0_R17,0.3528545860693646,0.3534778507209436
2021-05,4,CORE_FAST_H0_R17,-0.2538081345442008,-0.2534863140248593
2021-05,5,CORE_FAST_H0_R17,0.6568414309201169,0.6590033651481265
2021-05,6,CORE_FAST_H0_R17,0.21158606175515063,0.21181006302008737
2021-05,7,CORE_FAST_H0_R17,0.3772063499923505,0.3779186685000002
2021-05,8,CORE_FAST_H0_R17,0.6479076952238536,0.650011157509004
2021-05,9,CORE_FAST_H0_R17,0.5727969757704978,0.5744405943483951
2021-05,10,CORE_FAST_H0_R17,0.15232277105257225,0.15243884111170652
2021-05,11,CORE_FAST_H0_R17,0.5996408515756094,0.6014422962627476
2021-05,12,CORE_FAST_H0_R17,0.37616264653658654,0.3768710261611823
2021-05,1,CORE_NEWS_H0_R17,0.4639240114403188,0.4650018049520147
2021-05,2,CORE_NEWS_H0_R17,0.8171007320244293,0.8204481109970938
2021-05,3,CORE_NEWS_H0_R17,0.3344400442526462,0.3349999189430432
2021-05,4,CORE_NEWS_H0_R17,-0.2685509524027947,-0.2681906769125278
2021-05,5,CORE_NEWS_H0_R17,0.645726158179203,0.6478154641801767
2021-05,6,CORE_NEWS_H0_R17,0.20402848276200178,0.20423676249679973
2021-05,7,CORE_NEWS_H0_R17,0.3731178007683539,0.37381475178111456
2021-05,8,CORE_NEWS_H0_R17,0.6471861008475721,0.6492848753091736
2021-05,9,CORE_NEWS_H0_R17,0.5753310897531618,0.5769892976038691
2021-05,10,CORE_NEWS_H0_R17,0.15799548897912746,0.15812036761069104
2021-05,11,CORE_NEWS_H0_R17,0.6083317880511756,0.6101858836505285
2021-05,12,CORE_NEWS_H0_R17,0.38775012647556484,0.38850284985931666
2021-06,1,CORE_ROBUST_R17,0.6398385045155948,0.6418898438273718
2021-06,2,CORE_ROBUST_R17,0.16044842027440173,0.1605772076221222
2021-06,3,CORE_ROBUST_R17,-0.44069634408543124,-0.43972670266136504
2021-06,4,CORE_ROBUST_R17,0.4743260143306317,0.47545272088638435
2021-06,5,CORE_ROBUST_R17,0.032529386078382655,0.032534677456911264
2021-06,6,CORE_ROBUST_R17,0.20087914826951142,0.20108104559780296
2021-06,7,CORE_ROBUST_R17,0.4737284298267252,0.4748522969447163
2021-06,8,CORE_ROBUST_R17,0.4003021987383769,0.4011044781467853
2021-06,9,CORE_ROBUST_R17,-0.01885658294832565,-0.01885480520646543
2021-06,10,CORE_ROBUST_R17,0.4294832767219462,0.4304068779110476
2021-06,11,CORE_ROBUST_R17,0.2251730931982461,0.22542679819714212
2021-06,12,CORE_ROBUST_R17,0.2724205508955062,0.27279195286010594
2021-06,1,CORE_NEWS_R17,0.6302413076393356,0.6322315069912856
2021-06,2,CORE_NEWS_R17,0.14864165522569384,0.14875218169003965
2021-06,3,CORE_NEWS_R17,-0.454527260768516,-0.4534958488890505
2021-06,4,CORE_NEWS_R17,0.45863210409844846,0.4596854308155258
2021-06,5,CORE_NEWS_R17,0.015113592377403673,0.015114734538316214
2021-06,6,CORE_NEWS_R17,0.18186593359545467,0.18203140998432216
2021-06,7,CORE_NEWS_R17,0.453228359886067,0.4542569930490482
2021-06,8,CORE_NEWS_R17,0.3784141720207055,0.37913106243504835
2021-06,9,CORE_NEWS_R17,-0.042043524023153256,-0.04203468697210445
2021-06,10,CORE_NEWS_R17,0.40507808267262535,0.40589963286996567
2021-06,11,CORE_NEWS_R17,0.19962313135500076,0.1998225109750681
2021-06,12,CORE_NEWS_R17,0.2457931176735079,0.24609543659928115
2021-06,1,CORE_FAST_H0_R17,0.7219594454772175,0.7245718557451541
2021-06,2,CORE_FAST_H0_R17,0.23950016553195227,0.23978719627903178
2021-06,3,CORE_FAST_H0_R17,-0.3640561953372007,-0.3633943142204053
2021-06,4,CORE_FAST_H0_R17,0.549078457922647,0.5505886564805382
2021-06,5,CORE_FAST_H0_R17,0.10581115899410456,0.10586715875053165
2021-06,6,CORE_FAST_H0_R17,0.27302190342044347,0.2733949476393999
2021-06,7,CORE_FAST_H0_R17,0.544995613603258,0.5464834162893181
2021-06,8,CORE_FAST_H0_R17,0.4709027861109512,0.47201327570535595
2021-06,9,CORE_FAST_H0_R17,0.05124289496186485,0.0512560263761617
2021-06,10,CORE_FAST_H0_R17,0.4992124263399734,0.5004605676675794
2021-06,11,CORE_FAST_H0_R17,0.29463501149639926,0.29506948704730385
2021-06,12,CORE_FAST_H0_R17,0.3416962638859239,0.3422807110581496
2021-06,1,CORE_NEWS_H0_R17,0.7082006028317307,0.7107142737414941
2021-06,2,CORE_NEWS_H0_R17,0.22536907684504923,0.2256232238360862
2021-06,3,CORE_NEWS_H0_R17,-0.3783509725655607,-0.3776361270991233
2021-06,4,CORE_NEWS_H0_R17,0.5347801327382136,0.5362126341292769
2021-06,5,CORE_NEWS_H0_R17,0.09163102817805,0.0916730222302226
2021-06,6,CORE_NEWS_H0_R17,0.2590513091956677,0.2593871370258321
2021-06,7,CORE_NEWS_H0_R17,0.5313018806932521,0.5327157920722462
2021-06,8,CORE_NEWS_H0_R17,0.45753431269242095,0.45858259907575105
2021-06,9,CORE_NEWS_H0_R17,0.03823321105419153,0.03824052087789286
2021-06,10,CORE_NEWS_H0_R17,0.4865834268627785,0.48776916644327534
2021-06,11,CORE_NEWS_H0_R17,0.28239952974429017,0.2827986528351001
2021-06,12,CORE_NEWS_H0_R17,0.32986011798555137,0.3304047551550258
2021-07,1,CORE_ROBUST_R17,0.3404895980107926,0.3410699223035828
2021-07,2,CORE_ROBUST_R17,-0.263782223014049,-0.26343462341065066
2021-07,3,CORE_ROBUST_R17,0.6495872103747948,0.6517016038914302
2021-07,4,CORE_ROBUST_R17,0.20727452639031904,0.20748948853170024
2021-07,5,CORE_ROBUST_R17,0.3759774140707375,0.3766850957800402
2021-07,6,CORE_ROBUST_R17,0.6498368675907005,0.6519528884410909
2021-07,7,CORE_ROBUST_R17,0.577910062065303,0.5795831837578986
2021-07,8,CORE_ROBUST_R17,0.16060754442207537,0.16073658741371466
2021-07,9,CORE_ROBUST_R17,0.6110563027405854,0.6129270602856814
2021-07,10,CORE_ROBUST_R17,0.40902593117826125,0.40986358392306854
2021-07,11,CORE_ROBUST_R17,0.5134019574798083,0.5147221236155383
2021-07,12,CORE_ROBUST_R17,0.8207876395873897,0.8241653362484171
2021-07,1,CORE_NEWS_R17,0.3337514857424593,0.33430905614090534
2021-07,2,CORE_NEWS_R17,-0.270621218448052,-0.2702553693248777
2021-07,3,CORE_NEWS_R17,0.6426086634183468,0.6446778227143228
2021-07,4,CORE_NEWS_R17,0.20012843547550094,0.20032882608616442
2021-07,5,CORE_NEWS_R17,0.36864418038583013,0.3693245087846241
2021-07,6,CORE_NEWS_R17,0.6423034674664981,0.6443706597005816
2021-07,7,CORE_NEWS_R17,0.5701685991776024,0.5717971540333133
2021-07,8,CORE_NEWS_R17,0.15265409819211667,0.15277067387222845
2021-07,9,CORE_NEWS_R17,0.602890013361934,0.6047110529856388
2021-07,10,CORE_NEWS_R17,0.4006482736295137,0.4014519417610499
2021-07,11,CORE_NEWS_R17,0.504816166426399,0.5060925100616851
2021-07,12,CORE_NEWS_R17,0.8119982547100953,0.8153039017461915
2021-07,1,CORE_FAST_H0_R17,0.5160939367703197,0.5174279955396135
2021-07,2,CORE_FAST_H0_R17,-0.09883620172713015,-0.09878737484080903
2021-07,3,CORE_FAST_H0_R17,0.8051994294300802,0.8084498783775724
2021-07,4,CORE_FAST_H0_R17,0.3546529128194279,0.35528255038490175
2021-07,5,CORE_FAST_H0_R17,0.5160402831000789,0.5173740642647304
2021-07,6,CORE_FAST_H0_R17,0.783355293966343,0.7864315489716504
2021-07,7,CORE_FAST_H0_R17,0.705535507020796,0.7080302724799837
2021-07,8,CORE_FAST_H0_R17,0.2828940483091174,0.28329457111796963
2021-07,9,CORE_FAST_H0_R17,0.7284783256371522,0.7311381838992437
2021-07,10,CORE_FAST_H0_R17,0.5219927075535191,0.5233574630953687
2021-07,11,CORE_FAST_H0_R17,0.6222690579955364,0.6242091740578757
2021-07,12,CORE_FAST_H0_R17,0.9258662947051359,0.9301656953399376
2021-07,1,CORE_NEWS_H0_R17,0.4914006037496804,0.49260995662750146
2021-07,2,CORE_NEWS_H0_R17,-0.11560604078607362,-0.11553924274607856
2021-07,3,CORE_NEWS_H0_R17,0.7963723038194929,0.799551782609545
2021-07,4,CORE_NEWS_H0_R17,0.35370368033257515,0.3543299499618641
2021-07,5,CORE_NEWS_H0_R17,0.5228409013590108,0.5242100996024427
2021-07,6,CORE_NEWS_H0_R17,0.7977309522563599,0.8009213034476739
2021-07,7,CORE_NEWS_H0_R17,0.7272775987984155,0.7299286853495063
2021-07,8,CORE_NEWS_H0_R17,0.3117703682664164,0.3122568775449319
2021-07,9,CORE_NEWS_H0_R17,0.7642410554583127,0.7671688310812154
2021-07,10,CORE_NEWS_H0_R17,0.5643846412198805,0.5659802917926535
2021-07,11,CORE_NEWS_H0_R17,0.6710284268944651,0.6732848669374472
2021-07,12,CORE_NEWS_H0_R17,0.9807304803387042,0.9855554019736366
2021-08,1,CORE_ROBUST_R17,-0.05274073820551206,-0.052726832722905244
2021-08,2,CORE_ROBUST_R17,0.8569317648533193,0.8606139354827582
2021-08,3,CORE_ROBUST_R17,0.4126447366951767,0.4134972873539044
2021-08,4,CORE_ROBUST_R17,0.5807021891224877,0.5823915327201291
2021-08,5,CORE_ROBUST_R17,0.8549326325214995,0.8585976184939914
2021-08,6,CORE_ROBUST_R17,0.7841455900767992,0.7872280633674567
2021-08,7,CORE_ROBUST_R17,0.36855570551671407,0.3692357071954159
2021-08,8,CORE_ROBUST_R17,0.8211353517893942,0.8245159147833623
2021-08,9,CORE_ROBUST_R17,0.621532433003679,0.6234679537152512
2021-08,10,CORE_ROBUST_R17,0.7285370268191227,0.7311973142853252
2021-08,11,CORE_ROBUST_R17,1.1211176739423503,1.127425749746914
2021-08,12,CORE_ROBUST_R17,0.5657199550954111,0.5673231722473676
2021-08,1,CORE_NEWS_R17,-0.0068318139777224784,-0.0068315806146256874
2021-08,2,CORE_NEWS_R17,0.9050283494743254,0.9091361138334102
2021-08,3,CORE_NEWS_R17,0.4626469345420376,0.46371879781561726
2021-08,4,CORE_NEWS_R17,0.6323765882157502,0.6343803104256764
2021-08,5,CORE_NEWS_R17,0.9080851177443148,0.9122207194320407
2021-08,6,CORE_NEWS_R17,0.8386138530790668,0.8421400692720007
2021-08,7,CORE_NEWS_R17,0.42420323417456346,0.42510424968912947
2021-08,8,CORE_NEWS_R17,0.8778466042321275,0.881710977013115
2021-08,9,CORE_NEWS_R17,0.6792089601717171,0.6815208153749479
2021-08,10,CORE_NEWS_R17,0.7870943546799325,0.7902000852918182
2021-08,11,CORE_NEWS_R17,1.1804827942242788,1.18747799096024
2021-08,12,CORE_NEWS_R17,0.6258293035877911,0.6277917068028397
2021-08,1,CORE_FAST_H0_R17,-0.12908346007001215,-0.12900018320776643
2021-08,2,CORE_FAST_H0_R17,0.7768986785266819,0.7799243667453027
2021-08,3,CORE_FAST_H0_R17,0.32790936786761654,0.32844757875581276
2021-08,4,CORE_FAST_H0_R17,0.49054250290953716,0.49174763239699276
2021-08,5,CORE_FAST_H0_R17,0.758854125584817,0.7617407205663439
2021-08,6,CORE_FAST_H0_R17,0.6818316280864825,0.6841613919440966
2021-08,7,CORE_FAST_H0_R17,0.259828000932574,0.2601658464252801
2021-08,8,CORE_FAST_H0_R17,0.7059225435068248,0.7084200500557892
2021-08,9,CORE_FAST_H0_R17,0.4998451376201644,0.5010964474298744
2021-08,10,CORE_FAST_H0_R17,0.6004480578197602,0.6022543606641817
2021-08,11,CORE_FAST_H0_R17,0.9867463863119722,0.9916307807759077
2021-08,12,CORE_FAST_H0_R17,0.42521988180880016,0.4261252243255121
2021-08,1,CORE_NEWS_H0_R17,-0.12199356120505367,-0.1219191793102917
2021-08,2,CORE_NEWS_H0_R17,0.7904271724165701,0.7935592949349097
2021-08,3,CORE_NEWS_H0_R17,0.34791269180094847,0.3485186104920962
2021-08,4,CORE_NEWS_H0_R17,0.5169834471999489,0.518322112521855
2021-08,5,CORE_NEWS_H0_R17,0.7916400346671012,0.7947817893801365
2021-08,6,CORE_NEWS_H0_R17,0.720828634083163,0.7234328572499713
2021-08,7,CORE_NEWS_H0_R17,0.30487225328762485,0.3053374613850832
2021-08,8,CORE_NEWS_H0_R17,0.7568290433340825,0.7597002331003252
2021-08,9,CORE_NEWS_H0_R17,0.5564146632914229,0.5579655247516851
2021-08,10,CORE_NEWS_H0_R17,0.6624725706391424,0.664671773863906
2021-08,11,CORE_NEWS_H0_R17,1.054013226999131,1.0595875137717985
2021-08,12,CORE_NEWS_H0_R17,0.4975150060319931,0.49875466691848375
2021-09,1,CORE_ROBUST_R17,1.0012599620892835,1.0062893413529355
2021-09,2,CORE_ROBUST_R17,0.5546469098328501,0.5561879235501007
2021-09,3,CORE_ROBUST_R17,0.7215258452675192,0.7241351147372255
2021-09,4,CORE_ROBUST_R17,0.9954616622441087,1.0004328636241497
2021-09,5,CORE_ROBUST_R17,0.9250546964745775,0.9293465512251384
2021-09,6,CORE_ROBUST_R17,0.5103538621770791,0.5116583857849988
2021-09,7,CORE_ROBUST_R17,0.9642004881361573,0.968863877131876
2021-09,8,CORE_ROBUST_R17,0.7661391056020731,0.7690814606253532
2021-09,9,CORE_ROBUST_R17,0.8748784832962083,0.8787167302657448
2021-09,10,CORE_ROBUST_R17,1.2693234346559066,1.2774135381868323
2021-09,11,CORE_ROBUST_R17,0.7705899794660545,0.773566665149716
2021-09,12,CORE_ROBUST_R17,0.12294765142539654,0.12302326303474245
2021-09,1,CORE_NEWS_R17,1.0648180331999804,1.0705073962754867
2021-09,2,CORE_NEWS_R17,0.6227977919137533,0.6247412097882419
2021-09,3,CORE_NEWS_R17,0.7936132376373871,0.7967706946308021
2021-09,4,CORE_NEWS_R17,1.0709474112823085,1.076702579664699
2021-09,5,CORE_NEWS_R17,1.0034958218627443,1.0085477255920425
2021-09,6,CORE_NEWS_R17,0.5913841451097563,0.5931362733786135
2021-09,7,CORE_NEWS_R17,1.0475157107457527,1.0530213639681296
2021-09,8,CORE_NEWS_R17,0.8514852129124474,0.8551206593553063
2021-09,9,CORE_NEWS_R17,0.9620420846784878,0.9666845852018232
2021-09,10,CORE_NEWS_R17,1.3581241782914284,1.3673885778831947
2021-09,11,CORE_NEWS_R17,0.8608744265501023,0.8645906066683631
2021-09,12,CORE_NEWS_R17,0.2145843514319007,0.2148147484204522
2021-09,1,CORE_FAST_H0_R17,0.8411292419734182,0.8446766731667221
2021-09,2,CORE_FAST_H0_R17,0.39101617166832897,0.3917816372737802
2021-09,3,CORE_FAST_H0_R17,0.5527502989934305,0.5542807820758185
2021-09,4,CORE_FAST_H0_R17,0.8203427154952551,0.8237167462440856
2021-09,5,CORE_FAST_H0_R17,0.7427448530581563,0.7455100445080803
2021-09,6,CORE_FAST_H0_R17,0.3202809339532365,0.3207943813482086
2021-09,7,CORE_FAST_H0_R17,0.7660072429666781,0.7689485839464834
2021-09,8,CORE_FAST_H0_R17,0.5596352502313705,0.5612041336072795
2021-09,9,CORE_FAST_H0_R17,0.6600025009520484,0.6621853170295418
2021-09,10,CORE_FAST_H0_R17,1.046112293861126,1.051603178755431
2021-09,11,CORE_FAST_H0_R17,0.5391551278825157,0.5406111847677721
2021-09,12,CORE_FAST_H0_R17,-0.11654397361599766,-0.11647608750201932
2021-09,1,CORE_NEWS_H0_R17,0.8606041673261167,0.8643180111768709
2021-09,2,CORE_NEWS_H0_R17,0.4173046515429408,0.4181765798478331
2021-09,3,CORE_NEWS_H0_R17,0.5858176726708151,0.5875369400166095
2021-09,4,CORE_NEWS_H0_R17,0.860094851890838,0.8638042949447705
2021-09,5,CORE_NEWS_H0_R17,0.789043364920479,0.7921645157563612
2021-09,6,CORE_NEWS_H0_R17,0.37295518321652305,0.37365152647360256
2021-09,7,CORE_NEWS_H0_R17,0.8248637873269292,0.8282751619453946
2021-09,8,CORE_NEWS_H0_R17,0.6244652505865769,0.6264190997515726
2021-09,9,CORE_NEWS_H0_R17,0.7305875050247337,0.7332628067086692
2021-09,10,CORE_NEWS_H0_R17,1.1222287278832335,1.128549336237835
2021-09,11,CORE_NEWS_H0_R17,0.6205777614908276,0.6225073347168391
2021-09,12,CORE_NEWS_H0_R17,-0.030039377493388808,-0.030034866124128246
2021-10,1,CORE_ROBUST_R17,0.5864455181269053,0.5881684762792141
2021-10,2,CORE_ROBUST_R17,0.7527684482987327,0.7556088727823758
2021-10,3,CORE_ROBUST_R17,1.0264097198941815,1.0316953731338177
2021-10,4,CORE_ROBUST_R17,0.9559098637074135,0.9604932748302477
2021-10,5,CORE_ROBUST_R17,0.5412703256694178,0.5427378400418936
2021-10,6,CORE_ROBUST_R17,0.9952948167997255,1.000264349143689
2021-10,7,CORE_ROBUST_R17,0.7974981131580712,0.8006865997646854
2021-10,8,CORE_ROBUST_R17,0.9065655013838241,0.9106872524676904
2021-10,9,CORE_ROBUST_R17,1.3013833152156065,1.3098881613856785
2021-10,10,CORE_ROBUST_R17,0.8030530813478725,0.8062862013670076
2021-10,11,CORE_ROBUST_R17,0.17363478191543302,0.1737856143894663
2021-10,12,CORE_ROBUST_R17,1.079311452849447,1.0851570306451235
2021-10,1,CORE_NEWS_R17,0.6350517851741413,0.6370725143175545
2021-10,2,CORE_NEWS_R17,0.8060478545310878,0.8093051661985105
2021-10,3,CORE_NEWS_R17,1.0836204332132229,1.089512864057595
2021-10,4,CORE_NEWS_R17,1.0164487786474654,1.0216321665205086
2021-10,5,CORE_NEWS_R17,0.6046458000603567,0.6064774726275288
2021-10,6,CORE_NEWS_R17,1.0611048369977487,1.0667545197095385
2021-10,7,CORE_NEWS_R17,0.8654128033358174,0.8691683257097463
2021-10,8,CORE_NEWS_R17,0.9763131092127018,0.9810945937338299
2021-10,9,CORE_NEWS_R17,1.3727389797493748,1.3822043030849975
2021-10,10,CORE_NEWS_R17,0.8758298277003391,0.8796764388573771
2021-10,11,CORE_NEWS_R17,0.24767629835490534,0.2479832694779947
2021-10,12,CORE_NEWS_R17,1.1544862947589682,1.1611762077049577
2021-10,1,CORE_FAST_H0_R17,0.42610474621227756,0.4270138632910329
2021-10,2,CORE_FAST_H0_R17,0.5876864376448176,0.5894167022392706
2021-10,3,CORE_FAST_H0_R17,0.8551569054325932,0.85882381726061
2021-10,4,CORE_FAST_H0_R17,0.7774614840242553,0.7804915632961943
2021-10,5,CORE_FAST_H0_R17,0.3549195177423439,0.35555010286524125
2021-10,6,CORE_FAST_H0_R17,0.8005833890141925,0.803796626987365
2021-10,7,CORE_FAST_H0_R17,0.5941614460856104,0.5959300863300939
2021-10,8,CORE_FAST_H0_R17,0.6944887366516688,0.6969059020856505
2021-10,9,CORE_FAST_H0_R17,1.0805665614370508,1.0864257670938013
2021-10,10,CORE_FAST_H0_R17,0.5735838209594838,0.5752319626089788
2021-10,11,CORE_FAST_H0_R17,-0.06433397336489877,-0.06431328350136248
2021-10,12,CORE_FAST_H0_R17,0.8330444865316875,0.8365239572497052
2021-10,1,CORE_NEWS_H0_R17,0.44973477170585885,0.4507475963025149
2021-10,2,CORE_NEWS_H0_R17,0.6183419576678527,0.6202576380005727
2021-10,3,CORE_NEWS_H0_R17,0.8924162121242067,0.8964101175148518
2021-10,4,CORE_NEWS_H0_R17,0.8209380415434968,0.8243169778793474
2021-10,5,CORE_NEWS_H0_R17,0.40425738634181435,0.40507560871713344
2021-10,6,CORE_NEWS_H0_R17,0.8554534413750664,0.8591229003678282
2021-10,7,CORE_NEWS_H0_R17,0.6542582236079665,0.6564031679972462
2021-10,8,CORE_NEWS_H0_R17,0.7595278235479519,0.7624195526478341
2021-10,9,CORE_NEWS_H0_R17,1.15028237861498,1.1569235660762838
2021-10,10,CORE_NEWS_H0_R17,0.6477277610061088,0.6498300538617013
2021-10,11,CORE_NEWS_H0_R17,0.014004866687893136,0.014005847415130508
2021-10,12,CORE_NEWS_H0_R17,0.9153590282150624,0.9195612509898257
2021-11,1,CORE_ROBUST_R17,0.8257367066163022,0.8291553152499338
2021-11,2,CORE_ROBUST_R17,1.0980426675173234,1.1040932818454583
2021-11,3,CORE_ROBUST_R17,1.0268415581735968,1.0321316676108239
2021-11,4,CORE_ROBUST_R17,0.6119896632386884,0.6138661459853679
2021-11,5,CORE_ROBUST_R17,1.0661754821986877,1.0718793861781364
2021-11,6,CORE_ROBUST_R17,0.8688224935006468,0.8726077104573416
2021-11,7,CORE_ROBUST_R17,0.978543773727158,0.9833471683008391
2021-11,8,CORE_ROBUST_R17,1.3741686752031208,1.3836537702122842
2021-11,9,CORE_ROBUST_R17,0.8767538867921264,0.8806086309862724
2021-11,10,CORE_ROBUST_R17,0.24832423029940442,0.2486328102896027
2021-11,11,CORE_ROBUST_R17,1.2078053518146148,1.215128775187235
2021-11,12,CORE_ROBUST_R17,0.7225255087391436,0.7251420221559116
2021-11,1,CORE_NEWS_R17,0.8737563221296654,0.8775847148328216
2021-11,2,CORE_NEWS_R17,1.152601624611535,1.159269671182197
2021-11,3,CORE_NEWS_R17,1.0870116473872091,1.0929410840750677
2021-11,4,CORE_NEWS_R17,0.6770093340598076,0.679306222709694
2021-11,5,CORE_NEWS_R17,1.1354174604221992,1.1418877896974684
2021-11,6,CORE_NEWS_R17,0.9417678276566396,0.9462164150174072
2021-11,7,CORE_NEWS_R17,1.054761027139175,1.0603432403344133
2021-11,8,CORE_NEWS_R17,1.4532972368044945,1.463908945334879
2021-11,9,CORE_NEWS_R17,0.9584905790902958,0.9630988114314223
2021-11,10,CORE_NEWS_R17,0.33241255709305495,0.33296566032534664
2021-11,11,CORE_NEWS_R17,1.2940268596457927,1.302435618600118
2021-11,12,CORE_NEWS_R17,0.8106928411694293,0.8139878537079478
2021-11,1,CORE_FAST_H0_R17,0.8201676619416656,0.8235402508995411
2021-11,2,CORE_FAST_H0_R17,1.0788104612901495,1.084650603809276
2021-11,3,CORE_FAST_H0_R17,0.9940529051303783,0.9990100228634936
2021-11,4,CORE_FAST_H0_R17,0.5658612310473202,0.5674652497908496
2021-11,5,CORE_FAST_H0_R17,1.0070053360782516,1.0120926971386262
2021-11,6,CORE_FAST_H0_R17,0.7969675801569356,0.8001518202754944
2021-11,7,CORE_FAST_H0_R17,0.8944022203288069,0.8984139483959899
2021-11,8,CORE_FAST_H0_R17,1.2781659247988393,1.2863693794498186
2021-11,9,CORE_FAST_H0_R17,0.7693318880689924,0.7722988495521453
2021-11,10,CORE_FAST_H0_R17,0.1299330567427861,0.13001750631096648
2021-11,11,CORE_FAST_H0_R17,1.0788967510217264,1.084737829520581
2021-11,12,CORE_FAST_H0_R17,0.5835479831562315,0.5852539411462949
2021-11,1,CORE_NEWS_H0_R17,0.8556109041336528,0.8592817160500709
2021-11,2,CORE_NEWS_H0_R17,1.1342038450728136,1.1406603236709671
2021-11,3,CORE_NEWS_H0_R17,1.0682525842289232,1.0739787740400024
2021-11,4,CORE_NEWS_H0_R17,0.6578098193397423,0.6599781399998206
2021-11,5,CORE_NEWS_H0_R17,1.1157217310198886,1.1219691187941725
2021-11,6,CORE_NEWS_H0_R17,0.9215384657473528,0.9257977049220949
2021-11,7,CORE_NEWS_H0_R17,1.0339749315011857,1.0393389238006847
2021-11,8,CORE_NEWS_H0_R17,1.431942417846578,1.442243824627962
2021-11,9,CORE_NEWS_H0_R17,0.9365636119563204,0.9409630928721525
2021-11,10,CORE_NEWS_H0_R17,0.3099165603741214,0.3103972982465639
2021-11,11,CORE_NEWS_H0_R17,1.270969893766987,1.2790810431168542
2021-11,12,CORE_NEWS_H0_R17,0.7870866417454153,0.7901923114099858
2021-12,1,CORE_ROBUST_R17,1.2323283928672684,1.2399528464524583
2021-12,2,CORE_ROBUST_R17,1.1585715901261118,1.1653090249682398
2021-12,3,CORE_ROBUST_R17,0.7423238075974714,0.7450858610041974
2021-12,4,CORE_ROBUST_R17,1.1960091502504864,1.2031899387619704
2021-12,5,CORE_ROBUST_R17,0.9988412025864593,1.0038462716771506
2021-12,6,CORE_ROBUST_R17,1.1092666666158026,1.115441841233126
2021-12,7,CORE_ROBUST_R17,1.5059832585608717,1.5173803272117437
2021-12,8,CORE_ROBUST_R17,1.00994374878066,1.0150608929101146
2021-12,9,CORE_ROBUST_R17,0.3830911451352874,0.38382587719424566
2021-12,10,CORE_ROBUST_R17,1.3442868973739643,1.35336305796465
2021-12,11,CORE_ROBUST_R17,0.9155193081471298,0.9197230049236709
2021-12,12,CORE_ROBUST_R17,1.040048549001186,1.0454758531363657
2021-12,1,CORE_NEWS_R17,1.2949939192319773,1.303415278251745
2021-12,2,CORE_NEWS_R17,1.232231862423064,1.2398551191234317
2021-12,3,CORE_NEWS_R17,0.8256950725024388,0.8291133359333412
2021-12,4,CORE_NEWS_R17,1.2880186453109759,1.2963493339821064
2021-12,5,CORE_NEWS_R17,1.0985872460370207,1.1046438745192095
2021-12,6,CORE_NEWS_R17,1.2159866148307934,1.223409789825672
2021-12,7,CORE_NEWS_R17,1.6190277633371588,1.6322050363484701
2021-12,8,CORE_NEWS_R17,1.1287560599182496,1.135150547874363
2021-12,9,CORE_NEWS_R17,0.507190454418571,0.5084788424766425
2021-12,10,CORE_NEWS_R17,1.4732549205776226,1.4841608122606023
2021-12,11,CORE_NEWS_R17,1.0489894621207163,1.054510645234048
2021-12,12,CORE_NEWS_R17,1.177697209242662,1.1846593670278123
2021-12,1,CORE_FAST_H0_R17,1.3868249465170794,1.396485972523488
2021-12,2,CORE_FAST_H0_R17,1.2892392463669964,1.297585765837722
2021-12,3,CORE_FAST_H0_R17,0.8507850570916888,0.8544145188295218
2021-12,4,CORE_FAST_H0_R17,1.2837191499688205,1.2919941957858712
2021-12,5,CORE_FAST_H0_R17,1.067113384324465,1.0728273459289228
2021-12,6,CORE_FAST_H0_R17,1.1592936167179042,1.1660394680380628
2021-12,7,CORE_FAST_H0_R17,1.5388537949651913,1.5507551196050486
2021-12,8,CORE_FAST_H0_R17,1.0266569372571481,1.0319451413356149
2021-12,9,CORE_FAST_H0_R17,0.3845678491483848,0.38530826012465214
2021-12,10,CORE_FAST_H0_R17,1.3313793380012795,1.3402816567147087
2021-12,11,CORE_FAST_H0_R17,0.8890190160415035,0.8929825268440689
2021-12,12,CORE_FAST_H0_R17,1.0006930147861062,1.005716690542791
2021-12,1,CORE_NEWS_H0_R17,1.4350220916620204,1.4453679629552145
2021-12,2,CORE_NEWS_H0_R17,1.374016696259601,1.3834996885234685
2021-12,3,CORE_NEWS_H0_R17,0.9700893366931713,0.9748099556914003
2021-12,4,CORE_NEWS_H0_R17,1.4356443499526148,1.4459992171318017
2021-12,5,CORE_NEWS_H0_R17,1.2498848043985578,1.2577285095468898
2021-12,6,CORE_NEWS_H0_R17,1.371254022459463,1.3806988318293558
2021-12,7,CORE_NEWS_H0_R17,1.7784517983561878,1.7943604214806785
2021-12,8,CORE_NEWS_H0_R17,1.2924371074273873,1.3008251736836487
2021-12,9,CORE_NEWS_H0_R17,0.6751622369687253,0.6774465953477469
2021-12,10,CORE_NEWS_H0_R17,1.6455001599570735,1.6591130782038988
2021-12,11,CORE_NEWS_H0_R17,1.2254522923202635,1.2329917248306
2021-12,12,CORE_NEWS_H0_R17,1.3582929961871124,1.3675597043199477
2022-01,1,CORE_ROBUST_R17,1.0902494001952074,1.096214276602361
2022-01,2,CORE_ROBUST_R17,0.6751706895730116,0.6774551052142728
2022-01,3,CORE_ROBUST_R17,1.12948656071793,1.1358893436563247
2022-01,4,CORE_ROBUST_R17,0.9325335432658364,0.9368951846929711
2022-01,5,CORE_ROBUST_R17,1.0428559335122165,1.0483126279939665
2022-01,6,CORE_ROBUST_R17,1.4392287993760302,1.4496355628369149
2022-01,7,CORE_ROBUST_R17,0.9426661050286744,0.9471231961100872
2022-01,8,CORE_ROBUST_R17,0.31515916021255297,0.3156563088264874
2022-01,9,CORE_ROBUST_R17,1.2756074356734493,1.2837780118538134
2022-01,10,CORE_ROBUST_R17,0.8460290613752675,0.8496180012571736
2022-01,11,CORE_ROBUST_R17,0.9880598756862462,0.9929573038269702
2022-01,12,CORE_ROBUST_R17,1.252313500842429,1.2601877822623595
2022-01,1,CORE_NEWS_R17,1.1321383834694974,1.1385713237404615
2022-01,2,CORE_NEWS_R17,0.7238109073528838,0.7264367500563417
2022-01,3,CORE_NEWS_R17,1.1839080726845912,1.1909440032083445
2022-01,4,CORE_NEWS_R17,0.9919413818351361,0.996877427754097
2022-01,5,CORE_NEWS_R17,1.1065960600541733,1.1127414816666439
2022-01,6,CORE_NEWS_R17,1.5067608216521322,1.518169691961283
2022-01,7,CORE_NEWS_R17,1.0135414059803107,1.0186951338944343
2022-01,8,CORE_NEWS_R17,0.3890033580884247,0.38976095819619705
2022-01,9,CORE_NEWS_R17,1.352106311373326,1.3612886068861312
2022-01,10,CORE_NEWS_R17,0.9249172616047348,0.9292078392043922
2022-01,11,CORE_NEWS_R17,1.0691118386962524,1.0748472604491746
2022-01,12,CORE_NEWS_R17,1.3353361620758901,1.3442915927091132
2022-01,1,CORE_FAST_H0_R17,1.0589792102272673,1.0646062405516898
2022-01,2,CORE_FAST_H0_R17,0.6291589592370272,0.6311423215357638
2022-01,3,CORE_FAST_H0_R17,1.0690002027422127,1.074734424642124
2022-01,4,CORE_FAST_H0_R17,0.8579201576003002,0.8616108394021118
2022-01,5,CORE_FAST_H0_R17,0.9545209663956942,0.9590910469910299
2022-01,6,CORE_FAST_H0_R17,1.3376176057645448,1.3466037320284447
2022-01,7,CORE_FAST_H0_R17,0.8282499169537526,0.8316893958477352
2022-01,8,CORE_FAST_H0_R17,0.18842416396278983,0.1886017938389646
2022-01,9,CORE_FAST_H0_R17,1.1370463209099253,1.1435352633617024
2022-01,10,CORE_FAST_H0_R17,0.6961345334255414,0.6985631821520701
2022-01,11,CORE_FAST_H0_R17,0.8273197247311246,0.830751471677286
2022-01,12,CORE_FAST_H0_R17,1.0812069036493792,1.0870730682213907
2022-01,1,CORE_NEWS_H0_R17,1.1072849980863069,1.1134380881976353
2022-01,2,CORE_NEWS_H0_R17,0.6987098483052325,0.7011565206265078
2022-01,3,CORE_NEWS_H0_R17,1.1584040337418957,1.1651395161763685
2022-01,4,CORE_NEWS_H0_R17,0.9659203600611033,0.9706004272078116
2022-01,5,CORE_NEWS_H0_R17,1.0799765830455337,1.0858293807842954
2022-01,6,CORE_NEWS_H0_R17,1.4794869549347476,1.490485537106928
2022-01,7,CORE_NEWS_H0_R17,0.9855771832509231,0.9904499904403473
2022-01,8,CORE_NEWS_H0_R17,0.3603283485166775,0.3609783115429441
2022-01,9,CORE_NEWS_H0_R17,1.3227120953965728,1.3314986292758746
2022-01,10,CORE_NEWS_H0_R17,0.8948046324194137,0.8988199766299012
2022-01,11,CORE_NEWS_H0_R17,1.0382885832637425,1.043697503031336
2022-01,12,CORE_NEWS_H0_R17,1.3038153047493113,1.312352037222851
2022-02,1,CORE_ROBUST_R17,0.8351254986433763,0.8386223993606031
2022-02,2,CORE_ROBUST_R17,1.2864173791585565,1.2947273228129772
2022-02,3,CORE_ROBUST_R17,1.0877998631480577,1.0937379177101776
2022-02,4,CORE_ROBUST_R17,1.19750761379583,1.2047064430320316
2022-02,5,CORE_ROBUST_R17,1.5940698792664687,1.6068429534882813
2022-02,6,CORE_ROBUST_R17,1.0983057603259978,1.1043592797940691
2022-02,7,CORE_ROBUST_R17,0.4720523787707379,0.47316830123414505
2022-02,8,CORE_ROBUST_R17,1.4340874726289097,1.4444198396687005
2022-02,9,CORE_ROBUST_R17,1.0063333224477053,1.0114138843880611
2022-02,10,CORE_ROBUST_R17,1.1503505469814646,1.1569925231221683
2022-02,11,CORE_ROBUST_R17,1.4965341430209724,1.507788285840219
2022-02,12,CORE_ROBUST_R17,1.354859918073837,1.3640797365491248
2022-02,1,CORE_NEWS_R17,0.8959127458146885,0.8999380561645197
2022-02,2,CORE_NEWS_R17,1.358766701862916,1.3680398893410213
2022-02,3,CORE_NEWS_R17,1.1703567167605817,1.1772321873130762
2022-02,4,CORE_NEWS_R17,1.2891404690925268,1.2974857068928167
2022-02,5,CORE_NEWS_R17,1.6938280140202613,1.7082546195840147
2022-02,6,CORE_NEWS_R17,1.2053853728497381,1.2126794199986626
2022-02,7,CORE_NEWS_R17,0.5857693650044936,0.5874883485366401
2022-02,8,CORE_NEWS_R17,1.5538555397500318,1.5659906474841014
2022-02,9,CORE_NEWS_R17,1.131646377102107,1.1380737167537909
2022-02,10,CORE_NEWS_R17,1.2807685083447076,1.289005476136656
2022-02,11,CORE_NEWS_R17,1.6316715005993943,1.6450559577283304
2022-02,12,CORE_NEWS_R17,1.4943764899301035,1.5055981235369345
2022-02,1,CORE_FAST_H0_R17,0.722957342151324,0.7255769879127925
2022-02,2,CORE_FAST_H0_R17,1.1598231351104078,1.166575162242312
2022-02,3,CORE_FAST_H0_R17,0.9463627295316137,0.9508549011743038
2022-02,4,CORE_FAST_H0_R17,1.0410592499775024,1.0464971259083353
2022-02,5,CORE_FAST_H0_R17,1.422632458666749,1.4328000327501922
2022-02,6,CORE_FAST_H0_R17,0.9120460253122734,0.9162178383800827
2022-02,7,CORE_FAST_H0_R17,0.271245276686364,0.2716134795226573
2022-02,8,CORE_FAST_H0_R17,1.219087437125542,1.2265485965480973
2022-02,9,CORE_FAST_H0_R17,0.7775516524347924,0.7805824355045377
2022-02,10,CORE_FAST_H0_R17,0.9082376459752829,0.9123746391745202
2022-02,11,CORE_FAST_H0_R17,1.2415656300038242,1.2493050529099168
2022-02,12,CORE_FAST_H0_R17,1.0875258195923825,1.093460877215829
2022-02,1,CORE_NEWS_H0_R17,0.7782818154824394,0.7813183007631896
2022-02,2,CORE_NEWS_H0_R17,1.2403329098859752,1.2480569400502322
2022-02,3,CORE_NEWS_H0_R17,1.0503601045406241,1.0558957507165818
2022-02,4,CORE_NEWS_H0_R17,1.1670190962972544,1.17385533166099
2022-02,5,CORE_NEWS_H0_R17,1.5691760536028818,1.581552271180952
2022-02,6,CORE_NEWS_H0_R17,1.07791970213091,1.0837501870357156
2022-02,7,CORE_NEWS_H0_R17,0.4553029478509315,0.45634102659229975
2022-02,8,CORE_NEWS_H0_R17,1.4202762361647867,1.430410078447881
2022-02,9,CORE_NEWS_H0_R17,0.9949000895518142,0.9998656743666796
2022-02,10,CORE_NEWS_H0_R17,1.14084579254366,1.147378256299641
2022-02,11,CORE_NEWS_H0_R17,1.4885969431729626,1.4997317295593937
2022-02,12,CORE_NEWS_H0_R17,1.3482002951298233,1.3573294958107864
2022-03,1,CORE_ROBUST_R17,1.1561696902130045,1.1628791646801977
2022-03,2,CORE_ROBUST_R17,0.9598312119214331,0.9644523649544932
2022-03,3,CORE_ROBUST_R17,1.0707643110590837,1.0765175081660803
2022-03,4,CORE_ROBUST_R17,1.4677388677206245,1.4785630466979898
2022-03,5,CORE_ROBUST_R17,0.9717649935119248,0.9765019611557091
2022-03,6,CORE_ROBUST_R17,0.3448311989321795,0.34542642569017035
2022-03,7,CORE_ROBUST_R17,1.3058349840013552,1.314398242440026
2022-03,8,CORE_ROBUST_R17,0.8767931573380167,0.8806482473597577
2022-03,9,CORE_ROBUST_R17,1.0193407427076784,1.0245537180607114
2022-03,10,CORE_ROBUST_R17,1.363931104336437,1.373275078082371
2022-03,11,CORE_ROBUST_R17,1.218148524870551,1.225598172539851
2022-03,12,CORE_ROBUST_R17,0.810996005400402,0.8142934861222213
2022-03,1,CORE_NEWS_R17,1.1904672157720668,1.1975814796954924
2022-03,2,CORE_NEWS_R17,0.9998360985261824,1.0048511598414591
2022-03,3,CORE_NEWS_R17,1.1155996759142182,1.1218456943432316
2022-03,4,CORE_NEWS_R17,1.5166899751192102,1.528250087267645
2022-03,5,CORE_NEWS_R17,1.024247486891258,1.029510856090306
2022-03,6,CORE_NEWS_R17,0.4003656534447979,0.40116818739308846
2022-03,7,CORE_NEWS_R17,1.3640265171518542,1.373371801224347
2022-03,8,CORE_NEWS_R17,0.9373150876435102,0.941721642518365
2022-03,9,CORE_NEWS_R17,1.0819214882696233,1.087795423479508
2022-03,10,CORE_NEWS_R17,1.4283436747593754,1.4385932445787124
2022-03,11,CORE_NEWS_R17,1.2842020892053252,1.2924833757505008
2022-03,12,CORE_NEWS_R17,0.8785291221865341,0.8823995151529411
2022-03,1,CORE_FAST_H0_R17,0.8090937575021416,0.8123757665831831
2022-03,2,CORE_FAST_H0_R17,0.6109914274670573,0.6128617873952193
2022-03,3,CORE_FAST_H0_R17,0.7179744083479138,0.7205580241352417
2022-03,4,CORE_FAST_H0_R17,1.1093767853851344,1.1155531883745935
2022-03,5,CORE_FAST_H0_R17,0.6066536867090383,0.6084975569368444
2022-03,6,CORE_FAST_H0_R17,-0.02785639417416763,-0.027852514640926754
2022-03,7,CORE_FAST_H0_R17,0.9250183004591732,0.9293098169713052
2022-03,8,CORE_FAST_H0_R17,0.4875085431237537,0.4886987994362117
2022-03,9,CORE_FAST_H0_R17,0.6214153585485084,0.6233501494073299
2022-03,10,CORE_FAST_H0_R17,0.957320000084461,0.9619169655103293
2022-03,11,CORE_FAST_H0_R17,0.8029043956142939,0.8061363169123043
2022-03,12,CORE_FAST_H0_R17,0.38724522965718605,0.38799599278196334
2022-03,1,CORE_NEWS_H0_R17,0.8583919142676086,0.8620866618983626
2022-03,2,CORE_NEWS_H0_R17,0.6665982259273987,0.6688249368903562
2022-03,3,CORE_NEWS_H0_R17,0.7789716398255566,0.7820135172280264
2022-03,4,CORE_NEWS_H0_R17,1.17501270695495,1.1819430989915924
2022-03,5,CORE_NEWS_H0_R17,0.6763105868470074,0.6786027313214124
2022-03,6,CORE_NEWS_H0_R17,0.045311813988018645,0.04532208134116916
2022-03,7,CORE_NEWS_H0_R17,1.0012753539519428,1.0063048881034649
2022-03,8,CORE_NEWS_H0_R17,0.5665024818466392,0.5681101415333032
2022-03,9,CORE_NEWS_H0_R17,0.7028513239728532,0.7053271208824234
2022-03,10,CORE_NEWS_H0_R17,1.040949479461472,1.0463862067078877
2022-03,11,CORE_NEWS_H0_R17,0.888516584115361,0.8924756095620752
2022-03,12,CORE_NEWS_H0_R17,0.4746600885213253,0.4757883840025888
2022-04,1,CORE_ROBUST_R17,0.9587017894946392,0.9633120562258574
2022-04,2,CORE_ROBUST_R17,1.0696540494803322,1.075395300656778
2022-04,3,CORE_ROBUST_R17,1.4666383613724978,1.4774462748147572
2022-04,4,CORE_ROBUST_R17,0.9706669965728801,0.9753932483418489
2022-04,5,CORE_ROBUST_R17,0.34373017948375284,0.3443216091117507
2022-04,6,CORE_ROBUST_R17,1.3047267680106078,1.313275466299178
2022-04,7,CORE_ROBUST_R17,0.8756746445053389,0.8795198906738416
2022-04,8,CORE_ROBUST_R17,1.0182096797737854,1.0234110732415038
2022-04,9,CORE_ROBUST_R17,1.362785904325285,1.372114157972313
2022-04,10,CORE_ROBUST_R17,1.216988123051119,1.2244235556720768
2022-04,11,CORE_ROBUST_R17,0.8092404459308189,0.8125236467815689
2022-04,12,CORE_ROBUST_R17,1.26734949257328,1.275414400431782
2022-04,1,CORE_NEWS_R17,0.9872354262091856,0.9921246713509321
2022-04,2,CORE_NEWS_R17,1.1028702267658868,1.1089742596664625
2022-04,3,CORE_NEWS_R17,1.503768933749601,1.5151324275593978
2022-04,4,CORE_NEWS_R17,1.011089029526227,1.0162178055775801
2022-04,5,CORE_NEWS_R17,0.38693732817594984,0.38768689713117344
2022-04,6,CORE_NEWS_R17,1.3503063592078468,1.3594641685964515
2022-04,7,CORE_NEWS_R17,0.9232893221248752,0.9275647861572591
2022-04,8,CORE_NEWS_R17,1.0675827023285105,1.073301700017969
2022-04,9,CORE_NEWS_R17,1.4136893648356441,1.4237292078799815
2022-04,10,CORE_NEWS_R17,1.2692335078330943,1.2773224626675617
2022-04,11,CORE_NEWS_R17,0.8626710653418408,0.8664027953095242
2022-04,12,CORE_NEWS_R17,1.321834410138705,1.3306092615537595
2022-04,1,CORE_FAST_H0_R17,0.8567876611070446,0.8604685916642844
2022-04,2,CORE_FAST_H0_R17,0.9548729150837805,0.9594463718127537
2022-04,3,CORE_FAST_H0_R17,1.3391571105977045,1.3481639799011575
2022-04,4,CORE_FAST_H0_R17,0.830739466702971,0.8341996821655058
2022-04,5,CORE_FAST_H0_R17,0.19167374964485517,0.19185756119710715
2022-04,6,CORE_FAST_H0_R17,1.1409039353382682,1.1474370662291293
2022-04,7,CORE_FAST_H0_R17,0.7004785708509065,0.7029376604373068
2022-04,8,CORE_FAST_H0_R17,0.8320529005541073,0.8355240813751883
2022-04,9,CORE_FAST_H0_R17,1.166091553512817,1.1729169052182842
2022-04,10,CORE_FAST_H0_R17,1.0101831581808554,1.015302732750999
2022-04,11,CORE_FAST_H0_R17,0.5927504608699337,0.5945107026426739
2022-04,12,CORE_FAST_H0_R17,1.041594788862731,1.0470382706416248
2022-04,1,CORE_NEWS_H0_R17,0.9118353331987958,0.9160052160918667
2022-04,2,CORE_NEWS_H0_R17,1.0274552363745897,1.03275168168131
2022-04,3,CORE_NEWS_H0_R17,1.427812962311251,1.4380548987656965
2022-04,4,CORE_NEWS_H0_R17,0.9341976632650242,0.9385749097285799
2022-04,5,CORE_NEWS_H0_R17,0.30882016657051414,0.309297507295243
2022-04,6,CORE_NEWS_H0_R17,1.2707549558153723,1.278863356168592
2022-04,7,CORE_NEWS_H0_R17,0.8421596000666998,0.8457157398075121
2022-04,8,CORE_NEWS_H0_R17,0.9847809463635075,0.9896458704261112
2022-04,9,CORE_NEWS_H0_R17,1.3291610717196258,1.3380336843500837
2022-04,10,CORE_NEWS_H0_R17,1.1829545204719885,1.1899790993232868
2022-04,11,CORE_NEWS_H0_R17,0.7746405312866032,0.7776486333594637
2022-04,12,CORE_NEWS_H0_R17,1.232069196995003,1.2396904370136745
2022-05,1,CORE_ROBUST_R17,1.184714872565248,1.1917604149171979
2022-05,2,CORE_ROBUST_R17,1.5797696179103151,1.5923139482578155
2022-05,3,CORE_ROBUST_R17,1.082796004213468,1.0886794562332653
2022-05,4,CORE_ROBUST_R17,0.45557172212998553,0.4566110277615048
2022-05,5,CORE_ROBUST_R17,1.4168269560786124,1.4269115198496096
2022-05,6,CORE_ROBUST_R17,0.9884459354571542,0.9933471977591818
2022-05,7,CORE_ROBUST_R17,1.1319588302517236,1.1383897263442715
2022-05,8,CORE_ROBUST_R17,1.4777362707822415,1.4887087748131216
2022-05,9,CORE_ROBUST_R17,1.333297444231504,1.342225489613224
2022-05,10,CORE_ROBUST_R17,0.9270150137331505,0.9313251060174594
2022-05,11,CORE_ROBUST_R17,1.4061513444476832,1.4160841546405174
2022-05,12,CORE_ROBUST_R17,1.1927333827477964,1.1998748118524927
2022-05,1,CORE_NEWS_R17,1.2214708352766015,1.228961256987267
2022-05,2,CORE_NEWS_R17,1.623249653449229,1.6364959269412844
2022-05,3,CORE_NEWS_R17,1.1320700994309612,1.1385022622630228
2022-05,4,CORE_NEWS_R17,0.5098751264360457,0.5111772017042017
2022-05,5,CORE_NEWS_R17,1.4755281659339452,1.4864678224555716
2022-05,6,CORE_NEWS_R17,1.051021030116403,1.0565636571846104
2022-05,7,CORE_NEWS_R17,1.1979708911003777,1.205175302554175
2022-05,8,CORE_NEWS_R17,1.5468188700113792,1.5588440356001338
2022-05,9,CORE_NEWS_R17,1.4051413913225403,1.4150599049014299
2022-05,10,CORE_NEWS_R17,1.0013577104133413,1.0063880733562143
2022-05,11,CORE_NEWS_R17,1.4827682285338517,1.493815772251224
2022-05,12,CORE_NEWS_R17,1.271431045106668,1.279548094032806
2022-05,1,CORE_FAST_H0_R17,1.4644201151644876,1.4751952801771746
2022-05,2,CORE_FAST_H0_R17,1.8271543660477414,1.8439489632375177
2022-05,3,CORE_FAST_H0_R17,1.3014967664484716,1.310003098768011
2022-05,4,CORE_FAST_H0_R17,0.6486390848267269,0.6507473039179466
2022-05,5,CORE_FAST_H0_R17,1.5868356988692367,1.5994927970380879
2022-05,6,CORE_FAST_H0_R17,1.1375834770611526,1.144078563542122
2022-05,7,CORE_FAST_H0_R17,1.2620963209077753,1.2700943687947968
2022-05,8,CORE_FAST_H0_R17,1.5904857851812226,1.603201333899706
2022-05,9,CORE_FAST_H0_R17,1.4300580389010513,1.4403322863538297
2022-05,10,CORE_FAST_H0_R17,1.0090098608315616,1.0141175298346454
2022-05,11,CORE_FAST_H0_R17,1.474457712290976,1.4853814626781445
2022-05,12,CORE_FAST_H0_R17,1.2483068800486956,1.2561307517983575
2022-05,1,CORE_NEWS_H0_R17,1.5201779900049783,1.5317914695055594
2022-05,2,CORE_NEWS_H0_R17,1.9210712730286055,1.9396425792593448
2022-05,3,CORE_NEWS_H0_R17,1.431173509294985,1.441463829538995
2022-05,4,CORE_NEWS_H0_R17,0.8118946760114429,0.8151994786204476
2022-05,5,CORE_NEWS_H0_R17,1.7816767993879135,1.7976433435913617
2022-05,6,CORE_NEWS_H0_R17,1.3621792941772268,1.3714992263056505
2022-05,7,CORE_NEWS_H0_R17,1.5147579049754853,1.5262885092098553
2022-05,8,CORE_NEWS_H0_R17,1.8696488768002726,1.8872362477890012
2022-05,9,CORE_NEWS_H0_R17,1.7342687858517032,1.7493945408586218
2022-05,10,CORE_NEWS_H0_R17,1.3369128588734986,1.3458894975062383
2022-05,11,CORE_NEWS_H0_R17,1.8247859316906447,1.8415368847240088
2022-05,12,CORE_NEWS_H0_R17,1.6198731259950176,1.633064200689728
2022-06,1,CORE_ROBUST_R17,1.68209450756032,1.6963213750656312
2022-06,2,CORE_ROBUST_R17,1.183326350137632,1.1903553543837502
2022-06,3,CORE_ROBUST_R17,0.5551564176256193,0.5567002664688953
2022-06,4,CORE_ROBUST_R17,1.5161206165559578,1.5276720291272659
2022-06,5,CORE_ROBUST_R17,1.0879489789781773,1.0938886645890666
2022-06,6,CORE_ROBUST_R17,1.2320494807130824,1.23967047631286
2022-06,7,CORE_ROBUST_R17,1.5786961022759924,1.591223344738221
2022-06,8,CORE_ROBUST_R17,1.4353317612572865,1.4456821089020084
2022-06,9,CORE_ROBUST_R17,1.03026910285537,1.035594648413947
2022-06,10,CORE_ROBUST_R17,1.5107234257343234,1.5221925348018035
2022-06,11,CORE_ROBUST_R17,1.3308535285145187,1.339748801300751
2022-06,12,CORE_ROBUST_R17,1.4121174883883727,1.422134964698418
2022-06,1,CORE_NEWS_R17,1.7248699259933684,1.7398317072647262
2022-06,2,CORE_NEWS_R17,1.2341988425650847,1.241846506554469
2022-06,3,CORE_NEWS_R17,0.6130689251033355,0.6149520389330324
2022-06,4,CORE_NEWS_R17,1.5801993741358882,1.5927505484898692
2022-06,5,CORE_NEWS_R17,1.1574682627987827,1.1641928466255522
2022-06,6,CORE_NEWS_R17,1.3064033353771856,1.3149740658526996
2022-06,7,CORE_NEWS_R17,1.6573756559733042,1.6711863189920622
2022-06,8,CORE_NEWS_R17,1.5179070144216547,1.5294857334934255
2022-06,9,CORE_NEWS_R17,1.1163742988218486,1.1226290103584673
2022-06,10,CORE_NEWS_R17,1.6000452900095317,1.6129145610977507
2022-06,11,CORE_NEWS_R17,1.4231218058004012,1.4332963924641953
2022-06,12,CORE_NEWS_R17,1.5070973205282998,1.5185113000361554
2022-06,1,CORE_FAST_H0_R17,1.697115367657954,1.7115981845491866
2022-06,2,CORE_FAST_H0_R17,1.1759285446868717,1.1828697656477598
2022-06,3,CORE_FAST_H0_R17,0.5266474843676766,0.528036709934777
2022-06,4,CORE_FAST_H0_R17,1.467705395452226,1.4785290795266848
2022-06,5,CORE_FAST_H0_R17,1.0207422112777735,1.0259695553503831
2022-06,6,CORE_FAST_H0_R17,1.147086285231302,1.1536905480004698
2022-06,7,CORE_FAST_H0_R17,1.4769407335902733,1.4879013976006672
2022-06,8,CORE_FAST_H0_R17,1.3176849745785215,1.3264047004530897
2022-06,9,CORE_FAST_H0_R17,0.8975743863237674,0.9016146643384583
2022-06,10,CORE_FAST_H0_R17,1.3637723096349705,1.3731141028206542
2022-06,11,CORE_FAST_H0_R17,1.1703901398597591,1.1772660038853864
2022-06,12,CORE_FAST_H0_R17,1.238842486433142,1.2465479265094335
2022-06,1,CORE_NEWS_H0_R17,1.7589154115855807,1.7744754239863287
2022-06,2,CORE_NEWS_H0_R17,1.2680425549184988,1.2761163046262696
2022-06,3,CORE_NEWS_H0_R17,0.646967382194921,0.6490647367901333
2022-06,4,CORE_NEWS_H0_R17,1.6143469821807606,1.6274479665811783
2022-06,5,CORE_NEWS_H0_R17,1.1920102790108964,1.1991430344217482
2022-06,6,CORE_NEWS_H0_R17,1.3414462111574739,1.3504839678434646
2022-06,7,CORE_NEWS_H0_R17,1.6929952857907944,1.7074076697624994
2022-06,8,CORE_NEWS_H0_R17,1.5541553105324355,1.566295113105271
2022-06,9,CORE_NEWS_H0_R17,1.1532844278776149,1.1599603923375854
2022-06,10,CORE_NEWS_H0_R17,1.6376358403361215,1.65111859498758
2022-06,11,CORE_NEWS_H0_R17,1.4614001003127433,1.4721307604835845
2022-06,12,CORE_NEWS_H0_R17,1.546062047199882,1.5580754180099199
2022-07,1,CORE_ROBUST_R17,1.2418943481734983,1.249637878319323
2022-07,2,CORE_ROBUST_R17,0.6126519466880916,0.614532497175222
2022-07,3,CORE_ROBUST_R17,1.573041987985823,1.5854794232470013
2022-07,4,CORE_ROBUST_R17,1.1446806509707597,1.151257189433815
2022-07,5,CORE_ROBUST_R17,1.2888855384912008,1.29722746893254
2022-07,6,CORE_ROBUST_R17,1.635859006751134,1.6493124398191024
2022-07,7,CORE_ROBUST_R17,1.492987314255211,1.5041880422534237
2022-07,8,CORE_ROBUST_R17,1.0885383872784269,1.0944845221159154
2022-07,9,CORE_ROBUST_R17,1.5696923272740473,1.5820767113438619
2022-07,10,CORE_ROBUST_R17,1.3905803241253096,1.4002938649531547
2022-07,11,CORE_ROBUST_R17,1.5097238419128625,1.5211777404619016
2022-07,12,CORE_ROBUST_R17,1.8719171996617958,1.889547405473944
2022-07,1,CORE_NEWS_R17,1.280560850370538,1.2887951416582162
2022-07,2,CORE_NEWS_R17,0.6586775932937511,0.6608516448622488
2022-07,3,CORE_NEWS_R17,1.6254746611158999,1.638757371926363
2022-07,4,CORE_NEWS_R17,1.2027326707680162,1.2099945847552194
2022-07,5,CORE_NEWS_R17,1.3519020747974644,1.3610815902724327
2022-07,6,CORE_NEWS_R17,1.7032927434811036,1.7178814862943612
2022-07,7,CORE_NEWS_R17,1.5643781191798205,1.5766785718364373
2022-07,8,CORE_NEWS_R17,1.16349698922164,1.170291942897234
2022-07,9,CORE_NEWS_R17,1.6478872021718902,1.6615397531110454
2022-07,10,CORE_NEWS_R17,1.4717271509596155,1.4826103799281698
2022-07,11,CORE_NEWS_R17,1.5935770171904602,1.606342173126813
2022-07,12,CORE_NEWS_R17,1.958263001243443,1.9775627452160291
2022-07,1,CORE_FAST_H0_R17,1.3526278609207065,1.3618172576066658
2022-07,2,CORE_FAST_H0_R17,0.6955131554291526,0.6979374653818117
2022-07,3,CORE_FAST_H0_R17,1.630304150375815,1.6436661233304082
2022-07,4,CORE_FAST_H0_R17,1.1783274332910532,1.185297059093868
2022-07,5,CORE_FAST_H0_R17,1.3006606809163337,1.309156064030466
2022-07,6,CORE_FAST_H0_R17,1.6273064682127072,1.6406192149496432
2022-07,7,CORE_FAST_H0_R17,1.4654837803508767,1.476274642242579
2022-07,8,CORE_FAST_H0_R17,1.04331964901606,1.0487812057724275
2022-07,9,CORE_FAST_H0_R17,1.507874737863213,1.5193005256089325
2022-07,10,CORE_FAST_H0_R17,1.3131783005167614,1.3218383525507216
2022-07,11,CORE_FAST_H0_R17,1.4176641853311507,1.4277606991775837
2022-07,12,CORE_FAST_H0_R17,1.7660508553673109,1.781737743560642
2022-07,1,CORE_NEWS_H0_R17,1.4150463977012149,1.4251055705576456
2022-07,2,CORE_NEWS_H0_R17,0.7919459958023533,0.7950901827105559
2022-07,3,CORE_NEWS_H0_R17,1.7585857515734251,1.7741399147912946
2022-07,4,CORE_NEWS_H0_R17,1.3364934952009335,1.3454644905532107
2022-07,5,CORE_NEWS_H0_R17,1.4869194908461363,1.498029134227926
2022-07,6,CORE_NEWS_H0_R17,1.8400153970360478,1.8570479873901165
2022-07,7,CORE_NEWS_H0_R17,1.7031299287427681,1.717715874726599
2022-07,8,CORE_NEWS_H0_R17,1.3045038412938266,1.313049612192262
2022-07,9,CORE_NEWS_H0_R17,1.7912982200691618,1.8074381942953848
2022-07,10,CORE_NEWS_H0_R17,1.6176316267437651,1.6307861218483002
2022-07,11,CORE_NEWS_H0_R17,1.7420178782495817,1.7572795009583513
2022-07,12,CORE_NEWS_H0_R17,2.1092475085397373,2.131649360066051
2022-08,1,CORE_ROBUST_R17,0.5432363293871683,0.5447145334366261
2022-08,2,CORE_ROBUST_R17,1.5048233843769654,1.5162028601537316
2022-08,3,CORE_ROBUST_R17,1.0771079578877012,1.0829296488430933
2022-08,4,CORE_ROBUST_R17,1.2215334584223208,1.2290246497670343
2022-08,5,CORE_ROBUST_R17,1.568402107457459,1.5807660877150107
2022-08,6,CORE_ROBUST_R17,1.4251793154273693,1.4353834137726802
2022-08,7,CORE_ROBUST_R17,1.0201956268766375,1.0254173646687927
2022-08,8,CORE_ROBUST_R17,1.5006805697638161,1.5119973191814111
2022-08,9,CORE_ROBUST_R17,1.3208042404715055,1.329565389730393
2022-08,10,CORE_ROBUST_R17,1.4391186253102213,1.4495237917102384
2022-08,11,CORE_ROBUST_R17,1.8348952494359856,1.851832889703585
2022-08,12,CORE_ROBUST_R17,1.305103563423265,1.313657210792745
2022-08,1,CORE_NEWS_R17,0.5728028738981414,0.5744465263574533
2022-08,2,CORE_NEWS_R17,1.539820659673791,1.551736982764253
2022-08,3,CORE_NEWS_R17,1.1167747743014236,1.1230339825028621
2022-08,4,CORE_NEWS_R17,1.2652446163933646,1.2732827007928544
2022-08,5,CORE_NEWS_R17,1.615642011904974,1.6287640807623214
2022-08,6,CORE_NEWS_R17,1.4755208266251443,1.4864603740505802
2022-08,7,CORE_NEWS_R17,1.0732831025652498,1.0790634469671152
2022-08,8,CORE_NEWS_R17,1.5562162621811957,1.5683883669093894
2022-08,9,CORE_NEWS_R17,1.3785373791511915,1.388083018646913
2022-08,10,CORE_NEWS_R17,1.4988366502350807,1.5101255368959665
2022-08,11,CORE_NEWS_R17,1.896416766130545,1.914512960966812
2022-08,12,CORE_NEWS_R17,1.3682726771684688,1.3776763681940185
2022-08,1,CORE_FAST_H0_R17,0.591479310462846,0.5932320032374829
2022-08,2,CORE_FAST_H0_R17,1.529320536189834,1.5410744847784839
2022-08,3,CORE_FAST_H0_R17,1.0797840037293327,1.085634710572745
2022-08,4,CORE_FAST_H0_R17,1.2040693990540217,1.211347496423455
2022-08,5,CORE_FAST_H0_R17,1.5322769045099218,1.5440764573108918
2022-08,6,CORE_FAST_H0_R17,1.3717035911757127,1.3811546087601336
2022-08,7,CORE_FAST_H0_R17,0.9505389594629929,0.9550709290275657
2022-08,8,CORE_FAST_H0_R17,1.4158936480078235,1.4259648987158955
2022-08,9,CORE_FAST_H0_R17,1.221836890419514,1.2293318114842817
2022-08,10,CORE_FAST_H0_R17,1.3268345190404172,1.335676029038496
2022-08,11,CORE_FAST_H0_R17,1.7100839452899679,1.724789587470688
2022-08,12,CORE_FAST_H0_R17,1.1684903977194114,1.175343914984083
2022-08,1,CORE_NEWS_H0_R17,0.6625433948815347,0.6647430688802936
2022-08,2,CORE_NEWS_H0_R17,1.628534980530123,1.6418678901462451
2022-08,3,CORE_NEWS_H0_R17,1.2051920006666987,1.2124837030201867
2022-08,4,CORE_NEWS_H0_R17,1.3539218394958568,1.3631288662913115
2022-08,5,CORE_NEWS_H0_R17,1.7050000211107994,1.7196181077548098
2022-08,6,CORE_NEWS_H0_R17,1.5658726139915176,1.5781966413712945
2022-08,7,CORE_NEWS_H0_R17,1.1648566042740487,1.1716674787660308
2022-08,8,CORE_NEWS_H0_R17,1.6491724925872233,1.662846407534706
2022-08,9,CORE_NEWS_H0_R17,1.4729848818771256,1.48388676612155
2022-08,10,CORE_NEWS_H0_R17,1.5948430057109575,1.6076285058972173
2022-08,11,CORE_NEWS_H0_R17,1.9940177469556926,2.014031082651279
2022-08,12,CORE_NEWS_H0_R17,1.4674795242648833,1.478299869027015
2022-09,1,CORE_ROBUST_R17,1.409942007792176,1.4199285698319455
2022-09,2,CORE_ROBUST_R17,0.9838794125583341,0.9887354187328852
2022-09,3,CORE_ROBUST_R17,1.1291868746754605,1.1355862539661932
2022-09,4,CORE_ROBUST_R17,1.4763428047258649,1.487294573958517
2022-09,5,CORE_ROBUST_R17,1.3329524636697856,1.341875879237516
2022-09,6,CORE_ROBUST_R17,0.9274572307519702,0.9317714425012857
2022-09,7,CORE_ROBUST_R17,1.407174308256504,1.4171216097841288
2022-09,8,CORE_ROBUST_R17,1.226342988263549,1.2338934069967766
2022-09,9,CORE_ROBUST_R17,1.343569717066947,1.352636174210835
2022-09,10,CORE_ROBUST_R17,1.7381687360633944,1.7533627939658574
2022-09,11,CORE_ROBUST_R17,1.1924518906046397,1.1995899425569552
2022-09,12,CORE_ROBUST_R17,0.5789668426539931,0.5806460948854794
2022-09,1,CORE_NEWS_R17,1.4328958097006403,1.4432109713275056
2022-09,2,CORE_NEWS_R17,1.0107435885935392,1.0158688548153363
2022-09,3,CORE_NEWS_R17,1.159321551104792,1.166067728154874
2022-09,4,CORE_NEWS_R17,1.509228972508595,1.5206753444575152
2022-09,5,CORE_NEWS_R17,1.3681681610214271,1.3775704122080885
2022-09,6,CORE_NEWS_R17,0.9646584714206234,0.9693262987098544
2022-09,7,CORE_NEWS_R17,1.4460798072575558,1.4565861234541133
2022-09,8,CORE_NEWS_R17,1.2667219264253682,1.274778832209155
2022-09,9,CORE_NEWS_R17,1.385231937427487,1.394870730150931
2022-09,10,CORE_NEWS_R17,1.7809568865095131,1.7969104918849736
2022-09,11,CORE_NEWS_R17,1.2362351242294927,1.2439080967014096
2022-09,12,CORE_NEWS_R17,0.6236357649765909,0.6255844215470686
2022-09,1,CORE_FAST_H0_R17,1.3850391503789687,1.394675254160728
2022-09,2,CORE_FAST_H0_R17,0.9405891815636633,0.9450266233933543
2022-09,3,CORE_FAST_H0_R17,1.0689438278045094,1.0746774438396194
2022-09,4,CORE_FAST_H0_R17,1.400406733993335,1.410258363003899
2022-09,5,CORE_FAST_H0_R17,1.2424377412454666,1.2501880633317788
2022-09,6,CORE_FAST_H0_R17,0.8233565660018192,0.8267554681330166
2022-09,7,CORE_FAST_H0_R17,1.2903780197219075,1.298739322321776
2022-09,8,CORE_FAST_H0_R17,1.0976546742738045,1.1037010055556071
2022-09,9,CORE_FAST_H0_R17,1.2037190326068727,1.2109928864423374
2022-09,10,CORE_FAST_H0_R17,1.5878218426261554,1.6004947190335541
2022-09,11,CORE_FAST_H0_R17,1.032220033014813,1.0375658015295635
2022-09,12,CORE_FAST_H0_R17,0.4094134166197827,0.41025265828011054
2022-09,1,CORE_NEWS_H0_R17,1.4602187302134848,1.4709320061525764
2022-09,2,CORE_NEWS_H0_R17,1.0377012875177196,1.0431040794368538
2022-09,3,CORE_NEWS_H0_R17,1.1861411374436441,1.1932036877482488
2022-09,4,CORE_NEWS_H0_R17,1.5360844302305066,1.5479428477461723
2022-09,5,CORE_NEWS_H0_R17,1.395191359228543,1.4049695758965575
2022-09,6,CORE_NEWS_H0_R17,0.9919479532257209,0.9968840646536097
2022-09,7,CORE_NEWS_H0_R17,1.4737078025903663,1.4846204168114372
2022-09,8,CORE_NEWS_H0_R17,1.2947399448972106,1.3031579939034146
2022-09,9,CORE_NEWS_H0_R17,1.4136752261115728,1.4237148678597797
2022-09,10,CORE_NEWS_H0_R17,1.809847980479361,1.8263249818329503
2022-09,11,CORE_NEWS_H0_R17,1.265586672088119,1.273629112416057
2022-09,12,CORE_NEWS_H0_R17,0.6534527751234007,0.6555924357883307
2022-10,1,CORE_ROBUST_R17,0.9436004638736364,0.9480664088908938
2022-10,2,CORE_ROBUST_R17,1.0896147772347786,1.0955726988502392
2022-10,3,CORE_ROBUST_R17,1.4371335855141356,1.4475099982774005
2022-10,4,CORE_ROBUST_R17,1.2938410744132718,1.3022474138093836
2022-10,5,CORE_ROBUST_R17,0.8882412564630789,0.8921978250600587
2022-10,6,CORE_ROBUST_R17,1.367700959394989,1.3770967756566992
2022-10,7,CORE_ROBUST_R17,1.1864987185245486,1.1935655361467477
2022-10,8,CORE_ROBUST_R17,1.3032719404675415,1.3118015435844543
2022-10,9,CORE_ROBUST_R17,1.6973592223251692,1.7118462133308734
2022-10,10,CORE_ROBUST_R17,1.151091502087388,1.1577420538001062
2022-10,11,CORE_ROBUST_R17,0.5019872101609776,0.5032492768775928
2022-10,12,CORE_ROBUST_R17,1.4957284277151963,1.5069704253482634
2022-10,1,CORE_NEWS_R17,0.9606240719937811,0.9652528749580176
2022-10,2,CORE_NEWS_R17,1.1093846912224157,1.1155611824060103
2022-10,3,CORE_NEWS_R17,1.4591501700684464,1.4698477340074196
2022-10,4,CORE_NEWS_R17,1.3177021399999675,1.3264220935589857
2022-10,5,CORE_NEWS_R17,0.9136226942257762,0.9178089655587942
2022-10,6,CORE_NEWS_R17,1.3943412428810764,1.4041075193372963
2022-10,7,CORE_NEWS_R17,1.2141864991728077,1.2215876677766997
2022-10,8,CORE_NEWS_R17,1.3318361183998246,1.3407445603143726
2022-10,9,CORE_NEWS_R17,1.7266609976612435,1.7416539568842284
2022-10,10,CORE_NEWS_R17,1.1810180109442387,1.188019564710249
2022-10,11,CORE_NEWS_R17,0.5324464286523062,0.5338664438038938
2022-10,12,CORE_NEWS_R17,1.5266450905910705,1.5383578449115163
2022-10,1,CORE_FAST_H0_R17,0.9352405504543233,0.9396275906845025
2022-10,2,CORE_FAST_H0_R17,1.0633798962042316,1.069053874368673
2022-10,3,CORE_FAST_H0_R17,1.394670562000307,1.4044414630009125
2022-10,4,CORE_FAST_H0_R17,1.2365637769382383,1.244240838094591
2022-10,5,CORE_FAST_H0_R17,0.8173723678432309,0.8207219758187969
2022-10,6,CORE_FAST_H0_R17,1.284305634482231,1.2925882593871978
2022-10,7,CORE_FAST_H0_R17,1.0915117393692575,1.097490461773532
2022-10,8,CORE_FAST_H0_R17,1.1975196579704295,1.2047186323043124
2022-10,9,CORE_FAST_H0_R17,1.5815773162041948,1.5941504473829022
2022-10,10,CORE_FAST_H0_R17,1.025939385164439,1.0312201870999134
2022-10,11,CORE_FAST_H0_R17,0.36805973828870797,0.3687379099137646
2022-10,12,CORE_FAST_H0_R17,1.3535654448911167,1.3627676142125784
2022-10,1,CORE_NEWS_H0_R17,1.0044915692991638,1.0095535206241655
2022-10,2,CORE_NEWS_H0_R17,1.1525784306730882,1.1592462083661774
2022-10,3,CORE_NEWS_H0_R17,1.5020447644789248,1.5133821499299132
2022-10,4,CORE_NEWS_H0_R17,1.3605852865596861,1.3698833697644404
2022-10,5,CORE_NEWS_H0_R17,0.9567131572772124,0.9613042872381625
2022-10,6,CORE_NEWS_H0_R17,1.4378032101595961,1.4481893180809984
2022-10,7,CORE_NEWS_H0_R17,1.258141038315018,1.2660889295943007
2022-10,8,CORE_NEWS_H0_R17,1.3763703150909101,1.3858858977450024
2022-10,9,CORE_NEWS_H0_R17,1.7718352404464557,1.7876253614915794
2022-10,10,CORE_NEWS_H0_R17,1.2268717946570278,1.234428739712916
2022-10,11,CORE_NEWS_H0_R17,0.5790029739568178,0.580682435989868
2022-10,12,CORE_NEWS_H0_R17,1.5739150175761387,1.586366298413166
2022-11,1,CORE_ROBUST_R17,1.0275854783306104,1.0328832687990128
2022-11,2,CORE_ROBUST_R17,1.376185156064007,1.385698172799052
2022-11,3,CORE_ROBUST_R17,1.2334719926824267,1.2411106329862867
2022-11,4,CORE_ROBUST_R17,0.8280645724559095,0.8315025100325489
2022-11,5,CORE_ROBUST_R17,1.3074206671375967,1.316004780504809
2022-11,6,CORE_ROBUST_R17,1.125890889559273,1.1322528950299025
2022-11,7,CORE_ROBUST_R17,1.2421696645336395,1.2499166355207174
2022-11,8,CORE_ROBUST_R17,1.635640592094162,1.649090423064481
2022-11,9,CORE_ROBUST_R17,1.0886700315326028,1.0946176072836773
2022-11,10,CORE_ROBUST_R17,0.43880419830538075,0.4397683536631913
2022-11,11,CORE_ROBUST_R17,1.4259039012394923,1.4361184028321787
2022-11,12,CORE_ROBUST_R17,0.9992308259884009,1.0042398070657388
2022-11,1,CORE_NEWS_R17,1.0391071127401363,1.0445245788643618
2022-11,2,CORE_NEWS_R17,1.3893602990895197,1.3990567635281266
2022-11,3,CORE_NEWS_R17,1.2479303266495683,1.2557494691140538
2022-11,4,CORE_NEWS_R17,0.8435118240227519,0.8470794089543074
2022-11,5,CORE_NEWS_R17,1.323623299388278,1.3324219701429922
2022-11,6,CORE_NEWS_R17,1.142663860630899,1.1492172012213828
2022-11,7,CORE_NEWS_R17,1.2593666392222016,1.2673300553044995
2022-11,8,CORE_NEWS_R17,1.6531461156084444,1.6668861860658377
2022-11,9,CORE_NEWS_R17,1.106393272743024,1.1125364380648655
2022-11,10,CORE_NEWS_R17,0.45667394837649766,0.45771829299688205
2022-11,11,CORE_NEWS_R17,1.4438645763677609,1.4543386507120222
2022-11,12,CORE_NEWS_R17,1.0172392732325564,1.0224307402088921
2022-11,1,CORE_FAST_H0_R17,1.0023394521692512,1.0073797001116656
2022-11,2,CORE_FAST_H0_R17,1.335597786533063,1.3445567345087057
2022-11,3,CORE_FAST_H0_R17,1.1790651363251836,1.1860435088536543
2022-11,4,CORE_FAST_H0_R17,0.7611330351135273,0.7640370156420636
2022-11,5,CORE_FAST_H0_R17,1.2290737480592087,1.2366578992031647
2022-11,6,CORE_FAST_H0_R17,1.03708580999158,1.0424821837533473
2022-11,7,CORE_FAST_H0_R17,1.1437384942290274,1.1503041905342366
2022-11,8,CORE_FAST_H0_R17,1.5283119649718138,1.5400503758912039
2022-11,9,CORE_FAST_H0_R17,0.9730866839392743,0.9778365667356598
2022-11,10,CORE_FAST_H0_R17,0.3155371570693166,0.31603549957084065
2022-11,11,CORE_FAST_H0_R17,1.2954639836865853,1.303891470717477
2022-11,12,CORE_FAST_H0_R17,0.8620779820494984,0.8658045753009316
2022-11,1,CORE_NEWS_H0_R17,1.0666067133855648,1.0723152405829819
2022-11,2,CORE_NEWS_H0_R17,1.4163890654020823,1.426467381832992
2022-11,3,CORE_NEWS_H0_R17,1.2747288395040974,1.282888140369221
2022-11,4,CORE_NEWS_H0_R17,0.8702652274187006,0.8740630442810782
2022-11,5,CORE_NEWS_H0_R17,1.350472753859816,1.3596328254644103
2022-11,6,CORE_NEWS_H0_R17,1.1697156876732395,1.1765836139037618
2022-11,7,CORE_NEWS_H0_R17,1.286699619445999,1.2950132177459928
2022-11,8,CORE_NEWS_H0_R17,1.680817310745981,1.6950225211832068
2022-11,9,CORE_NEWS_H0_R17,1.134442667561697,1.1409018706016596
2022-11,10,CORE_NEWS_H0_R17,0.48512814930271797,0.4863068011287536
2022-11,11,CORE_NEWS_H0_R17,1.472739756224525,1.4836380033867207
2022-11,12,CORE_NEWS_H0_R17,1.0465435135760361,1.0520389341301013
2022-12,1,CORE_ROBUST_R17,1.2157802040893597,1.2232008540506534
2022-12,2,CORE_ROBUST_R17,1.075827173374887,1.0816350026258839
2022-12,3,CORE_ROBUST_R17,0.6718672911808891,0.6741293827123315
2022-12,4,CORE_ROBUST_R17,1.1516588765924833,1.1583159986666565
2022-12,5,CORE_ROBUST_R17,0.9697910788867817,0.9745087908873444
2022-12,6,CORE_ROBUST_R17,1.0851473456835081,1.0910564242200433
2022-12,7,CORE_ROBUST_R17,1.4772607792299675,1.4882262057236737
2022-12,8,CORE_ROBUST_R17,0.9286157103588045,0.9329407232631903
2022-12,9,CORE_ROBUST_R17,0.27685118304046363,0.2772347698347274
2022-12,10,CORE_ROBUST_R17,1.2619007976304157,1.269896362380876
2022-12,11,CORE_ROBUST_R17,0.7920346219413976,0.7951795135469163
2022-12,12,CORE_ROBUST_R17,0.9697156843813628,0.9744326616845412
2022-12,1,CORE_NEWS_R17,1.2183533243500702,1.225805482250333
2022-12,2,CORE_NEWS_R17,1.078295850458045,1.0841304125861553
2022-12,3,CORE_NEWS_R17,0.6740754021674825,0.6763524037671841
2022-12,4,CORE_NEWS_R17,1.1534903737250282,1.1601687272897867
2022-12,5,CORE_NEWS_R17,0.9711615320081307,0.9758926086771014
2022-12,6,CORE_NEWS_R17,1.0859971983143413,1.09191555287326
2022-12,7,CORE_NEWS_R17,1.4775499744509069,1.4885197052480699
2022-12,8,CORE_NEWS_R17,0.9283194114852215,0.932641660539813
2022-12,9,CORE_NEWS_R17,0.27595636913298605,0.2763374792065196
2022-12,10,CORE_NEWS_R17,1.2604035579254598,1.268380120634286
2022-12,11,CORE_NEWS_R17,0.7899380085166139,0.7930662504352568
2022-12,12,CORE_NEWS_R17,0.9670280105529645,0.9717188347540909
2022-12,1,CORE_FAST_H0_R17,1.0761025997572813,1.0819134084998379
2022-12,2,CORE_FAST_H0_R17,0.9298367844532507,0.9341731967798169
2022-12,3,CORE_FAST_H0_R17,0.5201181511646739,0.5214731137374132
2022-12,4,CORE_FAST_H0_R17,0.9946296384488187,0.9995925194853147
2022-12,5,CORE_FAST_H0_R17,0.8078983198519609,0.811170624690602
2022-12,6,CORE_FAST_H0_R17,0.9187562996660251,0.922989820671222
2022-12,7,CORE_FAST_H0_R17,1.3066940068701047,1.315268560028373
2022-12,8,CORE_FAST_H0_R17,0.7541601150065999,0.7570110648042642
2022-12,9,CORE_FAST_H0_R17,0.09876369947187003,0.09881248687362916
2022-12,10,CORE_FAST_H0_R17,1.0804130151573208,1.0862705527668866
2022-12,11,CORE_FAST_H0_R17,0.6073565514298813,0.6092047010574726
2022-12,12,CORE_FAST_H0_R17,0.7820388369700296,0.7851047476755928
2022-12,1,CORE_NEWS_H0_R17,1.1338824182079308,1.1403352309398354
2022-12,2,CORE_NEWS_H0_R17,0.9954022178016182,1.0003728244977659
2022-12,3,CORE_NEWS_H0_R17,0.5920040043451231,0.5937598111564756
2022-12,4,CORE_NEWS_H0_R17,1.0716591590131457,1.077421993361917
2022-12,5,CORE_NEWS_H0_R17,0.8891257392656918,0.8930902031454593
2022-12,6,CORE_NEWS_H0_R17,1.0034208548544656,1.0084720025340908
2022-12,7,CORE_NEWS_H0_R17,1.3941831465387402,1.4039472032790565
2022-12,8,CORE_NEWS_H0_R17,0.8439800543267971,0.8475516066463304
2022-12,9,CORE_NEWS_H0_R17,0.19051585397735227,0.19069745073566272
2022-12,10,CORE_NEWS_H0_R17,1.1737751385018649,1.180690910931939
2022-12,11,CORE_NEWS_H0_R17,0.7020676367019668,0.7045379091451526
2022-12,12,CORE_NEWS_H0_R17,0.877887029297626,0.8817517585190964
2023-01,1,CORE_ROBUST_R17,0.9243556478065895,0.9286410084385102
2023-01,2,CORE_ROBUST_R17,0.5230430708098206,0.5244133290513658
2023-01,3,CORE_ROBUST_R17,1.004253122004636,1.0093126663637364
2023-01,4,CORE_ROBUST_R17,0.8228556874696777,0.8262504498249874
2023-01,5,CORE_ROBUST_R17,0.9379570558199566,0.9423696583280926
2023-01,6,CORE_ROBUST_R17,1.329266941075368,1.3381409703302585
2023-01,7,CORE_ROBUST_R17,0.7794093855141706,0.7824546871126967
2023-01,8,CORE_ROBUST_R17,0.12613370318946682,0.12621328520126376
2023-01,9,CORE_ROBUST_R17,1.1094602864027099,1.1156376209256837
2023-01,10,CORE_ROBUST_R17,0.6377272836092862,0.6397650936376488
2023-01,11,CORE_ROBUST_R17,0.764856257323811,0.7677887544905622
2023-01,12,CORE_ROBUST_R17,1.1499536604037985,1.1565910453931796
2023-01,1,CORE_NEWS_R17,0.8974242155814248,0.9014631397484538
2023-01,2,CORE_NEWS_R17,0.49435575373136226,0.49557970785231165
2023-01,3,CORE_NEWS_R17,0.973947634536783,0.9787059397653631
2023-01,4,CORE_NEWS_R17,0.7910528743088872,0.7941899641158046
2023-01,5,CORE_NEWS_R17,0.9047637321924653,0.9088690911735715
2023-01,6,CORE_NEWS_R17,1.294778191657783,1.3031967390871142
2023-01,7,CORE_NEWS_R17,0.743710428918614,0.7464828235300173
2023-01,8,CORE_NEWS_R17,0.08930140763293137,0.08934129321186837
2023-01,9,CORE_NEWS_R17,1.0715644051197195,1.0773262186145787
2023-01,10,CORE_NEWS_R17,0.5988314649153442,0.6006280449039927
2023-01,11,CORE_NEWS_R17,0.725018873312809,0.7276534984738664
2023-01,12,CORE_NEWS_R17,1.1092284895202646,1.1154032383016594
2023-01,1,CORE_FAST_H0_R17,0.8499986390286246,0.8536213846150276
2023-01,2,CORE_FAST_H0_R17,0.4433306630924489,0.4443148273064207
2023-01,3,CORE_FAST_H0_R17,0.9202826762585146,0.924530297320993
2023-01,4,CORE_FAST_H0_R17,0.7355037783671936,0.7382152509918771
2023-01,5,CORE_FAST_H0_R17,0.8479236947456872,0.8515287498745496
2023-01,6,CORE_FAST_H0_R17,1.23711095120131,1.2447948220389269
2023-01,7,CORE_FAST_H0_R17,0.6855766987390401,0.6879321555325996
2023-01,8,CORE_FAST_H0_R17,0.03097999472529811,0.030984794021258425
2023-01,9,CORE_FAST_H0_R17,1.0132690796275394,1.0184200337409441
2023-01,10,CORE_FAST_H0_R17,0.5407244312735319,0.5421889843686422
2023-01,11,CORE_FAST_H0_R17,0.6672215239733963,0.6694524056646148
2023-01,12,CORE_FAST_H0_R17,1.0518299859037716,1.057381163411459
2023-01,1,CORE_NEWS_H0_R17,0.8863501483989451,0.8902898626117801
2023-01,2,CORE_NEWS_H0_R17,0.4833480283582829,0.48451803925620707
2023-01,3,CORE_NEWS_H0_R17,0.9629387340152948,0.9675899063683246
2023-01,4,CORE_NEWS_H0_R17,0.7799914975025395,0.783041355571135
2023-01,5,CORE_NEWS_H0_R17,0.8936114150004038,0.8976160415171608
2023-01,6,CORE_NEWS_H0_R17,1.2835066107672157,1.2917789108189006
2023-01,7,CORE_NEWS_H0_R17,0.7322992512488046,0.734987119289032
2023-01,8,CORE_NEWS_H0_R17,0.07773657601031192,0.07776679871741951
2023-01,9,CORE_NEWS_H0_R17,1.059836772631907,1.0654729363354294
2023-01,10,CORE_NEWS_H0_R17,0.5869357079175789,0.588661550420209
2023-01,11,CORE_NEWS_H0_R17,0.7129526270801736,0.7155001850174938
2023-01,12,CORE_NEWS_H0_R17,1.0969916617541706,1.1030306775823089
2023-02,1,CORE_ROBUST_R17,0.4420356030504579,0.44301402154376657
2023-02,2,CORE_ROBUST_R17,0.9246285919180761,0.9289164875968977
2023-02,3,CORE_ROBUST_R17,0.7439341403829429,0.7467082052141037
2023-02,4,CORE_ROBUST_R17,0.8592146963515854,0.8629165404909834
2023-02,5,CORE_ROBUST_R17,1.250303892859266,1.2581528698918705
2023-02,6,CORE_ROBUST_R17,0.6999239493995837,0.702379141891763
2023-02,7,CORE_ROBUST_R17,0.04590181170080643,0.045912348194479
2023-02,8,CORE_ROBUST_R17,1.028319112812269,1.0336244835873867
2023-02,9,CORE_ROBUST_R17,0.5555621724250265,0.5571082809341205
2023-02,10,CORE_ROBUST_R17,0.6815903097477206,0.6839184228915938
2023-02,11,CORE_ROBUST_R17,1.0249457684929064,1.0302163290399406
2023-02,12,CORE_ROBUST_R17,0.9104137560957226,0.9145706274652945
2023-02,1,CORE_NEWS_R17,0.40459631299393223,0.4054159088551341
2023-02,2,CORE_NEWS_R17,0.8841691853984774,0.8880895067133731
2023-02,3,CORE_NEWS_R17,0.7008268948166161,0.7032884335142646
2023-02,4,CORE_NEWS_R17,0.8137690209654197,0.8170891209338692
2023-02,5,CORE_NEWS_R17,1.2027783229638958,1.2100407893507434
2023-02,6,CORE_NEWS_R17,0.6505357707761831,0.6526563506043355
2023-02,7,CORE_NEWS_R17,-0.005165212369651839,-0.00516507897485444
2023-02,8,CORE_NEWS_R17,0.975729691842763,0.9805054542061887
2023-02,9,CORE_NEWS_R17,0.5015844794219503,0.5028445202140738
2023-02,10,CORE_NEWS_R17,0.6263401623291732,0.6283057739861113
2023-02,11,CORE_NEWS_R17,0.9685239125927976,0.973229284053187
2023-02,12,CORE_NEWS_R17,0.8529084757086398,0.8565561029807492
2023-02,1,CORE_FAST_H0_R17,0.35203173900896717,0.3526520984757861
2023-02,2,CORE_FAST_H0_R17,0.8326743557949214,0.8361507309713658
2023-02,3,CORE_FAST_H0_R17,0.6508479407995111,0.6529705585155767
2023-02,4,CORE_FAST_H0_R17,0.7656298434947334,0.7685682831842703
2023-02,5,CORE_FAST_H0_R17,1.1567066890037392,1.1634224095765922
2023-02,6,CORE_FAST_H0_R17,0.6066841077841756,0.6085281631281358
2023-02,7,CORE_FAST_H0_R17,-0.04670325923540142,-0.04669235496090197
2023-02,8,CORE_FAST_H0_R17,0.9365532952621719,0.9409526791022567
2023-02,9,CORE_FAST_H0_R17,0.46478262258443015,0.4658644123566602
2023-02,10,CORE_FAST_H0_R17,0.5918988958253071,0.5936540786000777
2023-02,11,CORE_FAST_H0_R17,0.9364090289680919,0.9408070554356605
2023-02,12,CORE_FAST_H0_R17,0.8230707134688878,0.8264672527105743
2023-02,1,CORE_NEWS_H0_R17,0.3667206121648397,0.367393854923532
2023-02,2,CORE_NEWS_H0_R17,0.8460883810504358,0.8496778249407243
2023-02,3,CORE_NEWS_H0_R17,0.6623489217697791,0.6645473032123626
2023-02,4,CORE_NEWS_H0_R17,0.7747518813700924,0.777760849417832
2023-02,5,CORE_NEWS_H0_R17,1.163119490119795,1.1699100266746814
2023-02,6,CORE_NEWS_H0_R17,0.6101637413235814,0.6120290321259555
2023-02,7,CORE_NEWS_H0_R17,-0.04629764901806255,-0.046286933310310266
2023-02,8,CORE_NEWS_H0_R17,0.9338085720241474,0.9381821673390041
2023-02,9,CORE_NEWS_H0_R17,0.45886107352429084,0.4599154530437998
2023-02,10,CORE_NEWS_H0_R17,0.5828121550025429,0.5845138092523896
2023-02,11,CORE_NEWS_H0_R17,0.9241975901855416,0.928481483155647
2023-02,12,CORE_NEWS_H0_R17,0.8077965989963067,0.8110680787574029
2023-03,1,CORE_ROBUST_R17,0.8898353261245682,0.8938061297951128
2023-03,2,CORE_ROBUST_R17,0.7096972813040361,0.7122216006012243
2023-03,3,CORE_ROBUST_R17,0.8252404771282692,0.8286549724901502
2023-03,4,CORE_ROBUST_R17,1.2163664242801366,1.2237942466311025
2023-03,5,CORE_ROBUST_R17,0.6658511881575321,0.6680729055545792
2023-03,6,CORE_ROBUST_R17,0.011564357809059289,0.011565026506693582
2023-03,7,CORE_ROBUST_R17,0.9936212692073756,0.9985740757952105
2023-03,8,CORE_ROBUST_R17,0.5204348132358952,0.5217914276201868
2023-03,9,CORE_ROBUST_R17,0.6459851944681647,0.6480761788839489
2023-03,10,CORE_ROBUST_R17,0.9888310118991279,0.9937361000959861
2023-03,11,CORE_ROBUST_R17,0.825736514453391,0.8291551214936937
2023-03,12,CORE_ROBUST_R17,0.45616919925472027,0.4572112348257276
2023-03,1,CORE_NEWS_R17,0.8577893114997186,0.8614788660036856
2023-03,2,CORE_NEWS_R17,0.6740850474417261,0.6763621142779404
2023-03,3,CORE_NEWS_R17,0.7865374397129359,0.7896387711453002
2023-03,4,CORE_NEWS_R17,1.1749648072674823,1.1818946331686817
2023-03,5,CORE_NEWS_R17,0.6220760675498644,0.6240149791355256
2023-03,6,CORE_NEWS_R17,-0.03431347359591863,-0.034307587196862784
2023-03,7,CORE_NEWS_R17,0.9458675566393154,0.9503550211439261
2023-03,8,CORE_NEWS_R17,0.4709963688383967,0.47210730019969416
2023-03,9,CORE_NEWS_R17,0.5950241390530914,0.596797924087903
2023-03,10,CORE_NEWS_R17,0.9364857833936722,0.9408845320020254
2023-03,11,CORE_NEWS_R17,0.7721261674131227,0.7751147484253605
2023-03,12,CORE_NEWS_R17,0.40139686632722066,0.4022035425118884
2023-03,1,CORE_FAST_H0_R17,0.8380663693988899,0.8415879765236907
2023-03,2,CORE_FAST_H0_R17,0.6561468068273282,0.6583041658875972
2023-03,3,CORE_FAST_H0_R17,0.7708541914616293,0.7738329213529541
2023-03,4,CORE_FAST_H0_R17,1.1618714225218982,1.1686473656882645
2023-03,5,CORE_FAST_H0_R17,0.611801149743345,0.6136764754482733
2023-03,6,CORE_FAST_H0_R17,-0.041624370523423604,-0.04161570878415608
2023-03,7,CORE_FAST_H0_R17,0.9416016613763963,0.9460486765839062
2023-03,8,CORE_FAST_H0_R17,0.46980657062045195,0.47091189196899186
2023-03,9,CORE_FAST_H0_R17,0.5969033093987668,0.5986883270450818
2023-03,10,CORE_FAST_H0_R17,0.9413978149715019,0.9458429019025285
2023-03,11,CORE_FAST_H0_R17,0.7800132900388713,0.7830633187544319
2023-03,12,CORE_FAST_H0_R17,0.4121854237503902,0.41303607622175276
2023-03,1,CORE_NEWS_H0_R17,0.8466479865403351,0.850242186853477
2023-03,2,CORE_NEWS_H0_R17,0.6628104141768019,0.6650118635266852
2023-03,3,CORE_NEWS_H0_R17,0.7750618974079578,0.7780732771233544
2023-03,4,CORE_NEWS_H0_R17,1.1632389884546215,1.1700309231047432
2023-03,5,CORE_NEWS_H0_R17,0.6100649557186489,0.6119296419735327
2023-03,6,CORE_NEWS_H0_R17,-0.04663363806326326,-0.046622766272304404
2023-03,7,CORE_NEWS_H0_R17,0.9332233727526941,0.9375914795606944
2023-03,8,CORE_NEWS_H0_R17,0.45802003097149924,0.4590705459593603
2023-03,9,CORE_NEWS_H0_R17,0.5817127864793612,0.5834080208467313
2023-03,10,CORE_NEWS_H0_R17,0.9228405921079944,0.9271118948948871
2023-03,11,CORE_NEWS_H0_R17,0.7581513695587296,0.7610326138495739
2023-03,12,CORE_NEWS_H0_R17,0.38709897439865587,0.3878491701662587
2023-04,1,CORE_ROBUST_R17,0.6541317079446197,0.6562758219616337
2023-04,2,CORE_ROBUST_R17,0.7706882712860482,0.773665717371144
2023-04,3,CORE_ROBUST_R17,1.1623691699769314,1.1691509313090604
2023-04,4,CORE_ROBUST_R17,0.6120549397345362,0.613931823212961
2023-04,5,CORE_ROBUST_R17,-0.042301893493222775,-0.04229294750374266
2023-04,6,CORE_ROBUST_R17,0.9394797483973838,0.9439067120006304
2023-04,7,CORE_ROBUST_R17,0.4658647729756691,0.4669516099840062
2023-04,8,CORE_ROBUST_R17,0.5908744499958876,0.5926235563847888
2023-04,9,CORE_ROBUST_R17,0.9330997098379399,0.9374666572701678
2023-04,10,CORE_ROBUST_R17,0.7693301718127674,0.7722971200413081
2023-04,11,CORE_ROBUST_R17,0.3453914038143363,0.34598856724259885
2023-04,12,CORE_ROBUST_R17,0.8661768985261993,0.8699390651180888
2023-04,1,CORE_NEWS_R17,0.6209469644841953,0.6228788367117184
2023-04,2,CORE_NEWS_R17,0.7324182940826405,0.7351070371437399
2023-04,3,CORE_NEWS_R17,1.1196216885317785,1.1259129095275735
2023-04,4,CORE_NEWS_R17,0.5653366035109965,0.5669376465595434
2023-04,5,CORE_NEWS_R17,-0.09256632235521312,-0.09252349295126198
2023-04,6,CORE_NEWS_R17,0.886027507049679,0.8899643493444094
2023-04,7,CORE_NEWS_R17,0.4095288901831863,0.4103686056438218
2023-04,8,CORE_NEWS_R17,0.5319149321641865,0.5333321112543546
2023-04,9,CORE_NEWS_R17,0.871740398185638,0.8755511199463307
2023-04,10,CORE_NEWS_R17,0.7057651836042198,0.7082615755087711
2023-04,11,CORE_NEWS_R17,0.2797903249360155,0.2801821033664937
2023-04,12,CORE_NEWS_R17,0.7986889751585221,0.8018870039851603
2023-04,1,CORE_FAST_H0_R17,0.6369348471739306,0.638967590630447
2023-04,2,CORE_FAST_H0_R17,0.7522988615123527,0.7551357388674604
2023-04,3,CORE_FAST_H0_R17,1.1438413963359186,1.150408276381929
2023-04,4,CORE_FAST_H0_R17,0.594191366568003,0.5959601851221459
2023-04,5,CORE_FAST_H0_R17,-0.05889795929025565,-0.05888061784696536
2023-04,6,CORE_FAST_H0_R17,0.9245970281363722,0.9288846306190495
2023-04,7,CORE_FAST_H0_R17,0.45301710180187427,0.454044775534398
2023-04,8,CORE_FAST_H0_R17,0.5802859721173461,0.5819728925736181
2023-04,9,CORE_FAST_H0_R17,0.924918182919807,0.9292087690804007
2023-04,10,CORE_FAST_H0_R17,0.7636438221709569,0.7665670178033465
2023-04,11,CORE_FAST_H0_R17,0.3422423316761797,0.3428286494291768
2023-04,12,CORE_FAST_H0_R17,0.8655717272894317,0.8693286311074091
2023-04,1,CORE_NEWS_H0_R17,0.6407174442608655,0.6427744292850818
2023-04,2,CORE_NEWS_H0_R17,0.7524475494550875,0.7552855497173655
2023-04,3,CORE_NEWS_H0_R17,1.1400300395188045,1.1465531468673857
2023-04,4,CORE_NEWS_H0_R17,0.5862117023707455,0.5879332855674405
2023-04,5,CORE_NEWS_H0_R17,-0.07116252738527884,-0.07113721286393335
2023-04,6,CORE_NEWS_H0_R17,0.9080017918291681,0.912136633435664
2023-04,7,CORE_NEWS_H0_R17,0.43209972308565514,0.43303462001644444
2023-04,8,CORE_NEWS_H0_R17,0.5550961520266084,0.5566396653893949
2023-04,9,CORE_NEWS_H0_R17,0.8955364186545134,0.8995583430074968
2023-04,10,CORE_NEWS_H0_R17,0.7301732110448245,0.7328454757295839
2023-04,11,CORE_NEWS_H0_R17,0.30480211611624153,0.3052671100833125
2023-04,12,CORE_NEWS_H0_R17,0.8242922275845712,0.8276988697625838
2023-05,1,CORE_ROBUST_R17,0.5703350056754042,0.5719645121779809
2023-05,2,CORE_ROBUST_R17,0.9654200211394084,0.9700952332582472
2023-05,3,CORE_ROBUST_R17,0.4168633195814895,0.4177334033174201
2023-05,4,CORE_ROBUST_R17,-0.2370049671960081,-0.23672433217372538
2023-05,5,CORE_ROBUST_R17,0.7442959091823542,0.7470726760300949
2023-05,6,CORE_ROBUST_R17,0.26946829881201306,0.26983169096791254
2023-05,7,CORE_ROBUST_R17,0.3927212464614412,0.3934934068302679
2023-05,8,CORE_ROBUST_R17,0.7327938324655663,0.7354853368460758
2023-05,9,CORE_ROBUST_R17,0.566592229545822,0.5682003991387687
2023-05,10,CORE_ROBUST_R17,0.14003338009871485,0.14013147261850425
2023-05,11,CORE_ROBUST_R17,0.5743312123034475,0.575983655995881
2023-05,12,CORE_ROBUST_R17,0.4621541183185906,0.4632236975306718
2023-05,1,CORE_NEWS_R17,0.5107288694567107,0.5120353125275747
2023-05,2,CORE_NEWS_R17,0.8936649203472419,0.8976700271510177
2023-05,3,CORE_NEWS_R17,0.3341274962026477,0.33468632434739776
2023-05,4,CORE_NEWS_R17,-0.3297238420256918,-0.3291808499211115
2023-05,5,CORE_NEWS_R17,0.6424520434795703,0.6445201932049749
2023-05,6,CORE_NEWS_R17,0.15924281818394348,0.15936967688851456
2023-05,7,CORE_NEWS_R17,0.274762932777678,0.2751407520803738
2023-05,8,CORE_NEWS_R17,0.6076730882775563,0.6095231667665345
2023-05,9,CORE_NEWS_R17,0.4348141850977074,0.4357608735901474
2023-05,10,CORE_NEWS_R17,0.002048507378644593,0.0020485283607002674
2023-05,11,CORE_NEWS_R17,0.43054393830513443,0.4314721103038867
2023-05,12,CORE_NEWS_R17,0.31292983157003884,0.3134199680952535
2023-05,1,CORE_FAST_H0_R17,0.5303820441557874,0.5317910596733049
2023-05,2,CORE_FAST_H0_R17,0.9303621208312418,0.9347034421022286
2023-05,3,CORE_FAST_H0_R17,0.38746212454483686,0.38821372944921645
2023-05,4,CORE_FAST_H0_R17,-0.2602271745282131,-0.25988887712727915
2023-05,5,CORE_FAST_H0_R17,0.7275878343265818,0.7302411858605281
2023-05,6,CORE_FAST_H0_R17,0.2594639251346174,0.2598008240909216
2023-05,7,CORE_FAST_H0_R17,0.38949760916411613,0.3902571368958002
2023-05,8,CORE_FAST_H0_R17,0.7363416709377983,0.7390593325494684
2023-05,9,CORE_FAST_H0_R17,0.5768367909659257,0.5785036979526281
2023-05,10,CORE_FAST_H0_R17,0.1568508850927301,0.15697396043334388
2023-05,11,CORE_FAST_H0_R17,0.5975618591114258,0.5993508215994239
2023-05,12,CORE_FAST_H0_R17,0.4916123261848313,0.4928227222536845
2023-05,1,CORE_NEWS_H0_R17,0.5163022578428614,0.5176373947418166
2023-05,2,CORE_NEWS_H0_R17,0.899304291654747,0.9033601818474377
2023-05,3,CORE_NEWS_H0_R17,0.33986723889087567,0.3404454424471548
2023-05,4,CORE_NEWS_H0_R17,-0.3238585964414282,-0.3233347401594408
2023-05,5,CORE_NEWS_H0_R17,0.6484606368825467,0.650567694888835
2023-05,6,CORE_NEWS_H0_R17,0.16540688806868054,0.16554376071697618
2023-05,7,CORE_NEWS_H0_R17,0.2810901421632742,0.2814855709203291
2023-05,8,CORE_NEWS_H0_R17,0.6141676296635181,0.6160575060722074
2023-05,9,CORE_NEWS_H0_R17,0.44147757146365585,0.44245351936268146
2023-05,10,CORE_NEWS_H0_R17,0.008880200139291916,0.008880594440735985
2023-05,11,CORE_NEWS_H0_R17,0.437541845071715,0.43850045700217655
2023-05,12,CORE_NEWS_H0_R17,0.3200906999870314,0.3206035373036536
2023-06,1,CORE_ROBUST_R17,0.8513480193336493,0.8549822927007877
2023-06,2,CORE_ROBUST_R17,0.30480065785567817,0.30526564737116985
2023-06,3,CORE_ROBUST_R17,-0.34798975693281997,-0.3473849743087533
2023-06,4,CORE_ROBUST_R17,0.6336702969655306,0.6356822346305752
2023-06,5,CORE_ROBUST_R17,0.15865206454352962,0.15877798351365957
2023-06,6,CORE_ROBUST_R17,0.28129844868736176,0.28169446401479414
2023-06,7,CORE_ROBUST_R17,0.6204544213159555,0.6223832268168694
2023-06,8,CORE_ROBUST_R17,0.45310973325328424,0.4541378276171714
2023-06,9,CORE_ROBUST_R17,0.02524711097145871,0.025250298322753127
2023-06,10,CORE_ROBUST_R17,0.45813208542405875,0.45918311488397634
2023-06,11,CORE_ROBUST_R17,0.3090116418156975,0.30948957495246776
2023-06,12,CORE_ROBUST_R17,0.4454127234667158,0.44640616035497666
2023-06,1,CORE_NEWS_R17,0.7808220131088592,0.7838783779339125
2023-06,2,CORE_NEWS_R17,0.21924839403817392,0.21948891907992454
2023-06,3,CORE_NEWS_R17,-0.44714725256022003,-0.4461490376173239
2023-06,4,CORE_NEWS_R17,0.5221236014412758,0.52348904211217
2023-06,5,CORE_NEWS_R17,0.03576424537529957,0.03577064154402699
2023-06,6,CORE_NEWS_R17,0.14797945506378485,0.14808899868674455
2023-06,7,CORE_NEWS_R17,0.47750012636494266,0.4786419749377068
2023-06,8,CORE_NEWS_R17,0.3012213535653222,0.30167548094627433
2023-06,9,CORE_NEWS_R17,-0.1349530879973132,-0.13486206726721278
2023-06,10,CORE_NEWS_R17,0.29017610711395103,0.29059752549955203
2023-06,11,CORE_NEWS_R17,0.13380003231166757,0.13388958449072835
2023-06,12,CORE_NEWS_R17,0.2633981516727372,0.2637453493747805
2023-06,1,CORE_FAST_H0_R17,0.7774463446835701,0.7804763057953874
2023-06,2,CORE_FAST_H0_R17,0.24065105385565944,0.24094085092420825
2023-06,3,CORE_FAST_H0_R17,-0.402154480850595,-0.4013469226248117
2023-06,4,CORE_FAST_H0_R17,0.5895675394976361,0.5913089094177121
2023-06,5,CORE_FAST_H0_R17,0.12456923950042084,0.12464685920431504
2023-06,6,CORE_FAST_H0_R17,0.25710341088571875,0.2574342051388501
2023-06,7,CORE_FAST_H0_R17,0.6059478625440404,0.6077874403551364
2023-06,8,CORE_FAST_H0_R17,0.44804329447987923,0.4490485091534739
2023-06,9,CORE_FAST_H0_R17,0.029337638132852895,0.029341942038786793
2023-06,10,CORE_FAST_H0_R17,0.47107281177248395,0.4721841040558092
2023-06,11,CORE_FAST_H0_R17,0.3304809226309796,0.3310276129018857
2023-06,12,CORE_FAST_H0_R17,0.47508082321685385,0.47621112139422705
2023-06,1,CORE_NEWS_H0_R17,0.7398266549351232,0.7425701338213392
2023-06,2,CORE_NEWS_H0_R17,0.17786895147140763,0.17802723212102767
2023-06,3,CORE_NEWS_H0_R17,-0.489169858508661,-0.4879753712405544
2023-06,4,CORE_NEWS_H0_R17,0.4792673637136072,0.48041768671659346
2023-06,5,CORE_NEWS_H0_R17,-0.008062043795944634,-0.008061718821927038
2023-06,6,CORE_NEWS_H0_R17,0.10308913601849637,0.10314229113246819
2023-06,7,CORE_NEWS_H0_R17,0.4314849941371941,0.4324172309764538
2023-06,8,CORE_NEWS_H0_R17,0.2540464609725422,0.254369432435485
2023-06,9,CORE_NEWS_H0_R17,-0.18330270321022854,-0.18313480640733548
2023-06,10,CORE_NEWS_H0_R17,0.2406521451932227,0.24094194489125545
2023-06,11,CORE_NEWS_H0_R17,0.08311375284356934,0.0831483018941359
2023-06,12,CORE_NEWS_H0_R17,0.2115703199946796,0.2117942879182252
2023-07,1,CORE_ROBUST_R17,0.3245639882603044,0.3250912674711699
2023-07,2,CORE_ROBUST_R17,-0.32856074029629356,-0.3280215701580831
2023-07,3,CORE_ROBUST_R17,0.6529217819021051,0.6550579628346507
2023-07,4,CORE_ROBUST_R17,0.1778469474689439,0.1780051889478726
2023-07,5,CORE_ROBUST_R17,0.3005292021852093,0.3009812439177449
2023-07,6,CORE_ROBUST_R17,0.6397909658440428,0.6418420000212876
2023-07,7,CORE_ROBUST_R17,0.47260415044924187,0.4737226852507924
2023-07,8,CORE_ROBUST_R17,0.04493740415320735,0.044947502517258396
2023-07,9,CORE_ROBUST_R17,0.47804517835336013,0.47918963726624697
2023-07,10,CORE_ROBUST_R17,0.3291657685540149,0.329708113978515
2023-07,11,CORE_ROBUST_R17,0.4576150827710234,0.4586637395846478
2023-07,12,CORE_ROBUST_R17,0.8447736275947002,0.8483519090327043
2023-07,1,CORE_NEWS_R17,0.26452758059796255,0.264877763511165
2023-07,2,CORE_NEWS_R17,-0.4011611770216209,-0.40035760047670826
2023-07,3,CORE_NEWS_R17,0.5690225403159339,0.570644548644471
2023-07,4,CORE_NEWS_R17,0.08372345946416479,0.083758517335693
2023-07,5,CORE_NEWS_R17,0.19710037464210775,0.1972947451111912
2023-07,6,CORE_NEWS_R17,0.527848221387019,0.5292437945333126
2023-07,7,CORE_NEWS_R17,0.35283410944197935,0.35345730171531986
2023-07,8,CORE_NEWS_R17,-0.08205982896239228,-0.0820261690924524
2023-07,9,CORE_NEWS_R17,0.34434910442635214,0.3449426670686109
2023-07,10,CORE_NEWS_R17,0.18923938920937847,0.18941855994422938
2023-07,11,CORE_NEWS_R17,0.3118767879622075,0.3123636296003448
2023-07,12,CORE_NEWS_R17,0.6935995128409678,0.6960104852028659
2023-07,1,CORE_FAST_H0_R17,0.3365210960807555,0.33708796401966457
2023-07,2,CORE_FAST_H0_R17,-0.3100201853462407,-0.3095401189986316
2023-07,3,CORE_FAST_H0_R17,0.6787132376253973,0.6810217156133646
2023-07,4,CORE_FAST_H0_R17,0.21132405972690724,0.21154750638913483
2023-07,5,CORE_FAST_H0_R17,0.34194552879118545,0.3425308294608299
2023-07,6,CORE_FAST_H0_R17,0.6892598185926915,0.6916406810463517
2023-07,7,CORE_FAST_H0_R17,0.5301311210430776,0.531538802490401
2023-07,8,CORE_FAST_H0_R17,0.11044616110768918,0.11050717534076476
2023-07,9,CORE_FAST_H0_R17,0.5513978918766306,0.5529208880219474
2023-07,10,CORE_FAST_H0_R17,0.4101792484385744,0.4110216348888268
2023-07,11,CORE_FAST_H0_R17,0.5460734967955594,0.5475671957754404
2023-07,12,CORE_FAST_H0_R17,0.9404384939296153,0.944874511835653
2023-07,1,CORE_NEWS_H0_R17,0.2967030793441366,0.2971436785800015
2023-07,2,CORE_NEWS_H0_R17,-0.3687820415916471,-0.36810287575769834
2023-07,3,CORE_NEWS_H0_R17,0.6018151616240406,0.6036297073119249
2023-07,4,CORE_NEWS_H0_R17,0.1170849171793161,0.11715348832801668
2023-07,5,CORE_NEWS_H0_R17,0.23114304680220624,0.23141038828336435
2023-07,6,CORE_NEWS_H0_R17,0.5626507031564212,0.5642365550991839
2023-07,7,CORE_NEWS_H0_R17,0.388448535049503,0.38920397421882175
2023-07,8,CORE_NEWS_H0_R17,-0.04560195694122671,-0.045591560829179256
2023-07,9,CORE_NEWS_H0_R17,0.3816659303544186,0.3823952022653618
2023-07,10,CORE_NEWS_H0_R17,0.2274183652001537,0.22767715690707688
2023-07,11,CORE_NEWS_H0_R17,0.3509117215934784,0.35152813758966883
2023-07,12,CORE_NEWS_H0_R17,0.7334771382954474,0.7361736706418511
2023-08,1,CORE_ROBUST_R17,-0.2898244140817574,-0.2894048285783927
2023-08,2,CORE_ROBUST_R17,0.6909874267246086,0.6933802530453684
2023-08,3,CORE_ROBUST_R17,0.2155585972476576,0.21579109181589196
2023-08,4,CORE_ROBUST_R17,0.33813107849523577,0.338703386495061
2023-08,5,CORE_ROBUST_R17,0.6774697748171468,0.6797697923369806
2023-08,6,CORE_ROBUST_R17,0.510501019418934,0.5118062960780523
2023-08,7,CORE_ROBUST_R17,0.08315740929298965,0.08319199465268992
2023-08,8,CORE_ROBUST_R17,0.5166649461933933,0.5180019611639968
2023-08,9,CORE_ROBUST_R17,0.36823953763021855,0.3689183724058443
2023-08,10,CORE_ROBUST_R17,0.4971795343583347,0.4984175226297089
2023-08,11,CORE_ROBUST_R17,0.9020582811646295,0.9061390880671819
2023-08,12,CORE_ROBUST_R17,0.32446910692505543,0.32499607773014416
2023-08,1,CORE_NEWS_R17,-0.3378439231171627,-0.33727387267617914
2023-08,2,CORE_NEWS_R17,0.6331807745220491,0.6351896015856617
2023-08,3,CORE_NEWS_R17,0.14902613890646013,0.1491372380389083
2023-08,4,CORE_NEWS_R17,0.26376668821845894,0.26411485859939016
2023-08,5,CORE_NEWS_R17,0.596031116318471,0.5978109160729895
2023-08,6,CORE_NEWS_R17,0.4226346598029756,0.4235290195955884
2023-08,7,CORE_NEWS_R17,-0.010580983429570534,-0.01058042366326195
2023-08,8,CORE_NEWS_R17,0.41753554838341495,0.41840844251249937
2023-08,9,CORE_NEWS_R17,0.2641386260782759,0.26448777949587615
2023-08,10,CORE_NEWS_R17,0.38847563762439213,0.3892311822816965
2023-08,11,CORE_NEWS_R17,0.78907751080608,0.7921989321394275
2023-08,12,CORE_NEWS_R17,0.20750207646176383,0.2077175110050569
2023-08,1,CORE_FAST_H0_R17,-0.20283639962674638,-0.20263082561814208
2023-08,2,CORE_FAST_H0_R17,0.7812768735357773,0.7843368049559677
2023-08,3,CORE_FAST_H0_R17,0.310191575789996,0.31067316768220066
2023-08,4,CORE_FAST_H0_R17,0.4378561489764412,0.43881613962706245
2023-08,5,CORE_FAST_H0_R17,0.7828049220756806,0.7858768503092575
2023-08,6,CORE_FAST_H0_R17,0.6217838111642536,0.6237208994560246
2023-08,7,CORE_FAST_H0_R17,0.20058492053941462,0.2007862266652298
2023-08,8,CORE_FAST_H0_R17,0.6403255067567956,0.6423799732799679
2023-08,9,CORE_FAST_H0_R17,0.49813794767749114,0.4993807174644737
2023-08,10,CORE_FAST_H0_R17,0.6332570635214774,0.6352663751941665
2023-08,11,CORE_FAST_H0_R17,1.0442085031728037,1.0496793860562648
2023-08,12,CORE_FAST_H0_R17,0.4725504108839731,0.4736686911235202
2023-08,1,CORE_NEWS_H0_R17,-0.2374800848157963,-0.23719832394849097
2023-08,2,CORE_NEWS_H0_R17,0.733854483660207,0.7365537946410232
2023-08,3,CORE_NEWS_H0_R17,0.25068830936887965,0.25100279524935465
2023-08,4,CORE_NEWS_H0_R17,0.36692316416237464,0.3675971512905492
2023-08,5,CORE_NEWS_H0_R17,0.7010513962485663,0.7035145140925957
2023-08,6,CORE_NEWS_H0_R17,0.5297809245429478,0.5311867451764345
2023-08,7,CORE_NEWS_H0_R17,0.0988692636981901,0.09891815546636062
2023-08,8,CORE_NEWS_H0_R17,0.5294020162342987,0.5308058248787434
2023-08,9,CORE_NEWS_H0_R17,0.378482453579906,0.37919960289425003
2023-08,10,CORE_NEWS_H0_R17,0.5053185167652547,0.5065974040261472
2023-08,11,CORE_NEWS_H0_R17,0.9084109369810323,0.9125495113949769
2023-08,12,CORE_NEWS_H0_R17,0.32929468070055623,0.32983745124222913
2023-09,1,CORE_ROBUST_R17,0.6407364235916992,0.6427935306120135
2023-09,2,CORE_ROBUST_R17,0.16619801138320914,0.1663361968213608
2023-09,3,CORE_ROBUST_R17,0.28924602827320767,0.28966474821050114
2023-09,4,CORE_ROBUST_R17,0.6287401948453242,0.6307209150271079
2023-09,5,CORE_ROBUST_R17,0.46168210529673115,0.46274949915177954
2023-09,6,CORE_ROBUST_R17,0.03406400301746543,0.03406980545780241
2023-09,7,CORE_ROBUST_R17,0.46715907260384565,0.4682519617803405
2023-09,8,CORE_ROBUST_R17,0.3182204602776541,0.31872731908455576
2023-09,9,CORE_ROBUST_R17,0.44657582557914877,0.4475744614211448
2023-09,10,CORE_ROBUST_R17,0.8508215022487486,0.854451275385993
2023-09,11,CORE_ROBUST_R17,0.24603852066347479,0.24634144381666206
2023-09,12,CORE_ROBUST_R17,-0.3908059929425751,-0.39004334014306086
2023-09,1,CORE_NEWS_R17,0.5914531765683628,0.5932057143118092
2023-09,2,CORE_NEWS_R17,0.10682690064836606,0.10688398090575713
2023-09,3,CORE_NEWS_R17,0.22088823851283804,0.22113237630653512
2023-09,4,CORE_NEWS_R17,0.552322493211028,0.5538506059683393
2023-09,5,CORE_NEWS_R17,0.37798943394246404,0.3787047149482491
2023-09,6,CORE_NEWS_R17,-0.056234332322566916,-0.05621852378532207
2023-09,7,CORE_NEWS_R17,0.3708298022759021,0.37151822668510753
2023-09,8,CORE_NEWS_R17,0.2163573583500476,0.2165915797705747
2023-09,9,CORE_NEWS_R17,0.33961202894294445,0.3401893639753563
2023-09,10,CORE_NEWS_R17,0.7391372018882422,0.7418755634964161
2023-09,11,CORE_NEWS_R17,0.12996986676397373,0.13005436419840943
2023-09,12,CORE_NEWS_R17,-0.5109596827048469,-0.5096565042350603
2023-09,1,CORE_FAST_H0_R17,0.695982819855584,0.6984104088828595
2023-09,2,CORE_FAST_H0_R17,0.22781631056098897,0.2280760090922021
2023-09,3,CORE_FAST_H0_R17,0.35781591450838324,0.35845683986807664
2023-09,4,CORE_FAST_H0_R17,0.704632712216382,0.7071210897190896
2023-09,5,CORE_FAST_H0_R17,0.5451060209919624,0.5465944270973743
2023-09,6,CORE_FAST_H0_R17,0.12510266611672932,0.12518095214464256
2023-09,7,CORE_FAST_H0_R17,0.565799680933795,0.5674033504208684
2023-09,8,CORE_FAST_H0_R17,0.4243772647342383,0.4252790202121863
2023-09,9,CORE_FAST_H0_R17,0.5601084948820229,0.5616800352525619
2023-09,10,CORE_FAST_H0_R17,0.9715496259763876,0.976284490786144
2023-09,11,CORE_FAST_H0_R17,0.373753032351272,0.37445235997853976
2023-09,12,CORE_FAST_H0_R17,-0.25633384768732237,-0.2560055930158173
2023-09,1,CORE_NEWS_H0_R17,0.6554618476437186,0.6576146999504301
2023-09,2,CORE_NEWS_H0_R17,0.17082627636097034,0.17097226756305647
2023-09,3,CORE_NEWS_H0_R17,0.28532785083038226,0.2857352981707667
2023-09,4,CORE_NEWS_H0_R17,0.6175395840629083,0.6194502908510329
2023-09,5,CORE_NEWS_H0_R17,0.44423253240967797,0.4452207078476723
2023-09,6,CORE_NEWS_H0_R17,0.011213395785385605,0.011214024510111048
2023-09,7,CORE_NEWS_H0_R17,0.43960586646749356,0.44057355053568154
2023-09,8,CORE_NEWS_H0_R17,0.2865424921610458,0.286953417558334
2023-09,9,CORE_NEWS_H0_R17,0.411253499164339,0.41210030681129733
2023-09,10,CORE_NEWS_H0_R17,0.8122563679170811,0.8155641196960529
2023-09,11,CORE_NEWS_H0_R17,0.2045681847839391,0.20477756824804227
2023-09,12,CORE_NEWS_H0_R17,-0.434895897514068,-0.4339515947130435
2023-10,1,CORE_ROBUST_R17,0.08948463659598518,0.08952468604206165
2023-10,2,CORE_ROBUST_R17,0.21384622161484923,0.21407503572171463
2023-10,3,CORE_ROBUST_R17,0.5540203761174634,0.5555579071034867
2023-10,4,CORE_ROBUST_R17,0.38715395366930366,0.38790436268872375
2023-10,5,CORE_ROBUST_R17,-0.04064552201138211,-0.04063726283811681
2023-10,6,CORE_ROBUST_R17,0.3919864771261836,0.3927557489361659
2023-10,7,CORE_ROBUST_R17,0.242375335299646,0.24266930176821402
2023-10,8,CORE_ROBUST_R17,0.3699057075166341,0.37059070303098235
2023-10,9,CORE_ROBUST_R17,0.7732187687086104,0.7762158246498068
2023-10,10,CORE_ROBUST_R17,0.16743070478172045,0.16757094824552365
2023-10,11,CORE_ROBUST_R17,-0.5203058239429935,-0.5189545777441822
2023-10,12,CORE_ROBUST_R17,0.5026187979309639,0.5038840451130215
2023-10,1,CORE_NEWS_R17,0.03812126742805541,0.03812853450661183
2023-10,2,CORE_NEWS_R17,0.15222237109132963,0.15233828815240408
2023-10,3,CORE_NEWS_R17,0.48333788398747496,0.4845078457346097
2023-10,4,CORE_NEWS_R17,0.30841680455824316,0.3088928985103423
2023-10,5,CORE_NEWS_R17,-0.12659375321840266,-0.12651365712908025
2023-10,6,CORE_NEWS_R17,0.29954039155684786,0.2999894620582845
2023-10,7,CORE_NEWS_R17,0.14403842698918845,0.144142212155628
2023-10,8,CORE_NEWS_R17,0.26619822872457266,0.26655285080553726
2023-10,9,CORE_NEWS_R17,0.664589816856995,0.6668031153825461
2023-10,10,CORE_NEWS_R17,0.0542708086419043,0.05428553790970127
2023-10,11,CORE_NEWS_R17,-0.6376545530618998,-0.6356258507446124
2023-10,12,CORE_NEWS_R17,0.38138312875768243,0.3821113196503003
2023-10,1,CORE_FAST_H0_R17,0.12715322872759124,0.12723410271980215
2023-10,2,CORE_FAST_H0_R17,0.2608060405729804,0.2611464353860619
2023-10,3,CORE_FAST_H0_R17,0.610545404599375,0.6124130320245945
2023-10,4,CORE_FAST_H0_R17,0.45335676642967215,0.4543859829711729
2023-10,5,CORE_FAST_H0_R17,0.035223853998212595,0.035230058326111445
2023-10,6,CORE_FAST_H0_R17,0.47741722277029697,0.478558674566188
2023-10,7,CORE_FAST_H0_R17,0.3371918897347552,0.337761021095745
2023-10,8,CORE_FAST_H0_R17,0.47388078641375175,0.47500537711710983
2023-10,9,CORE_FAST_H0_R17,0.8860880507330862,0.8900254318635054
2023-10,10,CORE_FAST_H0_R17,0.2889043636879461,0.2893220945287424
2023-10,11,CORE_FAST_H0_R17,-0.3905340998704973,-0.3897725072036152
2023-10,12,CORE_FAST_H0_R17,0.6403728096143033,0.6424275800128186
2023-10,1,CORE_NEWS_H0_R17,0.08181442737391423,0.08184790450563223
2023-10,2,CORE_NEWS_H0_R17,0.19536941254321966,0.19556038292566144
2023-10,3,CORE_NEWS_H0_R17,0.52630067451981,0.5276880694081602
2023-10,4,CORE_NEWS_H0_R17,0.3514722060367733,0.35209059386972724
2023-10,5,CORE_NEWS_H0_R17,-0.08323625188516931,-0.0832016201264223
2023-10,6,CORE_NEWS_H0_R17,0.34335618331670353,0.34394632589685387
2023-10,7,CORE_NEWS_H0_R17,0.18842663110605867,0.1886042656353404
2023-10,8,CORE_NEWS_H0_R17,0.3112398537419855,0.31172470786403206
2023-10,9,CORE_NEWS_H0_R17,0.7103398950590263,0.7128687932696584
2023-10,10,CORE_NEWS_H0_R17,0.10076408003260544,0.10081486408765906
2023-10,11,CORE_NEWS_H0_R17,-0.5903991180113363,-0.588659687296672
2023-10,12,CORE_NEWS_H0_R17,0.42940752338961585,0.430330798559981
2023-11,1,CORE_ROBUST_R17,0.1329956774117347,0.13308415588261874
2023-11,2,CORE_ROBUST_R17,0.4745546129137544,0.4756824066102194
2023-11,3,CORE_ROBUST_R17,0.30840996789116626,0.3088860407255207
2023-11,4,CORE_ROBUST_R17,-0.11917883085431744,-0.11910784109008941
2023-11,5,CORE_ROBUST_R17,0.31327330207641757,0.31376451569849306
2023-11,6,CORE_ROBUST_R17,0.16318727991717272,0.16332050281655924
2023-11,7,CORE_ROBUST_R17,0.29002330986911423,0.2904442843467769
2023-11,8,CORE_ROBUST_R17,0.6924821811501167,0.6948853830518652
2023-11,9,CORE_ROBUST_R17,0.08572698500045797,0.08576374108278767
2023-11,10,CORE_ROBUST_R17,-0.6030528407817612,-0.6012381268649858
2023-11,11,CORE_ROBUST_R17,0.3780466817238615,0.3787621795461425
2023-11,12,CORE_ROBUST_R17,-0.06352126339539133,-0.06350109291194929
2023-11,1,CORE_NEWS_R17,0.08145977630132142,0.0814929637879691
2023-11,2,CORE_NEWS_R17,0.4127801589070983,0.4136332696250739
2023-11,3,CORE_NEWS_R17,0.2376140673791497,0.2378965933337192
2023-11,4,CORE_NEWS_R17,-0.19798096254957032,-0.19778510951380662
2023-11,5,CORE_NEWS_R17,0.2273165651545751,0.227575125137983
2023-11,6,CORE_NEWS_R17,0.07079471954805805,0.07081978492427612
2023-11,7,CORE_NEWS_R17,0.19180555843948138,0.1919896229639067
2023-11,8,CORE_NEWS_R17,0.5889615711845039,0.5906993598067966
2023-11,9,CORE_NEWS_R17,-0.022646482197126172,-0.02264391807491146
2023-11,10,CORE_NEWS_R17,-0.7158886356479502,-0.7133322568672859
2023-11,11,CORE_NEWS_R17,0.26108998493391233,0.261431121661746
2023-11,12,CORE_NEWS_R17,-0.18429816952378136,-0.18412844472990653
2023-11,1,CORE_FAST_H0_R17,0.21990790612013358,0.22014988089738324
2023-11,2,CORE_FAST_H0_R17,0.5706916404090432,0.5723231873753143
2023-11,3,CORE_FAST_H0_R17,0.4143384984493521,0.41519806717052593
2023-11,4,CORE_FAST_H0_R17,-0.0031260170140979815,-0.0031259681546952378
2023-11,5,CORE_FAST_H0_R17,0.43960206933239404,0.44056973667148164
2023-11,6,CORE_FAST_H0_R17,0.29980451035637834,0.3002543735362213
2023-11,7,CORE_FAST_H0_R17,0.4368356262829957,0.43779114394549523
2023-11,8,CORE_FAST_H0_R17,0.8493166660004268,0.8529335924645048
2023-11,9,CORE_FAST_H0_R17,0.25235199927376417,0.2526706749365392
2023-11,10,CORE_FAST_H0_R17,-0.4269112480298974,-0.4260012773443782
2023-11,11,CORE_FAST_H0_R17,0.5634014844517243,0.564991575411276
2023-11,12,CORE_FAST_H0_R17,0.13072405714676572,0.13080953828643016
2023-11,1,CORE_NEWS_H0_R17,0.176522567038271,0.17667845983680142
2023-11,2,CORE_NEWS_H0_R17,0.5064715514204852,0.5077562866061547
2023-11,3,CORE_NEWS_H0_R17,0.3307410419933846,0.3312885936706374
2023-11,4,CORE_NEWS_H0_R17,-0.10479945660894346,-0.10474456115680232
2023-11,5,CORE_NEWS_H0_R17,0.32102245851974326,0.3215382874419808
2023-11,6,CORE_NEWS_H0_R17,0.1653768470981156,0.16551367001997858
2023-11,7,CORE_NEWS_H0_R17,0.28752256137044396,0.28793630392629843
2023-11,8,CORE_NEWS_H0_R17,0.6859986680515343,0.6883570286040973
2023-11,9,CORE_NEWS_H0_R17,0.07583827376853533,0.07586703825841425
2023-11,10,CORE_NEWS_H0_R17,-0.6158737476510961,-0.613981132652105
2023-11,11,CORE_NEWS_H0_R17,0.36268238307039397,0.363340871458475
2023-11,12,CORE_NEWS_H0_R17,-0.0811080289866579,-0.08107514531586069
2023-12,1,CORE_ROBUST_R17,0.5114025974459543,0.5127124925232066
2023-12,2,CORE_ROBUST_R17,0.34460218804775117,0.34519662400476503
2023-12,3,CORE_ROBUST_R17,-0.08334471479448097,-0.08330999273406413
2023-12,4,CORE_ROBUST_R17,0.34897911689241184,0.34958875797962075
2023-12,5,CORE_ROBUST_R17,0.19894072666997192,0.19913874502489073
2023-12,6,CORE_ROBUST_R17,0.32595762145664214,0.32648944099001204
2023-12,7,CORE_ROBUST_R17,0.7286968059264481,0.7313582618217725
2023-12,8,CORE_ROBUST_R17,0.12229470058280145,0.12236951104505672
2023-12,9,CORE_ROBUST_R17,-0.566080254312387,-0.5644810390776366
2023-12,10,CORE_ROBUST_R17,0.41545944323297035,0.4163236724039146
2023-12,11,CORE_ROBUST_R17,-0.03303602800526248,-0.0330305717103949
2023-12,12,CORE_ROBUST_R17,0.09207615024859153,0.09211855334919676
2023-12,1,CORE_NEWS_R17,0.4668156279938429,0.46790690957674574
2023-12,2,CORE_NEWS_R17,0.2913014970653358,0.29172619215722645
2023-12,3,CORE_NEWS_R17,-0.14428307966440598,-0.1441790416714411
2023-12,4,CORE_NEWS_R17,0.2812972510823758,0.2816932630362285
2023-12,5,CORE_NEWS_R17,0.12526236636924892,0.12534085243913942
2023-12,6,CORE_NEWS_R17,0.24691045651170146,0.2472155314149824
2023-12,7,CORE_NEWS_R17,0.6448115686670486,0.6468949540251798
2023-12,8,CORE_NEWS_R17,0.03402312830270418,0.03402891682546193
2023-12,9,CORE_NEWS_R17,-0.6583509779197164,-0.6561885958259116
2023-12,10,CORE_NEWS_R17,0.3195238194187149,0.320034840908099
2023-12,11,CORE_NEWS_R17,-0.13234587217294205,-0.1322583336456705
2023-12,12,CORE_NEWS_R17,-0.010353255380316444,-0.010352719449327188
2023-12,1,CORE_FAST_H0_R17,0.5701789570830602,0.5718075711655191
2023-12,2,CORE_FAST_H0_R17,0.4136352420621293,0.4144918933594853
2023-12,3,CORE_FAST_H0_R17,-0.003981731850312642,-0.003981652580422111
2023-12,4,CORE_FAST_H0_R17,0.43862438773698587,0.4395877525071901
2023-12,5,CORE_FAST_H0_R17,0.2987292553536155,0.2991758958314891
2023-12,6,CORE_FAST_H0_R17,0.435682312554349,0.4366327877912359
2023-12,7,CORE_FAST_H0_R17,0.8481009052910731,0.8517074695770323
2023-12,8,CORE_FAST_H0_R17,0.2510862809798447,0.2514017665740833
2023-12,9,CORE_FAST_H0_R17,-0.42821693239146924,-0.42730139098618297
2023-12,10,CORE_FAST_H0_R17,0.5620638272360303,0.5636463695421473
2023-12,11,CORE_FAST_H0_R17,0.12197069108340208,0.12204510558236972
2023-12,12,CORE_FAST_H0_R17,0.2551437485546358,0.2554695172173092
2023-12,1,CORE_NEWS_H0_R17,0.5153764499636442,0.5167067988425846
2023-12,2,CORE_NEWS_H0_R17,0.3390771091735019,0.33965262590131257
2023-12,3,CORE_NEWS_H0_R17,-0.09687101032057474,-0.0968241055043178
2023-12,4,CORE_NEWS_H0_R17,0.32866988008346376,0.32921059175701894
2023-12,5,CORE_NEWS_H0_R17,0.1728422672714307,0.17299172561486734
2023-12,6,CORE_NEWS_H0_R17,0.2948830579012822,0.29531826566998437
2023-12,7,CORE_NEWS_H0_R17,0.6933138692647463,0.6957228539282039
2023-12,8,CORE_NEWS_H0_R17,0.08315395014418334,0.0831885326262086
2023-12,9,CORE_NEWS_H0_R17,-0.6085228152997886,-0.6066750651097571
2023-12,10,CORE_NEWS_H0_R17,0.37009465225565386,0.3707803481608009
2023-12,11,CORE_NEWS_H0_R17,-0.08100534544785432,-0.08097254497520857
2023-12,12,CORE_NEWS_H0_R17,0.04176980628410297,0.041778531082422854
2024-01,1,CORE_ROBUST_R17,0.2942949404749742,0.2947284131600073
2024-01,2,CORE_ROBUST_R17,-0.13274507607907643,-0.13265700877560688
2024-01,3,CORE_ROBUST_R17,0.3000664075228851,0.30051705740440526
2024-01,4,CORE_ROBUST_R17,0.1501921745727974,0.15030501950699385
2024-01,5,CORE_ROBUST_R17,0.27712572913063194,0.2775100774400398
2024-01,6,CORE_ROBUST_R17,0.6795943086729876,0.6819087908539948
2024-01,7,CORE_ROBUST_R17,0.07278198328021826,0.07280847579253806
2024-01,8,CORE_ROBUST_R17,-0.6161051969560729,-0.6142111606358183
2024-01,9,CORE_ROBUST_R17,0.3648498734796881,0.36551626082190386
2024-01,10,CORE_ROBUST_R17,-0.08427940394110031,-0.08424389882665709
2024-01,11,CORE_ROBUST_R17,0.007757789444811938,0.0077580903690789285
2024-01,12,CORE_ROBUST_R17,0.3752088375272211,0.37591362708790227
2024-01,1,CORE_NEWS_R17,0.23885235715378803,0.2391378366426256
2024-01,2,CORE_NEWS_R17,-0.19909256298745667,-0.19889450520551447
2024-01,3,CORE_NEWS_R17,0.2241417661269392,0.2243931515683873
2024-01,4,CORE_NEWS_R17,0.06579523954987916,0.06581688936553863
2024-01,5,CORE_NEWS_R17,0.18518091767106193,0.18535248341840657
2024-01,6,CORE_NEWS_R17,0.5808796566057762,0.5825700339174043
2024-01,7,CORE_NEWS_R17,-0.032043503758510644,-0.03203837037616487
2024-01,8,CORE_NEWS_R17,-0.7264795663331496,-0.7238470822088449
2024-01,9,CORE_NEWS_R17,0.24940919458885583,0.24972047805665037
2024-01,10,CORE_NEWS_R17,-0.20436897390386036,-0.2041602827072822
2024-01,11,CORE_NEWS_R17,-0.11661694466336754,-0.11654897352897534
2024-01,12,CORE_NEWS_R17,0.24686822337922273,0.247173193884581
2024-01,1,CORE_FAST_H0_R17,0.2746283285742961,0.2750057776168151
2024-01,2,CORE_FAST_H0_R17,-0.13736232692384798,-0.13726802806153746
2024-01,3,CORE_FAST_H0_R17,0.3097448473948889,0.3102250524227674
2024-01,4,CORE_FAST_H0_R17,0.17345055879666912,0.1736010712874092
2024-01,5,CORE_FAST_H0_R17,0.31328429102552324,0.31377553912762746
2024-01,6,CORE_FAST_H0_R17,0.7280074237847437,0.7306638402204312
2024-01,7,CORE_FAST_H0_R17,0.13283643149151247,0.13292469815827274
2024-01,8,CORE_FAST_H0_R17,-0.5449918762654038,-0.5435094897240932
2024-01,9,CORE_FAST_H0_R17,0.446468807853614,0.44746696476912157
2024-01,10,CORE_FAST_H0_R17,0.007319611294200223,0.007319879184283845
2024-01,11,CORE_FAST_H0_R17,0.10883767978824288,0.10889692948433309
2024-01,12,CORE_FAST_H0_R17,0.48529539785523557,0.4864748631628976
2024-01,1,CORE_NEWS_H0_R17,0.2037160491467932,0.20392369126636065
2024-01,2,CORE_NEWS_H0_R17,-0.23384350278988647,-0.233570301866596
2024-01,3,CORE_NEWS_H0_R17,0.1894940976641758,0.1896737511891106
2024-01,4,CORE_NEWS_H0_R17,0.0310354160960626,0.0310402325795829
2024-01,5,CORE_NEWS_H0_R17,0.1501463367647558,0.15025911281294727
2024-01,6,CORE_NEWS_H0_R17,0.5454494879508138,0.5469397720205541
2024-01,7,CORE_NEWS_H0_R17,-0.06795713530972951,-0.06793404967827273
2024-01,8,CORE_NEWS_H0_R17,-0.7629386112638384,-0.7600356220077421
2024-01,9,CORE_NEWS_H0_R17,0.21236310804524935,0.21258875819782988
2024-01,10,CORE_NEWS_H0_R17,-0.24202786910167545,-0.2417352178014124
2024-01,11,CORE_NEWS_H0_R17,-0.15490210338023033,-0.15478219199514962
2024-01,12,CORE_NEWS_H0_R17,0.20795283808122503,0.20816920995337662
2024-02,1,CORE_ROBUST_R17,-0.21756644520136653,-0.21732994096002822
2024-02,2,CORE_ROBUST_R17,0.21670586765364447,0.21694084452458764
2024-02,3,CORE_ROBUST_R17,0.0675996549515851,0.0676225086677206
2024-02,4,CORE_ROBUST_R17,0.19476701471115151,0.19495680886004654
2024-02,5,CORE_ROBUST_R17,0.5970610579680367,0.5988470201617899
2024-02,6,CORE_ROBUST_R17,-0.010234397877622703,-0.010233874180989002
2024-02,7,CORE_ROBUST_R17,-0.6998344088295134,-0.6973912704605165
2024-02,8,CORE_ROBUST_R17,0.2802403869981445,0.28063342743759323
2024-02,9,CORE_ROBUST_R17,-0.16988761964296845,-0.169743392312783
2024-02,10,CORE_ROBUST_R17,-0.07892919369046592,-0.07889805279600728
2024-02,11,CORE_ROBUST_R17,0.2599580440945801,0.26029622799995555
2024-02,12,CORE_ROBUST_R17,0.11593921858905214,0.11600645408267862
2024-02,1,CORE_NEWS_R17,-0.26001779391038304,-0.259680040447754
2024-02,2,CORE_NEWS_R17,0.16604839664121004,0.16618633332799895
2024-02,3,CORE_NEWS_R17,0.009775784066668285,0.00977626191200979
2024-02,4,CORE_NEWS_R17,0.13063859699998817,0.13072396638619418
2024-02,5,CORE_NEWS_R17,0.5273461472140284,0.5287390644309784
2024-02,6,CORE_NEWS_R17,-0.08493421586866198,-0.08489815697303847
2024-02,7,CORE_NEWS_R17,-0.7790120797727951,-0.7759856445350746
2024-02,8,CORE_NEWS_R17,0.19701500288858242,0.19720920496019592
2024-02,9,CORE_NEWS_R17,-0.25679333354981715,-0.2564639015158728
2024-02,10,CORE_NEWS_R17,-0.1691992227361931,-0.16905616154883485
2024-02,11,CORE_NEWS_R17,0.1665975142017535,0.1667363649570407
2024-02,12,CORE_NEWS_R17,0.0197271917193491,0.01972913765777232
2024-02,1,CORE_FAST_H0_R17,-0.19836283066357802,-0.19816622162187356
2024-02,2,CORE_FAST_H0_R17,0.2511223806045513,0.25143795696041643
2024-02,3,CORE_FAST_H0_R17,0.11673052156584549,0.11679867815643862
2024-02,4,CORE_FAST_H0_R17,0.25808619744231076,0.25841952656599765
2024-02,5,CORE_FAST_H0_R17,0.6740268851196201,0.6763035585849515
2024-02,6,CORE_FAST_H0_R17,0.07982993676086006,0.07986180933559744
2024-02,7,CORE_FAST_H0_R17,-0.5972191358484793,-0.5954393272491865
2024-02,8,CORE_FAST_H0_R17,0.39486493638860004,0.3956455551035634
2024-02,9,CORE_FAST_H0_R17,-0.0437855496763645,-0.04377596520348461
2024-02,10,CORE_FAST_H0_R17,0.058131487213237534,0.05814838683677449
2024-02,11,CORE_FAST_H0_R17,0.4074733785003349,0.40830467999852776
2024-02,12,CORE_FAST_H0_R17,0.273421652311201,0.27379579022460937
2024-02,1,CORE_NEWS_H0_R17,-0.2533826968040178,-0.25306195380842883
2024-02,2,CORE_NEWS_H0_R17,0.17255663012487457,0.17270559474833058
2024-02,3,CORE_NEWS_H0_R17,0.016217063701142204,0.016218378738003462
2024-02,4,CORE_NEWS_H0_R17,0.13705912375163107,0.13715309269474837
2024-02,5,CORE_NEWS_H0_R17,0.5337812413461019,0.5352083915709741
2024-02,6,CORE_NEWS_H0_R17,-0.0784578566298834,-0.0784270865012692
2024-02,7,CORE_NEWS_H0_R17,-0.7724745778064098,-0.769498660604419
2024-02,8,CORE_NEWS_H0_R17,0.20362814314718347,0.20383560604430775
2024-02,9,CORE_NEWS_H0_R17,-0.2500942947528196,-0.24978181952000433
2024-02,10,CORE_NEWS_H0_R17,-0.16240734659908548,-0.16227553723362592
2024-02,11,CORE_NEWS_H0_R17,0.17348657279487223,0.17363714781279527
2024-02,12,CORE_NEWS_H0_R17,0.026715763232003656,0.02671933220984848
2024-03,1,CORE_ROBUST_R17,0.3216378595309819,0.32215566910277643
2024-03,2,CORE_ROBUST_R17,0.17069012303665995,0.17083588154716725
2024-03,3,CORE_ROBUST_R17,0.2968683717912973,0.29730946232023403
2024-03,4,CORE_ROBUST_R17,0.6988310288716763,0.7012785509323333
2024-03,5,CORE_ROBUST_R17,0.09170737158087697,0.09174943564852253
2024-03,6,CORE_ROBUST_R17,-0.5973401384058639,-0.5955596092369854
2024-03,7,CORE_ROBUST_R17,0.3835709672091128,0.3843075421049213
2024-03,8,CORE_ROBUST_R17,-0.06551339803770631,-0.06549194269672416
2024-03,9,CORE_ROBUST_R17,0.026635804916448194,0.026639352561940253
2024-03,10,CORE_ROBUST_R17,0.36681373499472186,0.36748731992448724
2024-03,11,CORE_ROBUST_R17,0.22826574432289248,0.22852646891695183
2024-03,12,CORE_ROBUST_R17,-0.20553155511216326,-0.20532048364235145
2024-03,1,CORE_NEWS_R17,0.28701261173221054,0.28742488726190957
2024-03,2,CORE_NEWS_R17,0.1295025951327612,0.12958648595317981
2024-03,3,CORE_NEWS_R17,0.2499870686575364,0.25029979686908277
2024-03,4,CORE_NEWS_R17,0.6469729519655534,0.6490703427123389
2024-03,5,CORE_NEWS_R17,0.03546720974781585,0.035473500106301896
2024-03,6,CORE_NEWS_R17,-0.6574666007940717,-0.6553100179971445
2024-03,7,CORE_NEWS_R17,0.3199738633938711,0.3204863261967156
2024-03,8,CORE_NEWS_R17,-0.13223053592834566,-0.132143149876445
2024-03,9,CORE_NEWS_R17,-0.04290370512159132,-0.042894502798118475
2024-03,10,CORE_NEWS_R17,0.2947062995960343,0.2951409855218537
2024-03,11,CORE_NEWS_R17,0.1538094423750949,0.15392778976662325
2024-03,12,CORE_NEWS_R17,-0.2821467502468108,-0.2817490903861459
2024-03,1,CORE_FAST_H0_R17,0.42498294139621756,0.42588727453196457
2024-03,2,CORE_FAST_H0_R17,0.28363471859904055,0.28403734243735385
2024-03,3,CORE_FAST_H0_R17,0.41942530346872875,0.4203061224233277
2024-03,4,CORE_FAST_H0_R17,0.8309139183406167,0.8343755892315945
2024-03,5,CORE_FAST_H0_R17,0.2331553117375193,0.23342733010181596
2024-03,6,CORE_FAST_H0_R17,-0.44674308746728986,-0.4457466748899619
2024-03,7,CORE_FAST_H0_R17,0.5430615234934135,0.5445387755033804
2024-03,8,CORE_FAST_H0_R17,0.10258746840734839,0.10264010734949996
2024-03,9,CORE_FAST_H0_R17,0.2030456500800699,0.20325192734886632
2024-03,10,CORE_FAST_H0_R17,0.5512204571936627,0.5527424724238406
2024-03,11,CORE_FAST_H0_R17,0.4203521775075312,0.42123689648400736
2024-03,12,CORE_FAST_H0_R17,-0.006083254249396042,-0.006083069223236617
2024-03,1,CORE_NEWS_H0_R17,0.3655242323040583,0.3661930868195487
2024-03,2,CORE_NEWS_H0_R17,0.2064169238434465,0.2066301102347199
2024-03,3,CORE_NEWS_H0_R17,0.3260248232956878,0.32655686225862046
2024-03,4,CORE_NEWS_H0_R17,0.7226906437912538,0.7253083548090147
2024-03,5,CORE_NEWS_H0_R17,0.11129098794685294,0.11135293934682064
2024-03,6,CORE_NEWS_H0_R17,-0.5812139237042327,-0.5795281431570382
2024-03,7,CORE_NEWS_H0_R17,0.39689648789887744,0.3976851650748843
2024-03,8,CORE_NEWS_H0_R17,-0.054461466603805825,-0.05444663903897456
2024-03,9,CORE_NEWS_H0_R17,0.035837482601604936,0.03584390499458612
2024-03,10,CORE_NEWS_H0_R17,0.3745053964540338,0.37520754416730384
2024-03,11,CORE_NEWS_H0_R17,0.23472107023602135,0.23499675579525292
2024-03,12,CORE_NEWS_H0_R17,-0.20009220407321285,-0.19989215307362201
2024-04,1,CORE_ROBUST_R17,0.2521331766747415,0.25245129967700014
2024-04,2,CORE_ROBUST_R17,0.3768835775699432,0.3775946767832301
2024-04,3,CORE_ROBUST_R17,0.7780751615129778,0.7811100323836432
2024-04,4,CORE_ROBUST_R17,0.17068729060499732,0.1708330442767352
2024-04,5,CORE_ROBUST_R17,-0.5182365776274291,-0.5168960485791513
2024-04,6,CORE_ROBUST_R17,0.4630917034066555,0.464165630150752
2024-04,7,CORE_ROBUST_R17,0.014643427409996246,0.014644499612162878
2024-04,8,CORE_ROBUST_R17,0.10758873323340859,0.10764663067284791
2024-04,9,CORE_ROBUST_R17,0.448676415502762,0.44968447521008625
2024-04,10,CORE_ROBUST_R17,0.3111154529846861,0.3115999193964544
2024-04,11,CORE_ROBUST_R17,-0.13492880932398832,-0.13483782133366534
2024-04,12,CORE_ROBUST_R17,0.3112150593609204,0.3116998361958384
2024-04,1,CORE_NEWS_R17,0.2233916764571643,0.22364138156824084
2024-04,2,CORE_NEWS_R17,0.34279603815112925,0.3433842557067689
2024-04,3,CORE_NEWS_R17,0.7393783257800091,0.7421184765202743
2024-04,4,CORE_NEWS_R17,0.1279871761151976,0.12806911465465956
2024-04,5,CORE_NEWS_R17,-0.5644393647429253,-0.5628493986319945
2024-04,6,CORE_NEWS_R17,0.41380173105138174,0.414659072571269
2024-04,7,CORE_NEWS_R17,-0.03738708791935866,-0.03738009981855281
2024-04,8,CORE_NEWS_R17,0.05310852848164255,0.05312263355751888
2024-04,9,CORE_NEWS_R17,0.3919920669220781,0.39276136068646184
2024-04,10,CORE_NEWS_R17,0.2524356166644285,0.25275450363887664
2024-04,11,CORE_NEWS_R17,-0.19542559987852248,-0.19523476838452242
2024-04,12,CORE_NEWS_R17,0.2490551695784784,0.24936556960155729
2024-04,1,CORE_FAST_H0_R17,0.3093579818165228,0.3098369874411034
2024-04,2,CORE_FAST_H0_R17,0.4441860485974647,0.44517401709075305
2024-04,3,CORE_FAST_H0_R17,0.8549046489983554,0.8585693947089331
2024-04,4,CORE_FAST_H0_R17,0.25653003081846043,0.2568593506432254
2024-04,5,CORE_FAST_H0_R17,-0.42386117764778686,-0.4229641539840908
2024-04,6,CORE_FAST_H0_R17,0.5655491859037661,0.5671514343891652
2024-04,7,CORE_FAST_H0_R17,0.12475973289038053,0.12483759021996718
2024-04,8,CORE_FAST_H0_R17,0.22496559622124568,0.22521883368211018
2024-04,9,CORE_FAST_H0_R17,0.5729385486613536,0.5745829805921968
2024-04,10,CORE_FAST_H0_R17,0.44190878523643395,0.44288664198981464
2024-04,11,CORE_FAST_H0_R17,0.0020613160110093953,0.002061337256273858
2024-04,12,CORE_FAST_H0_R17,0.45408586128080686,0.45511839339709376
2024-04,1,CORE_NEWS_H0_R17,0.24542128069600228,0.24572268524095642
2024-04,2,CORE_NEWS_H0_R17,0.3643538273063778,0.36501840275397274
2024-04,3,CORE_NEWS_H0_R17,0.7606695144317845,0.7635699545732002
2024-04,4,CORE_NEWS_H0_R17,0.14917039334942309,0.14928170772316515
2024-04,5,CORE_NEWS_H0_R17,-0.5432424811067726,-0.5417695874753236
2024-04,6,CORE_NEWS_H0_R17,0.43510458916824496,0.4360525435515102
2024-04,7,CORE_NEWS_H0_R17,-0.015909160926716626,-0.015907895486817508
2024-04,8,CORE_NEWS_H0_R17,0.0748122854015574,0.07484027677168513
2024-04,9,CORE_NEWS_H0_R17,0.4139579738691286,0.4148159633866001
2024-04,10,CORE_NEWS_H0_R17,0.2746886554142389,0.27506627037729986
2024-04,11,CORE_NEWS_H0_R17,-0.17286931449450516,-0.17271998155770565
2024-04,12,CORE_NEWS_H0_R17,0.2719239164022602,0.27229396482451845
2024-05,1,CORE_ROBUST_R17,0.28384648052967343,0.2842497060757994
2024-05,2,CORE_ROBUST_R17,0.6865966578322373,0.6889591364897562
2024-05,3,CORE_ROBUST_R17,0.08000664018612846,0.0800386540356637
2024-05,4,CORE_ROBUST_R17,-0.6087055157912651,-0.6068566570370232
2024-05,5,CORE_ROBUST_R17,0.3723868932101048,0.37308111466369875
2024-05,6,CORE_ROBUST_R17,-0.07663506015763025,-0.07660570299517537
2024-05,7,CORE_ROBUST_R17,0.015485573011262618,0.01548677208801389
2024-05,8,CORE_ROBUST_R17,0.35556607293722453,0.3561989589853865
2024-05,9,CORE_ROBUST_R17,0.21686929253564835,0.2171046240757389
2024-05,10,CORE_ROBUST_R17,-0.2303971924881741,-0.23013198187501085
2024-05,11,CORE_ROBUST_R17,0.16376171231088943,0.16389587502871028
2024-05,12,CORE_ROBUST_R17,0.06459918452048305,0.0646200542873444
2024-05,1,CORE_NEWS_R17,0.25608583606631075,0.2564140159243972
2024-05,2,CORE_NEWS_R17,0.6537093288216251,0.6558506717644513
2024-05,3,CORE_NEWS_R17,0.04271006344001598,0.042719185486242255
2024-05,4,CORE_NEWS_R17,-0.6498219958185933,-0.6477152185913988
2024-05,5,CORE_NEWS_R17,0.32793661071962904,0.32847491109003607
2024-05,6,CORE_NEWS_R17,-0.12401637046489007,-0.12393950194397395
2024-05,7,CORE_NEWS_R17,-0.03449134610337727,-0.034485398522417055
2024-05,8,CORE_NEWS_R17,0.3032744195504254,0.3037347616671858
2024-05,9,CORE_NEWS_R17,0.16249951686617953,0.1626316188764403
2024-05,10,CORE_NEWS_R17,-0.286644484105474,-0.2862340510590209
2024-05,11,CORE_NEWS_R17,0.10580814071971417,0.10586413728082553
2024-05,12,CORE_NEWS_R17,0.005086535095377515,0.0050866644617673104
2024-05,1,CORE_FAST_H0_R17,0.29322870827175035,0.29365904416851873
2024-05,2,CORE_FAST_H0_R17,0.7099081664181623,0.7124339879086324
2024-05,3,CORE_FAST_H0_R17,0.11630223443468454,0.11636989170978901
2024-05,4,CORE_FAST_H0_R17,-0.5602740250744291,-0.5587074172895764
2024-05,5,CORE_FAST_H0_R17,0.4321882976428308,0.43312357817151426
2024-05,6,CORE_FAST_H0_R17,-0.006159588037989272,-0.00615939833926019
2024-05,7,CORE_FAST_H0_R17,0.09599952915892834,0.09604562345584462
2024-05,8,CORE_FAST_H0_R17,0.44553508469187814,0.4465290678833816
2024-05,9,CORE_FAST_H0_R17,0.31575540374123207,0.3162544362186269
2024-05,10,CORE_FAST_H0_R17,-0.12309199950477365,-0.12301627237759516
2024-05,11,CORE_FAST_H0_R17,0.27902330282276244,0.27941293514439924
2024-05,12,CORE_FAST_H0_R17,0.1873859685560422,0.18756164577645038
2024-05,1,CORE_NEWS_H0_R17,0.2397083126868236,0.2399958427612756
2024-05,2,CORE_NEWS_H0_R17,0.6376978556403798,0.6397354774032273
2024-05,3,CORE_NEWS_H0_R17,0.02691009211381313,0.026913713203906606
2024-05,4,CORE_NEWS_H0_R17,-0.6655300370491356,-0.6633202907906736
2024-05,5,CORE_NEWS_H0_R17,0.31222870574666045,0.312716647269128
2024-05,6,CORE_NEWS_H0_R17,-0.13979390385980675,-0.13969623769777303
2024-05,7,CORE_NEWS_H0_R17,-0.05039083279245906,-0.05037813874461315
2024-05,8,CORE_NEWS_H0_R17,0.2872144321972352,0.28762728801342136
2024-05,9,CORE_NEWS_H0_R17,0.14625133785436512,0.14635833727982514
2024-05,10,CORE_NEWS_H0_R17,-0.30310001801515846,-0.30264113365382905
2024-05,11,CORE_NEWS_H0_R17,0.08913276139931159,0.08917249644985724
2024-05,12,CORE_NEWS_H0_R17,-0.011815983971400573,-0.011815285911508997
2024-06,1,CORE_ROBUST_R17,0.6656118488168489,0.6678319675409384
2024-06,2,CORE_ROBUST_R17,0.05939162575914901,0.05940926607731833
2024-06,3,CORE_ROBUST_R17,-0.6291208645438682,-0.6271460427417688
2024-06,4,CORE_ROBUST_R17,0.3520399155004692,0.3526603038021924
2024-06,5,CORE_ROBUST_R17,-0.09701413445459854,-0.0969670909573557
2024-06,6,CORE_ROBUST_R17,-0.005001632306193313,-0.005001507226650029
2024-06,7,CORE_ROBUST_R17,0.3349140317402881,0.33547549541547017
2024-06,8,CORE_ROBUST_R17,0.19601096812519178,0.19620319519818313
2024-06,9,CORE_ROBUST_R17,-0.25149123725388595,-0.25117526297984927
2024-06,10,CORE_ROBUST_R17,0.14241193216575632,0.14251338611299832
2024-06,11,CORE_ROBUST_R17,0.04386694247569936,0.043876565425956776
2024-06,12,CORE_ROBUST_R17,0.17057532486133345,0.17072088732137156
2024-06,1,CORE_NEWS_R17,0.6403926749897435,0.6424475730108953
2024-06,2,CORE_NEWS_R17,0.02956950722356319,0.029573879433286748
2024-06,3,CORE_NEWS_R17,-0.6628856575678994,-0.660693417283003
2024-06,4,CORE_NEWS_R17,0.31487368010010386,0.3153699279868332
2024-06,5,CORE_NEWS_R17,-0.13713646140233032,-0.137042472326441
2024-06,6,CORE_NEWS_R17,-0.04771202325580232,-0.04770064287999432
2024-06,7,CORE_NEWS_R17,0.28992115836339244,0.29034183620017145
2024-06,8,CORE_NEWS_R17,0.14899067914197114,0.14910172539700225
2024-06,9,CORE_NEWS_R17,-0.3003248169034374,-0.29987429304969565
2024-06,10,CORE_NEWS_R17,0.09194592971093286,0.09198821293912765
2024-06,11,CORE_NEWS_R17,-0.008077698981938615,-0.008077372744618616
2024-06,12,CORE_NEWS_R17,0.11728370648077675,0.11735251071589597
2024-06,1,CORE_FAST_H0_R17,0.7044414638227385,0.7069284891518937
2024-06,2,CORE_FAST_H0_R17,0.1110301496748031,0.11109181096424946
2024-06,3,CORE_FAST_H0_R17,-0.5653904155658767,-0.5637950919740887
2024-06,4,CORE_FAST_H0_R17,0.4271964625661304,0.42811024740975606
2024-06,5,CORE_FAST_H0_R17,-0.01105177878289193,-0.01105116809631805
2024-06,6,CORE_FAST_H0_R17,0.09118705387946384,0.09122864191344691
2024-06,7,CORE_FAST_H0_R17,0.4407863817847642,0.44175927389000935
2024-06,8,CORE_FAST_H0_R17,0.31105771873199856,0.31154200526060005
2024-06,9,CORE_FAST_H0_R17,-0.1277488701957028,-0.12766730606263813
2024-06,10,CORE_FAST_H0_R17,0.2743990835864767,0.27477590245552297
2024-06,11,CORE_FAST_H0_R17,0.183673798027814,0.18384258166951334
2024-06,12,CORE_FAST_H0_R17,0.3178006265278596,0.3183061480940156
2024-06,1,CORE_NEWS_H0_R17,0.6546124956007554,0.6567597660742823
2024-06,2,CORE_NEWS_H0_R17,0.04346002710645773,0.04346947234448965
2024-06,3,CORE_NEWS_H0_R17,-0.6491887233108249,-0.6470860458938515
2024-06,4,CORE_NEWS_H0_R17,0.3284821080653624,0.3290222017504175
2024-06,5,CORE_NEWS_H0_R17,-0.12353579437212639,-0.12345952032148858
2024-06,6,CORE_NEWS_H0_R17,-0.03405767308016385,-0.034051874113035445
2024-06,7,CORE_NEWS_H0_R17,0.30367535235418286,0.30413691304941715
2024-06,8,CORE_NEWS_H0_R17,0.1628788006187472,0.16301152018476642
2024-06,9,CORE_NEWS_H0_R17,-0.2862782036257019,-0.2858688183298166
2024-06,10,CORE_NEWS_H0_R17,0.10616811875099821,0.10622449704835443
2024-06,11,CORE_NEWS_H0_R17,0.006331293873474867,0.006331494304115357
2024-06,12,CORE_NEWS_H0_R17,0.13188616843367876,0.1319731764871243
2024-07,1,CORE_ROBUST_R17,0.012105655755074801,0.012106388519149438
2024-07,2,CORE_ROBUST_R17,-0.6755827936644997,-0.6733058635105539
2024-07,3,CORE_ROBUST_R17,0.3060096656590964,0.30647835319092515
2024-07,4,CORE_ROBUST_R17,-0.14291521662868534,-0.142813141465736
2024-07,5,CORE_ROBUST_R17,-0.0510047473147661,-0.05099174210470836
2024-07,6,CORE_ROBUST_R17,0.2886341918442275,0.28905114138420646
2024-07,7,CORE_ROBUST_R17,0.14932440463023675,0.14943594903342336
2024-07,8,CORE_ROBUST_R17,-0.29867925613241536,-0.29823365339357816
2024-07,9,CORE_ROBUST_R17,0.09465547630113137,0.09470028873512594
2024-07,10,CORE_ROBUST_R17,-0.004503172023076132,-0.0045030706318067324
2024-07,11,CORE_ROBUST_R17,0.08914252968219763,0.08918227344384252
2024-07,12,CORE_ROBUST_R17,0.5247334382998896,0.5261125754155763
2024-07,1,CORE_NEWS_R17,-0.011155436800546523,-0.011154814604831899
2024-07,2,CORE_NEWS_R17,-0.7030451088113165,-0.700579528117958
2024-07,3,CORE_NEWS_R17,0.27496206748508917,0.2753404348873355
2024-07,4,CORE_NEWS_R17,-0.17704413093096705,-0.17688750025825528
2024-07,5,CORE_NEWS_R17,-0.0878011497408635,-0.08776261580995433
2024-07,6,CORE_NEWS_R17,0.2495114854589412,0.24982302442043328
2024-07,7,CORE_NEWS_R17,0.10815795729046988,0.10821646910225478
2024-07,8,CORE_NEWS_R17,-0.34165425913353975,-0.34107128507716616
2024-07,9,CORE_NEWS_R17,0.05006874401803665,0.0500812805058744
2024-07,10,CORE_NEWS_R17,-0.05053592824698729,-0.05052316099754161
2024-07,11,CORE_NEWS_R17,0.04180414581615518,0.041812884966925624
2024-07,12,CORE_NEWS_R17,0.47620918425513786,0.47734486220959765
2024-07,1,CORE_FAST_H0_R17,0.01888339136209105,0.018885174386667793
2024-07,2,CORE_FAST_H0_R17,-0.6538115577607309,-0.6516788604671823
2024-07,3,CORE_FAST_H0_R17,0.34175581326556254,0.3423404642816197
2024-07,4,CORE_FAST_H0_R17,-0.09410803376803077,-0.09406376604551572
2024-07,5,CORE_FAST_H0_R17,0.0100383143466682,0.01003881820230221
2024-07,6,CORE_FAST_H0_R17,0.36116365461384314,0.36181663641524
2024-07,7,CORE_FAST_H0_R17,0.23265580145057715,0.23292665507181004
2024-07,8,CORE_FAST_H0_R17,-0.20517413956552447,-0.20496380130562297
2024-07,9,CORE_FAST_H0_R17,0.19775513254593485,0.19795079696572904
2024-07,10,CORE_FAST_H0_R17,0.10765490165069592,0.10771287034012186
2024-07,11,CORE_FAST_H0_R17,0.20986098370145118,0.21008134598837716
2024-07,12,CORE_FAST_H0_R17,0.6535481606777196,0.6556884467289189
2024-07,1,CORE_NEWS_H0_R17,-0.030153199824757504,-0.030148654204353968
2024-07,2,CORE_NEWS_H0_R17,-0.721589747806416,-0.7189925398026527
2024-07,3,CORE_NEWS_H0_R17,0.2566874395798533,0.2570171638479465
2024-07,4,CORE_NEWS_H0_R17,-0.19519061369106638,-0.1950002406962514
2024-07,5,CORE_NEWS_H0_R17,-0.10592858692527019,-0.10587250240255905
2024-07,6,CORE_NEWS_H0_R17,0.23131998772169288,0.23158773881942255
2024-07,7,CORE_NEWS_H0_R17,0.08983987894822223,0.0898802470554505
2024-07,8,CORE_NEWS_H0_R17,-0.36014516751437653,-0.3594974226465567
2024-07,9,CORE_NEWS_H0_R17,0.03137158432946838,0.031376505725611605
2024-07,10,CORE_NEWS_H0_R17,-0.06946267689475796,-0.06943855716241154
2024-07,11,CORE_NEWS_H0_R17,0.022632367483656282,0.022634928797170842
2024-07,12,CORE_NEWS_H0_R17,0.4567830915833584,0.45782793583200004
2024-08,1,CORE_ROBUST_R17,-0.5295917803731558,-0.5281919153841508
2024-08,2,CORE_ROBUST_R17,0.449445345902697,0.45045686634022625
2024-08,3,CORE_ROBUST_R17,-0.0008293672558322973,-0.0008293638165915801
2024-08,4,CORE_ROBUST_R17,0.09066095115056345,0.09070206061335241
2024-08,5,CORE_ROBUST_R17,0.4305904976831591,0.43151887058352795
2024-08,6,CORE_ROBUST_R17,0.29210858806268986,0.292535640916904
2024-08,7,CORE_ROBUST_R17,-0.15466714851523725,-0.15454760052285482
2024-08,8,CORE_ROBUST_R17,0.24018726427050197,0.24047594495857136
2024-08,9,CORE_ROBUST_R17,0.14275483418224025,0.14285677739950445
2024-08,10,CORE_ROBUST_R17,0.23826646073275284,0.2385505408420384
2024-08,11,CORE_ROBUST_R17,0.7519448076930553,0.7547790120927416
2024-08,12,CORE_ROBUST_R17,0.07221226404408948,0.07223834337659571
2024-08,1,CORE_NEWS_R17,-0.5525608046905051,-0.5510369954255805
2024-08,2,CORE_NEWS_R17,0.42239401371866403,0.42328735459605404
2024-08,3,CORE_NEWS_R17,-0.03134448705487877,-0.03133957518374878
2024-08,4,CORE_NEWS_R17,0.0571867570039231,0.05720311174724008
2024-08,5,CORE_NEWS_R17,0.39457040201563975,0.39534985585391635
2024-08,6,CORE_NEWS_R17,0.25388206123780355,0.25420461465355426
2024-08,7,CORE_NEWS_R17,-0.19482004470964764,-0.19463039363996956
2024-08,8,CORE_NEWS_R17,0.19834010935902324,0.1985369334594606
2024-08,9,CORE_NEWS_R17,0.09940676723673032,0.09945619213946853
2024-08,10,CORE_NEWS_R17,0.19357943435266023,0.1937669202982411
2024-08,11,CORE_NEWS_R17,0.7060552954483066,0.708553742527381
2024-08,12,CORE_NEWS_R17,0.025236010706475673,0.025239195255536306
2024-08,1,CORE_FAST_H0_R17,-0.43289389483799323,-0.43195825980626523
2024-08,2,CORE_FAST_H0_R17,0.5539538159535937,0.5554909771816381
2024-08,3,CORE_FAST_H0_R17,0.11111424073223508,0.11117599547535585
2024-08,4,CORE_FAST_H0_R17,0.2096800062967219,0.2098999885479881
2024-08,5,CORE_FAST_H0_R17,0.5563408805237271,0.5578913303289537
2024-08,6,CORE_FAST_H0_R17,0.42426145452832525,0.4251627175571093
2024-08,7,CORE_FAST_H0_R17,-0.01642574475348496,-0.016424395801890885
2024-08,8,CORE_FAST_H0_R17,0.3842177207454074,0.3849567832633275
2024-08,9,CORE_FAST_H0_R17,0.292288844560115,0.2927164248917665
2024-08,10,CORE_FAST_H0_R17,0.3930320103788274,0.3938053940679514
2024-08,11,CORE_FAST_H0_R17,0.9116828500922229,0.9158513363494042
2024-08,12,CORE_FAST_H0_R17,0.23667619891733802,0.23695649812322203
2024-08,1,CORE_NEWS_H0_R17,-0.4919887365551765,-0.49078045432033623
2024-08,2,CORE_NEWS_H0_R17,0.48162145044095894,0.48278311073490127
2024-08,3,CORE_NEWS_H0_R17,0.02710726915598194,0.02711094350818543
2024-08,4,CORE_NEWS_H0_R17,0.11530299219367963,0.11536949164988863
2024-08,5,CORE_NEWS_H0_R17,0.4526889926071539,0.4537151771177426
2024-08,6,CORE_NEWS_H0_R17,0.31225976975843267,0.3127478084280763
2024-08,7,CORE_NEWS_H0_R17,-0.13599066991840306,-0.1358982445082711
2024-08,8,CORE_NEWS_H0_R17,0.25776297049771757,0.25809546486359214
2024-08,9,CORE_NEWS_H0_R17,0.1595249631177938,0.15965227187449788
2024-08,10,CORE_NEWS_H0_R17,0.254463416408808,0.25478744935039915
2024-08,11,CORE_NEWS_H0_R17,0.7677509489066514,0.7707057134081312
2024-08,12,CORE_NEWS_H0_R17,0.08777009162560104,0.08780862084207254
2024-09,1,CORE_ROBUST_R17,0.4637684824386883,0.4648455528592282
2024-09,2,CORE_ROBUST_R17,0.013241289366042741,0.01324216606345804
2024-09,3,CORE_ROBUST_R17,0.1045949680118491,0.10464968762484035
2024-09,4,CORE_ROBUST_R17,0.44447727969814166,0.445466545102586
2024-09,5,CORE_ROBUST_R17,0.3060165553146899,0.30648526396205983
2024-09,6,CORE_ROBUST_R17,-0.14068620861526618,-0.1405872919615946
2024-09,7,CORE_ROBUST_R17,0.25427980552428897,0.2546033708173849
2024-09,8,CORE_ROBUST_R17,0.15698721859274717,0.15711050803453538
2024-09,9,CORE_ROBUST_R17,0.25265875363861956,0.25297820485139916
2024-09,10,CORE_ROBUST_R17,0.7665106596666944,0.7694558729389736
2024-09,11,CORE_ROBUST_R17,0.08532662641412295,0.0853630399360725
2024-09,12,CORE_ROBUST_R17,-0.5981336002367467,-0.5963483424005362
2024-09,1,CORE_NEWS_R17,0.4437854700739504,0.44477165610162056
2024-09,2,CORE_NEWS_R17,-0.010233601463504327,-0.010233077848371472
2024-09,3,CORE_NEWS_R17,0.0781756371473837,0.07820620226290637
2024-09,4,CORE_NEWS_R17,0.4155590064058241,0.4164236501315964
2024-09,5,CORE_NEWS_R17,0.2749629072001691,0.27534127691449406
2024-09,6,CORE_NEWS_R17,-0.17357756642347516,-0.17342700769030847
2024-09,7,CORE_NEWS_R17,0.21979534061700026,0.22003706764492326
2024-09,8,CORE_NEWS_R17,0.1211114756292719,0.12118484519358175
2024-09,9,CORE_NEWS_R17,0.21555903547211838,0.21579153098600298
2024-09,10,CORE_NEWS_R17,0.7283263562175998,0.7309851034895549
2024-09,11,CORE_NEWS_R17,0.046174519874789266,0.04618518194720803
2024-09,12,CORE_NEWS_R17,-0.6381550773692275,-0.6361231923453946
2024-09,1,CORE_FAST_H0_R17,0.5437902540190616,0.5452714769190158
2024-09,2,CORE_FAST_H0_R17,0.1011135575569172,0.10116469454855105
2024-09,3,CORE_FAST_H0_R17,0.1998096261287754,0.20000937858163167
2024-09,4,CORE_FAST_H0_R17,0.5465747427616777,0.5480711876631578
2024-09,5,CORE_FAST_H0_R17,0.41457871069099367,0.4154392770584596
2024-09,6,CORE_FAST_H0_R17,-0.026041773451042416,-0.02603838287554842
2024-09,7,CORE_FAST_H0_R17,0.3746550641596693,0.3753577735498844
2024-09,8,CORE_FAST_H0_R17,0.28276888566383235,0.2831690539722557
2024-09,9,CORE_FAST_H0_R17,0.3835462096341092,0.3842826893877661
2024-09,10,CORE_FAST_H0_R17,0.902224375868756,0.9063066879595328
2024-09,11,CORE_FAST_H0_R17,0.2256058983951384,0.22586057999164655
2024-09,12,CORE_FAST_H0_R17,-0.45353256339955694,-0.452505657506673
2024-09,1,CORE_NEWS_H0_R17,0.4922700619351725,0.4934837016490023
2024-09,2,CORE_NEWS_H0_R17,0.037132468883954856,0.037139363838577834
2024-09,3,CORE_NEWS_H0_R17,0.12488440801382973,0.12496242106265262
2024-09,4,CORE_NEWS_H0_R17,0.461967579530957,0.4630362948259582
2024-09,5,CORE_NEWS_H0_R17,0.3213456818835739,0.321862550616727
2024-09,6,CORE_NEWS_H0_R17,-0.1270117887296965,-0.12693116289569886
2024-09,7,CORE_NEWS_H0_R17,0.2667009803946465,0.26705694384168716
2024-09,8,CORE_NEWS_H0_R17,0.16847279176580238,0.16861478690349033
2024-09,9,CORE_NEWS_H0_R17,0.26345949005295677,0.2638068495509868
2024-09,10,CORE_NEWS_H0_R17,0.776823989043225,0.7798490947684753
2024-09,11,CORE_NEWS_H0_R17,0.09530746941111765,0.09535290141196243
2024-09,12,CORE_NEWS_H0_R17,-0.5883641790552068,-0.5866367066226973
2024-10,1,CORE_ROBUST_R17,-0.04415999207123514,-0.04415024298185499
2024-10,2,CORE_ROBUST_R17,0.04819103576149278,0.048202649506651374
2024-10,3,CORE_ROBUST_R17,0.3885975108453985,0.38935352994583633
2024-10,4,CORE_ROBUST_R17,0.2502960870257094,0.250609589188261
2024-10,5,CORE_ROBUST_R17,-0.19652626509984802,-0.1963332786791809
2024-10,6,CORE_ROBUST_R17,0.19810940126894516,0.1983057675952746
2024-10,7,CORE_ROBUST_R17,0.10032959276722697,0.10037993973938067
2024-10,8,CORE_ROBUST_R17,0.19539955437106973,0.19559058370353702
2024-10,9,CORE_ROBUST_R17,0.7085689952689269,0.7110852850797134
2024-10,10,CORE_ROBUST_R17,0.026647843854416688,0.02665139470772874
2024-10,11,CORE_ROBUST_R17,-0.6876463804321943,-0.68528750271894
2024-10,12,CORE_ROBUST_R17,0.3266391427443533,0.3271731897027095
2024-10,1,CORE_NEWS_R17,-0.06278379386402502,-0.06276408896420886
2024-10,2,CORE_NEWS_R17,0.026345880507389896,0.026349351339288826
2024-10,3,CORE_NEWS_R17,0.3640463627654419,0.3647098163852777
2024-10,4,CORE_NEWS_R17,0.22345768013110673,0.22370753287554274
2024-10,5,CORE_NEWS_R17,-0.22531082037243255,-0.22505718606781944
2024-10,6,CORE_NEWS_R17,0.16765740303402343,0.16779802663562896
2024-10,7,CORE_NEWS_R17,0.06843864211548131,0.06846206669767158
2024-10,8,CORE_NEWS_R17,0.1622576936412585,0.1623894026633614
2024-10,9,CORE_NEWS_R17,0.6743316457392871,0.6766103807790708
2024-10,10,CORE_NEWS_R17,-0.008555919415593298,-0.008555553407246601
2024-10,11,CORE_NEWS_R17,-0.7237087962599823,-0.7210963301656759
2024-10,12,CORE_NEWS_R17,0.2898085593831349,0.2902289103615438
2024-10,1,CORE_FAST_H0_R17,-0.05101116318473922,-0.05099815470291191
2024-10,2,CORE_FAST_H0_R17,0.0537717820943798,0.053786241708742466
2024-10,3,CORE_FAST_H0_R17,0.4054064000930907,0.4062292834707851
2024-10,4,CORE_FAST_H0_R17,0.27730596911505356,0.2776908177714649
2024-10,5,CORE_FAST_H0_R17,-0.16019803415286504,-0.16006978559516377
2024-10,6,CORE_FAST_H0_R17,0.24299198815714074,0.24328745295881388
2024-10,7,CORE_FAST_H0_R17,0.15310035742073896,0.1532176158513407
2024-10,8,CORE_FAST_H0_R17,0.25547331959856395,0.25579993075926555
2024-10,9,CORE_FAST_H0_R17,0.7754279963992495,0.7784422253084226
2024-10,10,CORE_FAST_H0_R17,0.09983072737846252,0.09988057483541997
2024-10,11,CORE_FAST_H0_R17,-0.6085534820052824,-0.6067055457633216
2024-10,12,CORE_FAST_H0_R17,0.41126841663205105,0.41211528575505685
2024-10,1,CORE_NEWS_H0_R17,-0.10300047935647612,-0.10294745207042001
2024-10,2,CORE_NEWS_H0_R17,-0.012913235066863676,-0.012912401344551443
2024-10,3,CORE_NEWS_H0_R17,0.3253580519129954,0.3258879157183968
2024-10,4,CORE_NEWS_H0_R17,0.1850405244039925,0.1852118300276641
2024-10,5,CORE_NEWS_H0_R17,-0.26368726621878874,-0.2633399167195012
2024-10,6,CORE_NEWS_H0_R17,0.12914612158374134,0.129229551098804
2024-10,7,CORE_NEWS_H0_R17,0.029660458848952742,0.029664857997973568
2024-10,8,CORE_NEWS_H0_R17,0.12311490725528232,0.1231907247682525
2024-10,9,CORE_NEWS_H0_R17,0.6347536492746249,0.6367724795234229
2024-10,10,CORE_NEWS_H0_R17,-0.04861843514717584,-0.048606618301127835
2024-10,11,CORE_NEWS_H0_R17,-0.764288461048874,-0.7613752034123791
2024-10,12,CORE_NEWS_H0_R17,0.24869211838681143,0.24900161374589175
2024-11,1,CORE_ROBUST_R17,0.043095401857583496,0.04310468925998971
2024-11,2,CORE_ROBUST_R17,0.3835952033580977,0.3843318713982028
2024-11,3,CORE_ROBUST_R17,0.24534772742718092,0.2456489512621847
2024-11,4,CORE_ROBUST_R17,-0.20145114396964756,-0.2012483673407495
2024-11,5,CORE_ROBUST_R17,0.19318461327895448,0.19337133497282782
2024-11,6,CORE_ROBUST_R17,0.0953871184630676,0.09543262644334448
2024-11,7,CORE_ROBUST_R17,0.19042605994846057,0.19060748551223872
2024-11,8,CORE_ROBUST_R17,0.7035546572377988,0.7060354174384765
2024-11,9,CORE_ROBUST_R17,0.021585604798402144,0.021587934657709765
2024-11,10,CORE_ROBUST_R17,-0.6927614051392855,-0.6903673448822543
2024-11,11,CORE_ROBUST_R17,0.3298046686059358,0.33034912258344734
2024-11,12,CORE_ROBUST_R17,-0.12429712482772377,-0.12421990794762244
2024-11,1,CORE_NEWS_R17,0.026644016718687047,0.02664756655208731
2024-11,2,CORE_NEWS_R17,0.36434302244876554,0.3650075584572277
2024-11,3,CORE_NEWS_R17,0.22375698811993522,0.22400751088781762
2024-11,4,CORE_NEWS_R17,-0.22500575568771075,-0.2247528074888172
2024-11,5,CORE_NEWS_R17,0.16797052922437491,0.16811167873661195
2024-11,6,CORE_NEWS_R17,0.0687615008518058,0.06878514699130564
2024-11,7,CORE_NEWS_R17,0.16259145758875715,0.16272370916603768
2024-11,8,CORE_NEWS_R17,0.6746770970714011,0.6769581700714794
2024-11,9,CORE_NEWS_R17,-0.008198303120894812,-0.008197967069208077
2024-11,10,CORE_NEWS_R17,-0.7233387736930686,-0.7207289751382651
2024-11,11,CORE_NEWS_R17,0.2985275682340054,0.29897360551662894
2024-11,12,CORE_NEWS_R17,-0.1561957257992026,-0.15607380376267796
2024-11,1,CORE_FAST_H0_R17,0.08135195297293361,0.08138505264933203
2024-11,2,CORE_FAST_H0_R17,0.43191789460445584,0.43285200432099613
2024-11,3,CORE_FAST_H0_R17,0.3029625225326677,0.3034219177976402
2024-11,4,CORE_FAST_H0_R17,-0.13522543361025166,-0.13513404521886735
2024-11,5,CORE_FAST_H0_R17,0.2674174263997535,0.2677753057389342
2024-11,6,CORE_FAST_H0_R17,0.17708806582335124,0.17724495933819795
2024-11,7,CORE_FAST_H0_R17,0.27911084412917586,0.27950072109097096
2024-11,8,CORE_FAST_H0_R17,0.798785373832261,0.8019841757141719
2024-11,9,CORE_FAST_H0_R17,0.12296398713339382,0.12303961884079669
2024-11,10,CORE_FAST_H0_R17,-0.5855995163928153,-0.583888224493343
2024-11,11,CORE_FAST_H0_R17,0.4424154676096913,0.44339556968094296
2024-11,12,CORE_FAST_H0_R17,-0.006546197746442967,-0.006545983487593584
2024-11,1,CORE_NEWS_H0_R17,0.03822060872948542,0.03822791373478654
2024-11,2,CORE_NEWS_H0_R17,0.37563672223643124,0.37634312119291163
2024-11,3,CORE_NEWS_H0_R17,0.2348801719458893,0.23515623151584178
2024-11,4,CORE_NEWS_H0_R17,-0.2139659767051712,-0.21373723268311326
2024-11,5,CORE_NEWS_H0_R17,0.1789939418618398,0.17915423164001984
2024-11,6,CORE_NEWS_H0_R17,0.07981966006638515,0.07985152443449686
2024-11,7,CORE_NEWS_H0_R17,0.17372286173554352,0.173873847318491
2024-11,8,CORE_NEWS_H0_R17,0.6859102724509427,0.6882680245655138
2024-11,9,CORE_NEWS_H0_R17,0.003157305767491292,0.0031573556109144077
2024-11,10,CORE_NEWS_H0_R17,-0.7118462523010988,-0.7093186280222082
2024-11,11,CORE_NEWS_H0_R17,0.310166637040525,0.310648151457846
2024-11,12,CORE_NEWS_H0_R17,-0.14440425251994454,-0.14430003974780933
2024-12,1,CORE_ROBUST_R17,0.4015980365991573,0.4024055221009467
2024-12,2,CORE_ROBUST_R17,0.2630336382558861,0.2633798752368461
2024-12,3,CORE_ROBUST_R17,-0.18393598939396133,-0.1837669308220613
2024-12,4,CORE_ROBUST_R17,0.2106418054452469,0.2108638111478271
2024-12,5,CORE_ROBUST_R17,0.11287265116521536,0.11293637631595435
2024-12,6,CORE_ROBUST_R17,0.20800524001949433,0.20822172099010522
2024-12,7,CORE_ROBUST_R17,0.721276181397133,0.7238836432770018
2024-12,8,CORE_ROBUST_R17,0.03948505911190904,0.03949285548747513
2024-12,9,CORE_ROBUST_R17,-0.6746587545630851,-0.6723880417780809
2024-12,10,CORE_ROBUST_R17,0.3481276857246789,0.3487343539415798
2024-12,11,CORE_ROBUST_R17,-0.10567405524769824,-0.10561823988045435
2024-12,12,CORE_ROBUST_R17,-0.010022494824507275,-0.010021992589273712
2024-12,1,CORE_NEWS_R17,0.3873992369590972,0.38815059774508587
2024-12,2,CORE_NEWS_R17,0.24646512118466457,0.24676909614391798
2024-12,3,CORE_NEWS_R17,-0.20246785228049122,-0.202263024384657
2024-12,4,CORE_NEWS_R17,0.19047507262961,0.19065659162726134
2024-12,5,CORE_NEWS_R17,0.09133703879327557,0.09137876376903865
2024-12,6,CORE_NEWS_R17,0.18531658957014585,0.1854884068809297
2024-12,7,CORE_NEWS_R17,0.6976100627751094,0.7000490299684495
2024-12,8,CORE_NEWS_R17,0.014984680126534713,0.014985802885807113
2024-12,9,CORE_NEWS_R17,-0.6998762133730901,-0.6974327834541785
2024-12,10,CORE_NEWS_R17,0.3222893750977166,0.3228092856930491
2024-12,11,CORE_NEWS_R17,-0.13205387588761636,-0.13196672312402033
2024-12,12,CORE_NEWS_R17,-0.036878110606210546,-0.03687131146682486
2024-12,1,CORE_FAST_H0_R17,0.44551104900089467,0.44650492486895277
2024-12,2,CORE_FAST_H0_R17,0.31600085176477266,0.3165006607846071
2024-12,3,CORE_FAST_H0_R17,-0.12263096450961372,-0.12255580346904003
2024-12,4,CORE_FAST_H0_R17,0.27965680739521775,0.2800482118228261
2024-12,5,CORE_FAST_H0_R17,0.1890433763346766,0.18922217597723195
2024-12,6,CORE_FAST_H0_R17,0.2908388982531901,0.2912622448962892
2024-12,7,CORE_FAST_H0_R17,0.8103316228464263,0.8136236957693731
2024-12,8,CORE_FAST_H0_R17,0.13436479205968005,0.13445510199012695
2024-12,9,CORE_FAST_H0_R17,-0.5743150667368324,-0.5726690304098516
2024-12,10,CORE_FAST_H0_R17,0.4536068330494316,0.4546371861726881
2024-12,11,CORE_FAST_H0_R17,0.004639540491783278,0.004639648120127633
2024-12,12,CORE_FAST_H0_R17,0.10484843642188973,0.10490342161034792
2024-12,1,CORE_NEWS_H0_R17,0.403342419015144,0.4041569392837641
2024-12,2,CORE_NEWS_H0_R17,0.26201031146267784,0.2623538584565679
2024-12,3,CORE_NEWS_H0_R17,-0.18716465531636614,-0.18698961149911764
2024-12,4,CORE_NEWS_H0_R17,0.20565725504573612,0.2058688746239737
2024-12,5,CORE_NEWS_H0_R17,0.10649136066895865,0.10654808285139863
2024-12,6,CORE_NEWS_H0_R17,0.20051412655653272,0.2007152905628902
2024-12,7,CORE_NEWS_H0_R17,0.7129044002159647,0.7154516131016946
2024-12,8,CORE_NEWS_H0_R17,0.030415574878574783,0.03042020088354754
2024-12,9,CORE_NEWS_H0_R17,-0.6842799116718727,-0.6819440476704469
2024-12,10,CORE_NEWS_H0_R17,0.3380713554034941,0.33864346113707966
2024-12,11,CORE_NEWS_H0_R17,-0.11607266730523365,-0.11600532904104993
2024-12,12,CORE_NEWS_H0_R17,-0.02068936827923433,-0.020687228177029112
2025-01,1,CORE_ROBUST_R17,0.2509553550623366,0.2512705115924291
2025-01,2,CORE_ROBUST_R17,-0.1958113198957403,-0.19561973459971166
2025-01,3,CORE_ROBUST_R17,0.19886441795752716,0.19906228438140677
2025-01,4,CORE_ROBUST_R17,0.10111241990635374,0.10116355574709335
2025-01,5,CORE_ROBUST_R17,0.19620059547044938,0.19639319477849662
2025-01,6,CORE_ROBUST_R17,0.709380774856335,0.7119028404306839
2025-01,7,CORE_ROBUST_R17,0.027464573186082683,0.027468345045284587
2025-01,8,CORE_ROBUST_R17,-0.686829150298979,-0.6844758696452455
2025-01,9,CORE_ROBUST_R17,0.3357900081537887,0.33635441436473934
2025-01,10,CORE_ROBUST_R17,-0.11819054457418098,-0.11812072705865675
2025-01,11,CORE_ROBUST_R17,-0.05097595810087123,-0.05096296756679322
2025-01,12,CORE_ROBUST_R17,0.3208152945593907,0.3213304575854523
2025-01,1,CORE_NEWS_R17,0.2382796178588742,0.23856372935542286
2025-01,2,CORE_NEWS_R17,-0.21056808900709112,-0.21034654993069887
2025-01,3,CORE_NEWS_R17,0.18239478102891474,0.18256122148716805
2025-01,4,CORE_NEWS_R17,0.08322684854752875,0.08326149169925906
2025-01,5,CORE_NEWS_R17,0.17713891839987123,0.17729590206129936
2025-01,6,CORE_NEWS_R17,0.6893370229571503,0.6917184194176113
2025-01,7,CORE_NEWS_R17,0.006596030677768927,0.0065962482206554755
2025-01,8,CORE_NEWS_R17,-0.7083946995035275,-0.7058914985873356
2025-01,9,CORE_NEWS_R17,0.31363153809376726,0.314123876377027
2025-01,10,CORE_NEWS_R17,-0.14085690104214146,-0.14075774427113474
2025-01,11,CORE_NEWS_R17,-0.07408049593256572,-0.07405306310772004
2025-01,12,CORE_NEWS_R17,0.2973299330111954,0.2977723968736757
2025-01,1,CORE_FAST_H0_R17,0.25854769653488563,0.25888221933000327
2025-01,2,CORE_FAST_H0_R17,-0.1776805603473845,-0.17752280188896172
2025-01,3,CORE_FAST_H0_R17,0.22653005907114,0.22678683226233404
2025-01,4,CORE_FAST_H0_R17,0.13745490602155327,0.1375494185765874
2025-01,5,CORE_FAST_H0_R17,0.24048105034883024,0.24077043795433717
2025-01,6,CORE_FAST_H0_R17,0.7609582728690774,0.7638609183032526
2025-01,7,CORE_FAST_H0_R17,0.08577904042393972,0.08581584116450847
2025-01,8,CORE_FAST_H0_R17,-0.6222707396992858,-0.6203386450291128
2025-01,9,CORE_FAST_H0_R17,0.40615522302560775,0.40698115115641076
2025-01,10,CORE_FAST_H0_R17,-0.04240881918113695,-0.042399827912490466
2025-01,11,CORE_FAST_H0_R17,0.029871489457500774,0.029875951431187764
2025-01,12,CORE_FAST_H0_R17,0.4064112079109557,0.40723817818096697
2025-01,1,CORE_NEWS_H0_R17,0.21468348141963278,0.2149140914032574
2025-01,2,CORE_NEWS_H0_R17,-0.23356480650523337,-0.23329225614624488
2025-01,3,CORE_NEWS_H0_R17,0.15976504255347673,0.15989273489110514
2025-01,4,CORE_NEWS_H0_R17,0.06078376496658784,0.06080224204050284
2025-01,5,CORE_NEWS_H0_R17,0.15474357682704495,0.15486336648085408
2025-01,6,CORE_NEWS_H0_R17,0.666883372178707,0.6691119906801611
2025-01,7,CORE_NEWS_H0_R17,-0.015995945136671533,-0.015994665853579504
2025-01,8,CORE_NEWS_H0_R17,-0.731184429134694,-0.728517779122476
2025-01,9,CORE_NEWS_H0_R17,0.2906008663106883,0.291023519940729
2025-01,10,CORE_NEWS_H0_R17,-0.1641589286903557,-0.16402426162043116
2025-01,11,CORE_NEWS_H0_R17,-0.09767428030931313,-0.09762659451099383
2025-01,12,CORE_NEWS_H0_R17,0.27343180481701773,0.27380597052807637
2025-02,1,CORE_ROBUST_R17,-0.15945099854138844,-0.15932394297613725
2025-02,2,CORE_ROBUST_R17,0.23459924736335702,0.23487464671716843
2025-02,3,CORE_ROBUST_R17,0.13651782628164902,0.136611054285567
2025-02,4,CORE_ROBUST_R17,0.23150488542318595,0.23177306489265345
2025-02,5,CORE_ROBUST_R17,0.7447584725728,0.7475386961830583
2025-02,6,CORE_ROBUST_R17,0.0630475829702172,0.06306746213636755
2025-02,7,CORE_ROBUST_R17,-0.6509426342968565,-0.6488285922852342
2025-02,8,CORE_ROBUST_R17,0.3720516228659612,0.3727445940533453
2025-02,9,CORE_ROBUST_R17,-0.0815031718450916,-0.08146996703159229
2025-02,10,CORE_ROBUST_R17,-0.013828583861815444,-0.013827627757229745
2025-02,11,CORE_ROBUST_R17,0.36843323260560856,0.3691127821458658
2025-02,12,CORE_ROBUST_R17,0.22369982369779529,0.223950218429454
2025-02,1,CORE_NEWS_R17,-0.170138804219112,-0.16999415020477335
2025-02,2,CORE_NEWS_R17,0.222201817007887,0.2224488681954831
2025-02,3,CORE_NEWS_R17,0.12272822395618072,0.1228035658597321
2025-02,4,CORE_NEWS_R17,0.21657829690530797,0.2168129971047403
2025-02,5,CORE_NEWS_R17,0.7289002089154039,0.7315631526236697
2025-02,6,CORE_NEWS_R17,0.04642299732489536,0.046433774465924615
2025-02,7,CORE_NEWS_R17,-0.6682002103150142,-0.6659727168431372
2025-02,8,CORE_NEWS_R17,0.3542687184061641,0.3548969917365759
2025-02,9,CORE_NEWS_R17,-0.09972432839440237,-0.09967462021112419
2025-02,10,CORE_NEWS_R17,-0.03241743195212919,-0.03241217807039718
2025-02,11,CORE_NEWS_R17,0.34953399590657,0.350145578333271
2025-02,12,CORE_NEWS_R17,0.20453685250465065,0.2047461718121928
2025-02,1,CORE_FAST_H0_R17,-0.10616228138790898,-0.10610594917424607
2025-02,2,CORE_FAST_H0_R17,0.2952299483912698,0.2956661811943934
2025-02,3,CORE_FAST_H0_R17,0.20390008363020654,0.20410810120937461
2025-02,4,CORE_FAST_H0_R17,0.30512245858830234,0.3055884309702434
2025-02,5,CORE_FAST_H0_R17,0.8241566656132044,0.827562185838958
2025-02,6,CORE_FAST_H0_R17,0.14782302077179077,0.14793233285531343
2025-02,7,CORE_FAST_H0_R17,-0.5611502892684556,-0.5595787819128218
2025-02,8,CORE_FAST_H0_R17,0.4665368495228214,0.467626827072401
2025-02,9,CORE_FAST_H0_R17,0.017381748169183364,0.017383258882558643
2025-02,10,CORE_FAST_H0_R17,0.08918920949030643,0.08922899489297016
2025-02,11,CORE_FAST_H0_R17,0.47533978734732735,0.47647131907759943
2025-02,12,CORE_FAST_H0_R17,0.334270727134545,0.33483003475655515
2025-02,1,CORE_NEWS_H0_R17,-0.1438277980311135,-0.14372441542393033
2025-02,2,CORE_NEWS_H0_R17,0.24783481452150605,0.24814217886411652
2025-02,3,CORE_NEWS_H0_R17,0.147943871707314,0.14805336264157765
2025-02,4,CORE_NEWS_H0_R17,0.2415788691646195,0.24187090603385886
2025-02,5,CORE_NEWS_H0_R17,0.7538415848835165,0.7566901238840514
2025-02,6,CORE_NEWS_H0_R17,0.07142423715719451,0.07144975033929896
2025-02,7,CORE_NEWS_H0_R17,-0.6430492195390776,-0.6409860827424806
2025-02,8,CORE_NEWS_H0_R17,0.37963627679668466,0.38035780808589215
2025-02,9,CORE_NEWS_H0_R17,-0.07409158739552446,-0.07406414635649607
2025-02,10,CORE_NEWS_H0_R17,-0.006485212775709681,-0.006485002490331793
2025-02,11,CORE_NEWS_H0_R17,0.3757887631113357,0.3764957343792074
2025-02,12,CORE_NEWS_H0_R17,0.23112847534409053,0.23139578310644496
2025-03,1,CORE_ROBUST_R17,0.3039973763174184,0.30445991692646834
2025-03,2,CORE_ROBUST_R17,0.2046908545861344,0.20490048932586902
2025-03,3,CORE_ROBUST_R17,0.29902255477139794,0.2994700731618421
2025-03,4,CORE_ROBUST_R17,0.8120603402412117,0.8153664934824955
2025-03,5,CORE_ROBUST_R17,0.13046987050574546,0.130555019468515
2025-03,6,CORE_ROBUST_R17,-0.5831456027172254,-0.5814486089978375
2025-03,7,CORE_ROBUST_R17,0.4404129374237634,0.4413841805042941
2025-03,8,CORE_ROBUST_R17,-0.01243916754900809,-0.012438393916639671
2025-03,9,CORE_ROBUST_R17,0.05603627241285032,0.05605197566501538
2025-03,10,CORE_ROBUST_R17,0.4391655356416996,0.44013128070246044
2025-03,11,CORE_ROBUST_R17,0.3153057114914897,0.3158033228115072
2025-03,12,CORE_ROBUST_R17,-0.14707107431053815,-0.1469629778054351
2025-03,1,CORE_NEWS_R17,0.29535070175325084,0.295787291656351
2025-03,2,CORE_NEWS_R17,0.1947123076654355,0.19490199517421347
2025-03,3,CORE_NEWS_R17,0.28797695862853523,0.2883920105944182
2025-03,4,CORE_NEWS_R17,0.8001596309505259,0.8033694636757464
2025-03,5,CORE_NEWS_R17,0.11788367061521404,0.11795318072520891
2025-03,6,CORE_NEWS_R17,-0.5962815251651412,-0.5945072950991839
2025-03,7,CORE_NEWS_R17,0.4268359733563074,0.4277482155612283
2025-03,8,CORE_NEWS_R17,-0.026370165307047083,-0.026366688684559228
2025-03,9,CORE_NEWS_R17,0.04182090732714154,0.04182965348778862
2025-03,10,CORE_NEWS_R17,0.4247215933374118,0.4256248137680023
2025-03,11,CORE_NEWS_R17,0.3006778782237177,0.301130367554099
2025-03,12,CORE_NEWS_R17,-0.1618469980782875,-0.16171609645399285
2025-03,1,CORE_FAST_H0_R17,0.3877869434163781,0.3885398098417979
2025-03,2,CORE_FAST_H0_R17,0.2926397691467844,0.2930683773098835
2025-03,3,CORE_FAST_H0_R17,0.3908082964980558,0.3915729479036683
2025-03,4,CORE_FAST_H0_R17,0.9073994254374984,0.9115287744702395
2025-03,5,CORE_FAST_H0_R17,0.22911131812771723,0.22937397866489
2025-03,6,CORE_FAST_H0_R17,-0.48142556188722313,-0.48026856646424576
2025-03,7,CORE_FAST_H0_R17,0.5450107209242985,0.54649860617051
2025-03,8,CORE_FAST_H0_R17,0.0948549347868563,0.0948999363077197
2025-03,9,CORE_FAST_H0_R17,0.16586184828093598,0.16599947512413554
2025-03,10,CORE_FAST_H0_R17,0.5513719878763222,0.5528948407963843
2025-03,11,CORE_FAST_H0_R17,0.429754777483064,0.430679547600265
2025-03,12,CORE_FAST_H0_R17,-0.030506900282866678,-0.030502247401204354
2025-03,1,CORE_NEWS_H0_R17,0.35402906867284956,0.354656491781746
2025-03,2,CORE_NEWS_H0_R17,0.2518608613856106,0.25217829729609637
2025-03,3,CORE_NEWS_H0_R17,0.3441797902600301,0.3447727690093186
2025-03,4,CORE_NEWS_H0_R17,0.8558701069583923,0.8595431464961081
2025-03,5,CORE_NEWS_H0_R17,0.1734512730691278,0.17360178679985505
2025-03,6,CORE_NEWS_H0_R17,-0.5405897611566871,-0.5391312041608629
2025-03,7,CORE_NEWS_H0_R17,0.48285360398621124,0.48402122053705965
2025-03,8,CORE_NEWS_H0_R17,0.030123369128943006,0.030127906671390186
2025-03,9,CORE_NEWS_H0_R17,0.09889961479148086,0.09894853658700355
2025-03,10,CORE_NEWS_H0_R17,0.4824626667087366,0.48362839180806055
2025-03,11,CORE_NEWS_H0_R17,0.3591333604307219,0.3597790169749006
2025-03,12,CORE_NEWS_H0_R17,-0.10264469849815355,-0.10259203684717673
2025-04,1,CORE_ROBUST_R17,0.2334339026779332,0.23370657173859472
2025-04,2,CORE_ROBUST_R17,0.3272631421776405,0.3277992326480965
2025-04,3,CORE_ROBUST_R17,0.8400340822779501,0.8435722689602783
2025-04,4,CORE_ROBUST_R17,0.15835850326687467,0.158483956557904
2025-04,5,CORE_ROBUST_R17,-0.5552031087075894,-0.553664704653813
2025-04,6,CORE_ROBUST_R17,0.46851437166774945,0.4696136162859237
2025-04,7,CORE_ROBUST_R17,0.01589947755622534,0.01590074159014885
2025-04,8,CORE_ROBUST_R17,0.08466924194716056,0.0847050964683565
2025-04,9,CORE_ROBUST_R17,0.46813329267234627,0.4692307484211841
2025-04,10,CORE_ROBUST_R17,0.34463566007462687,0.3452302115815687
2025-04,11,CORE_ROBUST_R17,-0.10810830897051382,-0.10804989299091045
2025-04,12,CORE_ROBUST_R17,0.28198514011849807,0.28238309218204943
2025-04,1,CORE_NEWS_R17,0.2261919389398788,0.22644794589205974
2025-04,2,CORE_NEWS_R17,0.3189435229205282,0.31945268894804296
2025-04,3,CORE_NEWS_R17,0.8308645132232255,0.8343257719022701
2025-04,4,CORE_NEWS_R17,0.14852054026081268,0.14863088663745913
2025-04,5,CORE_NEWS_R17,-0.5655647992823065,-0.5639684923724931
2025-04,6,CORE_NEWS_R17,0.45774413725090213,0.4587933860742873
2025-04,7,CORE_NEWS_R17,0.0048123243678281635,0.004812440162014726
2025-04,8,CORE_NEWS_R17,0.07333797422857012,0.07336487309618285
2025-04,9,CORE_NEWS_R17,0.4566156827922955,0.4576597607374947
2025-04,10,CORE_NEWS_R17,0.33297747845496733,0.3335324642823988
2025-04,11,CORE_NEWS_R17,-0.1198708710917788,-0.11979905466162366
2025-04,12,CORE_NEWS_R17,0.27014674664152627,0.2705119717723491
2025-04,1,CORE_FAST_H0_R17,0.2552266553586271,0.2555526358573679
2025-04,2,CORE_FAST_H0_R17,0.35490362610933257,0.3555341547307796
2025-04,3,CORE_FAST_H0_R17,0.8727015097683225,0.8765206512113726
2025-04,4,CORE_FAST_H0_R17,0.19537880623417908,0.19556979498740096
2025-04,5,CORE_FAST_H0_R17,-0.5143857507602511,-0.5130650527218517
2025-04,6,CORE_FAST_H0_R17,0.5126683904676788,0.5139847834761511
2025-04,7,CORE_FAST_H0_R17,0.06300689106336316,0.06302674457444493
2025-04,8,CORE_FAST_H0_R17,0.1344092339439441,0.13449960363866045
2025-04,9,CORE_FAST_H0_R17,0.5202357170485314,0.5215912927652152
2025-04,10,CORE_FAST_H0_R17,0.39887158146263396,0.3996681328754104
2025-04,11,CORE_FAST_H0_R17,-0.05193421642016349,-0.0519207329402685
2025-04,12,CORE_FAST_H0_R17,0.3399295744739643,0.34050799026838996
2025-04,1,CORE_NEWS_H0_R17,0.214187445247012,0.21441699041190462
2025-04,2,CORE_NEWS_H0_R17,0.30725497890503184,0.307727490830211
2025-04,3,CORE_NEWS_H0_R17,0.8193719493159644,0.8227379884519418
2025-04,4,CORE_NEWS_H0_R17,0.1371308197881616,0.13722488709034725
2025-04,5,CORE_NEWS_H0_R17,-0.5769234886266488,-0.575262480851111
2025-04,6,CORE_NEWS_H0_R17,0.4463615913707968,0.447359268585697
2025-04,7,CORE_NEWS_H0_R17,-0.006635554107377428,-0.006635333959355244
2025-04,8,CORE_NEWS_H0_R17,0.061793894679119096,0.0618129910394762
2025-04,9,CORE_NEWS_H0_R17,0.44495290413519106,0.44594428942351627
2025-04,10,CORE_NEWS_H0_R17,0.32118008917589624,0.3216964250656827
2025-04,11,CORE_NEWS_H0_R17,-0.1318136176374753,-0.13172678164657953
2025-04,12,CORE_NEWS_H0_R17,0.2580519289519302,0.2583851695250333
2025-05,1,CORE_ROBUST_R17,0.29004756815722316,0.29046861309464794
2025-05,2,CORE_ROBUST_R17,0.8034581078220411,0.8066944943405959
2025-05,3,CORE_ROBUST_R17,0.1221127919063781,0.12218737993353165
2025-05,4,CORE_ROBUST_R17,-0.5913569553201408,-0.5896118816431261
2025-05,5,CORE_ROBUST_R17,0.43227028841158877,0.4332059240953816
2025-05,6,CORE_ROBUST_R17,-0.020572337034689886,-0.020570221074537848
2025-05,7,CORE_ROBUST_R17,0.04786747736956795,0.04787893567471085
2025-05,8,CORE_ROBUST_R17,0.4309271914324815,0.4318570177991746
2025-05,9,CORE_ROBUST_R17,0.3069727316656609,0.30744437543803527
2025-05,10,CORE_ROBUST_R17,-0.14626338906208025,-0.1461564762982772
2025-05,11,CORE_ROBUST_R17,0.21177710521810983,0.2120015113152005
2025-05,12,CORE_ROBUST_R17,0.1496154162017346,0.14972739590489678
2025-05,1,CORE_NEWS_R17,0.2837113121951035,0.2841141536172478
2025-05,2,CORE_NEWS_R17,0.7962044468100437,0.7993825836383904
2025-05,3,CORE_NEWS_R17,0.11414492859488266,0.11421009871227147
2025-05,4,CORE_NEWS_R17,-0.5998774448178505,-0.5980817724791795
2025-05,5,CORE_NEWS_R17,0.4233254968356223,0.4242227849199377
2025-05,6,CORE_NEWS_R17,-0.029839661346082652,-0.029835209761926627
2025-05,7,CORE_NEWS_R17,0.038358190350654214,0.03836554804521852
2025-05,8,CORE_NEWS_R17,0.4212395945543302,0.4221280556129763
2025-05,9,CORE_NEWS_R17,0.2971569841915596,0.297598933210196
2025-05,10,CORE_NEWS_R17,-0.15616788458607336,-0.15604600599851945
2025-05,11,CORE_NEWS_R17,0.20181469505972793,0.20201847798033976
2025-05,12,CORE_NEWS_R17,0.13961910395109026,0.13971661679893824
2025-05,1,CORE_FAST_H0_R17,0.28682702135299326,0.2872387636224679
2025-05,2,CORE_FAST_H0_R17,0.8074447135586788,0.8107133399134541
2025-05,3,CORE_FAST_H0_R17,0.13237785686189185,0.13246551502255938
2025-05,4,CORE_FAST_H0_R17,-0.5755820226626531,-0.5739287228915652
2025-05,5,CORE_FAST_H0_R17,0.4529158605411849,0.4539430746445354
2025-05,6,CORE_FAST_H0_R17,0.004409354717595765,0.004409451931069717
2025-05,7,CORE_FAST_H0_R17,0.07673569246275797,0.07676514182748959
2025-05,8,CORE_FAST_H0_R17,0.4633013714590101,0.46437627163096695
2025-05,9,CORE_FAST_H0_R17,0.34252859258644475,0.343115892134986
2025-05,10,CORE_FAST_H0_R17,-0.1078041199256872,-0.10774603215986578
2025-05,11,CORE_FAST_H0_R17,0.2528992612521851,0.2532193211867595
2025-05,12,CORE_FAST_H0_R17,0.19319103406289082,0.19337776817292626
2025-05,1,CORE_NEWS_H0_R17,0.2530108313702502,0.25333117388431725
2025-05,2,CORE_NEWS_H0_R17,0.7663181982953529,0.7692619308489389
2025-05,3,CORE_NEWS_H0_R17,0.08476508769615083,0.08480102344955186
2025-05,4,CORE_NEWS_H0_R17,-0.6289898889443777,-0.6270158884653322
2025-05,5,CORE_NEWS_H0_R17,0.39429612727232455,0.39507449714341863
2025-05,6,CORE_NEWS_H0_R17,-0.058926871970604616,-0.058909513499172256
2025-05,7,CORE_NEWS_H0_R17,0.009106621200935638,0.009107035866271363
2025-05,8,CORE_NEWS_H0_R17,0.3917443571920479,0.3925126783563309
2025-05,9,CORE_NEWS_H0_R17,0.2673602399364403,0.26771796616078924
2025-05,10,CORE_NEWS_H0_R17,-0.18630707806210905,-0.18613363415490836
2025-05,11,CORE_NEWS_H0_R17,0.17130536068564467,0.17145217213863714
2025-05,12,CORE_NEWS_H0_R17,0.10872228441332021,0.1087814085140433
2025-06,1,CORE_ROBUST_R17,0.8054309486368814,0.808683269571292
2025-06,2,CORE_ROBUST_R17,0.12405058621725702,0.12412756078280388
2025-06,3,CORE_ROBUST_R17,-0.5894383800205627,-0.5877046001952156
2025-06,4,CORE_ROBUST_R17,0.4341818657844007,0.435125800884523
2025-06,5,CORE_ROBUST_R17,-0.018658399585129964,-0.018656659014010497
2025-06,6,CORE_ROBUST_R17,0.04979086337777908,0.04980326108571516
2025-06,7,CORE_ROBUST_R17,0.4328653187600039,0.43380353392849447
2025-06,8,CORE_ROBUST_R17,0.30892947539740295,0.3094071542715356
2025-06,9,CORE_ROBUST_R17,-0.1442852700256303,-0.14418122887459967
2025-06,10,CORE_ROBUST_R17,0.21377848257059162,0.21400715168806583
2025-06,11,CORE_ROBUST_R17,0.15086216367500996,0.15097601788426265
2025-06,12,CORE_ROBUST_R17,0.25068519194322353,0.2509996699989217
2025-06,1,CORE_NEWS_R17,0.8000748635498155,0.8032840153158397
2025-06,2,CORE_NEWS_R17,0.11794941386320996,0.11801900154109334
2025-06,3,CORE_NEWS_R17,-0.5961081273108866,-0.5943349279583818
2025-06,4,CORE_NEWS_R17,0.4270833786784981,0.4279966794626261
2025-06,5,CORE_NEWS_R17,-0.026075064416724886,-0.026071665167261785
2025-06,6,CORE_NEWS_R17,0.042143229786062386,0.04215211129275383
2025-06,7,CORE_NEWS_R17,0.4250553049096002,0.425959946258636
2025-06,8,CORE_NEWS_R17,0.30101083235198967,0.30146432486432323
2025-06,9,CORE_NEWS_R17,-0.15227060516570837,-0.15215473230062054
2025-06,10,CORE_NEWS_R17,0.20575899445305756,0.20597082353292917
2025-06,11,CORE_NEWS_R17,0.1428335938388731,0.1429356496007044
2025-06,12,CORE_NEWS_R17,0.24266668536239833,0.24296135927358392
2025-06,1,CORE_FAST_H0_R17,0.8124387714398358,0.8157480110042045
2025-06,2,CORE_FAST_H0_R17,0.1373085331775351,0.1374028445048457
2025-06,3,CORE_FAST_H0_R17,-0.5707020515994208,-0.5690766409948
2025-06,4,CORE_FAST_H0_R17,0.4577552674024883,0.4588045672908951
2025-06,5,CORE_FAST_H0_R17,0.009216310217356194,0.009216734932273887
2025-06,6,CORE_FAST_H0_R17,0.08151668687328395,0.0815499207542507
2025-06,7,CORE_FAST_H0_R17,0.46806159699814853,0.4691587163546598
2025-06,8,CORE_FAST_H0_R17,0.3472722030284731,0.34787589155532417
2025-06,9,CORE_FAST_H0_R17,-0.10307380156134682,-0.10302069876509594
2025-06,10,CORE_FAST_H0_R17,0.25761894595437507,0.257951068703418
2025-06,11,CORE_FAST_H0_R17,0.19712312513467614,0.1973175404918789
2025-06,12,CORE_FAST_H0_R17,0.29918398889686465,0.2996319908648977
2025-06,1,CORE_NEWS_H0_R17,0.7812175959213249,0.7842770624230752
2025-06,2,CORE_NEWS_H0_R17,0.09959537317568483,0.09964498583674607
2025-06,3,CORE_NEWS_H0_R17,-0.6141485321599747,-0.6122664948680407
2025-06,4,CORE_NEWS_H0_R17,0.40920938407154117,0.4100477888919163
2025-06,5,CORE_NEWS_H0_R17,-0.043896204337164624,-0.04388657136294348
2025-06,6,CORE_NEWS_H0_R17,0.024288113783008214,0.024291063584176084
2025-06,7,CORE_NEWS_H0_R17,0.4071005612002177,0.40793034116572674
2025-06,8,CORE_NEWS_H0_R17,0.2829075619793195,0.28330812307258146
2025-06,9,CORE_NEWS_H0_R17,-0.17055808014232238,-0.17041271250597498
2025-06,10,CORE_NEWS_H0_R17,0.1872620416836404,0.1874374865417005
2025-06,11,CORE_NEWS_H0_R17,0.12411005043104784,0.12418709882577472
2025-06,12,CORE_NEWS_H0_R17,0.22370581145988921,0.22395621960133388
2025-07,1,CORE_ROBUST_R17,0.12798408454090582,0.12806601912106383
2025-07,2,CORE_ROBUST_R17,-0.585576067523039,-0.583864912536023
2025-07,3,CORE_ROBUST_R17,0.4380042340481919,0.4389648746301355
2025-07,4,CORE_ROBUST_R17,-0.01485183250251551,-0.014850729672469596
2025-07,5,CORE_ROBUST_R17,0.05360013601097091,0.05361450345074731
2025-07,6,CORE_ROBUST_R17,0.43669133500440044,0.4376462210770164
2025-07,7,CORE_ROBUST_R17,0.31278273674296897,0.3132724123521471
2025-07,8,CORE_ROBUST_R17,-0.14039705489753332,-0.14029854433978106
2025-07,9,CORE_ROBUST_R17,0.21770716054122902,0.21794431464924774
2025-07,10,CORE_ROBUST_R17,0.1548350867453695,0.154955018156454
2025-07,11,CORE_ROBUST_R17,0.25142114954924055,0.25173747757107334
2025-07,12,CORE_ROBUST_R17,0.7717579460701415,0.7747436736276319
2025-07,1,CORE_NEWS_R17,0.12350331382213879,0.12357961057120224
2025-07,2,CORE_NEWS_R17,-0.5906503781965123,-0.5889094681006277
2025-07,3,CORE_NEWS_R17,0.43248869606705886,0.43342527814529686
2025-07,4,CORE_NEWS_R17,-0.02068842790647621,-0.02068628799880363
2025-07,5,CORE_NEWS_R17,0.04753702287088321,0.047548323504190956
2025-07,6,CORE_NEWS_R17,0.4304758194674395,0.4314036975757063
2025-07,7,CORE_NEWS_R17,0.3064726704909364,0.3069427781075032
2025-07,8,CORE_NEWS_R17,-0.14675675907931765,-0.14664912400799324
2025-07,9,CORE_NEWS_R17,0.2113324485258336,0.2115559129347087
2025-07,10,CORE_NEWS_R17,0.14847183584776602,0.14858210984648976
2025-07,11,CORE_NEWS_R17,0.2450893615613174,0.2453899510578655
2025-07,12,CORE_NEWS_R17,0.7654725077246369,0.7684097383060708
2025-07,1,CORE_FAST_H0_R17,0.14605783628010266,0.14616455268736417
2025-07,2,CORE_FAST_H0_R17,-0.5622437404924745,-0.5606661084710971
2025-07,3,CORE_FAST_H0_R17,0.4659807849129376,0.46706816370849163
2025-07,4,CORE_FAST_H0_R17,0.017255592850607876,0.017257081713667157
2025-07,5,CORE_FAST_H0_R17,0.08940698160477756,0.08944696156064542
2025-07,6,CORE_FAST_H0_R17,0.4758327014082357,0.47696658295324723
2025-07,7,CORE_FAST_H0_R17,0.35494795518143507,0.3555786414177341
2025-07,8,CORE_FAST_H0_R17,-0.095474331214085,-0.09542876897571548
2025-07,9,CORE_FAST_H0_R17,0.26515739085707674,0.26550924398617015
2025-07,10,CORE_FAST_H0_R17,0.20461274968172977,0.20482222441469744
2025-07,11,CORE_FAST_H0_R17,0.3033509145308742,0.30381148901882754
2025-07,12,CORE_FAST_H0_R17,0.825685040839414,0.8291032210969678
2025-07,1,CORE_NEWS_H0_R17,0.1209071994576597,0.12098032167910369
2025-07,2,CORE_NEWS_H0_R17,-0.5931768685781896,-0.5914210480136907
2025-07,3,CORE_NEWS_H0_R17,0.430005670008754,0.43093152098484055
2025-07,4,CORE_NEWS_H0_R17,-0.0231483056258088,-0.023145626612261477
2025-07,5,CORE_NEWS_H0_R17,0.04508462185898915,0.04509478650213624
2025-07,6,CORE_NEWS_H0_R17,0.4280189099559438,0.42893621917771174
2025-07,7,CORE_NEWS_H0_R17,0.30400218880748475,0.3044647440687541
2025-07,8,CORE_NEWS_H0_R17,-0.14924756560399507,-0.14913624681188437
2025-07,9,CORE_NEWS_H0_R17,0.20881638837969757,0.2090345616340512
2025-07,10,CORE_NEWS_H0_R17,0.14592702874340904,0.14603355404209772
2025-07,11,CORE_NEWS_H0_R17,0.24251344003238232,0.24280774173433703
2025-07,12,CORE_NEWS_H0_R17,0.7628639836409381,0.7657812043524065
2025-08,1,CORE_ROBUST_R17,-0.5719506455387627,-0.5703181217271496
2025-08,2,CORE_ROBUST_R17,0.4514182124703836,0.45243863936963524
2025-08,3,CORE_ROBUST_R17,-0.0015282985028471363,-0.0015282868244250612
2025-08,4,CORE_ROBUST_R17,0.06692608937840795,0.06694848988258714
2025-08,5,CORE_ROBUST_R17,0.4500902600265504,0.45110468761297584
2025-08,6,CORE_ROBUST_R17,0.3263075234413622,0.32684048598192234
2025-08,7,CORE_ROBUST_R17,-0.126707468723296,-0.12662722870375537
2025-08,8,CORE_ROBUST_R17,0.23158949092424844,0.2318578665223522
2025-08,9,CORE_ROBUST_R17,0.1689294718921162,0.16907223810456953
2025-08,10,CORE_ROBUST_R17,0.2657401449338356,0.2660935470313958
2025-08,11,CORE_ROBUST_R17,0.8351738866874826,0.838671193209491
2025-08,12,CORE_ROBUST_R17,0.10836362689614243,0.10842236148804155
2025-08,1,CORE_NEWS_R17,-0.5757029574228567,-0.5740489634997374
2025-08,2,CORE_NEWS_R17,0.4471961325627416,0.4481975466728973
2025-08,3,CORE_NEWS_R17,-0.006088339982070562,-0.006088154646413182
2025-08,4,CORE_NEWS_R17,0.062131638846813456,0.062150944547651486
2025-08,5,CORE_NEWS_R17,0.44514244444770845,0.4461346751606622
2025-08,6,CORE_NEWS_R17,0.3212694699096392,0.32178609337412395
2025-08,7,CORE_NEWS_R17,-0.13178688123665272,-0.13170008046118784
2025-08,8,CORE_NEWS_R17,0.22650628103722223,0.22676300030579974
2025-08,9,CORE_NEWS_R17,0.1638710494272101,0.1640053914039255
2025-08,10,CORE_NEWS_R17,0.26072798646162837,0.26106817746972216
2025-08,11,CORE_NEWS_R17,0.8302238517616872,0.833679767306401
2025-08,12,CORE_NEWS_R17,0.10348714754211666,0.1035407139671768
2025-08,1,CORE_FAST_H0_R17,-0.5328767878597592,-0.5314595180560002
2025-08,2,CORE_FAST_H0_R17,0.4940456741156612,0.49526809202808575
2025-08,3,CORE_FAST_H0_R17,0.04427883130933796,0.04428863583090435
2025-08,4,CORE_FAST_H0_R17,0.11559689946831282,0.11566373843625663
2025-08,5,CORE_FAST_H0_R17,0.5013559627956152,0.5026148547668174
2025-08,6,CORE_FAST_H0_R17,0.3799378913878899,0.38066057034833267
2025-08,7,CORE_FAST_H0_R17,-0.0709110551523699,-0.07088591920539526
2025-08,8,CORE_FAST_H0_R17,0.28937933880300004,0.2897984449830199
2025-08,9,CORE_FAST_H0_R17,0.22856163513501962,0.22882303635666143
2025-08,10,CORE_FAST_H0_R17,0.3270813499900573,0.3276168447129009
2025-08,11,CORE_FAST_H0_R17,0.8981057552402559,0.9021508255795153
2025-08,12,CORE_FAST_H0_R17,0.17278028478975924,0.17292963592787355
2025-08,1,CORE_NEWS_H0_R17,-0.5517545167178426,-0.5502351471653385
2025-08,2,CORE_NEWS_H0_R17,0.4704997711693493,0.47160835929566397
2025-08,3,CORE_NEWS_H0_R17,0.016812251946032586,0.01681366528431363
2025-08,4,CORE_NEWS_H0_R17,0.08481694868232244,0.08485292842782974
2025-08,5,CORE_NEWS_H0_R17,0.46775732609684106,0.46885301840497273
2025-08,6,CORE_NEWS_H0_R17,0.34392471662298485,0.34451681627426595
2025-08,7,CORE_NEWS_H0_R17,-0.10900747023928833,-0.10894807867882124
2025-08,8,CORE_NEWS_H0_R17,0.24947230208281757,0.2497837431629102
2025-08,9,CORE_NEWS_H0_R17,0.18706927320135533,0.18724435692516392
2025-08,10,CORE_NEWS_H0_R17,0.28419074137408046,0.28459494607490754
2025-08,11,CORE_NEWS_H0_R17,0.8539730620924784,0.85762981385951
2025-08,12,CORE_NEWS_H0_R17,0.12753661118988774,0.1276179737111811
2025-09,1,CORE_ROBUST_R17,0.5058493684731007,0.5071309464311227
2025-09,2,CORE_ROBUST_R17,0.05194780089443915,0.05196129610124788
2025-09,3,CORE_ROBUST_R17,0.11989107358432562,0.11996297166220651
2025-09,4,CORE_ROBUST_R17,0.5028866356677003,0.504153232801873
2025-09,5,CORE_ROBUST_R17,0.37919728163960875,0.37991714414370653
2025-09,6,CORE_ROBUST_R17,-0.07352614854090683,-0.07349912469191477
2025-09,7,CORE_ROBUST_R17,0.2852100738354937,0.2856171847149859
2025-09,8,CORE_ROBUST_R17,0.22309717747091126,0.223346224395004
2025-09,9,CORE_ROBUST_R17,0.32053147550691213,0.3210457269399738
2025-09,10,CORE_ROBUST_R17,0.890640747773214,0.8946187536243446
2025-09,11,CORE_ROBUST_R17,0.17289025760645413,0.17303979898073474
2025-09,12,CORE_ROBUST_R17,-0.5451995173206952,-0.5437160020161422
2025-09,1,CORE_NEWS_R17,0.5028548944305008,0.5041213315452631
2025-09,2,CORE_NEWS_R17,0.04861059704122683,0.04862241390662239
2025-09,3,CORE_NEWS_R17,0.11632134392511588,0.11638902343974165
2025-09,4,CORE_NEWS_R17,0.4991704605040606,0.5004183918180556
2025-09,5,CORE_NEWS_R17,0.3754015464557746,0.3761070606219606
2025-09,6,CORE_NEWS_R17,-0.07734981517671444,-0.07731990791874169
2025-09,7,CORE_NEWS_R17,0.2813979927740803,0.28179428856137895
2025-09,8,CORE_NEWS_R17,0.21932659906818755,0.21956729579196052
2025-09,9,CORE_NEWS_R17,0.3168247217203558,0.3173271416986029
2025-09,10,CORE_NEWS_R17,0.8870141450443463,0.8909597729760922
2025-09,11,CORE_NEWS_R17,0.1693554125202545,0.16949889978872287
2025-09,12,CORE_NEWS_R17,-0.5486347013360691,-0.5471324497053575
2025-09,1,CORE_FAST_H0_R17,0.5311241827677087,0.532537147680515
2025-09,2,CORE_FAST_H0_R17,0.07995291752299027,0.07998488838807122
2025-09,3,CORE_FAST_H0_R17,0.150147447731249,0.15026022544877504
2025-09,4,CORE_FAST_H0_R17,0.5350076806979784,0.5364414024902295
2025-09,5,CORE_FAST_H0_R17,0.4128705450017948,0.41372402962774624
2025-09,6,CORE_FAST_H0_R17,-0.03855365296923163,-0.03854622200344554
2025-09,7,CORE_FAST_H0_R17,0.32127653984152493,0.32179318605631807
2025-09,8,CORE_FAST_H0_R17,0.2600906752578539,0.2604292044853286
2025-09,9,CORE_FAST_H0_R17,0.358315861380339,0.35895858008800685
2025-09,10,CORE_FAST_H0_R17,0.9291046436444956,0.9334342192130449
2025-09,11,CORE_FAST_H0_R17,0.21194222102825366,0.21216697730996248
2025-09,12,CORE_FAST_H0_R17,-0.505634863283859,-0.5043586820541098
2025-09,1,CORE_NEWS_H0_R17,0.5054207217021403,0.5067001267830836
2025-09,2,CORE_NEWS_H0_R17,0.05110712396682479,0.051120185882520645
2025-09,3,CORE_NEWS_H0_R17,0.11877451037459348,0.11884507523108924
2025-09,4,CORE_NEWS_H0_R17,0.5016004143833191,0.5028605353047987
2025-09,5,CORE_NEWS_H0_R17,0.37782383229900135,0.37853848630119324
2025-09,6,CORE_NEWS_H0_R17,-0.0749233068431771,-0.07489524634202485
2025-09,7,CORE_NEWS_H0_R17,0.2838377181730455,0.2842409188125835
2025-09,8,CORE_NEWS_H0_R17,0.2217862452390155,0.22203237285733432
2025-09,9,CORE_NEWS_H0_R17,0.31930918427221827,0.319819519085431
2025-09,10,CORE_NEWS_H0_R17,0.8895268964764036,0.893494943863742
2025-09,11,CORE_NEWS_H0_R17,0.17189880904306645,0.17204663974008563
2025-09,12,CORE_NEWS_H0_R17,-0.5460591754533846,-0.5445709823750422
2025-10,1,CORE_ROBUST_R17,-0.0010647069267477605,-0.0010647012587636769
2025-10,2,CORE_ROBUST_R17,0.06778956371812775,0.06781254603578411
2025-10,3,CORE_ROBUST_R17,0.45125680431436316,0.45227650107160206
2025-10,4,CORE_ROBUST_R17,0.3277005292379863,0.32823805441954396
2025-10,5,CORE_ROBUST_R17,-0.12514848844680293,-0.12507021038400973
2025-10,6,CORE_ROBUST_R17,0.23326681579381575,0.23353909450136487
2025-10,7,CORE_ROBUST_R17,0.17068775919486298,0.17083351366710828
2025-10,8,CORE_ROBUST_R17,0.26755017460391,0.26790840949834666
2025-10,9,CORE_ROBUST_R17,0.8370129340511641,0.8405256811860449
2025-10,10,CORE_ROBUST_R17,0.11856567724755536,0.11863599413447956
2025-10,11,CORE_ROBUST_R17,-0.6411894648349157,-0.6391382316244497
2025-10,12,CORE_ROBUST_R17,0.4260385464307205,0.4269473808492367
2025-10,1,CORE_NEWS_R17,-0.0035136702089602623,-0.003513608480291559
2025-10,2,CORE_NEWS_R17,0.06508825553048653,0.06510944253202709
2025-10,3,CORE_NEWS_R17,0.4483976397912187,0.44940444627777404
2025-10,4,CORE_NEWS_R17,0.324756898255837,0.32528480478692834
2025-10,5,CORE_NEWS_R17,-0.12811996491722819,-0.12803792632985306
2025-10,6,CORE_NEWS_R17,0.23031080422775124,0.2305762232842793
2025-10,7,CORE_NEWS_R17,0.1677799737825194,0.16792080313066618
2025-10,8,CORE_NEWS_R17,0.264715031633264,0.2650657112387313
2025-10,9,CORE_NEWS_R17,0.8342682634766608,0.8377579789328274
2025-10,10,CORE_NEWS_R17,0.11592412511061188,0.11599134309596963
2025-10,11,CORE_NEWS_R17,-0.6437193187271981,-0.6416518844572962
2025-10,12,CORE_NEWS_R17,0.42362579445404946,0.42452435692209134
2025-10,1,CORE_FAST_H0_R17,0.004685852644722238,0.004685962432512103
2025-10,2,CORE_FAST_H0_R17,0.07783105914480712,0.07786135537309377
2025-10,3,CORE_FAST_H0_R17,0.46505183314499743,0.4661348774374836
2025-10,4,CORE_FAST_H0_R17,0.34480313027558257,0.3453982600809691
2025-10,5,CORE_FAST_H0_R17,-0.10511032143402893,-0.10505509988521286
2025-10,6,CORE_FAST_H0_R17,0.2559284683858597,0.2562562448552973
2025-10,7,CORE_FAST_H0_R17,0.1957094814094942,0.19590111741127872
2025-10,8,CORE_FAST_H0_R17,0.29470816961782387,0.2951428610628616
2025-10,9,CORE_FAST_H0_R17,0.8661157535506561,0.8698773882373732
2025-10,10,CORE_FAST_H0_R17,0.14944837226935453,0.14956010200171393
2025-10,11,CORE_FAST_H0_R17,-0.6086700542581185,-0.6068214106983018
2025-10,12,CORE_FAST_H0_R17,0.4600695038318108,0.46112944844417275
2025-10,1,CORE_NEWS_H0_R17,-0.016232396697829915,-0.016231079315599004
2025-10,2,CORE_NEWS_H0_R17,0.05271389640507815,0.05272779262108755
2025-10,3,CORE_NEWS_H0_R17,0.4362389116912736,0.43719181877826807
2025-10,4,CORE_NEWS_H0_R17,0.312713805254222,0.3132032649438945
2025-10,5,CORE_NEWS_H0_R17,-0.14012457607611759,-0.14002644743148235
2025-10,6,CORE_NEWS_H0_R17,0.21828565361890073,0.21852407019661413
2025-10,7,CORE_NEWS_H0_R17,0.15568963293576563,0.15581089216596872
2025-10,8,CORE_NEWS_H0_R17,0.2525262178521498,0.25284533386632685
2025-10,9,CORE_NEWS_H0_R17,0.8219566666412225,0.8253440049074632
2025-10,10,CORE_NEWS_H0_R17,0.10347249736022011,0.10352604861745157
2025-10,11,CORE_NEWS_H0_R17,-0.656322685457472,-0.6541735923524816
2025-10,12,CORE_NEWS_H0_R17,0.41086330800434656,0.41170850843671924
2025-11,1,CORE_ROBUST_R17,0.048745746546049296,0.04875762921576787
2025-11,2,CORE_ROBUST_R17,0.43254829304546455,0.4334851334499079
2025-11,3,CORE_ROBUST_R17,0.309172725863008,0.3096511576682536
2025-11,4,CORE_ROBUST_R17,-0.1436148854938374,-0.14351180866762064
2025-11,5,CORE_ROBUST_R17,0.21477054182130362,0.2150013389479785
2025-11,6,CORE_ROBUST_R17,0.15209253179352755,0.15220825114405798
2025-11,7,CORE_ROBUST_R17,0.24880448516549686,0.24911426038295809
2025-11,8,CORE_ROBUST_R17,0.8180791406537706,0.8214345517872556
2025-11,9,CORE_ROBUST_R17,0.09941705307012544,0.09946648820329139
2025-11,10,CORE_ROBUST_R17,-0.6605710838685843,-0.6583941092102702
2025-11,11,CORE_ROBUST_R17,0.40643739606406604,0.4072644729856779
2025-11,12,CORE_ROBUST_R17,-0.044302657189660366,-0.04429284501156208
2025-11,1,CORE_NEWS_R17,0.04678357175638753,0.046794516976107314
2025-11,2,CORE_NEWS_R17,0.4304119351743543,0.4313395377039125
2025-11,3,CORE_NEWS_R17,0.3069422607123601,0.30741381080815905
2025-11,4,CORE_NEWS_R17,-0.14587765924177534,-0.14577130950423456
2025-11,5,CORE_NEWS_R17,0.21252274956055667,0.21274873922075022
2025-11,6,CORE_NEWS_R17,0.1498955116693053,0.15000791114497214
2025-11,7,CORE_NEWS_R17,0.24668493034992767,0.2469894479724481
2025-11,8,CORE_NEWS_R17,0.8160565633045855,0.8193953809108612
2025-11,9,CORE_NEWS_R17,0.0975053126525362,0.09755286453646204
2025-11,10,CORE_NEWS_R17,-0.6623625625303328,-0.6601737769408106
2025-11,11,CORE_NEWS_R17,0.4047721394070262,0.4055924482516802
2025-11,12,CORE_NEWS_R17,-0.045838424272899164,-0.04582792007224804
2025-11,1,CORE_FAST_H0_R17,0.05932347927121567,0.059341079127290156
2025-11,2,CORE_FAST_H0_R17,0.44724722923229543,0.44824887236958333
2025-11,3,CORE_FAST_H0_R17,0.327560907131592,0.32809797411805564
2025-11,4,CORE_FAST_H0_R17,-0.12190263996305023,-0.12182836887743734
2025-11,5,CORE_FAST_H0_R17,0.23949607354881375,0.23978309448392554
2025-11,6,CORE_FAST_H0_R17,0.17956502552602857,0.17972634005836652
2025-11,7,CORE_FAST_H0_R17,0.27879406489722247,0.27918305696192713
2025-11,8,CORE_FAST_H0_R17,0.8503859297603461,0.8540119820996293
2025-11,9,CORE_FAST_H0_R17,0.13386597322327765,0.13395561371212114
2025-11,10,CORE_FAST_H0_R17,-0.6241345135088089,-0.6221908398690248
2025-11,11,CORE_FAST_H0_R17,0.444724334690034,0.44571470094835586
2025-11,12,CORE_FAST_H0_R17,-0.00428818825488933,-0.004288096313410996
2025-11,1,CORE_NEWS_H0_R17,0.046105495698030935,0.04611612591534076
2025-11,2,CORE_NEWS_H0_R17,0.4297522538832044,0.4306770131318088
2025-11,3,CORE_NEWS_H0_R17,0.3062941042902656,0.3067636639706939
2025-11,4,CORE_NEWS_H0_R17,-0.14651962716610006,-0.14641233956590347
2025-11,5,CORE_NEWS_H0_R17,0.211882852606847,0.2121074829460311
2025-11,6,CORE_NEWS_H0_R17,0.14925453565586694,0.1493659756741335
2025-11,7,CORE_NEWS_H0_R17,0.24604049204429668,0.24634342005383147
2025-11,8,CORE_NEWS_H0_R17,0.8154068860730112,0.8187403823817508
2025-11,9,CORE_NEWS_H0_R17,0.09684909864262742,0.0968960125261689
2025-11,10,CORE_NEWS_H0_R17,-0.6630262343186099,-0.6608330651542191
2025-11,11,CORE_NEWS_H0_R17,0.40410038445813873,0.404917970980869
2025-11,12,CORE_NEWS_H0_R17,-0.046518656841294914,-0.04650783859168982
2025-12,1,CORE_ROBUST_R17,0.4069150273510329,0.407744050640494
2025-12,2,CORE_ROBUST_R17,0.2839858825957468,0.2843895044892767
2025-12,3,CORE_ROBUST_R17,-0.16856543017941034,-0.16842343845234695
2025-12,4,CORE_ROBUST_R17,0.18989423860903554,0.19007465189839384
2025-12,5,CORE_ROBUST_R17,0.12716656423745984,0.1272474551978774
2025-12,6,CORE_ROBUST_R17,0.2237351814880682,0.22398565540984028
2025-12,7,CORE_ROBUST_R17,0.792796743665248,0.7959476984338312
2025-12,8,CORE_ROBUST_R17,0.07387067823942269,0.07389796934456823
2025-12,9,CORE_ROBUST_R17,-0.6864174690066709,-0.684067005370435
2025-12,10,CORE_ROBUST_R17,0.3802666160481147,0.38099054687608075
2025-12,11,CORE_ROBUST_R17,-0.07991955475506243,-0.07988762758481839
2025-12,12,CORE_ROBUST_R17,-0.0008364493976473486,-0.0008364458994191283
2025-12,1,CORE_NEWS_R17,0.40538255348520735,0.4062053399938524
2025-12,2,CORE_NEWS_R17,0.28234722652238253,0.28274620171410225
2025-12,3,CORE_NEWS_R17,-0.1702430703697706,-0.17009823905481045
2025-12,4,CORE_NEWS_R17,0.1882290746916616,0.1884063368166294
2025-12,5,CORE_NEWS_R17,0.1255528617267291,0.12563171232844397
2025-12,6,CORE_NEWS_R17,0.2222020544714933,0.22244910618732477
2025-12,7,CORE_NEWS_R17,0.7913655130943971,0.7945050863397698
2025-12,8,CORE_NEWS_R17,0.07255652907303017,0.07258285768991096
2025-12,9,CORE_NEWS_R17,-0.6876041670140114,-0.6852455785751876
2025-12,10,CORE_NEWS_R17,0.379213975701727,0.3799339016308276
2025-12,11,CORE_NEWS_R17,-0.08083445707566239,-0.08080179482978464
2025-12,12,CORE_NEWS_R17,-0.0016121939954429065,-0.001612180999665351
2025-12,1,CORE_FAST_H0_R17,0.41598885775092365,0.4168552924070667
2025-12,2,CORE_FAST_H0_R17,0.29749800712265917,0.29794097160511485
2025-12,3,CORE_FAST_H0_R17,-0.151009162794032,-0.15089520132909595
2025-12,4,CORE_FAST_H0_R17,0.21115465246019288,0.2113777408893697
2025-12,5,CORE_FAST_H0_R17,0.15183568583129642,0.1519510145714306
2025-12,6,CORE_FAST_H0_R17,0.2515543903176013,0.25187105384537245
2025-12,7,CORE_FAST_H0_R17,0.8235379872728137,0.8269383894802186
2025-12,8,CORE_FAST_H0_R17,0.10733141640941628,0.10738903718738024
2025-12,9,CORE_FAST_H0_R17,-0.6504183617837335,-0.6483077200366839
2025-12,10,CORE_FAST_H0_R17,0.4186410532462589,0.4195185790373171
2025-12,11,CORE_FAST_H0_R17,-0.03931745058054395,-0.039309722283832775
2025-12,12,CORE_FAST_H0_R17,0.041858821204369095,0.041867583231449956
2025-12,1,CORE_NEWS_H0_R17,0.4048506868021584,0.40567131426008884
2025-12,2,CORE_NEWS_H0_R17,0.2818298098874338,0.2822273234456536
2025-12,3,CORE_NEWS_H0_R17,-0.1707514296352455,-0.17060573232018109
2025-12,4,CORE_NEWS_H0_R17,0.18772558378620985,0.18790189857230788
2025-12,5,CORE_NEWS_H0_R17,0.12505100685051762,0.12512922822422967
2025-12,6,CORE_NEWS_H0_R17,0.2216993626928348,0.22194529744160146
2025-12,7,CORE_NEWS_H0_R17,0.7908601133542337,0.7939956724602536
2025-12,8,CORE_NEWS_H0_R17,0.0720470264460929,0.07207298655031157
2025-12,9,CORE_NEWS_H0_R17,-0.6881187916420591,-0.6857566754456091
2025-12,10,CORE_NEWS_H0_R17,0.37869350576568395,0.3794114556126381
2025-12,11,CORE_NEWS_H0_R17,-0.08136126357985325,-0.08132817427836304
2025-12,12,CORE_NEWS_H0_R17,-0.0021456470598159166,-0.0021456240409740246
2026-01,1,CORE_ROBUST_R17,0.35604485068586034,0.3566794432856038
2026-01,2,CORE_ROBUST_R17,-0.09778600474325058,-0.09773820980982037
2026-01,3,CORE_ROBUST_R17,0.2599747526021451,0.26031298000053493
2026-01,4,CORE_ROBUST_R17,0.19699643562223662,0.19719060107921885
2026-01,5,CORE_ROBUST_R17,0.2936576010049806,0.294089197306497
2026-01,6,CORE_ROBUST_R17,0.8630716107957307,0.8668068119095574
2026-01,7,CORE_ROBUST_R17,0.14469199211323036,0.14479672148171757
2026-01,8,CORE_ROBUST_R17,-0.614907733518358,-0.613021045026597
2026-01,9,CORE_ROBUST_R17,0.45256578983688484,0.45359141543404513
2026-01,10,CORE_ROBUST_R17,-0.0067620643675161685,-0.006761835745096843
2026-01,11,CORE_ROBUST_R17,0.05330787745673332,0.05332208863084094
2026-01,12,CORE_ROBUST_R17,0.45853990736302025,0.4595928103078335
2026-01,1,CORE_NEWS_R17,0.35492270110586854,0.355553297547269
2026-01,2,CORE_NEWS_R17,-0.09895109371365432,-0.0989021532626202
2026-01,3,CORE_NEWS_R17,0.25882136137733086,0.25915659301749816
2026-01,4,CORE_NEWS_R17,0.19589614938891714,0.19608815124992524
2026-01,5,CORE_NEWS_R17,0.29264135822012893,0.2930699710403122
2026-01,6,CORE_NEWS_R17,0.8621620842521616,0.8658894056999853
2026-01,7,CORE_NEWS_R17,0.14390534597107035,0.14400893940026682
2026-01,8,CORE_NEWS_R17,-0.615560443301427,-0.6136697514442452
2026-01,9,CORE_NEWS_R17,0.4520540795771544,0.453077385415678
2026-01,10,CORE_NEWS_R17,-0.007128817094313483,-0.007128563000185667
2026-01,11,CORE_NEWS_R17,0.053087640774831746,0.05310173475679077
2026-01,12,CORE_NEWS_R17,0.45846590603465703,0.4595184689021925
2026-01,1,CORE_FAST_H0_R17,0.37226308306392875,0.37295684268217993
2026-01,2,CORE_FAST_H0_R17,-0.07899698641743172,-0.07896579201287045
2026-01,3,CORE_FAST_H0_R17,0.28096450918505766,0.2813595843825469
2026-01,4,CORE_FAST_H0_R17,0.21988368683477283,0.22012560829623395
2026-01,5,CORE_FAST_H0_R17,0.318192906743967,0.3186996777340375
2026-01,6,CORE_FAST_H0_R17,0.8890489160374908,0.8930126938463059
2026-01,7,CORE_FAST_H0_R17,0.17194027504474257,0.17208817709123617
2026-01,8,CORE_FAST_H0_R17,-0.5865311592518878,-0.5848144232850281
2026-01,9,CORE_FAST_H0_R17,0.48195093089532,0.48311418241065707
2026-01,10,CORE_FAST_H0_R17,0.023530567162289517,0.023533335817400233
2026-01,11,CORE_FAST_H0_R17,0.08442210654954413,0.08445775204010104
2026-01,12,CORE_FAST_H0_R17,0.4904022394328484,0.4916066792768312
2026-01,1,CORE_NEWS_H0_R17,0.34912726257623156,0.3497374216742159
2026-01,2,CORE_NEWS_H0_R17,-0.1045888966384623,-0.10453422151499273
2026-01,3,CORE_NEWS_H0_R17,0.25328239790798,0.25360342875442143
2026-01,4,CORE_NEWS_H0_R17,0.19041035190694608,0.19059174753125735
2026-01,5,CORE_NEWS_H0_R17,0.28717348322992514,0.2875862212741154
2026-01,6,CORE_NEWS_H0_R17,0.8566851674721419,0.8603652161568214
2026-01,7,CORE_NEWS_H0_R17,0.1383989849651297,0.1384948005578307
2026-01,8,CORE_NEWS_H0_R17,-0.6211114599424692,-0.6191865500546426
2026-01,9,CORE_NEWS_H0_R17,0.44644729318638426,0.44744535383318823
2026-01,10,CORE_NEWS_H0_R17,-0.012799262264430206,-0.012798443193803008
2026-01,11,CORE_NEWS_H0_R17,0.047348177750651727,0.04735938876966785
2026-01,12,CORE_NEWS_H0_R17,0.45265404243816965,0.45368006838067254
2026-02,1,CORE_ROBUST_R17,-0.13467166434282102,-0.13458102275101613
2026-02,2,CORE_ROBUST_R17,0.22374926306331394,0.22399976852678832
2026-02,3,CORE_ROBUST_R17,0.16113580414102557,0.16126569763684662
2026-02,4,CORE_ROBUST_R17,0.2579337418784428,0.25826667714369705
2026-02,5,CORE_ROBUST_R17,0.8273098111660798,0.8307414757556493
2026-02,6,CORE_ROBUST_R17,0.10875984961358012,0.1088190145853206
2026-02,7,CORE_ROBUST_R17,-0.6511091412581416,-0.6489940187640229
2026-02,8,CORE_ROBUST_R17,0.4160226285080679,0.4168892039451255
2026-02,9,CORE_ROBUST_R17,-0.043698652894640394,-0.0436891064239267
2026-02,10,CORE_ROBUST_R17,0.015942524060236662,0.01594379494814003
2026-02,11,CORE_ROBUST_R17,0.4398745078412748,0.44084337583473254
2026-02,12,CORE_ROBUST_R17,0.29840106977489295,0.29884672894076086
2026-02,1,CORE_NEWS_R17,-0.13544874218409386,-0.13535705177780394
2026-02,2,CORE_NEWS_R17,0.22298102463907865,0.223229812207815
2026-02,3,CORE_NEWS_R17,0.16042025936329657,0.16054900149498386
2026-02,4,CORE_NEWS_R17,0.2573036930251513,0.2576350030740976
2026-02,5,CORE_NEWS_R17,0.8267893330092092,0.8302166751365947
2026-02,6,CORE_NEWS_R17,0.10836614327287347,0.10842488059311936
2026-02,7,CORE_NEWS_R17,-0.651364270649841,-0.6492474920578877
2026-02,8,CORE_NEWS_R17,0.41591366219684633,0.4167797834247324
2026-02,9,CORE_NEWS_R17,-0.043657152296271234,-0.043647623948190384
2026-02,10,CORE_NEWS_R17,0.01613625780922659,0.016137559773335506
2026-02,11,CORE_NEWS_R17,0.44022029475256197,0.4411906877251919
2026-02,12,CORE_NEWS_R17,0.29889725252572863,0.2993443957521844
2026-02,1,CORE_FAST_H0_R17,-0.11942840278079525,-0.1193571154457741
2026-02,2,CORE_FAST_H0_R17,0.24199862481563497,0.24229167783477668
2026-02,3,CORE_FAST_H0_R17,0.18209022806050282,0.18225611298774566
2026-02,4,CORE_FAST_H0_R17,0.28133738844581907,0.28173351347199826
2026-02,5,CORE_FAST_H0_R17,0.8529437501202406,0.8565916795437503
2026-02,6,CORE_FAST_H0_R17,0.13643539103221056,0.1365285064544894
2026-02,7,CORE_FAST_H0_R17,-0.6215558177406454,-0.6196281554679438
2026-02,8,CORE_FAST_H0_R17,0.4473104528255821,0.44831237938198976
2026-02,9,CORE_FAST_H0_R17,-0.010802566572232664,-0.010801983116019532
2026-02,10,CORE_FAST_H0_R17,0.05033484828319451,0.05034751839369077
2026-02,11,CORE_FAST_H0_R17,0.47566296926647617,0.47679604139062315
2026-02,12,CORE_FAST_H0_R17,0.3354956304996024,0.3360590469930664
2026-02,1,CORE_NEWS_H0_R17,-0.12807457359995283,-0.12799259312039038
2026-02,2,CORE_NEWS_H0_R17,0.23015443913246572,0.23041949777079454
2026-02,3,CORE_NEWS_H0_R17,0.167467767804781,0.16760807338232328
2026-02,4,CORE_NEWS_H0_R17,0.26428343898477913,0.2646329755199516
2026-02,5,CORE_NEWS_H0_R17,0.8337461832250339,0.8372315262864898
2026-02,6,CORE_NEWS_H0_R17,0.11533442542325378,0.11540096114876588
2026-02,7,CORE_NEWS_H0_R17,-0.6443585818486981,-0.642287043704759
2026-02,8,CORE_NEWS_H0_R17,0.42297612436656173,0.42387193094615305
2026-02,9,CORE_NEWS_H0_R17,-0.036523765786133755,-0.03651709667075982
2026-02,10,CORE_NEWS_H0_R17,0.02335061415498768,0.023353340623106313
2026-02,11,CORE_NEWS_H0_R17,0.44752244581194367,0.44852532298486514
2026-02,12,CORE_NEWS_H0_R17,0.30629150725887233,0.3067610589725858
2026-03,1,CORE_ROBUST_R17,0.28264189057729916,0.2830416993558045
2026-03,2,CORE_ROBUST_R17,0.219001086831959,0.2192410693682712
2026-03,3,CORE_ROBUST_R17,0.31525414931414064,0.3157515978124239
2026-03,4,CORE_ROBUST_R17,0.8844574689706345,0.8883803509209118
2026-03,5,CORE_ROBUST_R17,0.16601930075761356,0.16615718909526023
2026-03,6,CORE_ROBUST_R17,-0.5935227620503516,-0.5917648952043817
2026-03,7,CORE_ROBUST_R17,0.47409616888942796,0.4752217829041767
2026-03,8,CORE_ROBUST_R17,0.01497895421201223,0.014980076113374326
2026-03,9,CORE_ROBUST_R17,0.07530700544423818,0.07533536828887256
2026-03,10,CORE_ROBUST_R17,0.4999819284994145,0.5012339238573882
2026-03,11,CORE_ROBUST_R17,0.3784080765565495,0.3791249438612808
2026-03,12,CORE_ROBUST_R17,-0.09166825514584295,-0.09162625263613848
2026-03,1,CORE_NEWS_R17,0.28217945856518784,0.28257795954050924
2026-03,2,CORE_NEWS_R17,0.21859316367648737,0.21883225271154078
2026-03,3,CORE_NEWS_R17,0.31493451621278684,0.31543095597688453
2026-03,4,CORE_NEWS_R17,0.8842509167329409,0.8881719639289384
2026-03,5,CORE_NEWS_R17,0.16594353959019553,0.16608130207396246
2026-03,6,CORE_NEWS_R17,-0.593455580301169,-0.5916981109907733
2026-03,7,CORE_NEWS_R17,0.47431409952925224,0.4754407494364707
2026-03,8,CORE_NEWS_R17,0.015352058793842965,0.015353237282695678
2026-03,9,CORE_NEWS_R17,0.07583709526769247,0.07586585886348464
2026-03,10,CORE_NEWS_R17,0.5006688102997852,0.5019242509132219
2026-03,11,CORE_NEWS_R17,0.37925003553288994,0.3799700984720403
2026-03,12,CORE_NEWS_R17,-0.09067407301401192,-0.09063297649866046
2026-03,1,CORE_FAST_H0_R17,0.3098393558266534,0.3103198540881616
2026-03,2,CORE_FAST_H0_R17,0.24728208231788884,0.24758807663011811
2026-03,3,CORE_FAST_H0_R17,0.34441014130029923,0.34500391450347057
2026-03,4,CORE_FAST_H0_R17,0.9143212218523961,0.9185139067966996
2026-03,5,CORE_FAST_H0_R17,0.1964566378665063,0.19664974035282773
2026-03,6,CORE_FAST_H0_R17,-0.5626195508246374,-0.5610398110598885
2026-03,7,CORE_FAST_H0_R17,0.5053787358069598,0.5066579281541779
2026-03,8,CORE_FAST_H0_R17,0.04657132926144081,0.046582175388649893
2026-03,9,CORE_FAST_H0_R17,0.10715323439870461,0.10721066398763734
2026-03,10,CORE_FAST_H0_R17,0.5320369476074556,0.5334547775199995
2026-03,11,CORE_FAST_H0_R17,0.4106355494655176,0.4114798124570447
2026-03,12,CORE_FAST_H0_R17,-0.05929766860196942,-0.05928009100900055
2026-03,1,CORE_NEWS_H0_R17,0.29802975494939754,0.2984743051444882
2026-03,2,CORE_NEWS_H0_R17,0.2340116636207316,0.23428568461962784
2026-03,3,CORE_NEWS_H0_R17,0.33008215984288836,0.3306275308965455
2026-03,4,CORE_NEWS_H0_R17,0.8992527271076663,0.9033081515001852
2026-03,5,CORE_NEWS_H0_R17,0.18089599256676137,0.18105970807077368
2026-03,6,CORE_NEWS_H0_R17,-0.5784786694972966,-0.5768087033263914
2026-03,7,CORE_NEWS_H0_R17,0.48937132315351217,0.4905707002842553
2026-03,8,CORE_NEWS_H0_R17,0.030531241905028317,0.030535903163057553
2026-03,9,CORE_NEWS_H0_R17,0.09116866973750279,0.0912102410015743
2026-03,10,CORE_NEWS_H0_R17,0.5161743804371257,0.5175088554769957
2026-03,11,CORE_NEWS_H0_R17,0.3949442806558535,0.39572521332448557
2026-03,12,CORE_NEWS_H0_R17,-0.07478188337353103,-0.07475392869190661
2026-04,1,CORE_ROBUST_R17,0.3122139976419968,0.31270189317085767
2026-04,2,CORE_ROBUST_R17,0.4068351291659305,0.407663826707344
2026-04,3,CORE_ROBUST_R17,0.9751674311997536,0.9799376821630885
2026-04,4,CORE_ROBUST_R17,0.2564452496753267,0.2567743517678295
2026-04,5,CORE_ROBUST_R17,-0.5029318630343685,-0.5016692782739219
2026-04,6,CORE_ROBUST_R17,0.5651915806940515,0.5667918016594072
2026-04,7,CORE_ROBUST_R17,0.10683190132207168,0.10688898692450706
2026-04,8,CORE_ROBUST_R17,0.16810220961944367,0.1682435805886478
2026-04,9,CORE_ROBUST_R17,0.5938503557064942,0.5956171425565823
2026-04,10,CORE_ROBUST_R17,0.4734385286998983,0.47456101963793806
2026-04,11,CORE_ROBUST_R17,0.022960782517231826,0.022963418706660223
2026-04,12,CORE_ROBUST_R17,0.36602903315197505,0.3666997374920601
2026-04,1,CORE_NEWS_R17,0.31201028050284013,0.3124975392125021
2026-04,2,CORE_NEWS_R17,0.4067217294561237,0.4075499647725003
2026-04,3,CORE_NEWS_R17,0.9751695757431089,0.9799398477216555
2026-04,4,CORE_NEWS_R17,0.25658095541540993,0.25691040605776383
2026-04,5,CORE_NEWS_R17,-0.502650238832415,-0.5013890664994979
2026-04,6,CORE_NEWS_R17,0.5656270556947651,0.5672297458502913
2026-04,7,CORE_NEWS_R17,0.10742571718959412,0.10748343928076891
2026-04,8,CORE_NEWS_R17,0.16885619539682362,0.16899883774595892
2026-04,9,CORE_NEWS_R17,0.5947642997673501,0.5965365344262953
2026-04,10,CORE_NEWS_R17,0.4745106706253455,0.4756382553057759
2026-04,11,CORE_NEWS_R17,0.024188202410272197,0.024191127991828508
2026-04,12,CORE_NEWS_R17,0.3674079591112138,0.3680837295112623
2026-04,1,CORE_FAST_H0_R17,0.33516975970878504,0.3357320816167175
2026-04,2,CORE_FAST_H0_R17,0.42896796744746585,0.42988935204343803
2026-04,3,CORE_FAST_H0_R17,0.9962151670045791,1.0011939095611277
2026-04,4,CORE_FAST_H0_R17,0.2762194782227023,0.2766013157123507
2026-04,5,CORE_FAST_H0_R17,-0.4845615943052309,-0.48338948856749553
2026-04,6,CORE_FAST_H0_R17,0.5820727852569346,0.5837701205378247
2026-04,7,CORE_FAST_H0_R17,0.1221742530558704,0.12224891619970267
2026-04,8,CORE_FAST_H0_R17,0.18188325766869795,0.18204876559432356
2026-04,9,CORE_FAST_H0_R17,0.6060686504578998,0.6079089624761576
2026-04,10,CORE_FAST_H0_R17,0.48410859598032274,0.48528229487191316
2026-04,11,CORE_FAST_H0_R17,0.0321091442298041,0.032114299767304844
2026-04,12,CORE_FAST_H0_R17,0.3736910629987517,0.37439015859958935
2026-04,1,CORE_NEWS_H0_R17,0.3128633411953875,0.31335326934866525
2026-04,2,CORE_NEWS_H0_R17,0.4075515392737381,0.4083831599366969
2026-04,3,CORE_NEWS_H0_R17,0.9759847989215988,0.9807630629524352
2026-04,4,CORE_NEWS_H0_R17,0.25738832264038125,0.25771985076074244
2026-04,5,CORE_NEWS_H0_R17,-0.5018455336803666,-0.5005883928295725
2026-04,6,CORE_NEWS_H0_R17,0.5664330727438724,0.5680403381346093
2026-04,7,CORE_NEWS_H0_R17,0.10823605323397598,0.10829464958896134
2026-04,8,CORE_NEWS_H0_R17,0.1696730926411712,0.1698171188794085
2026-04,9,CORE_NEWS_H0_R17,0.595589396675229,0.5973665567629137
2026-04,10,CORE_NEWS_H0_R17,0.4753451304324304,0.476476687621114
2026-04,11,CORE_NEWS_H0_R17,0.025032815546683573,0.0250359490174144
2026-04,12,CORE_NEWS_H0_R17,0.36826322477055007,0.36894214693520405
2026-05,1,CORE_ROBUST_R17,0.3795499255677421,0.38027112845073235
2026-05,2,CORE_ROBUST_R17,0.9483604312933227,0.952871618325055
2026-05,3,CORE_ROBUST_R17,0.22989403170652037,0.23015849065520727
2026-05,4,CORE_ROBUST_R17,-0.5293988974180678,-0.528000051036201
2026-05,5,CORE_ROBUST_R17,0.5386774733116951,0.5401309490898519
2026-05,6,CORE_ROBUST_R17,0.08017143666738394,0.08020358255370284
2026-05,7,CORE_ROBUST_R17,0.14122139521715527,0.14132115958684163
2026-05,8,CORE_ROBUST_R17,0.5666951607728766,0.5683039152747417
2026-05,9,CORE_ROBUST_R17,0.44597063364463113,0.4469665626415647
2026-05,10,CORE_ROBUST_R17,-0.004845808547111863,-0.0048456911397059405
2026-05,11,CORE_ROBUST_R17,0.33374516332171095,0.3343027125839324
2026-05,12,CORE_ROBUST_R17,0.2778680735899363,0.2782544847430578
2026-05,1,CORE_NEWS_R17,0.3795261687347688,0.38024728128021495
2026-05,2,CORE_NEWS_R17,0.9484497696918444,0.9529618080441074
2026-05,3,CORE_NEWS_R17,0.23011540940399797,0.23038037811785664
2026-05,4,CORE_NEWS_R17,-0.5290324033233536,-0.5276354913624495
2026-05,5,CORE_NEWS_R17,0.5391975712343671,0.5406538575821868
2026-05,6,CORE_NEWS_R17,0.08085005282708194,0.08088274529232413
2026-05,7,CORE_NEWS_R17,0.14206067938240113,0.14216163336517876
2026-05,8,CORE_NEWS_R17,0.5676951400876913,0.5693095825393784
2026-05,9,CORE_NEWS_R17,0.447129721786975,0.44813083826781375
2026-05,10,CORE_NEWS_R17,-0.003530408270264296,-0.0035303459520848865
2026-05,11,CORE_NEWS_R17,0.3352131871250178,0.3357756548421801
2026-05,12,CORE_NEWS_R17,0.2794843913423241,0.279875313070912
2026-05,1,CORE_FAST_H0_R17,0.3876156648851724,0.38836786597256423
2026-05,2,CORE_FAST_H0_R17,0.9564398109315336,0.9610283135795258
2026-05,3,CORE_FAST_H0_R17,0.23770567934105533,0.23798842327942485
2026-05,4,CORE_FAST_H0_R17,-0.5220661474337592,-0.5207057505424112
2026-05,5,CORE_FAST_H0_R17,0.5453756287309013,0.5468655088626176
2026-05,6,CORE_FAST_H0_R17,0.0861230138118331,0.08616011032815488
2026-05,7,CORE_FAST_H0_R17,0.14634875225025745,0.1464558942973249
2026-05,8,CORE_FAST_H0_R17,0.5709475320999369,0.5725805439229664
2026-05,9,CORE_FAST_H0_R17,0.44931818727074163,0.4503291349946928
2026-05,10,CORE_FAST_H0_R17,-0.002416696761071424,-0.00241666755919049
2026-05,11,CORE_FAST_H0_R17,0.3352546633403505,0.33581727033317677
2026-05,12,CORE_FAST_H0_R17,0.2784662688140776,0.2788543462664075
2026-05,1,CORE_NEWS_H0_R17,0.3775351659053541,0.37824872761236716
2026-05,2,CORE_NEWS_H0_R17,0.9465130534685491,0.9510066545878221
2026-05,3,CORE_NEWS_H0_R17,0.22821275347014044,0.22847335698014734
2026-05,4,CORE_NEWS_H0_R17,-0.5309167115713456,-0.529509839672053
2026-05,5,CORE_NEWS_H0_R17,0.5373194856166665,0.5387656357534122
2026-05,6,CORE_NEWS_H0_R17,0.07896891257113423,0.07900010122613783
2026-05,7,CORE_NEWS_H0_R17,0.14016946431049904,0.1402677476198228
2026-05,8,CORE_NEWS_H0_R17,0.565788615612937,0.5673922223156249
2026-05,9,CORE_NEWS_H0_R17,0.44520406271735463,0.44619656834984434
2026-05,10,CORE_NEWS_H0_R17,-0.005477917734732662,-0.005477767699558733
2026-05,11,CORE_NEWS_H0_R17,0.33324198176166375,0.3337978501444692
2026-05,12,CORE_NEWS_H0_R17,0.2774883244560046,0.2778736796631826
2026-06,1,CORE_ROBUST_R17,0.9190829688712976,0.9233195055384956
2026-06,2,CORE_ROBUST_R17,0.2011297972136119,0.20133219886417736
2026-06,3,CORE_ROBUST_R17,-0.5578884906522075,-0.5563351827299899
2026-06,4,CORE_ROBUST_R17,0.5102784490542722,0.5115825868332061
2026-06,5,CORE_ROBUST_R17,0.051722180762551084,0.05173555898886929
2026-06,6,CORE_ROBUST_R17,0.11261540150705043,0.11267883646060772
2026-06,7,CORE_ROBUST_R17,0.5378530519555772,0.5393020781955377
2026-06,8,CORE_ROBUST_R17,0.41683444412174786,0.4177044072394242
2026-06,9,CORE_ROBUST_R17,-0.03431719182329884,-0.03431130414853979
2026-06,10,CORE_ROBUST_R17,0.3039106923134861,0.30437296904217476
2026-06,11,CORE_ROBUST_R17,0.24354069358530703,0.243837494827494
2026-06,12,CORE_ROBUST_R17,0.3466040148335918,0.34720538113494087
2026-06,1,CORE_NEWS_R17,0.9192093889345729,0.9234470929435221
2026-06,2,CORE_NEWS_R17,0.201387078432262,0.20158999840439698
2026-06,3,CORE_NEWS_R17,-0.5574868409770433,-0.5559357667711542
2026-06,4,CORE_NEWS_R17,0.5108332890502513,0.5121402668411039
2026-06,5,CORE_NEWS_R17,0.052435383793005386,0.05244913354351279
2026-06,6,CORE_NEWS_R17,0.11348931520401703,0.11355373869629942
2026-06,7,CORE_NEWS_R17,0.5388878534127393,0.5403424657414269
2026-06,8,CORE_NEWS_R17,0.4180286590527026,0.41890361761933786
2026-06,9,CORE_NEWS_R17,-0.03296627801095542,-0.03296084473059245
2026-06,10,CORE_NEWS_R17,0.3054146749281772,0.30588154071770346
2026-06,11,CORE_NEWS_R17,0.24519345545425117,0.24549430044106288
2026-06,12,CORE_NEWS_R17,0.3484008081076946,0.3490084291704535
2026-06,1,CORE_FAST_H0_R17,0.9223048234586917,0.9265711605192515
2026-06,2,CORE_FAST_H0_R17,0.20485684803313797,0.20506682303230925
2026-06,3,CORE_FAST_H0_R17,-0.5538860538097368,-0.5523549331988851
2026-06,4,CORE_FAST_H0_R17,0.5143788623004756,0.5157040615777362
2026-06,5,CORE_FAST_H0_R17,0.05578475933784871,0.05580032192843731
2026-06,6,CORE_FAST_H0_R17,0.11653730734142617,0.11660523844723578
2026-06,7,CORE_FAST_H0_R17,0.5415575348432281,0.5430266084232547
2026-06,8,CORE_FAST_H0_R17,0.4202653481357309,0.4211497013927115
2026-06,9,CORE_FAST_H0_R17,-0.0311998093987238,-0.031194942764331258
2026-06,10,CORE_FAST_H0_R17,0.3066873319005849,0.3071580986359509
2026-06,11,CORE_FAST_H0_R17,0.24595930961477233,0.24626203766976779
2026-06,12,CORE_FAST_H0_R17,0.3486550541936805,0.34926356292104405
2026-06,1,CORE_NEWS_H0_R17,0.921116282090115,0.9253716135976926
2026-06,2,CORE_NEWS_H0_R17,0.20324196415259665,0.20344864062661694
2026-06,3,CORE_NEWS_H0_R17,-0.55566458762769,-0.5541236274690967
2026-06,4,CORE_NEWS_H0_R17,0.5126379614011447,0.5139541980134987
2026-06,5,CORE_NEWS_H0_R17,0.0542340899985399,0.054248799340168755
2026-06,6,CORE_NEWS_H0_R17,0.11529094221400307,0.11535742776893863
2026-06,7,CORE_NEWS_H0_R17,0.5406991261009881,0.5421635419974593
2026-06,8,CORE_NEWS_H0_R17,0.4198545918665284,0.4207372160718632
2026-06,9,CORE_NEWS_H0_R17,-0.031122020692849917,-0.031117178294353662
2026-06,10,CORE_NEWS_H0_R17,0.30727985843333383,0.3077524469227656
2026-06,11,CORE_NEWS_H0_R17,0.2470813331634947,0.24738683064675368
2026-06,12,CORE_NEWS_H0_R17,0.3503124967719313,0.3509268081259261
2026-07,1,CORE_ROBUST_R17,0.1777019993443132,0.1778599829132955
2026-07,2,CORE_ROBUST_R17,-0.5808965458943866,-0.579212604140195
2026-07,3,CORE_ROBUST_R17,0.48750316291313656,0.4886933929327153
2026-07,4,CORE_ROBUST_R17,0.029035236151630395,0.029039451784318725
2026-07,5,CORE_ROBUST_R17,0.08990615005721303,0.08994657775105684
2026-07,6,CORE_ROBUST_R17,0.5150376239746722,0.5163662226936722
2026-07,7,CORE_ROBUST_R17,0.39385016040905124,0.3946267693771624
2026-07,8,CORE_ROBUST_R17,-0.05751627890301944,-0.0574997414620507
2026-07,9,CORE_ROBUST_R17,0.2804640296976352,0.28085769800403887
2026-07,10,CORE_ROBUST_R17,0.21982402434016624,0.22006581448703544
2026-07,11,CORE_ROBUST_R17,0.33679580295999917,0.33736359728132614
2026-07,12,CORE_ROBUST_R17,0.8937571647163899,0.8977630996131464
2026-07,1,CORE_NEWS_R17,0.1745437394351605,0.1746961556848145
2026-07,2,CORE_NEWS_R17,-0.5839449668248741,-0.5822433220376719
2026-07,3,CORE_NEWS_R17,0.484589358455995,0.4857653915640331
2026-07,4,CORE_NEWS_R17,0.0262735328990589,0.026276984694010096
2026-07,5,CORE_NEWS_R17,0.08730831539289613,0.08734644019714734
2026-07,6,CORE_NEWS_R17,0.5126109624243276,0.5139270602779702
2026-07,7,CORE_NEWS_R17,0.39159851168108467,0.39236626049001827
2026-07,8,CORE_NEWS_R17,-0.05959174675844339,-0.05957399440352268
2026-07,9,CORE_NEWS_R17,0.27856386862415344,0.27895221828555716
2026-07,10,CORE_NEWS_R17,0.21809675267195114,0.21833475663443425
2026-07,11,CORE_NEWS_R17,0.33523785459672445,0.33580040514430415
2026-07,12,CORE_NEWS_R17,0.8923641361887582,0.8963575747791303
2026-07,1,CORE_FAST_H0_R17,0.1759947652212931,0.17614972690303454
2026-07,2,CORE_FAST_H0_R17,-0.5816734592654528,-0.579985014530609
2026-07,3,CORE_FAST_H0_R17,0.48745119872966264,0.4886411748172774
2026-07,4,CORE_FAST_H0_R17,0.02954488927495827,0.0295492542072305
2026-07,5,CORE_FAST_H0_R17,0.09084767208487377,0.09088895108187951
2026-07,6,CORE_FAST_H0_R17,0.516308087431746,0.517643254507004
2026-07,7,CORE_FAST_H0_R17,0.39536805100030514,0.39615066153649786
2026-07,8,CORE_FAST_H0_R17,-0.055815386313304405,-0.05579981242423476
2026-07,9,CORE_FAST_H0_R17,0.2822971311626803,0.2826959647242564
2026-07,10,CORE_FAST_H0_R17,0.22174940981820856,0.22199545565676784
2026-07,11,CORE_FAST_H0_R17,0.3387822067155357,0.33935672223571783
2026-07,12,CORE_FAST_H0_R17,0.8957802146076634,0.8998043323473389
2026-07,1,CORE_NEWS_H0_R17,0.16872699233679833,0.168869416417872
2026-07,2,CORE_NEWS_H0_R17,-0.5896997327042002,-0.5879644165575901
2026-07,3,CORE_NEWS_H0_R17,0.47885737084464974,0.4800057250138867
2026-07,4,CORE_NEWS_H0_R17,0.02053430153021274,0.0205364099622242
2026-07,5,CORE_NEWS_H0_R17,0.08153909596475795,0.0815723481228339
2026-07,6,CORE_NEWS_H0_R17,0.506794769148129,0.5080811460171314
2026-07,7,CORE_NEWS_H0_R17,0.38572290509584245,0.3864677732945843
2026-07,8,CORE_NEWS_H0_R17,-0.06553562650998618,-0.06551415660867681
2026-07,9,CORE_NEWS_H0_R17,0.2725456649464579,0.2729174082906017
2026-07,10,CORE_NEWS_H0_R17,0.21200036972987657,0.21222524940087018
2026-07,11,CORE_NEWS_H0_R17,0.3290611441258628,0.3296031446500459
2026-07,12,CORE_NEWS_H0_R17,0.8861062687834472,0.8900438120608222
